{"vault_path": "/home/drei/.memex/vault", "event": "bootstrap", "level": "info", "timestamp": "2026-06-09T23:50:38.911167Z"}
{"estimated_gb": 11.8, "budget_gb": 9.8, "total_gb": 11.6, "gpu": "NVIDIA GeForce RTX 4070", "vlm_counted": false, "co_residence_mode": "manual", "embedder_device": "cpu", "reranker_device": "cpu", "fix": "lower hardware.gpu_memory_fraction, switch to a lighter co-residence mode (MEMEX_MODELS__CO_RESIDENCE_MODE=full puts the reranker on CPU), switch to a smaller VLM variant (vlm_quantization=awq_int4), or reduce the orchestrator quant tier", "event": "vram.budget.tight", "level": "warning", "timestamp": "2026-06-09T23:50:39.760916Z"}
{"component": "bootstrap.gpu", "total_gb": 11.56, "free_gb": 3.7, "holders": ["pid 285227: VLLM::EngineCore (6230 MiB)", "pid 360345: /home/drei/project/Doc_Flo/.venv/bin/python3 (154 MiB)"], "event": "gpu.preflight", "level": "info", "timestamp": "2026-06-09T23:50:39.859049Z"}
{"query_count": 18, "quick": false, "event": "eval.start", "level": "info", "timestamp": "2026-06-09T23:50:39.895937Z"}
Authentication error: Langfuse client initialized without public_key. Client will be disabled. Provide a public_key parameter or set LANGFUSE_PUBLIC_KEY environment variable. 
{"node": "retrieve", "query_len": 85, "event": "start", "correlation_id": "01KTQCQ70QTQ8VYAHWYY4CXM7F", "query_preview": "What percentage does backup withholding take from applicable payments under Form", "level": "info", "timestamp": "2026-06-09T23:50:39.919232Z"}
{"query_len": 85, "k": 50, "event": "hybrid.start", "correlation_id": "01KTQCQ70QTQ8VYAHWYY4CXM7F", "query_preview": "What percentage does backup withholding take from applicable payments under Form", "level": "info", "timestamp": "2026-06-09T23:50:39.919295Z"}
{"name": "embedder", "event": "model.load.start", "correlation_id": "01KTQCQ70QTQ8VYAHWYY4CXM7F", "query_preview": "What percentage does backup withholding take from applicable payments under Form", "level": "info", "timestamp": "2026-06-09T23:50:39.922961Z"}
`torch_dtype` is deprecated! Use `dtype` instead!
{"name": "embedder", "event": "model.load.done", "correlation_id": "01KTQCQ70QTQ8VYAHWYY4CXM7F", "query_preview": "What percentage does backup withholding take from applicable payments under Form", "level": "info", "timestamp": "2026-06-09T23:50:44.315377Z"}
{"query_len": 85, "k": 50, "dense": 50, "bm25": 0, "fused": 50, "term": false, "event": "hybrid.done", "correlation_id": "01KTQCQ70QTQ8VYAHWYY4CXM7F", "query_preview": "What percentage does backup withholding take from applicable payments under Form", "level": "info", "timestamp": "2026-06-09T23:50:44.505172Z"}
{"node": "retrieve", "candidate_count": 50, "event": "done", "correlation_id": "01KTQCQ70QTQ8VYAHWYY4CXM7F", "query_preview": "What percentage does backup withholding take from applicable payments under Form", "level": "info", "timestamp": "2026-06-09T23:50:44.506192Z"}
{"node": "expand_graph", "reason": "disabled_or_empty", "event": "skip", "correlation_id": "01KTQCQ70QTQ8VYAHWYY4CXM7F", "query_preview": "What percentage does backup withholding take from applicable payments under Form", "level": "info", "timestamp": "2026-06-09T23:50:44.507982Z"}
{"node": "rerank", "candidate_count": 50, "event": "start", "correlation_id": "01KTQCQ70QTQ8VYAHWYY4CXM7F", "query_preview": "What percentage does backup withholding take from applicable payments under Form", "level": "info", "timestamp": "2026-06-09T23:50:44.508675Z"}
{"node": "rerank", "top_k": 5, "source": "mode", "event": "top_k_resolved", "correlation_id": "01KTQCQ70QTQ8VYAHWYY4CXM7F", "query_preview": "What percentage does backup withholding take from applicable payments under Form", "level": "info", "timestamp": "2026-06-09T23:50:44.508767Z"}
{"candidates": 50, "top_k": 5, "backend": "cross_encoder", "event": "rerank.start", "correlation_id": "01KTQCQ70QTQ8VYAHWYY4CXM7F", "query_preview": "What percentage does backup withholding take from applicable payments under Form", "level": "info", "timestamp": "2026-06-09T23:50:44.508814Z"}
{"name": "reranker", "event": "model.load.start", "correlation_id": "01KTQCQ70QTQ8VYAHWYY4CXM7F", "query_preview": "What percentage does backup withholding take from applicable payments under Form", "level": "info", "timestamp": "2026-06-09T23:50:44.508866Z"}
{"name": "reranker", "event": "model.load.done", "correlation_id": "01KTQCQ70QTQ8VYAHWYY4CXM7F", "query_preview": "What percentage does backup withholding take from applicable payments under Form", "level": "info", "timestamp": "2026-06-09T23:50:45.505610Z"}
{"candidates": 50, "top_k": 5, "backend": "cross_encoder", "returned": 5, "event": "rerank.done", "correlation_id": "01KTQCQ70QTQ8VYAHWYY4CXM7F", "query_preview": "What percentage does backup withholding take from applicable payments under Form", "level": "info", "timestamp": "2026-06-09T23:51:24.703554Z"}
{"node": "rerank", "reranked_count": 5, "event": "done", "correlation_id": "01KTQCQ70QTQ8VYAHWYY4CXM7F", "query_preview": "What percentage does backup withholding take from applicable payments under Form", "level": "info", "timestamp": "2026-06-09T23:51:24.703653Z"}
{"node": "query_tables", "reason": "empty_or_not_table_shaped", "event": "skip", "correlation_id": "01KTQCQ70QTQ8VYAHWYY4CXM7F", "query_preview": "What percentage does backup withholding take from applicable payments under Form", "level": "info", "timestamp": "2026-06-09T23:51:24.705662Z"}
{"node": "assess", "reranked_count": 5, "event": "start", "correlation_id": "01KTQCQ70QTQ8VYAHWYY4CXM7F", "query_preview": "What percentage does backup withholding take from applicable payments under Form", "level": "info", "timestamp": "2026-06-09T23:51:24.706405Z"}
{"prompt_tag": "assess_sufficiency@v4", "schema": "SufficiencyAssessment", "model": "cyankiwi/Qwen3.5-4B-AWQ-4bit", "max_tokens": 1024, "temperature": 0.1, "top_p": 0.8, "presence_penalty": 1.0, "seed": 42, "message_count": 1, "event": "model_call.start", "correlation_id": "01KTQCQ70QTQ8VYAHWYY4CXM7F", "query_preview": "What percentage does backup withholding take from applicable payments under Form", "level": "info", "timestamp": "2026-06-09T23:51:24.714826Z"}
Authentication error: Langfuse client initialized without public_key. Client will be disabled. Provide a public_key parameter or set LANGFUSE_PUBLIC_KEY environment variable. 
{"prompt_tag": "assess_sufficiency@v4", "schema": "SufficiencyAssessment", "tokens": 2654, "event": "model_call.done", "correlation_id": "01KTQCQ70QTQ8VYAHWYY4CXM7F", "query_preview": "What percentage does backup withholding take from applicable payments under Form", "level": "info", "timestamp": "2026-06-09T23:51:25.503392Z"}
{"node": "answer", "regenerate_attempt": 0, "event": "start", "correlation_id": "01KTQCQ70QTQ8VYAHWYY4CXM7F", "query_preview": "What percentage does backup withholding take from applicable payments under Form", "level": "info", "timestamp": "2026-06-09T23:51:25.505303Z"}
{"prompt_tag": "answer@v5", "schema": "DraftAnswer", "model": "cyankiwi/Qwen3.5-4B-AWQ-4bit", "max_tokens": 1800, "temperature": 0.1, "top_p": 0.8, "presence_penalty": 1.0, "seed": 42, "message_count": 2, "event": "model_call.start", "correlation_id": "01KTQCQ70QTQ8VYAHWYY4CXM7F", "query_preview": "What percentage does backup withholding take from applicable payments under Form", "level": "info", "timestamp": "2026-06-09T23:51:25.513284Z"}
Authentication error: Langfuse client initialized without public_key. Client will be disabled. Provide a public_key parameter or set LANGFUSE_PUBLIC_KEY environment variable. 
{"prompt_tag": "answer@v5", "schema": "DraftAnswer", "tokens": 4298, "event": "model_call.done", "correlation_id": "01KTQCQ70QTQ8VYAHWYY4CXM7F", "query_preview": "What percentage does backup withholding take from applicable payments under Form", "level": "info", "timestamp": "2026-06-09T23:51:27.029726Z"}
{"node": "verify", "claim_count": 1, "event": "start", "correlation_id": "01KTQCQ70QTQ8VYAHWYY4CXM7F", "query_preview": "What percentage does backup withholding take from applicable payments under Form", "level": "info", "timestamp": "2026-06-09T23:51:27.030853Z"}
{"prompt_tag": "verify_grounding@v2", "schema": "VerificationResult", "model": "cyankiwi/Qwen3.5-4B-AWQ-4bit", "max_tokens": 1024, "temperature": 0.1, "top_p": 0.8, "presence_penalty": 1.0, "seed": 42, "message_count": 1, "event": "model_call.start", "correlation_id": "01KTQCQ70QTQ8VYAHWYY4CXM7F", "query_preview": "What percentage does backup withholding take from applicable payments under Form", "level": "info", "timestamp": "2026-06-09T23:51:27.037824Z"}
Authentication error: Langfuse client initialized without public_key. Client will be disabled. Provide a public_key parameter or set LANGFUSE_PUBLIC_KEY environment variable. 
{"prompt_tag": "verify_grounding@v2", "schema": "VerificationResult", "tokens": 2582, "event": "model_call.done", "correlation_id": "01KTQCQ70QTQ8VYAHWYY4CXM7F", "query_preview": "What percentage does backup withholding take from applicable payments under Form", "level": "info", "timestamp": "2026-06-09T23:51:27.626890Z"}
{"node": "assess_relevance", "event": "start", "correlation_id": "01KTQCQ70QTQ8VYAHWYY4CXM7F", "query_preview": "What percentage does backup withholding take from applicable payments under Form", "level": "info", "timestamp": "2026-06-09T23:51:27.628851Z"}
{"prompt_tag": "assess_relevance@v2", "schema": "RelevanceAssessment", "model": "cyankiwi/Qwen3.5-4B-AWQ-4bit", "max_tokens": 1024, "temperature": 0.1, "top_p": 0.8, "presence_penalty": 1.0, "seed": 42, "message_count": 1, "event": "model_call.start", "correlation_id": "01KTQCQ70QTQ8VYAHWYY4CXM7F", "query_preview": "What percentage does backup withholding take from applicable payments under Form", "level": "info", "timestamp": "2026-06-09T23:51:27.640746Z"}
Authentication error: Langfuse client initialized without public_key. Client will be disabled. Provide a public_key parameter or set LANGFUSE_PUBLIC_KEY environment variable. 
{"prompt_tag": "assess_relevance@v2", "schema": "RelevanceAssessment", "tokens": 611, "event": "model_call.done", "correlation_id": "01KTQCQ70QTQ8VYAHWYY4CXM7F", "query_preview": "What percentage does backup withholding take from applicable payments under Form", "level": "info", "timestamp": "2026-06-09T23:51:28.029945Z"}
{"node": "assess_relevance", "responsive": true, "event": "relevance", "correlation_id": "01KTQCQ70QTQ8VYAHWYY4CXM7F", "query_preview": "What percentage does backup withholding take from applicable payments under Form", "level": "info", "timestamp": "2026-06-09T23:51:28.029998Z"}
{"node": "compose", "event": "start", "correlation_id": "01KTQCQ70QTQ8VYAHWYY4CXM7F", "query_preview": "What percentage does backup withholding take from applicable payments under Form", "level": "info", "timestamp": "2026-06-09T23:51:28.031597Z"}
Authentication error: Langfuse client initialized without public_key. Client will be disabled. Provide a public_key parameter or set LANGFUSE_PUBLIC_KEY environment variable. 
{"node": "retrieve", "query_len": 75, "event": "start", "correlation_id": "01KTQCRP10SNF2WAA2TC58FQ7S", "query_preview": "What is the penalty for failing to furnish your correct TIN to a requester?", "level": "info", "timestamp": "2026-06-09T23:51:28.033623Z"}
{"query_len": 75, "k": 50, "event": "hybrid.start", "correlation_id": "01KTQCRP10SNF2WAA2TC58FQ7S", "query_preview": "What is the penalty for failing to furnish your correct TIN to a requester?", "level": "info", "timestamp": "2026-06-09T23:51:28.033669Z"}
{"query_len": 75, "k": 50, "dense": 50, "bm25": 0, "fused": 50, "term": false, "event": "hybrid.done", "correlation_id": "01KTQCRP10SNF2WAA2TC58FQ7S", "query_preview": "What is the penalty for failing to furnish your correct TIN to a requester?", "level": "info", "timestamp": "2026-06-09T23:51:28.114884Z"}
{"node": "retrieve", "candidate_count": 50, "event": "done", "correlation_id": "01KTQCRP10SNF2WAA2TC58FQ7S", "query_preview": "What is the penalty for failing to furnish your correct TIN to a requester?", "level": "info", "timestamp": "2026-06-09T23:51:28.115840Z"}
{"node": "expand_graph", "reason": "disabled_or_empty", "event": "skip", "correlation_id": "01KTQCRP10SNF2WAA2TC58FQ7S", "query_preview": "What is the penalty for failing to furnish your correct TIN to a requester?", "level": "info", "timestamp": "2026-06-09T23:51:28.117314Z"}
{"node": "rerank", "candidate_count": 50, "event": "start", "correlation_id": "01KTQCRP10SNF2WAA2TC58FQ7S", "query_preview": "What is the penalty for failing to furnish your correct TIN to a requester?", "level": "info", "timestamp": "2026-06-09T23:51:28.118101Z"}
{"node": "rerank", "top_k": 5, "source": "mode", "event": "top_k_resolved", "correlation_id": "01KTQCRP10SNF2WAA2TC58FQ7S", "query_preview": "What is the penalty for failing to furnish your correct TIN to a requester?", "level": "info", "timestamp": "2026-06-09T23:51:28.118184Z"}
{"candidates": 50, "top_k": 5, "backend": "cross_encoder", "event": "rerank.start", "correlation_id": "01KTQCRP10SNF2WAA2TC58FQ7S", "query_preview": "What is the penalty for failing to furnish your correct TIN to a requester?", "level": "info", "timestamp": "2026-06-09T23:51:28.118224Z"}
{"candidates": 50, "top_k": 5, "backend": "cross_encoder", "returned": 5, "event": "rerank.done", "correlation_id": "01KTQCRP10SNF2WAA2TC58FQ7S", "query_preview": "What is the penalty for failing to furnish your correct TIN to a requester?", "level": "info", "timestamp": "2026-06-09T23:52:02.859436Z"}
{"node": "rerank", "reranked_count": 5, "event": "done", "correlation_id": "01KTQCRP10SNF2WAA2TC58FQ7S", "query_preview": "What is the penalty for failing to furnish your correct TIN to a requester?", "level": "info", "timestamp": "2026-06-09T23:52:02.859533Z"}
{"node": "query_tables", "reason": "empty_or_not_table_shaped", "event": "skip", "correlation_id": "01KTQCRP10SNF2WAA2TC58FQ7S", "query_preview": "What is the penalty for failing to furnish your correct TIN to a requester?", "level": "info", "timestamp": "2026-06-09T23:52:02.861330Z"}
{"node": "assess", "reranked_count": 5, "event": "start", "correlation_id": "01KTQCRP10SNF2WAA2TC58FQ7S", "query_preview": "What is the penalty for failing to furnish your correct TIN to a requester?", "level": "info", "timestamp": "2026-06-09T23:52:02.862136Z"}
{"prompt_tag": "assess_sufficiency@v4", "schema": "SufficiencyAssessment", "model": "cyankiwi/Qwen3.5-4B-AWQ-4bit", "max_tokens": 1024, "temperature": 0.1, "top_p": 0.8, "presence_penalty": 1.0, "seed": 42, "message_count": 1, "event": "model_call.start", "correlation_id": "01KTQCRP10SNF2WAA2TC58FQ7S", "query_preview": "What is the penalty for failing to furnish your correct TIN to a requester?", "level": "info", "timestamp": "2026-06-09T23:52:02.863913Z"}
Authentication error: Langfuse client initialized without public_key. Client will be disabled. Provide a public_key parameter or set LANGFUSE_PUBLIC_KEY environment variable. 
{"prompt_tag": "assess_sufficiency@v4", "schema": "SufficiencyAssessment", "tokens": 2339, "event": "model_call.done", "correlation_id": "01KTQCRP10SNF2WAA2TC58FQ7S", "query_preview": "What is the penalty for failing to furnish your correct TIN to a requester?", "level": "info", "timestamp": "2026-06-09T23:52:03.831337Z"}
{"node": "answer", "regenerate_attempt": 0, "event": "start", "correlation_id": "01KTQCRP10SNF2WAA2TC58FQ7S", "query_preview": "What is the penalty for failing to furnish your correct TIN to a requester?", "level": "info", "timestamp": "2026-06-09T23:52:03.832460Z"}
{"prompt_tag": "answer@v5", "schema": "DraftAnswer", "model": "cyankiwi/Qwen3.5-4B-AWQ-4bit", "max_tokens": 1800, "temperature": 0.1, "top_p": 0.8, "presence_penalty": 1.0, "seed": 42, "message_count": 2, "event": "model_call.start", "correlation_id": "01KTQCRP10SNF2WAA2TC58FQ7S", "query_preview": "What is the penalty for failing to furnish your correct TIN to a requester?", "level": "info", "timestamp": "2026-06-09T23:52:03.834479Z"}
Authentication error: Langfuse client initialized without public_key. Client will be disabled. Provide a public_key parameter or set LANGFUSE_PUBLIC_KEY environment variable. 
{"prompt_tag": "answer@v5", "schema": "DraftAnswer", "tokens": 4168, "event": "model_call.done", "correlation_id": "01KTQCRP10SNF2WAA2TC58FQ7S", "query_preview": "What is the penalty for failing to furnish your correct TIN to a requester?", "level": "info", "timestamp": "2026-06-09T23:52:07.257031Z"}
{"node": "verify", "claim_count": 3, "event": "start", "correlation_id": "01KTQCRP10SNF2WAA2TC58FQ7S", "query_preview": "What is the penalty for failing to furnish your correct TIN to a requester?", "level": "info", "timestamp": "2026-06-09T23:52:07.257938Z"}
{"prompt_tag": "verify_grounding@v2", "schema": "VerificationResult", "model": "cyankiwi/Qwen3.5-4B-AWQ-4bit", "max_tokens": 1024, "temperature": 0.1, "top_p": 0.8, "presence_penalty": 1.0, "seed": 42, "message_count": 1, "event": "model_call.start", "correlation_id": "01KTQCRP10SNF2WAA2TC58FQ7S", "query_preview": "What is the penalty for failing to furnish your correct TIN to a requester?", "level": "info", "timestamp": "2026-06-09T23:52:07.261168Z"}
Authentication error: Langfuse client initialized without public_key. Client will be disabled. Provide a public_key parameter or set LANGFUSE_PUBLIC_KEY environment variable. 
{"prompt_tag": "verify_grounding@v2", "schema": "VerificationResult", "tokens": 2366, "event": "model_call.done", "correlation_id": "01KTQCRP10SNF2WAA2TC58FQ7S", "query_preview": "What is the penalty for failing to furnish your correct TIN to a requester?", "level": "info", "timestamp": "2026-06-09T23:52:07.875153Z"}
{"node": "assess_relevance", "event": "start", "correlation_id": "01KTQCRP10SNF2WAA2TC58FQ7S", "query_preview": "What is the penalty for failing to furnish your correct TIN to a requester?", "level": "info", "timestamp": "2026-06-09T23:52:07.876328Z"}
{"prompt_tag": "assess_relevance@v2", "schema": "RelevanceAssessment", "model": "cyankiwi/Qwen3.5-4B-AWQ-4bit", "max_tokens": 1024, "temperature": 0.1, "top_p": 0.8, "presence_penalty": 1.0, "seed": 42, "message_count": 1, "event": "model_call.start", "correlation_id": "01KTQCRP10SNF2WAA2TC58FQ7S", "query_preview": "What is the penalty for failing to furnish your correct TIN to a requester?", "level": "info", "timestamp": "2026-06-09T23:52:07.877225Z"}
Authentication error: Langfuse client initialized without public_key. Client will be disabled. Provide a public_key parameter or set LANGFUSE_PUBLIC_KEY environment variable. 
{"prompt_tag": "assess_relevance@v2", "schema": "RelevanceAssessment", "tokens": 741, "event": "model_call.done", "correlation_id": "01KTQCRP10SNF2WAA2TC58FQ7S", "query_preview": "What is the penalty for failing to furnish your correct TIN to a requester?", "level": "info", "timestamp": "2026-06-09T23:52:08.396110Z"}
{"node": "assess_relevance", "responsive": true, "event": "relevance", "correlation_id": "01KTQCRP10SNF2WAA2TC58FQ7S", "query_preview": "What is the penalty for failing to furnish your correct TIN to a requester?", "level": "info", "timestamp": "2026-06-09T23:52:08.396165Z"}
{"node": "compose", "event": "start", "correlation_id": "01KTQCRP10SNF2WAA2TC58FQ7S", "query_preview": "What is the penalty for failing to furnish your correct TIN to a requester?", "level": "info", "timestamp": "2026-06-09T23:52:08.397263Z"}
Authentication error: Langfuse client initialized without public_key. Client will be disabled. Provide a public_key parameter or set LANGFUSE_PUBLIC_KEY environment variable. 
{"node": "retrieve", "query_len": 93, "event": "start", "correlation_id": "01KTQCSXEDFKEQGHQ159K2H95W", "query_preview": "What is the civil penalty for making a false statement that results in no backup", "level": "info", "timestamp": "2026-06-09T23:52:08.398822Z"}
{"query_len": 93, "k": 50, "event": "hybrid.start", "correlation_id": "01KTQCSXEDFKEQGHQ159K2H95W", "query_preview": "What is the civil penalty for making a false statement that results in no backup", "level": "info", "timestamp": "2026-06-09T23:52:08.398861Z"}
{"query_len": 93, "k": 50, "dense": 50, "bm25": 0, "fused": 50, "term": false, "event": "hybrid.done", "correlation_id": "01KTQCSXEDFKEQGHQ159K2H95W", "query_preview": "What is the civil penalty for making a false statement that results in no backup", "level": "info", "timestamp": "2026-06-09T23:52:08.474730Z"}
{"node": "retrieve", "candidate_count": 50, "event": "done", "correlation_id": "01KTQCSXEDFKEQGHQ159K2H95W", "query_preview": "What is the civil penalty for making a false statement that results in no backup", "level": "info", "timestamp": "2026-06-09T23:52:08.475621Z"}
{"node": "expand_graph", "reason": "disabled_or_empty", "event": "skip", "correlation_id": "01KTQCSXEDFKEQGHQ159K2H95W", "query_preview": "What is the civil penalty for making a false statement that results in no backup", "level": "info", "timestamp": "2026-06-09T23:52:08.476852Z"}
{"node": "rerank", "candidate_count": 50, "event": "start", "correlation_id": "01KTQCSXEDFKEQGHQ159K2H95W", "query_preview": "What is the civil penalty for making a false statement that results in no backup", "level": "info", "timestamp": "2026-06-09T23:52:08.477320Z"}
{"node": "rerank", "top_k": 5, "source": "mode", "event": "top_k_resolved", "correlation_id": "01KTQCSXEDFKEQGHQ159K2H95W", "query_preview": "What is the civil penalty for making a false statement that results in no backup", "level": "info", "timestamp": "2026-06-09T23:52:08.477367Z"}
{"candidates": 50, "top_k": 5, "backend": "cross_encoder", "event": "rerank.start", "correlation_id": "01KTQCSXEDFKEQGHQ159K2H95W", "query_preview": "What is the civil penalty for making a false statement that results in no backup", "level": "info", "timestamp": "2026-06-09T23:52:08.477392Z"}
{"candidates": 50, "top_k": 5, "backend": "cross_encoder", "returned": 5, "event": "rerank.done", "correlation_id": "01KTQCSXEDFKEQGHQ159K2H95W", "query_preview": "What is the civil penalty for making a false statement that results in no backup", "level": "info", "timestamp": "2026-06-09T23:52:40.748845Z"}
{"node": "rerank", "reranked_count": 5, "event": "done", "correlation_id": "01KTQCSXEDFKEQGHQ159K2H95W", "query_preview": "What is the civil penalty for making a false statement that results in no backup", "level": "info", "timestamp": "2026-06-09T23:52:40.748954Z"}
{"node": "query_tables", "reason": "empty_or_not_table_shaped", "event": "skip", "correlation_id": "01KTQCSXEDFKEQGHQ159K2H95W", "query_preview": "What is the civil penalty for making a false statement that results in no backup", "level": "info", "timestamp": "2026-06-09T23:52:40.750870Z"}
{"node": "assess", "reranked_count": 5, "event": "start", "correlation_id": "01KTQCSXEDFKEQGHQ159K2H95W", "query_preview": "What is the civil penalty for making a false statement that results in no backup", "level": "info", "timestamp": "2026-06-09T23:52:40.751577Z"}
{"prompt_tag": "assess_sufficiency@v4", "schema": "SufficiencyAssessment", "model": "cyankiwi/Qwen3.5-4B-AWQ-4bit", "max_tokens": 1024, "temperature": 0.1, "top_p": 0.8, "presence_penalty": 1.0, "seed": 42, "message_count": 1, "event": "model_call.start", "correlation_id": "01KTQCSXEDFKEQGHQ159K2H95W", "query_preview": "What is the civil penalty for making a false statement that results in no backup", "level": "info", "timestamp": "2026-06-09T23:52:40.753488Z"}
Authentication error: Langfuse client initialized without public_key. Client will be disabled. Provide a public_key parameter or set LANGFUSE_PUBLIC_KEY environment variable. 
{"prompt_tag": "assess_sufficiency@v4", "schema": "SufficiencyAssessment", "tokens": 2613, "event": "model_call.done", "correlation_id": "01KTQCSXEDFKEQGHQ159K2H95W", "query_preview": "What is the civil penalty for making a false statement that results in no backup", "level": "info", "timestamp": "2026-06-09T23:52:41.623523Z"}
{"node": "answer", "regenerate_attempt": 0, "event": "start", "correlation_id": "01KTQCSXEDFKEQGHQ159K2H95W", "query_preview": "What is the civil penalty for making a false statement that results in no backup", "level": "info", "timestamp": "2026-06-09T23:52:41.624675Z"}
{"prompt_tag": "answer@v5", "schema": "DraftAnswer", "model": "cyankiwi/Qwen3.5-4B-AWQ-4bit", "max_tokens": 1800, "temperature": 0.1, "top_p": 0.8, "presence_penalty": 1.0, "seed": 42, "message_count": 2, "event": "model_call.start", "correlation_id": "01KTQCSXEDFKEQGHQ159K2H95W", "query_preview": "What is the civil penalty for making a false statement that results in no backup", "level": "info", "timestamp": "2026-06-09T23:52:41.626704Z"}
Authentication error: Langfuse client initialized without public_key. Client will be disabled. Provide a public_key parameter or set LANGFUSE_PUBLIC_KEY environment variable. 
{"prompt_tag": "answer@v5", "schema": "DraftAnswer", "tokens": 4247, "event": "model_call.done", "correlation_id": "01KTQCSXEDFKEQGHQ159K2H95W", "query_preview": "What is the civil penalty for making a false statement that results in no backup", "level": "info", "timestamp": "2026-06-09T23:52:43.154681Z"}
{"node": "verify", "claim_count": 1, "event": "start", "correlation_id": "01KTQCSXEDFKEQGHQ159K2H95W", "query_preview": "What is the civil penalty for making a false statement that results in no backup", "level": "info", "timestamp": "2026-06-09T23:52:43.155481Z"}
{"prompt_tag": "verify_grounding@v2", "schema": "VerificationResult", "model": "cyankiwi/Qwen3.5-4B-AWQ-4bit", "max_tokens": 1024, "temperature": 0.1, "top_p": 0.8, "presence_penalty": 1.0, "seed": 42, "message_count": 1, "event": "model_call.start", "correlation_id": "01KTQCSXEDFKEQGHQ159K2H95W", "query_preview": "What is the civil penalty for making a false statement that results in no backup", "level": "info", "timestamp": "2026-06-09T23:52:43.158612Z"}
Authentication error: Langfuse client initialized without public_key. Client will be disabled. Provide a public_key parameter or set LANGFUSE_PUBLIC_KEY environment variable. 
{"prompt_tag": "verify_grounding@v2", "schema": "VerificationResult", "tokens": 2526, "event": "model_call.done", "correlation_id": "01KTQCSXEDFKEQGHQ159K2H95W", "query_preview": "What is the civil penalty for making a false statement that results in no backup", "level": "info", "timestamp": "2026-06-09T23:52:43.746286Z"}
{"node": "assess_relevance", "event": "start", "correlation_id": "01KTQCSXEDFKEQGHQ159K2H95W", "query_preview": "What is the civil penalty for making a false statement that results in no backup", "level": "info", "timestamp": "2026-06-09T23:52:43.747417Z"}
{"prompt_tag": "assess_relevance@v2", "schema": "RelevanceAssessment", "model": "cyankiwi/Qwen3.5-4B-AWQ-4bit", "max_tokens": 1024, "temperature": 0.1, "top_p": 0.8, "presence_penalty": 1.0, "seed": 42, "message_count": 1, "event": "model_call.start", "correlation_id": "01KTQCSXEDFKEQGHQ159K2H95W", "query_preview": "What is the civil penalty for making a false statement that results in no backup", "level": "info", "timestamp": "2026-06-09T23:52:43.748327Z"}
Authentication error: Langfuse client initialized without public_key. Client will be disabled. Provide a public_key parameter or set LANGFUSE_PUBLIC_KEY environment variable. 
{"prompt_tag": "assess_relevance@v2", "schema": "RelevanceAssessment", "tokens": 619, "event": "model_call.done", "correlation_id": "01KTQCSXEDFKEQGHQ159K2H95W", "query_preview": "What is the civil penalty for making a false statement that results in no backup", "level": "info", "timestamp": "2026-06-09T23:52:44.175083Z"}
{"node": "assess_relevance", "responsive": true, "event": "relevance", "correlation_id": "01KTQCSXEDFKEQGHQ159K2H95W", "query_preview": "What is the civil penalty for making a false statement that results in no backup", "level": "info", "timestamp": "2026-06-09T23:52:44.176748Z"}
{"node": "compose", "event": "start", "correlation_id": "01KTQCSXEDFKEQGHQ159K2H95W", "query_preview": "What is the civil penalty for making a false statement that results in no backup", "level": "info", "timestamp": "2026-06-09T23:52:44.177908Z"}
Authentication error: Langfuse client initialized without public_key. Client will be disabled. Provide a public_key parameter or set LANGFUSE_PUBLIC_KEY environment variable. 
{"node": "retrieve", "query_len": 68, "event": "start", "correlation_id": "01KTQCV0CJHVEF26Z2WBPQQPTN", "query_preview": "What can happen if you willfully falsify certifications on Form W-9?", "level": "info", "timestamp": "2026-06-09T23:52:44.179336Z"}
{"query_len": 68, "k": 50, "event": "hybrid.start", "correlation_id": "01KTQCV0CJHVEF26Z2WBPQQPTN", "query_preview": "What can happen if you willfully falsify certifications on Form W-9?", "level": "info", "timestamp": "2026-06-09T23:52:44.179371Z"}
{"query_len": 68, "k": 50, "dense": 50, "bm25": 0, "fused": 50, "term": false, "event": "hybrid.done", "correlation_id": "01KTQCV0CJHVEF26Z2WBPQQPTN", "query_preview": "What can happen if you willfully falsify certifications on Form W-9?", "level": "info", "timestamp": "2026-06-09T23:52:44.248391Z"}
{"node": "retrieve", "candidate_count": 50, "event": "done", "correlation_id": "01KTQCV0CJHVEF26Z2WBPQQPTN", "query_preview": "What can happen if you willfully falsify certifications on Form W-9?", "level": "info", "timestamp": "2026-06-09T23:52:44.249390Z"}
{"node": "expand_graph", "reason": "disabled_or_empty", "event": "skip", "correlation_id": "01KTQCV0CJHVEF26Z2WBPQQPTN", "query_preview": "What can happen if you willfully falsify certifications on Form W-9?", "level": "info", "timestamp": "2026-06-09T23:52:44.250764Z"}
{"node": "rerank", "candidate_count": 50, "event": "start", "correlation_id": "01KTQCV0CJHVEF26Z2WBPQQPTN", "query_preview": "What can happen if you willfully falsify certifications on Form W-9?", "level": "info", "timestamp": "2026-06-09T23:52:44.251328Z"}
{"node": "rerank", "top_k": 5, "source": "mode", "event": "top_k_resolved", "correlation_id": "01KTQCV0CJHVEF26Z2WBPQQPTN", "query_preview": "What can happen if you willfully falsify certifications on Form W-9?", "level": "info", "timestamp": "2026-06-09T23:52:44.251379Z"}
{"candidates": 50, "top_k": 5, "backend": "cross_encoder", "event": "rerank.start", "correlation_id": "01KTQCV0CJHVEF26Z2WBPQQPTN", "query_preview": "What can happen if you willfully falsify certifications on Form W-9?", "level": "info", "timestamp": "2026-06-09T23:52:44.251403Z"}
{"candidates": 50, "top_k": 5, "backend": "cross_encoder", "returned": 5, "event": "rerank.done", "correlation_id": "01KTQCV0CJHVEF26Z2WBPQQPTN", "query_preview": "What can happen if you willfully falsify certifications on Form W-9?", "level": "info", "timestamp": "2026-06-09T23:53:12.117523Z"}
{"node": "rerank", "reranked_count": 5, "event": "done", "correlation_id": "01KTQCV0CJHVEF26Z2WBPQQPTN", "query_preview": "What can happen if you willfully falsify certifications on Form W-9?", "level": "info", "timestamp": "2026-06-09T23:53:12.117621Z"}
{"node": "query_tables", "reason": "empty_or_not_table_shaped", "event": "skip", "correlation_id": "01KTQCV0CJHVEF26Z2WBPQQPTN", "query_preview": "What can happen if you willfully falsify certifications on Form W-9?", "level": "info", "timestamp": "2026-06-09T23:53:12.119323Z"}
{"node": "assess", "reranked_count": 5, "event": "start", "correlation_id": "01KTQCV0CJHVEF26Z2WBPQQPTN", "query_preview": "What can happen if you willfully falsify certifications on Form W-9?", "level": "info", "timestamp": "2026-06-09T23:53:12.119967Z"}
{"prompt_tag": "assess_sufficiency@v4", "schema": "SufficiencyAssessment", "model": "cyankiwi/Qwen3.5-4B-AWQ-4bit", "max_tokens": 1024, "temperature": 0.1, "top_p": 0.8, "presence_penalty": 1.0, "seed": 42, "message_count": 1, "event": "model_call.start", "correlation_id": "01KTQCV0CJHVEF26Z2WBPQQPTN", "query_preview": "What can happen if you willfully falsify certifications on Form W-9?", "level": "info", "timestamp": "2026-06-09T23:53:12.121834Z"}
Authentication error: Langfuse client initialized without public_key. Client will be disabled. Provide a public_key parameter or set LANGFUSE_PUBLIC_KEY environment variable. 
{"prompt_tag": "assess_sufficiency@v4", "schema": "SufficiencyAssessment", "tokens": 2588, "event": "model_call.done", "correlation_id": "01KTQCV0CJHVEF26Z2WBPQQPTN", "query_preview": "What can happen if you willfully falsify certifications on Form W-9?", "level": "info", "timestamp": "2026-06-09T23:53:13.160795Z"}
{"node": "answer", "regenerate_attempt": 0, "event": "start", "correlation_id": "01KTQCV0CJHVEF26Z2WBPQQPTN", "query_preview": "What can happen if you willfully falsify certifications on Form W-9?", "level": "info", "timestamp": "2026-06-09T23:53:13.162319Z"}
{"prompt_tag": "answer@v5", "schema": "DraftAnswer", "model": "cyankiwi/Qwen3.5-4B-AWQ-4bit", "max_tokens": 1800, "temperature": 0.1, "top_p": 0.8, "presence_penalty": 1.0, "seed": 42, "message_count": 2, "event": "model_call.start", "correlation_id": "01KTQCV0CJHVEF26Z2WBPQQPTN", "query_preview": "What can happen if you willfully falsify certifications on Form W-9?", "level": "info", "timestamp": "2026-06-09T23:53:13.165024Z"}
Authentication error: Langfuse client initialized without public_key. Client will be disabled. Provide a public_key parameter or set LANGFUSE_PUBLIC_KEY environment variable. 
{"prompt_tag": "answer@v5", "schema": "DraftAnswer", "tokens": 4193, "event": "model_call.done", "correlation_id": "01KTQCV0CJHVEF26Z2WBPQQPTN", "query_preview": "What can happen if you willfully falsify certifications on Form W-9?", "level": "info", "timestamp": "2026-06-09T23:53:14.584557Z"}
{"node": "verify", "claim_count": 1, "event": "start", "correlation_id": "01KTQCV0CJHVEF26Z2WBPQQPTN", "query_preview": "What can happen if you willfully falsify certifications on Form W-9?", "level": "info", "timestamp": "2026-06-09T23:53:14.585564Z"}
{"prompt_tag": "verify_grounding@v2", "schema": "VerificationResult", "model": "cyankiwi/Qwen3.5-4B-AWQ-4bit", "max_tokens": 1024, "temperature": 0.1, "top_p": 0.8, "presence_penalty": 1.0, "seed": 42, "message_count": 1, "event": "model_call.start", "correlation_id": "01KTQCV0CJHVEF26Z2WBPQQPTN", "query_preview": "What can happen if you willfully falsify certifications on Form W-9?", "level": "info", "timestamp": "2026-06-09T23:53:14.589497Z"}
Authentication error: Langfuse client initialized without public_key. Client will be disabled. Provide a public_key parameter or set LANGFUSE_PUBLIC_KEY environment variable. 
{"prompt_tag": "verify_grounding@v2", "schema": "VerificationResult", "tokens": 2475, "event": "model_call.done", "correlation_id": "01KTQCV0CJHVEF26Z2WBPQQPTN", "query_preview": "What can happen if you willfully falsify certifications on Form W-9?", "level": "info", "timestamp": "2026-06-09T23:53:15.168759Z"}
{"node": "assess_relevance", "event": "start", "correlation_id": "01KTQCV0CJHVEF26Z2WBPQQPTN", "query_preview": "What can happen if you willfully falsify certifications on Form W-9?", "level": "info", "timestamp": "2026-06-09T23:53:15.170246Z"}
{"prompt_tag": "assess_relevance@v2", "schema": "RelevanceAssessment", "model": "cyankiwi/Qwen3.5-4B-AWQ-4bit", "max_tokens": 1024, "temperature": 0.1, "top_p": 0.8, "presence_penalty": 1.0, "seed": 42, "message_count": 1, "event": "model_call.start", "correlation_id": "01KTQCV0CJHVEF26Z2WBPQQPTN", "query_preview": "What can happen if you willfully falsify certifications on Form W-9?", "level": "info", "timestamp": "2026-06-09T23:53:15.171441Z"}
Authentication error: Langfuse client initialized without public_key. Client will be disabled. Provide a public_key parameter or set LANGFUSE_PUBLIC_KEY environment variable. 
{"prompt_tag": "assess_relevance@v2", "schema": "RelevanceAssessment", "tokens": 608, "event": "model_call.done", "correlation_id": "01KTQCV0CJHVEF26Z2WBPQQPTN", "query_preview": "What can happen if you willfully falsify certifications on Form W-9?", "level": "info", "timestamp": "2026-06-09T23:53:15.596609Z"}
{"node": "assess_relevance", "responsive": true, "event": "relevance", "correlation_id": "01KTQCV0CJHVEF26Z2WBPQQPTN", "query_preview": "What can happen if you willfully falsify certifications on Form W-9?", "level": "info", "timestamp": "2026-06-09T23:53:15.596661Z"}
{"node": "compose", "event": "start", "correlation_id": "01KTQCV0CJHVEF26Z2WBPQQPTN", "query_preview": "What can happen if you willfully falsify certifications on Form W-9?", "level": "info", "timestamp": "2026-06-09T23:53:15.598324Z"}
Authentication error: Langfuse client initialized without public_key. Client will be disabled. Provide a public_key parameter or set LANGFUSE_PUBLIC_KEY environment variable. 
{"node": "retrieve", "query_len": 24, "event": "start", "correlation_id": "01KTQCVZ2FBYA0Z3PHBQ25CTFC", "query_preview": "Who should use Form W-9?", "level": "info", "timestamp": "2026-06-09T23:53:15.600257Z"}
{"query_len": 24, "k": 50, "event": "hybrid.start", "correlation_id": "01KTQCVZ2FBYA0Z3PHBQ25CTFC", "query_preview": "Who should use Form W-9?", "level": "info", "timestamp": "2026-06-09T23:53:15.600310Z"}
{"query_len": 24, "k": 50, "dense": 50, "bm25": 0, "fused": 50, "term": false, "event": "hybrid.done", "correlation_id": "01KTQCVZ2FBYA0Z3PHBQ25CTFC", "query_preview": "Who should use Form W-9?", "level": "info", "timestamp": "2026-06-09T23:53:15.673138Z"}
{"node": "retrieve", "candidate_count": 50, "event": "done", "correlation_id": "01KTQCVZ2FBYA0Z3PHBQ25CTFC", "query_preview": "Who should use Form W-9?", "level": "info", "timestamp": "2026-06-09T23:53:15.674083Z"}
{"node": "expand_graph", "reason": "disabled_or_empty", "event": "skip", "correlation_id": "01KTQCVZ2FBYA0Z3PHBQ25CTFC", "query_preview": "Who should use Form W-9?", "level": "info", "timestamp": "2026-06-09T23:53:15.675405Z"}
{"node": "rerank", "candidate_count": 50, "event": "start", "correlation_id": "01KTQCVZ2FBYA0Z3PHBQ25CTFC", "query_preview": "Who should use Form W-9?", "level": "info", "timestamp": "2026-06-09T23:53:15.675896Z"}
{"node": "rerank", "top_k": 5, "source": "mode", "event": "top_k_resolved", "correlation_id": "01KTQCVZ2FBYA0Z3PHBQ25CTFC", "query_preview": "Who should use Form W-9?", "level": "info", "timestamp": "2026-06-09T23:53:15.675944Z"}
{"candidates": 50, "top_k": 5, "backend": "cross_encoder", "event": "rerank.start", "correlation_id": "01KTQCVZ2FBYA0Z3PHBQ25CTFC", "query_preview": "Who should use Form W-9?", "level": "info", "timestamp": "2026-06-09T23:53:15.675968Z"}
{"candidates": 50, "top_k": 5, "backend": "cross_encoder", "returned": 5, "event": "rerank.done", "correlation_id": "01KTQCVZ2FBYA0Z3PHBQ25CTFC", "query_preview": "Who should use Form W-9?", "level": "info", "timestamp": "2026-06-09T23:53:56.298122Z"}
{"node": "rerank", "reranked_count": 5, "event": "done", "correlation_id": "01KTQCVZ2FBYA0Z3PHBQ25CTFC", "query_preview": "Who should use Form W-9?", "level": "info", "timestamp": "2026-06-09T23:53:56.298219Z"}
{"node": "query_tables", "reason": "empty_or_not_table_shaped", "event": "skip", "correlation_id": "01KTQCVZ2FBYA0Z3PHBQ25CTFC", "query_preview": "Who should use Form W-9?", "level": "info", "timestamp": "2026-06-09T23:53:56.299930Z"}
{"node": "assess", "reranked_count": 5, "event": "start", "correlation_id": "01KTQCVZ2FBYA0Z3PHBQ25CTFC", "query_preview": "Who should use Form W-9?", "level": "info", "timestamp": "2026-06-09T23:53:56.300833Z"}
{"prompt_tag": "assess_sufficiency@v4", "schema": "SufficiencyAssessment", "model": "cyankiwi/Qwen3.5-4B-AWQ-4bit", "max_tokens": 1024, "temperature": 0.1, "top_p": 0.8, "presence_penalty": 1.0, "seed": 42, "message_count": 1, "event": "model_call.start", "correlation_id": "01KTQCVZ2FBYA0Z3PHBQ25CTFC", "query_preview": "Who should use Form W-9?", "level": "info", "timestamp": "2026-06-09T23:53:56.302834Z"}
Authentication error: Langfuse client initialized without public_key. Client will be disabled. Provide a public_key parameter or set LANGFUSE_PUBLIC_KEY environment variable. 
{"prompt_tag": "assess_sufficiency@v4", "schema": "SufficiencyAssessment", "tokens": 2726, "event": "model_call.done", "correlation_id": "01KTQCVZ2FBYA0Z3PHBQ25CTFC", "query_preview": "Who should use Form W-9?", "level": "info", "timestamp": "2026-06-09T23:53:57.252340Z"}
{"node": "answer", "regenerate_attempt": 0, "event": "start", "correlation_id": "01KTQCVZ2FBYA0Z3PHBQ25CTFC", "query_preview": "Who should use Form W-9?", "level": "info", "timestamp": "2026-06-09T23:53:57.253489Z"}
{"prompt_tag": "answer@v5", "schema": "DraftAnswer", "model": "cyankiwi/Qwen3.5-4B-AWQ-4bit", "max_tokens": 1800, "temperature": 0.1, "top_p": 0.8, "presence_penalty": 1.0, "seed": 42, "message_count": 2, "event": "model_call.start", "correlation_id": "01KTQCVZ2FBYA0Z3PHBQ25CTFC", "query_preview": "Who should use Form W-9?", "level": "info", "timestamp": "2026-06-09T23:53:57.255614Z"}
Authentication error: Langfuse client initialized without public_key. Client will be disabled. Provide a public_key parameter or set LANGFUSE_PUBLIC_KEY environment variable. 
{"prompt_tag": "answer@v5", "schema": "DraftAnswer", "tokens": 4513, "event": "model_call.done", "correlation_id": "01KTQCVZ2FBYA0Z3PHBQ25CTFC", "query_preview": "Who should use Form W-9?", "level": "info", "timestamp": "2026-06-09T23:54:00.268456Z"}
{"node": "verify", "claim_count": 2, "event": "start", "correlation_id": "01KTQCVZ2FBYA0Z3PHBQ25CTFC", "query_preview": "Who should use Form W-9?", "level": "info", "timestamp": "2026-06-09T23:54:00.269259Z"}
{"prompt_tag": "verify_grounding@v2", "schema": "VerificationResult", "model": "cyankiwi/Qwen3.5-4B-AWQ-4bit", "max_tokens": 1024, "temperature": 0.1, "top_p": 0.8, "presence_penalty": 1.0, "seed": 42, "message_count": 1, "event": "model_call.start", "correlation_id": "01KTQCVZ2FBYA0Z3PHBQ25CTFC", "query_preview": "Who should use Form W-9?", "level": "info", "timestamp": "2026-06-09T23:54:00.272329Z"}
Authentication error: Langfuse client initialized without public_key. Client will be disabled. Provide a public_key parameter or set LANGFUSE_PUBLIC_KEY environment variable. 
{"prompt_tag": "verify_grounding@v2", "schema": "VerificationResult", "tokens": 2741, "event": "model_call.done", "correlation_id": "01KTQCVZ2FBYA0Z3PHBQ25CTFC", "query_preview": "Who should use Form W-9?", "level": "info", "timestamp": "2026-06-09T23:54:00.916814Z"}
{"node": "assess_relevance", "event": "start", "correlation_id": "01KTQCVZ2FBYA0Z3PHBQ25CTFC", "query_preview": "Who should use Form W-9?", "level": "info", "timestamp": "2026-06-09T23:54:00.918015Z"}
{"prompt_tag": "assess_relevance@v2", "schema": "RelevanceAssessment", "model": "cyankiwi/Qwen3.5-4B-AWQ-4bit", "max_tokens": 1024, "temperature": 0.1, "top_p": 0.8, "presence_penalty": 1.0, "seed": 42, "message_count": 1, "event": "model_call.start", "correlation_id": "01KTQCVZ2FBYA0Z3PHBQ25CTFC", "query_preview": "Who should use Form W-9?", "level": "info", "timestamp": "2026-06-09T23:54:00.918920Z"}
Authentication error: Langfuse client initialized without public_key. Client will be disabled. Provide a public_key parameter or set LANGFUSE_PUBLIC_KEY environment variable. 
{"prompt_tag": "assess_relevance@v2", "schema": "RelevanceAssessment", "tokens": 733, "event": "model_call.done", "correlation_id": "01KTQCVZ2FBYA0Z3PHBQ25CTFC", "query_preview": "Who should use Form W-9?", "level": "info", "timestamp": "2026-06-09T23:54:01.477496Z"}
{"node": "assess_relevance", "responsive": true, "event": "relevance", "correlation_id": "01KTQCVZ2FBYA0Z3PHBQ25CTFC", "query_preview": "Who should use Form W-9?", "level": "info", "timestamp": "2026-06-09T23:54:01.477550Z"}
{"node": "compose", "event": "start", "correlation_id": "01KTQCVZ2FBYA0Z3PHBQ25CTFC", "query_preview": "Who should use Form W-9?", "level": "info", "timestamp": "2026-06-09T23:54:01.478996Z"}
Authentication error: Langfuse client initialized without public_key. Client will be disabled. Provide a public_key parameter or set LANGFUSE_PUBLIC_KEY environment variable. 
{"node": "retrieve", "query_len": 58, "event": "start", "correlation_id": "01KTQCXBW732BZPWB1FZQSHBAY", "query_preview": "What form should a foreign person use instead of Form W-9?", "level": "info", "timestamp": "2026-06-09T23:54:01.480744Z"}
{"query_len": 58, "k": 50, "event": "hybrid.start", "correlation_id": "01KTQCXBW732BZPWB1FZQSHBAY", "query_preview": "What form should a foreign person use instead of Form W-9?", "level": "info", "timestamp": "2026-06-09T23:54:01.480779Z"}
{"query_len": 58, "k": 50, "dense": 50, "bm25": 0, "fused": 50, "term": false, "event": "hybrid.done", "correlation_id": "01KTQCXBW732BZPWB1FZQSHBAY", "query_preview": "What form should a foreign person use instead of Form W-9?", "level": "info", "timestamp": "2026-06-09T23:54:01.562696Z"}
{"node": "retrieve", "candidate_count": 50, "event": "done", "correlation_id": "01KTQCXBW732BZPWB1FZQSHBAY", "query_preview": "What form should a foreign person use instead of Form W-9?", "level": "info", "timestamp": "2026-06-09T23:54:01.563634Z"}
{"node": "expand_graph", "reason": "disabled_or_empty", "event": "skip", "correlation_id": "01KTQCXBW732BZPWB1FZQSHBAY", "query_preview": "What form should a foreign person use instead of Form W-9?", "level": "info", "timestamp": "2026-06-09T23:54:01.564943Z"}
{"node": "rerank", "candidate_count": 50, "event": "start", "correlation_id": "01KTQCXBW732BZPWB1FZQSHBAY", "query_preview": "What form should a foreign person use instead of Form W-9?", "level": "info", "timestamp": "2026-06-09T23:54:01.565443Z"}
{"node": "rerank", "top_k": 5, "source": "mode", "event": "top_k_resolved", "correlation_id": "01KTQCXBW732BZPWB1FZQSHBAY", "query_preview": "What form should a foreign person use instead of Form W-9?", "level": "info", "timestamp": "2026-06-09T23:54:01.565491Z"}
{"candidates": 50, "top_k": 5, "backend": "cross_encoder", "event": "rerank.start", "correlation_id": "01KTQCXBW732BZPWB1FZQSHBAY", "query_preview": "What form should a foreign person use instead of Form W-9?", "level": "info", "timestamp": "2026-06-09T23:54:01.565516Z"}
{"candidates": 50, "top_k": 5, "backend": "cross_encoder", "returned": 5, "event": "rerank.done", "correlation_id": "01KTQCXBW732BZPWB1FZQSHBAY", "query_preview": "What form should a foreign person use instead of Form W-9?", "level": "info", "timestamp": "2026-06-09T23:54:46.036093Z"}
{"node": "rerank", "reranked_count": 5, "event": "done", "correlation_id": "01KTQCXBW732BZPWB1FZQSHBAY", "query_preview": "What form should a foreign person use instead of Form W-9?", "level": "info", "timestamp": "2026-06-09T23:54:46.036213Z"}
{"node": "query_tables", "reason": "empty_or_not_table_shaped", "event": "skip", "correlation_id": "01KTQCXBW732BZPWB1FZQSHBAY", "query_preview": "What form should a foreign person use instead of Form W-9?", "level": "info", "timestamp": "2026-06-09T23:54:46.038670Z"}
{"node": "assess", "reranked_count": 5, "event": "start", "correlation_id": "01KTQCXBW732BZPWB1FZQSHBAY", "query_preview": "What form should a foreign person use instead of Form W-9?", "level": "info", "timestamp": "2026-06-09T23:54:46.039591Z"}
{"prompt_tag": "assess_sufficiency@v4", "schema": "SufficiencyAssessment", "model": "cyankiwi/Qwen3.5-4B-AWQ-4bit", "max_tokens": 1024, "temperature": 0.1, "top_p": 0.8, "presence_penalty": 1.0, "seed": 42, "message_count": 1, "event": "model_call.start", "correlation_id": "01KTQCXBW732BZPWB1FZQSHBAY", "query_preview": "What form should a foreign person use instead of Form W-9?", "level": "info", "timestamp": "2026-06-09T23:54:46.041584Z"}
Authentication error: Langfuse client initialized without public_key. Client will be disabled. Provide a public_key parameter or set LANGFUSE_PUBLIC_KEY environment variable. 
{"prompt_tag": "assess_sufficiency@v4", "schema": "SufficiencyAssessment", "tokens": 2517, "event": "model_call.done", "correlation_id": "01KTQCXBW732BZPWB1FZQSHBAY", "query_preview": "What form should a foreign person use instead of Form W-9?", "level": "info", "timestamp": "2026-06-09T23:54:46.890904Z"}
{"node": "answer", "regenerate_attempt": 0, "event": "start", "correlation_id": "01KTQCXBW732BZPWB1FZQSHBAY", "query_preview": "What form should a foreign person use instead of Form W-9?", "level": "info", "timestamp": "2026-06-09T23:54:46.892475Z"}
{"prompt_tag": "answer@v5", "schema": "DraftAnswer", "model": "cyankiwi/Qwen3.5-4B-AWQ-4bit", "max_tokens": 1800, "temperature": 0.1, "top_p": 0.8, "presence_penalty": 1.0, "seed": 42, "message_count": 2, "event": "model_call.start", "correlation_id": "01KTQCXBW732BZPWB1FZQSHBAY", "query_preview": "What form should a foreign person use instead of Form W-9?", "level": "info", "timestamp": "2026-06-09T23:54:46.894614Z"}
Authentication error: Langfuse client initialized without public_key. Client will be disabled. Provide a public_key parameter or set LANGFUSE_PUBLIC_KEY environment variable. 
{"prompt_tag": "answer@v5", "schema": "DraftAnswer", "tokens": 4295, "event": "model_call.done", "correlation_id": "01KTQCXBW732BZPWB1FZQSHBAY", "query_preview": "What form should a foreign person use instead of Form W-9?", "level": "info", "timestamp": "2026-06-09T23:54:49.720787Z"}
{"node": "verify", "claim_count": 2, "event": "start", "correlation_id": "01KTQCXBW732BZPWB1FZQSHBAY", "query_preview": "What form should a foreign person use instead of Form W-9?", "level": "info", "timestamp": "2026-06-09T23:54:49.721870Z"}
{"prompt_tag": "verify_grounding@v2", "schema": "VerificationResult", "model": "cyankiwi/Qwen3.5-4B-AWQ-4bit", "max_tokens": 1024, "temperature": 0.1, "top_p": 0.8, "presence_penalty": 1.0, "seed": 42, "message_count": 1, "event": "model_call.start", "correlation_id": "01KTQCXBW732BZPWB1FZQSHBAY", "query_preview": "What form should a foreign person use instead of Form W-9?", "level": "info", "timestamp": "2026-06-09T23:54:49.725357Z"}
Authentication error: Langfuse client initialized without public_key. Client will be disabled. Provide a public_key parameter or set LANGFUSE_PUBLIC_KEY environment variable. 
{"prompt_tag": "verify_grounding@v2", "schema": "VerificationResult", "tokens": 2544, "event": "model_call.done", "correlation_id": "01KTQCXBW732BZPWB1FZQSHBAY", "query_preview": "What form should a foreign person use instead of Form W-9?", "level": "info", "timestamp": "2026-06-09T23:54:50.337507Z"}
{"node": "assess_relevance", "event": "start", "correlation_id": "01KTQCXBW732BZPWB1FZQSHBAY", "query_preview": "What form should a foreign person use instead of Form W-9?", "level": "info", "timestamp": "2026-06-09T23:54:50.339221Z"}
{"prompt_tag": "assess_relevance@v2", "schema": "RelevanceAssessment", "model": "cyankiwi/Qwen3.5-4B-AWQ-4bit", "max_tokens": 1024, "temperature": 0.1, "top_p": 0.8, "presence_penalty": 1.0, "seed": 42, "message_count": 1, "event": "model_call.start", "correlation_id": "01KTQCXBW732BZPWB1FZQSHBAY", "query_preview": "What form should a foreign person use instead of Form W-9?", "level": "info", "timestamp": "2026-06-09T23:54:50.340465Z"}
Authentication error: Langfuse client initialized without public_key. Client will be disabled. Provide a public_key parameter or set LANGFUSE_PUBLIC_KEY environment variable. 
{"prompt_tag": "assess_relevance@v2", "schema": "RelevanceAssessment", "tokens": 715, "event": "model_call.done", "correlation_id": "01KTQCXBW732BZPWB1FZQSHBAY", "query_preview": "What form should a foreign person use instead of Form W-9?", "level": "info", "timestamp": "2026-06-09T23:54:50.806163Z"}
{"node": "assess_relevance", "responsive": true, "event": "relevance", "correlation_id": "01KTQCXBW732BZPWB1FZQSHBAY", "query_preview": "What form should a foreign person use instead of Form W-9?", "level": "info", "timestamp": "2026-06-09T23:54:50.806218Z"}
{"node": "compose", "event": "start", "correlation_id": "01KTQCXBW732BZPWB1FZQSHBAY", "query_preview": "What form should a foreign person use instead of Form W-9?", "level": "info", "timestamp": "2026-06-09T23:54:50.808258Z"}
Authentication error: Langfuse client initialized without public_key. Client will be disabled. Provide a public_key parameter or set LANGFUSE_PUBLIC_KEY environment variable. 
{"node": "retrieve", "query_len": 47, "event": "start", "correlation_id": "01KTQCYW1SDH4KPG7KQP2N5QBX", "query_preview": "Which IRS form do you use to apply for an ITIN?", "level": "info", "timestamp": "2026-06-09T23:54:50.810391Z"}
{"query_len": 47, "k": 50, "event": "hybrid.start", "correlation_id": "01KTQCYW1SDH4KPG7KQP2N5QBX", "query_preview": "Which IRS form do you use to apply for an ITIN?", "level": "info", "timestamp": "2026-06-09T23:54:50.810436Z"}
{"query_len": 47, "k": 50, "dense": 50, "bm25": 0, "fused": 50, "term": false, "event": "hybrid.done", "correlation_id": "01KTQCYW1SDH4KPG7KQP2N5QBX", "query_preview": "Which IRS form do you use to apply for an ITIN?", "level": "info", "timestamp": "2026-06-09T23:54:50.887178Z"}
{"node": "retrieve", "candidate_count": 50, "event": "done", "correlation_id": "01KTQCYW1SDH4KPG7KQP2N5QBX", "query_preview": "Which IRS form do you use to apply for an ITIN?", "level": "info", "timestamp": "2026-06-09T23:54:50.888073Z"}
{"node": "expand_graph", "reason": "disabled_or_empty", "event": "skip", "correlation_id": "01KTQCYW1SDH4KPG7KQP2N5QBX", "query_preview": "Which IRS form do you use to apply for an ITIN?", "level": "info", "timestamp": "2026-06-09T23:54:50.889347Z"}
{"node": "rerank", "candidate_count": 50, "event": "start", "correlation_id": "01KTQCYW1SDH4KPG7KQP2N5QBX", "query_preview": "Which IRS form do you use to apply for an ITIN?", "level": "info", "timestamp": "2026-06-09T23:54:50.889814Z"}
{"node": "rerank", "top_k": 5, "source": "mode", "event": "top_k_resolved", "correlation_id": "01KTQCYW1SDH4KPG7KQP2N5QBX", "query_preview": "Which IRS form do you use to apply for an ITIN?", "level": "info", "timestamp": "2026-06-09T23:54:50.889858Z"}
{"candidates": 50, "top_k": 5, "backend": "cross_encoder", "event": "rerank.start", "correlation_id": "01KTQCYW1SDH4KPG7KQP2N5QBX", "query_preview": "Which IRS form do you use to apply for an ITIN?", "level": "info", "timestamp": "2026-06-09T23:54:50.889879Z"}
{"candidates": 50, "top_k": 5, "backend": "cross_encoder", "returned": 5, "event": "rerank.done", "correlation_id": "01KTQCYW1SDH4KPG7KQP2N5QBX", "query_preview": "Which IRS form do you use to apply for an ITIN?", "level": "info", "timestamp": "2026-06-09T23:55:24.112890Z"}
{"node": "rerank", "reranked_count": 5, "event": "done", "correlation_id": "01KTQCYW1SDH4KPG7KQP2N5QBX", "query_preview": "Which IRS form do you use to apply for an ITIN?", "level": "info", "timestamp": "2026-06-09T23:55:24.112985Z"}
{"node": "query_tables", "reason": "empty_or_not_table_shaped", "event": "skip", "correlation_id": "01KTQCYW1SDH4KPG7KQP2N5QBX", "query_preview": "Which IRS form do you use to apply for an ITIN?", "level": "info", "timestamp": "2026-06-09T23:55:24.115130Z"}
{"node": "assess", "reranked_count": 5, "event": "start", "correlation_id": "01KTQCYW1SDH4KPG7KQP2N5QBX", "query_preview": "Which IRS form do you use to apply for an ITIN?", "level": "info", "timestamp": "2026-06-09T23:55:24.115964Z"}
{"prompt_tag": "assess_sufficiency@v4", "schema": "SufficiencyAssessment", "model": "cyankiwi/Qwen3.5-4B-AWQ-4bit", "max_tokens": 1024, "temperature": 0.1, "top_p": 0.8, "presence_penalty": 1.0, "seed": 42, "message_count": 1, "event": "model_call.start", "correlation_id": "01KTQCYW1SDH4KPG7KQP2N5QBX", "query_preview": "Which IRS form do you use to apply for an ITIN?", "level": "info", "timestamp": "2026-06-09T23:55:24.117955Z"}
Authentication error: Langfuse client initialized without public_key. Client will be disabled. Provide a public_key parameter or set LANGFUSE_PUBLIC_KEY environment variable. 
{"prompt_tag": "assess_sufficiency@v4", "schema": "SufficiencyAssessment", "tokens": 2660, "event": "model_call.done", "correlation_id": "01KTQCYW1SDH4KPG7KQP2N5QBX", "query_preview": "Which IRS form do you use to apply for an ITIN?", "level": "info", "timestamp": "2026-06-09T23:55:24.887503Z"}
{"node": "answer", "regenerate_attempt": 0, "event": "start", "correlation_id": "01KTQCYW1SDH4KPG7KQP2N5QBX", "query_preview": "Which IRS form do you use to apply for an ITIN?", "level": "info", "timestamp": "2026-06-09T23:55:24.888747Z"}
{"prompt_tag": "answer@v5", "schema": "DraftAnswer", "model": "cyankiwi/Qwen3.5-4B-AWQ-4bit", "max_tokens": 1800, "temperature": 0.1, "top_p": 0.8, "presence_penalty": 1.0, "seed": 42, "message_count": 2, "event": "model_call.start", "correlation_id": "01KTQCYW1SDH4KPG7KQP2N5QBX", "query_preview": "Which IRS form do you use to apply for an ITIN?", "level": "info", "timestamp": "2026-06-09T23:55:24.890849Z"}
Authentication error: Langfuse client initialized without public_key. Client will be disabled. Provide a public_key parameter or set LANGFUSE_PUBLIC_KEY environment variable. 
{"prompt_tag": "answer@v5", "schema": "DraftAnswer", "tokens": 4302, "event": "model_call.done", "correlation_id": "01KTQCYW1SDH4KPG7KQP2N5QBX", "query_preview": "Which IRS form do you use to apply for an ITIN?", "level": "info", "timestamp": "2026-06-09T23:55:26.392707Z"}
{"node": "verify", "claim_count": 1, "event": "start", "correlation_id": "01KTQCYW1SDH4KPG7KQP2N5QBX", "query_preview": "Which IRS form do you use to apply for an ITIN?", "level": "info", "timestamp": "2026-06-09T23:55:26.393825Z"}
{"prompt_tag": "verify_grounding@v2", "schema": "VerificationResult", "model": "cyankiwi/Qwen3.5-4B-AWQ-4bit", "max_tokens": 1024, "temperature": 0.1, "top_p": 0.8, "presence_penalty": 1.0, "seed": 42, "message_count": 1, "event": "model_call.start", "correlation_id": "01KTQCYW1SDH4KPG7KQP2N5QBX", "query_preview": "Which IRS form do you use to apply for an ITIN?", "level": "info", "timestamp": "2026-06-09T23:55:26.398205Z"}
Authentication error: Langfuse client initialized without public_key. Client will be disabled. Provide a public_key parameter or set LANGFUSE_PUBLIC_KEY environment variable. 
{"prompt_tag": "verify_grounding@v2", "schema": "VerificationResult", "tokens": 2584, "event": "model_call.done", "correlation_id": "01KTQCYW1SDH4KPG7KQP2N5QBX", "query_preview": "Which IRS form do you use to apply for an ITIN?", "level": "info", "timestamp": "2026-06-09T23:55:26.987152Z"}
{"node": "assess_relevance", "event": "start", "correlation_id": "01KTQCYW1SDH4KPG7KQP2N5QBX", "query_preview": "Which IRS form do you use to apply for an ITIN?", "level": "info", "timestamp": "2026-06-09T23:55:26.988310Z"}
{"prompt_tag": "assess_relevance@v2", "schema": "RelevanceAssessment", "model": "cyankiwi/Qwen3.5-4B-AWQ-4bit", "max_tokens": 1024, "temperature": 0.1, "top_p": 0.8, "presence_penalty": 1.0, "seed": 42, "message_count": 1, "event": "model_call.start", "correlation_id": "01KTQCYW1SDH4KPG7KQP2N5QBX", "query_preview": "Which IRS form do you use to apply for an ITIN?", "level": "info", "timestamp": "2026-06-09T23:55:26.989252Z"}
Authentication error: Langfuse client initialized without public_key. Client will be disabled. Provide a public_key parameter or set LANGFUSE_PUBLIC_KEY environment variable. 
{"prompt_tag": "assess_relevance@v2", "schema": "RelevanceAssessment", "tokens": 615, "event": "model_call.done", "correlation_id": "01KTQCYW1SDH4KPG7KQP2N5QBX", "query_preview": "Which IRS form do you use to apply for an ITIN?", "level": "info", "timestamp": "2026-06-09T23:55:27.464135Z"}
{"node": "assess_relevance", "responsive": true, "event": "relevance", "correlation_id": "01KTQCYW1SDH4KPG7KQP2N5QBX", "query_preview": "Which IRS form do you use to apply for an ITIN?", "level": "info", "timestamp": "2026-06-09T23:55:27.464204Z"}
{"node": "compose", "event": "start", "correlation_id": "01KTQCYW1SDH4KPG7KQP2N5QBX", "query_preview": "Which IRS form do you use to apply for an ITIN?", "level": "info", "timestamp": "2026-06-09T23:55:27.465425Z"}
Authentication error: Langfuse client initialized without public_key. Client will be disabled. Provide a public_key parameter or set LANGFUSE_PUBLIC_KEY environment variable. 
{"node": "retrieve", "query_len": 74, "event": "start", "correlation_id": "01KTQCZZV9QM0WZ660Z7Z0HMGS", "query_preview": "Are real estate transactions subject to backup withholding under Form W-9?", "level": "info", "timestamp": "2026-06-09T23:55:27.466893Z"}
{"query_len": 74, "k": 50, "event": "hybrid.start", "correlation_id": "01KTQCZZV9QM0WZ660Z7Z0HMGS", "query_preview": "Are real estate transactions subject to backup withholding under Form W-9?", "level": "info", "timestamp": "2026-06-09T23:55:27.466929Z"}
{"query_len": 74, "k": 50, "dense": 50, "bm25": 0, "fused": 50, "term": false, "event": "hybrid.done", "correlation_id": "01KTQCZZV9QM0WZ660Z7Z0HMGS", "query_preview": "Are real estate transactions subject to backup withholding under Form W-9?", "level": "info", "timestamp": "2026-06-09T23:55:27.531962Z"}
{"node": "retrieve", "candidate_count": 50, "event": "done", "correlation_id": "01KTQCZZV9QM0WZ660Z7Z0HMGS", "query_preview": "Are real estate transactions subject to backup withholding under Form W-9?", "level": "info", "timestamp": "2026-06-09T23:55:27.533085Z"}
{"node": "expand_graph", "reason": "disabled_or_empty", "event": "skip", "correlation_id": "01KTQCZZV9QM0WZ660Z7Z0HMGS", "query_preview": "Are real estate transactions subject to backup withholding under Form W-9?", "level": "info", "timestamp": "2026-06-09T23:55:27.534340Z"}
{"node": "rerank", "candidate_count": 50, "event": "start", "correlation_id": "01KTQCZZV9QM0WZ660Z7Z0HMGS", "query_preview": "Are real estate transactions subject to backup withholding under Form W-9?", "level": "info", "timestamp": "2026-06-09T23:55:27.534800Z"}
{"node": "rerank", "top_k": 5, "source": "mode", "event": "top_k_resolved", "correlation_id": "01KTQCZZV9QM0WZ660Z7Z0HMGS", "query_preview": "Are real estate transactions subject to backup withholding under Form W-9?", "level": "info", "timestamp": "2026-06-09T23:55:27.534851Z"}
{"candidates": 50, "top_k": 5, "backend": "cross_encoder", "event": "rerank.start", "correlation_id": "01KTQCZZV9QM0WZ660Z7Z0HMGS", "query_preview": "Are real estate transactions subject to backup withholding under Form W-9?", "level": "info", "timestamp": "2026-06-09T23:55:27.534875Z"}
{"candidates": 50, "top_k": 5, "backend": "cross_encoder", "returned": 5, "event": "rerank.done", "correlation_id": "01KTQCZZV9QM0WZ660Z7Z0HMGS", "query_preview": "Are real estate transactions subject to backup withholding under Form W-9?", "level": "info", "timestamp": "2026-06-09T23:56:06.433354Z"}
{"node": "rerank", "reranked_count": 5, "event": "done", "correlation_id": "01KTQCZZV9QM0WZ660Z7Z0HMGS", "query_preview": "Are real estate transactions subject to backup withholding under Form W-9?", "level": "info", "timestamp": "2026-06-09T23:56:06.433462Z"}
{"node": "query_tables", "reason": "empty_or_not_table_shaped", "event": "skip", "correlation_id": "01KTQCZZV9QM0WZ660Z7Z0HMGS", "query_preview": "Are real estate transactions subject to backup withholding under Form W-9?", "level": "info", "timestamp": "2026-06-09T23:56:06.435531Z"}
{"node": "assess", "reranked_count": 5, "event": "start", "correlation_id": "01KTQCZZV9QM0WZ660Z7Z0HMGS", "query_preview": "Are real estate transactions subject to backup withholding under Form W-9?", "level": "info", "timestamp": "2026-06-09T23:56:06.436421Z"}
{"prompt_tag": "assess_sufficiency@v4", "schema": "SufficiencyAssessment", "model": "cyankiwi/Qwen3.5-4B-AWQ-4bit", "max_tokens": 1024, "temperature": 0.1, "top_p": 0.8, "presence_penalty": 1.0, "seed": 42, "message_count": 1, "event": "model_call.start", "correlation_id": "01KTQCZZV9QM0WZ660Z7Z0HMGS", "query_preview": "Are real estate transactions subject to backup withholding under Form W-9?", "level": "info", "timestamp": "2026-06-09T23:56:06.438757Z"}
Authentication error: Langfuse client initialized without public_key. Client will be disabled. Provide a public_key parameter or set LANGFUSE_PUBLIC_KEY environment variable. 
{"prompt_tag": "assess_sufficiency@v4", "schema": "SufficiencyAssessment", "tokens": 2373, "event": "model_call.done", "correlation_id": "01KTQCZZV9QM0WZ660Z7Z0HMGS", "query_preview": "Are real estate transactions subject to backup withholding under Form W-9?", "level": "info", "timestamp": "2026-06-09T23:56:07.319873Z"}
{"node": "answer", "regenerate_attempt": 0, "event": "start", "correlation_id": "01KTQCZZV9QM0WZ660Z7Z0HMGS", "query_preview": "Are real estate transactions subject to backup withholding under Form W-9?", "level": "info", "timestamp": "2026-06-09T23:56:07.321551Z"}
{"prompt_tag": "answer@v5", "schema": "DraftAnswer", "model": "cyankiwi/Qwen3.5-4B-AWQ-4bit", "max_tokens": 1800, "temperature": 0.1, "top_p": 0.8, "presence_penalty": 1.0, "seed": 42, "message_count": 2, "event": "model_call.start", "correlation_id": "01KTQCZZV9QM0WZ660Z7Z0HMGS", "query_preview": "Are real estate transactions subject to backup withholding under Form W-9?", "level": "info", "timestamp": "2026-06-09T23:56:07.324243Z"}
Authentication error: Langfuse client initialized without public_key. Client will be disabled. Provide a public_key parameter or set LANGFUSE_PUBLIC_KEY environment variable. 
{"prompt_tag": "answer@v5", "schema": "DraftAnswer", "tokens": 3981, "event": "model_call.done", "correlation_id": "01KTQCZZV9QM0WZ660Z7Z0HMGS", "query_preview": "Are real estate transactions subject to backup withholding under Form W-9?", "level": "info", "timestamp": "2026-06-09T23:56:08.612867Z"}
{"node": "verify", "claim_count": 1, "event": "start", "correlation_id": "01KTQCZZV9QM0WZ660Z7Z0HMGS", "query_preview": "Are real estate transactions subject to backup withholding under Form W-9?", "level": "info", "timestamp": "2026-06-09T23:56:08.613950Z"}
{"prompt_tag": "verify_grounding@v2", "schema": "VerificationResult", "model": "cyankiwi/Qwen3.5-4B-AWQ-4bit", "max_tokens": 1024, "temperature": 0.1, "top_p": 0.8, "presence_penalty": 1.0, "seed": 42, "message_count": 1, "event": "model_call.start", "correlation_id": "01KTQCZZV9QM0WZ660Z7Z0HMGS", "query_preview": "Are real estate transactions subject to backup withholding under Form W-9?", "level": "info", "timestamp": "2026-06-09T23:56:08.617837Z"}
Authentication error: Langfuse client initialized without public_key. Client will be disabled. Provide a public_key parameter or set LANGFUSE_PUBLIC_KEY environment variable. 
{"prompt_tag": "verify_grounding@v2", "schema": "VerificationResult", "tokens": 2264, "event": "model_call.done", "correlation_id": "01KTQCZZV9QM0WZ660Z7Z0HMGS", "query_preview": "Are real estate transactions subject to backup withholding under Form W-9?", "level": "info", "timestamp": "2026-06-09T23:56:09.164693Z"}
{"node": "assess_relevance", "event": "start", "correlation_id": "01KTQCZZV9QM0WZ660Z7Z0HMGS", "query_preview": "Are real estate transactions subject to backup withholding under Form W-9?", "level": "info", "timestamp": "2026-06-09T23:56:09.166381Z"}
{"prompt_tag": "assess_relevance@v2", "schema": "RelevanceAssessment", "model": "cyankiwi/Qwen3.5-4B-AWQ-4bit", "max_tokens": 1024, "temperature": 0.1, "top_p": 0.8, "presence_penalty": 1.0, "seed": 42, "message_count": 1, "event": "model_call.start", "correlation_id": "01KTQCZZV9QM0WZ660Z7Z0HMGS", "query_preview": "Are real estate transactions subject to backup withholding under Form W-9?", "level": "info", "timestamp": "2026-06-09T23:56:09.167552Z"}
Authentication error: Langfuse client initialized without public_key. Client will be disabled. Provide a public_key parameter or set LANGFUSE_PUBLIC_KEY environment variable. 
{"prompt_tag": "assess_relevance@v2", "schema": "RelevanceAssessment", "tokens": 600, "event": "model_call.done", "correlation_id": "01KTQCZZV9QM0WZ660Z7Z0HMGS", "query_preview": "Are real estate transactions subject to backup withholding under Form W-9?", "level": "info", "timestamp": "2026-06-09T23:56:09.620056Z"}
{"node": "assess_relevance", "responsive": true, "event": "relevance", "correlation_id": "01KTQCZZV9QM0WZ660Z7Z0HMGS", "query_preview": "Are real estate transactions subject to backup withholding under Form W-9?", "level": "info", "timestamp": "2026-06-09T23:56:09.620116Z"}
{"node": "compose", "event": "start", "correlation_id": "01KTQCZZV9QM0WZ660Z7Z0HMGS", "query_preview": "Are real estate transactions subject to backup withholding under Form W-9?", "level": "info", "timestamp": "2026-06-09T23:56:09.621828Z"}
Authentication error: Langfuse client initialized without public_key. Client will be disabled. Provide a public_key parameter or set LANGFUSE_PUBLIC_KEY environment variable. 
{"node": "retrieve", "query_len": 80, "event": "start", "correlation_id": "01KTQD190PD9SDQTR18VH1Z9QR", "query_preview": "What does FATCA require a participating foreign financial institution to report?", "level": "info", "timestamp": "2026-06-09T23:56:09.623645Z"}
{"query_len": 80, "k": 50, "event": "hybrid.start", "correlation_id": "01KTQD190PD9SDQTR18VH1Z9QR", "query_preview": "What does FATCA require a participating foreign financial institution to report?", "level": "info", "timestamp": "2026-06-09T23:56:09.623688Z"}
{"query_len": 80, "k": 50, "dense": 50, "bm25": 0, "fused": 50, "term": false, "event": "hybrid.done", "correlation_id": "01KTQD190PD9SDQTR18VH1Z9QR", "query_preview": "What does FATCA require a participating foreign financial institution to report?", "level": "info", "timestamp": "2026-06-09T23:56:09.705254Z"}
{"node": "retrieve", "candidate_count": 50, "event": "done", "correlation_id": "01KTQD190PD9SDQTR18VH1Z9QR", "query_preview": "What does FATCA require a participating foreign financial institution to report?", "level": "info", "timestamp": "2026-06-09T23:56:09.706298Z"}
{"node": "expand_graph", "reason": "disabled_or_empty", "event": "skip", "correlation_id": "01KTQD190PD9SDQTR18VH1Z9QR", "query_preview": "What does FATCA require a participating foreign financial institution to report?", "level": "info", "timestamp": "2026-06-09T23:56:09.708028Z"}
{"node": "rerank", "candidate_count": 50, "event": "start", "correlation_id": "01KTQD190PD9SDQTR18VH1Z9QR", "query_preview": "What does FATCA require a participating foreign financial institution to report?", "level": "info", "timestamp": "2026-06-09T23:56:09.708719Z"}
{"node": "rerank", "top_k": 5, "source": "mode", "event": "top_k_resolved", "correlation_id": "01KTQD190PD9SDQTR18VH1Z9QR", "query_preview": "What does FATCA require a participating foreign financial institution to report?", "level": "info", "timestamp": "2026-06-09T23:56:09.708772Z"}
{"candidates": 50, "top_k": 5, "backend": "cross_encoder", "event": "rerank.start", "correlation_id": "01KTQD190PD9SDQTR18VH1Z9QR", "query_preview": "What does FATCA require a participating foreign financial institution to report?", "level": "info", "timestamp": "2026-06-09T23:56:09.708797Z"}
{"candidates": 50, "top_k": 5, "backend": "cross_encoder", "returned": 5, "event": "rerank.done", "correlation_id": "01KTQD190PD9SDQTR18VH1Z9QR", "query_preview": "What does FATCA require a participating foreign financial institution to report?", "level": "info", "timestamp": "2026-06-09T23:56:44.836311Z"}
{"node": "rerank", "reranked_count": 5, "event": "done", "correlation_id": "01KTQD190PD9SDQTR18VH1Z9QR", "query_preview": "What does FATCA require a participating foreign financial institution to report?", "level": "info", "timestamp": "2026-06-09T23:56:44.836451Z"}
{"node": "query_tables", "reason": "empty_or_not_table_shaped", "event": "skip", "correlation_id": "01KTQD190PD9SDQTR18VH1Z9QR", "query_preview": "What does FATCA require a participating foreign financial institution to report?", "level": "info", "timestamp": "2026-06-09T23:56:44.839904Z"}
{"node": "assess", "reranked_count": 5, "event": "start", "correlation_id": "01KTQD190PD9SDQTR18VH1Z9QR", "query_preview": "What does FATCA require a participating foreign financial institution to report?", "level": "info", "timestamp": "2026-06-09T23:56:44.841633Z"}
{"prompt_tag": "assess_sufficiency@v4", "schema": "SufficiencyAssessment", "model": "cyankiwi/Qwen3.5-4B-AWQ-4bit", "max_tokens": 1024, "temperature": 0.1, "top_p": 0.8, "presence_penalty": 1.0, "seed": 42, "message_count": 1, "event": "model_call.start", "correlation_id": "01KTQD190PD9SDQTR18VH1Z9QR", "query_preview": "What does FATCA require a participating foreign financial institution to report?", "level": "info", "timestamp": "2026-06-09T23:56:44.845597Z"}
Authentication error: Langfuse client initialized without public_key. Client will be disabled. Provide a public_key parameter or set LANGFUSE_PUBLIC_KEY environment variable. 
{"prompt_tag": "assess_sufficiency@v4", "schema": "SufficiencyAssessment", "tokens": 2516, "event": "model_call.done", "correlation_id": "01KTQD190PD9SDQTR18VH1Z9QR", "query_preview": "What does FATCA require a participating foreign financial institution to report?", "level": "info", "timestamp": "2026-06-09T23:56:45.724086Z"}
{"node": "answer", "regenerate_attempt": 0, "event": "start", "correlation_id": "01KTQD190PD9SDQTR18VH1Z9QR", "query_preview": "What does FATCA require a participating foreign financial institution to report?", "level": "info", "timestamp": "2026-06-09T23:56:45.725503Z"}
{"prompt_tag": "answer@v5", "schema": "DraftAnswer", "model": "cyankiwi/Qwen3.5-4B-AWQ-4bit", "max_tokens": 1800, "temperature": 0.1, "top_p": 0.8, "presence_penalty": 1.0, "seed": 42, "message_count": 2, "event": "model_call.start", "correlation_id": "01KTQD190PD9SDQTR18VH1Z9QR", "query_preview": "What does FATCA require a participating foreign financial institution to report?", "level": "info", "timestamp": "2026-06-09T23:56:45.728169Z"}
Authentication error: Langfuse client initialized without public_key. Client will be disabled. Provide a public_key parameter or set LANGFUSE_PUBLIC_KEY environment variable. 
{"prompt_tag": "answer@v5", "schema": "DraftAnswer", "tokens": 4156, "event": "model_call.done", "correlation_id": "01KTQD190PD9SDQTR18VH1Z9QR", "query_preview": "What does FATCA require a participating foreign financial institution to report?", "level": "info", "timestamp": "2026-06-09T23:56:47.293968Z"}
{"node": "verify", "claim_count": 1, "event": "start", "correlation_id": "01KTQD190PD9SDQTR18VH1Z9QR", "query_preview": "What does FATCA require a participating foreign financial institution to report?", "level": "info", "timestamp": "2026-06-09T23:56:47.294956Z"}
{"prompt_tag": "verify_grounding@v2", "schema": "VerificationResult", "model": "cyankiwi/Qwen3.5-4B-AWQ-4bit", "max_tokens": 1024, "temperature": 0.1, "top_p": 0.8, "presence_penalty": 1.0, "seed": 42, "message_count": 1, "event": "model_call.start", "correlation_id": "01KTQD190PD9SDQTR18VH1Z9QR", "query_preview": "What does FATCA require a participating foreign financial institution to report?", "level": "info", "timestamp": "2026-06-09T23:56:47.298844Z"}
Authentication error: Langfuse client initialized without public_key. Client will be disabled. Provide a public_key parameter or set LANGFUSE_PUBLIC_KEY environment variable. 
{"prompt_tag": "verify_grounding@v2", "schema": "VerificationResult", "tokens": 2438, "event": "model_call.done", "correlation_id": "01KTQD190PD9SDQTR18VH1Z9QR", "query_preview": "What does FATCA require a participating foreign financial institution to report?", "level": "info", "timestamp": "2026-06-09T23:56:47.871505Z"}
{"node": "assess_relevance", "event": "start", "correlation_id": "01KTQD190PD9SDQTR18VH1Z9QR", "query_preview": "What does FATCA require a participating foreign financial institution to report?", "level": "info", "timestamp": "2026-06-09T23:56:47.873287Z"}
{"prompt_tag": "assess_relevance@v2", "schema": "RelevanceAssessment", "model": "cyankiwi/Qwen3.5-4B-AWQ-4bit", "max_tokens": 1024, "temperature": 0.1, "top_p": 0.8, "presence_penalty": 1.0, "seed": 42, "message_count": 1, "event": "model_call.start", "correlation_id": "01KTQD190PD9SDQTR18VH1Z9QR", "query_preview": "What does FATCA require a participating foreign financial institution to report?", "level": "info", "timestamp": "2026-06-09T23:56:47.874440Z"}
Authentication error: Langfuse client initialized without public_key. Client will be disabled. Provide a public_key parameter or set LANGFUSE_PUBLIC_KEY environment variable. 
{"prompt_tag": "assess_relevance@v2", "schema": "RelevanceAssessment", "tokens": 621, "event": "model_call.done", "correlation_id": "01KTQD190PD9SDQTR18VH1Z9QR", "query_preview": "What does FATCA require a participating foreign financial institution to report?", "level": "info", "timestamp": "2026-06-09T23:56:48.302971Z"}
{"node": "assess_relevance", "responsive": true, "event": "relevance", "correlation_id": "01KTQD190PD9SDQTR18VH1Z9QR", "query_preview": "What does FATCA require a participating foreign financial institution to report?", "level": "info", "timestamp": "2026-06-09T23:56:48.303029Z"}
{"node": "compose", "event": "start", "correlation_id": "01KTQD190PD9SDQTR18VH1Z9QR", "query_preview": "What does FATCA require a participating foreign financial institution to report?", "level": "info", "timestamp": "2026-06-09T23:56:48.304632Z"}
Authentication error: Langfuse client initialized without public_key. Client will be disabled. Provide a public_key parameter or set LANGFUSE_PUBLIC_KEY environment variable. 
{"node": "retrieve", "query_len": 80, "event": "start", "correlation_id": "01KTQD2ESH2FBSB39Y4SN2B9BK", "query_preview": "According to Form W-9, who is considered a U.S. person for federal tax purposes?", "level": "info", "timestamp": "2026-06-09T23:56:48.306560Z"}
{"query_len": 80, "k": 50, "event": "hybrid.start", "correlation_id": "01KTQD2ESH2FBSB39Y4SN2B9BK", "query_preview": "According to Form W-9, who is considered a U.S. person for federal tax purposes?", "level": "info", "timestamp": "2026-06-09T23:56:48.306604Z"}
{"query_len": 80, "k": 50, "dense": 50, "bm25": 0, "fused": 50, "term": false, "event": "hybrid.done", "correlation_id": "01KTQD2ESH2FBSB39Y4SN2B9BK", "query_preview": "According to Form W-9, who is considered a U.S. person for federal tax purposes?", "level": "info", "timestamp": "2026-06-09T23:56:48.377077Z"}
{"node": "retrieve", "candidate_count": 50, "event": "done", "correlation_id": "01KTQD2ESH2FBSB39Y4SN2B9BK", "query_preview": "According to Form W-9, who is considered a U.S. person for federal tax purposes?", "level": "info", "timestamp": "2026-06-09T23:56:48.378046Z"}
{"node": "expand_graph", "reason": "disabled_or_empty", "event": "skip", "correlation_id": "01KTQD2ESH2FBSB39Y4SN2B9BK", "query_preview": "According to Form W-9, who is considered a U.S. person for federal tax purposes?", "level": "info", "timestamp": "2026-06-09T23:56:48.379569Z"}
{"node": "rerank", "candidate_count": 50, "event": "start", "correlation_id": "01KTQD2ESH2FBSB39Y4SN2B9BK", "query_preview": "According to Form W-9, who is considered a U.S. person for federal tax purposes?", "level": "info", "timestamp": "2026-06-09T23:56:48.380285Z"}
{"node": "rerank", "top_k": 5, "source": "mode", "event": "top_k_resolved", "correlation_id": "01KTQD2ESH2FBSB39Y4SN2B9BK", "query_preview": "According to Form W-9, who is considered a U.S. person for federal tax purposes?", "level": "info", "timestamp": "2026-06-09T23:56:48.380345Z"}
{"candidates": 50, "top_k": 5, "backend": "cross_encoder", "event": "rerank.start", "correlation_id": "01KTQD2ESH2FBSB39Y4SN2B9BK", "query_preview": "According to Form W-9, who is considered a U.S. person for federal tax purposes?", "level": "info", "timestamp": "2026-06-09T23:56:48.380370Z"}
{"candidates": 50, "top_k": 5, "backend": "cross_encoder", "returned": 5, "event": "rerank.done", "correlation_id": "01KTQD2ESH2FBSB39Y4SN2B9BK", "query_preview": "According to Form W-9, who is considered a U.S. person for federal tax purposes?", "level": "info", "timestamp": "2026-06-09T23:57:26.767470Z"}
{"node": "rerank", "reranked_count": 5, "event": "done", "correlation_id": "01KTQD2ESH2FBSB39Y4SN2B9BK", "query_preview": "According to Form W-9, who is considered a U.S. person for federal tax purposes?", "level": "info", "timestamp": "2026-06-09T23:57:26.767550Z"}
{"node": "query_tables", "reason": "empty_or_not_table_shaped", "event": "skip", "correlation_id": "01KTQD2ESH2FBSB39Y4SN2B9BK", "query_preview": "According to Form W-9, who is considered a U.S. person for federal tax purposes?", "level": "info", "timestamp": "2026-06-09T23:57:26.769214Z"}
{"node": "assess", "reranked_count": 5, "event": "start", "correlation_id": "01KTQD2ESH2FBSB39Y4SN2B9BK", "query_preview": "According to Form W-9, who is considered a U.S. person for federal tax purposes?", "level": "info", "timestamp": "2026-06-09T23:57:26.769940Z"}
{"prompt_tag": "assess_sufficiency@v4", "schema": "SufficiencyAssessment", "model": "cyankiwi/Qwen3.5-4B-AWQ-4bit", "max_tokens": 1024, "temperature": 0.1, "top_p": 0.8, "presence_penalty": 1.0, "seed": 42, "message_count": 1, "event": "model_call.start", "correlation_id": "01KTQD2ESH2FBSB39Y4SN2B9BK", "query_preview": "According to Form W-9, who is considered a U.S. person for federal tax purposes?", "level": "info", "timestamp": "2026-06-09T23:57:26.771565Z"}
Authentication error: Langfuse client initialized without public_key. Client will be disabled. Provide a public_key parameter or set LANGFUSE_PUBLIC_KEY environment variable. 
{"prompt_tag": "assess_sufficiency@v4", "schema": "SufficiencyAssessment", "tokens": 2673, "event": "model_call.done", "correlation_id": "01KTQD2ESH2FBSB39Y4SN2B9BK", "query_preview": "According to Form W-9, who is considered a U.S. person for federal tax purposes?", "level": "info", "timestamp": "2026-06-09T23:57:27.582639Z"}
{"node": "answer", "regenerate_attempt": 0, "event": "start", "correlation_id": "01KTQD2ESH2FBSB39Y4SN2B9BK", "query_preview": "According to Form W-9, who is considered a U.S. person for federal tax purposes?", "level": "info", "timestamp": "2026-06-09T23:57:27.583901Z"}
{"prompt_tag": "answer@v5", "schema": "DraftAnswer", "model": "cyankiwi/Qwen3.5-4B-AWQ-4bit", "max_tokens": 1800, "temperature": 0.1, "top_p": 0.8, "presence_penalty": 1.0, "seed": 42, "message_count": 2, "event": "model_call.start", "correlation_id": "01KTQD2ESH2FBSB39Y4SN2B9BK", "query_preview": "According to Form W-9, who is considered a U.S. person for federal tax purposes?", "level": "info", "timestamp": "2026-06-09T23:57:27.586373Z"}
Authentication error: Langfuse client initialized without public_key. Client will be disabled. Provide a public_key parameter or set LANGFUSE_PUBLIC_KEY environment variable. 
{"prompt_tag": "answer@v5", "schema": "DraftAnswer", "tokens": 4389, "event": "model_call.done", "correlation_id": "01KTQD2ESH2FBSB39Y4SN2B9BK", "query_preview": "According to Form W-9, who is considered a U.S. person for federal tax purposes?", "level": "info", "timestamp": "2026-06-09T23:57:29.817286Z"}
{"node": "verify", "claim_count": 1, "event": "start", "correlation_id": "01KTQD2ESH2FBSB39Y4SN2B9BK", "query_preview": "According to Form W-9, who is considered a U.S. person for federal tax purposes?", "level": "info", "timestamp": "2026-06-09T23:57:29.818388Z"}
{"prompt_tag": "verify_grounding@v2", "schema": "VerificationResult", "model": "cyankiwi/Qwen3.5-4B-AWQ-4bit", "max_tokens": 1024, "temperature": 0.1, "top_p": 0.8, "presence_penalty": 1.0, "seed": 42, "message_count": 1, "event": "model_call.start", "correlation_id": "01KTQD2ESH2FBSB39Y4SN2B9BK", "query_preview": "According to Form W-9, who is considered a U.S. person for federal tax purposes?", "level": "info", "timestamp": "2026-06-09T23:57:29.822098Z"}
Authentication error: Langfuse client initialized without public_key. Client will be disabled. Provide a public_key parameter or set LANGFUSE_PUBLIC_KEY environment variable. 
{"prompt_tag": "verify_grounding@v2", "schema": "VerificationResult", "tokens": 2629, "event": "model_call.done", "correlation_id": "01KTQD2ESH2FBSB39Y4SN2B9BK", "query_preview": "According to Form W-9, who is considered a U.S. person for federal tax purposes?", "level": "info", "timestamp": "2026-06-09T23:57:30.416224Z"}
{"node": "assess_relevance", "event": "start", "correlation_id": "01KTQD2ESH2FBSB39Y4SN2B9BK", "query_preview": "According to Form W-9, who is considered a U.S. person for federal tax purposes?", "level": "info", "timestamp": "2026-06-09T23:57:30.417717Z"}
{"prompt_tag": "assess_relevance@v2", "schema": "RelevanceAssessment", "model": "cyankiwi/Qwen3.5-4B-AWQ-4bit", "max_tokens": 1024, "temperature": 0.1, "top_p": 0.8, "presence_penalty": 1.0, "seed": 42, "message_count": 1, "event": "model_call.start", "correlation_id": "01KTQD2ESH2FBSB39Y4SN2B9BK", "query_preview": "According to Form W-9, who is considered a U.S. person for federal tax purposes?", "level": "info", "timestamp": "2026-06-09T23:57:30.418637Z"}
Authentication error: Langfuse client initialized without public_key. Client will be disabled. Provide a public_key parameter or set LANGFUSE_PUBLIC_KEY environment variable. 
{"prompt_tag": "assess_relevance@v2", "schema": "RelevanceAssessment", "tokens": 699, "event": "model_call.done", "correlation_id": "01KTQD2ESH2FBSB39Y4SN2B9BK", "query_preview": "According to Form W-9, who is considered a U.S. person for federal tax purposes?", "level": "info", "timestamp": "2026-06-09T23:57:30.884141Z"}
{"node": "assess_relevance", "responsive": true, "event": "relevance", "correlation_id": "01KTQD2ESH2FBSB39Y4SN2B9BK", "query_preview": "According to Form W-9, who is considered a U.S. person for federal tax purposes?", "level": "info", "timestamp": "2026-06-09T23:57:30.884195Z"}
{"node": "compose", "event": "start", "correlation_id": "01KTQD2ESH2FBSB39Y4SN2B9BK", "query_preview": "According to Form W-9, who is considered a U.S. person for federal tax purposes?", "level": "info", "timestamp": "2026-06-09T23:57:30.885286Z"}
Authentication error: Langfuse client initialized without public_key. Client will be disabled. Provide a public_key parameter or set LANGFUSE_PUBLIC_KEY environment variable. 
{"node": "retrieve", "query_len": 69, "event": "start", "correlation_id": "01KTQD3RC5CNEFGQ6Q0N8YNZX4", "query_preview": "What happens if a requester misuses TINs in violation of federal law?", "level": "info", "timestamp": "2026-06-09T23:57:30.886714Z"}
{"query_len": 69, "k": 50, "event": "hybrid.start", "correlation_id": "01KTQD3RC5CNEFGQ6Q0N8YNZX4", "query_preview": "What happens if a requester misuses TINs in violation of federal law?", "level": "info", "timestamp": "2026-06-09T23:57:30.886757Z"}
{"query_len": 69, "k": 50, "dense": 50, "bm25": 0, "fused": 50, "term": false, "event": "hybrid.done", "correlation_id": "01KTQD3RC5CNEFGQ6Q0N8YNZX4", "query_preview": "What happens if a requester misuses TINs in violation of federal law?", "level": "info", "timestamp": "2026-06-09T23:57:30.956384Z"}
{"node": "retrieve", "candidate_count": 50, "event": "done", "correlation_id": "01KTQD3RC5CNEFGQ6Q0N8YNZX4", "query_preview": "What happens if a requester misuses TINs in violation of federal law?", "level": "info", "timestamp": "2026-06-09T23:57:30.957350Z"}
{"node": "expand_graph", "reason": "disabled_or_empty", "event": "skip", "correlation_id": "01KTQD3RC5CNEFGQ6Q0N8YNZX4", "query_preview": "What happens if a requester misuses TINs in violation of federal law?", "level": "info", "timestamp": "2026-06-09T23:57:30.958778Z"}
{"node": "rerank", "candidate_count": 50, "event": "start", "correlation_id": "01KTQD3RC5CNEFGQ6Q0N8YNZX4", "query_preview": "What happens if a requester misuses TINs in violation of federal law?", "level": "info", "timestamp": "2026-06-09T23:57:30.959291Z"}
{"node": "rerank", "top_k": 5, "source": "mode", "event": "top_k_resolved", "correlation_id": "01KTQD3RC5CNEFGQ6Q0N8YNZX4", "query_preview": "What happens if a requester misuses TINs in violation of federal law?", "level": "info", "timestamp": "2026-06-09T23:57:30.959341Z"}
{"candidates": 50, "top_k": 5, "backend": "cross_encoder", "event": "rerank.start", "correlation_id": "01KTQD3RC5CNEFGQ6Q0N8YNZX4", "query_preview": "What happens if a requester misuses TINs in violation of federal law?", "level": "info", "timestamp": "2026-06-09T23:57:30.959365Z"}
{"candidates": 50, "top_k": 5, "backend": "cross_encoder", "returned": 5, "event": "rerank.done", "correlation_id": "01KTQD3RC5CNEFGQ6Q0N8YNZX4", "query_preview": "What happens if a requester misuses TINs in violation of federal law?", "level": "info", "timestamp": "2026-06-09T23:58:07.807354Z"}
{"node": "rerank", "reranked_count": 5, "event": "done", "correlation_id": "01KTQD3RC5CNEFGQ6Q0N8YNZX4", "query_preview": "What happens if a requester misuses TINs in violation of federal law?", "level": "info", "timestamp": "2026-06-09T23:58:07.810259Z"}
{"node": "query_tables", "reason": "empty_or_not_table_shaped", "event": "skip", "correlation_id": "01KTQD3RC5CNEFGQ6Q0N8YNZX4", "query_preview": "What happens if a requester misuses TINs in violation of federal law?", "level": "info", "timestamp": "2026-06-09T23:58:07.814803Z"}
{"node": "assess", "reranked_count": 5, "event": "start", "correlation_id": "01KTQD3RC5CNEFGQ6Q0N8YNZX4", "query_preview": "What happens if a requester misuses TINs in violation of federal law?", "level": "info", "timestamp": "2026-06-09T23:58:07.817733Z"}
{"prompt_tag": "assess_sufficiency@v4", "schema": "SufficiencyAssessment", "model": "cyankiwi/Qwen3.5-4B-AWQ-4bit", "max_tokens": 1024, "temperature": 0.1, "top_p": 0.8, "presence_penalty": 1.0, "seed": 42, "message_count": 1, "event": "model_call.start", "correlation_id": "01KTQD3RC5CNEFGQ6Q0N8YNZX4", "query_preview": "What happens if a requester misuses TINs in violation of federal law?", "level": "info", "timestamp": "2026-06-09T23:58:07.821890Z"}
Authentication error: Langfuse client initialized without public_key. Client will be disabled. Provide a public_key parameter or set LANGFUSE_PUBLIC_KEY environment variable. 
{"prompt_tag": "assess_sufficiency@v4", "schema": "SufficiencyAssessment", "tokens": 2287, "event": "model_call.done", "correlation_id": "01KTQD3RC5CNEFGQ6Q0N8YNZX4", "query_preview": "What happens if a requester misuses TINs in violation of federal law?", "level": "info", "timestamp": "2026-06-09T23:58:08.865246Z"}
{"node": "answer", "regenerate_attempt": 0, "event": "start", "correlation_id": "01KTQD3RC5CNEFGQ6Q0N8YNZX4", "query_preview": "What happens if a requester misuses TINs in violation of federal law?", "level": "info", "timestamp": "2026-06-09T23:58:08.866656Z"}
{"prompt_tag": "answer@v5", "schema": "DraftAnswer", "model": "cyankiwi/Qwen3.5-4B-AWQ-4bit", "max_tokens": 1800, "temperature": 0.1, "top_p": 0.8, "presence_penalty": 1.0, "seed": 42, "message_count": 2, "event": "model_call.start", "correlation_id": "01KTQD3RC5CNEFGQ6Q0N8YNZX4", "query_preview": "What happens if a requester misuses TINs in violation of federal law?", "level": "info", "timestamp": "2026-06-09T23:58:08.868663Z"}
Authentication error: Langfuse client initialized without public_key. Client will be disabled. Provide a public_key parameter or set LANGFUSE_PUBLIC_KEY environment variable. 
{"prompt_tag": "answer@v5", "schema": "DraftAnswer", "tokens": 3895, "event": "model_call.done", "correlation_id": "01KTQD3RC5CNEFGQ6Q0N8YNZX4", "query_preview": "What happens if a requester misuses TINs in violation of federal law?", "level": "info", "timestamp": "2026-06-09T23:58:10.312637Z"}
{"node": "verify", "claim_count": 1, "event": "start", "correlation_id": "01KTQD3RC5CNEFGQ6Q0N8YNZX4", "query_preview": "What happens if a requester misuses TINs in violation of federal law?", "level": "info", "timestamp": "2026-06-09T23:58:10.313475Z"}
{"prompt_tag": "verify_grounding@v2", "schema": "VerificationResult", "model": "cyankiwi/Qwen3.5-4B-AWQ-4bit", "max_tokens": 1024, "temperature": 0.1, "top_p": 0.8, "presence_penalty": 1.0, "seed": 42, "message_count": 1, "event": "model_call.start", "correlation_id": "01KTQD3RC5CNEFGQ6Q0N8YNZX4", "query_preview": "What happens if a requester misuses TINs in violation of federal law?", "level": "info", "timestamp": "2026-06-09T23:58:10.316618Z"}
Authentication error: Langfuse client initialized without public_key. Client will be disabled. Provide a public_key parameter or set LANGFUSE_PUBLIC_KEY environment variable. 
{"prompt_tag": "verify_grounding@v2", "schema": "VerificationResult", "tokens": 2177, "event": "model_call.done", "correlation_id": "01KTQD3RC5CNEFGQ6Q0N8YNZX4", "query_preview": "What happens if a requester misuses TINs in violation of federal law?", "level": "info", "timestamp": "2026-06-09T23:58:10.843666Z"}
{"node": "assess_relevance", "event": "start", "correlation_id": "01KTQD3RC5CNEFGQ6Q0N8YNZX4", "query_preview": "What happens if a requester misuses TINs in violation of federal law?", "level": "info", "timestamp": "2026-06-09T23:58:10.844924Z"}
{"prompt_tag": "assess_relevance@v2", "schema": "RelevanceAssessment", "model": "cyankiwi/Qwen3.5-4B-AWQ-4bit", "max_tokens": 1024, "temperature": 0.1, "top_p": 0.8, "presence_penalty": 1.0, "seed": 42, "message_count": 1, "event": "model_call.start", "correlation_id": "01KTQD3RC5CNEFGQ6Q0N8YNZX4", "query_preview": "What happens if a requester misuses TINs in violation of federal law?", "level": "info", "timestamp": "2026-06-09T23:58:10.845871Z"}
Authentication error: Langfuse client initialized without public_key. Client will be disabled. Provide a public_key parameter or set LANGFUSE_PUBLIC_KEY environment variable. 
{"prompt_tag": "assess_relevance@v2", "schema": "RelevanceAssessment", "tokens": 613, "event": "model_call.done", "correlation_id": "01KTQD3RC5CNEFGQ6Q0N8YNZX4", "query_preview": "What happens if a requester misuses TINs in violation of federal law?", "level": "info", "timestamp": "2026-06-09T23:58:11.262927Z"}
{"node": "assess_relevance", "responsive": true, "event": "relevance", "correlation_id": "01KTQD3RC5CNEFGQ6Q0N8YNZX4", "query_preview": "What happens if a requester misuses TINs in violation of federal law?", "level": "info", "timestamp": "2026-06-09T23:58:11.262980Z"}
{"node": "compose", "event": "start", "correlation_id": "01KTQD3RC5CNEFGQ6Q0N8YNZX4", "query_preview": "What happens if a requester misuses TINs in violation of federal law?", "level": "info", "timestamp": "2026-06-09T23:58:11.264240Z"}
Authentication error: Langfuse client initialized without public_key. Client will be disabled. Provide a public_key parameter or set LANGFUSE_PUBLIC_KEY environment variable. 
{"node": "retrieve", "query_len": 84, "event": "start", "correlation_id": "01KTQD4ZT0YJ55209MTSKYXNR2", "query_preview": "For a joint account documented to an FFI, what must each U.S.-person holder prov", "level": "info", "timestamp": "2026-06-09T23:58:11.266097Z"}
{"query_len": 84, "k": 50, "event": "hybrid.start", "correlation_id": "01KTQD4ZT0YJ55209MTSKYXNR2", "query_preview": "For a joint account documented to an FFI, what must each U.S.-person holder prov", "level": "info", "timestamp": "2026-06-09T23:58:11.266136Z"}
{"query_len": 84, "k": 50, "dense": 50, "bm25": 0, "fused": 50, "term": false, "event": "hybrid.done", "correlation_id": "01KTQD4ZT0YJ55209MTSKYXNR2", "query_preview": "For a joint account documented to an FFI, what must each U.S.-person holder prov", "level": "info", "timestamp": "2026-06-09T23:58:11.335887Z"}
{"node": "retrieve", "candidate_count": 50, "event": "done", "correlation_id": "01KTQD4ZT0YJ55209MTSKYXNR2", "query_preview": "For a joint account documented to an FFI, what must each U.S.-person holder prov", "level": "info", "timestamp": "2026-06-09T23:58:11.336820Z"}
{"node": "expand_graph", "reason": "disabled_or_empty", "event": "skip", "correlation_id": "01KTQD4ZT0YJ55209MTSKYXNR2", "query_preview": "For a joint account documented to an FFI, what must each U.S.-person holder prov", "level": "info", "timestamp": "2026-06-09T23:58:11.338076Z"}
{"node": "rerank", "candidate_count": 50, "event": "start", "correlation_id": "01KTQD4ZT0YJ55209MTSKYXNR2", "query_preview": "For a joint account documented to an FFI, what must each U.S.-person holder prov", "level": "info", "timestamp": "2026-06-09T23:58:11.338534Z"}
{"node": "rerank", "top_k": 5, "source": "mode", "event": "top_k_resolved", "correlation_id": "01KTQD4ZT0YJ55209MTSKYXNR2", "query_preview": "For a joint account documented to an FFI, what must each U.S.-person holder prov", "level": "info", "timestamp": "2026-06-09T23:58:11.338577Z"}
{"candidates": 50, "top_k": 5, "backend": "cross_encoder", "event": "rerank.start", "correlation_id": "01KTQD4ZT0YJ55209MTSKYXNR2", "query_preview": "For a joint account documented to an FFI, what must each U.S.-person holder prov", "level": "info", "timestamp": "2026-06-09T23:58:11.338597Z"}
{"candidates": 50, "top_k": 5, "backend": "cross_encoder", "returned": 5, "event": "rerank.done", "correlation_id": "01KTQD4ZT0YJ55209MTSKYXNR2", "query_preview": "For a joint account documented to an FFI, what must each U.S.-person holder prov", "level": "info", "timestamp": "2026-06-09T23:58:47.090238Z"}
{"node": "rerank", "reranked_count": 5, "event": "done", "correlation_id": "01KTQD4ZT0YJ55209MTSKYXNR2", "query_preview": "For a joint account documented to an FFI, what must each U.S.-person holder prov", "level": "info", "timestamp": "2026-06-09T23:58:47.090728Z"}
{"prompt_tag": "generate_table_sql@v1", "schema": "GeneratedSQL", "model": "cyankiwi/Qwen3.5-4B-AWQ-4bit", "max_tokens": 1024, "temperature": 0.1, "top_p": 0.8, "presence_penalty": 1.0, "seed": 42, "message_count": 1, "event": "model_call.start", "correlation_id": "01KTQD4ZT0YJ55209MTSKYXNR2", "query_preview": "For a joint account documented to an FFI, what must each U.S.-person holder prov", "level": "info", "timestamp": "2026-06-09T23:58:47.113526Z"}
Authentication error: Langfuse client initialized without public_key. Client will be disabled. Provide a public_key parameter or set LANGFUSE_PUBLIC_KEY environment variable. 
{"prompt_tag": "generate_table_sql@v1", "schema": "GeneratedSQL", "tokens": 1449, "event": "model_call.done", "correlation_id": "01KTQD4ZT0YJ55209MTSKYXNR2", "query_preview": "For a joint account documented to an FFI, what must each U.S.-person holder prov", "level": "info", "timestamp": "2026-06-09T23:58:48.016518Z"}
{"node": "query_doc_tables", "sql": "SELECT * FROM c_0cfe863fe0 WHERE what_name_and_number LIKE '%Two or more U.S. persons (joint account maintained by an FFI)%'", "target": "c_0cfe863fe0", "event": "table_sql.generated", "correlation_id": "01KTQD4ZT0YJ55209MTSKYXNR2", "query_preview": "For a joint account documented to an FFI, what must each U.S.-person holder prov", "level": "info", "timestamp": "2026-06-09T23:58:48.016589Z"}
{"node": "query_doc_tables", "kind": "rows", "target": "0cfe863fe0", "event": "table_sql.result", "correlation_id": "01KTQD4ZT0YJ55209MTSKYXNR2", "query_preview": "For a joint account documented to an FFI, what must each U.S.-person holder prov", "level": "info", "timestamp": "2026-06-09T23:58:48.018819Z"}
{"node": "query_tables", "kind": "rows", "chunk_id": "2d420cbb-irs-w9#sql0001", "event": "injected", "correlation_id": "01KTQD4ZT0YJ55209MTSKYXNR2", "query_preview": "For a joint account documented to an FFI, what must each U.S.-person holder prov", "level": "info", "timestamp": "2026-06-09T23:58:48.019242Z"}
{"node": "assess", "reranked_count": 6, "event": "start", "correlation_id": "01KTQD4ZT0YJ55209MTSKYXNR2", "query_preview": "For a joint account documented to an FFI, what must each U.S.-person holder prov", "level": "info", "timestamp": "2026-06-09T23:58:48.020296Z"}
{"prompt_tag": "assess_sufficiency@v4", "schema": "SufficiencyAssessment", "model": "cyankiwi/Qwen3.5-4B-AWQ-4bit", "max_tokens": 1024, "temperature": 0.1, "top_p": 0.8, "presence_penalty": 1.0, "seed": 42, "message_count": 1, "event": "model_call.start", "correlation_id": "01KTQD4ZT0YJ55209MTSKYXNR2", "query_preview": "For a joint account documented to an FFI, what must each U.S.-person holder prov", "level": "info", "timestamp": "2026-06-09T23:58:48.021902Z"}
Authentication error: Langfuse client initialized without public_key. Client will be disabled. Provide a public_key parameter or set LANGFUSE_PUBLIC_KEY environment variable. 
{"prompt_tag": "assess_sufficiency@v4", "schema": "SufficiencyAssessment", "tokens": 2808, "event": "model_call.done", "correlation_id": "01KTQD4ZT0YJ55209MTSKYXNR2", "query_preview": "For a joint account documented to an FFI, what must each U.S.-person holder prov", "level": "info", "timestamp": "2026-06-09T23:58:48.908993Z"}
{"node": "answer", "regenerate_attempt": 0, "event": "start", "correlation_id": "01KTQD4ZT0YJ55209MTSKYXNR2", "query_preview": "For a joint account documented to an FFI, what must each U.S.-person holder prov", "level": "info", "timestamp": "2026-06-09T23:58:48.910807Z"}
{"prompt_tag": "answer@v5", "schema": "DraftAnswer", "model": "cyankiwi/Qwen3.5-4B-AWQ-4bit", "max_tokens": 1800, "temperature": 0.1, "top_p": 0.8, "presence_penalty": 1.0, "seed": 42, "message_count": 2, "event": "model_call.start", "correlation_id": "01KTQD4ZT0YJ55209MTSKYXNR2", "query_preview": "For a joint account documented to an FFI, what must each U.S.-person holder prov", "level": "info", "timestamp": "2026-06-09T23:58:48.912870Z"}
Authentication error: Langfuse client initialized without public_key. Client will be disabled. Provide a public_key parameter or set LANGFUSE_PUBLIC_KEY environment variable. 
{"prompt_tag": "answer@v5", "schema": "DraftAnswer", "tokens": 4537, "event": "model_call.done", "correlation_id": "01KTQD4ZT0YJ55209MTSKYXNR2", "query_preview": "For a joint account documented to an FFI, what must each U.S.-person holder prov", "level": "info", "timestamp": "2026-06-09T23:58:51.363372Z"}
{"node": "verify", "claim_count": 2, "event": "start", "correlation_id": "01KTQD4ZT0YJ55209MTSKYXNR2", "query_preview": "For a joint account documented to an FFI, what must each U.S.-person holder prov", "level": "info", "timestamp": "2026-06-09T23:58:51.364291Z"}
{"prompt_tag": "verify_grounding@v2", "schema": "VerificationResult", "model": "cyankiwi/Qwen3.5-4B-AWQ-4bit", "max_tokens": 1024, "temperature": 0.1, "top_p": 0.8, "presence_penalty": 1.0, "seed": 42, "message_count": 1, "event": "model_call.start", "correlation_id": "01KTQD4ZT0YJ55209MTSKYXNR2", "query_preview": "For a joint account documented to an FFI, what must each U.S.-person holder prov", "level": "info", "timestamp": "2026-06-09T23:58:51.395977Z"}
Authentication error: Langfuse client initialized without public_key. Client will be disabled. Provide a public_key parameter or set LANGFUSE_PUBLIC_KEY environment variable. 
{"prompt_tag": "verify_grounding@v2", "schema": "VerificationResult", "tokens": 2791, "event": "model_call.done", "correlation_id": "01KTQD4ZT0YJ55209MTSKYXNR2", "query_preview": "For a joint account documented to an FFI, what must each U.S.-person holder prov", "level": "info", "timestamp": "2026-06-09T23:58:52.042291Z"}
{"node": "assess_relevance", "event": "start", "correlation_id": "01KTQD4ZT0YJ55209MTSKYXNR2", "query_preview": "For a joint account documented to an FFI, what must each U.S.-person holder prov", "level": "info", "timestamp": "2026-06-09T23:58:52.043773Z"}
{"prompt_tag": "assess_relevance@v2", "schema": "RelevanceAssessment", "model": "cyankiwi/Qwen3.5-4B-AWQ-4bit", "max_tokens": 1024, "temperature": 0.1, "top_p": 0.8, "presence_penalty": 1.0, "seed": 42, "message_count": 1, "event": "model_call.start", "correlation_id": "01KTQD4ZT0YJ55209MTSKYXNR2", "query_preview": "For a joint account documented to an FFI, what must each U.S.-person holder prov", "level": "info", "timestamp": "2026-06-09T23:58:52.044708Z"}
Authentication error: Langfuse client initialized without public_key. Client will be disabled. Provide a public_key parameter or set LANGFUSE_PUBLIC_KEY environment variable. 
{"prompt_tag": "assess_relevance@v2", "schema": "RelevanceAssessment", "tokens": 673, "event": "model_call.done", "correlation_id": "01KTQD4ZT0YJ55209MTSKYXNR2", "query_preview": "For a joint account documented to an FFI, what must each U.S.-person holder prov", "level": "info", "timestamp": "2026-06-09T23:58:52.509101Z"}
{"node": "assess_relevance", "responsive": true, "event": "relevance", "correlation_id": "01KTQD4ZT0YJ55209MTSKYXNR2", "query_preview": "For a joint account documented to an FFI, what must each U.S.-person holder prov", "level": "info", "timestamp": "2026-06-09T23:58:52.512623Z"}
{"node": "compose", "event": "start", "correlation_id": "01KTQD4ZT0YJ55209MTSKYXNR2", "query_preview": "For a joint account documented to an FFI, what must each U.S.-person holder prov", "level": "info", "timestamp": "2026-06-09T23:58:52.513945Z"}
Authentication error: Langfuse client initialized without public_key. Client will be disabled. Provide a public_key parameter or set LANGFUSE_PUBLIC_KEY environment variable. 
{"node": "retrieve", "query_len": 66, "event": "start", "correlation_id": "01KTQD6833M8V6MBF449J81MFF", "query_preview": "What is the deadline by which Form W-9 must be filed with the IRS?", "level": "info", "timestamp": "2026-06-09T23:58:52.517729Z"}
{"query_len": 66, "k": 50, "event": "hybrid.start", "correlation_id": "01KTQD6833M8V6MBF449J81MFF", "query_preview": "What is the deadline by which Form W-9 must be filed with the IRS?", "level": "info", "timestamp": "2026-06-09T23:58:52.517802Z"}
{"query_len": 66, "k": 50, "dense": 50, "bm25": 0, "fused": 50, "term": false, "event": "hybrid.done", "correlation_id": "01KTQD6833M8V6MBF449J81MFF", "query_preview": "What is the deadline by which Form W-9 must be filed with the IRS?", "level": "info", "timestamp": "2026-06-09T23:58:52.613391Z"}
{"node": "retrieve", "candidate_count": 50, "event": "done", "correlation_id": "01KTQD6833M8V6MBF449J81MFF", "query_preview": "What is the deadline by which Form W-9 must be filed with the IRS?", "level": "info", "timestamp": "2026-06-09T23:58:52.614420Z"}
{"node": "expand_graph", "reason": "disabled_or_empty", "event": "skip", "correlation_id": "01KTQD6833M8V6MBF449J81MFF", "query_preview": "What is the deadline by which Form W-9 must be filed with the IRS?", "level": "info", "timestamp": "2026-06-09T23:58:52.615902Z"}
{"node": "rerank", "candidate_count": 50, "event": "start", "correlation_id": "01KTQD6833M8V6MBF449J81MFF", "query_preview": "What is the deadline by which Form W-9 must be filed with the IRS?", "level": "info", "timestamp": "2026-06-09T23:58:52.616500Z"}
{"node": "rerank", "top_k": 5, "source": "mode", "event": "top_k_resolved", "correlation_id": "01KTQD6833M8V6MBF449J81MFF", "query_preview": "What is the deadline by which Form W-9 must be filed with the IRS?", "level": "info", "timestamp": "2026-06-09T23:58:52.616643Z"}
{"candidates": 50, "top_k": 5, "backend": "cross_encoder", "event": "rerank.start", "correlation_id": "01KTQD6833M8V6MBF449J81MFF", "query_preview": "What is the deadline by which Form W-9 must be filed with the IRS?", "level": "info", "timestamp": "2026-06-09T23:58:52.616706Z"}
{"candidates": 50, "top_k": 5, "backend": "cross_encoder", "returned": 5, "event": "rerank.done", "correlation_id": "01KTQD6833M8V6MBF449J81MFF", "query_preview": "What is the deadline by which Form W-9 must be filed with the IRS?", "level": "info", "timestamp": "2026-06-09T23:59:23.705289Z"}
{"node": "rerank", "reranked_count": 5, "event": "done", "correlation_id": "01KTQD6833M8V6MBF449J81MFF", "query_preview": "What is the deadline by which Form W-9 must be filed with the IRS?", "level": "info", "timestamp": "2026-06-09T23:59:23.705363Z"}
{"node": "query_tables", "reason": "empty_or_not_table_shaped", "event": "skip", "correlation_id": "01KTQD6833M8V6MBF449J81MFF", "query_preview": "What is the deadline by which Form W-9 must be filed with the IRS?", "level": "info", "timestamp": "2026-06-09T23:59:23.706818Z"}
{"node": "assess", "reranked_count": 5, "event": "start", "correlation_id": "01KTQD6833M8V6MBF449J81MFF", "query_preview": "What is the deadline by which Form W-9 must be filed with the IRS?", "level": "info", "timestamp": "2026-06-09T23:59:23.707399Z"}
{"prompt_tag": "assess_sufficiency@v4", "schema": "SufficiencyAssessment", "model": "cyankiwi/Qwen3.5-4B-AWQ-4bit", "max_tokens": 1024, "temperature": 0.1, "top_p": 0.8, "presence_penalty": 1.0, "seed": 42, "message_count": 1, "event": "model_call.start", "correlation_id": "01KTQD6833M8V6MBF449J81MFF", "query_preview": "What is the deadline by which Form W-9 must be filed with the IRS?", "level": "info", "timestamp": "2026-06-09T23:59:23.708944Z"}
Authentication error: Langfuse client initialized without public_key. Client will be disabled. Provide a public_key parameter or set LANGFUSE_PUBLIC_KEY environment variable. 
{"prompt_tag": "assess_sufficiency@v4", "schema": "SufficiencyAssessment", "tokens": 2945, "event": "model_call.done", "correlation_id": "01KTQD6833M8V6MBF449J81MFF", "query_preview": "What is the deadline by which Form W-9 must be filed with the IRS?", "level": "info", "timestamp": "2026-06-09T23:59:24.594141Z"}
{"node": "refuse", "event": "start", "correlation_id": "01KTQD6833M8V6MBF449J81MFF", "query_preview": "What is the deadline by which Form W-9 must be filed with the IRS?", "level": "info", "timestamp": "2026-06-09T23:59:24.595556Z"}
Authentication error: Langfuse client initialized without public_key. Client will be disabled. Provide a public_key parameter or set LANGFUSE_PUBLIC_KEY environment variable. 
{"node": "retrieve", "query_len": 47, "event": "start", "correlation_id": "01KTQD77DMFVJ1P6S6JDDVKJDJ", "query_preview": "What is the filing fee for submitting Form W-9?", "level": "info", "timestamp": "2026-06-09T23:59:24.597198Z"}
{"query_len": 47, "k": 50, "event": "hybrid.start", "correlation_id": "01KTQD77DMFVJ1P6S6JDDVKJDJ", "query_preview": "What is the filing fee for submitting Form W-9?", "level": "info", "timestamp": "2026-06-09T23:59:24.597238Z"}
{"query_len": 47, "k": 50, "dense": 50, "bm25": 0, "fused": 50, "term": false, "event": "hybrid.done", "correlation_id": "01KTQD77DMFVJ1P6S6JDDVKJDJ", "query_preview": "What is the filing fee for submitting Form W-9?", "level": "info", "timestamp": "2026-06-09T23:59:24.667282Z"}
{"node": "retrieve", "candidate_count": 50, "event": "done", "correlation_id": "01KTQD77DMFVJ1P6S6JDDVKJDJ", "query_preview": "What is the filing fee for submitting Form W-9?", "level": "info", "timestamp": "2026-06-09T23:59:24.668222Z"}
{"node": "expand_graph", "reason": "disabled_or_empty", "event": "skip", "correlation_id": "01KTQD77DMFVJ1P6S6JDDVKJDJ", "query_preview": "What is the filing fee for submitting Form W-9?", "level": "info", "timestamp": "2026-06-09T23:59:24.669494Z"}
{"node": "rerank", "candidate_count": 50, "event": "start", "correlation_id": "01KTQD77DMFVJ1P6S6JDDVKJDJ", "query_preview": "What is the filing fee for submitting Form W-9?", "level": "info", "timestamp": "2026-06-09T23:59:24.669998Z"}
{"node": "rerank", "top_k": 5, "source": "mode", "event": "top_k_resolved", "correlation_id": "01KTQD77DMFVJ1P6S6JDDVKJDJ", "query_preview": "What is the filing fee for submitting Form W-9?", "level": "info", "timestamp": "2026-06-09T23:59:24.670042Z"}
{"candidates": 50, "top_k": 5, "backend": "cross_encoder", "event": "rerank.start", "correlation_id": "01KTQD77DMFVJ1P6S6JDDVKJDJ", "query_preview": "What is the filing fee for submitting Form W-9?", "level": "info", "timestamp": "2026-06-09T23:59:24.670068Z"}
{"candidates": 50, "top_k": 5, "backend": "cross_encoder", "returned": 5, "event": "rerank.done", "correlation_id": "01KTQD77DMFVJ1P6S6JDDVKJDJ", "query_preview": "What is the filing fee for submitting Form W-9?", "level": "info", "timestamp": "2026-06-09T23:59:59.147650Z"}
{"node": "rerank", "reranked_count": 5, "event": "done", "correlation_id": "01KTQD77DMFVJ1P6S6JDDVKJDJ", "query_preview": "What is the filing fee for submitting Form W-9?", "level": "info", "timestamp": "2026-06-09T23:59:59.147732Z"}
{"node": "query_tables", "reason": "empty_or_not_table_shaped", "event": "skip", "correlation_id": "01KTQD77DMFVJ1P6S6JDDVKJDJ", "query_preview": "What is the filing fee for submitting Form W-9?", "level": "info", "timestamp": "2026-06-09T23:59:59.149489Z"}
{"node": "assess", "reranked_count": 5, "event": "start", "correlation_id": "01KTQD77DMFVJ1P6S6JDDVKJDJ", "query_preview": "What is the filing fee for submitting Form W-9?", "level": "info", "timestamp": "2026-06-09T23:59:59.150166Z"}
{"prompt_tag": "assess_sufficiency@v4", "schema": "SufficiencyAssessment", "model": "cyankiwi/Qwen3.5-4B-AWQ-4bit", "max_tokens": 1024, "temperature": 0.1, "top_p": 0.8, "presence_penalty": 1.0, "seed": 42, "message_count": 1, "event": "model_call.start", "correlation_id": "01KTQD77DMFVJ1P6S6JDDVKJDJ", "query_preview": "What is the filing fee for submitting Form W-9?", "level": "info", "timestamp": "2026-06-09T23:59:59.151821Z"}
Authentication error: Langfuse client initialized without public_key. Client will be disabled. Provide a public_key parameter or set LANGFUSE_PUBLIC_KEY environment variable. 
{"prompt_tag": "assess_sufficiency@v4", "schema": "SufficiencyAssessment", "tokens": 2947, "event": "model_call.done", "correlation_id": "01KTQD77DMFVJ1P6S6JDDVKJDJ", "query_preview": "What is the filing fee for submitting Form W-9?", "level": "info", "timestamp": "2026-06-10T00:00:00.097326Z"}
{"node": "refuse", "event": "start", "correlation_id": "01KTQD77DMFVJ1P6S6JDDVKJDJ", "query_preview": "What is the filing fee for submitting Form W-9?", "level": "info", "timestamp": "2026-06-10T00:00:00.099068Z"}
Authentication error: Langfuse client initialized without public_key. Client will be disabled. Provide a public_key parameter or set LANGFUSE_PUBLIC_KEY environment variable. 
{"node": "retrieve", "query_len": 85, "event": "start", "correlation_id": "01KTQD8A33XB2QFEEJHK7587XA", "query_preview": "What dollar threshold of payments must be exceeded before backup withholding app", "level": "info", "timestamp": "2026-06-10T00:00:00.100859Z"}
{"query_len": 85, "k": 50, "event": "hybrid.start", "correlation_id": "01KTQD8A33XB2QFEEJHK7587XA", "query_preview": "What dollar threshold of payments must be exceeded before backup withholding app", "level": "info", "timestamp": "2026-06-10T00:00:00.100896Z"}
{"query_len": 85, "k": 50, "dense": 50, "bm25": 0, "fused": 50, "term": false, "event": "hybrid.done", "correlation_id": "01KTQD8A33XB2QFEEJHK7587XA", "query_preview": "What dollar threshold of payments must be exceeded before backup withholding app", "level": "info", "timestamp": "2026-06-10T00:00:00.182838Z"}
{"node": "retrieve", "candidate_count": 50, "event": "done", "correlation_id": "01KTQD8A33XB2QFEEJHK7587XA", "query_preview": "What dollar threshold of payments must be exceeded before backup withholding app", "level": "info", "timestamp": "2026-06-10T00:00:00.183888Z"}
{"node": "expand_graph", "reason": "disabled_or_empty", "event": "skip", "correlation_id": "01KTQD8A33XB2QFEEJHK7587XA", "query_preview": "What dollar threshold of payments must be exceeded before backup withholding app", "level": "info", "timestamp": "2026-06-10T00:00:00.185240Z"}
{"node": "rerank", "candidate_count": 50, "event": "start", "correlation_id": "01KTQD8A33XB2QFEEJHK7587XA", "query_preview": "What dollar threshold of payments must be exceeded before backup withholding app", "level": "info", "timestamp": "2026-06-10T00:00:00.185793Z"}
{"node": "rerank", "top_k": 5, "source": "mode", "event": "top_k_resolved", "correlation_id": "01KTQD8A33XB2QFEEJHK7587XA", "query_preview": "What dollar threshold of payments must be exceeded before backup withholding app", "level": "info", "timestamp": "2026-06-10T00:00:00.185838Z"}
{"candidates": 50, "top_k": 5, "backend": "cross_encoder", "event": "rerank.start", "correlation_id": "01KTQD8A33XB2QFEEJHK7587XA", "query_preview": "What dollar threshold of payments must be exceeded before backup withholding app", "level": "info", "timestamp": "2026-06-10T00:00:00.185861Z"}
{"candidates": 50, "top_k": 5, "backend": "cross_encoder", "returned": 5, "event": "rerank.done", "correlation_id": "01KTQD8A33XB2QFEEJHK7587XA", "query_preview": "What dollar threshold of payments must be exceeded before backup withholding app", "level": "info", "timestamp": "2026-06-10T00:00:43.807610Z"}
{"node": "rerank", "reranked_count": 5, "event": "done", "correlation_id": "01KTQD8A33XB2QFEEJHK7587XA", "query_preview": "What dollar threshold of payments must be exceeded before backup withholding app", "level": "info", "timestamp": "2026-06-10T00:00:43.807697Z"}
{"node": "query_tables", "reason": "empty_or_not_table_shaped", "event": "skip", "correlation_id": "01KTQD8A33XB2QFEEJHK7587XA", "query_preview": "What dollar threshold of payments must be exceeded before backup withholding app", "level": "info", "timestamp": "2026-06-10T00:00:43.809397Z"}
{"node": "assess", "reranked_count": 5, "event": "start", "correlation_id": "01KTQD8A33XB2QFEEJHK7587XA", "query_preview": "What dollar threshold of payments must be exceeded before backup withholding app", "level": "info", "timestamp": "2026-06-10T00:00:43.810015Z"}
{"prompt_tag": "assess_sufficiency@v4", "schema": "SufficiencyAssessment", "model": "cyankiwi/Qwen3.5-4B-AWQ-4bit", "max_tokens": 1024, "temperature": 0.1, "top_p": 0.8, "presence_penalty": 1.0, "seed": 42, "message_count": 1, "event": "model_call.start", "correlation_id": "01KTQD8A33XB2QFEEJHK7587XA", "query_preview": "What dollar threshold of payments must be exceeded before backup withholding app", "level": "info", "timestamp": "2026-06-10T00:00:43.811551Z"}
Authentication error: Langfuse client initialized without public_key. Client will be disabled. Provide a public_key parameter or set LANGFUSE_PUBLIC_KEY environment variable. 
{"prompt_tag": "assess_sufficiency@v4", "schema": "SufficiencyAssessment", "tokens": 2318, "event": "model_call.done", "correlation_id": "01KTQD8A33XB2QFEEJHK7587XA", "query_preview": "What dollar threshold of payments must be exceeded before backup withholding app", "level": "info", "timestamp": "2026-06-10T00:00:44.693824Z"}
{"node": "answer", "regenerate_attempt": 0, "event": "start", "correlation_id": "01KTQD8A33XB2QFEEJHK7587XA", "query_preview": "What dollar threshold of payments must be exceeded before backup withholding app", "level": "info", "timestamp": "2026-06-10T00:00:44.695527Z"}
{"prompt_tag": "answer@v5", "schema": "DraftAnswer", "model": "cyankiwi/Qwen3.5-4B-AWQ-4bit", "max_tokens": 1800, "temperature": 0.1, "top_p": 0.8, "presence_penalty": 1.0, "seed": 42, "message_count": 2, "event": "model_call.start", "correlation_id": "01KTQD8A33XB2QFEEJHK7587XA", "query_preview": "What dollar threshold of payments must be exceeded before backup withholding app", "level": "info", "timestamp": "2026-06-10T00:00:44.698506Z"}
Authentication error: Langfuse client initialized without public_key. Client will be disabled. Provide a public_key parameter or set LANGFUSE_PUBLIC_KEY environment variable. 
{"prompt_tag": "answer@v5", "schema": "DraftAnswer", "tokens": 3899, "event": "model_call.done", "correlation_id": "01KTQD8A33XB2QFEEJHK7587XA", "query_preview": "What dollar threshold of payments must be exceeded before backup withholding app", "level": "info", "timestamp": "2026-06-10T00:00:45.749859Z"}
{"node": "verify", "claim_count": 0, "event": "start", "correlation_id": "01KTQD8A33XB2QFEEJHK7587XA", "query_preview": "What dollar threshold of payments must be exceeded before backup withholding app", "level": "info", "timestamp": "2026-06-10T00:00:45.751080Z"}
{"node": "verify", "event": "empty_draft_shortcircuit", "correlation_id": "01KTQD8A33XB2QFEEJHK7587XA", "query_preview": "What dollar threshold of payments must be exceeded before backup withholding app", "level": "info", "timestamp": "2026-06-10T00:00:45.751131Z"}
{"node": "assess_relevance", "event": "start", "correlation_id": "01KTQD8A33XB2QFEEJHK7587XA", "query_preview": "What dollar threshold of payments must be exceeded before backup withholding app", "level": "info", "timestamp": "2026-06-10T00:00:45.752891Z"}
{"prompt_tag": "assess_relevance@v2", "schema": "RelevanceAssessment", "model": "cyankiwi/Qwen3.5-4B-AWQ-4bit", "max_tokens": 1024, "temperature": 0.1, "top_p": 0.8, "presence_penalty": 1.0, "seed": 42, "message_count": 1, "event": "model_call.start", "correlation_id": "01KTQD8A33XB2QFEEJHK7587XA", "query_preview": "What dollar threshold of payments must be exceeded before backup withholding app", "level": "info", "timestamp": "2026-06-10T00:00:45.754173Z"}
Authentication error: Langfuse client initialized without public_key. Client will be disabled. Provide a public_key parameter or set LANGFUSE_PUBLIC_KEY environment variable. 
{"prompt_tag": "assess_relevance@v2", "schema": "RelevanceAssessment", "tokens": 622, "event": "model_call.done", "correlation_id": "01KTQD8A33XB2QFEEJHK7587XA", "query_preview": "What dollar threshold of payments must be exceeded before backup withholding app", "level": "info", "timestamp": "2026-06-10T00:00:46.206984Z"}
{"node": "assess_relevance", "responsive": true, "event": "relevance", "correlation_id": "01KTQD8A33XB2QFEEJHK7587XA", "query_preview": "What dollar threshold of payments must be exceeded before backup withholding app", "level": "info", "timestamp": "2026-06-10T00:00:46.207053Z"}
{"node": "compose", "event": "start", "correlation_id": "01KTQD8A33XB2QFEEJHK7587XA", "query_preview": "What dollar threshold of payments must be exceeded before backup withholding app", "level": "info", "timestamp": "2026-06-10T00:00:46.208790Z"}
Authentication error: Langfuse client initialized without public_key. Client will be disabled. Provide a public_key parameter or set LANGFUSE_PUBLIC_KEY environment variable. 
{"node": "retrieve", "query_len": 69, "event": "start", "correlation_id": "01KTQD9Q411ZA0BJ5TYMN1FD67", "query_preview": "What is the standard deduction amount on Form 1040 for tax year 2024?", "level": "info", "timestamp": "2026-06-10T00:00:46.210734Z"}
{"query_len": 69, "k": 50, "event": "hybrid.start", "correlation_id": "01KTQD9Q411ZA0BJ5TYMN1FD67", "query_preview": "What is the standard deduction amount on Form 1040 for tax year 2024?", "level": "info", "timestamp": "2026-06-10T00:00:46.210774Z"}
{"query_len": 69, "k": 50, "dense": 50, "bm25": 0, "fused": 50, "term": false, "event": "hybrid.done", "correlation_id": "01KTQD9Q411ZA0BJ5TYMN1FD67", "query_preview": "What is the standard deduction amount on Form 1040 for tax year 2024?", "level": "info", "timestamp": "2026-06-10T00:00:46.287706Z"}
{"node": "retrieve", "candidate_count": 50, "event": "done", "correlation_id": "01KTQD9Q411ZA0BJ5TYMN1FD67", "query_preview": "What is the standard deduction amount on Form 1040 for tax year 2024?", "level": "info", "timestamp": "2026-06-10T00:00:46.288668Z"}
{"node": "expand_graph", "reason": "disabled_or_empty", "event": "skip", "correlation_id": "01KTQD9Q411ZA0BJ5TYMN1FD67", "query_preview": "What is the standard deduction amount on Form 1040 for tax year 2024?", "level": "info", "timestamp": "2026-06-10T00:00:46.289951Z"}
{"node": "rerank", "candidate_count": 50, "event": "start", "correlation_id": "01KTQD9Q411ZA0BJ5TYMN1FD67", "query_preview": "What is the standard deduction amount on Form 1040 for tax year 2024?", "level": "info", "timestamp": "2026-06-10T00:00:46.290480Z"}
{"node": "rerank", "top_k": 5, "source": "mode", "event": "top_k_resolved", "correlation_id": "01KTQD9Q411ZA0BJ5TYMN1FD67", "query_preview": "What is the standard deduction amount on Form 1040 for tax year 2024?", "level": "info", "timestamp": "2026-06-10T00:00:46.290526Z"}
{"candidates": 50, "top_k": 5, "backend": "cross_encoder", "event": "rerank.start", "correlation_id": "01KTQD9Q411ZA0BJ5TYMN1FD67", "query_preview": "What is the standard deduction amount on Form 1040 for tax year 2024?", "level": "info", "timestamp": "2026-06-10T00:00:46.290548Z"}
{"candidates": 50, "top_k": 5, "backend": "cross_encoder", "returned": 5, "event": "rerank.done", "correlation_id": "01KTQD9Q411ZA0BJ5TYMN1FD67", "query_preview": "What is the standard deduction amount on Form 1040 for tax year 2024?", "level": "info", "timestamp": "2026-06-10T00:01:33.392577Z"}
{"node": "rerank", "reranked_count": 5, "event": "done", "correlation_id": "01KTQD9Q411ZA0BJ5TYMN1FD67", "query_preview": "What is the standard deduction amount on Form 1040 for tax year 2024?", "level": "info", "timestamp": "2026-06-10T00:01:33.392680Z"}
{"node": "query_tables", "reason": "empty_or_not_table_shaped", "event": "skip", "correlation_id": "01KTQD9Q411ZA0BJ5TYMN1FD67", "query_preview": "What is the standard deduction amount on Form 1040 for tax year 2024?", "level": "info", "timestamp": "2026-06-10T00:01:33.394418Z"}
{"node": "assess", "reranked_count": 5, "event": "start", "correlation_id": "01KTQD9Q411ZA0BJ5TYMN1FD67", "query_preview": "What is the standard deduction amount on Form 1040 for tax year 2024?", "level": "info", "timestamp": "2026-06-10T00:01:33.395101Z"}
{"prompt_tag": "assess_sufficiency@v4", "schema": "SufficiencyAssessment", "model": "cyankiwi/Qwen3.5-4B-AWQ-4bit", "max_tokens": 1024, "temperature": 0.1, "top_p": 0.8, "presence_penalty": 1.0, "seed": 42, "message_count": 1, "event": "model_call.start", "correlation_id": "01KTQD9Q411ZA0BJ5TYMN1FD67", "query_preview": "What is the standard deduction amount on Form 1040 for tax year 2024?", "level": "info", "timestamp": "2026-06-10T00:01:33.396774Z"}
Authentication error: Langfuse client initialized without public_key. Client will be disabled. Provide a public_key parameter or set LANGFUSE_PUBLIC_KEY environment variable. 
{"prompt_tag": "assess_sufficiency@v4", "schema": "SufficiencyAssessment", "tokens": 4107, "event": "model_call.done", "correlation_id": "01KTQD9Q411ZA0BJ5TYMN1FD67", "query_preview": "What is the standard deduction amount on Form 1040 for tax year 2024?", "level": "info", "timestamp": "2026-06-10T00:01:34.527377Z"}
{"node": "refuse", "event": "start", "correlation_id": "01KTQD9Q411ZA0BJ5TYMN1FD67", "query_preview": "What is the standard deduction amount on Form 1040 for tax year 2024?", "level": "info", "timestamp": "2026-06-10T00:01:34.528603Z"}
Authentication error: Langfuse client initialized without public_key. Client will be disabled. Provide a public_key parameter or set LANGFUSE_PUBLIC_KEY environment variable. 
{"node": "retrieve", "query_len": 65, "event": "start", "correlation_id": "01KTQDB6A1EBMMTX7VP0744YJE", "query_preview": "What is the annual employee contribution limit for a 401(k) plan?", "level": "info", "timestamp": "2026-06-10T00:01:34.530189Z"}
{"query_len": 65, "k": 50, "event": "hybrid.start", "correlation_id": "01KTQDB6A1EBMMTX7VP0744YJE", "query_preview": "What is the annual employee contribution limit for a 401(k) plan?", "level": "info", "timestamp": "2026-06-10T00:01:34.530228Z"}
{"query_len": 65, "k": 50, "dense": 50, "bm25": 0, "fused": 50, "term": false, "event": "hybrid.done", "correlation_id": "01KTQDB6A1EBMMTX7VP0744YJE", "query_preview": "What is the annual employee contribution limit for a 401(k) plan?", "level": "info", "timestamp": "2026-06-10T00:01:34.616776Z"}
{"node": "retrieve", "candidate_count": 50, "event": "done", "correlation_id": "01KTQDB6A1EBMMTX7VP0744YJE", "query_preview": "What is the annual employee contribution limit for a 401(k) plan?", "level": "info", "timestamp": "2026-06-10T00:01:34.617700Z"}
{"node": "expand_graph", "reason": "disabled_or_empty", "event": "skip", "correlation_id": "01KTQDB6A1EBMMTX7VP0744YJE", "query_preview": "What is the annual employee contribution limit for a 401(k) plan?", "level": "info", "timestamp": "2026-06-10T00:01:34.618980Z"}
{"node": "rerank", "candidate_count": 50, "event": "start", "correlation_id": "01KTQDB6A1EBMMTX7VP0744YJE", "query_preview": "What is the annual employee contribution limit for a 401(k) plan?", "level": "info", "timestamp": "2026-06-10T00:01:34.619511Z"}
{"node": "rerank", "top_k": 5, "source": "mode", "event": "top_k_resolved", "correlation_id": "01KTQDB6A1EBMMTX7VP0744YJE", "query_preview": "What is the annual employee contribution limit for a 401(k) plan?", "level": "info", "timestamp": "2026-06-10T00:01:34.619557Z"}
{"candidates": 50, "top_k": 5, "backend": "cross_encoder", "event": "rerank.start", "correlation_id": "01KTQDB6A1EBMMTX7VP0744YJE", "query_preview": "What is the annual employee contribution limit for a 401(k) plan?", "level": "info", "timestamp": "2026-06-10T00:01:34.619578Z"}
{"candidates": 50, "top_k": 5, "backend": "cross_encoder", "returned": 5, "event": "rerank.done", "correlation_id": "01KTQDB6A1EBMMTX7VP0744YJE", "query_preview": "What is the annual employee contribution limit for a 401(k) plan?", "level": "info", "timestamp": "2026-06-10T00:02:21.941675Z"}
{"node": "rerank", "reranked_count": 5, "event": "done", "correlation_id": "01KTQDB6A1EBMMTX7VP0744YJE", "query_preview": "What is the annual employee contribution limit for a 401(k) plan?", "level": "info", "timestamp": "2026-06-10T00:02:21.941760Z"}
{"node": "query_tables", "reason": "empty_or_not_table_shaped", "event": "skip", "correlation_id": "01KTQDB6A1EBMMTX7VP0744YJE", "query_preview": "What is the annual employee contribution limit for a 401(k) plan?", "level": "info", "timestamp": "2026-06-10T00:02:21.943778Z"}
{"node": "assess", "reranked_count": 5, "event": "start", "correlation_id": "01KTQDB6A1EBMMTX7VP0744YJE", "query_preview": "What is the annual employee contribution limit for a 401(k) plan?", "level": "info", "timestamp": "2026-06-10T00:02:21.944534Z"}
{"prompt_tag": "assess_sufficiency@v4", "schema": "SufficiencyAssessment", "model": "cyankiwi/Qwen3.5-4B-AWQ-4bit", "max_tokens": 1024, "temperature": 0.1, "top_p": 0.8, "presence_penalty": 1.0, "seed": 42, "message_count": 1, "event": "model_call.start", "correlation_id": "01KTQDB6A1EBMMTX7VP0744YJE", "query_preview": "What is the annual employee contribution limit for a 401(k) plan?", "level": "info", "timestamp": "2026-06-10T00:02:21.946763Z"}
Authentication error: Langfuse client initialized without public_key. Client will be disabled. Provide a public_key parameter or set LANGFUSE_PUBLIC_KEY environment variable. 
{"prompt_tag": "assess_sufficiency@v4", "schema": "SufficiencyAssessment", "tokens": 2838, "event": "model_call.done", "correlation_id": "01KTQDB6A1EBMMTX7VP0744YJE", "query_preview": "What is the annual employee contribution limit for a 401(k) plan?", "level": "info", "timestamp": "2026-06-10T00:02:23.004675Z"}
{"node": "refuse", "event": "start", "correlation_id": "01KTQDB6A1EBMMTX7VP0744YJE", "query_preview": "What is the annual employee contribution limit for a 401(k) plan?", "level": "info", "timestamp": "2026-06-10T00:02:23.006097Z"}
Authentication error: Langfuse client initialized without public_key. Client will be disabled. Provide a public_key parameter or set LANGFUSE_PUBLIC_KEY environment variable. 
{"node": "retrieve", "query_len": 84, "event": "start", "correlation_id": "01KTQDCNMYBPTYYX49XNWWZ330", "query_preview": "By what date must an employer file Form W-2 with the Social Security Administrat", "level": "info", "timestamp": "2026-06-10T00:02:23.007580Z"}
{"query_len": 84, "k": 50, "event": "hybrid.start", "correlation_id": "01KTQDCNMYBPTYYX49XNWWZ330", "query_preview": "By what date must an employer file Form W-2 with the Social Security Administrat", "level": "info", "timestamp": "2026-06-10T00:02:23.007617Z"}
{"query_len": 84, "k": 50, "dense": 50, "bm25": 0, "fused": 50, "term": false, "event": "hybrid.done", "correlation_id": "01KTQDCNMYBPTYYX49XNWWZ330", "query_preview": "By what date must an employer file Form W-2 with the Social Security Administrat", "level": "info", "timestamp": "2026-06-10T00:02:23.082279Z"}
{"node": "retrieve", "candidate_count": 50, "event": "done", "correlation_id": "01KTQDCNMYBPTYYX49XNWWZ330", "query_preview": "By what date must an employer file Form W-2 with the Social Security Administrat", "level": "info", "timestamp": "2026-06-10T00:02:23.083265Z"}
{"node": "expand_graph", "reason": "disabled_or_empty", "event": "skip", "correlation_id": "01KTQDCNMYBPTYYX49XNWWZ330", "query_preview": "By what date must an employer file Form W-2 with the Social Security Administrat", "level": "info", "timestamp": "2026-06-10T00:02:23.084710Z"}
{"node": "rerank", "candidate_count": 50, "event": "start", "correlation_id": "01KTQDCNMYBPTYYX49XNWWZ330", "query_preview": "By what date must an employer file Form W-2 with the Social Security Administrat", "level": "info", "timestamp": "2026-06-10T00:02:23.085229Z"}
{"node": "rerank", "top_k": 5, "source": "mode", "event": "top_k_resolved", "correlation_id": "01KTQDCNMYBPTYYX49XNWWZ330", "query_preview": "By what date must an employer file Form W-2 with the Social Security Administrat", "level": "info", "timestamp": "2026-06-10T00:02:23.085302Z"}
{"candidates": 50, "top_k": 5, "backend": "cross_encoder", "event": "rerank.start", "correlation_id": "01KTQDCNMYBPTYYX49XNWWZ330", "query_preview": "By what date must an employer file Form W-2 with the Social Security Administrat", "level": "info", "timestamp": "2026-06-10T00:02:23.085326Z"}
{"candidates": 50, "top_k": 5, "backend": "cross_encoder", "returned": 5, "event": "rerank.done", "correlation_id": "01KTQDCNMYBPTYYX49XNWWZ330", "query_preview": "By what date must an employer file Form W-2 with the Social Security Administrat", "level": "info", "timestamp": "2026-06-10T00:02:56.117371Z"}
{"node": "rerank", "reranked_count": 5, "event": "done", "correlation_id": "01KTQDCNMYBPTYYX49XNWWZ330", "query_preview": "By what date must an employer file Form W-2 with the Social Security Administrat", "level": "info", "timestamp": "2026-06-10T00:02:56.117445Z"}
{"node": "query_tables", "reason": "empty_or_not_table_shaped", "event": "skip", "correlation_id": "01KTQDCNMYBPTYYX49XNWWZ330", "query_preview": "By what date must an employer file Form W-2 with the Social Security Administrat", "level": "info", "timestamp": "2026-06-10T00:02:56.118868Z"}
{"node": "assess", "reranked_count": 5, "event": "start", "correlation_id": "01KTQDCNMYBPTYYX49XNWWZ330", "query_preview": "By what date must an employer file Form W-2 with the Social Security Administrat", "level": "info", "timestamp": "2026-06-10T00:02:56.119437Z"}
{"prompt_tag": "assess_sufficiency@v4", "schema": "SufficiencyAssessment", "model": "cyankiwi/Qwen3.5-4B-AWQ-4bit", "max_tokens": 1024, "temperature": 0.1, "top_p": 0.8, "presence_penalty": 1.0, "seed": 42, "message_count": 1, "event": "model_call.start", "correlation_id": "01KTQDCNMYBPTYYX49XNWWZ330", "query_preview": "By what date must an employer file Form W-2 with the Social Security Administrat", "level": "info", "timestamp": "2026-06-10T00:02:56.120892Z"}
Authentication error: Langfuse client initialized without public_key. Client will be disabled. Provide a public_key parameter or set LANGFUSE_PUBLIC_KEY environment variable. 
{"prompt_tag": "assess_sufficiency@v4", "schema": "SufficiencyAssessment", "tokens": 2677, "event": "model_call.done", "correlation_id": "01KTQDCNMYBPTYYX49XNWWZ330", "query_preview": "By what date must an employer file Form W-2 with the Social Security Administrat", "level": "info", "timestamp": "2026-06-10T00:02:57.189415Z"}
{"node": "refuse", "event": "start", "correlation_id": "01KTQDCNMYBPTYYX49XNWWZ330", "query_preview": "By what date must an employer file Form W-2 with the Social Security Administrat", "level": "info", "timestamp": "2026-06-10T00:02:57.190727Z"}
{"query_count": 18, "quick": false, "error_count": 0, "mean_citation_precision": 0.7222222222222222, "mean_citation_precision_answered_only": 0.5833333333333334, "event": "eval.done", "level": "info", "timestamp": "2026-06-10T00:02:57.191492Z"}
