{"vault_path": "/home/drei/.memex/vault", "event": "bootstrap", "level": "info", "timestamp": "2026-06-10T01:09:57.002308Z"}
{"estimated_gb": 11.8, "budget_gb": 9.8, "total_gb": 11.6, "gpu": "NVIDIA GeForce RTX 4070", "vlm_counted": false, "co_residence_mode": "manual", "embedder_device": "cpu", "reranker_device": "cpu", "fix": "lower hardware.gpu_memory_fraction, switch to a lighter co-residence mode (MEMEX_MODELS__CO_RESIDENCE_MODE=full puts the reranker on CPU), switch to a smaller VLM variant (vlm_quantization=awq_int4), or reduce the orchestrator quant tier", "event": "vram.budget.tight", "level": "warning", "timestamp": "2026-06-10T01:09:57.821837Z"}
{"component": "bootstrap.gpu", "total_gb": 11.56, "free_gb": 4.18, "holders": ["pid 285227: VLLM::EngineCore (6230 MiB)", "pid 374714: /home/drei/project/Doc_Flo/.venv/bin/python3 (154 MiB)"], "event": "gpu.preflight", "level": "info", "timestamp": "2026-06-10T01:09:57.925851Z"}
{"query_count": 18, "quick": false, "event": "eval.start", "level": "info", "timestamp": "2026-06-10T01:09:57.961801Z"}
Authentication error: Langfuse client initialized without public_key. Client will be disabled. Provide a public_key parameter or set LANGFUSE_PUBLIC_KEY environment variable. 
{"node": "retrieve", "query_len": 117, "event": "start", "correlation_id": "01KTQH8DJ91S080W9D71JPRVA8", "query_preview": "According to the developer guidelines, what must every custom exception inherit ", "level": "info", "timestamp": "2026-06-10T01:09:57.983369Z"}
{"query_len": 117, "k": 50, "event": "hybrid.start", "correlation_id": "01KTQH8DJ91S080W9D71JPRVA8", "query_preview": "According to the developer guidelines, what must every custom exception inherit ", "level": "info", "timestamp": "2026-06-10T01:09:57.983438Z"}
{"name": "embedder", "event": "model.load.start", "correlation_id": "01KTQH8DJ91S080W9D71JPRVA8", "query_preview": "According to the developer guidelines, what must every custom exception inherit ", "level": "info", "timestamp": "2026-06-10T01:09:57.987098Z"}
`torch_dtype` is deprecated! Use `dtype` instead!
{"name": "embedder", "event": "model.load.done", "correlation_id": "01KTQH8DJ91S080W9D71JPRVA8", "query_preview": "According to the developer guidelines, what must every custom exception inherit ", "level": "info", "timestamp": "2026-06-10T01:10:02.692792Z"}
{"query_len": 117, "k": 50, "dense": 50, "bm25": 0, "fused": 50, "term": false, "event": "hybrid.done", "correlation_id": "01KTQH8DJ91S080W9D71JPRVA8", "query_preview": "According to the developer guidelines, what must every custom exception inherit ", "level": "info", "timestamp": "2026-06-10T01:10:02.860357Z"}
{"node": "retrieve", "candidate_count": 50, "event": "done", "correlation_id": "01KTQH8DJ91S080W9D71JPRVA8", "query_preview": "According to the developer guidelines, what must every custom exception inherit ", "level": "info", "timestamp": "2026-06-10T01:10:02.861147Z"}
{"node": "expand_graph", "reason": "disabled_or_empty", "event": "skip", "correlation_id": "01KTQH8DJ91S080W9D71JPRVA8", "query_preview": "According to the developer guidelines, what must every custom exception inherit ", "level": "info", "timestamp": "2026-06-10T01:10:02.862910Z"}
{"node": "rerank", "candidate_count": 50, "event": "start", "correlation_id": "01KTQH8DJ91S080W9D71JPRVA8", "query_preview": "According to the developer guidelines, what must every custom exception inherit ", "level": "info", "timestamp": "2026-06-10T01:10:02.863508Z"}
{"node": "rerank", "top_k": 5, "source": "mode", "event": "top_k_resolved", "correlation_id": "01KTQH8DJ91S080W9D71JPRVA8", "query_preview": "According to the developer guidelines, what must every custom exception inherit ", "level": "info", "timestamp": "2026-06-10T01:10:02.863566Z"}
{"candidates": 50, "top_k": 5, "backend": "cross_encoder", "event": "rerank.start", "correlation_id": "01KTQH8DJ91S080W9D71JPRVA8", "query_preview": "According to the developer guidelines, what must every custom exception inherit ", "level": "info", "timestamp": "2026-06-10T01:10:02.863599Z"}
{"name": "reranker", "event": "model.load.start", "correlation_id": "01KTQH8DJ91S080W9D71JPRVA8", "query_preview": "According to the developer guidelines, what must every custom exception inherit ", "level": "info", "timestamp": "2026-06-10T01:10:02.863632Z"}
{"name": "reranker", "event": "model.load.done", "correlation_id": "01KTQH8DJ91S080W9D71JPRVA8", "query_preview": "According to the developer guidelines, what must every custom exception inherit ", "level": "info", "timestamp": "2026-06-10T01:10:04.397119Z"}
{"candidates": 50, "top_k": 5, "backend": "cross_encoder", "returned": 5, "event": "rerank.done", "correlation_id": "01KTQH8DJ91S080W9D71JPRVA8", "query_preview": "According to the developer guidelines, what must every custom exception inherit ", "level": "info", "timestamp": "2026-06-10T01:10:21.243021Z"}
{"node": "rerank", "reranked_count": 5, "event": "done", "correlation_id": "01KTQH8DJ91S080W9D71JPRVA8", "query_preview": "According to the developer guidelines, what must every custom exception inherit ", "level": "info", "timestamp": "2026-06-10T01:10:21.243124Z"}
{"node": "query_tables", "reason": "empty_or_not_table_shaped", "event": "skip", "correlation_id": "01KTQH8DJ91S080W9D71JPRVA8", "query_preview": "According to the developer guidelines, what must every custom exception inherit ", "level": "info", "timestamp": "2026-06-10T01:10:21.245069Z"}
{"node": "assess", "reranked_count": 5, "event": "start", "correlation_id": "01KTQH8DJ91S080W9D71JPRVA8", "query_preview": "According to the developer guidelines, what must every custom exception inherit ", "level": "info", "timestamp": "2026-06-10T01:10:21.245797Z"}
{"prompt_tag": "assess_sufficiency@v4", "schema": "SufficiencyAssessment", "model": "cyankiwi/Qwen3.5-4B-AWQ-4bit", "max_tokens": 1024, "temperature": 0.1, "top_p": 0.8, "presence_penalty": 1.0, "seed": 42, "message_count": 1, "event": "model_call.start", "correlation_id": "01KTQH8DJ91S080W9D71JPRVA8", "query_preview": "According to the developer guidelines, what must every custom exception inherit ", "level": "info", "timestamp": "2026-06-10T01:10:21.254205Z"}
Authentication error: Langfuse client initialized without public_key. Client will be disabled. Provide a public_key parameter or set LANGFUSE_PUBLIC_KEY environment variable. 
{"prompt_tag": "assess_sufficiency@v4", "schema": "SufficiencyAssessment", "tokens": 2010, "event": "model_call.done", "correlation_id": "01KTQH8DJ91S080W9D71JPRVA8", "query_preview": "According to the developer guidelines, what must every custom exception inherit ", "level": "info", "timestamp": "2026-06-10T01:10:22.137102Z"}
{"node": "answer", "regenerate_attempt": 0, "event": "start", "correlation_id": "01KTQH8DJ91S080W9D71JPRVA8", "query_preview": "According to the developer guidelines, what must every custom exception inherit ", "level": "info", "timestamp": "2026-06-10T01:10:22.138927Z"}
{"prompt_tag": "answer@v5", "schema": "DraftAnswer", "model": "cyankiwi/Qwen3.5-4B-AWQ-4bit", "max_tokens": 1800, "temperature": 0.1, "top_p": 0.8, "presence_penalty": 1.0, "seed": 42, "message_count": 2, "event": "model_call.start", "correlation_id": "01KTQH8DJ91S080W9D71JPRVA8", "query_preview": "According to the developer guidelines, what must every custom exception inherit ", "level": "info", "timestamp": "2026-06-10T01:10:22.144158Z"}
Authentication error: Langfuse client initialized without public_key. Client will be disabled. Provide a public_key parameter or set LANGFUSE_PUBLIC_KEY environment variable. 
{"prompt_tag": "answer@v5", "schema": "DraftAnswer", "tokens": 3617, "event": "model_call.done", "correlation_id": "01KTQH8DJ91S080W9D71JPRVA8", "query_preview": "According to the developer guidelines, what must every custom exception inherit ", "level": "info", "timestamp": "2026-06-10T01:10:23.396870Z"}
{"node": "verify", "claim_count": 1, "event": "start", "correlation_id": "01KTQH8DJ91S080W9D71JPRVA8", "query_preview": "According to the developer guidelines, what must every custom exception inherit ", "level": "info", "timestamp": "2026-06-10T01:10:23.397968Z"}
{"prompt_tag": "verify_grounding@v2", "schema": "VerificationResult", "model": "cyankiwi/Qwen3.5-4B-AWQ-4bit", "max_tokens": 1024, "temperature": 0.1, "top_p": 0.8, "presence_penalty": 1.0, "seed": 42, "message_count": 1, "event": "model_call.start", "correlation_id": "01KTQH8DJ91S080W9D71JPRVA8", "query_preview": "According to the developer guidelines, what must every custom exception inherit ", "level": "info", "timestamp": "2026-06-10T01:10:23.404541Z"}
Authentication error: Langfuse client initialized without public_key. Client will be disabled. Provide a public_key parameter or set LANGFUSE_PUBLIC_KEY environment variable. 
{"prompt_tag": "verify_grounding@v2", "schema": "VerificationResult", "tokens": 1892, "event": "model_call.done", "correlation_id": "01KTQH8DJ91S080W9D71JPRVA8", "query_preview": "According to the developer guidelines, what must every custom exception inherit ", "level": "info", "timestamp": "2026-06-10T01:10:23.876658Z"}
{"node": "assess_relevance", "event": "start", "correlation_id": "01KTQH8DJ91S080W9D71JPRVA8", "query_preview": "According to the developer guidelines, what must every custom exception inherit ", "level": "info", "timestamp": "2026-06-10T01:10:23.878343Z"}
{"prompt_tag": "assess_relevance@v2", "schema": "RelevanceAssessment", "model": "cyankiwi/Qwen3.5-4B-AWQ-4bit", "max_tokens": 1024, "temperature": 0.1, "top_p": 0.8, "presence_penalty": 1.0, "seed": 42, "message_count": 1, "event": "model_call.start", "correlation_id": "01KTQH8DJ91S080W9D71JPRVA8", "query_preview": "According to the developer guidelines, what must every custom exception inherit ", "level": "info", "timestamp": "2026-06-10T01:10:23.882719Z"}
Authentication error: Langfuse client initialized without public_key. Client will be disabled. Provide a public_key parameter or set LANGFUSE_PUBLIC_KEY environment variable. 
{"prompt_tag": "assess_relevance@v2", "schema": "RelevanceAssessment", "tokens": 606, "event": "model_call.done", "correlation_id": "01KTQH8DJ91S080W9D71JPRVA8", "query_preview": "According to the developer guidelines, what must every custom exception inherit ", "level": "info", "timestamp": "2026-06-10T01:10:24.267232Z"}
{"node": "assess_relevance", "responsive": true, "event": "relevance", "correlation_id": "01KTQH8DJ91S080W9D71JPRVA8", "query_preview": "According to the developer guidelines, what must every custom exception inherit ", "level": "info", "timestamp": "2026-06-10T01:10:24.267286Z"}
{"node": "compose", "event": "start", "correlation_id": "01KTQH8DJ91S080W9D71JPRVA8", "query_preview": "According to the developer guidelines, what must every custom exception inherit ", "level": "info", "timestamp": "2026-06-10T01:10:24.268805Z"}
Authentication error: Langfuse client initialized without public_key. Client will be disabled. Provide a public_key parameter or set LANGFUSE_PUBLIC_KEY environment variable. 
{"node": "retrieve", "query_len": 73, "event": "start", "correlation_id": "01KTQH978DYDP2XP1A6GX51N2J", "query_preview": "What is the guidelines' rule about passing data across module boundaries?", "level": "info", "timestamp": "2026-06-10T01:10:24.270942Z"}
{"query_len": 73, "k": 50, "event": "hybrid.start", "correlation_id": "01KTQH978DYDP2XP1A6GX51N2J", "query_preview": "What is the guidelines' rule about passing data across module boundaries?", "level": "info", "timestamp": "2026-06-10T01:10:24.270987Z"}
{"query_len": 73, "k": 50, "dense": 50, "bm25": 0, "fused": 50, "term": false, "event": "hybrid.done", "correlation_id": "01KTQH978DYDP2XP1A6GX51N2J", "query_preview": "What is the guidelines' rule about passing data across module boundaries?", "level": "info", "timestamp": "2026-06-10T01:10:24.350760Z"}
{"node": "retrieve", "candidate_count": 50, "event": "done", "correlation_id": "01KTQH978DYDP2XP1A6GX51N2J", "query_preview": "What is the guidelines' rule about passing data across module boundaries?", "level": "info", "timestamp": "2026-06-10T01:10:24.351711Z"}
{"node": "expand_graph", "reason": "disabled_or_empty", "event": "skip", "correlation_id": "01KTQH978DYDP2XP1A6GX51N2J", "query_preview": "What is the guidelines' rule about passing data across module boundaries?", "level": "info", "timestamp": "2026-06-10T01:10:24.352947Z"}
{"node": "rerank", "candidate_count": 50, "event": "start", "correlation_id": "01KTQH978DYDP2XP1A6GX51N2J", "query_preview": "What is the guidelines' rule about passing data across module boundaries?", "level": "info", "timestamp": "2026-06-10T01:10:24.353417Z"}
{"node": "rerank", "top_k": 5, "source": "mode", "event": "top_k_resolved", "correlation_id": "01KTQH978DYDP2XP1A6GX51N2J", "query_preview": "What is the guidelines' rule about passing data across module boundaries?", "level": "info", "timestamp": "2026-06-10T01:10:24.353469Z"}
{"candidates": 50, "top_k": 5, "backend": "cross_encoder", "event": "rerank.start", "correlation_id": "01KTQH978DYDP2XP1A6GX51N2J", "query_preview": "What is the guidelines' rule about passing data across module boundaries?", "level": "info", "timestamp": "2026-06-10T01:10:24.353494Z"}
{"candidates": 50, "top_k": 5, "backend": "cross_encoder", "returned": 5, "event": "rerank.done", "correlation_id": "01KTQH978DYDP2XP1A6GX51N2J", "query_preview": "What is the guidelines' rule about passing data across module boundaries?", "level": "info", "timestamp": "2026-06-10T01:10:42.438925Z"}
{"node": "rerank", "reranked_count": 5, "event": "done", "correlation_id": "01KTQH978DYDP2XP1A6GX51N2J", "query_preview": "What is the guidelines' rule about passing data across module boundaries?", "level": "info", "timestamp": "2026-06-10T01:10:42.439024Z"}
{"node": "query_tables", "reason": "empty_or_not_table_shaped", "event": "skip", "correlation_id": "01KTQH978DYDP2XP1A6GX51N2J", "query_preview": "What is the guidelines' rule about passing data across module boundaries?", "level": "info", "timestamp": "2026-06-10T01:10:42.442068Z"}
{"node": "assess", "reranked_count": 5, "event": "start", "correlation_id": "01KTQH978DYDP2XP1A6GX51N2J", "query_preview": "What is the guidelines' rule about passing data across module boundaries?", "level": "info", "timestamp": "2026-06-10T01:10:42.442766Z"}
{"prompt_tag": "assess_sufficiency@v4", "schema": "SufficiencyAssessment", "model": "cyankiwi/Qwen3.5-4B-AWQ-4bit", "max_tokens": 1024, "temperature": 0.1, "top_p": 0.8, "presence_penalty": 1.0, "seed": 42, "message_count": 1, "event": "model_call.start", "correlation_id": "01KTQH978DYDP2XP1A6GX51N2J", "query_preview": "What is the guidelines' rule about passing data across module boundaries?", "level": "info", "timestamp": "2026-06-10T01:10:42.444668Z"}
Authentication error: Langfuse client initialized without public_key. Client will be disabled. Provide a public_key parameter or set LANGFUSE_PUBLIC_KEY environment variable. 
{"prompt_tag": "assess_sufficiency@v4", "schema": "SufficiencyAssessment", "tokens": 1933, "event": "model_call.done", "correlation_id": "01KTQH978DYDP2XP1A6GX51N2J", "query_preview": "What is the guidelines' rule about passing data across module boundaries?", "level": "info", "timestamp": "2026-06-10T01:10:43.461632Z"}
{"node": "answer", "regenerate_attempt": 0, "event": "start", "correlation_id": "01KTQH978DYDP2XP1A6GX51N2J", "query_preview": "What is the guidelines' rule about passing data across module boundaries?", "level": "info", "timestamp": "2026-06-10T01:10:43.462721Z"}
{"prompt_tag": "answer@v5", "schema": "DraftAnswer", "model": "cyankiwi/Qwen3.5-4B-AWQ-4bit", "max_tokens": 1800, "temperature": 0.1, "top_p": 0.8, "presence_penalty": 1.0, "seed": 42, "message_count": 2, "event": "model_call.start", "correlation_id": "01KTQH978DYDP2XP1A6GX51N2J", "query_preview": "What is the guidelines' rule about passing data across module boundaries?", "level": "info", "timestamp": "2026-06-10T01:10:43.464717Z"}
Authentication error: Langfuse client initialized without public_key. Client will be disabled. Provide a public_key parameter or set LANGFUSE_PUBLIC_KEY environment variable. 
{"prompt_tag": "answer@v5", "schema": "DraftAnswer", "tokens": 3725, "event": "model_call.done", "correlation_id": "01KTQH978DYDP2XP1A6GX51N2J", "query_preview": "What is the guidelines' rule about passing data across module boundaries?", "level": "info", "timestamp": "2026-06-10T01:10:46.542641Z"}
{"node": "verify", "claim_count": 3, "event": "start", "correlation_id": "01KTQH978DYDP2XP1A6GX51N2J", "query_preview": "What is the guidelines' rule about passing data across module boundaries?", "level": "info", "timestamp": "2026-06-10T01:10:46.543724Z"}
{"prompt_tag": "verify_grounding@v2", "schema": "VerificationResult", "model": "cyankiwi/Qwen3.5-4B-AWQ-4bit", "max_tokens": 1024, "temperature": 0.1, "top_p": 0.8, "presence_penalty": 1.0, "seed": 42, "message_count": 1, "event": "model_call.start", "correlation_id": "01KTQH978DYDP2XP1A6GX51N2J", "query_preview": "What is the guidelines' rule about passing data across module boundaries?", "level": "info", "timestamp": "2026-06-10T01:10:46.547943Z"}
Authentication error: Langfuse client initialized without public_key. Client will be disabled. Provide a public_key parameter or set LANGFUSE_PUBLIC_KEY environment variable. 
{"prompt_tag": "verify_grounding@v2", "schema": "VerificationResult", "tokens": 1928, "event": "model_call.done", "correlation_id": "01KTQH978DYDP2XP1A6GX51N2J", "query_preview": "What is the guidelines' rule about passing data across module boundaries?", "level": "info", "timestamp": "2026-06-10T01:10:47.078110Z"}
{"node": "assess_relevance", "event": "start", "correlation_id": "01KTQH978DYDP2XP1A6GX51N2J", "query_preview": "What is the guidelines' rule about passing data across module boundaries?", "level": "info", "timestamp": "2026-06-10T01:10:47.079704Z"}
{"prompt_tag": "assess_relevance@v2", "schema": "RelevanceAssessment", "model": "cyankiwi/Qwen3.5-4B-AWQ-4bit", "max_tokens": 1024, "temperature": 0.1, "top_p": 0.8, "presence_penalty": 1.0, "seed": 42, "message_count": 1, "event": "model_call.start", "correlation_id": "01KTQH978DYDP2XP1A6GX51N2J", "query_preview": "What is the guidelines' rule about passing data across module boundaries?", "level": "info", "timestamp": "2026-06-10T01:10:47.080898Z"}
Authentication error: Langfuse client initialized without public_key. Client will be disabled. Provide a public_key parameter or set LANGFUSE_PUBLIC_KEY environment variable. 
{"prompt_tag": "assess_relevance@v2", "schema": "RelevanceAssessment", "tokens": 715, "event": "model_call.done", "correlation_id": "01KTQH978DYDP2XP1A6GX51N2J", "query_preview": "What is the guidelines' rule about passing data across module boundaries?", "level": "info", "timestamp": "2026-06-10T01:10:47.563767Z"}
{"node": "assess_relevance", "responsive": true, "event": "relevance", "correlation_id": "01KTQH978DYDP2XP1A6GX51N2J", "query_preview": "What is the guidelines' rule about passing data across module boundaries?", "level": "info", "timestamp": "2026-06-10T01:10:47.563820Z"}
{"node": "compose", "event": "start", "correlation_id": "01KTQH978DYDP2XP1A6GX51N2J", "query_preview": "What is the guidelines' rule about passing data across module boundaries?", "level": "info", "timestamp": "2026-06-10T01:10:47.564964Z"}
Authentication error: Langfuse client initialized without public_key. Client will be disabled. Provide a public_key parameter or set LANGFUSE_PUBLIC_KEY environment variable. 
{"node": "retrieve", "query_len": 66, "event": "start", "correlation_id": "01KTQH9Y0D0WD860FB7ZPAEW9R", "query_preview": "What pyright policy do the guidelines mandate for src/memex in CI?", "level": "info", "timestamp": "2026-06-10T01:10:47.566444Z"}
{"query_len": 66, "k": 50, "event": "hybrid.start", "correlation_id": "01KTQH9Y0D0WD860FB7ZPAEW9R", "query_preview": "What pyright policy do the guidelines mandate for src/memex in CI?", "level": "info", "timestamp": "2026-06-10T01:10:47.566483Z"}
{"query_len": 66, "k": 50, "dense": 50, "bm25": 0, "fused": 50, "term": false, "event": "hybrid.done", "correlation_id": "01KTQH9Y0D0WD860FB7ZPAEW9R", "query_preview": "What pyright policy do the guidelines mandate for src/memex in CI?", "level": "info", "timestamp": "2026-06-10T01:10:47.638999Z"}
{"node": "retrieve", "candidate_count": 50, "event": "done", "correlation_id": "01KTQH9Y0D0WD860FB7ZPAEW9R", "query_preview": "What pyright policy do the guidelines mandate for src/memex in CI?", "level": "info", "timestamp": "2026-06-10T01:10:47.640003Z"}
{"node": "expand_graph", "reason": "disabled_or_empty", "event": "skip", "correlation_id": "01KTQH9Y0D0WD860FB7ZPAEW9R", "query_preview": "What pyright policy do the guidelines mandate for src/memex in CI?", "level": "info", "timestamp": "2026-06-10T01:10:47.641278Z"}
{"node": "rerank", "candidate_count": 50, "event": "start", "correlation_id": "01KTQH9Y0D0WD860FB7ZPAEW9R", "query_preview": "What pyright policy do the guidelines mandate for src/memex in CI?", "level": "info", "timestamp": "2026-06-10T01:10:47.641758Z"}
{"node": "rerank", "top_k": 5, "source": "mode", "event": "top_k_resolved", "correlation_id": "01KTQH9Y0D0WD860FB7ZPAEW9R", "query_preview": "What pyright policy do the guidelines mandate for src/memex in CI?", "level": "info", "timestamp": "2026-06-10T01:10:47.641805Z"}
{"candidates": 50, "top_k": 5, "backend": "cross_encoder", "event": "rerank.start", "correlation_id": "01KTQH9Y0D0WD860FB7ZPAEW9R", "query_preview": "What pyright policy do the guidelines mandate for src/memex in CI?", "level": "info", "timestamp": "2026-06-10T01:10:47.641829Z"}
{"candidates": 50, "top_k": 5, "backend": "cross_encoder", "returned": 5, "event": "rerank.done", "correlation_id": "01KTQH9Y0D0WD860FB7ZPAEW9R", "query_preview": "What pyright policy do the guidelines mandate for src/memex in CI?", "level": "info", "timestamp": "2026-06-10T01:11:18.314419Z"}
{"node": "rerank", "reranked_count": 5, "event": "done", "correlation_id": "01KTQH9Y0D0WD860FB7ZPAEW9R", "query_preview": "What pyright policy do the guidelines mandate for src/memex in CI?", "level": "info", "timestamp": "2026-06-10T01:11:18.322919Z"}
{"node": "query_tables", "reason": "empty_or_not_table_shaped", "event": "skip", "correlation_id": "01KTQH9Y0D0WD860FB7ZPAEW9R", "query_preview": "What pyright policy do the guidelines mandate for src/memex in CI?", "level": "info", "timestamp": "2026-06-10T01:11:18.325277Z"}
{"node": "assess", "reranked_count": 5, "event": "start", "correlation_id": "01KTQH9Y0D0WD860FB7ZPAEW9R", "query_preview": "What pyright policy do the guidelines mandate for src/memex in CI?", "level": "info", "timestamp": "2026-06-10T01:11:18.326215Z"}
{"prompt_tag": "assess_sufficiency@v4", "schema": "SufficiencyAssessment", "model": "cyankiwi/Qwen3.5-4B-AWQ-4bit", "max_tokens": 1024, "temperature": 0.1, "top_p": 0.8, "presence_penalty": 1.0, "seed": 42, "message_count": 1, "event": "model_call.start", "correlation_id": "01KTQH9Y0D0WD860FB7ZPAEW9R", "query_preview": "What pyright policy do the guidelines mandate for src/memex in CI?", "level": "info", "timestamp": "2026-06-10T01:11:18.328498Z"}
Authentication error: Langfuse client initialized without public_key. Client will be disabled. Provide a public_key parameter or set LANGFUSE_PUBLIC_KEY environment variable. 
{"prompt_tag": "assess_sufficiency@v4", "schema": "SufficiencyAssessment", "tokens": 2222, "event": "model_call.done", "correlation_id": "01KTQH9Y0D0WD860FB7ZPAEW9R", "query_preview": "What pyright policy do the guidelines mandate for src/memex in CI?", "level": "info", "timestamp": "2026-06-10T01:11:19.131755Z"}
{"node": "answer", "regenerate_attempt": 0, "event": "start", "correlation_id": "01KTQH9Y0D0WD860FB7ZPAEW9R", "query_preview": "What pyright policy do the guidelines mandate for src/memex in CI?", "level": "info", "timestamp": "2026-06-10T01:11:19.133418Z"}
{"prompt_tag": "answer@v5", "schema": "DraftAnswer", "model": "cyankiwi/Qwen3.5-4B-AWQ-4bit", "max_tokens": 1800, "temperature": 0.1, "top_p": 0.8, "presence_penalty": 1.0, "seed": 42, "message_count": 2, "event": "model_call.start", "correlation_id": "01KTQH9Y0D0WD860FB7ZPAEW9R", "query_preview": "What pyright policy do the guidelines mandate for src/memex in CI?", "level": "info", "timestamp": "2026-06-10T01:11:19.136105Z"}
Authentication error: Langfuse client initialized without public_key. Client will be disabled. Provide a public_key parameter or set LANGFUSE_PUBLIC_KEY environment variable. 
{"prompt_tag": "answer@v5", "schema": "DraftAnswer", "tokens": 3853, "event": "model_call.done", "correlation_id": "01KTQH9Y0D0WD860FB7ZPAEW9R", "query_preview": "What pyright policy do the guidelines mandate for src/memex in CI?", "level": "info", "timestamp": "2026-06-10T01:11:20.552855Z"}
{"node": "verify", "claim_count": 1, "event": "start", "correlation_id": "01KTQH9Y0D0WD860FB7ZPAEW9R", "query_preview": "What pyright policy do the guidelines mandate for src/memex in CI?", "level": "info", "timestamp": "2026-06-10T01:11:20.553844Z"}
{"prompt_tag": "verify_grounding@v2", "schema": "VerificationResult", "model": "cyankiwi/Qwen3.5-4B-AWQ-4bit", "max_tokens": 1024, "temperature": 0.1, "top_p": 0.8, "presence_penalty": 1.0, "seed": 42, "message_count": 1, "event": "model_call.start", "correlation_id": "01KTQH9Y0D0WD860FB7ZPAEW9R", "query_preview": "What pyright policy do the guidelines mandate for src/memex in CI?", "level": "info", "timestamp": "2026-06-10T01:11:20.557728Z"}
Authentication error: Langfuse client initialized without public_key. Client will be disabled. Provide a public_key parameter or set LANGFUSE_PUBLIC_KEY environment variable. 
{"prompt_tag": "verify_grounding@v2", "schema": "VerificationResult", "tokens": 2129, "event": "model_call.done", "correlation_id": "01KTQH9Y0D0WD860FB7ZPAEW9R", "query_preview": "What pyright policy do the guidelines mandate for src/memex in CI?", "level": "info", "timestamp": "2026-06-10T01:11:21.063673Z"}
{"node": "assess_relevance", "event": "start", "correlation_id": "01KTQH9Y0D0WD860FB7ZPAEW9R", "query_preview": "What pyright policy do the guidelines mandate for src/memex in CI?", "level": "info", "timestamp": "2026-06-10T01:11:21.065054Z"}
{"prompt_tag": "assess_relevance@v2", "schema": "RelevanceAssessment", "model": "cyankiwi/Qwen3.5-4B-AWQ-4bit", "max_tokens": 1024, "temperature": 0.1, "top_p": 0.8, "presence_penalty": 1.0, "seed": 42, "message_count": 1, "event": "model_call.start", "correlation_id": "01KTQH9Y0D0WD860FB7ZPAEW9R", "query_preview": "What pyright policy do the guidelines mandate for src/memex in CI?", "level": "info", "timestamp": "2026-06-10T01:11:21.065955Z"}
Authentication error: Langfuse client initialized without public_key. Client will be disabled. Provide a public_key parameter or set LANGFUSE_PUBLIC_KEY environment variable. 
{"prompt_tag": "assess_relevance@v2", "schema": "RelevanceAssessment", "tokens": 619, "event": "model_call.done", "correlation_id": "01KTQH9Y0D0WD860FB7ZPAEW9R", "query_preview": "What pyright policy do the guidelines mandate for src/memex in CI?", "level": "info", "timestamp": "2026-06-10T01:11:21.496712Z"}
{"node": "assess_relevance", "responsive": true, "event": "relevance", "correlation_id": "01KTQH9Y0D0WD860FB7ZPAEW9R", "query_preview": "What pyright policy do the guidelines mandate for src/memex in CI?", "level": "info", "timestamp": "2026-06-10T01:11:21.496765Z"}
{"node": "compose", "event": "start", "correlation_id": "01KTQH9Y0D0WD860FB7ZPAEW9R", "query_preview": "What pyright policy do the guidelines mandate for src/memex in CI?", "level": "info", "timestamp": "2026-06-10T01:11:21.497818Z"}
Authentication error: Langfuse client initialized without public_key. Client will be disabled. Provide a public_key parameter or set LANGFUSE_PUBLIC_KEY environment variable. 
{"node": "retrieve", "query_len": 58, "event": "start", "correlation_id": "01KTQHAZ4TZ04XFN3P0KB8E9R3", "query_preview": "What is the guidelines' rule about async versus sync code?", "level": "info", "timestamp": "2026-06-10T01:11:21.499269Z"}
{"query_len": 58, "k": 50, "event": "hybrid.start", "correlation_id": "01KTQHAZ4TZ04XFN3P0KB8E9R3", "query_preview": "What is the guidelines' rule about async versus sync code?", "level": "info", "timestamp": "2026-06-10T01:11:21.499305Z"}
{"query_len": 58, "k": 50, "dense": 50, "bm25": 0, "fused": 50, "term": false, "event": "hybrid.done", "correlation_id": "01KTQHAZ4TZ04XFN3P0KB8E9R3", "query_preview": "What is the guidelines' rule about async versus sync code?", "level": "info", "timestamp": "2026-06-10T01:11:21.582747Z"}
{"node": "retrieve", "candidate_count": 50, "event": "done", "correlation_id": "01KTQHAZ4TZ04XFN3P0KB8E9R3", "query_preview": "What is the guidelines' rule about async versus sync code?", "level": "info", "timestamp": "2026-06-10T01:11:21.583471Z"}
{"node": "expand_graph", "reason": "disabled_or_empty", "event": "skip", "correlation_id": "01KTQHAZ4TZ04XFN3P0KB8E9R3", "query_preview": "What is the guidelines' rule about async versus sync code?", "level": "info", "timestamp": "2026-06-10T01:11:21.584519Z"}
{"node": "rerank", "candidate_count": 50, "event": "start", "correlation_id": "01KTQHAZ4TZ04XFN3P0KB8E9R3", "query_preview": "What is the guidelines' rule about async versus sync code?", "level": "info", "timestamp": "2026-06-10T01:11:21.584892Z"}
{"node": "rerank", "top_k": 5, "source": "mode", "event": "top_k_resolved", "correlation_id": "01KTQHAZ4TZ04XFN3P0KB8E9R3", "query_preview": "What is the guidelines' rule about async versus sync code?", "level": "info", "timestamp": "2026-06-10T01:11:21.584930Z"}
{"candidates": 50, "top_k": 5, "backend": "cross_encoder", "event": "rerank.start", "correlation_id": "01KTQHAZ4TZ04XFN3P0KB8E9R3", "query_preview": "What is the guidelines' rule about async versus sync code?", "level": "info", "timestamp": "2026-06-10T01:11:21.584949Z"}
{"candidates": 50, "top_k": 5, "backend": "cross_encoder", "returned": 5, "event": "rerank.done", "correlation_id": "01KTQHAZ4TZ04XFN3P0KB8E9R3", "query_preview": "What is the guidelines' rule about async versus sync code?", "level": "info", "timestamp": "2026-06-10T01:11:52.512969Z"}
{"node": "rerank", "reranked_count": 5, "event": "done", "correlation_id": "01KTQHAZ4TZ04XFN3P0KB8E9R3", "query_preview": "What is the guidelines' rule about async versus sync code?", "level": "info", "timestamp": "2026-06-10T01:11:52.513070Z"}
{"node": "query_tables", "reason": "empty_or_not_table_shaped", "event": "skip", "correlation_id": "01KTQHAZ4TZ04XFN3P0KB8E9R3", "query_preview": "What is the guidelines' rule about async versus sync code?", "level": "info", "timestamp": "2026-06-10T01:11:52.515083Z"}
{"node": "assess", "reranked_count": 5, "event": "start", "correlation_id": "01KTQHAZ4TZ04XFN3P0KB8E9R3", "query_preview": "What is the guidelines' rule about async versus sync code?", "level": "info", "timestamp": "2026-06-10T01:11:52.515962Z"}
{"prompt_tag": "assess_sufficiency@v4", "schema": "SufficiencyAssessment", "model": "cyankiwi/Qwen3.5-4B-AWQ-4bit", "max_tokens": 1024, "temperature": 0.1, "top_p": 0.8, "presence_penalty": 1.0, "seed": 42, "message_count": 1, "event": "model_call.start", "correlation_id": "01KTQHAZ4TZ04XFN3P0KB8E9R3", "query_preview": "What is the guidelines' rule about async versus sync code?", "level": "info", "timestamp": "2026-06-10T01:11:52.518246Z"}
Authentication error: Langfuse client initialized without public_key. Client will be disabled. Provide a public_key parameter or set LANGFUSE_PUBLIC_KEY environment variable. 
{"prompt_tag": "assess_sufficiency@v4", "schema": "SufficiencyAssessment", "tokens": 2678, "event": "model_call.done", "correlation_id": "01KTQHAZ4TZ04XFN3P0KB8E9R3", "query_preview": "What is the guidelines' rule about async versus sync code?", "level": "info", "timestamp": "2026-06-10T01:11:53.715349Z"}
{"node": "answer", "regenerate_attempt": 0, "event": "start", "correlation_id": "01KTQHAZ4TZ04XFN3P0KB8E9R3", "query_preview": "What is the guidelines' rule about async versus sync code?", "level": "info", "timestamp": "2026-06-10T01:11:53.716485Z"}
{"prompt_tag": "answer@v5", "schema": "DraftAnswer", "model": "cyankiwi/Qwen3.5-4B-AWQ-4bit", "max_tokens": 1800, "temperature": 0.1, "top_p": 0.8, "presence_penalty": 1.0, "seed": 42, "message_count": 2, "event": "model_call.start", "correlation_id": "01KTQHAZ4TZ04XFN3P0KB8E9R3", "query_preview": "What is the guidelines' rule about async versus sync code?", "level": "info", "timestamp": "2026-06-10T01:11:53.718489Z"}
Authentication error: Langfuse client initialized without public_key. Client will be disabled. Provide a public_key parameter or set LANGFUSE_PUBLIC_KEY environment variable. 
{"prompt_tag": "answer@v5", "schema": "DraftAnswer", "tokens": 4318, "event": "model_call.done", "correlation_id": "01KTQHAZ4TZ04XFN3P0KB8E9R3", "query_preview": "What is the guidelines' rule about async versus sync code?", "level": "info", "timestamp": "2026-06-10T01:11:55.616977Z"}
{"node": "verify", "claim_count": 1, "event": "start", "correlation_id": "01KTQHAZ4TZ04XFN3P0KB8E9R3", "query_preview": "What is the guidelines' rule about async versus sync code?", "level": "info", "timestamp": "2026-06-10T01:11:55.618045Z"}
{"prompt_tag": "verify_grounding@v2", "schema": "VerificationResult", "model": "cyankiwi/Qwen3.5-4B-AWQ-4bit", "max_tokens": 1024, "temperature": 0.1, "top_p": 0.8, "presence_penalty": 1.0, "seed": 42, "message_count": 1, "event": "model_call.start", "correlation_id": "01KTQHAZ4TZ04XFN3P0KB8E9R3", "query_preview": "What is the guidelines' rule about async versus sync code?", "level": "info", "timestamp": "2026-06-10T01:11:55.620962Z"}
Authentication error: Langfuse client initialized without public_key. Client will be disabled. Provide a public_key parameter or set LANGFUSE_PUBLIC_KEY environment variable. 
{"prompt_tag": "verify_grounding@v2", "schema": "VerificationResult", "tokens": 2572, "event": "model_call.done", "correlation_id": "01KTQHAZ4TZ04XFN3P0KB8E9R3", "query_preview": "What is the guidelines' rule about async versus sync code?", "level": "info", "timestamp": "2026-06-10T01:11:56.199824Z"}
{"node": "assess_relevance", "event": "start", "correlation_id": "01KTQHAZ4TZ04XFN3P0KB8E9R3", "query_preview": "What is the guidelines' rule about async versus sync code?", "level": "info", "timestamp": "2026-06-10T01:11:56.201219Z"}
{"prompt_tag": "assess_relevance@v2", "schema": "RelevanceAssessment", "model": "cyankiwi/Qwen3.5-4B-AWQ-4bit", "max_tokens": 1024, "temperature": 0.1, "top_p": 0.8, "presence_penalty": 1.0, "seed": 42, "message_count": 1, "event": "model_call.start", "correlation_id": "01KTQHAZ4TZ04XFN3P0KB8E9R3", "query_preview": "What is the guidelines' rule about async versus sync code?", "level": "info", "timestamp": "2026-06-10T01:11:56.202111Z"}
Authentication error: Langfuse client initialized without public_key. Client will be disabled. Provide a public_key parameter or set LANGFUSE_PUBLIC_KEY environment variable. 
{"prompt_tag": "assess_relevance@v2", "schema": "RelevanceAssessment", "tokens": 661, "event": "model_call.done", "correlation_id": "01KTQHAZ4TZ04XFN3P0KB8E9R3", "query_preview": "What is the guidelines' rule about async versus sync code?", "level": "info", "timestamp": "2026-06-10T01:11:56.640017Z"}
{"node": "assess_relevance", "responsive": true, "event": "relevance", "correlation_id": "01KTQHAZ4TZ04XFN3P0KB8E9R3", "query_preview": "What is the guidelines' rule about async versus sync code?", "level": "info", "timestamp": "2026-06-10T01:11:56.640078Z"}
{"node": "compose", "event": "start", "correlation_id": "01KTQHAZ4TZ04XFN3P0KB8E9R3", "query_preview": "What is the guidelines' rule about async versus sync code?", "level": "info", "timestamp": "2026-06-10T01:11:56.641127Z"}
Authentication error: Langfuse client initialized without public_key. Client will be disabled. Provide a public_key parameter or set LANGFUSE_PUBLIC_KEY environment variable. 
{"node": "retrieve", "query_len": 86, "event": "start", "correlation_id": "01KTQHC1F1QDVCZX2XCNMQMFBG", "query_preview": "How many stages does a document flow through in the Memex pipeline, and what are", "level": "info", "timestamp": "2026-06-10T01:11:56.642577Z"}
{"query_len": 86, "k": 50, "event": "hybrid.start", "correlation_id": "01KTQHC1F1QDVCZX2XCNMQMFBG", "query_preview": "How many stages does a document flow through in the Memex pipeline, and what are", "level": "info", "timestamp": "2026-06-10T01:11:56.642614Z"}
{"query_len": 86, "k": 50, "dense": 50, "bm25": 0, "fused": 50, "term": false, "event": "hybrid.done", "correlation_id": "01KTQHC1F1QDVCZX2XCNMQMFBG", "query_preview": "How many stages does a document flow through in the Memex pipeline, and what are", "level": "info", "timestamp": "2026-06-10T01:11:56.715543Z"}
{"node": "retrieve", "candidate_count": 50, "event": "done", "correlation_id": "01KTQHC1F1QDVCZX2XCNMQMFBG", "query_preview": "How many stages does a document flow through in the Memex pipeline, and what are", "level": "info", "timestamp": "2026-06-10T01:11:56.716454Z"}
{"node": "expand_graph", "reason": "disabled_or_empty", "event": "skip", "correlation_id": "01KTQHC1F1QDVCZX2XCNMQMFBG", "query_preview": "How many stages does a document flow through in the Memex pipeline, and what are", "level": "info", "timestamp": "2026-06-10T01:11:56.717749Z"}
{"node": "rerank", "candidate_count": 50, "event": "start", "correlation_id": "01KTQHC1F1QDVCZX2XCNMQMFBG", "query_preview": "How many stages does a document flow through in the Memex pipeline, and what are", "level": "info", "timestamp": "2026-06-10T01:11:56.718216Z"}
{"node": "rerank", "top_k": 5, "source": "mode", "event": "top_k_resolved", "correlation_id": "01KTQHC1F1QDVCZX2XCNMQMFBG", "query_preview": "How many stages does a document flow through in the Memex pipeline, and what are", "level": "info", "timestamp": "2026-06-10T01:11:56.718264Z"}
{"candidates": 50, "top_k": 5, "backend": "cross_encoder", "event": "rerank.start", "correlation_id": "01KTQHC1F1QDVCZX2XCNMQMFBG", "query_preview": "How many stages does a document flow through in the Memex pipeline, and what are", "level": "info", "timestamp": "2026-06-10T01:11:56.718287Z"}
{"candidates": 50, "top_k": 5, "backend": "cross_encoder", "returned": 5, "event": "rerank.done", "correlation_id": "01KTQHC1F1QDVCZX2XCNMQMFBG", "query_preview": "How many stages does a document flow through in the Memex pipeline, and what are", "level": "info", "timestamp": "2026-06-10T01:12:21.497207Z"}
{"node": "rerank", "reranked_count": 5, "event": "done", "correlation_id": "01KTQHC1F1QDVCZX2XCNMQMFBG", "query_preview": "How many stages does a document flow through in the Memex pipeline, and what are", "level": "info", "timestamp": "2026-06-10T01:12:21.497305Z"}
{"prompt_tag": "generate_table_sql@v1", "schema": "GeneratedSQL", "model": "cyankiwi/Qwen3.5-4B-AWQ-4bit", "max_tokens": 1024, "temperature": 0.1, "top_p": 0.8, "presence_penalty": 1.0, "seed": 42, "message_count": 1, "event": "model_call.start", "correlation_id": "01KTQHC1F1QDVCZX2XCNMQMFBG", "query_preview": "How many stages does a document flow through in the Memex pipeline, and what are", "level": "info", "timestamp": "2026-06-10T01:12:21.507738Z"}
Authentication error: Langfuse client initialized without public_key. Client will be disabled. Provide a public_key parameter or set LANGFUSE_PUBLIC_KEY environment variable. 
{"prompt_tag": "generate_table_sql@v1", "schema": "GeneratedSQL", "tokens": 1026, "event": "model_call.done", "correlation_id": "01KTQHC1F1QDVCZX2XCNMQMFBG", "query_preview": "How many stages does a document flow through in the Memex pipeline, and what are", "level": "info", "timestamp": "2026-06-10T01:12:22.161263Z"}
{"node": "query_doc_tables", "sql": "SELECT * FROM c_4cb526adad ORDER BY operation LIMIT 1", "target": "c_4cb526adad", "event": "table_sql.generated", "correlation_id": "01KTQHC1F1QDVCZX2XCNMQMFBG", "query_preview": "How many stages does a document flow through in the Memex pipeline, and what are", "level": "info", "timestamp": "2026-06-10T01:12:22.161322Z"}
{"node": "query_doc_tables", "kind": "rows", "target": "4cb526adad", "event": "table_sql.result", "correlation_id": "01KTQHC1F1QDVCZX2XCNMQMFBG", "query_preview": "How many stages does a document flow through in the Memex pipeline, and what are", "level": "info", "timestamp": "2026-06-10T01:12:22.162251Z"}
{"node": "query_tables", "kind": "rows", "chunk_id": "f59860eb-guidelines#sql0001", "event": "injected", "correlation_id": "01KTQHC1F1QDVCZX2XCNMQMFBG", "query_preview": "How many stages does a document flow through in the Memex pipeline, and what are", "level": "info", "timestamp": "2026-06-10T01:12:22.162590Z"}
{"node": "assess", "reranked_count": 6, "event": "start", "correlation_id": "01KTQHC1F1QDVCZX2XCNMQMFBG", "query_preview": "How many stages does a document flow through in the Memex pipeline, and what are", "level": "info", "timestamp": "2026-06-10T01:12:22.163534Z"}
{"prompt_tag": "assess_sufficiency@v4", "schema": "SufficiencyAssessment", "model": "cyankiwi/Qwen3.5-4B-AWQ-4bit", "max_tokens": 1024, "temperature": 0.1, "top_p": 0.8, "presence_penalty": 1.0, "seed": 42, "message_count": 1, "event": "model_call.start", "correlation_id": "01KTQHC1F1QDVCZX2XCNMQMFBG", "query_preview": "How many stages does a document flow through in the Memex pipeline, and what are", "level": "info", "timestamp": "2026-06-10T01:12:22.164869Z"}
Authentication error: Langfuse client initialized without public_key. Client will be disabled. Provide a public_key parameter or set LANGFUSE_PUBLIC_KEY environment variable. 
{"prompt_tag": "assess_sufficiency@v4", "schema": "SufficiencyAssessment", "tokens": 2252, "event": "model_call.done", "correlation_id": "01KTQHC1F1QDVCZX2XCNMQMFBG", "query_preview": "How many stages does a document flow through in the Memex pipeline, and what are", "level": "info", "timestamp": "2026-06-10T01:12:22.953911Z"}
{"node": "answer", "regenerate_attempt": 0, "event": "start", "correlation_id": "01KTQHC1F1QDVCZX2XCNMQMFBG", "query_preview": "How many stages does a document flow through in the Memex pipeline, and what are", "level": "info", "timestamp": "2026-06-10T01:12:22.955167Z"}
{"prompt_tag": "answer@v5", "schema": "DraftAnswer", "model": "cyankiwi/Qwen3.5-4B-AWQ-4bit", "max_tokens": 1800, "temperature": 0.1, "top_p": 0.8, "presence_penalty": 1.0, "seed": 42, "message_count": 2, "event": "model_call.start", "correlation_id": "01KTQHC1F1QDVCZX2XCNMQMFBG", "query_preview": "How many stages does a document flow through in the Memex pipeline, and what are", "level": "info", "timestamp": "2026-06-10T01:12:22.957205Z"}
Authentication error: Langfuse client initialized without public_key. Client will be disabled. Provide a public_key parameter or set LANGFUSE_PUBLIC_KEY environment variable. 
{"prompt_tag": "answer@v5", "schema": "DraftAnswer", "tokens": 3873, "event": "model_call.done", "correlation_id": "01KTQHC1F1QDVCZX2XCNMQMFBG", "query_preview": "How many stages does a document flow through in the Memex pipeline, and what are", "level": "info", "timestamp": "2026-06-10T01:12:24.309241Z"}
{"node": "verify", "claim_count": 1, "event": "start", "correlation_id": "01KTQHC1F1QDVCZX2XCNMQMFBG", "query_preview": "How many stages does a document flow through in the Memex pipeline, and what are", "level": "info", "timestamp": "2026-06-10T01:12:24.310172Z"}
{"prompt_tag": "verify_grounding@v2", "schema": "VerificationResult", "model": "cyankiwi/Qwen3.5-4B-AWQ-4bit", "max_tokens": 1024, "temperature": 0.1, "top_p": 0.8, "presence_penalty": 1.0, "seed": 42, "message_count": 1, "event": "model_call.start", "correlation_id": "01KTQHC1F1QDVCZX2XCNMQMFBG", "query_preview": "How many stages does a document flow through in the Memex pipeline, and what are", "level": "info", "timestamp": "2026-06-10T01:12:24.313155Z"}
Authentication error: Langfuse client initialized without public_key. Client will be disabled. Provide a public_key parameter or set LANGFUSE_PUBLIC_KEY environment variable. 
{"prompt_tag": "verify_grounding@v2", "schema": "VerificationResult", "tokens": 2152, "event": "model_call.done", "correlation_id": "01KTQHC1F1QDVCZX2XCNMQMFBG", "query_preview": "How many stages does a document flow through in the Memex pipeline, and what are", "level": "info", "timestamp": "2026-06-10T01:12:24.833168Z"}
{"node": "assess_relevance", "event": "start", "correlation_id": "01KTQHC1F1QDVCZX2XCNMQMFBG", "query_preview": "How many stages does a document flow through in the Memex pipeline, and what are", "level": "info", "timestamp": "2026-06-10T01:12:24.834470Z"}
{"prompt_tag": "assess_relevance@v2", "schema": "RelevanceAssessment", "model": "cyankiwi/Qwen3.5-4B-AWQ-4bit", "max_tokens": 1024, "temperature": 0.1, "top_p": 0.8, "presence_penalty": 1.0, "seed": 42, "message_count": 1, "event": "model_call.start", "correlation_id": "01KTQHC1F1QDVCZX2XCNMQMFBG", "query_preview": "How many stages does a document flow through in the Memex pipeline, and what are", "level": "info", "timestamp": "2026-06-10T01:12:24.835388Z"}
Authentication error: Langfuse client initialized without public_key. Client will be disabled. Provide a public_key parameter or set LANGFUSE_PUBLIC_KEY environment variable. 
{"prompt_tag": "assess_relevance@v2", "schema": "RelevanceAssessment", "tokens": 611, "event": "model_call.done", "correlation_id": "01KTQHC1F1QDVCZX2XCNMQMFBG", "query_preview": "How many stages does a document flow through in the Memex pipeline, and what are", "level": "info", "timestamp": "2026-06-10T01:12:25.256536Z"}
{"node": "assess_relevance", "responsive": true, "event": "relevance", "correlation_id": "01KTQHC1F1QDVCZX2XCNMQMFBG", "query_preview": "How many stages does a document flow through in the Memex pipeline, and what are", "level": "info", "timestamp": "2026-06-10T01:12:25.256601Z"}
{"node": "compose", "event": "start", "correlation_id": "01KTQHC1F1QDVCZX2XCNMQMFBG", "query_preview": "How many stages does a document flow through in the Memex pipeline, and what are", "level": "info", "timestamp": "2026-06-10T01:12:25.257716Z"}
Authentication error: Langfuse client initialized without public_key. Client will be disabled. Provide a public_key parameter or set LANGFUSE_PUBLIC_KEY environment variable. 
{"node": "retrieve", "query_len": 72, "event": "start", "correlation_id": "01KTQHCXDASQSCT3PZQA83ZPQB", "query_preview": "What type of identifier is the correlation_id, and when is it generated?", "level": "info", "timestamp": "2026-06-10T01:12:25.259177Z"}
{"query_len": 72, "k": 50, "event": "hybrid.start", "correlation_id": "01KTQHCXDASQSCT3PZQA83ZPQB", "query_preview": "What type of identifier is the correlation_id, and when is it generated?", "level": "info", "timestamp": "2026-06-10T01:12:25.259213Z"}
{"query_len": 72, "k": 50, "dense": 50, "bm25": 50, "fused": 50, "term": true, "event": "hybrid.done", "correlation_id": "01KTQHCXDASQSCT3PZQA83ZPQB", "query_preview": "What type of identifier is the correlation_id, and when is it generated?", "level": "info", "timestamp": "2026-06-10T01:12:25.331683Z"}
{"node": "retrieve", "candidate_count": 50, "event": "done", "correlation_id": "01KTQHCXDASQSCT3PZQA83ZPQB", "query_preview": "What type of identifier is the correlation_id, and when is it generated?", "level": "info", "timestamp": "2026-06-10T01:12:25.333350Z"}
{"node": "expand_graph", "reason": "disabled_or_empty", "event": "skip", "correlation_id": "01KTQHCXDASQSCT3PZQA83ZPQB", "query_preview": "What type of identifier is the correlation_id, and when is it generated?", "level": "info", "timestamp": "2026-06-10T01:12:25.334891Z"}
{"node": "rerank", "candidate_count": 50, "event": "start", "correlation_id": "01KTQHCXDASQSCT3PZQA83ZPQB", "query_preview": "What type of identifier is the correlation_id, and when is it generated?", "level": "info", "timestamp": "2026-06-10T01:12:25.335714Z"}
{"node": "rerank", "top_k": 5, "source": "mode", "event": "top_k_resolved", "correlation_id": "01KTQHCXDASQSCT3PZQA83ZPQB", "query_preview": "What type of identifier is the correlation_id, and when is it generated?", "level": "info", "timestamp": "2026-06-10T01:12:25.335775Z"}
{"candidates": 50, "top_k": 5, "backend": "cross_encoder", "event": "rerank.start", "correlation_id": "01KTQHCXDASQSCT3PZQA83ZPQB", "query_preview": "What type of identifier is the correlation_id, and when is it generated?", "level": "info", "timestamp": "2026-06-10T01:12:25.335811Z"}
{"candidates": 50, "top_k": 5, "backend": "cross_encoder", "returned": 5, "event": "rerank.done", "correlation_id": "01KTQHCXDASQSCT3PZQA83ZPQB", "query_preview": "What type of identifier is the correlation_id, and when is it generated?", "level": "info", "timestamp": "2026-06-10T01:12:48.237207Z"}
{"node": "rerank", "reranked_count": 5, "event": "done", "correlation_id": "01KTQHCXDASQSCT3PZQA83ZPQB", "query_preview": "What type of identifier is the correlation_id, and when is it generated?", "level": "info", "timestamp": "2026-06-10T01:12:48.237301Z"}
{"node": "query_tables", "reason": "empty_or_not_table_shaped", "event": "skip", "correlation_id": "01KTQHCXDASQSCT3PZQA83ZPQB", "query_preview": "What type of identifier is the correlation_id, and when is it generated?", "level": "info", "timestamp": "2026-06-10T01:12:48.238997Z"}
{"node": "assess", "reranked_count": 5, "event": "start", "correlation_id": "01KTQHCXDASQSCT3PZQA83ZPQB", "query_preview": "What type of identifier is the correlation_id, and when is it generated?", "level": "info", "timestamp": "2026-06-10T01:12:48.239673Z"}
{"prompt_tag": "assess_sufficiency@v4", "schema": "SufficiencyAssessment", "model": "cyankiwi/Qwen3.5-4B-AWQ-4bit", "max_tokens": 1024, "temperature": 0.1, "top_p": 0.8, "presence_penalty": 1.0, "seed": 42, "message_count": 1, "event": "model_call.start", "correlation_id": "01KTQHCXDASQSCT3PZQA83ZPQB", "query_preview": "What type of identifier is the correlation_id, and when is it generated?", "level": "info", "timestamp": "2026-06-10T01:12:48.241531Z"}
Authentication error: Langfuse client initialized without public_key. Client will be disabled. Provide a public_key parameter or set LANGFUSE_PUBLIC_KEY environment variable. 
{"prompt_tag": "assess_sufficiency@v4", "schema": "SufficiencyAssessment", "tokens": 1499, "event": "model_call.done", "correlation_id": "01KTQHCXDASQSCT3PZQA83ZPQB", "query_preview": "What type of identifier is the correlation_id, and when is it generated?", "level": "info", "timestamp": "2026-06-10T01:12:48.880795Z"}
{"node": "answer", "regenerate_attempt": 0, "event": "start", "correlation_id": "01KTQHCXDASQSCT3PZQA83ZPQB", "query_preview": "What type of identifier is the correlation_id, and when is it generated?", "level": "info", "timestamp": "2026-06-10T01:12:48.882024Z"}
{"prompt_tag": "answer@v5", "schema": "DraftAnswer", "model": "cyankiwi/Qwen3.5-4B-AWQ-4bit", "max_tokens": 1800, "temperature": 0.1, "top_p": 0.8, "presence_penalty": 1.0, "seed": 42, "message_count": 2, "event": "model_call.start", "correlation_id": "01KTQHCXDASQSCT3PZQA83ZPQB", "query_preview": "What type of identifier is the correlation_id, and when is it generated?", "level": "info", "timestamp": "2026-06-10T01:12:48.883986Z"}
Authentication error: Langfuse client initialized without public_key. Client will be disabled. Provide a public_key parameter or set LANGFUSE_PUBLIC_KEY environment variable. 
{"prompt_tag": "answer@v5", "schema": "DraftAnswer", "tokens": 3216, "event": "model_call.done", "correlation_id": "01KTQHCXDASQSCT3PZQA83ZPQB", "query_preview": "What type of identifier is the correlation_id, and when is it generated?", "level": "info", "timestamp": "2026-06-10T01:12:51.119459Z"}
{"node": "answer", "exact": 0, "suffix": 0, "fuzzy": 2, "unresolved": 0, "event": "chunk_id_repair", "correlation_id": "01KTQHCXDASQSCT3PZQA83ZPQB", "query_preview": "What type of identifier is the correlation_id, and when is it generated?", "level": "info", "timestamp": "2026-06-10T01:12:51.119642Z"}
{"node": "verify", "claim_count": 2, "event": "start", "correlation_id": "01KTQHCXDASQSCT3PZQA83ZPQB", "query_preview": "What type of identifier is the correlation_id, and when is it generated?", "level": "info", "timestamp": "2026-06-10T01:12:51.120395Z"}
{"prompt_tag": "verify_grounding@v2", "schema": "VerificationResult", "model": "cyankiwi/Qwen3.5-4B-AWQ-4bit", "max_tokens": 1024, "temperature": 0.1, "top_p": 0.8, "presence_penalty": 1.0, "seed": 42, "message_count": 1, "event": "model_call.start", "correlation_id": "01KTQHCXDASQSCT3PZQA83ZPQB", "query_preview": "What type of identifier is the correlation_id, and when is it generated?", "level": "info", "timestamp": "2026-06-10T01:12:51.123502Z"}
Authentication error: Langfuse client initialized without public_key. Client will be disabled. Provide a public_key parameter or set LANGFUSE_PUBLIC_KEY environment variable. 
{"prompt_tag": "verify_grounding@v2", "schema": "VerificationResult", "tokens": 1464, "event": "model_call.done", "correlation_id": "01KTQHCXDASQSCT3PZQA83ZPQB", "query_preview": "What type of identifier is the correlation_id, and when is it generated?", "level": "info", "timestamp": "2026-06-10T01:12:51.597666Z"}
{"node": "assess_relevance", "event": "start", "correlation_id": "01KTQHCXDASQSCT3PZQA83ZPQB", "query_preview": "What type of identifier is the correlation_id, and when is it generated?", "level": "info", "timestamp": "2026-06-10T01:12:51.599232Z"}
{"prompt_tag": "assess_relevance@v2", "schema": "RelevanceAssessment", "model": "cyankiwi/Qwen3.5-4B-AWQ-4bit", "max_tokens": 1024, "temperature": 0.1, "top_p": 0.8, "presence_penalty": 1.0, "seed": 42, "message_count": 1, "event": "model_call.start", "correlation_id": "01KTQHCXDASQSCT3PZQA83ZPQB", "query_preview": "What type of identifier is the correlation_id, and when is it generated?", "level": "info", "timestamp": "2026-06-10T01:12:51.600122Z"}
Authentication error: Langfuse client initialized without public_key. Client will be disabled. Provide a public_key parameter or set LANGFUSE_PUBLIC_KEY environment variable. 
{"prompt_tag": "assess_relevance@v2", "schema": "RelevanceAssessment", "tokens": 656, "event": "model_call.done", "correlation_id": "01KTQHCXDASQSCT3PZQA83ZPQB", "query_preview": "What type of identifier is the correlation_id, and when is it generated?", "level": "info", "timestamp": "2026-06-10T01:12:52.098769Z"}
{"node": "assess_relevance", "responsive": true, "event": "relevance", "correlation_id": "01KTQHCXDASQSCT3PZQA83ZPQB", "query_preview": "What type of identifier is the correlation_id, and when is it generated?", "level": "info", "timestamp": "2026-06-10T01:12:52.098821Z"}
{"node": "compose", "event": "start", "correlation_id": "01KTQHCXDASQSCT3PZQA83ZPQB", "query_preview": "What type of identifier is the correlation_id, and when is it generated?", "level": "info", "timestamp": "2026-06-10T01:12:52.099954Z"}
Authentication error: Langfuse client initialized without public_key. Client will be disabled. Provide a public_key parameter or set LANGFUSE_PUBLIC_KEY environment variable. 
{"node": "retrieve", "query_len": 53, "event": "start", "correlation_id": "01KTQHDQM4CS7ZVTZP5MDQK4JD", "query_preview": "Where and for how long are pipeline events persisted?", "level": "info", "timestamp": "2026-06-10T01:12:52.101418Z"}
{"query_len": 53, "k": 50, "event": "hybrid.start", "correlation_id": "01KTQHDQM4CS7ZVTZP5MDQK4JD", "query_preview": "Where and for how long are pipeline events persisted?", "level": "info", "timestamp": "2026-06-10T01:12:52.101456Z"}
{"query_len": 53, "k": 50, "dense": 50, "bm25": 0, "fused": 50, "term": false, "event": "hybrid.done", "correlation_id": "01KTQHDQM4CS7ZVTZP5MDQK4JD", "query_preview": "Where and for how long are pipeline events persisted?", "level": "info", "timestamp": "2026-06-10T01:12:52.264517Z"}
{"node": "retrieve", "candidate_count": 50, "event": "done", "correlation_id": "01KTQHDQM4CS7ZVTZP5MDQK4JD", "query_preview": "Where and for how long are pipeline events persisted?", "level": "info", "timestamp": "2026-06-10T01:12:52.265497Z"}
{"node": "expand_graph", "reason": "disabled_or_empty", "event": "skip", "correlation_id": "01KTQHDQM4CS7ZVTZP5MDQK4JD", "query_preview": "Where and for how long are pipeline events persisted?", "level": "info", "timestamp": "2026-06-10T01:12:52.267195Z"}
{"node": "rerank", "candidate_count": 50, "event": "start", "correlation_id": "01KTQHDQM4CS7ZVTZP5MDQK4JD", "query_preview": "Where and for how long are pipeline events persisted?", "level": "info", "timestamp": "2026-06-10T01:12:52.267877Z"}
{"node": "rerank", "top_k": 5, "source": "mode", "event": "top_k_resolved", "correlation_id": "01KTQHDQM4CS7ZVTZP5MDQK4JD", "query_preview": "Where and for how long are pipeline events persisted?", "level": "info", "timestamp": "2026-06-10T01:12:52.267928Z"}
{"candidates": 50, "top_k": 5, "backend": "cross_encoder", "event": "rerank.start", "correlation_id": "01KTQHDQM4CS7ZVTZP5MDQK4JD", "query_preview": "Where and for how long are pipeline events persisted?", "level": "info", "timestamp": "2026-06-10T01:12:52.267951Z"}
{"candidates": 50, "top_k": 5, "backend": "cross_encoder", "returned": 5, "event": "rerank.done", "correlation_id": "01KTQHDQM4CS7ZVTZP5MDQK4JD", "query_preview": "Where and for how long are pipeline events persisted?", "level": "info", "timestamp": "2026-06-10T01:13:24.381247Z"}
{"node": "rerank", "reranked_count": 5, "event": "done", "correlation_id": "01KTQHDQM4CS7ZVTZP5MDQK4JD", "query_preview": "Where and for how long are pipeline events persisted?", "level": "info", "timestamp": "2026-06-10T01:13:24.381348Z"}
{"node": "query_tables", "reason": "empty_or_not_table_shaped", "event": "skip", "correlation_id": "01KTQHDQM4CS7ZVTZP5MDQK4JD", "query_preview": "Where and for how long are pipeline events persisted?", "level": "info", "timestamp": "2026-06-10T01:13:24.383535Z"}
{"node": "assess", "reranked_count": 5, "event": "start", "correlation_id": "01KTQHDQM4CS7ZVTZP5MDQK4JD", "query_preview": "Where and for how long are pipeline events persisted?", "level": "info", "timestamp": "2026-06-10T01:13:24.384328Z"}
{"prompt_tag": "assess_sufficiency@v4", "schema": "SufficiencyAssessment", "model": "cyankiwi/Qwen3.5-4B-AWQ-4bit", "max_tokens": 1024, "temperature": 0.1, "top_p": 0.8, "presence_penalty": 1.0, "seed": 42, "message_count": 1, "event": "model_call.start", "correlation_id": "01KTQHDQM4CS7ZVTZP5MDQK4JD", "query_preview": "Where and for how long are pipeline events persisted?", "level": "info", "timestamp": "2026-06-10T01:13:24.386131Z"}
Authentication error: Langfuse client initialized without public_key. Client will be disabled. Provide a public_key parameter or set LANGFUSE_PUBLIC_KEY environment variable. 
{"prompt_tag": "assess_sufficiency@v4", "schema": "SufficiencyAssessment", "tokens": 2164, "event": "model_call.done", "correlation_id": "01KTQHDQM4CS7ZVTZP5MDQK4JD", "query_preview": "Where and for how long are pipeline events persisted?", "level": "info", "timestamp": "2026-06-10T01:13:25.172361Z"}
{"node": "answer", "regenerate_attempt": 0, "event": "start", "correlation_id": "01KTQHDQM4CS7ZVTZP5MDQK4JD", "query_preview": "Where and for how long are pipeline events persisted?", "level": "info", "timestamp": "2026-06-10T01:13:25.173654Z"}
{"prompt_tag": "answer@v5", "schema": "DraftAnswer", "model": "cyankiwi/Qwen3.5-4B-AWQ-4bit", "max_tokens": 1800, "temperature": 0.1, "top_p": 0.8, "presence_penalty": 1.0, "seed": 42, "message_count": 2, "event": "model_call.start", "correlation_id": "01KTQHDQM4CS7ZVTZP5MDQK4JD", "query_preview": "Where and for how long are pipeline events persisted?", "level": "info", "timestamp": "2026-06-10T01:13:25.175601Z"}
Authentication error: Langfuse client initialized without public_key. Client will be disabled. Provide a public_key parameter or set LANGFUSE_PUBLIC_KEY environment variable. 
{"prompt_tag": "answer@v5", "schema": "DraftAnswer", "tokens": 3802, "event": "model_call.done", "correlation_id": "01KTQHDQM4CS7ZVTZP5MDQK4JD", "query_preview": "Where and for how long are pipeline events persisted?", "level": "info", "timestamp": "2026-06-10T01:13:26.700952Z"}
{"node": "answer", "exact": 0, "suffix": 0, "fuzzy": 1, "unresolved": 0, "event": "chunk_id_repair", "correlation_id": "01KTQHDQM4CS7ZVTZP5MDQK4JD", "query_preview": "Where and for how long are pipeline events persisted?", "level": "info", "timestamp": "2026-06-10T01:13:26.701083Z"}
{"node": "verify", "claim_count": 1, "event": "start", "correlation_id": "01KTQHDQM4CS7ZVTZP5MDQK4JD", "query_preview": "Where and for how long are pipeline events persisted?", "level": "info", "timestamp": "2026-06-10T01:13:26.701826Z"}
{"prompt_tag": "verify_grounding@v2", "schema": "VerificationResult", "model": "cyankiwi/Qwen3.5-4B-AWQ-4bit", "max_tokens": 1024, "temperature": 0.1, "top_p": 0.8, "presence_penalty": 1.0, "seed": 42, "message_count": 1, "event": "model_call.start", "correlation_id": "01KTQHDQM4CS7ZVTZP5MDQK4JD", "query_preview": "Where and for how long are pipeline events persisted?", "level": "info", "timestamp": "2026-06-10T01:13:26.704939Z"}
Authentication error: Langfuse client initialized without public_key. Client will be disabled. Provide a public_key parameter or set LANGFUSE_PUBLIC_KEY environment variable. 
{"prompt_tag": "verify_grounding@v2", "schema": "VerificationResult", "tokens": 2075, "event": "model_call.done", "correlation_id": "01KTQHDQM4CS7ZVTZP5MDQK4JD", "query_preview": "Where and for how long are pipeline events persisted?", "level": "info", "timestamp": "2026-06-10T01:13:27.207526Z"}
{"node": "assess_relevance", "event": "start", "correlation_id": "01KTQHDQM4CS7ZVTZP5MDQK4JD", "query_preview": "Where and for how long are pipeline events persisted?", "level": "info", "timestamp": "2026-06-10T01:13:27.208921Z"}
{"prompt_tag": "assess_relevance@v2", "schema": "RelevanceAssessment", "model": "cyankiwi/Qwen3.5-4B-AWQ-4bit", "max_tokens": 1024, "temperature": 0.1, "top_p": 0.8, "presence_penalty": 1.0, "seed": 42, "message_count": 1, "event": "model_call.start", "correlation_id": "01KTQHDQM4CS7ZVTZP5MDQK4JD", "query_preview": "Where and for how long are pipeline events persisted?", "level": "info", "timestamp": "2026-06-10T01:13:27.209965Z"}
Authentication error: Langfuse client initialized without public_key. Client will be disabled. Provide a public_key parameter or set LANGFUSE_PUBLIC_KEY environment variable. 
{"prompt_tag": "assess_relevance@v2", "schema": "RelevanceAssessment", "tokens": 619, "event": "model_call.done", "correlation_id": "01KTQHDQM4CS7ZVTZP5MDQK4JD", "query_preview": "Where and for how long are pipeline events persisted?", "level": "info", "timestamp": "2026-06-10T01:13:27.658886Z"}
{"node": "assess_relevance", "responsive": true, "event": "relevance", "correlation_id": "01KTQHDQM4CS7ZVTZP5MDQK4JD", "query_preview": "Where and for how long are pipeline events persisted?", "level": "info", "timestamp": "2026-06-10T01:13:27.658950Z"}
{"node": "compose", "event": "start", "correlation_id": "01KTQHDQM4CS7ZVTZP5MDQK4JD", "query_preview": "Where and for how long are pipeline events persisted?", "level": "info", "timestamp": "2026-06-10T01:13:27.660159Z"}
Authentication error: Langfuse client initialized without public_key. Client will be disabled. Provide a public_key parameter or set LANGFUSE_PUBLIC_KEY environment variable. 
{"node": "retrieve", "query_len": 62, "event": "start", "correlation_id": "01KTQHETBCG01XSFPD77XK6G5E", "query_preview": "What does the module-boundary rule forbid a module from doing?", "level": "info", "timestamp": "2026-06-10T01:13:27.661655Z"}
{"query_len": 62, "k": 50, "event": "hybrid.start", "correlation_id": "01KTQHETBCG01XSFPD77XK6G5E", "query_preview": "What does the module-boundary rule forbid a module from doing?", "level": "info", "timestamp": "2026-06-10T01:13:27.661692Z"}
{"query_len": 62, "k": 50, "dense": 50, "bm25": 0, "fused": 50, "term": false, "event": "hybrid.done", "correlation_id": "01KTQHETBCG01XSFPD77XK6G5E", "query_preview": "What does the module-boundary rule forbid a module from doing?", "level": "info", "timestamp": "2026-06-10T01:13:27.732062Z"}
{"node": "retrieve", "candidate_count": 50, "event": "done", "correlation_id": "01KTQHETBCG01XSFPD77XK6G5E", "query_preview": "What does the module-boundary rule forbid a module from doing?", "level": "info", "timestamp": "2026-06-10T01:13:27.732936Z"}
{"node": "expand_graph", "reason": "disabled_or_empty", "event": "skip", "correlation_id": "01KTQHETBCG01XSFPD77XK6G5E", "query_preview": "What does the module-boundary rule forbid a module from doing?", "level": "info", "timestamp": "2026-06-10T01:13:27.734326Z"}
{"node": "rerank", "candidate_count": 50, "event": "start", "correlation_id": "01KTQHETBCG01XSFPD77XK6G5E", "query_preview": "What does the module-boundary rule forbid a module from doing?", "level": "info", "timestamp": "2026-06-10T01:13:27.734824Z"}
{"node": "rerank", "top_k": 5, "source": "mode", "event": "top_k_resolved", "correlation_id": "01KTQHETBCG01XSFPD77XK6G5E", "query_preview": "What does the module-boundary rule forbid a module from doing?", "level": "info", "timestamp": "2026-06-10T01:13:27.734868Z"}
{"candidates": 50, "top_k": 5, "backend": "cross_encoder", "event": "rerank.start", "correlation_id": "01KTQHETBCG01XSFPD77XK6G5E", "query_preview": "What does the module-boundary rule forbid a module from doing?", "level": "info", "timestamp": "2026-06-10T01:13:27.734891Z"}
{"candidates": 50, "top_k": 5, "backend": "cross_encoder", "returned": 5, "event": "rerank.done", "correlation_id": "01KTQHETBCG01XSFPD77XK6G5E", "query_preview": "What does the module-boundary rule forbid a module from doing?", "level": "info", "timestamp": "2026-06-10T01:13:49.071856Z"}
{"node": "rerank", "reranked_count": 5, "event": "done", "correlation_id": "01KTQHETBCG01XSFPD77XK6G5E", "query_preview": "What does the module-boundary rule forbid a module from doing?", "level": "info", "timestamp": "2026-06-10T01:13:49.071948Z"}
{"node": "query_tables", "reason": "empty_or_not_table_shaped", "event": "skip", "correlation_id": "01KTQHETBCG01XSFPD77XK6G5E", "query_preview": "What does the module-boundary rule forbid a module from doing?", "level": "info", "timestamp": "2026-06-10T01:13:49.073637Z"}
{"node": "assess", "reranked_count": 5, "event": "start", "correlation_id": "01KTQHETBCG01XSFPD77XK6G5E", "query_preview": "What does the module-boundary rule forbid a module from doing?", "level": "info", "timestamp": "2026-06-10T01:13:49.074307Z"}
{"prompt_tag": "assess_sufficiency@v4", "schema": "SufficiencyAssessment", "model": "cyankiwi/Qwen3.5-4B-AWQ-4bit", "max_tokens": 1024, "temperature": 0.1, "top_p": 0.8, "presence_penalty": 1.0, "seed": 42, "message_count": 1, "event": "model_call.start", "correlation_id": "01KTQHETBCG01XSFPD77XK6G5E", "query_preview": "What does the module-boundary rule forbid a module from doing?", "level": "info", "timestamp": "2026-06-10T01:13:49.076265Z"}
Authentication error: Langfuse client initialized without public_key. Client will be disabled. Provide a public_key parameter or set LANGFUSE_PUBLIC_KEY environment variable. 
{"prompt_tag": "assess_sufficiency@v4", "schema": "SufficiencyAssessment", "tokens": 1815, "event": "model_call.done", "correlation_id": "01KTQHETBCG01XSFPD77XK6G5E", "query_preview": "What does the module-boundary rule forbid a module from doing?", "level": "info", "timestamp": "2026-06-10T01:13:50.107632Z"}
{"node": "answer", "regenerate_attempt": 0, "event": "start", "correlation_id": "01KTQHETBCG01XSFPD77XK6G5E", "query_preview": "What does the module-boundary rule forbid a module from doing?", "level": "info", "timestamp": "2026-06-10T01:13:50.108871Z"}
{"prompt_tag": "answer@v5", "schema": "DraftAnswer", "model": "cyankiwi/Qwen3.5-4B-AWQ-4bit", "max_tokens": 1800, "temperature": 0.1, "top_p": 0.8, "presence_penalty": 1.0, "seed": 42, "message_count": 2, "event": "model_call.start", "correlation_id": "01KTQHETBCG01XSFPD77XK6G5E", "query_preview": "What does the module-boundary rule forbid a module from doing?", "level": "info", "timestamp": "2026-06-10T01:13:50.110842Z"}
Authentication error: Langfuse client initialized without public_key. Client will be disabled. Provide a public_key parameter or set LANGFUSE_PUBLIC_KEY environment variable. 
{"prompt_tag": "answer@v5", "schema": "DraftAnswer", "tokens": 3440, "event": "model_call.done", "correlation_id": "01KTQHETBCG01XSFPD77XK6G5E", "query_preview": "What does the module-boundary rule forbid a module from doing?", "level": "info", "timestamp": "2026-06-10T01:13:51.636377Z"}
{"node": "verify", "claim_count": 1, "event": "start", "correlation_id": "01KTQHETBCG01XSFPD77XK6G5E", "query_preview": "What does the module-boundary rule forbid a module from doing?", "level": "info", "timestamp": "2026-06-10T01:13:51.637306Z"}
{"prompt_tag": "verify_grounding@v2", "schema": "VerificationResult", "model": "cyankiwi/Qwen3.5-4B-AWQ-4bit", "max_tokens": 1024, "temperature": 0.1, "top_p": 0.8, "presence_penalty": 1.0, "seed": 42, "message_count": 1, "event": "model_call.start", "correlation_id": "01KTQHETBCG01XSFPD77XK6G5E", "query_preview": "What does the module-boundary rule forbid a module from doing?", "level": "info", "timestamp": "2026-06-10T01:13:51.640240Z"}
Authentication error: Langfuse client initialized without public_key. Client will be disabled. Provide a public_key parameter or set LANGFUSE_PUBLIC_KEY environment variable. 
{"prompt_tag": "verify_grounding@v2", "schema": "VerificationResult", "tokens": 1709, "event": "model_call.done", "correlation_id": "01KTQHETBCG01XSFPD77XK6G5E", "query_preview": "What does the module-boundary rule forbid a module from doing?", "level": "info", "timestamp": "2026-06-10T01:13:52.089431Z"}
{"node": "assess_relevance", "event": "start", "correlation_id": "01KTQHETBCG01XSFPD77XK6G5E", "query_preview": "What does the module-boundary rule forbid a module from doing?", "level": "info", "timestamp": "2026-06-10T01:13:52.091431Z"}
{"prompt_tag": "assess_relevance@v2", "schema": "RelevanceAssessment", "model": "cyankiwi/Qwen3.5-4B-AWQ-4bit", "max_tokens": 1024, "temperature": 0.1, "top_p": 0.8, "presence_penalty": 1.0, "seed": 42, "message_count": 1, "event": "model_call.start", "correlation_id": "01KTQHETBCG01XSFPD77XK6G5E", "query_preview": "What does the module-boundary rule forbid a module from doing?", "level": "info", "timestamp": "2026-06-10T01:13:52.092370Z"}
Authentication error: Langfuse client initialized without public_key. Client will be disabled. Provide a public_key parameter or set LANGFUSE_PUBLIC_KEY environment variable. 
{"prompt_tag": "assess_relevance@v2", "schema": "RelevanceAssessment", "tokens": 626, "event": "model_call.done", "correlation_id": "01KTQHETBCG01XSFPD77XK6G5E", "query_preview": "What does the module-boundary rule forbid a module from doing?", "level": "info", "timestamp": "2026-06-10T01:13:52.505789Z"}
{"node": "assess_relevance", "responsive": true, "event": "relevance", "correlation_id": "01KTQHETBCG01XSFPD77XK6G5E", "query_preview": "What does the module-boundary rule forbid a module from doing?", "level": "info", "timestamp": "2026-06-10T01:13:52.505855Z"}
{"node": "compose", "event": "start", "correlation_id": "01KTQHETBCG01XSFPD77XK6G5E", "query_preview": "What does the module-boundary rule forbid a module from doing?", "level": "info", "timestamp": "2026-06-10T01:13:52.507593Z"}
Authentication error: Langfuse client initialized without public_key. Client will be disabled. Provide a public_key parameter or set LANGFUSE_PUBLIC_KEY environment variable. 
{"node": "retrieve", "query_len": 106, "event": "start", "correlation_id": "01KTQHFJKWPWDXNVHHM1W197NH", "query_preview": "In Memex's hybrid retrieval, how many fused candidates does the reranker take an", "level": "info", "timestamp": "2026-06-10T01:13:52.509597Z"}
{"query_len": 106, "k": 50, "event": "hybrid.start", "correlation_id": "01KTQHFJKWPWDXNVHHM1W197NH", "query_preview": "In Memex's hybrid retrieval, how many fused candidates does the reranker take an", "level": "info", "timestamp": "2026-06-10T01:13:52.509640Z"}
{"query_len": 106, "k": 50, "dense": 50, "bm25": 0, "fused": 50, "term": false, "event": "hybrid.done", "correlation_id": "01KTQHFJKWPWDXNVHHM1W197NH", "query_preview": "In Memex's hybrid retrieval, how many fused candidates does the reranker take an", "level": "info", "timestamp": "2026-06-10T01:13:52.581160Z"}
{"node": "retrieve", "candidate_count": 50, "event": "done", "correlation_id": "01KTQHFJKWPWDXNVHHM1W197NH", "query_preview": "In Memex's hybrid retrieval, how many fused candidates does the reranker take an", "level": "info", "timestamp": "2026-06-10T01:13:52.582065Z"}
{"node": "expand_graph", "reason": "disabled_or_empty", "event": "skip", "correlation_id": "01KTQHFJKWPWDXNVHHM1W197NH", "query_preview": "In Memex's hybrid retrieval, how many fused candidates does the reranker take an", "level": "info", "timestamp": "2026-06-10T01:13:52.583488Z"}
{"node": "rerank", "candidate_count": 50, "event": "start", "correlation_id": "01KTQHFJKWPWDXNVHHM1W197NH", "query_preview": "In Memex's hybrid retrieval, how many fused candidates does the reranker take an", "level": "info", "timestamp": "2026-06-10T01:13:52.583967Z"}
{"node": "rerank", "top_k": 5, "source": "mode", "event": "top_k_resolved", "correlation_id": "01KTQHFJKWPWDXNVHHM1W197NH", "query_preview": "In Memex's hybrid retrieval, how many fused candidates does the reranker take an", "level": "info", "timestamp": "2026-06-10T01:13:52.584014Z"}
{"candidates": 50, "top_k": 5, "backend": "cross_encoder", "event": "rerank.start", "correlation_id": "01KTQHFJKWPWDXNVHHM1W197NH", "query_preview": "In Memex's hybrid retrieval, how many fused candidates does the reranker take an", "level": "info", "timestamp": "2026-06-10T01:13:52.584037Z"}
{"candidates": 50, "top_k": 5, "backend": "cross_encoder", "returned": 5, "event": "rerank.done", "correlation_id": "01KTQHFJKWPWDXNVHHM1W197NH", "query_preview": "In Memex's hybrid retrieval, how many fused candidates does the reranker take an", "level": "info", "timestamp": "2026-06-10T01:14:37.583232Z"}
{"node": "rerank", "reranked_count": 5, "event": "done", "correlation_id": "01KTQHFJKWPWDXNVHHM1W197NH", "query_preview": "In Memex's hybrid retrieval, how many fused candidates does the reranker take an", "level": "info", "timestamp": "2026-06-10T01:14:37.583338Z"}
{"prompt_tag": "generate_table_sql@v1", "schema": "GeneratedSQL", "model": "cyankiwi/Qwen3.5-4B-AWQ-4bit", "max_tokens": 1024, "temperature": 0.1, "top_p": 0.8, "presence_penalty": 1.0, "seed": 42, "message_count": 1, "event": "model_call.start", "correlation_id": "01KTQHFJKWPWDXNVHHM1W197NH", "query_preview": "In Memex's hybrid retrieval, how many fused candidates does the reranker take an", "level": "info", "timestamp": "2026-06-10T01:14:37.590069Z"}
Authentication error: Langfuse client initialized without public_key. Client will be disabled. Provide a public_key parameter or set LANGFUSE_PUBLIC_KEY environment variable. 
{"prompt_tag": "generate_table_sql@v1", "schema": "GeneratedSQL", "tokens": 1020, "event": "model_call.done", "correlation_id": "01KTQHFJKWPWDXNVHHM1W197NH", "query_preview": "In Memex's hybrid retrieval, how many fused candidates does the reranker take an", "level": "info", "timestamp": "2026-06-10T01:14:38.296832Z"}
{"node": "query_doc_tables", "sql": "SELECT COUNT(*) FROM c3249d865c WHERE what_it_tests = 'fused candidates'", "target": "c3249d865c", "event": "table_sql.generated", "correlation_id": "01KTQHFJKWPWDXNVHHM1W197NH", "query_preview": "In Memex's hybrid retrieval, how many fused candidates does the reranker take an", "level": "info", "timestamp": "2026-06-10T01:14:38.296905Z"}
{"node": "query_doc_tables", "kind": "aggregate", "target": "c3249d865c", "event": "table_sql.result", "correlation_id": "01KTQHFJKWPWDXNVHHM1W197NH", "query_preview": "In Memex's hybrid retrieval, how many fused candidates does the reranker take an", "level": "info", "timestamp": "2026-06-10T01:14:38.297540Z"}
{"node": "query_tables", "kind": "aggregate", "chunk_id": "f59860eb-guidelines#sql0001", "event": "injected", "correlation_id": "01KTQHFJKWPWDXNVHHM1W197NH", "query_preview": "In Memex's hybrid retrieval, how many fused candidates does the reranker take an", "level": "info", "timestamp": "2026-06-10T01:14:38.297833Z"}
{"node": "assess", "reranked_count": 6, "event": "start", "correlation_id": "01KTQHFJKWPWDXNVHHM1W197NH", "query_preview": "In Memex's hybrid retrieval, how many fused candidates does the reranker take an", "level": "info", "timestamp": "2026-06-10T01:14:38.298599Z"}
{"prompt_tag": "assess_sufficiency@v4", "schema": "SufficiencyAssessment", "model": "cyankiwi/Qwen3.5-4B-AWQ-4bit", "max_tokens": 1024, "temperature": 0.1, "top_p": 0.8, "presence_penalty": 1.0, "seed": 42, "message_count": 1, "event": "model_call.start", "correlation_id": "01KTQHFJKWPWDXNVHHM1W197NH", "query_preview": "In Memex's hybrid retrieval, how many fused candidates does the reranker take an", "level": "info", "timestamp": "2026-06-10T01:14:38.299972Z"}
Authentication error: Langfuse client initialized without public_key. Client will be disabled. Provide a public_key parameter or set LANGFUSE_PUBLIC_KEY environment variable. 
{"prompt_tag": "assess_sufficiency@v4", "schema": "SufficiencyAssessment", "tokens": 2474, "event": "model_call.done", "correlation_id": "01KTQHFJKWPWDXNVHHM1W197NH", "query_preview": "In Memex's hybrid retrieval, how many fused candidates does the reranker take an", "level": "info", "timestamp": "2026-06-10T01:14:39.083121Z"}
{"node": "answer", "regenerate_attempt": 0, "event": "start", "correlation_id": "01KTQHFJKWPWDXNVHHM1W197NH", "query_preview": "In Memex's hybrid retrieval, how many fused candidates does the reranker take an", "level": "info", "timestamp": "2026-06-10T01:14:39.085094Z"}
{"prompt_tag": "answer@v5", "schema": "DraftAnswer", "model": "cyankiwi/Qwen3.5-4B-AWQ-4bit", "max_tokens": 1800, "temperature": 0.1, "top_p": 0.8, "presence_penalty": 1.0, "seed": 42, "message_count": 2, "event": "model_call.start", "correlation_id": "01KTQHFJKWPWDXNVHHM1W197NH", "query_preview": "In Memex's hybrid retrieval, how many fused candidates does the reranker take an", "level": "info", "timestamp": "2026-06-10T01:14:39.087132Z"}
Authentication error: Langfuse client initialized without public_key. Client will be disabled. Provide a public_key parameter or set LANGFUSE_PUBLIC_KEY environment variable. 
{"prompt_tag": "answer@v5", "schema": "DraftAnswer", "tokens": 4169, "event": "model_call.done", "correlation_id": "01KTQHFJKWPWDXNVHHM1W197NH", "query_preview": "In Memex's hybrid retrieval, how many fused candidates does the reranker take an", "level": "info", "timestamp": "2026-06-10T01:14:41.130271Z"}
{"node": "verify", "claim_count": 2, "event": "start", "correlation_id": "01KTQHFJKWPWDXNVHHM1W197NH", "query_preview": "In Memex's hybrid retrieval, how many fused candidates does the reranker take an", "level": "info", "timestamp": "2026-06-10T01:14:41.131195Z"}
{"prompt_tag": "verify_grounding@v2", "schema": "VerificationResult", "model": "cyankiwi/Qwen3.5-4B-AWQ-4bit", "max_tokens": 1024, "temperature": 0.1, "top_p": 0.8, "presence_penalty": 1.0, "seed": 42, "message_count": 1, "event": "model_call.start", "correlation_id": "01KTQHFJKWPWDXNVHHM1W197NH", "query_preview": "In Memex's hybrid retrieval, how many fused candidates does the reranker take an", "level": "info", "timestamp": "2026-06-10T01:14:41.134242Z"}
Authentication error: Langfuse client initialized without public_key. Client will be disabled. Provide a public_key parameter or set LANGFUSE_PUBLIC_KEY environment variable. 
{"prompt_tag": "verify_grounding@v2", "schema": "VerificationResult", "tokens": 2426, "event": "model_call.done", "correlation_id": "01KTQHFJKWPWDXNVHHM1W197NH", "query_preview": "In Memex's hybrid retrieval, how many fused candidates does the reranker take an", "level": "info", "timestamp": "2026-06-10T01:14:41.772038Z"}
{"node": "assess_relevance", "event": "start", "correlation_id": "01KTQHFJKWPWDXNVHHM1W197NH", "query_preview": "In Memex's hybrid retrieval, how many fused candidates does the reranker take an", "level": "info", "timestamp": "2026-06-10T01:14:41.773214Z"}
{"prompt_tag": "assess_relevance@v2", "schema": "RelevanceAssessment", "model": "cyankiwi/Qwen3.5-4B-AWQ-4bit", "max_tokens": 1024, "temperature": 0.1, "top_p": 0.8, "presence_penalty": 1.0, "seed": 42, "message_count": 1, "event": "model_call.start", "correlation_id": "01KTQHFJKWPWDXNVHHM1W197NH", "query_preview": "In Memex's hybrid retrieval, how many fused candidates does the reranker take an", "level": "info", "timestamp": "2026-06-10T01:14:41.774133Z"}
Authentication error: Langfuse client initialized without public_key. Client will be disabled. Provide a public_key parameter or set LANGFUSE_PUBLIC_KEY environment variable. 
{"prompt_tag": "assess_relevance@v2", "schema": "RelevanceAssessment", "tokens": 641, "event": "model_call.done", "correlation_id": "01KTQHFJKWPWDXNVHHM1W197NH", "query_preview": "In Memex's hybrid retrieval, how many fused candidates does the reranker take an", "level": "info", "timestamp": "2026-06-10T01:14:42.258649Z"}
{"node": "assess_relevance", "responsive": true, "event": "relevance", "correlation_id": "01KTQHFJKWPWDXNVHHM1W197NH", "query_preview": "In Memex's hybrid retrieval, how many fused candidates does the reranker take an", "level": "info", "timestamp": "2026-06-10T01:14:42.258718Z"}
{"node": "compose", "event": "start", "correlation_id": "01KTQHFJKWPWDXNVHHM1W197NH", "query_preview": "In Memex's hybrid retrieval, how many fused candidates does the reranker take an", "level": "info", "timestamp": "2026-06-10T01:14:42.259922Z"}
Authentication error: Langfuse client initialized without public_key. Client will be disabled. Provide a public_key parameter or set LANGFUSE_PUBLIC_KEY environment variable. 
{"node": "retrieve", "query_len": 71, "event": "start", "correlation_id": "01KTQHH36MGXCH7MP5BHEFRXWV", "query_preview": "What knowledge-graph database does Memex use, and what is it a fork of?", "level": "info", "timestamp": "2026-06-10T01:14:42.261431Z"}
{"query_len": 71, "k": 50, "event": "hybrid.start", "correlation_id": "01KTQHH36MGXCH7MP5BHEFRXWV", "query_preview": "What knowledge-graph database does Memex use, and what is it a fork of?", "level": "info", "timestamp": "2026-06-10T01:14:42.261466Z"}
{"query_len": 71, "k": 50, "dense": 50, "bm25": 0, "fused": 50, "term": false, "event": "hybrid.done", "correlation_id": "01KTQHH36MGXCH7MP5BHEFRXWV", "query_preview": "What knowledge-graph database does Memex use, and what is it a fork of?", "level": "info", "timestamp": "2026-06-10T01:14:42.346829Z"}
{"node": "retrieve", "candidate_count": 50, "event": "done", "correlation_id": "01KTQHH36MGXCH7MP5BHEFRXWV", "query_preview": "What knowledge-graph database does Memex use, and what is it a fork of?", "level": "info", "timestamp": "2026-06-10T01:14:42.347835Z"}
{"node": "expand_graph", "reason": "disabled_or_empty", "event": "skip", "correlation_id": "01KTQHH36MGXCH7MP5BHEFRXWV", "query_preview": "What knowledge-graph database does Memex use, and what is it a fork of?", "level": "info", "timestamp": "2026-06-10T01:14:42.349136Z"}
{"node": "rerank", "candidate_count": 50, "event": "start", "correlation_id": "01KTQHH36MGXCH7MP5BHEFRXWV", "query_preview": "What knowledge-graph database does Memex use, and what is it a fork of?", "level": "info", "timestamp": "2026-06-10T01:14:42.349656Z"}
{"node": "rerank", "top_k": 5, "source": "mode", "event": "top_k_resolved", "correlation_id": "01KTQHH36MGXCH7MP5BHEFRXWV", "query_preview": "What knowledge-graph database does Memex use, and what is it a fork of?", "level": "info", "timestamp": "2026-06-10T01:14:42.349704Z"}
{"candidates": 50, "top_k": 5, "backend": "cross_encoder", "event": "rerank.start", "correlation_id": "01KTQHH36MGXCH7MP5BHEFRXWV", "query_preview": "What knowledge-graph database does Memex use, and what is it a fork of?", "level": "info", "timestamp": "2026-06-10T01:14:42.349728Z"}
{"candidates": 50, "top_k": 5, "backend": "cross_encoder", "returned": 5, "event": "rerank.done", "correlation_id": "01KTQHH36MGXCH7MP5BHEFRXWV", "query_preview": "What knowledge-graph database does Memex use, and what is it a fork of?", "level": "info", "timestamp": "2026-06-10T01:15:20.264875Z"}
{"node": "rerank", "reranked_count": 5, "event": "done", "correlation_id": "01KTQHH36MGXCH7MP5BHEFRXWV", "query_preview": "What knowledge-graph database does Memex use, and what is it a fork of?", "level": "info", "timestamp": "2026-06-10T01:15:20.264970Z"}
{"node": "query_tables", "reason": "empty_or_not_table_shaped", "event": "skip", "correlation_id": "01KTQHH36MGXCH7MP5BHEFRXWV", "query_preview": "What knowledge-graph database does Memex use, and what is it a fork of?", "level": "info", "timestamp": "2026-06-10T01:15:20.266687Z"}
{"node": "assess", "reranked_count": 5, "event": "start", "correlation_id": "01KTQHH36MGXCH7MP5BHEFRXWV", "query_preview": "What knowledge-graph database does Memex use, and what is it a fork of?", "level": "info", "timestamp": "2026-06-10T01:15:20.267354Z"}
{"prompt_tag": "assess_sufficiency@v4", "schema": "SufficiencyAssessment", "model": "cyankiwi/Qwen3.5-4B-AWQ-4bit", "max_tokens": 1024, "temperature": 0.1, "top_p": 0.8, "presence_penalty": 1.0, "seed": 42, "message_count": 1, "event": "model_call.start", "correlation_id": "01KTQHH36MGXCH7MP5BHEFRXWV", "query_preview": "What knowledge-graph database does Memex use, and what is it a fork of?", "level": "info", "timestamp": "2026-06-10T01:15:20.269228Z"}
Authentication error: Langfuse client initialized without public_key. Client will be disabled. Provide a public_key parameter or set LANGFUSE_PUBLIC_KEY environment variable. 
{"prompt_tag": "assess_sufficiency@v4", "schema": "SufficiencyAssessment", "tokens": 2347, "event": "model_call.done", "correlation_id": "01KTQHH36MGXCH7MP5BHEFRXWV", "query_preview": "What knowledge-graph database does Memex use, and what is it a fork of?", "level": "info", "timestamp": "2026-06-10T01:15:21.059873Z"}
{"node": "answer", "regenerate_attempt": 0, "event": "start", "correlation_id": "01KTQHH36MGXCH7MP5BHEFRXWV", "query_preview": "What knowledge-graph database does Memex use, and what is it a fork of?", "level": "info", "timestamp": "2026-06-10T01:15:21.060934Z"}
{"prompt_tag": "answer@v5", "schema": "DraftAnswer", "model": "cyankiwi/Qwen3.5-4B-AWQ-4bit", "max_tokens": 1800, "temperature": 0.1, "top_p": 0.8, "presence_penalty": 1.0, "seed": 42, "message_count": 2, "event": "model_call.start", "correlation_id": "01KTQHH36MGXCH7MP5BHEFRXWV", "query_preview": "What knowledge-graph database does Memex use, and what is it a fork of?", "level": "info", "timestamp": "2026-06-10T01:15:21.062907Z"}
Authentication error: Langfuse client initialized without public_key. Client will be disabled. Provide a public_key parameter or set LANGFUSE_PUBLIC_KEY environment variable. 
{"prompt_tag": "answer@v5", "schema": "DraftAnswer", "tokens": 4024, "event": "model_call.done", "correlation_id": "01KTQHH36MGXCH7MP5BHEFRXWV", "query_preview": "What knowledge-graph database does Memex use, and what is it a fork of?", "level": "info", "timestamp": "2026-06-10T01:15:22.919536Z"}
{"node": "verify", "claim_count": 2, "event": "start", "correlation_id": "01KTQHH36MGXCH7MP5BHEFRXWV", "query_preview": "What knowledge-graph database does Memex use, and what is it a fork of?", "level": "info", "timestamp": "2026-06-10T01:15:22.920333Z"}
{"prompt_tag": "verify_grounding@v2", "schema": "VerificationResult", "model": "cyankiwi/Qwen3.5-4B-AWQ-4bit", "max_tokens": 1024, "temperature": 0.1, "top_p": 0.8, "presence_penalty": 1.0, "seed": 42, "message_count": 1, "event": "model_call.start", "correlation_id": "01KTQHH36MGXCH7MP5BHEFRXWV", "query_preview": "What knowledge-graph database does Memex use, and what is it a fork of?", "level": "info", "timestamp": "2026-06-10T01:15:22.923353Z"}
Authentication error: Langfuse client initialized without public_key. Client will be disabled. Provide a public_key parameter or set LANGFUSE_PUBLIC_KEY environment variable. 
{"prompt_tag": "verify_grounding@v2", "schema": "VerificationResult", "tokens": 2286, "event": "model_call.done", "correlation_id": "01KTQHH36MGXCH7MP5BHEFRXWV", "query_preview": "What knowledge-graph database does Memex use, and what is it a fork of?", "level": "info", "timestamp": "2026-06-10T01:15:23.486707Z"}
{"node": "assess_relevance", "event": "start", "correlation_id": "01KTQHH36MGXCH7MP5BHEFRXWV", "query_preview": "What knowledge-graph database does Memex use, and what is it a fork of?", "level": "info", "timestamp": "2026-06-10T01:15:23.487941Z"}
{"prompt_tag": "assess_relevance@v2", "schema": "RelevanceAssessment", "model": "cyankiwi/Qwen3.5-4B-AWQ-4bit", "max_tokens": 1024, "temperature": 0.1, "top_p": 0.8, "presence_penalty": 1.0, "seed": 42, "message_count": 1, "event": "model_call.start", "correlation_id": "01KTQHH36MGXCH7MP5BHEFRXWV", "query_preview": "What knowledge-graph database does Memex use, and what is it a fork of?", "level": "info", "timestamp": "2026-06-10T01:15:23.488903Z"}
Authentication error: Langfuse client initialized without public_key. Client will be disabled. Provide a public_key parameter or set LANGFUSE_PUBLIC_KEY environment variable. 
{"prompt_tag": "assess_relevance@v2", "schema": "RelevanceAssessment", "tokens": 611, "event": "model_call.done", "correlation_id": "01KTQHH36MGXCH7MP5BHEFRXWV", "query_preview": "What knowledge-graph database does Memex use, and what is it a fork of?", "level": "info", "timestamp": "2026-06-10T01:15:23.898822Z"}
{"node": "assess_relevance", "responsive": true, "event": "relevance", "correlation_id": "01KTQHH36MGXCH7MP5BHEFRXWV", "query_preview": "What knowledge-graph database does Memex use, and what is it a fork of?", "level": "info", "timestamp": "2026-06-10T01:15:23.898877Z"}
{"node": "compose", "event": "start", "correlation_id": "01KTQHH36MGXCH7MP5BHEFRXWV", "query_preview": "What knowledge-graph database does Memex use, and what is it a fork of?", "level": "info", "timestamp": "2026-06-10T01:15:23.899996Z"}
Authentication error: Langfuse client initialized without public_key. Client will be disabled. Provide a public_key parameter or set LANGFUSE_PUBLIC_KEY environment variable. 
{"node": "retrieve", "query_len": 61, "event": "start", "correlation_id": "01KTQHJBVWQVEJFQRX0HEZ1TS0", "query_preview": "What are the three caching tiers described in the guidelines?", "level": "info", "timestamp": "2026-06-10T01:15:23.901446Z"}
{"query_len": 61, "k": 50, "event": "hybrid.start", "correlation_id": "01KTQHJBVWQVEJFQRX0HEZ1TS0", "query_preview": "What are the three caching tiers described in the guidelines?", "level": "info", "timestamp": "2026-06-10T01:15:23.901484Z"}
{"query_len": 61, "k": 50, "dense": 50, "bm25": 0, "fused": 50, "term": false, "event": "hybrid.done", "correlation_id": "01KTQHJBVWQVEJFQRX0HEZ1TS0", "query_preview": "What are the three caching tiers described in the guidelines?", "level": "info", "timestamp": "2026-06-10T01:15:23.987100Z"}
{"node": "retrieve", "candidate_count": 50, "event": "done", "correlation_id": "01KTQHJBVWQVEJFQRX0HEZ1TS0", "query_preview": "What are the three caching tiers described in the guidelines?", "level": "info", "timestamp": "2026-06-10T01:15:23.988533Z"}
{"node": "expand_graph", "reason": "disabled_or_empty", "event": "skip", "correlation_id": "01KTQHJBVWQVEJFQRX0HEZ1TS0", "query_preview": "What are the three caching tiers described in the guidelines?", "level": "info", "timestamp": "2026-06-10T01:15:23.990105Z"}
{"node": "rerank", "candidate_count": 50, "event": "start", "correlation_id": "01KTQHJBVWQVEJFQRX0HEZ1TS0", "query_preview": "What are the three caching tiers described in the guidelines?", "level": "info", "timestamp": "2026-06-10T01:15:23.990718Z"}
{"node": "rerank", "top_k": 5, "source": "mode", "event": "top_k_resolved", "correlation_id": "01KTQHJBVWQVEJFQRX0HEZ1TS0", "query_preview": "What are the three caching tiers described in the guidelines?", "level": "info", "timestamp": "2026-06-10T01:15:23.990776Z"}
{"candidates": 50, "top_k": 5, "backend": "cross_encoder", "event": "rerank.start", "correlation_id": "01KTQHJBVWQVEJFQRX0HEZ1TS0", "query_preview": "What are the three caching tiers described in the guidelines?", "level": "info", "timestamp": "2026-06-10T01:15:23.990811Z"}
{"candidates": 50, "top_k": 5, "backend": "cross_encoder", "returned": 5, "event": "rerank.done", "correlation_id": "01KTQHJBVWQVEJFQRX0HEZ1TS0", "query_preview": "What are the three caching tiers described in the guidelines?", "level": "info", "timestamp": "2026-06-10T01:15:45.110432Z"}
{"node": "rerank", "reranked_count": 5, "event": "done", "correlation_id": "01KTQHJBVWQVEJFQRX0HEZ1TS0", "query_preview": "What are the three caching tiers described in the guidelines?", "level": "info", "timestamp": "2026-06-10T01:15:45.110529Z"}
{"node": "query_tables", "reason": "empty_or_not_table_shaped", "event": "skip", "correlation_id": "01KTQHJBVWQVEJFQRX0HEZ1TS0", "query_preview": "What are the three caching tiers described in the guidelines?", "level": "info", "timestamp": "2026-06-10T01:15:45.112340Z"}
{"node": "assess", "reranked_count": 5, "event": "start", "correlation_id": "01KTQHJBVWQVEJFQRX0HEZ1TS0", "query_preview": "What are the three caching tiers described in the guidelines?", "level": "info", "timestamp": "2026-06-10T01:15:45.113031Z"}
{"prompt_tag": "assess_sufficiency@v4", "schema": "SufficiencyAssessment", "model": "cyankiwi/Qwen3.5-4B-AWQ-4bit", "max_tokens": 1024, "temperature": 0.1, "top_p": 0.8, "presence_penalty": 1.0, "seed": 42, "message_count": 1, "event": "model_call.start", "correlation_id": "01KTQHJBVWQVEJFQRX0HEZ1TS0", "query_preview": "What are the three caching tiers described in the guidelines?", "level": "info", "timestamp": "2026-06-10T01:15:45.114980Z"}
Authentication error: Langfuse client initialized without public_key. Client will be disabled. Provide a public_key parameter or set LANGFUSE_PUBLIC_KEY environment variable. 
{"prompt_tag": "assess_sufficiency@v4", "schema": "SufficiencyAssessment", "tokens": 1035, "event": "model_call.done", "correlation_id": "01KTQHJBVWQVEJFQRX0HEZ1TS0", "query_preview": "What are the three caching tiers described in the guidelines?", "level": "info", "timestamp": "2026-06-10T01:15:45.795856Z"}
{"node": "answer", "regenerate_attempt": 0, "event": "start", "correlation_id": "01KTQHJBVWQVEJFQRX0HEZ1TS0", "query_preview": "What are the three caching tiers described in the guidelines?", "level": "info", "timestamp": "2026-06-10T01:15:45.797540Z"}
{"prompt_tag": "answer@v5", "schema": "DraftAnswer", "model": "cyankiwi/Qwen3.5-4B-AWQ-4bit", "max_tokens": 1800, "temperature": 0.1, "top_p": 0.8, "presence_penalty": 1.0, "seed": 42, "message_count": 2, "event": "model_call.start", "correlation_id": "01KTQHJBVWQVEJFQRX0HEZ1TS0", "query_preview": "What are the three caching tiers described in the guidelines?", "level": "info", "timestamp": "2026-06-10T01:15:45.800188Z"}
Authentication error: Langfuse client initialized without public_key. Client will be disabled. Provide a public_key parameter or set LANGFUSE_PUBLIC_KEY environment variable. 
{"prompt_tag": "answer@v5", "schema": "DraftAnswer", "tokens": 2635, "event": "model_call.done", "correlation_id": "01KTQHJBVWQVEJFQRX0HEZ1TS0", "query_preview": "What are the three caching tiers described in the guidelines?", "level": "info", "timestamp": "2026-06-10T01:15:46.816277Z"}
{"node": "verify", "claim_count": 1, "event": "start", "correlation_id": "01KTQHJBVWQVEJFQRX0HEZ1TS0", "query_preview": "What are the three caching tiers described in the guidelines?", "level": "info", "timestamp": "2026-06-10T01:15:46.817316Z"}
{"prompt_tag": "verify_grounding@v2", "schema": "VerificationResult", "model": "cyankiwi/Qwen3.5-4B-AWQ-4bit", "max_tokens": 1024, "temperature": 0.1, "top_p": 0.8, "presence_penalty": 1.0, "seed": 42, "message_count": 1, "event": "model_call.start", "correlation_id": "01KTQHJBVWQVEJFQRX0HEZ1TS0", "query_preview": "What are the three caching tiers described in the guidelines?", "level": "info", "timestamp": "2026-06-10T01:15:46.820631Z"}
Authentication error: Langfuse client initialized without public_key. Client will be disabled. Provide a public_key parameter or set LANGFUSE_PUBLIC_KEY environment variable. 
{"prompt_tag": "verify_grounding@v2", "schema": "VerificationResult", "tokens": 927, "event": "model_call.done", "correlation_id": "01KTQHJBVWQVEJFQRX0HEZ1TS0", "query_preview": "What are the three caching tiers described in the guidelines?", "level": "info", "timestamp": "2026-06-10T01:15:47.147253Z"}
{"node": "assess_relevance", "event": "start", "correlation_id": "01KTQHJBVWQVEJFQRX0HEZ1TS0", "query_preview": "What are the three caching tiers described in the guidelines?", "level": "info", "timestamp": "2026-06-10T01:15:47.149157Z"}
{"prompt_tag": "assess_relevance@v2", "schema": "RelevanceAssessment", "model": "cyankiwi/Qwen3.5-4B-AWQ-4bit", "max_tokens": 1024, "temperature": 0.1, "top_p": 0.8, "presence_penalty": 1.0, "seed": 42, "message_count": 1, "event": "model_call.start", "correlation_id": "01KTQHJBVWQVEJFQRX0HEZ1TS0", "query_preview": "What are the three caching tiers described in the guidelines?", "level": "info", "timestamp": "2026-06-10T01:15:47.150341Z"}
Authentication error: Langfuse client initialized without public_key. Client will be disabled. Provide a public_key parameter or set LANGFUSE_PUBLIC_KEY environment variable. 
{"prompt_tag": "assess_relevance@v2", "schema": "RelevanceAssessment", "tokens": 584, "event": "model_call.done", "correlation_id": "01KTQHJBVWQVEJFQRX0HEZ1TS0", "query_preview": "What are the three caching tiers described in the guidelines?", "level": "info", "timestamp": "2026-06-10T01:15:47.507713Z"}
{"node": "assess_relevance", "responsive": true, "event": "relevance", "correlation_id": "01KTQHJBVWQVEJFQRX0HEZ1TS0", "query_preview": "What are the three caching tiers described in the guidelines?", "level": "info", "timestamp": "2026-06-10T01:15:47.507779Z"}
{"node": "compose", "event": "start", "correlation_id": "01KTQHJBVWQVEJFQRX0HEZ1TS0", "query_preview": "What are the three caching tiers described in the guidelines?", "level": "info", "timestamp": "2026-06-10T01:15:47.509699Z"}
Authentication error: Langfuse client initialized without public_key. Client will be disabled. Provide a public_key parameter or set LANGFUSE_PUBLIC_KEY environment variable. 
{"node": "retrieve", "query_len": 52, "event": "start", "correlation_id": "01KTQHK2XPYSJSKYDHTA9VC8ET", "query_preview": "What do the guidelines call the public API of Memex?", "level": "info", "timestamp": "2026-06-10T01:15:47.511849Z"}
{"query_len": 52, "k": 50, "event": "hybrid.start", "correlation_id": "01KTQHK2XPYSJSKYDHTA9VC8ET", "query_preview": "What do the guidelines call the public API of Memex?", "level": "info", "timestamp": "2026-06-10T01:15:47.511894Z"}
{"query_len": 52, "k": 50, "dense": 50, "bm25": 0, "fused": 50, "term": false, "event": "hybrid.done", "correlation_id": "01KTQHK2XPYSJSKYDHTA9VC8ET", "query_preview": "What do the guidelines call the public API of Memex?", "level": "info", "timestamp": "2026-06-10T01:15:47.589858Z"}
{"node": "retrieve", "candidate_count": 50, "event": "done", "correlation_id": "01KTQHK2XPYSJSKYDHTA9VC8ET", "query_preview": "What do the guidelines call the public API of Memex?", "level": "info", "timestamp": "2026-06-10T01:15:47.590940Z"}
{"node": "expand_graph", "reason": "disabled_or_empty", "event": "skip", "correlation_id": "01KTQHK2XPYSJSKYDHTA9VC8ET", "query_preview": "What do the guidelines call the public API of Memex?", "level": "info", "timestamp": "2026-06-10T01:15:47.592492Z"}
{"node": "rerank", "candidate_count": 50, "event": "start", "correlation_id": "01KTQHK2XPYSJSKYDHTA9VC8ET", "query_preview": "What do the guidelines call the public API of Memex?", "level": "info", "timestamp": "2026-06-10T01:15:47.593106Z"}
{"node": "rerank", "top_k": 5, "source": "mode", "event": "top_k_resolved", "correlation_id": "01KTQHK2XPYSJSKYDHTA9VC8ET", "query_preview": "What do the guidelines call the public API of Memex?", "level": "info", "timestamp": "2026-06-10T01:15:47.593166Z"}
{"candidates": 50, "top_k": 5, "backend": "cross_encoder", "event": "rerank.start", "correlation_id": "01KTQHK2XPYSJSKYDHTA9VC8ET", "query_preview": "What do the guidelines call the public API of Memex?", "level": "info", "timestamp": "2026-06-10T01:15:47.593202Z"}
{"candidates": 50, "top_k": 5, "backend": "cross_encoder", "returned": 5, "event": "rerank.done", "correlation_id": "01KTQHK2XPYSJSKYDHTA9VC8ET", "query_preview": "What do the guidelines call the public API of Memex?", "level": "info", "timestamp": "2026-06-10T01:16:10.134585Z"}
{"node": "rerank", "reranked_count": 5, "event": "done", "correlation_id": "01KTQHK2XPYSJSKYDHTA9VC8ET", "query_preview": "What do the guidelines call the public API of Memex?", "level": "info", "timestamp": "2026-06-10T01:16:10.134676Z"}
{"node": "query_tables", "reason": "empty_or_not_table_shaped", "event": "skip", "correlation_id": "01KTQHK2XPYSJSKYDHTA9VC8ET", "query_preview": "What do the guidelines call the public API of Memex?", "level": "info", "timestamp": "2026-06-10T01:16:10.136438Z"}
{"node": "assess", "reranked_count": 5, "event": "start", "correlation_id": "01KTQHK2XPYSJSKYDHTA9VC8ET", "query_preview": "What do the guidelines call the public API of Memex?", "level": "info", "timestamp": "2026-06-10T01:16:10.137098Z"}
{"prompt_tag": "assess_sufficiency@v4", "schema": "SufficiencyAssessment", "model": "cyankiwi/Qwen3.5-4B-AWQ-4bit", "max_tokens": 1024, "temperature": 0.1, "top_p": 0.8, "presence_penalty": 1.0, "seed": 42, "message_count": 1, "event": "model_call.start", "correlation_id": "01KTQHK2XPYSJSKYDHTA9VC8ET", "query_preview": "What do the guidelines call the public API of Memex?", "level": "info", "timestamp": "2026-06-10T01:16:10.138936Z"}
Authentication error: Langfuse client initialized without public_key. Client will be disabled. Provide a public_key parameter or set LANGFUSE_PUBLIC_KEY environment variable. 
{"prompt_tag": "assess_sufficiency@v4", "schema": "SufficiencyAssessment", "tokens": 1873, "event": "model_call.done", "correlation_id": "01KTQHK2XPYSJSKYDHTA9VC8ET", "query_preview": "What do the guidelines call the public API of Memex?", "level": "info", "timestamp": "2026-06-10T01:16:11.061449Z"}
{"node": "answer", "regenerate_attempt": 0, "event": "start", "correlation_id": "01KTQHK2XPYSJSKYDHTA9VC8ET", "query_preview": "What do the guidelines call the public API of Memex?", "level": "info", "timestamp": "2026-06-10T01:16:11.062540Z"}
{"prompt_tag": "answer@v5", "schema": "DraftAnswer", "model": "cyankiwi/Qwen3.5-4B-AWQ-4bit", "max_tokens": 1800, "temperature": 0.1, "top_p": 0.8, "presence_penalty": 1.0, "seed": 42, "message_count": 2, "event": "model_call.start", "correlation_id": "01KTQHK2XPYSJSKYDHTA9VC8ET", "query_preview": "What do the guidelines call the public API of Memex?", "level": "info", "timestamp": "2026-06-10T01:16:11.064553Z"}
Authentication error: Langfuse client initialized without public_key. Client will be disabled. Provide a public_key parameter or set LANGFUSE_PUBLIC_KEY environment variable. 
{"prompt_tag": "answer@v5", "schema": "DraftAnswer", "tokens": 3467, "event": "model_call.done", "correlation_id": "01KTQHK2XPYSJSKYDHTA9VC8ET", "query_preview": "What do the guidelines call the public API of Memex?", "level": "info", "timestamp": "2026-06-10T01:16:12.227041Z"}
{"node": "verify", "claim_count": 1, "event": "start", "correlation_id": "01KTQHK2XPYSJSKYDHTA9VC8ET", "query_preview": "What do the guidelines call the public API of Memex?", "level": "info", "timestamp": "2026-06-10T01:16:12.228012Z"}
{"prompt_tag": "verify_grounding@v2", "schema": "VerificationResult", "model": "cyankiwi/Qwen3.5-4B-AWQ-4bit", "max_tokens": 1024, "temperature": 0.1, "top_p": 0.8, "presence_penalty": 1.0, "seed": 42, "message_count": 1, "event": "model_call.start", "correlation_id": "01KTQHK2XPYSJSKYDHTA9VC8ET", "query_preview": "What do the guidelines call the public API of Memex?", "level": "info", "timestamp": "2026-06-10T01:16:12.231190Z"}
Authentication error: Langfuse client initialized without public_key. Client will be disabled. Provide a public_key parameter or set LANGFUSE_PUBLIC_KEY environment variable. 
{"prompt_tag": "verify_grounding@v2", "schema": "VerificationResult", "tokens": 1759, "event": "model_call.done", "correlation_id": "01KTQHK2XPYSJSKYDHTA9VC8ET", "query_preview": "What do the guidelines call the public API of Memex?", "level": "info", "timestamp": "2026-06-10T01:16:12.708990Z"}
{"node": "assess_relevance", "event": "start", "correlation_id": "01KTQHK2XPYSJSKYDHTA9VC8ET", "query_preview": "What do the guidelines call the public API of Memex?", "level": "info", "timestamp": "2026-06-10T01:16:12.710572Z"}
{"prompt_tag": "assess_relevance@v2", "schema": "RelevanceAssessment", "model": "cyankiwi/Qwen3.5-4B-AWQ-4bit", "max_tokens": 1024, "temperature": 0.1, "top_p": 0.8, "presence_penalty": 1.0, "seed": 42, "message_count": 1, "event": "model_call.start", "correlation_id": "01KTQHK2XPYSJSKYDHTA9VC8ET", "query_preview": "What do the guidelines call the public API of Memex?", "level": "info", "timestamp": "2026-06-10T01:16:12.711480Z"}
Authentication error: Langfuse client initialized without public_key. Client will be disabled. Provide a public_key parameter or set LANGFUSE_PUBLIC_KEY environment variable. 
{"prompt_tag": "assess_relevance@v2", "schema": "RelevanceAssessment", "tokens": 588, "event": "model_call.done", "correlation_id": "01KTQHK2XPYSJSKYDHTA9VC8ET", "query_preview": "What do the guidelines call the public API of Memex?", "level": "info", "timestamp": "2026-06-10T01:16:13.128504Z"}
{"node": "assess_relevance", "responsive": true, "event": "relevance", "correlation_id": "01KTQHK2XPYSJSKYDHTA9VC8ET", "query_preview": "What do the guidelines call the public API of Memex?", "level": "info", "timestamp": "2026-06-10T01:16:13.128558Z"}
{"node": "compose", "event": "start", "correlation_id": "01KTQHK2XPYSJSKYDHTA9VC8ET", "query_preview": "What do the guidelines call the public API of Memex?", "level": "info", "timestamp": "2026-06-10T01:16:13.130017Z"}
Authentication error: Langfuse client initialized without public_key. Client will be disabled. Provide a public_key parameter or set LANGFUSE_PUBLIC_KEY environment variable. 
{"node": "retrieve", "query_len": 86, "event": "start", "correlation_id": "01KTQHKVYAP43Z7ZETD6CXM003", "query_preview": "What is the exact maximum line length in characters that the coding standards en", "level": "info", "timestamp": "2026-06-10T01:16:13.131814Z"}
{"query_len": 86, "k": 50, "event": "hybrid.start", "correlation_id": "01KTQHKVYAP43Z7ZETD6CXM003", "query_preview": "What is the exact maximum line length in characters that the coding standards en", "level": "info", "timestamp": "2026-06-10T01:16:13.131860Z"}
{"query_len": 86, "k": 50, "dense": 50, "bm25": 0, "fused": 50, "term": false, "event": "hybrid.done", "correlation_id": "01KTQHKVYAP43Z7ZETD6CXM003", "query_preview": "What is the exact maximum line length in characters that the coding standards en", "level": "info", "timestamp": "2026-06-10T01:16:13.206306Z"}
{"node": "retrieve", "candidate_count": 50, "event": "done", "correlation_id": "01KTQHKVYAP43Z7ZETD6CXM003", "query_preview": "What is the exact maximum line length in characters that the coding standards en", "level": "info", "timestamp": "2026-06-10T01:16:13.207233Z"}
{"node": "expand_graph", "reason": "disabled_or_empty", "event": "skip", "correlation_id": "01KTQHKVYAP43Z7ZETD6CXM003", "query_preview": "What is the exact maximum line length in characters that the coding standards en", "level": "info", "timestamp": "2026-06-10T01:16:13.208923Z"}
{"node": "rerank", "candidate_count": 50, "event": "start", "correlation_id": "01KTQHKVYAP43Z7ZETD6CXM003", "query_preview": "What is the exact maximum line length in characters that the coding standards en", "level": "info", "timestamp": "2026-06-10T01:16:13.209454Z"}
{"node": "rerank", "top_k": 5, "source": "mode", "event": "top_k_resolved", "correlation_id": "01KTQHKVYAP43Z7ZETD6CXM003", "query_preview": "What is the exact maximum line length in characters that the coding standards en", "level": "info", "timestamp": "2026-06-10T01:16:13.209502Z"}
{"candidates": 50, "top_k": 5, "backend": "cross_encoder", "event": "rerank.start", "correlation_id": "01KTQHKVYAP43Z7ZETD6CXM003", "query_preview": "What is the exact maximum line length in characters that the coding standards en", "level": "info", "timestamp": "2026-06-10T01:16:13.209526Z"}
{"candidates": 50, "top_k": 5, "backend": "cross_encoder", "returned": 5, "event": "rerank.done", "correlation_id": "01KTQHKVYAP43Z7ZETD6CXM003", "query_preview": "What is the exact maximum line length in characters that the coding standards en", "level": "info", "timestamp": "2026-06-10T01:16:32.786753Z"}
{"node": "rerank", "reranked_count": 5, "event": "done", "correlation_id": "01KTQHKVYAP43Z7ZETD6CXM003", "query_preview": "What is the exact maximum line length in characters that the coding standards en", "level": "info", "timestamp": "2026-06-10T01:16:32.786864Z"}
{"prompt_tag": "generate_table_sql@v1", "schema": "GeneratedSQL", "model": "cyankiwi/Qwen3.5-4B-AWQ-4bit", "max_tokens": 1024, "temperature": 0.1, "top_p": 0.8, "presence_penalty": 1.0, "seed": 42, "message_count": 1, "event": "model_call.start", "correlation_id": "01KTQHKVYAP43Z7ZETD6CXM003", "query_preview": "What is the exact maximum line length in characters that the coding standards en", "level": "info", "timestamp": "2026-06-10T01:16:32.792649Z"}
Authentication error: Langfuse client initialized without public_key. Client will be disabled. Provide a public_key parameter or set LANGFUSE_PUBLIC_KEY environment variable. 
{"prompt_tag": "generate_table_sql@v1", "schema": "GeneratedSQL", "tokens": 1007, "event": "model_call.done", "correlation_id": "01KTQHKVYAP43Z7ZETD6CXM003", "query_preview": "What is the exact maximum line length in characters that the coding standards en", "level": "info", "timestamp": "2026-06-10T01:16:33.486903Z"}
{"node": "query_doc_tables", "sql": "SELECT MAX(line_length__num) FROM c3249d865c", "target": "c3249d865c", "event": "table_sql.generated", "correlation_id": "01KTQHKVYAP43Z7ZETD6CXM003", "query_preview": "What is the exact maximum line length in characters that the coding standards en", "level": "info", "timestamp": "2026-06-10T01:16:33.486984Z"}
{"node": "query_doc_tables", "target": "c3249d865c", "event": "table_sql.no_result", "correlation_id": "01KTQHKVYAP43Z7ZETD6CXM003", "query_preview": "What is the exact maximum line length in characters that the coding standards en", "level": "info", "timestamp": "2026-06-10T01:16:33.487438Z"}
{"node": "query_tables", "event": "no_table_answer", "correlation_id": "01KTQHKVYAP43Z7ZETD6CXM003", "query_preview": "What is the exact maximum line length in characters that the coding standards en", "level": "info", "timestamp": "2026-06-10T01:16:33.487721Z"}
{"node": "assess", "reranked_count": 5, "event": "start", "correlation_id": "01KTQHKVYAP43Z7ZETD6CXM003", "query_preview": "What is the exact maximum line length in characters that the coding standards en", "level": "info", "timestamp": "2026-06-10T01:16:33.488435Z"}
{"prompt_tag": "assess_sufficiency@v4", "schema": "SufficiencyAssessment", "model": "cyankiwi/Qwen3.5-4B-AWQ-4bit", "max_tokens": 1024, "temperature": 0.1, "top_p": 0.8, "presence_penalty": 1.0, "seed": 42, "message_count": 1, "event": "model_call.start", "correlation_id": "01KTQHKVYAP43Z7ZETD6CXM003", "query_preview": "What is the exact maximum line length in characters that the coding standards en", "level": "info", "timestamp": "2026-06-10T01:16:33.489742Z"}
Authentication error: Langfuse client initialized without public_key. Client will be disabled. Provide a public_key parameter or set LANGFUSE_PUBLIC_KEY environment variable. 
{"prompt_tag": "assess_sufficiency@v4", "schema": "SufficiencyAssessment", "tokens": 2002, "event": "model_call.done", "correlation_id": "01KTQHKVYAP43Z7ZETD6CXM003", "query_preview": "What is the exact maximum line length in characters that the coding standards en", "level": "info", "timestamp": "2026-06-10T01:16:34.273925Z"}
{"node": "answer", "regenerate_attempt": 0, "event": "start", "correlation_id": "01KTQHKVYAP43Z7ZETD6CXM003", "query_preview": "What is the exact maximum line length in characters that the coding standards en", "level": "info", "timestamp": "2026-06-10T01:16:34.275123Z"}
{"prompt_tag": "answer@v5", "schema": "DraftAnswer", "model": "cyankiwi/Qwen3.5-4B-AWQ-4bit", "max_tokens": 1800, "temperature": 0.1, "top_p": 0.8, "presence_penalty": 1.0, "seed": 42, "message_count": 2, "event": "model_call.start", "correlation_id": "01KTQHKVYAP43Z7ZETD6CXM003", "query_preview": "What is the exact maximum line length in characters that the coding standards en", "level": "info", "timestamp": "2026-06-10T01:16:34.277169Z"}
Authentication error: Langfuse client initialized without public_key. Client will be disabled. Provide a public_key parameter or set LANGFUSE_PUBLIC_KEY environment variable. 
{"prompt_tag": "answer@v5", "schema": "DraftAnswer", "tokens": 3642, "event": "model_call.done", "correlation_id": "01KTQHKVYAP43Z7ZETD6CXM003", "query_preview": "What is the exact maximum line length in characters that the coding standards en", "level": "info", "timestamp": "2026-06-10T01:16:35.826843Z"}
{"node": "verify", "claim_count": 1, "event": "start", "correlation_id": "01KTQHKVYAP43Z7ZETD6CXM003", "query_preview": "What is the exact maximum line length in characters that the coding standards en", "level": "info", "timestamp": "2026-06-10T01:16:35.827786Z"}
{"prompt_tag": "verify_grounding@v2", "schema": "VerificationResult", "model": "cyankiwi/Qwen3.5-4B-AWQ-4bit", "max_tokens": 1024, "temperature": 0.1, "top_p": 0.8, "presence_penalty": 1.0, "seed": 42, "message_count": 1, "event": "model_call.start", "correlation_id": "01KTQHKVYAP43Z7ZETD6CXM003", "query_preview": "What is the exact maximum line length in characters that the coding standards en", "level": "info", "timestamp": "2026-06-10T01:16:35.830844Z"}
Authentication error: Langfuse client initialized without public_key. Client will be disabled. Provide a public_key parameter or set LANGFUSE_PUBLIC_KEY environment variable. 
{"prompt_tag": "verify_grounding@v2", "schema": "VerificationResult", "tokens": 1901, "event": "model_call.done", "correlation_id": "01KTQHKVYAP43Z7ZETD6CXM003", "query_preview": "What is the exact maximum line length in characters that the coding standards en", "level": "info", "timestamp": "2026-06-10T01:16:36.312928Z"}
{"node": "assess_relevance", "event": "start", "correlation_id": "01KTQHKVYAP43Z7ZETD6CXM003", "query_preview": "What is the exact maximum line length in characters that the coding standards en", "level": "info", "timestamp": "2026-06-10T01:16:36.314241Z"}
{"prompt_tag": "assess_relevance@v2", "schema": "RelevanceAssessment", "model": "cyankiwi/Qwen3.5-4B-AWQ-4bit", "max_tokens": 1024, "temperature": 0.1, "top_p": 0.8, "presence_penalty": 1.0, "seed": 42, "message_count": 1, "event": "model_call.start", "correlation_id": "01KTQHKVYAP43Z7ZETD6CXM003", "query_preview": "What is the exact maximum line length in characters that the coding standards en", "level": "info", "timestamp": "2026-06-10T01:16:36.315211Z"}
Authentication error: Langfuse client initialized without public_key. Client will be disabled. Provide a public_key parameter or set LANGFUSE_PUBLIC_KEY environment variable. 
{"prompt_tag": "assess_relevance@v2", "schema": "RelevanceAssessment", "tokens": 640, "event": "model_call.done", "correlation_id": "01KTQHKVYAP43Z7ZETD6CXM003", "query_preview": "What is the exact maximum line length in characters that the coding standards en", "level": "info", "timestamp": "2026-06-10T01:16:36.846932Z"}
{"node": "assess_relevance", "responsive": true, "event": "relevance", "correlation_id": "01KTQHKVYAP43Z7ZETD6CXM003", "query_preview": "What is the exact maximum line length in characters that the coding standards en", "level": "info", "timestamp": "2026-06-10T01:16:36.846999Z"}
{"node": "compose", "event": "start", "correlation_id": "01KTQHKVYAP43Z7ZETD6CXM003", "query_preview": "What is the exact maximum line length in characters that the coding standards en", "level": "info", "timestamp": "2026-06-10T01:16:36.848200Z"}
Authentication error: Langfuse client initialized without public_key. Client will be disabled. Provide a public_key parameter or set LANGFUSE_PUBLIC_KEY environment variable. 
{"node": "retrieve", "query_len": 64, "event": "start", "correlation_id": "01KTQHMK3GAXY82N9YXKMQV0SS", "query_preview": "How many unit tests does the Memex test suite currently contain?", "level": "info", "timestamp": "2026-06-10T01:16:36.849599Z"}
{"query_len": 64, "k": 50, "event": "hybrid.start", "correlation_id": "01KTQHMK3GAXY82N9YXKMQV0SS", "query_preview": "How many unit tests does the Memex test suite currently contain?", "level": "info", "timestamp": "2026-06-10T01:16:36.849636Z"}
{"query_len": 64, "k": 50, "dense": 50, "bm25": 0, "fused": 50, "term": false, "event": "hybrid.done", "correlation_id": "01KTQHMK3GAXY82N9YXKMQV0SS", "query_preview": "How many unit tests does the Memex test suite currently contain?", "level": "info", "timestamp": "2026-06-10T01:16:36.921293Z"}
{"node": "retrieve", "candidate_count": 50, "event": "done", "correlation_id": "01KTQHMK3GAXY82N9YXKMQV0SS", "query_preview": "How many unit tests does the Memex test suite currently contain?", "level": "info", "timestamp": "2026-06-10T01:16:36.922248Z"}
{"node": "expand_graph", "reason": "disabled_or_empty", "event": "skip", "correlation_id": "01KTQHMK3GAXY82N9YXKMQV0SS", "query_preview": "How many unit tests does the Memex test suite currently contain?", "level": "info", "timestamp": "2026-06-10T01:16:36.923543Z"}
{"node": "rerank", "candidate_count": 50, "event": "start", "correlation_id": "01KTQHMK3GAXY82N9YXKMQV0SS", "query_preview": "How many unit tests does the Memex test suite currently contain?", "level": "info", "timestamp": "2026-06-10T01:16:36.924028Z"}
{"node": "rerank", "top_k": 5, "source": "mode", "event": "top_k_resolved", "correlation_id": "01KTQHMK3GAXY82N9YXKMQV0SS", "query_preview": "How many unit tests does the Memex test suite currently contain?", "level": "info", "timestamp": "2026-06-10T01:16:36.924080Z"}
{"candidates": 50, "top_k": 5, "backend": "cross_encoder", "event": "rerank.start", "correlation_id": "01KTQHMK3GAXY82N9YXKMQV0SS", "query_preview": "How many unit tests does the Memex test suite currently contain?", "level": "info", "timestamp": "2026-06-10T01:16:36.924112Z"}
{"candidates": 50, "top_k": 5, "backend": "cross_encoder", "returned": 5, "event": "rerank.done", "correlation_id": "01KTQHMK3GAXY82N9YXKMQV0SS", "query_preview": "How many unit tests does the Memex test suite currently contain?", "level": "info", "timestamp": "2026-06-10T01:16:58.840701Z"}
{"node": "rerank", "reranked_count": 5, "event": "done", "correlation_id": "01KTQHMK3GAXY82N9YXKMQV0SS", "query_preview": "How many unit tests does the Memex test suite currently contain?", "level": "info", "timestamp": "2026-06-10T01:16:58.840815Z"}
{"node": "query_tables", "reason": "no_relevant_tables", "event": "skip", "correlation_id": "01KTQHMK3GAXY82N9YXKMQV0SS", "query_preview": "How many unit tests does the Memex test suite currently contain?", "level": "info", "timestamp": "2026-06-10T01:16:58.843785Z"}
{"node": "assess", "reranked_count": 5, "event": "start", "correlation_id": "01KTQHMK3GAXY82N9YXKMQV0SS", "query_preview": "How many unit tests does the Memex test suite currently contain?", "level": "info", "timestamp": "2026-06-10T01:16:58.844811Z"}
{"prompt_tag": "assess_sufficiency@v4", "schema": "SufficiencyAssessment", "model": "cyankiwi/Qwen3.5-4B-AWQ-4bit", "max_tokens": 1024, "temperature": 0.1, "top_p": 0.8, "presence_penalty": 1.0, "seed": 42, "message_count": 1, "event": "model_call.start", "correlation_id": "01KTQHMK3GAXY82N9YXKMQV0SS", "query_preview": "How many unit tests does the Memex test suite currently contain?", "level": "info", "timestamp": "2026-06-10T01:16:58.847234Z"}
Authentication error: Langfuse client initialized without public_key. Client will be disabled. Provide a public_key parameter or set LANGFUSE_PUBLIC_KEY environment variable. 
{"prompt_tag": "assess_sufficiency@v4", "schema": "SufficiencyAssessment", "tokens": 2512, "event": "model_call.done", "correlation_id": "01KTQHMK3GAXY82N9YXKMQV0SS", "query_preview": "How many unit tests does the Memex test suite currently contain?", "level": "info", "timestamp": "2026-06-10T01:16:59.717665Z"}
{"node": "refuse", "event": "start", "correlation_id": "01KTQHMK3GAXY82N9YXKMQV0SS", "query_preview": "How many unit tests does the Memex test suite currently contain?", "level": "info", "timestamp": "2026-06-10T01:16:59.718775Z"}
Authentication error: Langfuse client initialized without public_key. Client will be disabled. Provide a public_key parameter or set LANGFUSE_PUBLIC_KEY environment variable. 
{"node": "retrieve", "query_len": 108, "event": "start", "correlation_id": "01KTQHN9E71BP8B9XXYQDY22W4", "query_preview": "Which commercial cloud LLM API do the guidelines recommend as a fallback when lo", "level": "info", "timestamp": "2026-06-10T01:16:59.720237Z"}
{"query_len": 108, "k": 50, "event": "hybrid.start", "correlation_id": "01KTQHN9E71BP8B9XXYQDY22W4", "query_preview": "Which commercial cloud LLM API do the guidelines recommend as a fallback when lo", "level": "info", "timestamp": "2026-06-10T01:16:59.720276Z"}
{"query_len": 108, "k": 50, "dense": 50, "bm25": 0, "fused": 50, "term": false, "event": "hybrid.done", "correlation_id": "01KTQHN9E71BP8B9XXYQDY22W4", "query_preview": "Which commercial cloud LLM API do the guidelines recommend as a fallback when lo", "level": "info", "timestamp": "2026-06-10T01:16:59.797155Z"}
{"node": "retrieve", "candidate_count": 50, "event": "done", "correlation_id": "01KTQHN9E71BP8B9XXYQDY22W4", "query_preview": "Which commercial cloud LLM API do the guidelines recommend as a fallback when lo", "level": "info", "timestamp": "2026-06-10T01:16:59.798053Z"}
{"node": "expand_graph", "reason": "disabled_or_empty", "event": "skip", "correlation_id": "01KTQHN9E71BP8B9XXYQDY22W4", "query_preview": "Which commercial cloud LLM API do the guidelines recommend as a fallback when lo", "level": "info", "timestamp": "2026-06-10T01:16:59.799335Z"}
{"node": "rerank", "candidate_count": 50, "event": "start", "correlation_id": "01KTQHN9E71BP8B9XXYQDY22W4", "query_preview": "Which commercial cloud LLM API do the guidelines recommend as a fallback when lo", "level": "info", "timestamp": "2026-06-10T01:16:59.799835Z"}
{"node": "rerank", "top_k": 5, "source": "mode", "event": "top_k_resolved", "correlation_id": "01KTQHN9E71BP8B9XXYQDY22W4", "query_preview": "Which commercial cloud LLM API do the guidelines recommend as a fallback when lo", "level": "info", "timestamp": "2026-06-10T01:16:59.799885Z"}
{"candidates": 50, "top_k": 5, "backend": "cross_encoder", "event": "rerank.start", "correlation_id": "01KTQHN9E71BP8B9XXYQDY22W4", "query_preview": "Which commercial cloud LLM API do the guidelines recommend as a fallback when lo", "level": "info", "timestamp": "2026-06-10T01:16:59.799909Z"}
{"candidates": 50, "top_k": 5, "backend": "cross_encoder", "returned": 5, "event": "rerank.done", "correlation_id": "01KTQHN9E71BP8B9XXYQDY22W4", "query_preview": "Which commercial cloud LLM API do the guidelines recommend as a fallback when lo", "level": "info", "timestamp": "2026-06-10T01:18:08.400234Z"}
{"node": "rerank", "reranked_count": 5, "event": "done", "correlation_id": "01KTQHN9E71BP8B9XXYQDY22W4", "query_preview": "Which commercial cloud LLM API do the guidelines recommend as a fallback when lo", "level": "info", "timestamp": "2026-06-10T01:18:08.400332Z"}
{"node": "query_tables", "reason": "empty_or_not_table_shaped", "event": "skip", "correlation_id": "01KTQHN9E71BP8B9XXYQDY22W4", "query_preview": "Which commercial cloud LLM API do the guidelines recommend as a fallback when lo", "level": "info", "timestamp": "2026-06-10T01:18:08.402050Z"}
{"node": "assess", "reranked_count": 5, "event": "start", "correlation_id": "01KTQHN9E71BP8B9XXYQDY22W4", "query_preview": "Which commercial cloud LLM API do the guidelines recommend as a fallback when lo", "level": "info", "timestamp": "2026-06-10T01:18:08.402720Z"}
{"prompt_tag": "assess_sufficiency@v4", "schema": "SufficiencyAssessment", "model": "cyankiwi/Qwen3.5-4B-AWQ-4bit", "max_tokens": 1024, "temperature": 0.1, "top_p": 0.8, "presence_penalty": 1.0, "seed": 42, "message_count": 1, "event": "model_call.start", "correlation_id": "01KTQHN9E71BP8B9XXYQDY22W4", "query_preview": "Which commercial cloud LLM API do the guidelines recommend as a fallback when lo", "level": "info", "timestamp": "2026-06-10T01:18:08.404633Z"}
Authentication error: Langfuse client initialized without public_key. Client will be disabled. Provide a public_key parameter or set LANGFUSE_PUBLIC_KEY environment variable. 
{"prompt_tag": "assess_sufficiency@v4", "schema": "SufficiencyAssessment", "tokens": 2753, "event": "model_call.done", "correlation_id": "01KTQHN9E71BP8B9XXYQDY22W4", "query_preview": "Which commercial cloud LLM API do the guidelines recommend as a fallback when lo", "level": "info", "timestamp": "2026-06-10T01:18:09.283803Z"}
{"node": "refuse", "event": "start", "correlation_id": "01KTQHN9E71BP8B9XXYQDY22W4", "query_preview": "Which commercial cloud LLM API do the guidelines recommend as a fallback when lo", "level": "info", "timestamp": "2026-06-10T01:18:09.285044Z"}
Authentication error: Langfuse client initialized without public_key. Client will be disabled. Provide a public_key parameter or set LANGFUSE_PUBLIC_KEY environment variable. 
{"node": "retrieve", "query_len": 90, "event": "start", "correlation_id": "01KTQHQDC5Z24T637N3YD9AQGC", "query_preview": "What do the guidelines recommend for deploying Memex to AWS or a cloud Kubernete", "level": "info", "timestamp": "2026-06-10T01:18:09.286444Z"}
{"query_len": 90, "k": 50, "event": "hybrid.start", "correlation_id": "01KTQHQDC5Z24T637N3YD9AQGC", "query_preview": "What do the guidelines recommend for deploying Memex to AWS or a cloud Kubernete", "level": "info", "timestamp": "2026-06-10T01:18:09.286480Z"}
{"query_len": 90, "k": 50, "dense": 50, "bm25": 0, "fused": 50, "term": false, "event": "hybrid.done", "correlation_id": "01KTQHQDC5Z24T637N3YD9AQGC", "query_preview": "What do the guidelines recommend for deploying Memex to AWS or a cloud Kubernete", "level": "info", "timestamp": "2026-06-10T01:18:09.359652Z"}
{"node": "retrieve", "candidate_count": 50, "event": "done", "correlation_id": "01KTQHQDC5Z24T637N3YD9AQGC", "query_preview": "What do the guidelines recommend for deploying Memex to AWS or a cloud Kubernete", "level": "info", "timestamp": "2026-06-10T01:18:09.360613Z"}
{"node": "expand_graph", "reason": "disabled_or_empty", "event": "skip", "correlation_id": "01KTQHQDC5Z24T637N3YD9AQGC", "query_preview": "What do the guidelines recommend for deploying Memex to AWS or a cloud Kubernete", "level": "info", "timestamp": "2026-06-10T01:18:09.362114Z"}
{"node": "rerank", "candidate_count": 50, "event": "start", "correlation_id": "01KTQHQDC5Z24T637N3YD9AQGC", "query_preview": "What do the guidelines recommend for deploying Memex to AWS or a cloud Kubernete", "level": "info", "timestamp": "2026-06-10T01:18:09.362607Z"}
{"node": "rerank", "top_k": 5, "source": "mode", "event": "top_k_resolved", "correlation_id": "01KTQHQDC5Z24T637N3YD9AQGC", "query_preview": "What do the guidelines recommend for deploying Memex to AWS or a cloud Kubernete", "level": "info", "timestamp": "2026-06-10T01:18:09.362656Z"}
{"candidates": 50, "top_k": 5, "backend": "cross_encoder", "event": "rerank.start", "correlation_id": "01KTQHQDC5Z24T637N3YD9AQGC", "query_preview": "What do the guidelines recommend for deploying Memex to AWS or a cloud Kubernete", "level": "info", "timestamp": "2026-06-10T01:18:09.362680Z"}
{"candidates": 50, "top_k": 5, "backend": "cross_encoder", "returned": 5, "event": "rerank.done", "correlation_id": "01KTQHQDC5Z24T637N3YD9AQGC", "query_preview": "What do the guidelines recommend for deploying Memex to AWS or a cloud Kubernete", "level": "info", "timestamp": "2026-06-10T01:18:43.581573Z"}
{"node": "rerank", "reranked_count": 5, "event": "done", "correlation_id": "01KTQHQDC5Z24T637N3YD9AQGC", "query_preview": "What do the guidelines recommend for deploying Memex to AWS or a cloud Kubernete", "level": "info", "timestamp": "2026-06-10T01:18:43.581671Z"}
{"node": "query_tables", "reason": "empty_or_not_table_shaped", "event": "skip", "correlation_id": "01KTQHQDC5Z24T637N3YD9AQGC", "query_preview": "What do the guidelines recommend for deploying Memex to AWS or a cloud Kubernete", "level": "info", "timestamp": "2026-06-10T01:18:43.583649Z"}
{"node": "assess", "reranked_count": 5, "event": "start", "correlation_id": "01KTQHQDC5Z24T637N3YD9AQGC", "query_preview": "What do the guidelines recommend for deploying Memex to AWS or a cloud Kubernete", "level": "info", "timestamp": "2026-06-10T01:18:43.584425Z"}
{"prompt_tag": "assess_sufficiency@v4", "schema": "SufficiencyAssessment", "model": "cyankiwi/Qwen3.5-4B-AWQ-4bit", "max_tokens": 1024, "temperature": 0.1, "top_p": 0.8, "presence_penalty": 1.0, "seed": 42, "message_count": 1, "event": "model_call.start", "correlation_id": "01KTQHQDC5Z24T637N3YD9AQGC", "query_preview": "What do the guidelines recommend for deploying Memex to AWS or a cloud Kubernete", "level": "info", "timestamp": "2026-06-10T01:18:43.586745Z"}
Authentication error: Langfuse client initialized without public_key. Client will be disabled. Provide a public_key parameter or set LANGFUSE_PUBLIC_KEY environment variable. 
{"prompt_tag": "assess_sufficiency@v4", "schema": "SufficiencyAssessment", "tokens": 2551, "event": "model_call.done", "correlation_id": "01KTQHQDC5Z24T637N3YD9AQGC", "query_preview": "What do the guidelines recommend for deploying Memex to AWS or a cloud Kubernete", "level": "info", "timestamp": "2026-06-10T01:18:44.692805Z"}
{"node": "answer", "regenerate_attempt": 0, "event": "start", "correlation_id": "01KTQHQDC5Z24T637N3YD9AQGC", "query_preview": "What do the guidelines recommend for deploying Memex to AWS or a cloud Kubernete", "level": "info", "timestamp": "2026-06-10T01:18:44.693898Z"}
{"prompt_tag": "answer@v5", "schema": "DraftAnswer", "model": "cyankiwi/Qwen3.5-4B-AWQ-4bit", "max_tokens": 1800, "temperature": 0.1, "top_p": 0.8, "presence_penalty": 1.0, "seed": 42, "message_count": 2, "event": "model_call.start", "correlation_id": "01KTQHQDC5Z24T637N3YD9AQGC", "query_preview": "What do the guidelines recommend for deploying Memex to AWS or a cloud Kubernete", "level": "info", "timestamp": "2026-06-10T01:18:44.695873Z"}
Authentication error: Langfuse client initialized without public_key. Client will be disabled. Provide a public_key parameter or set LANGFUSE_PUBLIC_KEY environment variable. 
{"prompt_tag": "answer@v5", "schema": "DraftAnswer", "tokens": 4102, "event": "model_call.done", "correlation_id": "01KTQHQDC5Z24T637N3YD9AQGC", "query_preview": "What do the guidelines recommend for deploying Memex to AWS or a cloud Kubernete", "level": "info", "timestamp": "2026-06-10T01:18:45.684987Z"}
{"node": "verify", "claim_count": 0, "event": "start", "correlation_id": "01KTQHQDC5Z24T637N3YD9AQGC", "query_preview": "What do the guidelines recommend for deploying Memex to AWS or a cloud Kubernete", "level": "info", "timestamp": "2026-06-10T01:18:45.685751Z"}
{"node": "verify", "event": "empty_draft_shortcircuit", "correlation_id": "01KTQHQDC5Z24T637N3YD9AQGC", "query_preview": "What do the guidelines recommend for deploying Memex to AWS or a cloud Kubernete", "level": "info", "timestamp": "2026-06-10T01:18:45.685786Z"}
{"node": "assess_relevance", "event": "start", "correlation_id": "01KTQHQDC5Z24T637N3YD9AQGC", "query_preview": "What do the guidelines recommend for deploying Memex to AWS or a cloud Kubernete", "level": "info", "timestamp": "2026-06-10T01:18:45.686572Z"}
{"prompt_tag": "assess_relevance@v2", "schema": "RelevanceAssessment", "model": "cyankiwi/Qwen3.5-4B-AWQ-4bit", "max_tokens": 1024, "temperature": 0.1, "top_p": 0.8, "presence_penalty": 1.0, "seed": 42, "message_count": 1, "event": "model_call.start", "correlation_id": "01KTQHQDC5Z24T637N3YD9AQGC", "query_preview": "What do the guidelines recommend for deploying Memex to AWS or a cloud Kubernete", "level": "info", "timestamp": "2026-06-10T01:18:45.687449Z"}
Authentication error: Langfuse client initialized without public_key. Client will be disabled. Provide a public_key parameter or set LANGFUSE_PUBLIC_KEY environment variable. 
{"prompt_tag": "assess_relevance@v2", "schema": "RelevanceAssessment", "tokens": 624, "event": "model_call.done", "correlation_id": "01KTQHQDC5Z24T637N3YD9AQGC", "query_preview": "What do the guidelines recommend for deploying Memex to AWS or a cloud Kubernete", "level": "info", "timestamp": "2026-06-10T01:18:46.206666Z"}
{"node": "assess_relevance", "responsive": true, "event": "relevance", "correlation_id": "01KTQHQDC5Z24T637N3YD9AQGC", "query_preview": "What do the guidelines recommend for deploying Memex to AWS or a cloud Kubernete", "level": "info", "timestamp": "2026-06-10T01:18:46.206732Z"}
{"node": "compose", "event": "start", "correlation_id": "01KTQHQDC5Z24T637N3YD9AQGC", "query_preview": "What do the guidelines recommend for deploying Memex to AWS or a cloud Kubernete", "level": "info", "timestamp": "2026-06-10T01:18:46.208071Z"}
Authentication error: Langfuse client initialized without public_key. Client will be disabled. Provide a public_key parameter or set LANGFUSE_PUBLIC_KEY environment variable. 
{"node": "retrieve", "query_len": 75, "event": "start", "correlation_id": "01KTQHRHE03XYXQQKXC2VP0YRV", "query_preview": "What is the recommended monthly price for the Memex SaaS subscription tier?", "level": "info", "timestamp": "2026-06-10T01:18:46.209522Z"}
{"query_len": 75, "k": 50, "event": "hybrid.start", "correlation_id": "01KTQHRHE03XYXQQKXC2VP0YRV", "query_preview": "What is the recommended monthly price for the Memex SaaS subscription tier?", "level": "info", "timestamp": "2026-06-10T01:18:46.209557Z"}
{"query_len": 75, "k": 50, "dense": 50, "bm25": 50, "fused": 50, "term": true, "event": "hybrid.done", "correlation_id": "01KTQHRHE03XYXQQKXC2VP0YRV", "query_preview": "What is the recommended monthly price for the Memex SaaS subscription tier?", "level": "info", "timestamp": "2026-06-10T01:18:46.275746Z"}
{"node": "retrieve", "candidate_count": 50, "event": "done", "correlation_id": "01KTQHRHE03XYXQQKXC2VP0YRV", "query_preview": "What is the recommended monthly price for the Memex SaaS subscription tier?", "level": "info", "timestamp": "2026-06-10T01:18:46.276719Z"}
{"node": "expand_graph", "reason": "disabled_or_empty", "event": "skip", "correlation_id": "01KTQHRHE03XYXQQKXC2VP0YRV", "query_preview": "What is the recommended monthly price for the Memex SaaS subscription tier?", "level": "info", "timestamp": "2026-06-10T01:18:46.278016Z"}
{"node": "rerank", "candidate_count": 50, "event": "start", "correlation_id": "01KTQHRHE03XYXQQKXC2VP0YRV", "query_preview": "What is the recommended monthly price for the Memex SaaS subscription tier?", "level": "info", "timestamp": "2026-06-10T01:18:46.278656Z"}
{"node": "rerank", "top_k": 5, "source": "mode", "event": "top_k_resolved", "correlation_id": "01KTQHRHE03XYXQQKXC2VP0YRV", "query_preview": "What is the recommended monthly price for the Memex SaaS subscription tier?", "level": "info", "timestamp": "2026-06-10T01:18:46.278715Z"}
{"candidates": 50, "top_k": 5, "backend": "cross_encoder", "event": "rerank.start", "correlation_id": "01KTQHRHE03XYXQQKXC2VP0YRV", "query_preview": "What is the recommended monthly price for the Memex SaaS subscription tier?", "level": "info", "timestamp": "2026-06-10T01:18:46.278740Z"}
{"candidates": 50, "top_k": 5, "backend": "cross_encoder", "returned": 5, "event": "rerank.done", "correlation_id": "01KTQHRHE03XYXQQKXC2VP0YRV", "query_preview": "What is the recommended monthly price for the Memex SaaS subscription tier?", "level": "info", "timestamp": "2026-06-10T01:19:06.657467Z"}
{"node": "rerank", "reranked_count": 5, "event": "done", "correlation_id": "01KTQHRHE03XYXQQKXC2VP0YRV", "query_preview": "What is the recommended monthly price for the Memex SaaS subscription tier?", "level": "info", "timestamp": "2026-06-10T01:19:06.657565Z"}
{"node": "query_tables", "reason": "empty_or_not_table_shaped", "event": "skip", "correlation_id": "01KTQHRHE03XYXQQKXC2VP0YRV", "query_preview": "What is the recommended monthly price for the Memex SaaS subscription tier?", "level": "info", "timestamp": "2026-06-10T01:19:06.659746Z"}
{"node": "assess", "reranked_count": 5, "event": "start", "correlation_id": "01KTQHRHE03XYXQQKXC2VP0YRV", "query_preview": "What is the recommended monthly price for the Memex SaaS subscription tier?", "level": "info", "timestamp": "2026-06-10T01:19:06.660711Z"}
{"prompt_tag": "assess_sufficiency@v4", "schema": "SufficiencyAssessment", "model": "cyankiwi/Qwen3.5-4B-AWQ-4bit", "max_tokens": 1024, "temperature": 0.1, "top_p": 0.8, "presence_penalty": 1.0, "seed": 42, "message_count": 1, "event": "model_call.start", "correlation_id": "01KTQHRHE03XYXQQKXC2VP0YRV", "query_preview": "What is the recommended monthly price for the Memex SaaS subscription tier?", "level": "info", "timestamp": "2026-06-10T01:19:06.662917Z"}
Authentication error: Langfuse client initialized without public_key. Client will be disabled. Provide a public_key parameter or set LANGFUSE_PUBLIC_KEY environment variable. 
{"prompt_tag": "assess_sufficiency@v4", "schema": "SufficiencyAssessment", "tokens": 3092, "event": "model_call.done", "correlation_id": "01KTQHRHE03XYXQQKXC2VP0YRV", "query_preview": "What is the recommended monthly price for the Memex SaaS subscription tier?", "level": "info", "timestamp": "2026-06-10T01:19:07.572612Z"}
{"node": "refuse", "event": "start", "correlation_id": "01KTQHRHE03XYXQQKXC2VP0YRV", "query_preview": "What is the recommended monthly price for the Memex SaaS subscription tier?", "level": "info", "timestamp": "2026-06-10T01:19:07.574656Z"}
Authentication error: Langfuse client initialized without public_key. Client will be disabled. Provide a public_key parameter or set LANGFUSE_PUBLIC_KEY environment variable. 
{"node": "retrieve", "query_len": 46, "event": "start", "correlation_id": "01KTQHS69QV8T951JEN6QHRNEQ", "query_preview": "What is the npm package name to install Memex?", "level": "info", "timestamp": "2026-06-10T01:19:07.576903Z"}
{"query_len": 46, "k": 50, "event": "hybrid.start", "correlation_id": "01KTQHS69QV8T951JEN6QHRNEQ", "query_preview": "What is the npm package name to install Memex?", "level": "info", "timestamp": "2026-06-10T01:19:07.576960Z"}
{"query_len": 46, "k": 50, "dense": 50, "bm25": 0, "fused": 50, "term": false, "event": "hybrid.done", "correlation_id": "01KTQHS69QV8T951JEN6QHRNEQ", "query_preview": "What is the npm package name to install Memex?", "level": "info", "timestamp": "2026-06-10T01:19:07.653971Z"}
{"node": "retrieve", "candidate_count": 50, "event": "done", "correlation_id": "01KTQHS69QV8T951JEN6QHRNEQ", "query_preview": "What is the npm package name to install Memex?", "level": "info", "timestamp": "2026-06-10T01:19:07.655024Z"}
{"node": "expand_graph", "reason": "disabled_or_empty", "event": "skip", "correlation_id": "01KTQHS69QV8T951JEN6QHRNEQ", "query_preview": "What is the npm package name to install Memex?", "level": "info", "timestamp": "2026-06-10T01:19:07.656725Z"}
{"node": "rerank", "candidate_count": 50, "event": "start", "correlation_id": "01KTQHS69QV8T951JEN6QHRNEQ", "query_preview": "What is the npm package name to install Memex?", "level": "info", "timestamp": "2026-06-10T01:19:07.657268Z"}
{"node": "rerank", "top_k": 5, "source": "mode", "event": "top_k_resolved", "correlation_id": "01KTQHS69QV8T951JEN6QHRNEQ", "query_preview": "What is the npm package name to install Memex?", "level": "info", "timestamp": "2026-06-10T01:19:07.657318Z"}
{"candidates": 50, "top_k": 5, "backend": "cross_encoder", "event": "rerank.start", "correlation_id": "01KTQHS69QV8T951JEN6QHRNEQ", "query_preview": "What is the npm package name to install Memex?", "level": "info", "timestamp": "2026-06-10T01:19:07.657341Z"}
{"candidates": 50, "top_k": 5, "backend": "cross_encoder", "returned": 5, "event": "rerank.done", "correlation_id": "01KTQHS69QV8T951JEN6QHRNEQ", "query_preview": "What is the npm package name to install Memex?", "level": "info", "timestamp": "2026-06-10T01:19:29.399075Z"}
{"node": "rerank", "reranked_count": 5, "event": "done", "correlation_id": "01KTQHS69QV8T951JEN6QHRNEQ", "query_preview": "What is the npm package name to install Memex?", "level": "info", "timestamp": "2026-06-10T01:19:29.399169Z"}
{"node": "query_tables", "reason": "empty_or_not_table_shaped", "event": "skip", "correlation_id": "01KTQHS69QV8T951JEN6QHRNEQ", "query_preview": "What is the npm package name to install Memex?", "level": "info", "timestamp": "2026-06-10T01:19:29.400864Z"}
{"node": "assess", "reranked_count": 5, "event": "start", "correlation_id": "01KTQHS69QV8T951JEN6QHRNEQ", "query_preview": "What is the npm package name to install Memex?", "level": "info", "timestamp": "2026-06-10T01:19:29.401559Z"}
{"prompt_tag": "assess_sufficiency@v4", "schema": "SufficiencyAssessment", "model": "cyankiwi/Qwen3.5-4B-AWQ-4bit", "max_tokens": 1024, "temperature": 0.1, "top_p": 0.8, "presence_penalty": 1.0, "seed": 42, "message_count": 1, "event": "model_call.start", "correlation_id": "01KTQHS69QV8T951JEN6QHRNEQ", "query_preview": "What is the npm package name to install Memex?", "level": "info", "timestamp": "2026-06-10T01:19:29.403448Z"}
Authentication error: Langfuse client initialized without public_key. Client will be disabled. Provide a public_key parameter or set LANGFUSE_PUBLIC_KEY environment variable. 
{"prompt_tag": "assess_sufficiency@v4", "schema": "SufficiencyAssessment", "tokens": 2690, "event": "model_call.done", "correlation_id": "01KTQHS69QV8T951JEN6QHRNEQ", "query_preview": "What is the npm package name to install Memex?", "level": "info", "timestamp": "2026-06-10T01:19:30.253006Z"}
{"node": "refuse", "event": "start", "correlation_id": "01KTQHS69QV8T951JEN6QHRNEQ", "query_preview": "What is the npm package name to install Memex?", "level": "info", "timestamp": "2026-06-10T01:19:30.254140Z"}
{"query_count": 18, "quick": false, "error_count": 0, "mean_citation_precision": 0.9074074074074073, "mean_citation_precision_answered_only": 0.8717948717948718, "event": "eval.done", "level": "info", "timestamp": "2026-06-10T01:19:30.254668Z"}
