{"vault_path": "/home/drei/.memex/vault", "event": "bootstrap", "level": "info", "timestamp": "2026-06-11T16:25:03.247466Z"}
{"estimated_gb": 11.8, "budget_gb": 9.8, "total_gb": 11.6, "gpu": "NVIDIA GeForce RTX 4070", "vlm_counted": false, "co_residence_mode": "manual", "embedder_device": "cpu", "reranker_device": "cpu", "fix": "lower hardware.gpu_memory_fraction, switch to a lighter co-residence mode (MEMEX_MODELS__CO_RESIDENCE_MODE=full puts the reranker on CPU), switch to a smaller VLM variant (vlm_quantization=awq_int4), or reduce the orchestrator quant tier", "event": "vram.budget.tight", "level": "warning", "timestamp": "2026-06-11T16:25:04.756490Z"}
{"component": "bootstrap.gpu", "total_gb": 11.56, "free_gb": 4.39, "holders": ["pid 382037: VLLM::EngineCore (6170 MiB)", "pid 839938: /home/drei/project/Doc_Flo/.venv/bin/python3 (154 MiB)"], "event": "gpu.preflight", "level": "info", "timestamp": "2026-06-11T16:25:04.869910Z"}
{"query_count": 34, "quick": false, "event": "eval.start", "level": "info", "timestamp": "2026-06-11T16:25:04.913028Z"}
Authentication error: Langfuse client initialized without public_key. Client will be disabled. Provide a public_key parameter or set LANGFUSE_PUBLIC_KEY environment variable. 
{"node": "retrieve", "query_len": 90, "event": "start", "query_preview": "What is the energy cost of FP16 matrix multiplication relative to FP32, in FMA o", "correlation_id": "01KTVR0RMHCRCHPJFHBQR5WAQQ", "level": "info", "timestamp": "2026-06-11T16:25:04.938480Z"}
{"query_len": 90, "k": 50, "event": "hybrid.start", "query_preview": "What is the energy cost of FP16 matrix multiplication relative to FP32, in FMA o", "correlation_id": "01KTVR0RMHCRCHPJFHBQR5WAQQ", "level": "info", "timestamp": "2026-06-11T16:25:04.938529Z"}
{"name": "embedder", "event": "model.load.start", "query_preview": "What is the energy cost of FP16 matrix multiplication relative to FP32, in FMA o", "correlation_id": "01KTVR0RMHCRCHPJFHBQR5WAQQ", "level": "info", "timestamp": "2026-06-11T16:25:04.944547Z"}
`torch_dtype` is deprecated! Use `dtype` instead!
{"name": "embedder", "event": "model.load.done", "query_preview": "What is the energy cost of FP16 matrix multiplication relative to FP32, in FMA o", "correlation_id": "01KTVR0RMHCRCHPJFHBQR5WAQQ", "level": "info", "timestamp": "2026-06-11T16:25:09.791245Z"}
{"query_len": 90, "k": 50, "dense": 50, "bm25": 0, "fused": 50, "term": false, "event": "hybrid.done", "query_preview": "What is the energy cost of FP16 matrix multiplication relative to FP32, in FMA o", "correlation_id": "01KTVR0RMHCRCHPJFHBQR5WAQQ", "level": "info", "timestamp": "2026-06-11T16:25:09.911073Z"}
{"node": "retrieve", "candidate_count": 50, "event": "done", "query_preview": "What is the energy cost of FP16 matrix multiplication relative to FP32, in FMA o", "correlation_id": "01KTVR0RMHCRCHPJFHBQR5WAQQ", "level": "info", "timestamp": "2026-06-11T16:25:09.911836Z"}
{"node": "expand_graph", "reason": "disabled_or_empty", "event": "skip", "query_preview": "What is the energy cost of FP16 matrix multiplication relative to FP32, in FMA o", "correlation_id": "01KTVR0RMHCRCHPJFHBQR5WAQQ", "level": "info", "timestamp": "2026-06-11T16:25:09.913428Z"}
{"node": "rerank", "candidate_count": 50, "event": "start", "query_preview": "What is the energy cost of FP16 matrix multiplication relative to FP32, in FMA o", "correlation_id": "01KTVR0RMHCRCHPJFHBQR5WAQQ", "level": "info", "timestamp": "2026-06-11T16:25:09.913893Z"}
{"node": "rerank", "top_k": 5, "source": "mode", "event": "top_k_resolved", "query_preview": "What is the energy cost of FP16 matrix multiplication relative to FP32, in FMA o", "correlation_id": "01KTVR0RMHCRCHPJFHBQR5WAQQ", "level": "info", "timestamp": "2026-06-11T16:25:09.913940Z"}
{"candidates": 50, "top_k": 5, "backend": "cross_encoder", "event": "rerank.start", "query_preview": "What is the energy cost of FP16 matrix multiplication relative to FP32, in FMA o", "correlation_id": "01KTVR0RMHCRCHPJFHBQR5WAQQ", "level": "info", "timestamp": "2026-06-11T16:25:09.913968Z"}
{"name": "reranker", "event": "model.load.start", "query_preview": "What is the energy cost of FP16 matrix multiplication relative to FP32, in FMA o", "correlation_id": "01KTVR0RMHCRCHPJFHBQR5WAQQ", "level": "info", "timestamp": "2026-06-11T16:25:09.913998Z"}
{"name": "reranker", "event": "model.load.done", "query_preview": "What is the energy cost of FP16 matrix multiplication relative to FP32, in FMA o", "correlation_id": "01KTVR0RMHCRCHPJFHBQR5WAQQ", "level": "info", "timestamp": "2026-06-11T16:25:11.531327Z"}
{"candidates": 50, "top_k": 5, "backend": "cross_encoder", "returned": 5, "event": "rerank.done", "query_preview": "What is the energy cost of FP16 matrix multiplication relative to FP32, in FMA o", "correlation_id": "01KTVR0RMHCRCHPJFHBQR5WAQQ", "level": "info", "timestamp": "2026-06-11T16:25:46.766270Z"}
{"node": "rerank", "reranked_count": 5, "event": "done", "query_preview": "What is the energy cost of FP16 matrix multiplication relative to FP32, in FMA o", "correlation_id": "01KTVR0RMHCRCHPJFHBQR5WAQQ", "level": "info", "timestamp": "2026-06-11T16:25:46.766386Z"}
{"node": "query_tables", "reason": "empty_or_not_table_shaped", "event": "skip", "query_preview": "What is the energy cost of FP16 matrix multiplication relative to FP32, in FMA o", "correlation_id": "01KTVR0RMHCRCHPJFHBQR5WAQQ", "level": "info", "timestamp": "2026-06-11T16:25:46.768637Z"}
{"node": "assess", "reranked_count": 5, "event": "start", "query_preview": "What is the energy cost of FP16 matrix multiplication relative to FP32, in FMA o", "correlation_id": "01KTVR0RMHCRCHPJFHBQR5WAQQ", "level": "info", "timestamp": "2026-06-11T16:25:46.769554Z"}
{"prompt_tag": "assess_sufficiency@v4", "schema": "SufficiencyAssessment", "model": "cyankiwi/Qwen3.5-4B-AWQ-4bit", "max_tokens": 1024, "temperature": 0.1, "top_p": 0.8, "presence_penalty": 1.0, "seed": 42, "message_count": 1, "event": "model_call.start", "query_preview": "What is the energy cost of FP16 matrix multiplication relative to FP32, in FMA o", "correlation_id": "01KTVR0RMHCRCHPJFHBQR5WAQQ", "level": "info", "timestamp": "2026-06-11T16:25:46.772643Z"}
Authentication error: Langfuse client initialized without public_key. Client will be disabled. Provide a public_key parameter or set LANGFUSE_PUBLIC_KEY environment variable. 
{"prompt_tag": "assess_sufficiency@v4", "schema": "SufficiencyAssessment", "tokens": 3377, "event": "model_call.done", "query_preview": "What is the energy cost of FP16 matrix multiplication relative to FP32, in FMA o", "correlation_id": "01KTVR0RMHCRCHPJFHBQR5WAQQ", "level": "info", "timestamp": "2026-06-11T16:25:47.730284Z"}
{"node": "answer", "regenerate_attempt": 0, "event": "start", "query_preview": "What is the energy cost of FP16 matrix multiplication relative to FP32, in FMA o", "correlation_id": "01KTVR0RMHCRCHPJFHBQR5WAQQ", "level": "info", "timestamp": "2026-06-11T16:25:47.731664Z"}
{"prompt_tag": "answer@v5", "schema": "DraftAnswer", "model": "cyankiwi/Qwen3.5-4B-AWQ-4bit", "max_tokens": 1800, "temperature": 0.1, "top_p": 0.8, "presence_penalty": 1.0, "seed": 42, "message_count": 2, "event": "model_call.start", "query_preview": "What is the energy cost of FP16 matrix multiplication relative to FP32, in FMA o", "correlation_id": "01KTVR0RMHCRCHPJFHBQR5WAQQ", "level": "info", "timestamp": "2026-06-11T16:25:47.738985Z"}
Authentication error: Langfuse client initialized without public_key. Client will be disabled. Provide a public_key parameter or set LANGFUSE_PUBLIC_KEY environment variable. 
{"prompt_tag": "answer@v5", "schema": "DraftAnswer", "tokens": 5045, "event": "model_call.done", "query_preview": "What is the energy cost of FP16 matrix multiplication relative to FP32, in FMA o", "correlation_id": "01KTVR0RMHCRCHPJFHBQR5WAQQ", "level": "info", "timestamp": "2026-06-11T16:25:49.656616Z"}
{"node": "answer", "exact": 0, "suffix": 0, "fuzzy": 1, "unresolved": 0, "event": "chunk_id_repair", "query_preview": "What is the energy cost of FP16 matrix multiplication relative to FP32, in FMA o", "correlation_id": "01KTVR0RMHCRCHPJFHBQR5WAQQ", "level": "info", "timestamp": "2026-06-11T16:25:49.656770Z"}
{"node": "verify", "claim_count": 1, "event": "start", "query_preview": "What is the energy cost of FP16 matrix multiplication relative to FP32, in FMA o", "correlation_id": "01KTVR0RMHCRCHPJFHBQR5WAQQ", "level": "info", "timestamp": "2026-06-11T16:25:49.657615Z"}
{"prompt_tag": "verify_grounding@v2", "schema": "VerificationResult", "model": "cyankiwi/Qwen3.5-4B-AWQ-4bit", "max_tokens": 1024, "temperature": 0.1, "top_p": 0.8, "presence_penalty": 1.0, "seed": 42, "message_count": 1, "event": "model_call.start", "query_preview": "What is the energy cost of FP16 matrix multiplication relative to FP32, in FMA o", "correlation_id": "01KTVR0RMHCRCHPJFHBQR5WAQQ", "level": "info", "timestamp": "2026-06-11T16:25:49.665801Z"}
Authentication error: Langfuse client initialized without public_key. Client will be disabled. Provide a public_key parameter or set LANGFUSE_PUBLIC_KEY environment variable. 
{"prompt_tag": "verify_grounding@v2", "schema": "VerificationResult", "tokens": 2196, "event": "model_call.done", "query_preview": "What is the energy cost of FP16 matrix multiplication relative to FP32, in FMA o", "correlation_id": "01KTVR0RMHCRCHPJFHBQR5WAQQ", "level": "info", "timestamp": "2026-06-11T16:25:50.188280Z"}
{"node": "assess_relevance", "event": "start", "query_preview": "What is the energy cost of FP16 matrix multiplication relative to FP32, in FMA o", "correlation_id": "01KTVR0RMHCRCHPJFHBQR5WAQQ", "level": "info", "timestamp": "2026-06-11T16:25:50.189638Z"}
{"prompt_tag": "assess_relevance@v3", "schema": "RelevanceAssessment", "model": "cyankiwi/Qwen3.5-4B-AWQ-4bit", "max_tokens": 1024, "temperature": 0.1, "top_p": 0.8, "presence_penalty": 1.0, "seed": 42, "message_count": 1, "event": "model_call.start", "query_preview": "What is the energy cost of FP16 matrix multiplication relative to FP32, in FMA o", "correlation_id": "01KTVR0RMHCRCHPJFHBQR5WAQQ", "level": "info", "timestamp": "2026-06-11T16:25:50.191496Z"}
Authentication error: Langfuse client initialized without public_key. Client will be disabled. Provide a public_key parameter or set LANGFUSE_PUBLIC_KEY environment variable. 
{"prompt_tag": "assess_relevance@v3", "schema": "RelevanceAssessment", "tokens": 873, "event": "model_call.done", "query_preview": "What is the energy cost of FP16 matrix multiplication relative to FP32, in FMA o", "correlation_id": "01KTVR0RMHCRCHPJFHBQR5WAQQ", "level": "info", "timestamp": "2026-06-11T16:25:50.737276Z"}
{"node": "assess_relevance", "responsive": true, "event": "relevance", "query_preview": "What is the energy cost of FP16 matrix multiplication relative to FP32, in FMA o", "correlation_id": "01KTVR0RMHCRCHPJFHBQR5WAQQ", "level": "info", "timestamp": "2026-06-11T16:25:50.737331Z"}
{"node": "compose", "event": "start", "query_preview": "What is the energy cost of FP16 matrix multiplication relative to FP32, in FMA o", "correlation_id": "01KTVR0RMHCRCHPJFHBQR5WAQQ", "level": "info", "timestamp": "2026-06-11T16:25:50.738430Z"}
Authentication error: Langfuse client initialized without public_key. Client will be disabled. Provide a public_key parameter or set LANGFUSE_PUBLIC_KEY environment variable. 
{"node": "retrieve", "query_len": 94, "event": "start", "query_preview": "What are the two main categories where modern processors spend power, according ", "correlation_id": "01KTVR25CJQR6NG45E44YNH4MD", "level": "info", "timestamp": "2026-06-11T16:25:50.740025Z"}
{"query_len": 94, "k": 50, "event": "hybrid.start", "query_preview": "What are the two main categories where modern processors spend power, according ", "correlation_id": "01KTVR25CJQR6NG45E44YNH4MD", "level": "info", "timestamp": "2026-06-11T16:25:50.740063Z"}
{"query_len": 94, "k": 50, "dense": 50, "bm25": 0, "fused": 50, "term": false, "event": "hybrid.done", "query_preview": "What are the two main categories where modern processors spend power, according ", "correlation_id": "01KTVR25CJQR6NG45E44YNH4MD", "level": "info", "timestamp": "2026-06-11T16:25:50.814847Z"}
{"node": "retrieve", "candidate_count": 50, "event": "done", "query_preview": "What are the two main categories where modern processors spend power, according ", "correlation_id": "01KTVR25CJQR6NG45E44YNH4MD", "level": "info", "timestamp": "2026-06-11T16:25:50.815784Z"}
{"node": "expand_graph", "reason": "disabled_or_empty", "event": "skip", "query_preview": "What are the two main categories where modern processors spend power, according ", "correlation_id": "01KTVR25CJQR6NG45E44YNH4MD", "level": "info", "timestamp": "2026-06-11T16:25:50.817147Z"}
{"node": "rerank", "candidate_count": 50, "event": "start", "query_preview": "What are the two main categories where modern processors spend power, according ", "correlation_id": "01KTVR25CJQR6NG45E44YNH4MD", "level": "info", "timestamp": "2026-06-11T16:25:50.817648Z"}
{"node": "rerank", "top_k": 5, "source": "mode", "event": "top_k_resolved", "query_preview": "What are the two main categories where modern processors spend power, according ", "correlation_id": "01KTVR25CJQR6NG45E44YNH4MD", "level": "info", "timestamp": "2026-06-11T16:25:50.817700Z"}
{"candidates": 50, "top_k": 5, "backend": "cross_encoder", "event": "rerank.start", "query_preview": "What are the two main categories where modern processors spend power, according ", "correlation_id": "01KTVR25CJQR6NG45E44YNH4MD", "level": "info", "timestamp": "2026-06-11T16:25:50.817726Z"}
{"candidates": 50, "top_k": 5, "backend": "cross_encoder", "returned": 5, "event": "rerank.done", "query_preview": "What are the two main categories where modern processors spend power, according ", "correlation_id": "01KTVR25CJQR6NG45E44YNH4MD", "level": "info", "timestamp": "2026-06-11T16:26:26.465036Z"}
{"node": "rerank", "reranked_count": 5, "event": "done", "query_preview": "What are the two main categories where modern processors spend power, according ", "correlation_id": "01KTVR25CJQR6NG45E44YNH4MD", "level": "info", "timestamp": "2026-06-11T16:26:26.465149Z"}
{"node": "query_tables", "reason": "empty_or_not_table_shaped", "event": "skip", "query_preview": "What are the two main categories where modern processors spend power, according ", "correlation_id": "01KTVR25CJQR6NG45E44YNH4MD", "level": "info", "timestamp": "2026-06-11T16:26:26.467675Z"}
{"node": "assess", "reranked_count": 5, "event": "start", "query_preview": "What are the two main categories where modern processors spend power, according ", "correlation_id": "01KTVR25CJQR6NG45E44YNH4MD", "level": "info", "timestamp": "2026-06-11T16:26:26.468699Z"}
{"prompt_tag": "assess_sufficiency@v4", "schema": "SufficiencyAssessment", "model": "cyankiwi/Qwen3.5-4B-AWQ-4bit", "max_tokens": 1024, "temperature": 0.1, "top_p": 0.8, "presence_penalty": 1.0, "seed": 42, "message_count": 1, "event": "model_call.start", "query_preview": "What are the two main categories where modern processors spend power, according ", "correlation_id": "01KTVR25CJQR6NG45E44YNH4MD", "level": "info", "timestamp": "2026-06-11T16:26:26.470715Z"}
Authentication error: Langfuse client initialized without public_key. Client will be disabled. Provide a public_key parameter or set LANGFUSE_PUBLIC_KEY environment variable. 
{"prompt_tag": "assess_sufficiency@v4", "schema": "SufficiencyAssessment", "tokens": 1646, "event": "model_call.done", "query_preview": "What are the two main categories where modern processors spend power, according ", "correlation_id": "01KTVR25CJQR6NG45E44YNH4MD", "level": "info", "timestamp": "2026-06-11T16:26:27.478582Z"}
{"node": "answer", "regenerate_attempt": 0, "event": "start", "query_preview": "What are the two main categories where modern processors spend power, according ", "correlation_id": "01KTVR25CJQR6NG45E44YNH4MD", "level": "info", "timestamp": "2026-06-11T16:26:27.480288Z"}
{"prompt_tag": "answer@v5", "schema": "DraftAnswer", "model": "cyankiwi/Qwen3.5-4B-AWQ-4bit", "max_tokens": 1800, "temperature": 0.1, "top_p": 0.8, "presence_penalty": 1.0, "seed": 42, "message_count": 2, "event": "model_call.start", "query_preview": "What are the two main categories where modern processors spend power, according ", "correlation_id": "01KTVR25CJQR6NG45E44YNH4MD", "level": "info", "timestamp": "2026-06-11T16:26:27.482241Z"}
Authentication error: Langfuse client initialized without public_key. Client will be disabled. Provide a public_key parameter or set LANGFUSE_PUBLIC_KEY environment variable. 
{"prompt_tag": "answer@v5", "schema": "DraftAnswer", "tokens": 3251, "event": "model_call.done", "query_preview": "What are the two main categories where modern processors spend power, according ", "correlation_id": "01KTVR25CJQR6NG45E44YNH4MD", "level": "info", "timestamp": "2026-06-11T16:26:28.852101Z"}
{"node": "verify", "claim_count": 1, "event": "start", "query_preview": "What are the two main categories where modern processors spend power, according ", "correlation_id": "01KTVR25CJQR6NG45E44YNH4MD", "level": "info", "timestamp": "2026-06-11T16:26:28.853033Z"}
{"prompt_tag": "verify_grounding@v2", "schema": "VerificationResult", "model": "cyankiwi/Qwen3.5-4B-AWQ-4bit", "max_tokens": 1024, "temperature": 0.1, "top_p": 0.8, "presence_penalty": 1.0, "seed": 42, "message_count": 1, "event": "model_call.start", "query_preview": "What are the two main categories where modern processors spend power, according ", "correlation_id": "01KTVR25CJQR6NG45E44YNH4MD", "level": "info", "timestamp": "2026-06-11T16:26:28.856153Z"}
Authentication error: Langfuse client initialized without public_key. Client will be disabled. Provide a public_key parameter or set LANGFUSE_PUBLIC_KEY environment variable. 
{"prompt_tag": "verify_grounding@v2", "schema": "VerificationResult", "tokens": 1406, "event": "model_call.done", "query_preview": "What are the two main categories where modern processors spend power, according ", "correlation_id": "01KTVR25CJQR6NG45E44YNH4MD", "level": "info", "timestamp": "2026-06-11T16:26:29.257219Z"}
{"node": "assess_relevance", "event": "start", "query_preview": "What are the two main categories where modern processors spend power, according ", "correlation_id": "01KTVR25CJQR6NG45E44YNH4MD", "level": "info", "timestamp": "2026-06-11T16:26:29.258362Z"}
{"prompt_tag": "assess_relevance@v3", "schema": "RelevanceAssessment", "model": "cyankiwi/Qwen3.5-4B-AWQ-4bit", "max_tokens": 1024, "temperature": 0.1, "top_p": 0.8, "presence_penalty": 1.0, "seed": 42, "message_count": 1, "event": "model_call.start", "query_preview": "What are the two main categories where modern processors spend power, according ", "correlation_id": "01KTVR25CJQR6NG45E44YNH4MD", "level": "info", "timestamp": "2026-06-11T16:26:29.259359Z"}
Authentication error: Langfuse client initialized without public_key. Client will be disabled. Provide a public_key parameter or set LANGFUSE_PUBLIC_KEY environment variable. 
{"prompt_tag": "assess_relevance@v3", "schema": "RelevanceAssessment", "tokens": 830, "event": "model_call.done", "query_preview": "What are the two main categories where modern processors spend power, according ", "correlation_id": "01KTVR25CJQR6NG45E44YNH4MD", "level": "info", "timestamp": "2026-06-11T16:26:29.622888Z"}
{"node": "assess_relevance", "responsive": true, "event": "relevance", "query_preview": "What are the two main categories where modern processors spend power, according ", "correlation_id": "01KTVR25CJQR6NG45E44YNH4MD", "level": "info", "timestamp": "2026-06-11T16:26:29.622945Z"}
{"node": "compose", "event": "start", "query_preview": "What are the two main categories where modern processors spend power, according ", "correlation_id": "01KTVR25CJQR6NG45E44YNH4MD", "level": "info", "timestamp": "2026-06-11T16:26:29.624033Z"}
Authentication error: Langfuse client initialized without public_key. Client will be disabled. Provide a public_key parameter or set LANGFUSE_PUBLIC_KEY environment variable. 
{"node": "retrieve", "query_len": 84, "event": "start", "query_preview": "How does the power cost of floating point arithmetic scale with the mantissa len", "correlation_id": "01KTVR3BBREXP82W5PDAGTBAMP", "level": "info", "timestamp": "2026-06-11T16:26:29.625564Z"}
{"query_len": 84, "k": 50, "event": "hybrid.start", "query_preview": "How does the power cost of floating point arithmetic scale with the mantissa len", "correlation_id": "01KTVR3BBREXP82W5PDAGTBAMP", "level": "info", "timestamp": "2026-06-11T16:26:29.625601Z"}
{"query_len": 84, "k": 50, "dense": 50, "bm25": 0, "fused": 50, "term": false, "event": "hybrid.done", "query_preview": "How does the power cost of floating point arithmetic scale with the mantissa len", "correlation_id": "01KTVR3BBREXP82W5PDAGTBAMP", "level": "info", "timestamp": "2026-06-11T16:26:29.704503Z"}
{"node": "retrieve", "candidate_count": 50, "event": "done", "query_preview": "How does the power cost of floating point arithmetic scale with the mantissa len", "correlation_id": "01KTVR3BBREXP82W5PDAGTBAMP", "level": "info", "timestamp": "2026-06-11T16:26:29.705532Z"}
{"node": "expand_graph", "reason": "disabled_or_empty", "event": "skip", "query_preview": "How does the power cost of floating point arithmetic scale with the mantissa len", "correlation_id": "01KTVR3BBREXP82W5PDAGTBAMP", "level": "info", "timestamp": "2026-06-11T16:26:29.707178Z"}
{"node": "rerank", "candidate_count": 50, "event": "start", "query_preview": "How does the power cost of floating point arithmetic scale with the mantissa len", "correlation_id": "01KTVR3BBREXP82W5PDAGTBAMP", "level": "info", "timestamp": "2026-06-11T16:26:29.707845Z"}
{"node": "rerank", "top_k": 5, "source": "mode", "event": "top_k_resolved", "query_preview": "How does the power cost of floating point arithmetic scale with the mantissa len", "correlation_id": "01KTVR3BBREXP82W5PDAGTBAMP", "level": "info", "timestamp": "2026-06-11T16:26:29.707899Z"}
{"candidates": 50, "top_k": 5, "backend": "cross_encoder", "event": "rerank.start", "query_preview": "How does the power cost of floating point arithmetic scale with the mantissa len", "correlation_id": "01KTVR3BBREXP82W5PDAGTBAMP", "level": "info", "timestamp": "2026-06-11T16:26:29.707922Z"}
{"candidates": 50, "top_k": 5, "backend": "cross_encoder", "returned": 5, "event": "rerank.done", "query_preview": "How does the power cost of floating point arithmetic scale with the mantissa len", "correlation_id": "01KTVR3BBREXP82W5PDAGTBAMP", "level": "info", "timestamp": "2026-06-11T16:27:11.504837Z"}
{"node": "rerank", "reranked_count": 5, "event": "done", "query_preview": "How does the power cost of floating point arithmetic scale with the mantissa len", "correlation_id": "01KTVR3BBREXP82W5PDAGTBAMP", "level": "info", "timestamp": "2026-06-11T16:27:11.504947Z"}
{"node": "query_tables", "reason": "empty_or_not_table_shaped", "event": "skip", "query_preview": "How does the power cost of floating point arithmetic scale with the mantissa len", "correlation_id": "01KTVR3BBREXP82W5PDAGTBAMP", "level": "info", "timestamp": "2026-06-11T16:27:11.507319Z"}
{"node": "assess", "reranked_count": 5, "event": "start", "query_preview": "How does the power cost of floating point arithmetic scale with the mantissa len", "correlation_id": "01KTVR3BBREXP82W5PDAGTBAMP", "level": "info", "timestamp": "2026-06-11T16:27:11.508242Z"}
{"prompt_tag": "assess_sufficiency@v4", "schema": "SufficiencyAssessment", "model": "cyankiwi/Qwen3.5-4B-AWQ-4bit", "max_tokens": 1024, "temperature": 0.1, "top_p": 0.8, "presence_penalty": 1.0, "seed": 42, "message_count": 1, "event": "model_call.start", "query_preview": "How does the power cost of floating point arithmetic scale with the mantissa len", "correlation_id": "01KTVR3BBREXP82W5PDAGTBAMP", "level": "info", "timestamp": "2026-06-11T16:27:11.510161Z"}
Authentication error: Langfuse client initialized without public_key. Client will be disabled. Provide a public_key parameter or set LANGFUSE_PUBLIC_KEY environment variable. 
{"prompt_tag": "assess_sufficiency@v4", "schema": "SufficiencyAssessment", "tokens": 3398, "event": "model_call.done", "query_preview": "How does the power cost of floating point arithmetic scale with the mantissa len", "correlation_id": "01KTVR3BBREXP82W5PDAGTBAMP", "level": "info", "timestamp": "2026-06-11T16:27:12.415369Z"}
{"node": "answer", "regenerate_attempt": 0, "event": "start", "query_preview": "How does the power cost of floating point arithmetic scale with the mantissa len", "correlation_id": "01KTVR3BBREXP82W5PDAGTBAMP", "level": "info", "timestamp": "2026-06-11T16:27:12.417325Z"}
{"prompt_tag": "answer@v5", "schema": "DraftAnswer", "model": "cyankiwi/Qwen3.5-4B-AWQ-4bit", "max_tokens": 1800, "temperature": 0.1, "top_p": 0.8, "presence_penalty": 1.0, "seed": 42, "message_count": 2, "event": "model_call.start", "query_preview": "How does the power cost of floating point arithmetic scale with the mantissa len", "correlation_id": "01KTVR3BBREXP82W5PDAGTBAMP", "level": "info", "timestamp": "2026-06-11T16:27:12.419988Z"}
Authentication error: Langfuse client initialized without public_key. Client will be disabled. Provide a public_key parameter or set LANGFUSE_PUBLIC_KEY environment variable. 
{"prompt_tag": "answer@v5", "schema": "DraftAnswer", "tokens": 5048, "event": "model_call.done", "query_preview": "How does the power cost of floating point arithmetic scale with the mantissa len", "correlation_id": "01KTVR3BBREXP82W5PDAGTBAMP", "level": "info", "timestamp": "2026-06-11T16:27:14.111427Z"}
{"node": "verify", "claim_count": 1, "event": "start", "query_preview": "How does the power cost of floating point arithmetic scale with the mantissa len", "correlation_id": "01KTVR3BBREXP82W5PDAGTBAMP", "level": "info", "timestamp": "2026-06-11T16:27:14.112372Z"}
{"prompt_tag": "verify_grounding@v2", "schema": "VerificationResult", "model": "cyankiwi/Qwen3.5-4B-AWQ-4bit", "max_tokens": 1024, "temperature": 0.1, "top_p": 0.8, "presence_penalty": 1.0, "seed": 42, "message_count": 1, "event": "model_call.start", "query_preview": "How does the power cost of floating point arithmetic scale with the mantissa len", "correlation_id": "01KTVR3BBREXP82W5PDAGTBAMP", "level": "info", "timestamp": "2026-06-11T16:27:14.116685Z"}
Authentication error: Langfuse client initialized without public_key. Client will be disabled. Provide a public_key parameter or set LANGFUSE_PUBLIC_KEY environment variable. 
{"prompt_tag": "verify_grounding@v2", "schema": "VerificationResult", "tokens": 2193, "event": "model_call.done", "query_preview": "How does the power cost of floating point arithmetic scale with the mantissa len", "correlation_id": "01KTVR3BBREXP82W5PDAGTBAMP", "level": "info", "timestamp": "2026-06-11T16:27:14.636770Z"}
{"prompt_tag": "verify_grounding@v2", "schema": "VerificationResult", "model": "cyankiwi/Qwen3.5-4B-AWQ-4bit", "max_tokens": 1024, "temperature": 0.1, "top_p": 0.8, "presence_penalty": 1.0, "seed": 42, "message_count": 1, "event": "model_call.start", "query_preview": "How does the power cost of floating point arithmetic scale with the mantissa len", "correlation_id": "01KTVR3BBREXP82W5PDAGTBAMP", "level": "info", "timestamp": "2026-06-11T16:27:14.638800Z"}
Authentication error: Langfuse client initialized without public_key. Client will be disabled. Provide a public_key parameter or set LANGFUSE_PUBLIC_KEY environment variable. 
{"prompt_tag": "verify_grounding@v2", "schema": "VerificationResult", "tokens": 780, "event": "model_call.done", "query_preview": "How does the power cost of floating point arithmetic scale with the mantissa len", "correlation_id": "01KTVR3BBREXP82W5PDAGTBAMP", "level": "info", "timestamp": "2026-06-11T16:27:14.944430Z"}
{"prompt_tag": "verify_grounding@v2", "schema": "VerificationResult", "model": "cyankiwi/Qwen3.5-4B-AWQ-4bit", "max_tokens": 1024, "temperature": 0.1, "top_p": 0.8, "presence_penalty": 1.0, "seed": 42, "message_count": 1, "event": "model_call.start", "query_preview": "How does the power cost of floating point arithmetic scale with the mantissa len", "correlation_id": "01KTVR3BBREXP82W5PDAGTBAMP", "level": "info", "timestamp": "2026-06-11T16:27:14.946385Z"}
Authentication error: Langfuse client initialized without public_key. Client will be disabled. Provide a public_key parameter or set LANGFUSE_PUBLIC_KEY environment variable. 
{"prompt_tag": "verify_grounding@v2", "schema": "VerificationResult", "tokens": 844, "event": "model_call.done", "query_preview": "How does the power cost of floating point arithmetic scale with the mantissa len", "correlation_id": "01KTVR3BBREXP82W5PDAGTBAMP", "level": "info", "timestamp": "2026-06-11T16:27:15.259688Z"}
{"prompt_tag": "verify_grounding@v2", "schema": "VerificationResult", "model": "cyankiwi/Qwen3.5-4B-AWQ-4bit", "max_tokens": 1024, "temperature": 0.1, "top_p": 0.8, "presence_penalty": 1.0, "seed": 42, "message_count": 1, "event": "model_call.start", "query_preview": "How does the power cost of floating point arithmetic scale with the mantissa len", "correlation_id": "01KTVR3BBREXP82W5PDAGTBAMP", "level": "info", "timestamp": "2026-06-11T16:27:15.261832Z"}
Authentication error: Langfuse client initialized without public_key. Client will be disabled. Provide a public_key parameter or set LANGFUSE_PUBLIC_KEY environment variable. 
{"prompt_tag": "verify_grounding@v2", "schema": "VerificationResult", "tokens": 884, "event": "model_call.done", "query_preview": "How does the power cost of floating point arithmetic scale with the mantissa len", "correlation_id": "01KTVR3BBREXP82W5PDAGTBAMP", "level": "info", "timestamp": "2026-06-11T16:27:15.580710Z"}
{"prompt_tag": "verify_grounding@v2", "schema": "VerificationResult", "model": "cyankiwi/Qwen3.5-4B-AWQ-4bit", "max_tokens": 1024, "temperature": 0.1, "top_p": 0.8, "presence_penalty": 1.0, "seed": 42, "message_count": 1, "event": "model_call.start", "query_preview": "How does the power cost of floating point arithmetic scale with the mantissa len", "correlation_id": "01KTVR3BBREXP82W5PDAGTBAMP", "level": "info", "timestamp": "2026-06-11T16:27:15.583372Z"}
Authentication error: Langfuse client initialized without public_key. Client will be disabled. Provide a public_key parameter or set LANGFUSE_PUBLIC_KEY environment variable. 
{"prompt_tag": "verify_grounding@v2", "schema": "VerificationResult", "tokens": 701, "event": "model_call.done", "query_preview": "How does the power cost of floating point arithmetic scale with the mantissa len", "correlation_id": "01KTVR3BBREXP82W5PDAGTBAMP", "level": "info", "timestamp": "2026-06-11T16:27:15.877128Z"}
{"prompt_tag": "verify_grounding@v2", "schema": "VerificationResult", "model": "cyankiwi/Qwen3.5-4B-AWQ-4bit", "max_tokens": 1024, "temperature": 0.1, "top_p": 0.8, "presence_penalty": 1.0, "seed": 42, "message_count": 1, "event": "model_call.start", "query_preview": "How does the power cost of floating point arithmetic scale with the mantissa len", "correlation_id": "01KTVR3BBREXP82W5PDAGTBAMP", "level": "info", "timestamp": "2026-06-11T16:27:15.879240Z"}
Authentication error: Langfuse client initialized without public_key. Client will be disabled. Provide a public_key parameter or set LANGFUSE_PUBLIC_KEY environment variable. 
{"prompt_tag": "verify_grounding@v2", "schema": "VerificationResult", "tokens": 618, "event": "model_call.done", "query_preview": "How does the power cost of floating point arithmetic scale with the mantissa len", "correlation_id": "01KTVR3BBREXP82W5PDAGTBAMP", "level": "info", "timestamp": "2026-06-11T16:27:16.161268Z"}
{"node": "refuse", "event": "start", "query_preview": "How does the power cost of floating point arithmetic scale with the mantissa len", "correlation_id": "01KTVR3BBREXP82W5PDAGTBAMP", "level": "info", "timestamp": "2026-06-11T16:27:16.162877Z"}
Authentication error: Langfuse client initialized without public_key. Client will be disabled. Provide a public_key parameter or set LANGFUSE_PUBLIC_KEY environment variable. 
{"node": "retrieve", "query_len": 101, "event": "start", "query_preview": "What changed about transistor density and power efficiency between 2004 and 2022", "correlation_id": "01KTVR4RT3N663X45D9VEKPQ3T", "level": "info", "timestamp": "2026-06-11T16:27:16.164833Z"}
{"query_len": 101, "k": 50, "event": "hybrid.start", "query_preview": "What changed about transistor density and power efficiency between 2004 and 2022", "correlation_id": "01KTVR4RT3N663X45D9VEKPQ3T", "level": "info", "timestamp": "2026-06-11T16:27:16.164876Z"}
{"query_len": 101, "k": 50, "dense": 50, "bm25": 0, "fused": 50, "term": false, "event": "hybrid.done", "query_preview": "What changed about transistor density and power efficiency between 2004 and 2022", "correlation_id": "01KTVR4RT3N663X45D9VEKPQ3T", "level": "info", "timestamp": "2026-06-11T16:27:16.249050Z"}
{"node": "retrieve", "candidate_count": 50, "event": "done", "query_preview": "What changed about transistor density and power efficiency between 2004 and 2022", "correlation_id": "01KTVR4RT3N663X45D9VEKPQ3T", "level": "info", "timestamp": "2026-06-11T16:27:16.249824Z"}
{"node": "resolve_artifact_scope", "via": "none-singletoken-ambiguous", "arttype": "chart", "event": "no_scope", "query_preview": "What changed about transistor density and power efficiency between 2004 and 2022", "correlation_id": "01KTVR4RT3N663X45D9VEKPQ3T", "level": "info", "timestamp": "2026-06-11T16:27:16.265101Z"}
{"node": "expand_graph", "reason": "disabled_or_empty", "event": "skip", "query_preview": "What changed about transistor density and power efficiency between 2004 and 2022", "correlation_id": "01KTVR4RT3N663X45D9VEKPQ3T", "level": "info", "timestamp": "2026-06-11T16:27:16.265755Z"}
{"node": "rerank", "candidate_count": 50, "event": "start", "query_preview": "What changed about transistor density and power efficiency between 2004 and 2022", "correlation_id": "01KTVR4RT3N663X45D9VEKPQ3T", "level": "info", "timestamp": "2026-06-11T16:27:16.266239Z"}
{"node": "rerank", "top_k": 5, "source": "mode", "event": "top_k_resolved", "query_preview": "What changed about transistor density and power efficiency between 2004 and 2022", "correlation_id": "01KTVR4RT3N663X45D9VEKPQ3T", "level": "info", "timestamp": "2026-06-11T16:27:16.266289Z"}
{"candidates": 50, "top_k": 5, "backend": "cross_encoder", "event": "rerank.start", "query_preview": "What changed about transistor density and power efficiency between 2004 and 2022", "correlation_id": "01KTVR4RT3N663X45D9VEKPQ3T", "level": "info", "timestamp": "2026-06-11T16:27:16.266314Z"}
{"candidates": 50, "top_k": 5, "backend": "cross_encoder", "returned": 5, "event": "rerank.done", "query_preview": "What changed about transistor density and power efficiency between 2004 and 2022", "correlation_id": "01KTVR4RT3N663X45D9VEKPQ3T", "level": "info", "timestamp": "2026-06-11T16:28:20.668665Z"}
{"node": "rerank", "reranked_count": 5, "event": "done", "query_preview": "What changed about transistor density and power efficiency between 2004 and 2022", "correlation_id": "01KTVR4RT3N663X45D9VEKPQ3T", "level": "info", "timestamp": "2026-06-11T16:28:20.668787Z"}
{"node": "query_tables", "reason": "empty_or_not_table_shaped", "event": "skip", "query_preview": "What changed about transistor density and power efficiency between 2004 and 2022", "correlation_id": "01KTVR4RT3N663X45D9VEKPQ3T", "level": "info", "timestamp": "2026-06-11T16:28:20.671546Z"}
{"node": "assess", "reranked_count": 5, "event": "start", "query_preview": "What changed about transistor density and power efficiency between 2004 and 2022", "correlation_id": "01KTVR4RT3N663X45D9VEKPQ3T", "level": "info", "timestamp": "2026-06-11T16:28:20.672809Z"}
{"prompt_tag": "assess_sufficiency@v4", "schema": "SufficiencyAssessment", "model": "cyankiwi/Qwen3.5-4B-AWQ-4bit", "max_tokens": 1024, "temperature": 0.1, "top_p": 0.8, "presence_penalty": 1.0, "seed": 42, "message_count": 1, "event": "model_call.start", "query_preview": "What changed about transistor density and power efficiency between 2004 and 2022", "correlation_id": "01KTVR4RT3N663X45D9VEKPQ3T", "level": "info", "timestamp": "2026-06-11T16:28:20.675587Z"}
Authentication error: Langfuse client initialized without public_key. Client will be disabled. Provide a public_key parameter or set LANGFUSE_PUBLIC_KEY environment variable. 
{"prompt_tag": "assess_sufficiency@v4", "schema": "SufficiencyAssessment", "tokens": 1821, "event": "model_call.done", "query_preview": "What changed about transistor density and power efficiency between 2004 and 2022", "correlation_id": "01KTVR4RT3N663X45D9VEKPQ3T", "level": "info", "timestamp": "2026-06-11T16:28:21.508427Z"}
{"node": "answer", "regenerate_attempt": 0, "event": "start", "query_preview": "What changed about transistor density and power efficiency between 2004 and 2022", "correlation_id": "01KTVR4RT3N663X45D9VEKPQ3T", "level": "info", "timestamp": "2026-06-11T16:28:21.509598Z"}
{"prompt_tag": "answer@v5", "schema": "DraftAnswer", "model": "cyankiwi/Qwen3.5-4B-AWQ-4bit", "max_tokens": 1800, "temperature": 0.1, "top_p": 0.8, "presence_penalty": 1.0, "seed": 42, "message_count": 2, "event": "model_call.start", "query_preview": "What changed about transistor density and power efficiency between 2004 and 2022", "correlation_id": "01KTVR4RT3N663X45D9VEKPQ3T", "level": "info", "timestamp": "2026-06-11T16:28:21.511667Z"}
Authentication error: Langfuse client initialized without public_key. Client will be disabled. Provide a public_key parameter or set LANGFUSE_PUBLIC_KEY environment variable. 
{"prompt_tag": "answer@v5", "schema": "DraftAnswer", "tokens": 3410, "event": "model_call.done", "query_preview": "What changed about transistor density and power efficiency between 2004 and 2022", "correlation_id": "01KTVR4RT3N663X45D9VEKPQ3T", "level": "info", "timestamp": "2026-06-11T16:28:22.533239Z"}
{"node": "answer", "summary_head": "The chunks do not contain specific data about transistor density and power efficiency changes between 2004 and 2022 per ", "event": "answer.denial_reframe_retry", "query_preview": "What changed about transistor density and power efficiency between 2004 and 2022", "correlation_id": "01KTVR4RT3N663X45D9VEKPQ3T", "level": "info", "timestamp": "2026-06-11T16:28:22.533324Z"}
{"prompt_tag": "answer@v5", "schema": "DraftAnswer", "model": "cyankiwi/Qwen3.5-4B-AWQ-4bit", "max_tokens": 1800, "temperature": 0.1, "top_p": 0.8, "presence_penalty": 1.0, "seed": 42, "message_count": 2, "event": "model_call.start", "query_preview": "What changed about transistor density and power efficiency between 2004 and 2022", "correlation_id": "01KTVR4RT3N663X45D9VEKPQ3T", "level": "info", "timestamp": "2026-06-11T16:28:22.535976Z"}
Authentication error: Langfuse client initialized without public_key. Client will be disabled. Provide a public_key parameter or set LANGFUSE_PUBLIC_KEY environment variable. 
{"prompt_tag": "answer@v5", "schema": "DraftAnswer", "tokens": 3717, "event": "model_call.done", "query_preview": "What changed about transistor density and power efficiency between 2004 and 2022", "correlation_id": "01KTVR4RT3N663X45D9VEKPQ3T", "level": "info", "timestamp": "2026-06-11T16:28:24.724654Z"}
{"node": "answer", "claims": 2, "event": "answer.denial_reframe_succeeded", "query_preview": "What changed about transistor density and power efficiency between 2004 and 2022", "correlation_id": "01KTVR4RT3N663X45D9VEKPQ3T", "level": "info", "timestamp": "2026-06-11T16:28:24.724710Z"}
{"node": "verify", "claim_count": 2, "event": "start", "query_preview": "What changed about transistor density and power efficiency between 2004 and 2022", "correlation_id": "01KTVR4RT3N663X45D9VEKPQ3T", "level": "info", "timestamp": "2026-06-11T16:28:24.725482Z"}
{"prompt_tag": "verify_grounding@v2", "schema": "VerificationResult", "model": "cyankiwi/Qwen3.5-4B-AWQ-4bit", "max_tokens": 1024, "temperature": 0.1, "top_p": 0.8, "presence_penalty": 1.0, "seed": 42, "message_count": 1, "event": "model_call.start", "query_preview": "What changed about transistor density and power efficiency between 2004 and 2022", "correlation_id": "01KTVR4RT3N663X45D9VEKPQ3T", "level": "info", "timestamp": "2026-06-11T16:28:24.728623Z"}
Authentication error: Langfuse client initialized without public_key. Client will be disabled. Provide a public_key parameter or set LANGFUSE_PUBLIC_KEY environment variable. 
{"prompt_tag": "verify_grounding@v2", "schema": "VerificationResult", "tokens": 1671, "event": "model_call.done", "query_preview": "What changed about transistor density and power efficiency between 2004 and 2022", "correlation_id": "01KTVR4RT3N663X45D9VEKPQ3T", "level": "info", "timestamp": "2026-06-11T16:28:25.194982Z"}
{"node": "assess_relevance", "event": "start", "query_preview": "What changed about transistor density and power efficiency between 2004 and 2022", "correlation_id": "01KTVR4RT3N663X45D9VEKPQ3T", "level": "info", "timestamp": "2026-06-11T16:28:25.196634Z"}
{"prompt_tag": "assess_relevance@v3", "schema": "RelevanceAssessment", "model": "cyankiwi/Qwen3.5-4B-AWQ-4bit", "max_tokens": 1024, "temperature": 0.1, "top_p": 0.8, "presence_penalty": 1.0, "seed": 42, "message_count": 1, "event": "model_call.start", "query_preview": "What changed about transistor density and power efficiency between 2004 and 2022", "correlation_id": "01KTVR4RT3N663X45D9VEKPQ3T", "level": "info", "timestamp": "2026-06-11T16:28:25.197665Z"}
Authentication error: Langfuse client initialized without public_key. Client will be disabled. Provide a public_key parameter or set LANGFUSE_PUBLIC_KEY environment variable. 
{"prompt_tag": "assess_relevance@v3", "schema": "RelevanceAssessment", "tokens": 900, "event": "model_call.done", "query_preview": "What changed about transistor density and power efficiency between 2004 and 2022", "correlation_id": "01KTVR4RT3N663X45D9VEKPQ3T", "level": "info", "timestamp": "2026-06-11T16:28:25.798486Z"}
{"node": "assess_relevance", "responsive": true, "event": "relevance", "query_preview": "What changed about transistor density and power efficiency between 2004 and 2022", "correlation_id": "01KTVR4RT3N663X45D9VEKPQ3T", "level": "info", "timestamp": "2026-06-11T16:28:25.798542Z"}
{"node": "compose", "event": "start", "query_preview": "What changed about transistor density and power efficiency between 2004 and 2022", "correlation_id": "01KTVR4RT3N663X45D9VEKPQ3T", "level": "info", "timestamp": "2026-06-11T16:28:25.799781Z"}
Authentication error: Langfuse client initialized without public_key. Client will be disabled. Provide a public_key parameter or set LANGFUSE_PUBLIC_KEY environment variable. 
{"node": "retrieve", "query_len": 77, "event": "start", "query_preview": "Why is data movement a key concern for power efficiency in modern processors?", "correlation_id": "01KTVR6WT81V117DXJFNKH15QF", "level": "info", "timestamp": "2026-06-11T16:28:25.801348Z"}
{"query_len": 77, "k": 50, "event": "hybrid.start", "query_preview": "Why is data movement a key concern for power efficiency in modern processors?", "correlation_id": "01KTVR6WT81V117DXJFNKH15QF", "level": "info", "timestamp": "2026-06-11T16:28:25.801386Z"}
{"query_len": 77, "k": 50, "dense": 50, "bm25": 0, "fused": 50, "term": false, "event": "hybrid.done", "query_preview": "Why is data movement a key concern for power efficiency in modern processors?", "correlation_id": "01KTVR6WT81V117DXJFNKH15QF", "level": "info", "timestamp": "2026-06-11T16:28:25.885827Z"}
{"node": "retrieve", "candidate_count": 50, "event": "done", "query_preview": "Why is data movement a key concern for power efficiency in modern processors?", "correlation_id": "01KTVR6WT81V117DXJFNKH15QF", "level": "info", "timestamp": "2026-06-11T16:28:25.886599Z"}
{"node": "expand_graph", "reason": "disabled_or_empty", "event": "skip", "query_preview": "Why is data movement a key concern for power efficiency in modern processors?", "correlation_id": "01KTVR6WT81V117DXJFNKH15QF", "level": "info", "timestamp": "2026-06-11T16:28:25.887662Z"}
{"node": "rerank", "candidate_count": 50, "event": "start", "query_preview": "Why is data movement a key concern for power efficiency in modern processors?", "correlation_id": "01KTVR6WT81V117DXJFNKH15QF", "level": "info", "timestamp": "2026-06-11T16:28:25.888244Z"}
{"node": "rerank", "top_k": 5, "source": "mode", "event": "top_k_resolved", "query_preview": "Why is data movement a key concern for power efficiency in modern processors?", "correlation_id": "01KTVR6WT81V117DXJFNKH15QF", "level": "info", "timestamp": "2026-06-11T16:28:25.888313Z"}
{"candidates": 50, "top_k": 5, "backend": "cross_encoder", "event": "rerank.start", "query_preview": "Why is data movement a key concern for power efficiency in modern processors?", "correlation_id": "01KTVR6WT81V117DXJFNKH15QF", "level": "info", "timestamp": "2026-06-11T16:28:25.888344Z"}
{"candidates": 50, "top_k": 5, "backend": "cross_encoder", "returned": 5, "event": "rerank.done", "query_preview": "Why is data movement a key concern for power efficiency in modern processors?", "correlation_id": "01KTVR6WT81V117DXJFNKH15QF", "level": "info", "timestamp": "2026-06-11T16:29:00.574052Z"}
{"node": "rerank", "reranked_count": 5, "event": "done", "query_preview": "Why is data movement a key concern for power efficiency in modern processors?", "correlation_id": "01KTVR6WT81V117DXJFNKH15QF", "level": "info", "timestamp": "2026-06-11T16:29:00.574145Z"}
{"node": "query_tables", "reason": "empty_or_not_table_shaped", "event": "skip", "query_preview": "Why is data movement a key concern for power efficiency in modern processors?", "correlation_id": "01KTVR6WT81V117DXJFNKH15QF", "level": "info", "timestamp": "2026-06-11T16:29:00.575593Z"}
{"node": "assess", "reranked_count": 5, "event": "start", "query_preview": "Why is data movement a key concern for power efficiency in modern processors?", "correlation_id": "01KTVR6WT81V117DXJFNKH15QF", "level": "info", "timestamp": "2026-06-11T16:29:00.576129Z"}
{"prompt_tag": "assess_sufficiency@v4", "schema": "SufficiencyAssessment", "model": "cyankiwi/Qwen3.5-4B-AWQ-4bit", "max_tokens": 1024, "temperature": 0.1, "top_p": 0.8, "presence_penalty": 1.0, "seed": 42, "message_count": 1, "event": "model_call.start", "query_preview": "Why is data movement a key concern for power efficiency in modern processors?", "correlation_id": "01KTVR6WT81V117DXJFNKH15QF", "level": "info", "timestamp": "2026-06-11T16:29:00.577639Z"}
Authentication error: Langfuse client initialized without public_key. Client will be disabled. Provide a public_key parameter or set LANGFUSE_PUBLIC_KEY environment variable. 
{"prompt_tag": "assess_sufficiency@v4", "schema": "SufficiencyAssessment", "tokens": 1287, "event": "model_call.done", "query_preview": "Why is data movement a key concern for power efficiency in modern processors?", "correlation_id": "01KTVR6WT81V117DXJFNKH15QF", "level": "info", "timestamp": "2026-06-11T16:29:01.251180Z"}
{"node": "answer", "regenerate_attempt": 0, "event": "start", "query_preview": "Why is data movement a key concern for power efficiency in modern processors?", "correlation_id": "01KTVR6WT81V117DXJFNKH15QF", "level": "info", "timestamp": "2026-06-11T16:29:01.252483Z"}
{"prompt_tag": "answer@v5", "schema": "DraftAnswer", "model": "cyankiwi/Qwen3.5-4B-AWQ-4bit", "max_tokens": 1800, "temperature": 0.1, "top_p": 0.8, "presence_penalty": 1.0, "seed": 42, "message_count": 2, "event": "model_call.start", "query_preview": "Why is data movement a key concern for power efficiency in modern processors?", "correlation_id": "01KTVR6WT81V117DXJFNKH15QF", "level": "info", "timestamp": "2026-06-11T16:29:01.254556Z"}
Authentication error: Langfuse client initialized without public_key. Client will be disabled. Provide a public_key parameter or set LANGFUSE_PUBLIC_KEY environment variable. 
{"prompt_tag": "answer@v5", "schema": "DraftAnswer", "tokens": 2972, "event": "model_call.done", "query_preview": "Why is data movement a key concern for power efficiency in modern processors?", "correlation_id": "01KTVR6WT81V117DXJFNKH15QF", "level": "info", "timestamp": "2026-06-11T16:29:03.002467Z"}
{"node": "verify", "claim_count": 1, "event": "start", "query_preview": "Why is data movement a key concern for power efficiency in modern processors?", "correlation_id": "01KTVR6WT81V117DXJFNKH15QF", "level": "info", "timestamp": "2026-06-11T16:29:03.003301Z"}
{"prompt_tag": "verify_grounding@v2", "schema": "VerificationResult", "model": "cyankiwi/Qwen3.5-4B-AWQ-4bit", "max_tokens": 1024, "temperature": 0.1, "top_p": 0.8, "presence_penalty": 1.0, "seed": 42, "message_count": 1, "event": "model_call.start", "query_preview": "Why is data movement a key concern for power efficiency in modern processors?", "correlation_id": "01KTVR6WT81V117DXJFNKH15QF", "level": "info", "timestamp": "2026-06-11T16:29:03.006477Z"}
Authentication error: Langfuse client initialized without public_key. Client will be disabled. Provide a public_key parameter or set LANGFUSE_PUBLIC_KEY environment variable. 
{"prompt_tag": "verify_grounding@v2", "schema": "VerificationResult", "tokens": 1209, "event": "model_call.done", "query_preview": "Why is data movement a key concern for power efficiency in modern processors?", "correlation_id": "01KTVR6WT81V117DXJFNKH15QF", "level": "info", "timestamp": "2026-06-11T16:29:03.374768Z"}
{"node": "assess_relevance", "event": "start", "query_preview": "Why is data movement a key concern for power efficiency in modern processors?", "correlation_id": "01KTVR6WT81V117DXJFNKH15QF", "level": "info", "timestamp": "2026-06-11T16:29:03.375989Z"}
{"prompt_tag": "assess_relevance@v3", "schema": "RelevanceAssessment", "model": "cyankiwi/Qwen3.5-4B-AWQ-4bit", "max_tokens": 1024, "temperature": 0.1, "top_p": 0.8, "presence_penalty": 1.0, "seed": 42, "message_count": 1, "event": "model_call.start", "query_preview": "Why is data movement a key concern for power efficiency in modern processors?", "correlation_id": "01KTVR6WT81V117DXJFNKH15QF", "level": "info", "timestamp": "2026-06-11T16:29:03.377024Z"}
Authentication error: Langfuse client initialized without public_key. Client will be disabled. Provide a public_key parameter or set LANGFUSE_PUBLIC_KEY environment variable. 
{"prompt_tag": "assess_relevance@v3", "schema": "RelevanceAssessment", "tokens": 888, "event": "model_call.done", "query_preview": "Why is data movement a key concern for power efficiency in modern processors?", "correlation_id": "01KTVR6WT81V117DXJFNKH15QF", "level": "info", "timestamp": "2026-06-11T16:29:03.870521Z"}
{"node": "assess_relevance", "responsive": true, "event": "relevance", "query_preview": "Why is data movement a key concern for power efficiency in modern processors?", "correlation_id": "01KTVR6WT81V117DXJFNKH15QF", "level": "info", "timestamp": "2026-06-11T16:29:03.870589Z"}
{"node": "compose", "event": "start", "query_preview": "Why is data movement a key concern for power efficiency in modern processors?", "correlation_id": "01KTVR6WT81V117DXJFNKH15QF", "level": "info", "timestamp": "2026-06-11T16:29:03.872580Z"}
Authentication error: Langfuse client initialized without public_key. Client will be disabled. Provide a public_key parameter or set LANGFUSE_PUBLIC_KEY environment variable. 
{"node": "retrieve", "query_len": 89, "event": "start", "query_preview": "What is the energy cost of FP8 tensor core matrix multiplication relative to an ", "correlation_id": "01KTVR8201M569JCK4YGEEHVCM", "level": "info", "timestamp": "2026-06-11T16:29:03.874718Z"}
{"query_len": 89, "k": 50, "event": "hybrid.start", "query_preview": "What is the energy cost of FP8 tensor core matrix multiplication relative to an ", "correlation_id": "01KTVR8201M569JCK4YGEEHVCM", "level": "info", "timestamp": "2026-06-11T16:29:03.874762Z"}
{"query_len": 89, "k": 50, "dense": 50, "bm25": 0, "fused": 50, "term": false, "event": "hybrid.done", "query_preview": "What is the energy cost of FP8 tensor core matrix multiplication relative to an ", "correlation_id": "01KTVR8201M569JCK4YGEEHVCM", "level": "info", "timestamp": "2026-06-11T16:29:03.953334Z"}
{"node": "retrieve", "candidate_count": 50, "event": "done", "query_preview": "What is the energy cost of FP8 tensor core matrix multiplication relative to an ", "correlation_id": "01KTVR8201M569JCK4YGEEHVCM", "level": "info", "timestamp": "2026-06-11T16:29:03.954398Z"}
{"node": "expand_graph", "reason": "disabled_or_empty", "event": "skip", "query_preview": "What is the energy cost of FP8 tensor core matrix multiplication relative to an ", "correlation_id": "01KTVR8201M569JCK4YGEEHVCM", "level": "info", "timestamp": "2026-06-11T16:29:03.955701Z"}
{"node": "rerank", "candidate_count": 50, "event": "start", "query_preview": "What is the energy cost of FP8 tensor core matrix multiplication relative to an ", "correlation_id": "01KTVR8201M569JCK4YGEEHVCM", "level": "info", "timestamp": "2026-06-11T16:29:03.956199Z"}
{"node": "rerank", "top_k": 5, "source": "mode", "event": "top_k_resolved", "query_preview": "What is the energy cost of FP8 tensor core matrix multiplication relative to an ", "correlation_id": "01KTVR8201M569JCK4YGEEHVCM", "level": "info", "timestamp": "2026-06-11T16:29:03.956251Z"}
{"candidates": 50, "top_k": 5, "backend": "cross_encoder", "event": "rerank.start", "query_preview": "What is the energy cost of FP8 tensor core matrix multiplication relative to an ", "correlation_id": "01KTVR8201M569JCK4YGEEHVCM", "level": "info", "timestamp": "2026-06-11T16:29:03.956282Z"}
{"candidates": 50, "top_k": 5, "backend": "cross_encoder", "returned": 5, "event": "rerank.done", "query_preview": "What is the energy cost of FP8 tensor core matrix multiplication relative to an ", "correlation_id": "01KTVR8201M569JCK4YGEEHVCM", "level": "info", "timestamp": "2026-06-11T16:29:37.798346Z"}
{"node": "rerank", "reranked_count": 5, "event": "done", "query_preview": "What is the energy cost of FP8 tensor core matrix multiplication relative to an ", "correlation_id": "01KTVR8201M569JCK4YGEEHVCM", "level": "info", "timestamp": "2026-06-11T16:29:37.798454Z"}
{"node": "query_tables", "reason": "empty_or_not_table_shaped", "event": "skip", "query_preview": "What is the energy cost of FP8 tensor core matrix multiplication relative to an ", "correlation_id": "01KTVR8201M569JCK4YGEEHVCM", "level": "info", "timestamp": "2026-06-11T16:29:37.800471Z"}
{"node": "assess", "reranked_count": 5, "event": "start", "query_preview": "What is the energy cost of FP8 tensor core matrix multiplication relative to an ", "correlation_id": "01KTVR8201M569JCK4YGEEHVCM", "level": "info", "timestamp": "2026-06-11T16:29:37.801131Z"}
{"prompt_tag": "assess_sufficiency@v4", "schema": "SufficiencyAssessment", "model": "cyankiwi/Qwen3.5-4B-AWQ-4bit", "max_tokens": 1024, "temperature": 0.1, "top_p": 0.8, "presence_penalty": 1.0, "seed": 42, "message_count": 1, "event": "model_call.start", "query_preview": "What is the energy cost of FP8 tensor core matrix multiplication relative to an ", "correlation_id": "01KTVR8201M569JCK4YGEEHVCM", "level": "info", "timestamp": "2026-06-11T16:29:37.802866Z"}
Authentication error: Langfuse client initialized without public_key. Client will be disabled. Provide a public_key parameter or set LANGFUSE_PUBLIC_KEY environment variable. 
{"prompt_tag": "assess_sufficiency@v4", "schema": "SufficiencyAssessment", "tokens": 3404, "event": "model_call.done", "query_preview": "What is the energy cost of FP8 tensor core matrix multiplication relative to an ", "correlation_id": "01KTVR8201M569JCK4YGEEHVCM", "level": "info", "timestamp": "2026-06-11T16:29:38.738884Z"}
{"node": "answer", "regenerate_attempt": 0, "event": "start", "query_preview": "What is the energy cost of FP8 tensor core matrix multiplication relative to an ", "correlation_id": "01KTVR8201M569JCK4YGEEHVCM", "level": "info", "timestamp": "2026-06-11T16:29:38.740393Z"}
{"prompt_tag": "answer@v5", "schema": "DraftAnswer", "model": "cyankiwi/Qwen3.5-4B-AWQ-4bit", "max_tokens": 1800, "temperature": 0.1, "top_p": 0.8, "presence_penalty": 1.0, "seed": 42, "message_count": 2, "event": "model_call.start", "query_preview": "What is the energy cost of FP8 tensor core matrix multiplication relative to an ", "correlation_id": "01KTVR8201M569JCK4YGEEHVCM", "level": "info", "timestamp": "2026-06-11T16:29:38.742449Z"}
Authentication error: Langfuse client initialized without public_key. Client will be disabled. Provide a public_key parameter or set LANGFUSE_PUBLIC_KEY environment variable. 
{"prompt_tag": "answer@v5", "schema": "DraftAnswer", "tokens": 5087, "event": "model_call.done", "query_preview": "What is the energy cost of FP8 tensor core matrix multiplication relative to an ", "correlation_id": "01KTVR8201M569JCK4YGEEHVCM", "level": "info", "timestamp": "2026-06-11T16:29:40.761180Z"}
{"node": "answer", "exact": 0, "suffix": 0, "fuzzy": 1, "unresolved": 0, "event": "chunk_id_repair", "query_preview": "What is the energy cost of FP8 tensor core matrix multiplication relative to an ", "correlation_id": "01KTVR8201M569JCK4YGEEHVCM", "level": "info", "timestamp": "2026-06-11T16:29:40.761309Z"}
{"node": "verify", "claim_count": 1, "event": "start", "query_preview": "What is the energy cost of FP8 tensor core matrix multiplication relative to an ", "correlation_id": "01KTVR8201M569JCK4YGEEHVCM", "level": "info", "timestamp": "2026-06-11T16:29:40.762067Z"}
{"prompt_tag": "verify_grounding@v2", "schema": "VerificationResult", "model": "cyankiwi/Qwen3.5-4B-AWQ-4bit", "max_tokens": 1024, "temperature": 0.1, "top_p": 0.8, "presence_penalty": 1.0, "seed": 42, "message_count": 1, "event": "model_call.start", "query_preview": "What is the energy cost of FP8 tensor core matrix multiplication relative to an ", "correlation_id": "01KTVR8201M569JCK4YGEEHVCM", "level": "info", "timestamp": "2026-06-11T16:29:40.765620Z"}
Authentication error: Langfuse client initialized without public_key. Client will be disabled. Provide a public_key parameter or set LANGFUSE_PUBLIC_KEY environment variable. 
{"prompt_tag": "verify_grounding@v2", "schema": "VerificationResult", "tokens": 2183, "event": "model_call.done", "query_preview": "What is the energy cost of FP8 tensor core matrix multiplication relative to an ", "correlation_id": "01KTVR8201M569JCK4YGEEHVCM", "level": "info", "timestamp": "2026-06-11T16:29:41.284609Z"}
{"node": "assess_relevance", "event": "start", "query_preview": "What is the energy cost of FP8 tensor core matrix multiplication relative to an ", "correlation_id": "01KTVR8201M569JCK4YGEEHVCM", "level": "info", "timestamp": "2026-06-11T16:29:41.285743Z"}
{"prompt_tag": "assess_relevance@v3", "schema": "RelevanceAssessment", "model": "cyankiwi/Qwen3.5-4B-AWQ-4bit", "max_tokens": 1024, "temperature": 0.1, "top_p": 0.8, "presence_penalty": 1.0, "seed": 42, "message_count": 1, "event": "model_call.start", "query_preview": "What is the energy cost of FP8 tensor core matrix multiplication relative to an ", "correlation_id": "01KTVR8201M569JCK4YGEEHVCM", "level": "info", "timestamp": "2026-06-11T16:29:41.286719Z"}
Authentication error: Langfuse client initialized without public_key. Client will be disabled. Provide a public_key parameter or set LANGFUSE_PUBLIC_KEY environment variable. 
{"prompt_tag": "assess_relevance@v3", "schema": "RelevanceAssessment", "tokens": 881, "event": "model_call.done", "query_preview": "What is the energy cost of FP8 tensor core matrix multiplication relative to an ", "correlation_id": "01KTVR8201M569JCK4YGEEHVCM", "level": "info", "timestamp": "2026-06-11T16:29:41.726077Z"}
{"node": "assess_relevance", "responsive": true, "event": "relevance", "query_preview": "What is the energy cost of FP8 tensor core matrix multiplication relative to an ", "correlation_id": "01KTVR8201M569JCK4YGEEHVCM", "level": "info", "timestamp": "2026-06-11T16:29:41.726139Z"}
{"node": "compose", "event": "start", "query_preview": "What is the energy cost of FP8 tensor core matrix multiplication relative to an ", "correlation_id": "01KTVR8201M569JCK4YGEEHVCM", "level": "info", "timestamp": "2026-06-11T16:29:41.727850Z"}
Authentication error: Langfuse client initialized without public_key. Client will be disabled. Provide a public_key parameter or set LANGFUSE_PUBLIC_KEY environment variable. 
{"node": "retrieve", "query_len": 69, "event": "start", "query_preview": "Which floating-point format has a 5-bit exponent and 10-bit mantissa?", "correlation_id": "01KTVR96Z0SWF9RS8K76W3BS3E", "level": "info", "timestamp": "2026-06-11T16:29:41.729590Z"}
{"query_len": 69, "k": 50, "event": "hybrid.start", "query_preview": "Which floating-point format has a 5-bit exponent and 10-bit mantissa?", "correlation_id": "01KTVR96Z0SWF9RS8K76W3BS3E", "level": "info", "timestamp": "2026-06-11T16:29:41.729630Z"}
{"query_len": 69, "k": 50, "dense": 50, "bm25": 0, "fused": 50, "term": false, "event": "hybrid.done", "query_preview": "Which floating-point format has a 5-bit exponent and 10-bit mantissa?", "correlation_id": "01KTVR96Z0SWF9RS8K76W3BS3E", "level": "info", "timestamp": "2026-06-11T16:29:41.803203Z"}
{"node": "retrieve", "candidate_count": 50, "event": "done", "query_preview": "Which floating-point format has a 5-bit exponent and 10-bit mantissa?", "correlation_id": "01KTVR96Z0SWF9RS8K76W3BS3E", "level": "info", "timestamp": "2026-06-11T16:29:41.804197Z"}
{"node": "expand_graph", "reason": "disabled_or_empty", "event": "skip", "query_preview": "Which floating-point format has a 5-bit exponent and 10-bit mantissa?", "correlation_id": "01KTVR96Z0SWF9RS8K76W3BS3E", "level": "info", "timestamp": "2026-06-11T16:29:41.805465Z"}
{"node": "rerank", "candidate_count": 50, "event": "start", "query_preview": "Which floating-point format has a 5-bit exponent and 10-bit mantissa?", "correlation_id": "01KTVR96Z0SWF9RS8K76W3BS3E", "level": "info", "timestamp": "2026-06-11T16:29:41.805942Z"}
{"node": "rerank", "top_k": 5, "source": "mode", "event": "top_k_resolved", "query_preview": "Which floating-point format has a 5-bit exponent and 10-bit mantissa?", "correlation_id": "01KTVR96Z0SWF9RS8K76W3BS3E", "level": "info", "timestamp": "2026-06-11T16:29:41.805986Z"}
{"candidates": 50, "top_k": 5, "backend": "cross_encoder", "event": "rerank.start", "query_preview": "Which floating-point format has a 5-bit exponent and 10-bit mantissa?", "correlation_id": "01KTVR96Z0SWF9RS8K76W3BS3E", "level": "info", "timestamp": "2026-06-11T16:29:41.806008Z"}
{"candidates": 50, "top_k": 5, "backend": "cross_encoder", "returned": 5, "event": "rerank.done", "query_preview": "Which floating-point format has a 5-bit exponent and 10-bit mantissa?", "correlation_id": "01KTVR96Z0SWF9RS8K76W3BS3E", "level": "info", "timestamp": "2026-06-11T16:30:17.285299Z"}
{"node": "rerank", "reranked_count": 5, "event": "done", "query_preview": "Which floating-point format has a 5-bit exponent and 10-bit mantissa?", "correlation_id": "01KTVR96Z0SWF9RS8K76W3BS3E", "level": "info", "timestamp": "2026-06-11T16:30:17.290666Z"}
{"node": "query_tables", "reason": "empty_or_not_table_shaped", "event": "skip", "query_preview": "Which floating-point format has a 5-bit exponent and 10-bit mantissa?", "correlation_id": "01KTVR96Z0SWF9RS8K76W3BS3E", "level": "info", "timestamp": "2026-06-11T16:30:17.300779Z"}
{"node": "assess", "reranked_count": 5, "event": "start", "query_preview": "Which floating-point format has a 5-bit exponent and 10-bit mantissa?", "correlation_id": "01KTVR96Z0SWF9RS8K76W3BS3E", "level": "info", "timestamp": "2026-06-11T16:30:17.301411Z"}
{"prompt_tag": "assess_sufficiency@v4", "schema": "SufficiencyAssessment", "model": "cyankiwi/Qwen3.5-4B-AWQ-4bit", "max_tokens": 1024, "temperature": 0.1, "top_p": 0.8, "presence_penalty": 1.0, "seed": 42, "message_count": 1, "event": "model_call.start", "query_preview": "Which floating-point format has a 5-bit exponent and 10-bit mantissa?", "correlation_id": "01KTVR96Z0SWF9RS8K76W3BS3E", "level": "info", "timestamp": "2026-06-11T16:30:17.306670Z"}
Authentication error: Langfuse client initialized without public_key. Client will be disabled. Provide a public_key parameter or set LANGFUSE_PUBLIC_KEY environment variable. 
{"prompt_tag": "assess_sufficiency@v4", "schema": "SufficiencyAssessment", "tokens": 3352, "event": "model_call.done", "query_preview": "Which floating-point format has a 5-bit exponent and 10-bit mantissa?", "correlation_id": "01KTVR96Z0SWF9RS8K76W3BS3E", "level": "info", "timestamp": "2026-06-11T16:30:18.399049Z"}
{"node": "answer", "regenerate_attempt": 0, "event": "start", "query_preview": "Which floating-point format has a 5-bit exponent and 10-bit mantissa?", "correlation_id": "01KTVR96Z0SWF9RS8K76W3BS3E", "level": "info", "timestamp": "2026-06-11T16:30:18.400762Z"}
{"prompt_tag": "answer@v5", "schema": "DraftAnswer", "model": "cyankiwi/Qwen3.5-4B-AWQ-4bit", "max_tokens": 1800, "temperature": 0.1, "top_p": 0.8, "presence_penalty": 1.0, "seed": 42, "message_count": 2, "event": "model_call.start", "query_preview": "Which floating-point format has a 5-bit exponent and 10-bit mantissa?", "correlation_id": "01KTVR96Z0SWF9RS8K76W3BS3E", "level": "info", "timestamp": "2026-06-11T16:30:18.403081Z"}
Authentication error: Langfuse client initialized without public_key. Client will be disabled. Provide a public_key parameter or set LANGFUSE_PUBLIC_KEY environment variable. 
{"prompt_tag": "answer@v5", "schema": "DraftAnswer", "tokens": 5018, "event": "model_call.done", "query_preview": "Which floating-point format has a 5-bit exponent and 10-bit mantissa?", "correlation_id": "01KTVR96Z0SWF9RS8K76W3BS3E", "level": "info", "timestamp": "2026-06-11T16:30:20.375732Z"}
{"node": "verify", "claim_count": 1, "event": "start", "query_preview": "Which floating-point format has a 5-bit exponent and 10-bit mantissa?", "correlation_id": "01KTVR96Z0SWF9RS8K76W3BS3E", "level": "info", "timestamp": "2026-06-11T16:30:20.376776Z"}
{"prompt_tag": "verify_grounding@v2", "schema": "VerificationResult", "model": "cyankiwi/Qwen3.5-4B-AWQ-4bit", "max_tokens": 1024, "temperature": 0.1, "top_p": 0.8, "presence_penalty": 1.0, "seed": 42, "message_count": 1, "event": "model_call.start", "query_preview": "Which floating-point format has a 5-bit exponent and 10-bit mantissa?", "correlation_id": "01KTVR96Z0SWF9RS8K76W3BS3E", "level": "info", "timestamp": "2026-06-11T16:30:20.410385Z"}
Authentication error: Langfuse client initialized without public_key. Client will be disabled. Provide a public_key parameter or set LANGFUSE_PUBLIC_KEY environment variable. 
{"prompt_tag": "verify_grounding@v2", "schema": "VerificationResult", "tokens": 2168, "event": "model_call.done", "query_preview": "Which floating-point format has a 5-bit exponent and 10-bit mantissa?", "correlation_id": "01KTVR96Z0SWF9RS8K76W3BS3E", "level": "info", "timestamp": "2026-06-11T16:30:20.928168Z"}
{"node": "assess_relevance", "event": "start", "query_preview": "Which floating-point format has a 5-bit exponent and 10-bit mantissa?", "correlation_id": "01KTVR96Z0SWF9RS8K76W3BS3E", "level": "info", "timestamp": "2026-06-11T16:30:20.929915Z"}
{"prompt_tag": "assess_relevance@v3", "schema": "RelevanceAssessment", "model": "cyankiwi/Qwen3.5-4B-AWQ-4bit", "max_tokens": 1024, "temperature": 0.1, "top_p": 0.8, "presence_penalty": 1.0, "seed": 42, "message_count": 1, "event": "model_call.start", "query_preview": "Which floating-point format has a 5-bit exponent and 10-bit mantissa?", "correlation_id": "01KTVR96Z0SWF9RS8K76W3BS3E", "level": "info", "timestamp": "2026-06-11T16:30:20.930923Z"}
Authentication error: Langfuse client initialized without public_key. Client will be disabled. Provide a public_key parameter or set LANGFUSE_PUBLIC_KEY environment variable. 
{"prompt_tag": "assess_relevance@v3", "schema": "RelevanceAssessment", "tokens": 863, "event": "model_call.done", "query_preview": "Which floating-point format has a 5-bit exponent and 10-bit mantissa?", "correlation_id": "01KTVR96Z0SWF9RS8K76W3BS3E", "level": "info", "timestamp": "2026-06-11T16:30:21.273384Z"}
{"node": "assess_relevance", "responsive": true, "event": "relevance", "query_preview": "Which floating-point format has a 5-bit exponent and 10-bit mantissa?", "correlation_id": "01KTVR96Z0SWF9RS8K76W3BS3E", "level": "info", "timestamp": "2026-06-11T16:30:21.273434Z"}
{"node": "compose", "event": "start", "query_preview": "Which floating-point format has a 5-bit exponent and 10-bit mantissa?", "correlation_id": "01KTVR96Z0SWF9RS8K76W3BS3E", "level": "info", "timestamp": "2026-06-11T16:30:21.274663Z"}
Authentication error: Langfuse client initialized without public_key. Client will be disabled. Provide a public_key parameter or set LANGFUSE_PUBLIC_KEY environment variable. 
{"node": "retrieve", "query_len": 41, "event": "start", "query_preview": "In what year did NVIDIA acquire Mellanox?", "correlation_id": "01KTVRADJWN5Q39AC5EAWN69ZF", "level": "info", "timestamp": "2026-06-11T16:30:21.279509Z"}
{"query_len": 41, "k": 50, "event": "hybrid.start", "query_preview": "In what year did NVIDIA acquire Mellanox?", "correlation_id": "01KTVRADJWN5Q39AC5EAWN69ZF", "level": "info", "timestamp": "2026-06-11T16:30:21.279595Z"}
{"query_len": 41, "k": 50, "dense": 50, "bm25": 0, "fused": 50, "term": false, "event": "hybrid.done", "query_preview": "In what year did NVIDIA acquire Mellanox?", "correlation_id": "01KTVRADJWN5Q39AC5EAWN69ZF", "level": "info", "timestamp": "2026-06-11T16:30:21.385000Z"}
{"node": "retrieve", "candidate_count": 50, "event": "done", "query_preview": "In what year did NVIDIA acquire Mellanox?", "correlation_id": "01KTVRADJWN5Q39AC5EAWN69ZF", "level": "info", "timestamp": "2026-06-11T16:30:21.386238Z"}
{"node": "expand_graph", "reason": "disabled_or_empty", "event": "skip", "query_preview": "In what year did NVIDIA acquire Mellanox?", "correlation_id": "01KTVRADJWN5Q39AC5EAWN69ZF", "level": "info", "timestamp": "2026-06-11T16:30:21.387884Z"}
{"node": "rerank", "candidate_count": 50, "event": "start", "query_preview": "In what year did NVIDIA acquire Mellanox?", "correlation_id": "01KTVRADJWN5Q39AC5EAWN69ZF", "level": "info", "timestamp": "2026-06-11T16:30:21.388455Z"}
{"node": "rerank", "top_k": 5, "source": "mode", "event": "top_k_resolved", "query_preview": "In what year did NVIDIA acquire Mellanox?", "correlation_id": "01KTVRADJWN5Q39AC5EAWN69ZF", "level": "info", "timestamp": "2026-06-11T16:30:21.388787Z"}
{"candidates": 50, "top_k": 5, "backend": "cross_encoder", "event": "rerank.start", "query_preview": "In what year did NVIDIA acquire Mellanox?", "correlation_id": "01KTVRADJWN5Q39AC5EAWN69ZF", "level": "info", "timestamp": "2026-06-11T16:30:21.388852Z"}
{"candidates": 50, "top_k": 5, "backend": "cross_encoder", "returned": 5, "event": "rerank.done", "query_preview": "In what year did NVIDIA acquire Mellanox?", "correlation_id": "01KTVRADJWN5Q39AC5EAWN69ZF", "level": "info", "timestamp": "2026-06-11T16:31:25.686726Z"}
{"node": "rerank", "reranked_count": 5, "event": "done", "query_preview": "In what year did NVIDIA acquire Mellanox?", "correlation_id": "01KTVRADJWN5Q39AC5EAWN69ZF", "level": "info", "timestamp": "2026-06-11T16:31:25.687646Z"}
{"node": "query_tables", "reason": "empty_or_not_table_shaped", "event": "skip", "query_preview": "In what year did NVIDIA acquire Mellanox?", "correlation_id": "01KTVRADJWN5Q39AC5EAWN69ZF", "level": "info", "timestamp": "2026-06-11T16:31:25.696860Z"}
{"node": "assess", "reranked_count": 5, "event": "start", "query_preview": "In what year did NVIDIA acquire Mellanox?", "correlation_id": "01KTVRADJWN5Q39AC5EAWN69ZF", "level": "info", "timestamp": "2026-06-11T16:31:25.697455Z"}
{"prompt_tag": "assess_sufficiency@v4", "schema": "SufficiencyAssessment", "model": "cyankiwi/Qwen3.5-4B-AWQ-4bit", "max_tokens": 1024, "temperature": 0.1, "top_p": 0.8, "presence_penalty": 1.0, "seed": 42, "message_count": 1, "event": "model_call.start", "query_preview": "In what year did NVIDIA acquire Mellanox?", "correlation_id": "01KTVRADJWN5Q39AC5EAWN69ZF", "level": "info", "timestamp": "2026-06-11T16:31:25.703558Z"}
Authentication error: Langfuse client initialized without public_key. Client will be disabled. Provide a public_key parameter or set LANGFUSE_PUBLIC_KEY environment variable. 
{"prompt_tag": "assess_sufficiency@v4", "schema": "SufficiencyAssessment", "tokens": 2730, "event": "model_call.done", "query_preview": "In what year did NVIDIA acquire Mellanox?", "correlation_id": "01KTVRADJWN5Q39AC5EAWN69ZF", "level": "info", "timestamp": "2026-06-11T16:31:26.601163Z"}
{"node": "refuse", "event": "start", "query_preview": "In what year did NVIDIA acquire Mellanox?", "correlation_id": "01KTVRADJWN5Q39AC5EAWN69ZF", "level": "info", "timestamp": "2026-06-11T16:31:26.602769Z"}
Authentication error: Langfuse client initialized without public_key. Client will be disabled. Provide a public_key parameter or set LANGFUSE_PUBLIC_KEY environment variable. 
{"node": "retrieve", "query_len": 80, "event": "start", "query_preview": "What is the recommended chunk size for retrieval-augmented generation pipelines?", "correlation_id": "01KTVRCDCC26KXDC7BYF3A6XFE", "level": "info", "timestamp": "2026-06-11T16:31:26.607469Z"}
{"query_len": 80, "k": 50, "event": "hybrid.start", "query_preview": "What is the recommended chunk size for retrieval-augmented generation pipelines?", "correlation_id": "01KTVRCDCC26KXDC7BYF3A6XFE", "level": "info", "timestamp": "2026-06-11T16:31:26.607560Z"}
{"query_len": 80, "k": 50, "dense": 50, "bm25": 0, "fused": 50, "term": false, "event": "hybrid.done", "query_preview": "What is the recommended chunk size for retrieval-augmented generation pipelines?", "correlation_id": "01KTVRCDCC26KXDC7BYF3A6XFE", "level": "info", "timestamp": "2026-06-11T16:31:26.712981Z"}
{"node": "retrieve", "candidate_count": 50, "event": "done", "query_preview": "What is the recommended chunk size for retrieval-augmented generation pipelines?", "correlation_id": "01KTVRCDCC26KXDC7BYF3A6XFE", "level": "info", "timestamp": "2026-06-11T16:31:26.713957Z"}
{"node": "expand_graph", "reason": "disabled_or_empty", "event": "skip", "query_preview": "What is the recommended chunk size for retrieval-augmented generation pipelines?", "correlation_id": "01KTVRCDCC26KXDC7BYF3A6XFE", "level": "info", "timestamp": "2026-06-11T16:31:26.715411Z"}
{"node": "rerank", "candidate_count": 50, "event": "start", "query_preview": "What is the recommended chunk size for retrieval-augmented generation pipelines?", "correlation_id": "01KTVRCDCC26KXDC7BYF3A6XFE", "level": "info", "timestamp": "2026-06-11T16:31:26.716002Z"}
{"node": "rerank", "top_k": 5, "source": "mode", "event": "top_k_resolved", "query_preview": "What is the recommended chunk size for retrieval-augmented generation pipelines?", "correlation_id": "01KTVRCDCC26KXDC7BYF3A6XFE", "level": "info", "timestamp": "2026-06-11T16:31:26.716301Z"}
{"candidates": 50, "top_k": 5, "backend": "cross_encoder", "event": "rerank.start", "query_preview": "What is the recommended chunk size for retrieval-augmented generation pipelines?", "correlation_id": "01KTVRCDCC26KXDC7BYF3A6XFE", "level": "info", "timestamp": "2026-06-11T16:31:26.716353Z"}
{"candidates": 50, "top_k": 5, "backend": "cross_encoder", "returned": 5, "event": "rerank.done", "query_preview": "What is the recommended chunk size for retrieval-augmented generation pipelines?", "correlation_id": "01KTVRCDCC26KXDC7BYF3A6XFE", "level": "info", "timestamp": "2026-06-11T16:32:55.303102Z"}
{"node": "rerank", "reranked_count": 5, "event": "done", "query_preview": "What is the recommended chunk size for retrieval-augmented generation pipelines?", "correlation_id": "01KTVRCDCC26KXDC7BYF3A6XFE", "level": "info", "timestamp": "2026-06-11T16:32:55.303179Z"}
{"node": "query_tables", "reason": "empty_or_not_table_shaped", "event": "skip", "query_preview": "What is the recommended chunk size for retrieval-augmented generation pipelines?", "correlation_id": "01KTVRCDCC26KXDC7BYF3A6XFE", "level": "info", "timestamp": "2026-06-11T16:32:55.305091Z"}
{"node": "assess", "reranked_count": 5, "event": "start", "query_preview": "What is the recommended chunk size for retrieval-augmented generation pipelines?", "correlation_id": "01KTVRCDCC26KXDC7BYF3A6XFE", "level": "info", "timestamp": "2026-06-11T16:32:55.305682Z"}
{"prompt_tag": "assess_sufficiency@v4", "schema": "SufficiencyAssessment", "model": "cyankiwi/Qwen3.5-4B-AWQ-4bit", "max_tokens": 1024, "temperature": 0.1, "top_p": 0.8, "presence_penalty": 1.0, "seed": 42, "message_count": 1, "event": "model_call.start", "query_preview": "What is the recommended chunk size for retrieval-augmented generation pipelines?", "correlation_id": "01KTVRCDCC26KXDC7BYF3A6XFE", "level": "info", "timestamp": "2026-06-11T16:32:55.326990Z"}
Authentication error: Langfuse client initialized without public_key. Client will be disabled. Provide a public_key parameter or set LANGFUSE_PUBLIC_KEY environment variable. 
{"prompt_tag": "assess_sufficiency@v4", "schema": "SufficiencyAssessment", "tokens": 2629, "event": "model_call.done", "query_preview": "What is the recommended chunk size for retrieval-augmented generation pipelines?", "correlation_id": "01KTVRCDCC26KXDC7BYF3A6XFE", "level": "info", "timestamp": "2026-06-11T16:32:56.173828Z"}
{"node": "refuse", "event": "start", "query_preview": "What is the recommended chunk size for retrieval-augmented generation pipelines?", "correlation_id": "01KTVRCDCC26KXDC7BYF3A6XFE", "level": "info", "timestamp": "2026-06-11T16:32:56.175095Z"}
Authentication error: Langfuse client initialized without public_key. Client will be disabled. Provide a public_key parameter or set LANGFUSE_PUBLIC_KEY environment variable. 
{"node": "retrieve", "query_len": 73, "event": "start", "query_preview": "What is the manufacturer's suggested retail price of the NVIDIA RTX 4090?", "correlation_id": "01KTVRF4VF1B7N4WPJN4GAV6S7", "level": "info", "timestamp": "2026-06-11T16:32:56.176662Z"}
{"query_len": 73, "k": 50, "event": "hybrid.start", "query_preview": "What is the manufacturer's suggested retail price of the NVIDIA RTX 4090?", "correlation_id": "01KTVRF4VF1B7N4WPJN4GAV6S7", "level": "info", "timestamp": "2026-06-11T16:32:56.176705Z"}
{"query_len": 73, "k": 50, "dense": 50, "bm25": 0, "fused": 50, "term": false, "event": "hybrid.done", "query_preview": "What is the manufacturer's suggested retail price of the NVIDIA RTX 4090?", "correlation_id": "01KTVRF4VF1B7N4WPJN4GAV6S7", "level": "info", "timestamp": "2026-06-11T16:32:56.265831Z"}
{"node": "retrieve", "candidate_count": 50, "event": "done", "query_preview": "What is the manufacturer's suggested retail price of the NVIDIA RTX 4090?", "correlation_id": "01KTVRF4VF1B7N4WPJN4GAV6S7", "level": "info", "timestamp": "2026-06-11T16:32:56.266686Z"}
{"node": "expand_graph", "reason": "disabled_or_empty", "event": "skip", "query_preview": "What is the manufacturer's suggested retail price of the NVIDIA RTX 4090?", "correlation_id": "01KTVRF4VF1B7N4WPJN4GAV6S7", "level": "info", "timestamp": "2026-06-11T16:32:56.267849Z"}
{"node": "rerank", "candidate_count": 50, "event": "start", "query_preview": "What is the manufacturer's suggested retail price of the NVIDIA RTX 4090?", "correlation_id": "01KTVRF4VF1B7N4WPJN4GAV6S7", "level": "info", "timestamp": "2026-06-11T16:32:56.268252Z"}
{"node": "rerank", "top_k": 5, "source": "mode", "event": "top_k_resolved", "query_preview": "What is the manufacturer's suggested retail price of the NVIDIA RTX 4090?", "correlation_id": "01KTVRF4VF1B7N4WPJN4GAV6S7", "level": "info", "timestamp": "2026-06-11T16:32:56.268292Z"}
{"candidates": 50, "top_k": 5, "backend": "cross_encoder", "event": "rerank.start", "query_preview": "What is the manufacturer's suggested retail price of the NVIDIA RTX 4090?", "correlation_id": "01KTVRF4VF1B7N4WPJN4GAV6S7", "level": "info", "timestamp": "2026-06-11T16:32:56.268311Z"}
{"candidates": 50, "top_k": 5, "backend": "cross_encoder", "returned": 5, "event": "rerank.done", "query_preview": "What is the manufacturer's suggested retail price of the NVIDIA RTX 4090?", "correlation_id": "01KTVRF4VF1B7N4WPJN4GAV6S7", "level": "info", "timestamp": "2026-06-11T16:34:02.934451Z"}
{"node": "rerank", "reranked_count": 5, "event": "done", "query_preview": "What is the manufacturer's suggested retail price of the NVIDIA RTX 4090?", "correlation_id": "01KTVRF4VF1B7N4WPJN4GAV6S7", "level": "info", "timestamp": "2026-06-11T16:34:02.934539Z"}
{"node": "query_tables", "reason": "empty_or_not_table_shaped", "event": "skip", "query_preview": "What is the manufacturer's suggested retail price of the NVIDIA RTX 4090?", "correlation_id": "01KTVRF4VF1B7N4WPJN4GAV6S7", "level": "info", "timestamp": "2026-06-11T16:34:02.936095Z"}
{"node": "assess", "reranked_count": 5, "event": "start", "query_preview": "What is the manufacturer's suggested retail price of the NVIDIA RTX 4090?", "correlation_id": "01KTVRF4VF1B7N4WPJN4GAV6S7", "level": "info", "timestamp": "2026-06-11T16:34:02.936682Z"}
{"prompt_tag": "assess_sufficiency@v4", "schema": "SufficiencyAssessment", "model": "cyankiwi/Qwen3.5-4B-AWQ-4bit", "max_tokens": 1024, "temperature": 0.1, "top_p": 0.8, "presence_penalty": 1.0, "seed": 42, "message_count": 1, "event": "model_call.start", "query_preview": "What is the manufacturer's suggested retail price of the NVIDIA RTX 4090?", "correlation_id": "01KTVRF4VF1B7N4WPJN4GAV6S7", "level": "info", "timestamp": "2026-06-11T16:34:02.953193Z"}
Authentication error: Langfuse client initialized without public_key. Client will be disabled. Provide a public_key parameter or set LANGFUSE_PUBLIC_KEY environment variable. 
{"prompt_tag": "assess_sufficiency@v4", "schema": "SufficiencyAssessment", "tokens": 3128, "event": "model_call.done", "query_preview": "What is the manufacturer's suggested retail price of the NVIDIA RTX 4090?", "correlation_id": "01KTVRF4VF1B7N4WPJN4GAV6S7", "level": "info", "timestamp": "2026-06-11T16:34:03.883033Z"}
{"node": "refuse", "event": "start", "query_preview": "What is the manufacturer's suggested retail price of the NVIDIA RTX 4090?", "correlation_id": "01KTVRF4VF1B7N4WPJN4GAV6S7", "level": "info", "timestamp": "2026-06-11T16:34:03.884163Z"}
Authentication error: Langfuse client initialized without public_key. Client will be disabled. Provide a public_key parameter or set LANGFUSE_PUBLIC_KEY environment variable. 
{"node": "retrieve", "query_len": 91, "event": "start", "query_preview": "What is the energy cost of FP128 matrix multiplication relative to FP32, in FMA ", "correlation_id": "01KTVRH6ZCD06Z5NBD3N2ANCVM", "level": "info", "timestamp": "2026-06-11T16:34:03.885629Z"}
{"query_len": 91, "k": 50, "event": "hybrid.start", "query_preview": "What is the energy cost of FP128 matrix multiplication relative to FP32, in FMA ", "correlation_id": "01KTVRH6ZCD06Z5NBD3N2ANCVM", "level": "info", "timestamp": "2026-06-11T16:34:03.885664Z"}
{"query_len": 91, "k": 50, "dense": 50, "bm25": 0, "fused": 50, "term": false, "event": "hybrid.done", "query_preview": "What is the energy cost of FP128 matrix multiplication relative to FP32, in FMA ", "correlation_id": "01KTVRH6ZCD06Z5NBD3N2ANCVM", "level": "info", "timestamp": "2026-06-11T16:34:03.983507Z"}
{"node": "retrieve", "candidate_count": 50, "event": "done", "query_preview": "What is the energy cost of FP128 matrix multiplication relative to FP32, in FMA ", "correlation_id": "01KTVRH6ZCD06Z5NBD3N2ANCVM", "level": "info", "timestamp": "2026-06-11T16:34:03.984524Z"}
{"node": "expand_graph", "reason": "disabled_or_empty", "event": "skip", "query_preview": "What is the energy cost of FP128 matrix multiplication relative to FP32, in FMA ", "correlation_id": "01KTVRH6ZCD06Z5NBD3N2ANCVM", "level": "info", "timestamp": "2026-06-11T16:34:03.985871Z"}
{"node": "rerank", "candidate_count": 50, "event": "start", "query_preview": "What is the energy cost of FP128 matrix multiplication relative to FP32, in FMA ", "correlation_id": "01KTVRH6ZCD06Z5NBD3N2ANCVM", "level": "info", "timestamp": "2026-06-11T16:34:03.986348Z"}
{"node": "rerank", "top_k": 5, "source": "mode", "event": "top_k_resolved", "query_preview": "What is the energy cost of FP128 matrix multiplication relative to FP32, in FMA ", "correlation_id": "01KTVRH6ZCD06Z5NBD3N2ANCVM", "level": "info", "timestamp": "2026-06-11T16:34:03.986395Z"}
{"candidates": 50, "top_k": 5, "backend": "cross_encoder", "event": "rerank.start", "query_preview": "What is the energy cost of FP128 matrix multiplication relative to FP32, in FMA ", "correlation_id": "01KTVRH6ZCD06Z5NBD3N2ANCVM", "level": "info", "timestamp": "2026-06-11T16:34:03.986419Z"}
{"candidates": 50, "top_k": 5, "backend": "cross_encoder", "returned": 5, "event": "rerank.done", "query_preview": "What is the energy cost of FP128 matrix multiplication relative to FP32, in FMA ", "correlation_id": "01KTVRH6ZCD06Z5NBD3N2ANCVM", "level": "info", "timestamp": "2026-06-11T16:34:38.156852Z"}
{"node": "rerank", "reranked_count": 5, "event": "done", "query_preview": "What is the energy cost of FP128 matrix multiplication relative to FP32, in FMA ", "correlation_id": "01KTVRH6ZCD06Z5NBD3N2ANCVM", "level": "info", "timestamp": "2026-06-11T16:34:38.156933Z"}
{"node": "query_tables", "reason": "empty_or_not_table_shaped", "event": "skip", "query_preview": "What is the energy cost of FP128 matrix multiplication relative to FP32, in FMA ", "correlation_id": "01KTVRH6ZCD06Z5NBD3N2ANCVM", "level": "info", "timestamp": "2026-06-11T16:34:38.158699Z"}
{"node": "assess", "reranked_count": 5, "event": "start", "query_preview": "What is the energy cost of FP128 matrix multiplication relative to FP32, in FMA ", "correlation_id": "01KTVRH6ZCD06Z5NBD3N2ANCVM", "level": "info", "timestamp": "2026-06-11T16:34:38.159324Z"}
{"prompt_tag": "assess_sufficiency@v4", "schema": "SufficiencyAssessment", "model": "cyankiwi/Qwen3.5-4B-AWQ-4bit", "max_tokens": 1024, "temperature": 0.1, "top_p": 0.8, "presence_penalty": 1.0, "seed": 42, "message_count": 1, "event": "model_call.start", "query_preview": "What is the energy cost of FP128 matrix multiplication relative to FP32, in FMA ", "correlation_id": "01KTVRH6ZCD06Z5NBD3N2ANCVM", "level": "info", "timestamp": "2026-06-11T16:34:38.160885Z"}
Authentication error: Langfuse client initialized without public_key. Client will be disabled. Provide a public_key parameter or set LANGFUSE_PUBLIC_KEY environment variable. 
{"prompt_tag": "assess_sufficiency@v4", "schema": "SufficiencyAssessment", "tokens": 3380, "event": "model_call.done", "query_preview": "What is the energy cost of FP128 matrix multiplication relative to FP32, in FMA ", "correlation_id": "01KTVRH6ZCD06Z5NBD3N2ANCVM", "level": "info", "timestamp": "2026-06-11T16:34:39.146985Z"}
{"node": "answer", "regenerate_attempt": 0, "event": "start", "query_preview": "What is the energy cost of FP128 matrix multiplication relative to FP32, in FMA ", "correlation_id": "01KTVRH6ZCD06Z5NBD3N2ANCVM", "level": "info", "timestamp": "2026-06-11T16:34:39.148392Z"}
{"prompt_tag": "answer@v5", "schema": "DraftAnswer", "model": "cyankiwi/Qwen3.5-4B-AWQ-4bit", "max_tokens": 1800, "temperature": 0.1, "top_p": 0.8, "presence_penalty": 1.0, "seed": 42, "message_count": 2, "event": "model_call.start", "query_preview": "What is the energy cost of FP128 matrix multiplication relative to FP32, in FMA ", "correlation_id": "01KTVRH6ZCD06Z5NBD3N2ANCVM", "level": "info", "timestamp": "2026-06-11T16:34:39.150730Z"}
Authentication error: Langfuse client initialized without public_key. Client will be disabled. Provide a public_key parameter or set LANGFUSE_PUBLIC_KEY environment variable. 
{"prompt_tag": "answer@v5", "schema": "DraftAnswer", "tokens": 4952, "event": "model_call.done", "query_preview": "What is the energy cost of FP128 matrix multiplication relative to FP32, in FMA ", "correlation_id": "01KTVRH6ZCD06Z5NBD3N2ANCVM", "level": "info", "timestamp": "2026-06-11T16:34:40.435862Z"}
{"node": "verify", "claim_count": 0, "event": "start", "query_preview": "What is the energy cost of FP128 matrix multiplication relative to FP32, in FMA ", "correlation_id": "01KTVRH6ZCD06Z5NBD3N2ANCVM", "level": "info", "timestamp": "2026-06-11T16:34:40.437006Z"}
{"node": "verify", "event": "empty_draft_shortcircuit", "query_preview": "What is the energy cost of FP128 matrix multiplication relative to FP32, in FMA ", "correlation_id": "01KTVRH6ZCD06Z5NBD3N2ANCVM", "level": "info", "timestamp": "2026-06-11T16:34:40.437047Z"}
{"node": "assess_relevance", "event": "start", "query_preview": "What is the energy cost of FP128 matrix multiplication relative to FP32, in FMA ", "correlation_id": "01KTVRH6ZCD06Z5NBD3N2ANCVM", "level": "info", "timestamp": "2026-06-11T16:34:40.438156Z"}
{"prompt_tag": "assess_relevance@v3", "schema": "RelevanceAssessment", "model": "cyankiwi/Qwen3.5-4B-AWQ-4bit", "max_tokens": 1024, "temperature": 0.1, "top_p": 0.8, "presence_penalty": 1.0, "seed": 42, "message_count": 1, "event": "model_call.start", "query_preview": "What is the energy cost of FP128 matrix multiplication relative to FP32, in FMA ", "correlation_id": "01KTVRH6ZCD06Z5NBD3N2ANCVM", "level": "info", "timestamp": "2026-06-11T16:34:40.439199Z"}
Authentication error: Langfuse client initialized without public_key. Client will be disabled. Provide a public_key parameter or set LANGFUSE_PUBLIC_KEY environment variable. 
{"prompt_tag": "assess_relevance@v3", "schema": "RelevanceAssessment", "tokens": 856, "event": "model_call.done", "query_preview": "What is the energy cost of FP128 matrix multiplication relative to FP32, in FMA ", "correlation_id": "01KTVRH6ZCD06Z5NBD3N2ANCVM", "level": "info", "timestamp": "2026-06-11T16:34:40.919173Z"}
{"node": "assess_relevance", "responsive": false, "event": "relevance", "query_preview": "What is the energy cost of FP128 matrix multiplication relative to FP32, in FMA ", "correlation_id": "01KTVRH6ZCD06Z5NBD3N2ANCVM", "level": "info", "timestamp": "2026-06-11T16:34:40.919331Z"}
{"node": "refuse", "event": "start", "query_preview": "What is the energy cost of FP128 matrix multiplication relative to FP32, in FMA ", "correlation_id": "01KTVRH6ZCD06Z5NBD3N2ANCVM", "level": "info", "timestamp": "2026-06-11T16:34:40.921067Z"}
Authentication error: Langfuse client initialized without public_key. Client will be disabled. Provide a public_key parameter or set LANGFUSE_PUBLIC_KEY environment variable. 
{"node": "retrieve", "query_len": 73, "event": "start", "query_preview": "What is the FP4 tensor core energy cost per FLOP relative to an FP32 FMA?", "correlation_id": "01KTVRJB4SD3RQHMEBVYT1X3DR", "level": "info", "timestamp": "2026-06-11T16:34:40.923307Z"}
{"query_len": 73, "k": 50, "event": "hybrid.start", "query_preview": "What is the FP4 tensor core energy cost per FLOP relative to an FP32 FMA?", "correlation_id": "01KTVRJB4SD3RQHMEBVYT1X3DR", "level": "info", "timestamp": "2026-06-11T16:34:40.923361Z"}
{"query_len": 73, "k": 50, "dense": 50, "bm25": 0, "fused": 50, "term": false, "event": "hybrid.done", "query_preview": "What is the FP4 tensor core energy cost per FLOP relative to an FP32 FMA?", "correlation_id": "01KTVRJB4SD3RQHMEBVYT1X3DR", "level": "info", "timestamp": "2026-06-11T16:34:41.011876Z"}
{"node": "retrieve", "candidate_count": 50, "event": "done", "query_preview": "What is the FP4 tensor core energy cost per FLOP relative to an FP32 FMA?", "correlation_id": "01KTVRJB4SD3RQHMEBVYT1X3DR", "level": "info", "timestamp": "2026-06-11T16:34:41.013027Z"}
{"node": "expand_graph", "reason": "disabled_or_empty", "event": "skip", "query_preview": "What is the FP4 tensor core energy cost per FLOP relative to an FP32 FMA?", "correlation_id": "01KTVRJB4SD3RQHMEBVYT1X3DR", "level": "info", "timestamp": "2026-06-11T16:34:41.014396Z"}
{"node": "rerank", "candidate_count": 50, "event": "start", "query_preview": "What is the FP4 tensor core energy cost per FLOP relative to an FP32 FMA?", "correlation_id": "01KTVRJB4SD3RQHMEBVYT1X3DR", "level": "info", "timestamp": "2026-06-11T16:34:41.014890Z"}
{"node": "rerank", "top_k": 5, "source": "mode", "event": "top_k_resolved", "query_preview": "What is the FP4 tensor core energy cost per FLOP relative to an FP32 FMA?", "correlation_id": "01KTVRJB4SD3RQHMEBVYT1X3DR", "level": "info", "timestamp": "2026-06-11T16:34:41.014942Z"}
{"candidates": 50, "top_k": 5, "backend": "cross_encoder", "event": "rerank.start", "query_preview": "What is the FP4 tensor core energy cost per FLOP relative to an FP32 FMA?", "correlation_id": "01KTVRJB4SD3RQHMEBVYT1X3DR", "level": "info", "timestamp": "2026-06-11T16:34:41.014973Z"}
{"candidates": 50, "top_k": 5, "backend": "cross_encoder", "returned": 5, "event": "rerank.done", "query_preview": "What is the FP4 tensor core energy cost per FLOP relative to an FP32 FMA?", "correlation_id": "01KTVRJB4SD3RQHMEBVYT1X3DR", "level": "info", "timestamp": "2026-06-11T16:35:16.346109Z"}
{"node": "rerank", "reranked_count": 5, "event": "done", "query_preview": "What is the FP4 tensor core energy cost per FLOP relative to an FP32 FMA?", "correlation_id": "01KTVRJB4SD3RQHMEBVYT1X3DR", "level": "info", "timestamp": "2026-06-11T16:35:16.346189Z"}
{"node": "query_tables", "reason": "empty_or_not_table_shaped", "event": "skip", "query_preview": "What is the FP4 tensor core energy cost per FLOP relative to an FP32 FMA?", "correlation_id": "01KTVRJB4SD3RQHMEBVYT1X3DR", "level": "info", "timestamp": "2026-06-11T16:35:16.347716Z"}
{"node": "assess", "reranked_count": 5, "event": "start", "query_preview": "What is the FP4 tensor core energy cost per FLOP relative to an FP32 FMA?", "correlation_id": "01KTVRJB4SD3RQHMEBVYT1X3DR", "level": "info", "timestamp": "2026-06-11T16:35:16.348291Z"}
{"prompt_tag": "assess_sufficiency@v4", "schema": "SufficiencyAssessment", "model": "cyankiwi/Qwen3.5-4B-AWQ-4bit", "max_tokens": 1024, "temperature": 0.1, "top_p": 0.8, "presence_penalty": 1.0, "seed": 42, "message_count": 1, "event": "model_call.start", "query_preview": "What is the FP4 tensor core energy cost per FLOP relative to an FP32 FMA?", "correlation_id": "01KTVRJB4SD3RQHMEBVYT1X3DR", "level": "info", "timestamp": "2026-06-11T16:35:16.349844Z"}
Authentication error: Langfuse client initialized without public_key. Client will be disabled. Provide a public_key parameter or set LANGFUSE_PUBLIC_KEY environment variable. 
{"prompt_tag": "assess_sufficiency@v4", "schema": "SufficiencyAssessment", "tokens": 3400, "event": "model_call.done", "query_preview": "What is the FP4 tensor core energy cost per FLOP relative to an FP32 FMA?", "correlation_id": "01KTVRJB4SD3RQHMEBVYT1X3DR", "level": "info", "timestamp": "2026-06-11T16:35:17.520922Z"}
{"node": "answer", "regenerate_attempt": 0, "event": "start", "query_preview": "What is the FP4 tensor core energy cost per FLOP relative to an FP32 FMA?", "correlation_id": "01KTVRJB4SD3RQHMEBVYT1X3DR", "level": "info", "timestamp": "2026-06-11T16:35:17.522153Z"}
{"prompt_tag": "answer@v5", "schema": "DraftAnswer", "model": "cyankiwi/Qwen3.5-4B-AWQ-4bit", "max_tokens": 1800, "temperature": 0.1, "top_p": 0.8, "presence_penalty": 1.0, "seed": 42, "message_count": 2, "event": "model_call.start", "query_preview": "What is the FP4 tensor core energy cost per FLOP relative to an FP32 FMA?", "correlation_id": "01KTVRJB4SD3RQHMEBVYT1X3DR", "level": "info", "timestamp": "2026-06-11T16:35:17.524280Z"}
Authentication error: Langfuse client initialized without public_key. Client will be disabled. Provide a public_key parameter or set LANGFUSE_PUBLIC_KEY environment variable. 
{"prompt_tag": "answer@v5", "schema": "DraftAnswer", "tokens": 4968, "event": "model_call.done", "query_preview": "What is the FP4 tensor core energy cost per FLOP relative to an FP32 FMA?", "correlation_id": "01KTVRJB4SD3RQHMEBVYT1X3DR", "level": "info", "timestamp": "2026-06-11T16:35:18.732241Z"}
{"node": "verify", "claim_count": 0, "event": "start", "query_preview": "What is the FP4 tensor core energy cost per FLOP relative to an FP32 FMA?", "correlation_id": "01KTVRJB4SD3RQHMEBVYT1X3DR", "level": "info", "timestamp": "2026-06-11T16:35:18.733123Z"}
{"node": "verify", "event": "empty_draft_shortcircuit", "query_preview": "What is the FP4 tensor core energy cost per FLOP relative to an FP32 FMA?", "correlation_id": "01KTVRJB4SD3RQHMEBVYT1X3DR", "level": "info", "timestamp": "2026-06-11T16:35:18.733157Z"}
{"node": "assess_relevance", "event": "start", "query_preview": "What is the FP4 tensor core energy cost per FLOP relative to an FP32 FMA?", "correlation_id": "01KTVRJB4SD3RQHMEBVYT1X3DR", "level": "info", "timestamp": "2026-06-11T16:35:18.734133Z"}
{"prompt_tag": "assess_relevance@v3", "schema": "RelevanceAssessment", "model": "cyankiwi/Qwen3.5-4B-AWQ-4bit", "max_tokens": 1024, "temperature": 0.1, "top_p": 0.8, "presence_penalty": 1.0, "seed": 42, "message_count": 1, "event": "model_call.start", "query_preview": "What is the FP4 tensor core energy cost per FLOP relative to an FP32 FMA?", "correlation_id": "01KTVRJB4SD3RQHMEBVYT1X3DR", "level": "info", "timestamp": "2026-06-11T16:35:18.735139Z"}
Authentication error: Langfuse client initialized without public_key. Client will be disabled. Provide a public_key parameter or set LANGFUSE_PUBLIC_KEY environment variable. 
{"prompt_tag": "assess_relevance@v3", "schema": "RelevanceAssessment", "tokens": 870, "event": "model_call.done", "query_preview": "What is the FP4 tensor core energy cost per FLOP relative to an FP32 FMA?", "correlation_id": "01KTVRJB4SD3RQHMEBVYT1X3DR", "level": "info", "timestamp": "2026-06-11T16:35:19.201727Z"}
{"node": "assess_relevance", "responsive": false, "event": "relevance", "query_preview": "What is the FP4 tensor core energy cost per FLOP relative to an FP32 FMA?", "correlation_id": "01KTVRJB4SD3RQHMEBVYT1X3DR", "level": "info", "timestamp": "2026-06-11T16:35:19.201812Z"}
{"node": "refuse", "event": "start", "query_preview": "What is the FP4 tensor core energy cost per FLOP relative to an FP32 FMA?", "correlation_id": "01KTVRJB4SD3RQHMEBVYT1X3DR", "level": "info", "timestamp": "2026-06-11T16:35:19.203308Z"}
Authentication error: Langfuse client initialized without public_key. Client will be disabled. Provide a public_key parameter or set LANGFUSE_PUBLIC_KEY environment variable. 
{"node": "retrieve", "query_len": 63, "event": "start", "query_preview": "What is the NVLink bandwidth between Hopper and Blackwell GPUs?", "correlation_id": "01KTVRKGH376H7HQNZY87JFJ11", "level": "info", "timestamp": "2026-06-11T16:35:19.205005Z"}
{"query_len": 63, "k": 50, "event": "hybrid.start", "query_preview": "What is the NVLink bandwidth between Hopper and Blackwell GPUs?", "correlation_id": "01KTVRKGH376H7HQNZY87JFJ11", "level": "info", "timestamp": "2026-06-11T16:35:19.205053Z"}
{"query_len": 63, "k": 50, "dense": 50, "bm25": 0, "fused": 50, "term": false, "event": "hybrid.done", "query_preview": "What is the NVLink bandwidth between Hopper and Blackwell GPUs?", "correlation_id": "01KTVRKGH376H7HQNZY87JFJ11", "level": "info", "timestamp": "2026-06-11T16:35:19.294171Z"}
{"node": "retrieve", "candidate_count": 50, "event": "done", "query_preview": "What is the NVLink bandwidth between Hopper and Blackwell GPUs?", "correlation_id": "01KTVRKGH376H7HQNZY87JFJ11", "level": "info", "timestamp": "2026-06-11T16:35:19.295467Z"}
{"node": "expand_graph", "reason": "disabled_or_empty", "event": "skip", "query_preview": "What is the NVLink bandwidth between Hopper and Blackwell GPUs?", "correlation_id": "01KTVRKGH376H7HQNZY87JFJ11", "level": "info", "timestamp": "2026-06-11T16:35:19.296777Z"}
{"node": "rerank", "candidate_count": 50, "event": "start", "query_preview": "What is the NVLink bandwidth between Hopper and Blackwell GPUs?", "correlation_id": "01KTVRKGH376H7HQNZY87JFJ11", "level": "info", "timestamp": "2026-06-11T16:35:19.297270Z"}
{"node": "rerank", "top_k": 5, "source": "mode", "event": "top_k_resolved", "query_preview": "What is the NVLink bandwidth between Hopper and Blackwell GPUs?", "correlation_id": "01KTVRKGH376H7HQNZY87JFJ11", "level": "info", "timestamp": "2026-06-11T16:35:19.297317Z"}
{"candidates": 50, "top_k": 5, "backend": "cross_encoder", "event": "rerank.start", "query_preview": "What is the NVLink bandwidth between Hopper and Blackwell GPUs?", "correlation_id": "01KTVRKGH376H7HQNZY87JFJ11", "level": "info", "timestamp": "2026-06-11T16:35:19.297339Z"}
{"candidates": 50, "top_k": 5, "backend": "cross_encoder", "returned": 5, "event": "rerank.done", "query_preview": "What is the NVLink bandwidth between Hopper and Blackwell GPUs?", "correlation_id": "01KTVRKGH376H7HQNZY87JFJ11", "level": "info", "timestamp": "2026-06-11T16:36:03.345076Z"}
{"node": "rerank", "reranked_count": 5, "event": "done", "query_preview": "What is the NVLink bandwidth between Hopper and Blackwell GPUs?", "correlation_id": "01KTVRKGH376H7HQNZY87JFJ11", "level": "info", "timestamp": "2026-06-11T16:36:03.345155Z"}
{"node": "query_tables", "reason": "empty_or_not_table_shaped", "event": "skip", "query_preview": "What is the NVLink bandwidth between Hopper and Blackwell GPUs?", "correlation_id": "01KTVRKGH376H7HQNZY87JFJ11", "level": "info", "timestamp": "2026-06-11T16:36:03.347243Z"}
{"node": "assess", "reranked_count": 5, "event": "start", "query_preview": "What is the NVLink bandwidth between Hopper and Blackwell GPUs?", "correlation_id": "01KTVRKGH376H7HQNZY87JFJ11", "level": "info", "timestamp": "2026-06-11T16:36:03.348097Z"}
{"prompt_tag": "assess_sufficiency@v4", "schema": "SufficiencyAssessment", "model": "cyankiwi/Qwen3.5-4B-AWQ-4bit", "max_tokens": 1024, "temperature": 0.1, "top_p": 0.8, "presence_penalty": 1.0, "seed": 42, "message_count": 1, "event": "model_call.start", "query_preview": "What is the NVLink bandwidth between Hopper and Blackwell GPUs?", "correlation_id": "01KTVRKGH376H7HQNZY87JFJ11", "level": "info", "timestamp": "2026-06-11T16:36:03.350132Z"}
Authentication error: Langfuse client initialized without public_key. Client will be disabled. Provide a public_key parameter or set LANGFUSE_PUBLIC_KEY environment variable. 
{"prompt_tag": "assess_sufficiency@v4", "schema": "SufficiencyAssessment", "tokens": 1783, "event": "model_call.done", "query_preview": "What is the NVLink bandwidth between Hopper and Blackwell GPUs?", "correlation_id": "01KTVRKGH376H7HQNZY87JFJ11", "level": "info", "timestamp": "2026-06-11T16:36:04.157134Z"}
{"node": "refuse", "event": "start", "query_preview": "What is the NVLink bandwidth between Hopper and Blackwell GPUs?", "correlation_id": "01KTVRKGH376H7HQNZY87JFJ11", "level": "info", "timestamp": "2026-06-11T16:36:04.158587Z"}
Authentication error: Langfuse client initialized without public_key. Client will be disabled. Provide a public_key parameter or set LANGFUSE_PUBLIC_KEY environment variable. 
{"node": "retrieve", "query_len": 82, "event": "start", "query_preview": "How many CUDA cores are in NVIDIA's latest data-center GPU according to this dec", "correlation_id": "01KTVRMWDZH07GMQZ3R3GT94QE", "level": "info", "timestamp": "2026-06-11T16:36:04.160173Z"}
{"query_len": 82, "k": 50, "event": "hybrid.start", "query_preview": "How many CUDA cores are in NVIDIA's latest data-center GPU according to this dec", "correlation_id": "01KTVRMWDZH07GMQZ3R3GT94QE", "level": "info", "timestamp": "2026-06-11T16:36:04.160212Z"}
{"query_len": 82, "k": 50, "dense": 50, "bm25": 0, "fused": 50, "term": false, "event": "hybrid.done", "query_preview": "How many CUDA cores are in NVIDIA's latest data-center GPU according to this dec", "correlation_id": "01KTVRMWDZH07GMQZ3R3GT94QE", "level": "info", "timestamp": "2026-06-11T16:36:04.247185Z"}
{"node": "retrieve", "candidate_count": 50, "event": "done", "query_preview": "How many CUDA cores are in NVIDIA's latest data-center GPU according to this dec", "correlation_id": "01KTVRMWDZH07GMQZ3R3GT94QE", "level": "info", "timestamp": "2026-06-11T16:36:04.248092Z"}
{"node": "expand_graph", "reason": "disabled_or_empty", "event": "skip", "query_preview": "How many CUDA cores are in NVIDIA's latest data-center GPU according to this dec", "correlation_id": "01KTVRMWDZH07GMQZ3R3GT94QE", "level": "info", "timestamp": "2026-06-11T16:36:04.249344Z"}
{"node": "rerank", "candidate_count": 50, "event": "start", "query_preview": "How many CUDA cores are in NVIDIA's latest data-center GPU according to this dec", "correlation_id": "01KTVRMWDZH07GMQZ3R3GT94QE", "level": "info", "timestamp": "2026-06-11T16:36:04.249842Z"}
{"node": "rerank", "top_k": 5, "source": "mode", "event": "top_k_resolved", "query_preview": "How many CUDA cores are in NVIDIA's latest data-center GPU according to this dec", "correlation_id": "01KTVRMWDZH07GMQZ3R3GT94QE", "level": "info", "timestamp": "2026-06-11T16:36:04.249888Z"}
{"candidates": 50, "top_k": 5, "backend": "cross_encoder", "event": "rerank.start", "query_preview": "How many CUDA cores are in NVIDIA's latest data-center GPU according to this dec", "correlation_id": "01KTVRMWDZH07GMQZ3R3GT94QE", "level": "info", "timestamp": "2026-06-11T16:36:04.249910Z"}
{"candidates": 50, "top_k": 5, "backend": "cross_encoder", "returned": 5, "event": "rerank.done", "query_preview": "How many CUDA cores are in NVIDIA's latest data-center GPU according to this dec", "correlation_id": "01KTVRMWDZH07GMQZ3R3GT94QE", "level": "info", "timestamp": "2026-06-11T16:36:53.553738Z"}
{"node": "rerank", "reranked_count": 5, "event": "done", "query_preview": "How many CUDA cores are in NVIDIA's latest data-center GPU according to this dec", "correlation_id": "01KTVRMWDZH07GMQZ3R3GT94QE", "level": "info", "timestamp": "2026-06-11T16:36:53.553816Z"}
{"prompt_tag": "generate_table_sql@v1", "schema": "GeneratedSQL", "model": "cyankiwi/Qwen3.5-4B-AWQ-4bit", "max_tokens": 1024, "temperature": 0.1, "top_p": 0.8, "presence_penalty": 1.0, "seed": 42, "message_count": 1, "event": "model_call.start", "query_preview": "How many CUDA cores are in NVIDIA's latest data-center GPU according to this dec", "correlation_id": "01KTVRMWDZH07GMQZ3R3GT94QE", "level": "info", "timestamp": "2026-06-11T16:36:53.567460Z"}
Authentication error: Langfuse client initialized without public_key. Client will be disabled. Provide a public_key parameter or set LANGFUSE_PUBLIC_KEY environment variable. 
{"prompt_tag": "generate_table_sql@v1", "schema": "GeneratedSQL", "tokens": 1016, "event": "model_call.done", "query_preview": "How many CUDA cores are in NVIDIA's latest data-center GPU according to this dec", "correlation_id": "01KTVRMWDZH07GMQZ3R3GT94QE", "level": "info", "timestamp": "2026-06-11T16:36:54.185213Z"}
{"node": "query_doc_tables", "sql": "SELECT COUNT(*) FROM f92a04286d", "target": "f92a04286d", "event": "table_sql.generated", "query_preview": "How many CUDA cores are in NVIDIA's latest data-center GPU according to this dec", "correlation_id": "01KTVRMWDZH07GMQZ3R3GT94QE", "level": "info", "timestamp": "2026-06-11T16:36:54.185276Z"}
{"node": "query_doc_tables", "kind": "aggregate", "target": "f92a04286d", "event": "table_sql.result", "query_preview": "How many CUDA cores are in NVIDIA's latest data-center GPU according to this dec", "correlation_id": "01KTVRMWDZH07GMQZ3R3GT94QE", "level": "info", "timestamp": "2026-06-11T16:36:54.190263Z"}
{"node": "query_tables", "kind": "aggregate", "chunk_id": "0e725ba0-2026-annual-report-web#sql0001", "event": "injected", "query_preview": "How many CUDA cores are in NVIDIA's latest data-center GPU according to this dec", "correlation_id": "01KTVRMWDZH07GMQZ3R3GT94QE", "level": "info", "timestamp": "2026-06-11T16:36:54.190628Z"}
{"node": "assess", "reranked_count": 6, "event": "start", "query_preview": "How many CUDA cores are in NVIDIA's latest data-center GPU according to this dec", "correlation_id": "01KTVRMWDZH07GMQZ3R3GT94QE", "level": "info", "timestamp": "2026-06-11T16:36:54.191409Z"}
{"prompt_tag": "assess_sufficiency@v4", "schema": "SufficiencyAssessment", "model": "cyankiwi/Qwen3.5-4B-AWQ-4bit", "max_tokens": 1024, "temperature": 0.1, "top_p": 0.8, "presence_penalty": 1.0, "seed": 42, "message_count": 1, "event": "model_call.start", "query_preview": "How many CUDA cores are in NVIDIA's latest data-center GPU according to this dec", "correlation_id": "01KTVRMWDZH07GMQZ3R3GT94QE", "level": "info", "timestamp": "2026-06-11T16:36:54.192714Z"}
Authentication error: Langfuse client initialized without public_key. Client will be disabled. Provide a public_key parameter or set LANGFUSE_PUBLIC_KEY environment variable. 
{"prompt_tag": "assess_sufficiency@v4", "schema": "SufficiencyAssessment", "tokens": 2614, "event": "model_call.done", "query_preview": "How many CUDA cores are in NVIDIA's latest data-center GPU according to this dec", "correlation_id": "01KTVRMWDZH07GMQZ3R3GT94QE", "level": "info", "timestamp": "2026-06-11T16:36:55.005628Z"}
{"node": "refuse", "event": "start", "query_preview": "How many CUDA cores are in NVIDIA's latest data-center GPU according to this dec", "correlation_id": "01KTVRMWDZH07GMQZ3R3GT94QE", "level": "info", "timestamp": "2026-06-11T16:36:55.006763Z"}
Authentication error: Langfuse client initialized without public_key. Client will be disabled. Provide a public_key parameter or set LANGFUSE_PUBLIC_KEY environment variable. 
{"node": "retrieve", "query_len": 94, "event": "start", "query_preview": "What is the kernel-fusion speed-up factor for converting FP32 to INT8 according ", "correlation_id": "01KTVRPE2Z8YRSTE01JGPA3T0M", "level": "info", "timestamp": "2026-06-11T16:36:55.008207Z"}
{"query_len": 94, "k": 50, "event": "hybrid.start", "query_preview": "What is the kernel-fusion speed-up factor for converting FP32 to INT8 according ", "correlation_id": "01KTVRPE2Z8YRSTE01JGPA3T0M", "level": "info", "timestamp": "2026-06-11T16:36:55.008245Z"}
{"query_len": 94, "k": 50, "dense": 50, "bm25": 0, "fused": 50, "term": false, "event": "hybrid.done", "query_preview": "What is the kernel-fusion speed-up factor for converting FP32 to INT8 according ", "correlation_id": "01KTVRPE2Z8YRSTE01JGPA3T0M", "level": "info", "timestamp": "2026-06-11T16:36:55.091298Z"}
{"node": "retrieve", "candidate_count": 50, "event": "done", "query_preview": "What is the kernel-fusion speed-up factor for converting FP32 to INT8 according ", "correlation_id": "01KTVRPE2Z8YRSTE01JGPA3T0M", "level": "info", "timestamp": "2026-06-11T16:36:55.092259Z"}
{"node": "expand_graph", "reason": "disabled_or_empty", "event": "skip", "query_preview": "What is the kernel-fusion speed-up factor for converting FP32 to INT8 according ", "correlation_id": "01KTVRPE2Z8YRSTE01JGPA3T0M", "level": "info", "timestamp": "2026-06-11T16:36:55.093501Z"}
{"node": "rerank", "candidate_count": 50, "event": "start", "query_preview": "What is the kernel-fusion speed-up factor for converting FP32 to INT8 according ", "correlation_id": "01KTVRPE2Z8YRSTE01JGPA3T0M", "level": "info", "timestamp": "2026-06-11T16:36:55.093954Z"}
{"node": "rerank", "top_k": 5, "source": "mode", "event": "top_k_resolved", "query_preview": "What is the kernel-fusion speed-up factor for converting FP32 to INT8 according ", "correlation_id": "01KTVRPE2Z8YRSTE01JGPA3T0M", "level": "info", "timestamp": "2026-06-11T16:36:55.094004Z"}
{"candidates": 50, "top_k": 5, "backend": "cross_encoder", "event": "rerank.start", "query_preview": "What is the kernel-fusion speed-up factor for converting FP32 to INT8 according ", "correlation_id": "01KTVRPE2Z8YRSTE01JGPA3T0M", "level": "info", "timestamp": "2026-06-11T16:36:55.094027Z"}
{"candidates": 50, "top_k": 5, "backend": "cross_encoder", "returned": 5, "event": "rerank.done", "query_preview": "What is the kernel-fusion speed-up factor for converting FP32 to INT8 according ", "correlation_id": "01KTVRPE2Z8YRSTE01JGPA3T0M", "level": "info", "timestamp": "2026-06-11T16:37:30.774091Z"}
{"node": "rerank", "reranked_count": 5, "event": "done", "query_preview": "What is the kernel-fusion speed-up factor for converting FP32 to INT8 according ", "correlation_id": "01KTVRPE2Z8YRSTE01JGPA3T0M", "level": "info", "timestamp": "2026-06-11T16:37:30.774169Z"}
{"node": "query_tables", "reason": "empty_or_not_table_shaped", "event": "skip", "query_preview": "What is the kernel-fusion speed-up factor for converting FP32 to INT8 according ", "correlation_id": "01KTVRPE2Z8YRSTE01JGPA3T0M", "level": "info", "timestamp": "2026-06-11T16:37:30.775731Z"}
{"node": "assess", "reranked_count": 5, "event": "start", "query_preview": "What is the kernel-fusion speed-up factor for converting FP32 to INT8 according ", "correlation_id": "01KTVRPE2Z8YRSTE01JGPA3T0M", "level": "info", "timestamp": "2026-06-11T16:37:30.776436Z"}
{"prompt_tag": "assess_sufficiency@v4", "schema": "SufficiencyAssessment", "model": "cyankiwi/Qwen3.5-4B-AWQ-4bit", "max_tokens": 1024, "temperature": 0.1, "top_p": 0.8, "presence_penalty": 1.0, "seed": 42, "message_count": 1, "event": "model_call.start", "query_preview": "What is the kernel-fusion speed-up factor for converting FP32 to INT8 according ", "correlation_id": "01KTVRPE2Z8YRSTE01JGPA3T0M", "level": "info", "timestamp": "2026-06-11T16:37:30.778066Z"}
Authentication error: Langfuse client initialized without public_key. Client will be disabled. Provide a public_key parameter or set LANGFUSE_PUBLIC_KEY environment variable. 
{"prompt_tag": "assess_sufficiency@v4", "schema": "SufficiencyAssessment", "tokens": 2929, "event": "model_call.done", "query_preview": "What is the kernel-fusion speed-up factor for converting FP32 to INT8 according ", "correlation_id": "01KTVRPE2Z8YRSTE01JGPA3T0M", "level": "info", "timestamp": "2026-06-11T16:37:31.697929Z"}
{"node": "refuse", "event": "start", "query_preview": "What is the kernel-fusion speed-up factor for converting FP32 to INT8 according ", "correlation_id": "01KTVRPE2Z8YRSTE01JGPA3T0M", "level": "info", "timestamp": "2026-06-11T16:37:31.699318Z"}
Authentication error: Langfuse client initialized without public_key. Client will be disabled. Provide a public_key parameter or set LANGFUSE_PUBLIC_KEY environment variable. 
{"node": "retrieve", "query_len": 89, "event": "start", "query_preview": "By how much has NVRTC compilation time improved since CUDA 11.8 for a hello-worl", "correlation_id": "01KTVRQHXKH8EJQ49JTMAV900P", "level": "info", "timestamp": "2026-06-11T16:37:31.700834Z"}
{"query_len": 89, "k": 50, "event": "hybrid.start", "query_preview": "By how much has NVRTC compilation time improved since CUDA 11.8 for a hello-worl", "correlation_id": "01KTVRQHXKH8EJQ49JTMAV900P", "level": "info", "timestamp": "2026-06-11T16:37:31.700872Z"}
{"query_len": 89, "k": 50, "dense": 50, "bm25": 0, "fused": 50, "term": false, "event": "hybrid.done", "query_preview": "By how much has NVRTC compilation time improved since CUDA 11.8 for a hello-worl", "correlation_id": "01KTVRQHXKH8EJQ49JTMAV900P", "level": "info", "timestamp": "2026-06-11T16:37:32.404049Z"}
{"node": "retrieve", "candidate_count": 50, "event": "done", "query_preview": "By how much has NVRTC compilation time improved since CUDA 11.8 for a hello-worl", "correlation_id": "01KTVRQHXKH8EJQ49JTMAV900P", "level": "info", "timestamp": "2026-06-11T16:37:32.404998Z"}
{"node": "expand_graph", "reason": "disabled_or_empty", "event": "skip", "query_preview": "By how much has NVRTC compilation time improved since CUDA 11.8 for a hello-worl", "correlation_id": "01KTVRQHXKH8EJQ49JTMAV900P", "level": "info", "timestamp": "2026-06-11T16:37:32.406281Z"}
{"node": "rerank", "candidate_count": 50, "event": "start", "query_preview": "By how much has NVRTC compilation time improved since CUDA 11.8 for a hello-worl", "correlation_id": "01KTVRQHXKH8EJQ49JTMAV900P", "level": "info", "timestamp": "2026-06-11T16:37:32.406750Z"}
{"node": "rerank", "top_k": 5, "source": "mode", "event": "top_k_resolved", "query_preview": "By how much has NVRTC compilation time improved since CUDA 11.8 for a hello-worl", "correlation_id": "01KTVRQHXKH8EJQ49JTMAV900P", "level": "info", "timestamp": "2026-06-11T16:37:32.406794Z"}
{"candidates": 50, "top_k": 5, "backend": "cross_encoder", "event": "rerank.start", "query_preview": "By how much has NVRTC compilation time improved since CUDA 11.8 for a hello-worl", "correlation_id": "01KTVRQHXKH8EJQ49JTMAV900P", "level": "info", "timestamp": "2026-06-11T16:37:32.406815Z"}
{"candidates": 50, "top_k": 5, "backend": "cross_encoder", "returned": 5, "event": "rerank.done", "query_preview": "By how much has NVRTC compilation time improved since CUDA 11.8 for a hello-worl", "correlation_id": "01KTVRQHXKH8EJQ49JTMAV900P", "level": "info", "timestamp": "2026-06-11T16:38:14.071940Z"}
{"node": "rerank", "reranked_count": 5, "event": "done", "query_preview": "By how much has NVRTC compilation time improved since CUDA 11.8 for a hello-worl", "correlation_id": "01KTVRQHXKH8EJQ49JTMAV900P", "level": "info", "timestamp": "2026-06-11T16:38:14.072020Z"}
{"node": "query_tables", "reason": "empty_or_not_table_shaped", "event": "skip", "query_preview": "By how much has NVRTC compilation time improved since CUDA 11.8 for a hello-worl", "correlation_id": "01KTVRQHXKH8EJQ49JTMAV900P", "level": "info", "timestamp": "2026-06-11T16:38:14.074041Z"}
{"node": "assess", "reranked_count": 5, "event": "start", "query_preview": "By how much has NVRTC compilation time improved since CUDA 11.8 for a hello-worl", "correlation_id": "01KTVRQHXKH8EJQ49JTMAV900P", "level": "info", "timestamp": "2026-06-11T16:38:14.074686Z"}
{"prompt_tag": "assess_sufficiency@v4", "schema": "SufficiencyAssessment", "model": "cyankiwi/Qwen3.5-4B-AWQ-4bit", "max_tokens": 1024, "temperature": 0.1, "top_p": 0.8, "presence_penalty": 1.0, "seed": 42, "message_count": 1, "event": "model_call.start", "query_preview": "By how much has NVRTC compilation time improved since CUDA 11.8 for a hello-worl", "correlation_id": "01KTVRQHXKH8EJQ49JTMAV900P", "level": "info", "timestamp": "2026-06-11T16:38:14.076238Z"}
Authentication error: Langfuse client initialized without public_key. Client will be disabled. Provide a public_key parameter or set LANGFUSE_PUBLIC_KEY environment variable. 
{"prompt_tag": "assess_sufficiency@v4", "schema": "SufficiencyAssessment", "tokens": 2705, "event": "model_call.done", "query_preview": "By how much has NVRTC compilation time improved since CUDA 11.8 for a hello-worl", "correlation_id": "01KTVRQHXKH8EJQ49JTMAV900P", "level": "info", "timestamp": "2026-06-11T16:38:15.053724Z"}
{"node": "answer", "regenerate_attempt": 0, "event": "start", "query_preview": "By how much has NVRTC compilation time improved since CUDA 11.8 for a hello-worl", "correlation_id": "01KTVRQHXKH8EJQ49JTMAV900P", "level": "info", "timestamp": "2026-06-11T16:38:15.055100Z"}
{"prompt_tag": "answer@v5", "schema": "DraftAnswer", "model": "cyankiwi/Qwen3.5-4B-AWQ-4bit", "max_tokens": 1800, "temperature": 0.1, "top_p": 0.8, "presence_penalty": 1.0, "seed": 42, "message_count": 2, "event": "model_call.start", "query_preview": "By how much has NVRTC compilation time improved since CUDA 11.8 for a hello-worl", "correlation_id": "01KTVRQHXKH8EJQ49JTMAV900P", "level": "info", "timestamp": "2026-06-11T16:38:15.057133Z"}
Authentication error: Langfuse client initialized without public_key. Client will be disabled. Provide a public_key parameter or set LANGFUSE_PUBLIC_KEY environment variable. 
{"prompt_tag": "answer@v5", "schema": "DraftAnswer", "tokens": 4257, "event": "model_call.done", "query_preview": "By how much has NVRTC compilation time improved since CUDA 11.8 for a hello-worl", "correlation_id": "01KTVRQHXKH8EJQ49JTMAV900P", "level": "info", "timestamp": "2026-06-11T16:38:15.897240Z"}
{"node": "verify", "claim_count": 0, "event": "start", "query_preview": "By how much has NVRTC compilation time improved since CUDA 11.8 for a hello-worl", "correlation_id": "01KTVRQHXKH8EJQ49JTMAV900P", "level": "info", "timestamp": "2026-06-11T16:38:15.898198Z"}
{"node": "verify", "event": "empty_draft_shortcircuit", "query_preview": "By how much has NVRTC compilation time improved since CUDA 11.8 for a hello-worl", "correlation_id": "01KTVRQHXKH8EJQ49JTMAV900P", "level": "info", "timestamp": "2026-06-11T16:38:15.898242Z"}
{"node": "assess_relevance", "event": "start", "query_preview": "By how much has NVRTC compilation time improved since CUDA 11.8 for a hello-worl", "correlation_id": "01KTVRQHXKH8EJQ49JTMAV900P", "level": "info", "timestamp": "2026-06-11T16:38:15.899315Z"}
{"prompt_tag": "assess_relevance@v3", "schema": "RelevanceAssessment", "model": "cyankiwi/Qwen3.5-4B-AWQ-4bit", "max_tokens": 1024, "temperature": 0.1, "top_p": 0.8, "presence_penalty": 1.0, "seed": 42, "message_count": 1, "event": "model_call.start", "query_preview": "By how much has NVRTC compilation time improved since CUDA 11.8 for a hello-worl", "correlation_id": "01KTVRQHXKH8EJQ49JTMAV900P", "level": "info", "timestamp": "2026-06-11T16:38:15.900708Z"}
Authentication error: Langfuse client initialized without public_key. Client will be disabled. Provide a public_key parameter or set LANGFUSE_PUBLIC_KEY environment variable. 
{"prompt_tag": "assess_relevance@v3", "schema": "RelevanceAssessment", "tokens": 843, "event": "model_call.done", "query_preview": "By how much has NVRTC compilation time improved since CUDA 11.8 for a hello-worl", "correlation_id": "01KTVRQHXKH8EJQ49JTMAV900P", "level": "info", "timestamp": "2026-06-11T16:38:16.438177Z"}
{"node": "assess_relevance", "responsive": false, "event": "relevance", "query_preview": "By how much has NVRTC compilation time improved since CUDA 11.8 for a hello-worl", "correlation_id": "01KTVRQHXKH8EJQ49JTMAV900P", "level": "info", "timestamp": "2026-06-11T16:38:16.438258Z"}
{"node": "refuse", "event": "start", "query_preview": "By how much has NVRTC compilation time improved since CUDA 11.8 for a hello-worl", "correlation_id": "01KTVRQHXKH8EJQ49JTMAV900P", "level": "info", "timestamp": "2026-06-11T16:38:16.439611Z"}
Authentication error: Langfuse client initialized without public_key. Client will be disabled. Provide a public_key parameter or set LANGFUSE_PUBLIC_KEY environment variable. 
{"node": "retrieve", "query_len": 150, "event": "start", "query_preview": "In the deck's basic kernel-fusion example, how many kernel launches does the unf", "correlation_id": "01KTVRRXKRG0PCKG3EK476A04S", "level": "info", "timestamp": "2026-06-11T16:38:16.441763Z"}
{"query_len": 150, "k": 50, "event": "hybrid.start", "query_preview": "In the deck's basic kernel-fusion example, how many kernel launches does the unf", "correlation_id": "01KTVRRXKRG0PCKG3EK476A04S", "level": "info", "timestamp": "2026-06-11T16:38:16.441807Z"}
{"query_len": 150, "k": 50, "dense": 50, "bm25": 0, "fused": 50, "term": false, "event": "hybrid.done", "query_preview": "In the deck's basic kernel-fusion example, how many kernel launches does the unf", "correlation_id": "01KTVRRXKRG0PCKG3EK476A04S", "level": "info", "timestamp": "2026-06-11T16:38:16.537196Z"}
{"node": "retrieve", "candidate_count": 50, "event": "done", "query_preview": "In the deck's basic kernel-fusion example, how many kernel launches does the unf", "correlation_id": "01KTVRRXKRG0PCKG3EK476A04S", "level": "info", "timestamp": "2026-06-11T16:38:16.538123Z"}
{"node": "expand_graph", "reason": "disabled_or_empty", "event": "skip", "query_preview": "In the deck's basic kernel-fusion example, how many kernel launches does the unf", "correlation_id": "01KTVRRXKRG0PCKG3EK476A04S", "level": "info", "timestamp": "2026-06-11T16:38:16.539466Z"}
{"node": "rerank", "candidate_count": 50, "event": "start", "query_preview": "In the deck's basic kernel-fusion example, how many kernel launches does the unf", "correlation_id": "01KTVRRXKRG0PCKG3EK476A04S", "level": "info", "timestamp": "2026-06-11T16:38:16.539985Z"}
{"node": "rerank", "top_k": 5, "source": "mode", "event": "top_k_resolved", "query_preview": "In the deck's basic kernel-fusion example, how many kernel launches does the unf", "correlation_id": "01KTVRRXKRG0PCKG3EK476A04S", "level": "info", "timestamp": "2026-06-11T16:38:16.540034Z"}
{"candidates": 50, "top_k": 5, "backend": "cross_encoder", "event": "rerank.start", "query_preview": "In the deck's basic kernel-fusion example, how many kernel launches does the unf", "correlation_id": "01KTVRRXKRG0PCKG3EK476A04S", "level": "info", "timestamp": "2026-06-11T16:38:16.540057Z"}
{"candidates": 50, "top_k": 5, "backend": "cross_encoder", "returned": 5, "event": "rerank.done", "query_preview": "In the deck's basic kernel-fusion example, how many kernel launches does the unf", "correlation_id": "01KTVRRXKRG0PCKG3EK476A04S", "level": "info", "timestamp": "2026-06-11T16:38:50.866039Z"}
{"node": "rerank", "reranked_count": 5, "event": "done", "query_preview": "In the deck's basic kernel-fusion example, how many kernel launches does the unf", "correlation_id": "01KTVRRXKRG0PCKG3EK476A04S", "level": "info", "timestamp": "2026-06-11T16:38:50.868854Z"}
{"prompt_tag": "generate_table_sql@v1", "schema": "GeneratedSQL", "model": "cyankiwi/Qwen3.5-4B-AWQ-4bit", "max_tokens": 1024, "temperature": 0.1, "top_p": 0.8, "presence_penalty": 1.0, "seed": 42, "message_count": 1, "event": "model_call.start", "query_preview": "In the deck's basic kernel-fusion example, how many kernel launches does the unf", "correlation_id": "01KTVRRXKRG0PCKG3EK476A04S", "level": "info", "timestamp": "2026-06-11T16:38:50.876247Z"}
Authentication error: Langfuse client initialized without public_key. Client will be disabled. Provide a public_key parameter or set LANGFUSE_PUBLIC_KEY environment variable. 
{"prompt_tag": "generate_table_sql@v1", "schema": "GeneratedSQL", "tokens": 2057, "event": "model_call.done", "query_preview": "In the deck's basic kernel-fusion example, how many kernel launches does the unf", "correlation_id": "01KTVRRXKRG0PCKG3EK476A04S", "level": "info", "timestamp": "2026-06-11T16:38:51.891377Z"}
{"node": "query_doc_tables", "sql": "SELECT * FROM c_3e19286405 WHERE precision = 'FP32' AND operation = 'FMA' ORDER BY energy_per_flop_matrix_multiply__num ASC LIMIT 1", "target": "c_3e19286405", "event": "table_sql.generated", "query_preview": "In the deck's basic kernel-fusion example, how many kernel launches does the unf", "correlation_id": "01KTVRRXKRG0PCKG3EK476A04S", "level": "info", "timestamp": "2026-06-11T16:38:51.891439Z"}
{"node": "query_doc_tables", "target": "c_3e19286405", "event": "table_sql.no_result", "query_preview": "In the deck's basic kernel-fusion example, how many kernel launches does the unf", "correlation_id": "01KTVRRXKRG0PCKG3EK476A04S", "level": "info", "timestamp": "2026-06-11T16:38:51.892958Z"}
{"node": "query_tables", "event": "no_table_answer", "query_preview": "In the deck's basic kernel-fusion example, how many kernel launches does the unf", "correlation_id": "01KTVRRXKRG0PCKG3EK476A04S", "level": "info", "timestamp": "2026-06-11T16:38:51.893226Z"}
{"node": "assess", "reranked_count": 5, "event": "start", "query_preview": "In the deck's basic kernel-fusion example, how many kernel launches does the unf", "correlation_id": "01KTVRRXKRG0PCKG3EK476A04S", "level": "info", "timestamp": "2026-06-11T16:38:51.893951Z"}
{"prompt_tag": "assess_sufficiency@v4", "schema": "SufficiencyAssessment", "model": "cyankiwi/Qwen3.5-4B-AWQ-4bit", "max_tokens": 1024, "temperature": 0.1, "top_p": 0.8, "presence_penalty": 1.0, "seed": 42, "message_count": 1, "event": "model_call.start", "query_preview": "In the deck's basic kernel-fusion example, how many kernel launches does the unf", "correlation_id": "01KTVRRXKRG0PCKG3EK476A04S", "level": "info", "timestamp": "2026-06-11T16:38:51.895246Z"}
Authentication error: Langfuse client initialized without public_key. Client will be disabled. Provide a public_key parameter or set LANGFUSE_PUBLIC_KEY environment variable. 
{"prompt_tag": "assess_sufficiency@v4", "schema": "SufficiencyAssessment", "tokens": 1689, "event": "model_call.done", "query_preview": "In the deck's basic kernel-fusion example, how many kernel launches does the unf", "correlation_id": "01KTVRRXKRG0PCKG3EK476A04S", "level": "info", "timestamp": "2026-06-11T16:38:52.625079Z"}
{"node": "answer", "regenerate_attempt": 0, "event": "start", "query_preview": "In the deck's basic kernel-fusion example, how many kernel launches does the unf", "correlation_id": "01KTVRRXKRG0PCKG3EK476A04S", "level": "info", "timestamp": "2026-06-11T16:38:52.626176Z"}
{"prompt_tag": "answer@v5", "schema": "DraftAnswer", "model": "cyankiwi/Qwen3.5-4B-AWQ-4bit", "max_tokens": 1800, "temperature": 0.1, "top_p": 0.8, "presence_penalty": 1.0, "seed": 42, "message_count": 2, "event": "model_call.start", "query_preview": "In the deck's basic kernel-fusion example, how many kernel launches does the unf", "correlation_id": "01KTVRRXKRG0PCKG3EK476A04S", "level": "info", "timestamp": "2026-06-11T16:38:52.628113Z"}
Authentication error: Langfuse client initialized without public_key. Client will be disabled. Provide a public_key parameter or set LANGFUSE_PUBLIC_KEY environment variable. 
{"prompt_tag": "answer@v5", "schema": "DraftAnswer", "tokens": 3254, "event": "model_call.done", "query_preview": "In the deck's basic kernel-fusion example, how many kernel launches does the unf", "correlation_id": "01KTVRRXKRG0PCKG3EK476A04S", "level": "info", "timestamp": "2026-06-11T16:38:53.405785Z"}
{"node": "verify", "claim_count": 0, "event": "start", "query_preview": "In the deck's basic kernel-fusion example, how many kernel launches does the unf", "correlation_id": "01KTVRRXKRG0PCKG3EK476A04S", "level": "info", "timestamp": "2026-06-11T16:38:53.406631Z"}
{"node": "verify", "event": "empty_draft_shortcircuit", "query_preview": "In the deck's basic kernel-fusion example, how many kernel launches does the unf", "correlation_id": "01KTVRRXKRG0PCKG3EK476A04S", "level": "info", "timestamp": "2026-06-11T16:38:53.406662Z"}
{"node": "assess_relevance", "event": "start", "query_preview": "In the deck's basic kernel-fusion example, how many kernel launches does the unf", "correlation_id": "01KTVRRXKRG0PCKG3EK476A04S", "level": "info", "timestamp": "2026-06-11T16:38:53.407552Z"}
{"prompt_tag": "assess_relevance@v3", "schema": "RelevanceAssessment", "model": "cyankiwi/Qwen3.5-4B-AWQ-4bit", "max_tokens": 1024, "temperature": 0.1, "top_p": 0.8, "presence_penalty": 1.0, "seed": 42, "message_count": 1, "event": "model_call.start", "query_preview": "In the deck's basic kernel-fusion example, how many kernel launches does the unf", "correlation_id": "01KTVRRXKRG0PCKG3EK476A04S", "level": "info", "timestamp": "2026-06-11T16:38:53.408532Z"}
Authentication error: Langfuse client initialized without public_key. Client will be disabled. Provide a public_key parameter or set LANGFUSE_PUBLIC_KEY environment variable. 
{"prompt_tag": "assess_relevance@v3", "schema": "RelevanceAssessment", "tokens": 858, "event": "model_call.done", "query_preview": "In the deck's basic kernel-fusion example, how many kernel launches does the unf", "correlation_id": "01KTVRRXKRG0PCKG3EK476A04S", "level": "info", "timestamp": "2026-06-11T16:38:53.819593Z"}
{"node": "assess_relevance", "responsive": false, "event": "relevance", "query_preview": "In the deck's basic kernel-fusion example, how many kernel launches does the unf", "correlation_id": "01KTVRRXKRG0PCKG3EK476A04S", "level": "info", "timestamp": "2026-06-11T16:38:53.819659Z"}
{"node": "refuse", "event": "start", "query_preview": "In the deck's basic kernel-fusion example, how many kernel launches does the unf", "correlation_id": "01KTVRRXKRG0PCKG3EK476A04S", "level": "info", "timestamp": "2026-06-11T16:38:53.820802Z"}
Authentication error: Langfuse client initialized without public_key. Client will be disabled. Provide a public_key parameter or set LANGFUSE_PUBLIC_KEY environment variable. 
{"node": "retrieve", "query_len": 70, "event": "start", "query_preview": "What is the NVLink C2C bandwidth between the Grace CPU and Hopper GPU?", "correlation_id": "01KTVRT23X7ETXNY6TS7YPTS9H", "level": "info", "timestamp": "2026-06-11T16:38:53.822375Z"}
{"query_len": 70, "k": 50, "event": "hybrid.start", "query_preview": "What is the NVLink C2C bandwidth between the Grace CPU and Hopper GPU?", "correlation_id": "01KTVRT23X7ETXNY6TS7YPTS9H", "level": "info", "timestamp": "2026-06-11T16:38:53.822413Z"}
{"query_len": 70, "k": 50, "dense": 50, "bm25": 0, "fused": 50, "term": false, "event": "hybrid.done", "query_preview": "What is the NVLink C2C bandwidth between the Grace CPU and Hopper GPU?", "correlation_id": "01KTVRT23X7ETXNY6TS7YPTS9H", "level": "info", "timestamp": "2026-06-11T16:38:53.897324Z"}
{"node": "retrieve", "candidate_count": 50, "event": "done", "query_preview": "What is the NVLink C2C bandwidth between the Grace CPU and Hopper GPU?", "correlation_id": "01KTVRT23X7ETXNY6TS7YPTS9H", "level": "info", "timestamp": "2026-06-11T16:38:53.898253Z"}
{"node": "expand_graph", "reason": "disabled_or_empty", "event": "skip", "query_preview": "What is the NVLink C2C bandwidth between the Grace CPU and Hopper GPU?", "correlation_id": "01KTVRT23X7ETXNY6TS7YPTS9H", "level": "info", "timestamp": "2026-06-11T16:38:53.899529Z"}
{"node": "rerank", "candidate_count": 50, "event": "start", "query_preview": "What is the NVLink C2C bandwidth between the Grace CPU and Hopper GPU?", "correlation_id": "01KTVRT23X7ETXNY6TS7YPTS9H", "level": "info", "timestamp": "2026-06-11T16:38:53.899992Z"}
{"node": "rerank", "top_k": 5, "source": "mode", "event": "top_k_resolved", "query_preview": "What is the NVLink C2C bandwidth between the Grace CPU and Hopper GPU?", "correlation_id": "01KTVRT23X7ETXNY6TS7YPTS9H", "level": "info", "timestamp": "2026-06-11T16:38:53.900040Z"}
{"candidates": 50, "top_k": 5, "backend": "cross_encoder", "event": "rerank.start", "query_preview": "What is the NVLink C2C bandwidth between the Grace CPU and Hopper GPU?", "correlation_id": "01KTVRT23X7ETXNY6TS7YPTS9H", "level": "info", "timestamp": "2026-06-11T16:38:53.900066Z"}
{"candidates": 50, "top_k": 5, "backend": "cross_encoder", "returned": 5, "event": "rerank.done", "query_preview": "What is the NVLink C2C bandwidth between the Grace CPU and Hopper GPU?", "correlation_id": "01KTVRT23X7ETXNY6TS7YPTS9H", "level": "info", "timestamp": "2026-06-11T16:39:25.665483Z"}
{"node": "rerank", "reranked_count": 5, "event": "done", "query_preview": "What is the NVLink C2C bandwidth between the Grace CPU and Hopper GPU?", "correlation_id": "01KTVRT23X7ETXNY6TS7YPTS9H", "level": "info", "timestamp": "2026-06-11T16:39:25.665560Z"}
{"node": "query_tables", "reason": "empty_or_not_table_shaped", "event": "skip", "query_preview": "What is the NVLink C2C bandwidth between the Grace CPU and Hopper GPU?", "correlation_id": "01KTVRT23X7ETXNY6TS7YPTS9H", "level": "info", "timestamp": "2026-06-11T16:39:25.667224Z"}
{"node": "assess", "reranked_count": 5, "event": "start", "query_preview": "What is the NVLink C2C bandwidth between the Grace CPU and Hopper GPU?", "correlation_id": "01KTVRT23X7ETXNY6TS7YPTS9H", "level": "info", "timestamp": "2026-06-11T16:39:25.667805Z"}
{"prompt_tag": "assess_sufficiency@v4", "schema": "SufficiencyAssessment", "model": "cyankiwi/Qwen3.5-4B-AWQ-4bit", "max_tokens": 1024, "temperature": 0.1, "top_p": 0.8, "presence_penalty": 1.0, "seed": 42, "message_count": 1, "event": "model_call.start", "query_preview": "What is the NVLink C2C bandwidth between the Grace CPU and Hopper GPU?", "correlation_id": "01KTVRT23X7ETXNY6TS7YPTS9H", "level": "info", "timestamp": "2026-06-11T16:39:25.669271Z"}
Authentication error: Langfuse client initialized without public_key. Client will be disabled. Provide a public_key parameter or set LANGFUSE_PUBLIC_KEY environment variable. 
{"prompt_tag": "assess_sufficiency@v4", "schema": "SufficiencyAssessment", "tokens": 1552, "event": "model_call.done", "query_preview": "What is the NVLink C2C bandwidth between the Grace CPU and Hopper GPU?", "correlation_id": "01KTVRT23X7ETXNY6TS7YPTS9H", "level": "info", "timestamp": "2026-06-11T16:39:26.385100Z"}
{"node": "answer", "regenerate_attempt": 0, "event": "start", "query_preview": "What is the NVLink C2C bandwidth between the Grace CPU and Hopper GPU?", "correlation_id": "01KTVRT23X7ETXNY6TS7YPTS9H", "level": "info", "timestamp": "2026-06-11T16:39:26.386695Z"}
{"prompt_tag": "answer@v5", "schema": "DraftAnswer", "model": "cyankiwi/Qwen3.5-4B-AWQ-4bit", "max_tokens": 1800, "temperature": 0.1, "top_p": 0.8, "presence_penalty": 1.0, "seed": 42, "message_count": 2, "event": "model_call.start", "query_preview": "What is the NVLink C2C bandwidth between the Grace CPU and Hopper GPU?", "correlation_id": "01KTVRT23X7ETXNY6TS7YPTS9H", "level": "info", "timestamp": "2026-06-11T16:39:26.389392Z"}
Authentication error: Langfuse client initialized without public_key. Client will be disabled. Provide a public_key parameter or set LANGFUSE_PUBLIC_KEY environment variable. 
{"prompt_tag": "answer@v5", "schema": "DraftAnswer", "tokens": 3309, "event": "model_call.done", "query_preview": "What is the NVLink C2C bandwidth between the Grace CPU and Hopper GPU?", "correlation_id": "01KTVRT23X7ETXNY6TS7YPTS9H", "level": "info", "timestamp": "2026-06-11T16:39:28.827819Z"}
{"node": "verify", "claim_count": 2, "event": "start", "query_preview": "What is the NVLink C2C bandwidth between the Grace CPU and Hopper GPU?", "correlation_id": "01KTVRT23X7ETXNY6TS7YPTS9H", "level": "info", "timestamp": "2026-06-11T16:39:28.828714Z"}
{"prompt_tag": "verify_grounding@v2", "schema": "VerificationResult", "model": "cyankiwi/Qwen3.5-4B-AWQ-4bit", "max_tokens": 1024, "temperature": 0.1, "top_p": 0.8, "presence_penalty": 1.0, "seed": 42, "message_count": 1, "event": "model_call.start", "query_preview": "What is the NVLink C2C bandwidth between the Grace CPU and Hopper GPU?", "correlation_id": "01KTVRT23X7ETXNY6TS7YPTS9H", "level": "info", "timestamp": "2026-06-11T16:39:28.833003Z"}
Authentication error: Langfuse client initialized without public_key. Client will be disabled. Provide a public_key parameter or set LANGFUSE_PUBLIC_KEY environment variable. 
{"prompt_tag": "verify_grounding@v2", "schema": "VerificationResult", "tokens": 1566, "event": "model_call.done", "query_preview": "What is the NVLink C2C bandwidth between the Grace CPU and Hopper GPU?", "correlation_id": "01KTVRT23X7ETXNY6TS7YPTS9H", "level": "info", "timestamp": "2026-06-11T16:39:29.276524Z"}
{"node": "assess_relevance", "event": "start", "query_preview": "What is the NVLink C2C bandwidth between the Grace CPU and Hopper GPU?", "correlation_id": "01KTVRT23X7ETXNY6TS7YPTS9H", "level": "info", "timestamp": "2026-06-11T16:39:29.277828Z"}
{"prompt_tag": "assess_relevance@v3", "schema": "RelevanceAssessment", "model": "cyankiwi/Qwen3.5-4B-AWQ-4bit", "max_tokens": 1024, "temperature": 0.1, "top_p": 0.8, "presence_penalty": 1.0, "seed": 42, "message_count": 1, "event": "model_call.start", "query_preview": "What is the NVLink C2C bandwidth between the Grace CPU and Hopper GPU?", "correlation_id": "01KTVRT23X7ETXNY6TS7YPTS9H", "level": "info", "timestamp": "2026-06-11T16:39:29.278815Z"}
Authentication error: Langfuse client initialized without public_key. Client will be disabled. Provide a public_key parameter or set LANGFUSE_PUBLIC_KEY environment variable. 
{"prompt_tag": "assess_relevance@v3", "schema": "RelevanceAssessment", "tokens": 890, "event": "model_call.done", "query_preview": "What is the NVLink C2C bandwidth between the Grace CPU and Hopper GPU?", "correlation_id": "01KTVRT23X7ETXNY6TS7YPTS9H", "level": "info", "timestamp": "2026-06-11T16:39:29.718358Z"}
{"node": "assess_relevance", "responsive": true, "event": "relevance", "query_preview": "What is the NVLink C2C bandwidth between the Grace CPU and Hopper GPU?", "correlation_id": "01KTVRT23X7ETXNY6TS7YPTS9H", "level": "info", "timestamp": "2026-06-11T16:39:29.718420Z"}
{"node": "compose", "event": "start", "query_preview": "What is the NVLink C2C bandwidth between the Grace CPU and Hopper GPU?", "correlation_id": "01KTVRT23X7ETXNY6TS7YPTS9H", "level": "info", "timestamp": "2026-06-11T16:39:29.719551Z"}
Authentication error: Langfuse client initialized without public_key. Client will be disabled. Provide a public_key parameter or set LANGFUSE_PUBLIC_KEY environment variable. 
{"node": "retrieve", "query_len": 82, "event": "start", "query_preview": "Which two programming-language abstractions does CUTLASS provide for tensor core", "correlation_id": "01KTVRV55RVZ3MV6J0YGS4G0BW", "level": "info", "timestamp": "2026-06-11T16:39:29.721107Z"}
{"query_len": 82, "k": 50, "event": "hybrid.start", "query_preview": "Which two programming-language abstractions does CUTLASS provide for tensor core", "correlation_id": "01KTVRV55RVZ3MV6J0YGS4G0BW", "level": "info", "timestamp": "2026-06-11T16:39:29.721146Z"}
{"query_len": 82, "k": 50, "dense": 50, "bm25": 0, "fused": 50, "term": false, "event": "hybrid.done", "query_preview": "Which two programming-language abstractions does CUTLASS provide for tensor core", "correlation_id": "01KTVRV55RVZ3MV6J0YGS4G0BW", "level": "info", "timestamp": "2026-06-11T16:39:29.793008Z"}
{"node": "retrieve", "candidate_count": 50, "event": "done", "query_preview": "Which two programming-language abstractions does CUTLASS provide for tensor core", "correlation_id": "01KTVRV55RVZ3MV6J0YGS4G0BW", "level": "info", "timestamp": "2026-06-11T16:39:29.793979Z"}
{"node": "expand_graph", "reason": "disabled_or_empty", "event": "skip", "query_preview": "Which two programming-language abstractions does CUTLASS provide for tensor core", "correlation_id": "01KTVRV55RVZ3MV6J0YGS4G0BW", "level": "info", "timestamp": "2026-06-11T16:39:29.795265Z"}
{"node": "rerank", "candidate_count": 50, "event": "start", "query_preview": "Which two programming-language abstractions does CUTLASS provide for tensor core", "correlation_id": "01KTVRV55RVZ3MV6J0YGS4G0BW", "level": "info", "timestamp": "2026-06-11T16:39:29.795875Z"}
{"node": "rerank", "top_k": 5, "source": "mode", "event": "top_k_resolved", "query_preview": "Which two programming-language abstractions does CUTLASS provide for tensor core", "correlation_id": "01KTVRV55RVZ3MV6J0YGS4G0BW", "level": "info", "timestamp": "2026-06-11T16:39:29.795923Z"}
{"candidates": 50, "top_k": 5, "backend": "cross_encoder", "event": "rerank.start", "query_preview": "Which two programming-language abstractions does CUTLASS provide for tensor core", "correlation_id": "01KTVRV55RVZ3MV6J0YGS4G0BW", "level": "info", "timestamp": "2026-06-11T16:39:29.795945Z"}
{"candidates": 50, "top_k": 5, "backend": "cross_encoder", "returned": 5, "event": "rerank.done", "query_preview": "Which two programming-language abstractions does CUTLASS provide for tensor core", "correlation_id": "01KTVRV55RVZ3MV6J0YGS4G0BW", "level": "info", "timestamp": "2026-06-11T16:40:02.111709Z"}
{"node": "rerank", "reranked_count": 5, "event": "done", "query_preview": "Which two programming-language abstractions does CUTLASS provide for tensor core", "correlation_id": "01KTVRV55RVZ3MV6J0YGS4G0BW", "level": "info", "timestamp": "2026-06-11T16:40:02.116343Z"}
{"node": "query_tables", "reason": "empty_or_not_table_shaped", "event": "skip", "query_preview": "Which two programming-language abstractions does CUTLASS provide for tensor core", "correlation_id": "01KTVRV55RVZ3MV6J0YGS4G0BW", "level": "info", "timestamp": "2026-06-11T16:40:02.118876Z"}
{"node": "assess", "reranked_count": 5, "event": "start", "query_preview": "Which two programming-language abstractions does CUTLASS provide for tensor core", "correlation_id": "01KTVRV55RVZ3MV6J0YGS4G0BW", "level": "info", "timestamp": "2026-06-11T16:40:02.119769Z"}
{"prompt_tag": "assess_sufficiency@v4", "schema": "SufficiencyAssessment", "model": "cyankiwi/Qwen3.5-4B-AWQ-4bit", "max_tokens": 1024, "temperature": 0.1, "top_p": 0.8, "presence_penalty": 1.0, "seed": 42, "message_count": 1, "event": "model_call.start", "query_preview": "Which two programming-language abstractions does CUTLASS provide for tensor core", "correlation_id": "01KTVRV55RVZ3MV6J0YGS4G0BW", "level": "info", "timestamp": "2026-06-11T16:40:02.121408Z"}
Authentication error: Langfuse client initialized without public_key. Client will be disabled. Provide a public_key parameter or set LANGFUSE_PUBLIC_KEY environment variable. 
{"prompt_tag": "assess_sufficiency@v4", "schema": "SufficiencyAssessment", "tokens": 980, "event": "model_call.done", "query_preview": "Which two programming-language abstractions does CUTLASS provide for tensor core", "correlation_id": "01KTVRV55RVZ3MV6J0YGS4G0BW", "level": "info", "timestamp": "2026-06-11T16:40:02.642494Z"}
{"node": "answer", "regenerate_attempt": 0, "event": "start", "query_preview": "Which two programming-language abstractions does CUTLASS provide for tensor core", "correlation_id": "01KTVRV55RVZ3MV6J0YGS4G0BW", "level": "info", "timestamp": "2026-06-11T16:40:02.644151Z"}
{"prompt_tag": "answer@v5", "schema": "DraftAnswer", "model": "cyankiwi/Qwen3.5-4B-AWQ-4bit", "max_tokens": 1800, "temperature": 0.1, "top_p": 0.8, "presence_penalty": 1.0, "seed": 42, "message_count": 2, "event": "model_call.start", "query_preview": "Which two programming-language abstractions does CUTLASS provide for tensor core", "correlation_id": "01KTVRV55RVZ3MV6J0YGS4G0BW", "level": "info", "timestamp": "2026-06-11T16:40:02.646869Z"}
Authentication error: Langfuse client initialized without public_key. Client will be disabled. Provide a public_key parameter or set LANGFUSE_PUBLIC_KEY environment variable. 
{"prompt_tag": "answer@v5", "schema": "DraftAnswer", "tokens": 2623, "event": "model_call.done", "query_preview": "Which two programming-language abstractions does CUTLASS provide for tensor core", "correlation_id": "01KTVRV55RVZ3MV6J0YGS4G0BW", "level": "info", "timestamp": "2026-06-11T16:40:03.868884Z"}
{"node": "verify", "claim_count": 1, "event": "start", "query_preview": "Which two programming-language abstractions does CUTLASS provide for tensor core", "correlation_id": "01KTVRV55RVZ3MV6J0YGS4G0BW", "level": "info", "timestamp": "2026-06-11T16:40:03.869985Z"}
{"prompt_tag": "verify_grounding@v2", "schema": "VerificationResult", "model": "cyankiwi/Qwen3.5-4B-AWQ-4bit", "max_tokens": 1024, "temperature": 0.1, "top_p": 0.8, "presence_penalty": 1.0, "seed": 42, "message_count": 1, "event": "model_call.start", "query_preview": "Which two programming-language abstractions does CUTLASS provide for tensor core", "correlation_id": "01KTVRV55RVZ3MV6J0YGS4G0BW", "level": "info", "timestamp": "2026-06-11T16:40:03.874573Z"}
Authentication error: Langfuse client initialized without public_key. Client will be disabled. Provide a public_key parameter or set LANGFUSE_PUBLIC_KEY environment variable. 
{"prompt_tag": "verify_grounding@v2", "schema": "VerificationResult", "tokens": 912, "event": "model_call.done", "query_preview": "Which two programming-language abstractions does CUTLASS provide for tensor core", "correlation_id": "01KTVRV55RVZ3MV6J0YGS4G0BW", "level": "info", "timestamp": "2026-06-11T16:40:04.198661Z"}
{"node": "assess_relevance", "event": "start", "query_preview": "Which two programming-language abstractions does CUTLASS provide for tensor core", "correlation_id": "01KTVRV55RVZ3MV6J0YGS4G0BW", "level": "info", "timestamp": "2026-06-11T16:40:04.200632Z"}
{"prompt_tag": "assess_relevance@v3", "schema": "RelevanceAssessment", "model": "cyankiwi/Qwen3.5-4B-AWQ-4bit", "max_tokens": 1024, "temperature": 0.1, "top_p": 0.8, "presence_penalty": 1.0, "seed": 42, "message_count": 1, "event": "model_call.start", "query_preview": "Which two programming-language abstractions does CUTLASS provide for tensor core", "correlation_id": "01KTVRV55RVZ3MV6J0YGS4G0BW", "level": "info", "timestamp": "2026-06-11T16:40:04.201914Z"}
Authentication error: Langfuse client initialized without public_key. Client will be disabled. Provide a public_key parameter or set LANGFUSE_PUBLIC_KEY environment variable. 
{"prompt_tag": "assess_relevance@v3", "schema": "RelevanceAssessment", "tokens": 827, "event": "model_call.done", "query_preview": "Which two programming-language abstractions does CUTLASS provide for tensor core", "correlation_id": "01KTVRV55RVZ3MV6J0YGS4G0BW", "level": "info", "timestamp": "2026-06-11T16:40:04.595325Z"}
{"node": "assess_relevance", "responsive": true, "event": "relevance", "query_preview": "Which two programming-language abstractions does CUTLASS provide for tensor core", "correlation_id": "01KTVRV55RVZ3MV6J0YGS4G0BW", "level": "info", "timestamp": "2026-06-11T16:40:04.595378Z"}
{"node": "compose", "event": "start", "query_preview": "Which two programming-language abstractions does CUTLASS provide for tensor core", "correlation_id": "01KTVRV55RVZ3MV6J0YGS4G0BW", "level": "info", "timestamp": "2026-06-11T16:40:04.597024Z"}
Authentication error: Langfuse client initialized without public_key. Client will be disabled. Provide a public_key parameter or set LANGFUSE_PUBLIC_KEY environment variable. 
{"node": "retrieve", "query_len": 112, "event": "start", "query_preview": "What new NVRTC flag reduces front-end compilation time by excluding rarely-used ", "correlation_id": "01KTVRW77N9B9GZ3H5N87HYDRR", "level": "info", "timestamp": "2026-06-11T16:40:04.598979Z"}
{"query_len": 112, "k": 50, "event": "hybrid.start", "query_preview": "What new NVRTC flag reduces front-end compilation time by excluding rarely-used ", "correlation_id": "01KTVRW77N9B9GZ3H5N87HYDRR", "level": "info", "timestamp": "2026-06-11T16:40:04.599023Z"}
{"query_len": 112, "k": 50, "dense": 50, "bm25": 0, "fused": 50, "term": false, "event": "hybrid.done", "query_preview": "What new NVRTC flag reduces front-end compilation time by excluding rarely-used ", "correlation_id": "01KTVRW77N9B9GZ3H5N87HYDRR", "level": "info", "timestamp": "2026-06-11T16:40:04.685302Z"}
{"node": "retrieve", "candidate_count": 50, "event": "done", "query_preview": "What new NVRTC flag reduces front-end compilation time by excluding rarely-used ", "correlation_id": "01KTVRW77N9B9GZ3H5N87HYDRR", "level": "info", "timestamp": "2026-06-11T16:40:04.686153Z"}
{"node": "expand_graph", "reason": "disabled_or_empty", "event": "skip", "query_preview": "What new NVRTC flag reduces front-end compilation time by excluding rarely-used ", "correlation_id": "01KTVRW77N9B9GZ3H5N87HYDRR", "level": "info", "timestamp": "2026-06-11T16:40:04.687354Z"}
{"node": "rerank", "candidate_count": 50, "event": "start", "query_preview": "What new NVRTC flag reduces front-end compilation time by excluding rarely-used ", "correlation_id": "01KTVRW77N9B9GZ3H5N87HYDRR", "level": "info", "timestamp": "2026-06-11T16:40:04.687795Z"}
{"node": "rerank", "top_k": 5, "source": "mode", "event": "top_k_resolved", "query_preview": "What new NVRTC flag reduces front-end compilation time by excluding rarely-used ", "correlation_id": "01KTVRW77N9B9GZ3H5N87HYDRR", "level": "info", "timestamp": "2026-06-11T16:40:04.687835Z"}
{"candidates": 50, "top_k": 5, "backend": "cross_encoder", "event": "rerank.start", "query_preview": "What new NVRTC flag reduces front-end compilation time by excluding rarely-used ", "correlation_id": "01KTVRW77N9B9GZ3H5N87HYDRR", "level": "info", "timestamp": "2026-06-11T16:40:04.687855Z"}
{"candidates": 50, "top_k": 5, "backend": "cross_encoder", "returned": 5, "event": "rerank.done", "query_preview": "What new NVRTC flag reduces front-end compilation time by excluding rarely-used ", "correlation_id": "01KTVRW77N9B9GZ3H5N87HYDRR", "level": "info", "timestamp": "2026-06-11T16:40:34.970587Z"}
{"node": "rerank", "reranked_count": 5, "event": "done", "query_preview": "What new NVRTC flag reduces front-end compilation time by excluding rarely-used ", "correlation_id": "01KTVRW77N9B9GZ3H5N87HYDRR", "level": "info", "timestamp": "2026-06-11T16:40:34.970659Z"}
{"node": "query_tables", "reason": "empty_or_not_table_shaped", "event": "skip", "query_preview": "What new NVRTC flag reduces front-end compilation time by excluding rarely-used ", "correlation_id": "01KTVRW77N9B9GZ3H5N87HYDRR", "level": "info", "timestamp": "2026-06-11T16:40:34.972109Z"}
{"node": "assess", "reranked_count": 5, "event": "start", "query_preview": "What new NVRTC flag reduces front-end compilation time by excluding rarely-used ", "correlation_id": "01KTVRW77N9B9GZ3H5N87HYDRR", "level": "info", "timestamp": "2026-06-11T16:40:34.972695Z"}
{"prompt_tag": "assess_sufficiency@v4", "schema": "SufficiencyAssessment", "model": "cyankiwi/Qwen3.5-4B-AWQ-4bit", "max_tokens": 1024, "temperature": 0.1, "top_p": 0.8, "presence_penalty": 1.0, "seed": 42, "message_count": 1, "event": "model_call.start", "query_preview": "What new NVRTC flag reduces front-end compilation time by excluding rarely-used ", "correlation_id": "01KTVRW77N9B9GZ3H5N87HYDRR", "level": "info", "timestamp": "2026-06-11T16:40:34.974103Z"}
Authentication error: Langfuse client initialized without public_key. Client will be disabled. Provide a public_key parameter or set LANGFUSE_PUBLIC_KEY environment variable. 
{"prompt_tag": "assess_sufficiency@v4", "schema": "SufficiencyAssessment", "tokens": 1407, "event": "model_call.done", "query_preview": "What new NVRTC flag reduces front-end compilation time by excluding rarely-used ", "correlation_id": "01KTVRW77N9B9GZ3H5N87HYDRR", "level": "info", "timestamp": "2026-06-11T16:40:35.610228Z"}
{"node": "answer", "regenerate_attempt": 0, "event": "start", "query_preview": "What new NVRTC flag reduces front-end compilation time by excluding rarely-used ", "correlation_id": "01KTVRW77N9B9GZ3H5N87HYDRR", "level": "info", "timestamp": "2026-06-11T16:40:35.611950Z"}
{"prompt_tag": "answer@v5", "schema": "DraftAnswer", "model": "cyankiwi/Qwen3.5-4B-AWQ-4bit", "max_tokens": 1800, "temperature": 0.1, "top_p": 0.8, "presence_penalty": 1.0, "seed": 42, "message_count": 2, "event": "model_call.start", "query_preview": "What new NVRTC flag reduces front-end compilation time by excluding rarely-used ", "correlation_id": "01KTVRW77N9B9GZ3H5N87HYDRR", "level": "info", "timestamp": "2026-06-11T16:40:35.614424Z"}
Authentication error: Langfuse client initialized without public_key. Client will be disabled. Provide a public_key parameter or set LANGFUSE_PUBLIC_KEY environment variable. 
{"prompt_tag": "answer@v5", "schema": "DraftAnswer", "tokens": 3064, "event": "model_call.done", "query_preview": "What new NVRTC flag reduces front-end compilation time by excluding rarely-used ", "correlation_id": "01KTVRW77N9B9GZ3H5N87HYDRR", "level": "info", "timestamp": "2026-06-11T16:40:37.077722Z"}
{"node": "verify", "claim_count": 1, "event": "start", "query_preview": "What new NVRTC flag reduces front-end compilation time by excluding rarely-used ", "correlation_id": "01KTVRW77N9B9GZ3H5N87HYDRR", "level": "info", "timestamp": "2026-06-11T16:40:37.078869Z"}
{"prompt_tag": "verify_grounding@v2", "schema": "VerificationResult", "model": "cyankiwi/Qwen3.5-4B-AWQ-4bit", "max_tokens": 1024, "temperature": 0.1, "top_p": 0.8, "presence_penalty": 1.0, "seed": 42, "message_count": 1, "event": "model_call.start", "query_preview": "What new NVRTC flag reduces front-end compilation time by excluding rarely-used ", "correlation_id": "01KTVRW77N9B9GZ3H5N87HYDRR", "level": "info", "timestamp": "2026-06-11T16:40:37.082410Z"}
Authentication error: Langfuse client initialized without public_key. Client will be disabled. Provide a public_key parameter or set LANGFUSE_PUBLIC_KEY environment variable. 
{"prompt_tag": "verify_grounding@v2", "schema": "VerificationResult", "tokens": 1159, "event": "model_call.done", "query_preview": "What new NVRTC flag reduces front-end compilation time by excluding rarely-used ", "correlation_id": "01KTVRW77N9B9GZ3H5N87HYDRR", "level": "info", "timestamp": "2026-06-11T16:40:37.444238Z"}
{"node": "assess_relevance", "event": "start", "query_preview": "What new NVRTC flag reduces front-end compilation time by excluding rarely-used ", "correlation_id": "01KTVRW77N9B9GZ3H5N87HYDRR", "level": "info", "timestamp": "2026-06-11T16:40:37.445942Z"}
{"prompt_tag": "assess_relevance@v3", "schema": "RelevanceAssessment", "model": "cyankiwi/Qwen3.5-4B-AWQ-4bit", "max_tokens": 1024, "temperature": 0.1, "top_p": 0.8, "presence_penalty": 1.0, "seed": 42, "message_count": 1, "event": "model_call.start", "query_preview": "What new NVRTC flag reduces front-end compilation time by excluding rarely-used ", "correlation_id": "01KTVRW77N9B9GZ3H5N87HYDRR", "level": "info", "timestamp": "2026-06-11T16:40:37.446945Z"}
Authentication error: Langfuse client initialized without public_key. Client will be disabled. Provide a public_key parameter or set LANGFUSE_PUBLIC_KEY environment variable. 
{"prompt_tag": "assess_relevance@v3", "schema": "RelevanceAssessment", "tokens": 852, "event": "model_call.done", "query_preview": "What new NVRTC flag reduces front-end compilation time by excluding rarely-used ", "correlation_id": "01KTVRW77N9B9GZ3H5N87HYDRR", "level": "info", "timestamp": "2026-06-11T16:40:37.838312Z"}
{"node": "assess_relevance", "responsive": true, "event": "relevance", "query_preview": "What new NVRTC flag reduces front-end compilation time by excluding rarely-used ", "correlation_id": "01KTVRW77N9B9GZ3H5N87HYDRR", "level": "info", "timestamp": "2026-06-11T16:40:37.838362Z"}
{"node": "compose", "event": "start", "query_preview": "What new NVRTC flag reduces front-end compilation time by excluding rarely-used ", "correlation_id": "01KTVRW77N9B9GZ3H5N87HYDRR", "level": "info", "timestamp": "2026-06-11T16:40:37.840135Z"}
Authentication error: Langfuse client initialized without public_key. Client will be disabled. Provide a public_key parameter or set LANGFUSE_PUBLIC_KEY environment variable. 
{"node": "retrieve", "query_len": 92, "event": "start", "query_preview": "How much lower are the overheads of the NVRTC '-minimal' flag compared to the de", "correlation_id": "01KTVRX7PG10745CFQJHRXJ3KR", "level": "info", "timestamp": "2026-06-11T16:40:37.842264Z"}
{"query_len": 92, "k": 50, "event": "hybrid.start", "query_preview": "How much lower are the overheads of the NVRTC '-minimal' flag compared to the de", "correlation_id": "01KTVRX7PG10745CFQJHRXJ3KR", "level": "info", "timestamp": "2026-06-11T16:40:37.842307Z"}
{"query_len": 92, "k": 50, "dense": 50, "bm25": 0, "fused": 50, "term": false, "event": "hybrid.done", "query_preview": "How much lower are the overheads of the NVRTC '-minimal' flag compared to the de", "correlation_id": "01KTVRX7PG10745CFQJHRXJ3KR", "level": "info", "timestamp": "2026-06-11T16:40:37.940049Z"}
{"node": "retrieve", "candidate_count": 50, "event": "done", "query_preview": "How much lower are the overheads of the NVRTC '-minimal' flag compared to the de", "correlation_id": "01KTVRX7PG10745CFQJHRXJ3KR", "level": "info", "timestamp": "2026-06-11T16:40:37.940924Z"}
{"node": "expand_graph", "reason": "disabled_or_empty", "event": "skip", "query_preview": "How much lower are the overheads of the NVRTC '-minimal' flag compared to the de", "correlation_id": "01KTVRX7PG10745CFQJHRXJ3KR", "level": "info", "timestamp": "2026-06-11T16:40:37.942219Z"}
{"node": "rerank", "candidate_count": 50, "event": "start", "query_preview": "How much lower are the overheads of the NVRTC '-minimal' flag compared to the de", "correlation_id": "01KTVRX7PG10745CFQJHRXJ3KR", "level": "info", "timestamp": "2026-06-11T16:40:37.942811Z"}
{"node": "rerank", "top_k": 5, "source": "mode", "event": "top_k_resolved", "query_preview": "How much lower are the overheads of the NVRTC '-minimal' flag compared to the de", "correlation_id": "01KTVRX7PG10745CFQJHRXJ3KR", "level": "info", "timestamp": "2026-06-11T16:40:37.942888Z"}
{"candidates": 50, "top_k": 5, "backend": "cross_encoder", "event": "rerank.start", "query_preview": "How much lower are the overheads of the NVRTC '-minimal' flag compared to the de", "correlation_id": "01KTVRX7PG10745CFQJHRXJ3KR", "level": "info", "timestamp": "2026-06-11T16:40:37.942925Z"}
{"candidates": 50, "top_k": 5, "backend": "cross_encoder", "returned": 5, "event": "rerank.done", "query_preview": "How much lower are the overheads of the NVRTC '-minimal' flag compared to the de", "correlation_id": "01KTVRX7PG10745CFQJHRXJ3KR", "level": "info", "timestamp": "2026-06-11T16:41:14.172774Z"}
{"node": "rerank", "reranked_count": 5, "event": "done", "query_preview": "How much lower are the overheads of the NVRTC '-minimal' flag compared to the de", "correlation_id": "01KTVRX7PG10745CFQJHRXJ3KR", "level": "info", "timestamp": "2026-06-11T16:41:14.172895Z"}
{"node": "query_tables", "reason": "empty_or_not_table_shaped", "event": "skip", "query_preview": "How much lower are the overheads of the NVRTC '-minimal' flag compared to the de", "correlation_id": "01KTVRX7PG10745CFQJHRXJ3KR", "level": "info", "timestamp": "2026-06-11T16:41:14.175144Z"}
{"node": "assess", "reranked_count": 5, "event": "start", "query_preview": "How much lower are the overheads of the NVRTC '-minimal' flag compared to the de", "correlation_id": "01KTVRX7PG10745CFQJHRXJ3KR", "level": "info", "timestamp": "2026-06-11T16:41:14.176074Z"}
{"prompt_tag": "assess_sufficiency@v4", "schema": "SufficiencyAssessment", "model": "cyankiwi/Qwen3.5-4B-AWQ-4bit", "max_tokens": 1024, "temperature": 0.1, "top_p": 0.8, "presence_penalty": 1.0, "seed": 42, "message_count": 1, "event": "model_call.start", "query_preview": "How much lower are the overheads of the NVRTC '-minimal' flag compared to the de", "correlation_id": "01KTVRX7PG10745CFQJHRXJ3KR", "level": "info", "timestamp": "2026-06-11T16:41:14.178686Z"}
Authentication error: Langfuse client initialized without public_key. Client will be disabled. Provide a public_key parameter or set LANGFUSE_PUBLIC_KEY environment variable. 
{"prompt_tag": "assess_sufficiency@v4", "schema": "SufficiencyAssessment", "tokens": 1939, "event": "model_call.done", "query_preview": "How much lower are the overheads of the NVRTC '-minimal' flag compared to the de", "correlation_id": "01KTVRX7PG10745CFQJHRXJ3KR", "level": "info", "timestamp": "2026-06-11T16:41:14.896533Z"}
{"node": "answer", "regenerate_attempt": 0, "event": "start", "query_preview": "How much lower are the overheads of the NVRTC '-minimal' flag compared to the de", "correlation_id": "01KTVRX7PG10745CFQJHRXJ3KR", "level": "info", "timestamp": "2026-06-11T16:41:14.898257Z"}
{"prompt_tag": "answer@v5", "schema": "DraftAnswer", "model": "cyankiwi/Qwen3.5-4B-AWQ-4bit", "max_tokens": 1800, "temperature": 0.1, "top_p": 0.8, "presence_penalty": 1.0, "seed": 42, "message_count": 2, "event": "model_call.start", "query_preview": "How much lower are the overheads of the NVRTC '-minimal' flag compared to the de", "correlation_id": "01KTVRX7PG10745CFQJHRXJ3KR", "level": "info", "timestamp": "2026-06-11T16:41:14.900893Z"}
Authentication error: Langfuse client initialized without public_key. Client will be disabled. Provide a public_key parameter or set LANGFUSE_PUBLIC_KEY environment variable. 
{"prompt_tag": "answer@v5", "schema": "DraftAnswer", "tokens": 3601, "event": "model_call.done", "query_preview": "How much lower are the overheads of the NVRTC '-minimal' flag compared to the de", "correlation_id": "01KTVRX7PG10745CFQJHRXJ3KR", "level": "info", "timestamp": "2026-06-11T16:41:16.491880Z"}
{"node": "verify", "claim_count": 1, "event": "start", "query_preview": "How much lower are the overheads of the NVRTC '-minimal' flag compared to the de", "correlation_id": "01KTVRX7PG10745CFQJHRXJ3KR", "level": "info", "timestamp": "2026-06-11T16:41:16.493010Z"}
{"prompt_tag": "verify_grounding@v2", "schema": "VerificationResult", "model": "cyankiwi/Qwen3.5-4B-AWQ-4bit", "max_tokens": 1024, "temperature": 0.1, "top_p": 0.8, "presence_penalty": 1.0, "seed": 42, "message_count": 1, "event": "model_call.start", "query_preview": "How much lower are the overheads of the NVRTC '-minimal' flag compared to the de", "correlation_id": "01KTVRX7PG10745CFQJHRXJ3KR", "level": "info", "timestamp": "2026-06-11T16:41:16.497640Z"}
Authentication error: Langfuse client initialized without public_key. Client will be disabled. Provide a public_key parameter or set LANGFUSE_PUBLIC_KEY environment variable. 
{"prompt_tag": "verify_grounding@v2", "schema": "VerificationResult", "tokens": 1692, "event": "model_call.done", "query_preview": "How much lower are the overheads of the NVRTC '-minimal' flag compared to the de", "correlation_id": "01KTVRX7PG10745CFQJHRXJ3KR", "level": "info", "timestamp": "2026-06-11T16:41:16.939506Z"}
{"node": "regenerate", "new_attempt": 1, "event": "start", "query_preview": "How much lower are the overheads of the NVRTC '-minimal' flag compared to the de", "correlation_id": "01KTVRX7PG10745CFQJHRXJ3KR", "level": "info", "timestamp": "2026-06-11T16:41:16.941112Z"}
{"node": "answer", "regenerate_attempt": 1, "event": "start", "query_preview": "How much lower are the overheads of the NVRTC '-minimal' flag compared to the de", "correlation_id": "01KTVRX7PG10745CFQJHRXJ3KR", "level": "info", "timestamp": "2026-06-11T16:41:16.941794Z"}
{"prompt_tag": "answer@v5", "schema": "DraftAnswer", "model": "cyankiwi/Qwen3.5-4B-AWQ-4bit", "max_tokens": 1800, "temperature": 0.1, "top_p": 0.8, "presence_penalty": 1.0, "seed": 42, "message_count": 2, "event": "model_call.start", "query_preview": "How much lower are the overheads of the NVRTC '-minimal' flag compared to the de", "correlation_id": "01KTVRX7PG10745CFQJHRXJ3KR", "level": "info", "timestamp": "2026-06-11T16:41:16.944534Z"}
Authentication error: Langfuse client initialized without public_key. Client will be disabled. Provide a public_key parameter or set LANGFUSE_PUBLIC_KEY environment variable. 
{"prompt_tag": "answer@v5", "schema": "DraftAnswer", "tokens": 3691, "event": "model_call.done", "query_preview": "How much lower are the overheads of the NVRTC '-minimal' flag compared to the de", "correlation_id": "01KTVRX7PG10745CFQJHRXJ3KR", "level": "info", "timestamp": "2026-06-11T16:41:18.436616Z"}
{"node": "verify", "claim_count": 1, "event": "start", "query_preview": "How much lower are the overheads of the NVRTC '-minimal' flag compared to the de", "correlation_id": "01KTVRX7PG10745CFQJHRXJ3KR", "level": "info", "timestamp": "2026-06-11T16:41:18.437519Z"}
{"prompt_tag": "verify_grounding@v2", "schema": "VerificationResult", "model": "cyankiwi/Qwen3.5-4B-AWQ-4bit", "max_tokens": 1024, "temperature": 0.1, "top_p": 0.8, "presence_penalty": 1.0, "seed": 42, "message_count": 1, "event": "model_call.start", "query_preview": "How much lower are the overheads of the NVRTC '-minimal' flag compared to the de", "correlation_id": "01KTVRX7PG10745CFQJHRXJ3KR", "level": "info", "timestamp": "2026-06-11T16:41:18.441431Z"}
Authentication error: Langfuse client initialized without public_key. Client will be disabled. Provide a public_key parameter or set LANGFUSE_PUBLIC_KEY environment variable. 
{"prompt_tag": "verify_grounding@v2", "schema": "VerificationResult", "tokens": 1692, "event": "model_call.done", "query_preview": "How much lower are the overheads of the NVRTC '-minimal' flag compared to the de", "correlation_id": "01KTVRX7PG10745CFQJHRXJ3KR", "level": "info", "timestamp": "2026-06-11T16:41:18.658352Z"}
{"prompt_tag": "verify_grounding@v2", "schema": "VerificationResult", "model": "cyankiwi/Qwen3.5-4B-AWQ-4bit", "max_tokens": 1024, "temperature": 0.1, "top_p": 0.8, "presence_penalty": 1.0, "seed": 42, "message_count": 1, "event": "model_call.start", "query_preview": "How much lower are the overheads of the NVRTC '-minimal' flag compared to the de", "correlation_id": "01KTVRX7PG10745CFQJHRXJ3KR", "level": "info", "timestamp": "2026-06-11T16:41:18.666340Z"}
Authentication error: Langfuse client initialized without public_key. Client will be disabled. Provide a public_key parameter or set LANGFUSE_PUBLIC_KEY environment variable. 
{"prompt_tag": "verify_grounding@v2", "schema": "VerificationResult", "tokens": 556, "event": "model_call.done", "query_preview": "How much lower are the overheads of the NVRTC '-minimal' flag compared to the de", "correlation_id": "01KTVRX7PG10745CFQJHRXJ3KR", "level": "info", "timestamp": "2026-06-11T16:41:18.942209Z"}
{"prompt_tag": "verify_grounding@v2", "schema": "VerificationResult", "model": "cyankiwi/Qwen3.5-4B-AWQ-4bit", "max_tokens": 1024, "temperature": 0.1, "top_p": 0.8, "presence_penalty": 1.0, "seed": 42, "message_count": 1, "event": "model_call.start", "query_preview": "How much lower are the overheads of the NVRTC '-minimal' flag compared to the de", "correlation_id": "01KTVRX7PG10745CFQJHRXJ3KR", "level": "info", "timestamp": "2026-06-11T16:41:18.944175Z"}
Authentication error: Langfuse client initialized without public_key. Client will be disabled. Provide a public_key parameter or set LANGFUSE_PUBLIC_KEY environment variable. 
{"prompt_tag": "verify_grounding@v2", "schema": "VerificationResult", "tokens": 679, "event": "model_call.done", "query_preview": "How much lower are the overheads of the NVRTC '-minimal' flag compared to the de", "correlation_id": "01KTVRX7PG10745CFQJHRXJ3KR", "level": "info", "timestamp": "2026-06-11T16:41:19.234777Z"}
{"prompt_tag": "verify_grounding@v2", "schema": "VerificationResult", "model": "cyankiwi/Qwen3.5-4B-AWQ-4bit", "max_tokens": 1024, "temperature": 0.1, "top_p": 0.8, "presence_penalty": 1.0, "seed": 42, "message_count": 1, "event": "model_call.start", "query_preview": "How much lower are the overheads of the NVRTC '-minimal' flag compared to the de", "correlation_id": "01KTVRX7PG10745CFQJHRXJ3KR", "level": "info", "timestamp": "2026-06-11T16:41:19.236782Z"}
Authentication error: Langfuse client initialized without public_key. Client will be disabled. Provide a public_key parameter or set LANGFUSE_PUBLIC_KEY environment variable. 
{"prompt_tag": "verify_grounding@v2", "schema": "VerificationResult", "tokens": 1040, "event": "model_call.done", "query_preview": "How much lower are the overheads of the NVRTC '-minimal' flag compared to the de", "correlation_id": "01KTVRX7PG10745CFQJHRXJ3KR", "level": "info", "timestamp": "2026-06-11T16:41:19.578296Z"}
{"prompt_tag": "verify_grounding@v2", "schema": "VerificationResult", "model": "cyankiwi/Qwen3.5-4B-AWQ-4bit", "max_tokens": 1024, "temperature": 0.1, "top_p": 0.8, "presence_penalty": 1.0, "seed": 42, "message_count": 1, "event": "model_call.start", "query_preview": "How much lower are the overheads of the NVRTC '-minimal' flag compared to the de", "correlation_id": "01KTVRX7PG10745CFQJHRXJ3KR", "level": "info", "timestamp": "2026-06-11T16:41:19.580495Z"}
Authentication error: Langfuse client initialized without public_key. Client will be disabled. Provide a public_key parameter or set LANGFUSE_PUBLIC_KEY environment variable. 
{"prompt_tag": "verify_grounding@v2", "schema": "VerificationResult", "tokens": 524, "event": "model_call.done", "query_preview": "How much lower are the overheads of the NVRTC '-minimal' flag compared to the de", "correlation_id": "01KTVRX7PG10745CFQJHRXJ3KR", "level": "info", "timestamp": "2026-06-11T16:41:19.843067Z"}
{"prompt_tag": "verify_grounding@v2", "schema": "VerificationResult", "model": "cyankiwi/Qwen3.5-4B-AWQ-4bit", "max_tokens": 1024, "temperature": 0.1, "top_p": 0.8, "presence_penalty": 1.0, "seed": 42, "message_count": 1, "event": "model_call.start", "query_preview": "How much lower are the overheads of the NVRTC '-minimal' flag compared to the de", "correlation_id": "01KTVRX7PG10745CFQJHRXJ3KR", "level": "info", "timestamp": "2026-06-11T16:41:19.845316Z"}
Authentication error: Langfuse client initialized without public_key. Client will be disabled. Provide a public_key parameter or set LANGFUSE_PUBLIC_KEY environment variable. 
{"prompt_tag": "verify_grounding@v2", "schema": "VerificationResult", "tokens": 537, "event": "model_call.done", "query_preview": "How much lower are the overheads of the NVRTC '-minimal' flag compared to the de", "correlation_id": "01KTVRX7PG10745CFQJHRXJ3KR", "level": "info", "timestamp": "2026-06-11T16:41:20.108965Z"}
{"node": "refuse", "event": "start", "query_preview": "How much lower are the overheads of the NVRTC '-minimal' flag compared to the de", "correlation_id": "01KTVRX7PG10745CFQJHRXJ3KR", "level": "info", "timestamp": "2026-06-11T16:41:20.110262Z"}
Authentication error: Langfuse client initialized without public_key. Client will be disabled. Provide a public_key parameter or set LANGFUSE_PUBLIC_KEY environment variable. 
{"node": "retrieve", "query_len": 101, "event": "start", "query_preview": "What method does the deck describe for getting IEEE-754 FP64-accurate results fr", "correlation_id": "01KTVRYGZEYPJ0GW0KSC0VTJW6", "level": "info", "timestamp": "2026-06-11T16:41:20.112216Z"}
{"query_len": 101, "k": 50, "event": "hybrid.start", "query_preview": "What method does the deck describe for getting IEEE-754 FP64-accurate results fr", "correlation_id": "01KTVRYGZEYPJ0GW0KSC0VTJW6", "level": "info", "timestamp": "2026-06-11T16:41:20.112269Z"}
{"query_len": 101, "k": 50, "dense": 50, "bm25": 0, "fused": 50, "term": false, "event": "hybrid.done", "query_preview": "What method does the deck describe for getting IEEE-754 FP64-accurate results fr", "correlation_id": "01KTVRYGZEYPJ0GW0KSC0VTJW6", "level": "info", "timestamp": "2026-06-11T16:41:20.220683Z"}
{"node": "retrieve", "candidate_count": 50, "event": "done", "query_preview": "What method does the deck describe for getting IEEE-754 FP64-accurate results fr", "correlation_id": "01KTVRYGZEYPJ0GW0KSC0VTJW6", "level": "info", "timestamp": "2026-06-11T16:41:20.222316Z"}
{"node": "expand_graph", "reason": "disabled_or_empty", "event": "skip", "query_preview": "What method does the deck describe for getting IEEE-754 FP64-accurate results fr", "correlation_id": "01KTVRYGZEYPJ0GW0KSC0VTJW6", "level": "info", "timestamp": "2026-06-11T16:41:20.223955Z"}
{"node": "rerank", "candidate_count": 50, "event": "start", "query_preview": "What method does the deck describe for getting IEEE-754 FP64-accurate results fr", "correlation_id": "01KTVRYGZEYPJ0GW0KSC0VTJW6", "level": "info", "timestamp": "2026-06-11T16:41:20.224622Z"}
{"node": "rerank", "top_k": 5, "source": "mode", "event": "top_k_resolved", "query_preview": "What method does the deck describe for getting IEEE-754 FP64-accurate results fr", "correlation_id": "01KTVRYGZEYPJ0GW0KSC0VTJW6", "level": "info", "timestamp": "2026-06-11T16:41:20.224685Z"}
{"candidates": 50, "top_k": 5, "backend": "cross_encoder", "event": "rerank.start", "query_preview": "What method does the deck describe for getting IEEE-754 FP64-accurate results fr", "correlation_id": "01KTVRYGZEYPJ0GW0KSC0VTJW6", "level": "info", "timestamp": "2026-06-11T16:41:20.224721Z"}
{"candidates": 50, "top_k": 5, "backend": "cross_encoder", "returned": 5, "event": "rerank.done", "query_preview": "What method does the deck describe for getting IEEE-754 FP64-accurate results fr", "correlation_id": "01KTVRYGZEYPJ0GW0KSC0VTJW6", "level": "info", "timestamp": "2026-06-11T16:41:54.306101Z"}
{"node": "rerank", "reranked_count": 5, "event": "done", "query_preview": "What method does the deck describe for getting IEEE-754 FP64-accurate results fr", "correlation_id": "01KTVRYGZEYPJ0GW0KSC0VTJW6", "level": "info", "timestamp": "2026-06-11T16:41:54.306210Z"}
{"node": "query_tables", "reason": "empty_or_not_table_shaped", "event": "skip", "query_preview": "What method does the deck describe for getting IEEE-754 FP64-accurate results fr", "correlation_id": "01KTVRYGZEYPJ0GW0KSC0VTJW6", "level": "info", "timestamp": "2026-06-11T16:41:54.308238Z"}
{"node": "assess", "reranked_count": 5, "event": "start", "query_preview": "What method does the deck describe for getting IEEE-754 FP64-accurate results fr", "correlation_id": "01KTVRYGZEYPJ0GW0KSC0VTJW6", "level": "info", "timestamp": "2026-06-11T16:41:54.309095Z"}
{"prompt_tag": "assess_sufficiency@v4", "schema": "SufficiencyAssessment", "model": "cyankiwi/Qwen3.5-4B-AWQ-4bit", "max_tokens": 1024, "temperature": 0.1, "top_p": 0.8, "presence_penalty": 1.0, "seed": 42, "message_count": 1, "event": "model_call.start", "query_preview": "What method does the deck describe for getting IEEE-754 FP64-accurate results fr", "correlation_id": "01KTVRYGZEYPJ0GW0KSC0VTJW6", "level": "info", "timestamp": "2026-06-11T16:41:54.311365Z"}
Authentication error: Langfuse client initialized without public_key. Client will be disabled. Provide a public_key parameter or set LANGFUSE_PUBLIC_KEY environment variable. 
{"prompt_tag": "assess_sufficiency@v4", "schema": "SufficiencyAssessment", "tokens": 1837, "event": "model_call.done", "query_preview": "What method does the deck describe for getting IEEE-754 FP64-accurate results fr", "correlation_id": "01KTVRYGZEYPJ0GW0KSC0VTJW6", "level": "info", "timestamp": "2026-06-11T16:41:55.049907Z"}
{"node": "answer", "regenerate_attempt": 0, "event": "start", "query_preview": "What method does the deck describe for getting IEEE-754 FP64-accurate results fr", "correlation_id": "01KTVRYGZEYPJ0GW0KSC0VTJW6", "level": "info", "timestamp": "2026-06-11T16:41:55.051498Z"}
{"prompt_tag": "answer@v5", "schema": "DraftAnswer", "model": "cyankiwi/Qwen3.5-4B-AWQ-4bit", "max_tokens": 1800, "temperature": 0.1, "top_p": 0.8, "presence_penalty": 1.0, "seed": 42, "message_count": 2, "event": "model_call.start", "query_preview": "What method does the deck describe for getting IEEE-754 FP64-accurate results fr", "correlation_id": "01KTVRYGZEYPJ0GW0KSC0VTJW6", "level": "info", "timestamp": "2026-06-11T16:41:55.054170Z"}
Authentication error: Langfuse client initialized without public_key. Client will be disabled. Provide a public_key parameter or set LANGFUSE_PUBLIC_KEY environment variable. 
{"prompt_tag": "answer@v5", "schema": "DraftAnswer", "tokens": 3717, "event": "model_call.done", "query_preview": "What method does the deck describe for getting IEEE-754 FP64-accurate results fr", "correlation_id": "01KTVRYGZEYPJ0GW0KSC0VTJW6", "level": "info", "timestamp": "2026-06-11T16:41:58.622351Z"}
{"node": "verify", "claim_count": 2, "event": "start", "query_preview": "What method does the deck describe for getting IEEE-754 FP64-accurate results fr", "correlation_id": "01KTVRYGZEYPJ0GW0KSC0VTJW6", "level": "info", "timestamp": "2026-06-11T16:41:58.623216Z"}
{"prompt_tag": "verify_grounding@v2", "schema": "VerificationResult", "model": "cyankiwi/Qwen3.5-4B-AWQ-4bit", "max_tokens": 1024, "temperature": 0.1, "top_p": 0.8, "presence_penalty": 1.0, "seed": 42, "message_count": 1, "event": "model_call.start", "query_preview": "What method does the deck describe for getting IEEE-754 FP64-accurate results fr", "correlation_id": "01KTVRYGZEYPJ0GW0KSC0VTJW6", "level": "info", "timestamp": "2026-06-11T16:41:58.626718Z"}
Authentication error: Langfuse client initialized without public_key. Client will be disabled. Provide a public_key parameter or set LANGFUSE_PUBLIC_KEY environment variable. 
{"prompt_tag": "verify_grounding@v2", "schema": "VerificationResult", "tokens": 1761, "event": "model_call.done", "query_preview": "What method does the deck describe for getting IEEE-754 FP64-accurate results fr", "correlation_id": "01KTVRYGZEYPJ0GW0KSC0VTJW6", "level": "info", "timestamp": "2026-06-11T16:41:59.103498Z"}
{"node": "assess_relevance", "event": "start", "query_preview": "What method does the deck describe for getting IEEE-754 FP64-accurate results fr", "correlation_id": "01KTVRYGZEYPJ0GW0KSC0VTJW6", "level": "info", "timestamp": "2026-06-11T16:41:59.104934Z"}
{"prompt_tag": "assess_relevance@v3", "schema": "RelevanceAssessment", "model": "cyankiwi/Qwen3.5-4B-AWQ-4bit", "max_tokens": 1024, "temperature": 0.1, "top_p": 0.8, "presence_penalty": 1.0, "seed": 42, "message_count": 1, "event": "model_call.start", "query_preview": "What method does the deck describe for getting IEEE-754 FP64-accurate results fr", "correlation_id": "01KTVRYGZEYPJ0GW0KSC0VTJW6", "level": "info", "timestamp": "2026-06-11T16:41:59.105989Z"}
Authentication error: Langfuse client initialized without public_key. Client will be disabled. Provide a public_key parameter or set LANGFUSE_PUBLIC_KEY environment variable. 
{"prompt_tag": "assess_relevance@v3", "schema": "RelevanceAssessment", "tokens": 1015, "event": "model_call.done", "query_preview": "What method does the deck describe for getting IEEE-754 FP64-accurate results fr", "correlation_id": "01KTVRYGZEYPJ0GW0KSC0VTJW6", "level": "info", "timestamp": "2026-06-11T16:41:59.642157Z"}
{"node": "assess_relevance", "responsive": true, "event": "relevance", "query_preview": "What method does the deck describe for getting IEEE-754 FP64-accurate results fr", "correlation_id": "01KTVRYGZEYPJ0GW0KSC0VTJW6", "level": "info", "timestamp": "2026-06-11T16:41:59.642208Z"}
{"node": "compose", "event": "start", "query_preview": "What method does the deck describe for getting IEEE-754 FP64-accurate results fr", "correlation_id": "01KTVRYGZEYPJ0GW0KSC0VTJW6", "level": "info", "timestamp": "2026-06-11T16:41:59.643548Z"}
Authentication error: Langfuse client initialized without public_key. Client will be disabled. Provide a public_key parameter or set LANGFUSE_PUBLIC_KEY environment variable. 
{"node": "retrieve", "query_len": 77, "event": "start", "query_preview": "What does the Grace-Hopper unified memory address space refer to in the deck?", "correlation_id": "01KTVRZQJWB6KZ64W5XT7VTQ9N", "level": "info", "timestamp": "2026-06-11T16:41:59.645230Z"}
{"query_len": 77, "k": 50, "event": "hybrid.start", "query_preview": "What does the Grace-Hopper unified memory address space refer to in the deck?", "correlation_id": "01KTVRZQJWB6KZ64W5XT7VTQ9N", "level": "info", "timestamp": "2026-06-11T16:41:59.645265Z"}
{"query_len": 77, "k": 50, "dense": 50, "bm25": 0, "fused": 50, "term": false, "event": "hybrid.done", "query_preview": "What does the Grace-Hopper unified memory address space refer to in the deck?", "correlation_id": "01KTVRZQJWB6KZ64W5XT7VTQ9N", "level": "info", "timestamp": "2026-06-11T16:41:59.722124Z"}
{"node": "retrieve", "candidate_count": 50, "event": "done", "query_preview": "What does the Grace-Hopper unified memory address space refer to in the deck?", "correlation_id": "01KTVRZQJWB6KZ64W5XT7VTQ9N", "level": "info", "timestamp": "2026-06-11T16:41:59.723087Z"}
{"node": "expand_graph", "reason": "disabled_or_empty", "event": "skip", "query_preview": "What does the Grace-Hopper unified memory address space refer to in the deck?", "correlation_id": "01KTVRZQJWB6KZ64W5XT7VTQ9N", "level": "info", "timestamp": "2026-06-11T16:41:59.724568Z"}
{"node": "rerank", "candidate_count": 50, "event": "start", "query_preview": "What does the Grace-Hopper unified memory address space refer to in the deck?", "correlation_id": "01KTVRZQJWB6KZ64W5XT7VTQ9N", "level": "info", "timestamp": "2026-06-11T16:41:59.725159Z"}
{"node": "rerank", "top_k": 5, "source": "mode", "event": "top_k_resolved", "query_preview": "What does the Grace-Hopper unified memory address space refer to in the deck?", "correlation_id": "01KTVRZQJWB6KZ64W5XT7VTQ9N", "level": "info", "timestamp": "2026-06-11T16:41:59.725213Z"}
{"candidates": 50, "top_k": 5, "backend": "cross_encoder", "event": "rerank.start", "query_preview": "What does the Grace-Hopper unified memory address space refer to in the deck?", "correlation_id": "01KTVRZQJWB6KZ64W5XT7VTQ9N", "level": "info", "timestamp": "2026-06-11T16:41:59.725238Z"}
{"candidates": 50, "top_k": 5, "backend": "cross_encoder", "returned": 5, "event": "rerank.done", "query_preview": "What does the Grace-Hopper unified memory address space refer to in the deck?", "correlation_id": "01KTVRZQJWB6KZ64W5XT7VTQ9N", "level": "info", "timestamp": "2026-06-11T16:42:26.945805Z"}
{"node": "rerank", "reranked_count": 5, "event": "done", "query_preview": "What does the Grace-Hopper unified memory address space refer to in the deck?", "correlation_id": "01KTVRZQJWB6KZ64W5XT7VTQ9N", "level": "info", "timestamp": "2026-06-11T16:42:26.945883Z"}
{"node": "query_tables", "reason": "empty_or_not_table_shaped", "event": "skip", "query_preview": "What does the Grace-Hopper unified memory address space refer to in the deck?", "correlation_id": "01KTVRZQJWB6KZ64W5XT7VTQ9N", "level": "info", "timestamp": "2026-06-11T16:42:26.947411Z"}
{"node": "assess", "reranked_count": 5, "event": "start", "query_preview": "What does the Grace-Hopper unified memory address space refer to in the deck?", "correlation_id": "01KTVRZQJWB6KZ64W5XT7VTQ9N", "level": "info", "timestamp": "2026-06-11T16:42:26.948027Z"}
{"prompt_tag": "assess_sufficiency@v4", "schema": "SufficiencyAssessment", "model": "cyankiwi/Qwen3.5-4B-AWQ-4bit", "max_tokens": 1024, "temperature": 0.1, "top_p": 0.8, "presence_penalty": 1.0, "seed": 42, "message_count": 1, "event": "model_call.start", "query_preview": "What does the Grace-Hopper unified memory address space refer to in the deck?", "correlation_id": "01KTVRZQJWB6KZ64W5XT7VTQ9N", "level": "info", "timestamp": "2026-06-11T16:42:26.949592Z"}
Authentication error: Langfuse client initialized without public_key. Client will be disabled. Provide a public_key parameter or set LANGFUSE_PUBLIC_KEY environment variable. 
{"prompt_tag": "assess_sufficiency@v4", "schema": "SufficiencyAssessment", "tokens": 1577, "event": "model_call.done", "query_preview": "What does the Grace-Hopper unified memory address space refer to in the deck?", "correlation_id": "01KTVRZQJWB6KZ64W5XT7VTQ9N", "level": "info", "timestamp": "2026-06-11T16:42:27.648930Z"}
{"node": "answer", "regenerate_attempt": 0, "event": "start", "query_preview": "What does the Grace-Hopper unified memory address space refer to in the deck?", "correlation_id": "01KTVRZQJWB6KZ64W5XT7VTQ9N", "level": "info", "timestamp": "2026-06-11T16:42:27.650902Z"}
{"prompt_tag": "answer@v5", "schema": "DraftAnswer", "model": "cyankiwi/Qwen3.5-4B-AWQ-4bit", "max_tokens": 1800, "temperature": 0.1, "top_p": 0.8, "presence_penalty": 1.0, "seed": 42, "message_count": 2, "event": "model_call.start", "query_preview": "What does the Grace-Hopper unified memory address space refer to in the deck?", "correlation_id": "01KTVRZQJWB6KZ64W5XT7VTQ9N", "level": "info", "timestamp": "2026-06-11T16:42:27.653595Z"}
Authentication error: Langfuse client initialized without public_key. Client will be disabled. Provide a public_key parameter or set LANGFUSE_PUBLIC_KEY environment variable. 
{"prompt_tag": "answer@v5", "schema": "DraftAnswer", "tokens": 3381, "event": "model_call.done", "query_preview": "What does the Grace-Hopper unified memory address space refer to in the deck?", "correlation_id": "01KTVRZQJWB6KZ64W5XT7VTQ9N", "level": "info", "timestamp": "2026-06-11T16:42:30.500024Z"}
{"node": "verify", "claim_count": 2, "event": "start", "query_preview": "What does the Grace-Hopper unified memory address space refer to in the deck?", "correlation_id": "01KTVRZQJWB6KZ64W5XT7VTQ9N", "level": "info", "timestamp": "2026-06-11T16:42:30.500880Z"}
{"prompt_tag": "verify_grounding@v2", "schema": "VerificationResult", "model": "cyankiwi/Qwen3.5-4B-AWQ-4bit", "max_tokens": 1024, "temperature": 0.1, "top_p": 0.8, "presence_penalty": 1.0, "seed": 42, "message_count": 1, "event": "model_call.start", "query_preview": "What does the Grace-Hopper unified memory address space refer to in the deck?", "correlation_id": "01KTVRZQJWB6KZ64W5XT7VTQ9N", "level": "info", "timestamp": "2026-06-11T16:42:30.504334Z"}
Authentication error: Langfuse client initialized without public_key. Client will be disabled. Provide a public_key parameter or set LANGFUSE_PUBLIC_KEY environment variable. 
{"prompt_tag": "verify_grounding@v2", "schema": "VerificationResult", "tokens": 1625, "event": "model_call.done", "query_preview": "What does the Grace-Hopper unified memory address space refer to in the deck?", "correlation_id": "01KTVRZQJWB6KZ64W5XT7VTQ9N", "level": "info", "timestamp": "2026-06-11T16:42:30.964606Z"}
{"node": "assess_relevance", "event": "start", "query_preview": "What does the Grace-Hopper unified memory address space refer to in the deck?", "correlation_id": "01KTVRZQJWB6KZ64W5XT7VTQ9N", "level": "info", "timestamp": "2026-06-11T16:42:30.966052Z"}
{"prompt_tag": "assess_relevance@v3", "schema": "RelevanceAssessment", "model": "cyankiwi/Qwen3.5-4B-AWQ-4bit", "max_tokens": 1024, "temperature": 0.1, "top_p": 0.8, "presence_penalty": 1.0, "seed": 42, "message_count": 1, "event": "model_call.start", "query_preview": "What does the Grace-Hopper unified memory address space refer to in the deck?", "correlation_id": "01KTVRZQJWB6KZ64W5XT7VTQ9N", "level": "info", "timestamp": "2026-06-11T16:42:30.967088Z"}
Authentication error: Langfuse client initialized without public_key. Client will be disabled. Provide a public_key parameter or set LANGFUSE_PUBLIC_KEY environment variable. 
{"prompt_tag": "assess_relevance@v3", "schema": "RelevanceAssessment", "tokens": 934, "event": "model_call.done", "query_preview": "What does the Grace-Hopper unified memory address space refer to in the deck?", "correlation_id": "01KTVRZQJWB6KZ64W5XT7VTQ9N", "level": "info", "timestamp": "2026-06-11T16:42:31.422700Z"}
{"node": "assess_relevance", "responsive": true, "event": "relevance", "query_preview": "What does the Grace-Hopper unified memory address space refer to in the deck?", "correlation_id": "01KTVRZQJWB6KZ64W5XT7VTQ9N", "level": "info", "timestamp": "2026-06-11T16:42:31.422755Z"}
{"node": "compose", "event": "start", "query_preview": "What does the Grace-Hopper unified memory address space refer to in the deck?", "correlation_id": "01KTVRZQJWB6KZ64W5XT7VTQ9N", "level": "info", "timestamp": "2026-06-11T16:42:31.423942Z"}
Authentication error: Langfuse client initialized without public_key. Client will be disabled. Provide a public_key parameter or set LANGFUSE_PUBLIC_KEY environment variable. 
{"node": "retrieve", "query_len": 91, "event": "start", "query_preview": "What is the energy cost of an FP16 Tensor Core MMA matrix multiply relative to a", "correlation_id": "01KTVS0PM0TB7NRGBGVSX2Q0HC", "level": "info", "timestamp": "2026-06-11T16:42:31.425503Z"}
{"query_len": 91, "k": 50, "event": "hybrid.start", "query_preview": "What is the energy cost of an FP16 Tensor Core MMA matrix multiply relative to a", "correlation_id": "01KTVS0PM0TB7NRGBGVSX2Q0HC", "level": "info", "timestamp": "2026-06-11T16:42:31.425540Z"}
{"query_len": 91, "k": 50, "dense": 50, "bm25": 0, "fused": 50, "term": false, "event": "hybrid.done", "query_preview": "What is the energy cost of an FP16 Tensor Core MMA matrix multiply relative to a", "correlation_id": "01KTVS0PM0TB7NRGBGVSX2Q0HC", "level": "info", "timestamp": "2026-06-11T16:42:31.522022Z"}
{"node": "retrieve", "candidate_count": 50, "event": "done", "query_preview": "What is the energy cost of an FP16 Tensor Core MMA matrix multiply relative to a", "correlation_id": "01KTVS0PM0TB7NRGBGVSX2Q0HC", "level": "info", "timestamp": "2026-06-11T16:42:31.523022Z"}
{"node": "expand_graph", "reason": "disabled_or_empty", "event": "skip", "query_preview": "What is the energy cost of an FP16 Tensor Core MMA matrix multiply relative to a", "correlation_id": "01KTVS0PM0TB7NRGBGVSX2Q0HC", "level": "info", "timestamp": "2026-06-11T16:42:31.524344Z"}
{"node": "rerank", "candidate_count": 50, "event": "start", "query_preview": "What is the energy cost of an FP16 Tensor Core MMA matrix multiply relative to a", "correlation_id": "01KTVS0PM0TB7NRGBGVSX2Q0HC", "level": "info", "timestamp": "2026-06-11T16:42:31.525096Z"}
{"node": "rerank", "top_k": 5, "source": "mode", "event": "top_k_resolved", "query_preview": "What is the energy cost of an FP16 Tensor Core MMA matrix multiply relative to a", "correlation_id": "01KTVS0PM0TB7NRGBGVSX2Q0HC", "level": "info", "timestamp": "2026-06-11T16:42:31.525169Z"}
{"candidates": 50, "top_k": 5, "backend": "cross_encoder", "event": "rerank.start", "query_preview": "What is the energy cost of an FP16 Tensor Core MMA matrix multiply relative to a", "correlation_id": "01KTVS0PM0TB7NRGBGVSX2Q0HC", "level": "info", "timestamp": "2026-06-11T16:42:31.525206Z"}
{"candidates": 50, "top_k": 5, "backend": "cross_encoder", "returned": 5, "event": "rerank.done", "query_preview": "What is the energy cost of an FP16 Tensor Core MMA matrix multiply relative to a", "correlation_id": "01KTVS0PM0TB7NRGBGVSX2Q0HC", "level": "info", "timestamp": "2026-06-11T16:43:05.618265Z"}
{"node": "rerank", "reranked_count": 5, "event": "done", "query_preview": "What is the energy cost of an FP16 Tensor Core MMA matrix multiply relative to a", "correlation_id": "01KTVS0PM0TB7NRGBGVSX2Q0HC", "level": "info", "timestamp": "2026-06-11T16:43:05.618380Z"}
{"node": "query_tables", "reason": "empty_or_not_table_shaped", "event": "skip", "query_preview": "What is the energy cost of an FP16 Tensor Core MMA matrix multiply relative to a", "correlation_id": "01KTVS0PM0TB7NRGBGVSX2Q0HC", "level": "info", "timestamp": "2026-06-11T16:43:05.620484Z"}
{"node": "assess", "reranked_count": 5, "event": "start", "query_preview": "What is the energy cost of an FP16 Tensor Core MMA matrix multiply relative to a", "correlation_id": "01KTVS0PM0TB7NRGBGVSX2Q0HC", "level": "info", "timestamp": "2026-06-11T16:43:05.621333Z"}
{"prompt_tag": "assess_sufficiency@v4", "schema": "SufficiencyAssessment", "model": "cyankiwi/Qwen3.5-4B-AWQ-4bit", "max_tokens": 1024, "temperature": 0.1, "top_p": 0.8, "presence_penalty": 1.0, "seed": 42, "message_count": 1, "event": "model_call.start", "query_preview": "What is the energy cost of an FP16 Tensor Core MMA matrix multiply relative to a", "correlation_id": "01KTVS0PM0TB7NRGBGVSX2Q0HC", "level": "info", "timestamp": "2026-06-11T16:43:05.622877Z"}
Authentication error: Langfuse client initialized without public_key. Client will be disabled. Provide a public_key parameter or set LANGFUSE_PUBLIC_KEY environment variable. 
{"prompt_tag": "assess_sufficiency@v4", "schema": "SufficiencyAssessment", "tokens": 3328, "event": "model_call.done", "query_preview": "What is the energy cost of an FP16 Tensor Core MMA matrix multiply relative to a", "correlation_id": "01KTVS0PM0TB7NRGBGVSX2Q0HC", "level": "info", "timestamp": "2026-06-11T16:43:06.655292Z"}
{"node": "answer", "regenerate_attempt": 0, "event": "start", "query_preview": "What is the energy cost of an FP16 Tensor Core MMA matrix multiply relative to a", "correlation_id": "01KTVS0PM0TB7NRGBGVSX2Q0HC", "level": "info", "timestamp": "2026-06-11T16:43:06.656856Z"}
{"prompt_tag": "answer@v5", "schema": "DraftAnswer", "model": "cyankiwi/Qwen3.5-4B-AWQ-4bit", "max_tokens": 1800, "temperature": 0.1, "top_p": 0.8, "presence_penalty": 1.0, "seed": 42, "message_count": 2, "event": "model_call.start", "query_preview": "What is the energy cost of an FP16 Tensor Core MMA matrix multiply relative to a", "correlation_id": "01KTVS0PM0TB7NRGBGVSX2Q0HC", "level": "info", "timestamp": "2026-06-11T16:43:06.658825Z"}
Authentication error: Langfuse client initialized without public_key. Client will be disabled. Provide a public_key parameter or set LANGFUSE_PUBLIC_KEY environment variable. 
{"prompt_tag": "answer@v5", "schema": "DraftAnswer", "tokens": 4990, "event": "model_call.done", "query_preview": "What is the energy cost of an FP16 Tensor Core MMA matrix multiply relative to a", "correlation_id": "01KTVS0PM0TB7NRGBGVSX2Q0HC", "level": "info", "timestamp": "2026-06-11T16:43:08.598583Z"}
{"node": "answer", "exact": 0, "suffix": 0, "fuzzy": 1, "unresolved": 0, "event": "chunk_id_repair", "query_preview": "What is the energy cost of an FP16 Tensor Core MMA matrix multiply relative to a", "correlation_id": "01KTVS0PM0TB7NRGBGVSX2Q0HC", "level": "info", "timestamp": "2026-06-11T16:43:08.598719Z"}
{"node": "verify", "claim_count": 1, "event": "start", "query_preview": "What is the energy cost of an FP16 Tensor Core MMA matrix multiply relative to a", "correlation_id": "01KTVS0PM0TB7NRGBGVSX2Q0HC", "level": "info", "timestamp": "2026-06-11T16:43:08.599674Z"}
{"prompt_tag": "verify_grounding@v2", "schema": "VerificationResult", "model": "cyankiwi/Qwen3.5-4B-AWQ-4bit", "max_tokens": 1024, "temperature": 0.1, "top_p": 0.8, "presence_penalty": 1.0, "seed": 42, "message_count": 1, "event": "model_call.start", "query_preview": "What is the energy cost of an FP16 Tensor Core MMA matrix multiply relative to a", "correlation_id": "01KTVS0PM0TB7NRGBGVSX2Q0HC", "level": "info", "timestamp": "2026-06-11T16:43:08.603172Z"}
Authentication error: Langfuse client initialized without public_key. Client will be disabled. Provide a public_key parameter or set LANGFUSE_PUBLIC_KEY environment variable. 
{"prompt_tag": "verify_grounding@v2", "schema": "VerificationResult", "tokens": 2115, "event": "model_call.done", "query_preview": "What is the energy cost of an FP16 Tensor Core MMA matrix multiply relative to a", "correlation_id": "01KTVS0PM0TB7NRGBGVSX2Q0HC", "level": "info", "timestamp": "2026-06-11T16:43:09.104557Z"}
{"node": "assess_relevance", "event": "start", "query_preview": "What is the energy cost of an FP16 Tensor Core MMA matrix multiply relative to a", "correlation_id": "01KTVS0PM0TB7NRGBGVSX2Q0HC", "level": "info", "timestamp": "2026-06-11T16:43:09.106085Z"}
{"prompt_tag": "assess_relevance@v3", "schema": "RelevanceAssessment", "model": "cyankiwi/Qwen3.5-4B-AWQ-4bit", "max_tokens": 1024, "temperature": 0.1, "top_p": 0.8, "presence_penalty": 1.0, "seed": 42, "message_count": 1, "event": "model_call.start", "query_preview": "What is the energy cost of an FP16 Tensor Core MMA matrix multiply relative to a", "correlation_id": "01KTVS0PM0TB7NRGBGVSX2Q0HC", "level": "info", "timestamp": "2026-06-11T16:43:09.107394Z"}
Authentication error: Langfuse client initialized without public_key. Client will be disabled. Provide a public_key parameter or set LANGFUSE_PUBLIC_KEY environment variable. 
{"prompt_tag": "assess_relevance@v3", "schema": "RelevanceAssessment", "tokens": 880, "event": "model_call.done", "query_preview": "What is the energy cost of an FP16 Tensor Core MMA matrix multiply relative to a", "correlation_id": "01KTVS0PM0TB7NRGBGVSX2Q0HC", "level": "info", "timestamp": "2026-06-11T16:43:09.573849Z"}
{"node": "assess_relevance", "responsive": true, "event": "relevance", "query_preview": "What is the energy cost of an FP16 Tensor Core MMA matrix multiply relative to a", "correlation_id": "01KTVS0PM0TB7NRGBGVSX2Q0HC", "level": "info", "timestamp": "2026-06-11T16:43:09.573904Z"}
{"node": "compose", "event": "start", "query_preview": "What is the energy cost of an FP16 Tensor Core MMA matrix multiply relative to a", "correlation_id": "01KTVS0PM0TB7NRGBGVSX2Q0HC", "level": "info", "timestamp": "2026-06-11T16:43:09.575329Z"}
Authentication error: Langfuse client initialized without public_key. Client will be disabled. Provide a public_key parameter or set LANGFUSE_PUBLIC_KEY environment variable. 
{"node": "retrieve", "query_len": 104, "event": "start", "query_preview": "What is the deck's central thesis about the right performance metric to optimise", "correlation_id": "01KTVS1VW8TGQJABJZ8MVT5RGK", "level": "info", "timestamp": "2026-06-11T16:43:09.577187Z"}
{"query_len": 104, "k": 50, "event": "hybrid.start", "query_preview": "What is the deck's central thesis about the right performance metric to optimise", "correlation_id": "01KTVS1VW8TGQJABJZ8MVT5RGK", "level": "info", "timestamp": "2026-06-11T16:43:09.577233Z"}
{"query_len": 104, "k": 50, "dense": 50, "bm25": 0, "fused": 50, "term": false, "event": "hybrid.done", "query_preview": "What is the deck's central thesis about the right performance metric to optimise", "correlation_id": "01KTVS1VW8TGQJABJZ8MVT5RGK", "level": "info", "timestamp": "2026-06-11T16:43:09.661166Z"}
{"node": "retrieve", "candidate_count": 50, "event": "done", "query_preview": "What is the deck's central thesis about the right performance metric to optimise", "correlation_id": "01KTVS1VW8TGQJABJZ8MVT5RGK", "level": "info", "timestamp": "2026-06-11T16:43:09.662458Z"}
{"node": "expand_graph", "reason": "disabled_or_empty", "event": "skip", "query_preview": "What is the deck's central thesis about the right performance metric to optimise", "correlation_id": "01KTVS1VW8TGQJABJZ8MVT5RGK", "level": "info", "timestamp": "2026-06-11T16:43:09.664150Z"}
{"node": "rerank", "candidate_count": 50, "event": "start", "query_preview": "What is the deck's central thesis about the right performance metric to optimise", "correlation_id": "01KTVS1VW8TGQJABJZ8MVT5RGK", "level": "info", "timestamp": "2026-06-11T16:43:09.664817Z"}
{"node": "rerank", "top_k": 5, "source": "mode", "event": "top_k_resolved", "query_preview": "What is the deck's central thesis about the right performance metric to optimise", "correlation_id": "01KTVS1VW8TGQJABJZ8MVT5RGK", "level": "info", "timestamp": "2026-06-11T16:43:09.664878Z"}
{"candidates": 50, "top_k": 5, "backend": "cross_encoder", "event": "rerank.start", "query_preview": "What is the deck's central thesis about the right performance metric to optimise", "correlation_id": "01KTVS1VW8TGQJABJZ8MVT5RGK", "level": "info", "timestamp": "2026-06-11T16:43:09.664913Z"}
{"candidates": 50, "top_k": 5, "backend": "cross_encoder", "returned": 5, "event": "rerank.done", "query_preview": "What is the deck's central thesis about the right performance metric to optimise", "correlation_id": "01KTVS1VW8TGQJABJZ8MVT5RGK", "level": "info", "timestamp": "2026-06-11T16:43:57.524019Z"}
{"node": "rerank", "reranked_count": 5, "event": "done", "query_preview": "What is the deck's central thesis about the right performance metric to optimise", "correlation_id": "01KTVS1VW8TGQJABJZ8MVT5RGK", "level": "info", "timestamp": "2026-06-11T16:43:57.526882Z"}
{"node": "query_tables", "reason": "empty_or_not_table_shaped", "event": "skip", "query_preview": "What is the deck's central thesis about the right performance metric to optimise", "correlation_id": "01KTVS1VW8TGQJABJZ8MVT5RGK", "level": "info", "timestamp": "2026-06-11T16:43:57.529148Z"}
{"node": "assess", "reranked_count": 5, "event": "start", "query_preview": "What is the deck's central thesis about the right performance metric to optimise", "correlation_id": "01KTVS1VW8TGQJABJZ8MVT5RGK", "level": "info", "timestamp": "2026-06-11T16:43:57.530041Z"}
{"prompt_tag": "assess_sufficiency@v4", "schema": "SufficiencyAssessment", "model": "cyankiwi/Qwen3.5-4B-AWQ-4bit", "max_tokens": 1024, "temperature": 0.1, "top_p": 0.8, "presence_penalty": 1.0, "seed": 42, "message_count": 1, "event": "model_call.start", "query_preview": "What is the deck's central thesis about the right performance metric to optimise", "correlation_id": "01KTVS1VW8TGQJABJZ8MVT5RGK", "level": "info", "timestamp": "2026-06-11T16:43:57.532036Z"}
Authentication error: Langfuse client initialized without public_key. Client will be disabled. Provide a public_key parameter or set LANGFUSE_PUBLIC_KEY environment variable. 
{"prompt_tag": "assess_sufficiency@v4", "schema": "SufficiencyAssessment", "tokens": 1490, "event": "model_call.done", "query_preview": "What is the deck's central thesis about the right performance metric to optimise", "correlation_id": "01KTVS1VW8TGQJABJZ8MVT5RGK", "level": "info", "timestamp": "2026-06-11T16:43:58.283703Z"}
{"node": "answer", "regenerate_attempt": 0, "event": "start", "query_preview": "What is the deck's central thesis about the right performance metric to optimise", "correlation_id": "01KTVS1VW8TGQJABJZ8MVT5RGK", "level": "info", "timestamp": "2026-06-11T16:43:58.285144Z"}
{"prompt_tag": "answer@v5", "schema": "DraftAnswer", "model": "cyankiwi/Qwen3.5-4B-AWQ-4bit", "max_tokens": 1800, "temperature": 0.1, "top_p": 0.8, "presence_penalty": 1.0, "seed": 42, "message_count": 2, "event": "model_call.start", "query_preview": "What is the deck's central thesis about the right performance metric to optimise", "correlation_id": "01KTVS1VW8TGQJABJZ8MVT5RGK", "level": "info", "timestamp": "2026-06-11T16:43:58.287102Z"}
Authentication error: Langfuse client initialized without public_key. Client will be disabled. Provide a public_key parameter or set LANGFUSE_PUBLIC_KEY environment variable. 
{"prompt_tag": "answer@v5", "schema": "DraftAnswer", "tokens": 3264, "event": "model_call.done", "query_preview": "What is the deck's central thesis about the right performance metric to optimise", "correlation_id": "01KTVS1VW8TGQJABJZ8MVT5RGK", "level": "info", "timestamp": "2026-06-11T16:44:00.914652Z"}
{"node": "verify", "claim_count": 3, "event": "start", "query_preview": "What is the deck's central thesis about the right performance metric to optimise", "correlation_id": "01KTVS1VW8TGQJABJZ8MVT5RGK", "level": "info", "timestamp": "2026-06-11T16:44:00.915761Z"}
{"prompt_tag": "verify_grounding@v2", "schema": "VerificationResult", "model": "cyankiwi/Qwen3.5-4B-AWQ-4bit", "max_tokens": 1024, "temperature": 0.1, "top_p": 0.8, "presence_penalty": 1.0, "seed": 42, "message_count": 1, "event": "model_call.start", "query_preview": "What is the deck's central thesis about the right performance metric to optimise", "correlation_id": "01KTVS1VW8TGQJABJZ8MVT5RGK", "level": "info", "timestamp": "2026-06-11T16:44:00.918993Z"}
Authentication error: Langfuse client initialized without public_key. Client will be disabled. Provide a public_key parameter or set LANGFUSE_PUBLIC_KEY environment variable. 
{"prompt_tag": "verify_grounding@v2", "schema": "VerificationResult", "tokens": 1493, "event": "model_call.done", "query_preview": "What is the deck's central thesis about the right performance metric to optimise", "correlation_id": "01KTVS1VW8TGQJABJZ8MVT5RGK", "level": "info", "timestamp": "2026-06-11T16:44:01.379071Z"}
{"node": "assess_relevance", "event": "start", "query_preview": "What is the deck's central thesis about the right performance metric to optimise", "correlation_id": "01KTVS1VW8TGQJABJZ8MVT5RGK", "level": "info", "timestamp": "2026-06-11T16:44:01.381274Z"}
{"prompt_tag": "assess_relevance@v3", "schema": "RelevanceAssessment", "model": "cyankiwi/Qwen3.5-4B-AWQ-4bit", "max_tokens": 1024, "temperature": 0.1, "top_p": 0.8, "presence_penalty": 1.0, "seed": 42, "message_count": 1, "event": "model_call.start", "query_preview": "What is the deck's central thesis about the right performance metric to optimise", "correlation_id": "01KTVS1VW8TGQJABJZ8MVT5RGK", "level": "info", "timestamp": "2026-06-11T16:44:01.382572Z"}
Authentication error: Langfuse client initialized without public_key. Client will be disabled. Provide a public_key parameter or set LANGFUSE_PUBLIC_KEY environment variable. 
{"prompt_tag": "assess_relevance@v3", "schema": "RelevanceAssessment", "tokens": 890, "event": "model_call.done", "query_preview": "What is the deck's central thesis about the right performance metric to optimise", "correlation_id": "01KTVS1VW8TGQJABJZ8MVT5RGK", "level": "info", "timestamp": "2026-06-11T16:44:01.764111Z"}
{"node": "assess_relevance", "responsive": true, "event": "relevance", "query_preview": "What is the deck's central thesis about the right performance metric to optimise", "correlation_id": "01KTVS1VW8TGQJABJZ8MVT5RGK", "level": "info", "timestamp": "2026-06-11T16:44:01.764164Z"}
{"node": "compose", "event": "start", "query_preview": "What is the deck's central thesis about the right performance metric to optimise", "correlation_id": "01KTVS1VW8TGQJABJZ8MVT5RGK", "level": "info", "timestamp": "2026-06-11T16:44:01.766197Z"}
Authentication error: Langfuse client initialized without public_key. Client will be disabled. Provide a public_key parameter or set LANGFUSE_PUBLIC_KEY environment variable. 
{"node": "retrieve", "query_len": 58, "event": "start", "query_preview": "What is the mantissa length of an FP4 number in this deck?", "correlation_id": "01KTVS3EV7BYTV7KZQBNM62Q10", "level": "info", "timestamp": "2026-06-11T16:44:01.768731Z"}
{"query_len": 58, "k": 50, "event": "hybrid.start", "query_preview": "What is the mantissa length of an FP4 number in this deck?", "correlation_id": "01KTVS3EV7BYTV7KZQBNM62Q10", "level": "info", "timestamp": "2026-06-11T16:44:01.768783Z"}
{"query_len": 58, "k": 50, "dense": 50, "bm25": 0, "fused": 50, "term": false, "event": "hybrid.done", "query_preview": "What is the mantissa length of an FP4 number in this deck?", "correlation_id": "01KTVS3EV7BYTV7KZQBNM62Q10", "level": "info", "timestamp": "2026-06-11T16:44:01.836120Z"}
{"node": "retrieve", "candidate_count": 50, "event": "done", "query_preview": "What is the mantissa length of an FP4 number in this deck?", "correlation_id": "01KTVS3EV7BYTV7KZQBNM62Q10", "level": "info", "timestamp": "2026-06-11T16:44:01.837044Z"}
{"node": "expand_graph", "reason": "disabled_or_empty", "event": "skip", "query_preview": "What is the mantissa length of an FP4 number in this deck?", "correlation_id": "01KTVS3EV7BYTV7KZQBNM62Q10", "level": "info", "timestamp": "2026-06-11T16:44:01.838651Z"}
{"node": "rerank", "candidate_count": 50, "event": "start", "query_preview": "What is the mantissa length of an FP4 number in this deck?", "correlation_id": "01KTVS3EV7BYTV7KZQBNM62Q10", "level": "info", "timestamp": "2026-06-11T16:44:01.839267Z"}
{"node": "rerank", "top_k": 5, "source": "mode", "event": "top_k_resolved", "query_preview": "What is the mantissa length of an FP4 number in this deck?", "correlation_id": "01KTVS3EV7BYTV7KZQBNM62Q10", "level": "info", "timestamp": "2026-06-11T16:44:01.839330Z"}
{"candidates": 50, "top_k": 5, "backend": "cross_encoder", "event": "rerank.start", "query_preview": "What is the mantissa length of an FP4 number in this deck?", "correlation_id": "01KTVS3EV7BYTV7KZQBNM62Q10", "level": "info", "timestamp": "2026-06-11T16:44:01.839374Z"}
{"candidates": 50, "top_k": 5, "backend": "cross_encoder", "returned": 5, "event": "rerank.done", "query_preview": "What is the mantissa length of an FP4 number in this deck?", "correlation_id": "01KTVS3EV7BYTV7KZQBNM62Q10", "level": "info", "timestamp": "2026-06-11T16:44:37.805090Z"}
{"node": "rerank", "reranked_count": 5, "event": "done", "query_preview": "What is the mantissa length of an FP4 number in this deck?", "correlation_id": "01KTVS3EV7BYTV7KZQBNM62Q10", "level": "info", "timestamp": "2026-06-11T16:44:37.805196Z"}
{"node": "query_tables", "reason": "empty_or_not_table_shaped", "event": "skip", "query_preview": "What is the mantissa length of an FP4 number in this deck?", "correlation_id": "01KTVS3EV7BYTV7KZQBNM62Q10", "level": "info", "timestamp": "2026-06-11T16:44:37.807094Z"}
{"node": "assess", "reranked_count": 5, "event": "start", "query_preview": "What is the mantissa length of an FP4 number in this deck?", "correlation_id": "01KTVS3EV7BYTV7KZQBNM62Q10", "level": "info", "timestamp": "2026-06-11T16:44:37.807890Z"}
{"prompt_tag": "assess_sufficiency@v4", "schema": "SufficiencyAssessment", "model": "cyankiwi/Qwen3.5-4B-AWQ-4bit", "max_tokens": 1024, "temperature": 0.1, "top_p": 0.8, "presence_penalty": 1.0, "seed": 42, "message_count": 1, "event": "model_call.start", "query_preview": "What is the mantissa length of an FP4 number in this deck?", "correlation_id": "01KTVS3EV7BYTV7KZQBNM62Q10", "level": "info", "timestamp": "2026-06-11T16:44:37.809533Z"}
Authentication error: Langfuse client initialized without public_key. Client will be disabled. Provide a public_key parameter or set LANGFUSE_PUBLIC_KEY environment variable. 
{"prompt_tag": "assess_sufficiency@v4", "schema": "SufficiencyAssessment", "tokens": 3331, "event": "model_call.done", "query_preview": "What is the mantissa length of an FP4 number in this deck?", "correlation_id": "01KTVS3EV7BYTV7KZQBNM62Q10", "level": "info", "timestamp": "2026-06-11T16:44:38.672200Z"}
{"node": "answer", "regenerate_attempt": 0, "event": "start", "query_preview": "What is the mantissa length of an FP4 number in this deck?", "correlation_id": "01KTVS3EV7BYTV7KZQBNM62Q10", "level": "info", "timestamp": "2026-06-11T16:44:38.673600Z"}
{"prompt_tag": "answer@v5", "schema": "DraftAnswer", "model": "cyankiwi/Qwen3.5-4B-AWQ-4bit", "max_tokens": 1800, "temperature": 0.1, "top_p": 0.8, "presence_penalty": 1.0, "seed": 42, "message_count": 2, "event": "model_call.start", "query_preview": "What is the mantissa length of an FP4 number in this deck?", "correlation_id": "01KTVS3EV7BYTV7KZQBNM62Q10", "level": "info", "timestamp": "2026-06-11T16:44:38.675959Z"}
Authentication error: Langfuse client initialized without public_key. Client will be disabled. Provide a public_key parameter or set LANGFUSE_PUBLIC_KEY environment variable. 
{"prompt_tag": "answer@v5", "schema": "DraftAnswer", "tokens": 4914, "event": "model_call.done", "query_preview": "What is the mantissa length of an FP4 number in this deck?", "correlation_id": "01KTVS3EV7BYTV7KZQBNM62Q10", "level": "info", "timestamp": "2026-06-11T16:44:39.727815Z"}
{"node": "verify", "claim_count": 0, "event": "start", "query_preview": "What is the mantissa length of an FP4 number in this deck?", "correlation_id": "01KTVS3EV7BYTV7KZQBNM62Q10", "level": "info", "timestamp": "2026-06-11T16:44:39.728621Z"}
{"node": "verify", "event": "empty_draft_shortcircuit", "query_preview": "What is the mantissa length of an FP4 number in this deck?", "correlation_id": "01KTVS3EV7BYTV7KZQBNM62Q10", "level": "info", "timestamp": "2026-06-11T16:44:39.728656Z"}
{"node": "assess_relevance", "event": "start", "query_preview": "What is the mantissa length of an FP4 number in this deck?", "correlation_id": "01KTVS3EV7BYTV7KZQBNM62Q10", "level": "info", "timestamp": "2026-06-11T16:44:39.729782Z"}
{"prompt_tag": "assess_relevance@v3", "schema": "RelevanceAssessment", "model": "cyankiwi/Qwen3.5-4B-AWQ-4bit", "max_tokens": 1024, "temperature": 0.1, "top_p": 0.8, "presence_penalty": 1.0, "seed": 42, "message_count": 1, "event": "model_call.start", "query_preview": "What is the mantissa length of an FP4 number in this deck?", "correlation_id": "01KTVS3EV7BYTV7KZQBNM62Q10", "level": "info", "timestamp": "2026-06-11T16:44:39.730786Z"}
Authentication error: Langfuse client initialized without public_key. Client will be disabled. Provide a public_key parameter or set LANGFUSE_PUBLIC_KEY environment variable. 
{"prompt_tag": "assess_relevance@v3", "schema": "RelevanceAssessment", "tokens": 840, "event": "model_call.done", "query_preview": "What is the mantissa length of an FP4 number in this deck?", "correlation_id": "01KTVS3EV7BYTV7KZQBNM62Q10", "level": "info", "timestamp": "2026-06-11T16:44:40.128942Z"}
{"node": "assess_relevance", "responsive": true, "event": "relevance", "query_preview": "What is the mantissa length of an FP4 number in this deck?", "correlation_id": "01KTVS3EV7BYTV7KZQBNM62Q10", "level": "info", "timestamp": "2026-06-11T16:44:40.129007Z"}
{"node": "compose", "event": "start", "query_preview": "What is the mantissa length of an FP4 number in this deck?", "correlation_id": "01KTVS3EV7BYTV7KZQBNM62Q10", "level": "info", "timestamp": "2026-06-11T16:44:40.130564Z"}
Authentication error: Langfuse client initialized without public_key. Client will be disabled. Provide a public_key parameter or set LANGFUSE_PUBLIC_KEY environment variable. 
{"node": "retrieve", "query_len": 60, "event": "start", "query_preview": "What is the NVRTC compile time for hello-world in CUDA 11.0?", "correlation_id": "01KTVS4MA3CXP5T132N3PPEMFR", "level": "info", "timestamp": "2026-06-11T16:44:40.132490Z"}
{"query_len": 60, "k": 50, "event": "hybrid.start", "query_preview": "What is the NVRTC compile time for hello-world in CUDA 11.0?", "correlation_id": "01KTVS4MA3CXP5T132N3PPEMFR", "level": "info", "timestamp": "2026-06-11T16:44:40.132535Z"}
{"query_len": 60, "k": 50, "dense": 50, "bm25": 0, "fused": 50, "term": false, "event": "hybrid.done", "query_preview": "What is the NVRTC compile time for hello-world in CUDA 11.0?", "correlation_id": "01KTVS4MA3CXP5T132N3PPEMFR", "level": "info", "timestamp": "2026-06-11T16:44:40.216209Z"}
{"node": "retrieve", "candidate_count": 50, "event": "done", "query_preview": "What is the NVRTC compile time for hello-world in CUDA 11.0?", "correlation_id": "01KTVS4MA3CXP5T132N3PPEMFR", "level": "info", "timestamp": "2026-06-11T16:44:40.217232Z"}
{"node": "expand_graph", "reason": "disabled_or_empty", "event": "skip", "query_preview": "What is the NVRTC compile time for hello-world in CUDA 11.0?", "correlation_id": "01KTVS4MA3CXP5T132N3PPEMFR", "level": "info", "timestamp": "2026-06-11T16:44:40.218558Z"}
{"node": "rerank", "candidate_count": 50, "event": "start", "query_preview": "What is the NVRTC compile time for hello-world in CUDA 11.0?", "correlation_id": "01KTVS4MA3CXP5T132N3PPEMFR", "level": "info", "timestamp": "2026-06-11T16:44:40.219106Z"}
{"node": "rerank", "top_k": 5, "source": "mode", "event": "top_k_resolved", "query_preview": "What is the NVRTC compile time for hello-world in CUDA 11.0?", "correlation_id": "01KTVS4MA3CXP5T132N3PPEMFR", "level": "info", "timestamp": "2026-06-11T16:44:40.219156Z"}
{"candidates": 50, "top_k": 5, "backend": "cross_encoder", "event": "rerank.start", "query_preview": "What is the NVRTC compile time for hello-world in CUDA 11.0?", "correlation_id": "01KTVS4MA3CXP5T132N3PPEMFR", "level": "info", "timestamp": "2026-06-11T16:44:40.219180Z"}
{"candidates": 50, "top_k": 5, "backend": "cross_encoder", "returned": 5, "event": "rerank.done", "query_preview": "What is the NVRTC compile time for hello-world in CUDA 11.0?", "correlation_id": "01KTVS4MA3CXP5T132N3PPEMFR", "level": "info", "timestamp": "2026-06-11T16:45:19.216101Z"}
{"node": "rerank", "reranked_count": 5, "event": "done", "query_preview": "What is the NVRTC compile time for hello-world in CUDA 11.0?", "correlation_id": "01KTVS4MA3CXP5T132N3PPEMFR", "level": "info", "timestamp": "2026-06-11T16:45:19.216470Z"}
{"node": "query_tables", "reason": "empty_or_not_table_shaped", "event": "skip", "query_preview": "What is the NVRTC compile time for hello-world in CUDA 11.0?", "correlation_id": "01KTVS4MA3CXP5T132N3PPEMFR", "level": "info", "timestamp": "2026-06-11T16:45:19.221261Z"}
{"node": "assess", "reranked_count": 5, "event": "start", "query_preview": "What is the NVRTC compile time for hello-world in CUDA 11.0?", "correlation_id": "01KTVS4MA3CXP5T132N3PPEMFR", "level": "info", "timestamp": "2026-06-11T16:45:19.222065Z"}
{"prompt_tag": "assess_sufficiency@v4", "schema": "SufficiencyAssessment", "model": "cyankiwi/Qwen3.5-4B-AWQ-4bit", "max_tokens": 1024, "temperature": 0.1, "top_p": 0.8, "presence_penalty": 1.0, "seed": 42, "message_count": 1, "event": "model_call.start", "query_preview": "What is the NVRTC compile time for hello-world in CUDA 11.0?", "correlation_id": "01KTVS4MA3CXP5T132N3PPEMFR", "level": "info", "timestamp": "2026-06-11T16:45:19.224429Z"}
Authentication error: Langfuse client initialized without public_key. Client will be disabled. Provide a public_key parameter or set LANGFUSE_PUBLIC_KEY environment variable. 
{"prompt_tag": "assess_sufficiency@v4", "schema": "SufficiencyAssessment", "tokens": 2047, "event": "model_call.done", "query_preview": "What is the NVRTC compile time for hello-world in CUDA 11.0?", "correlation_id": "01KTVS4MA3CXP5T132N3PPEMFR", "level": "info", "timestamp": "2026-06-11T16:45:20.040769Z"}
{"node": "refuse", "event": "start", "query_preview": "What is the NVRTC compile time for hello-world in CUDA 11.0?", "correlation_id": "01KTVS4MA3CXP5T132N3PPEMFR", "level": "info", "timestamp": "2026-06-11T16:45:20.042237Z"}
Authentication error: Langfuse client initialized without public_key. Client will be disabled. Provide a public_key parameter or set LANGFUSE_PUBLIC_KEY environment variable. 
{"node": "retrieve", "query_len": 79, "event": "start", "query_preview": "What is the maximum latency of NVLink C2C between the Grace CPU and Hopper GPU?", "correlation_id": "01KTVS5V9BREMNSS7GS02NFF58", "level": "info", "timestamp": "2026-06-11T16:45:20.045248Z"}
{"query_len": 79, "k": 50, "event": "hybrid.start", "query_preview": "What is the maximum latency of NVLink C2C between the Grace CPU and Hopper GPU?", "correlation_id": "01KTVS5V9BREMNSS7GS02NFF58", "level": "info", "timestamp": "2026-06-11T16:45:20.045302Z"}
{"query_len": 79, "k": 50, "dense": 50, "bm25": 0, "fused": 50, "term": false, "event": "hybrid.done", "query_preview": "What is the maximum latency of NVLink C2C between the Grace CPU and Hopper GPU?", "correlation_id": "01KTVS5V9BREMNSS7GS02NFF58", "level": "info", "timestamp": "2026-06-11T16:45:20.144850Z"}
{"node": "retrieve", "candidate_count": 50, "event": "done", "query_preview": "What is the maximum latency of NVLink C2C between the Grace CPU and Hopper GPU?", "correlation_id": "01KTVS5V9BREMNSS7GS02NFF58", "level": "info", "timestamp": "2026-06-11T16:45:20.146181Z"}
{"node": "expand_graph", "reason": "disabled_or_empty", "event": "skip", "query_preview": "What is the maximum latency of NVLink C2C between the Grace CPU and Hopper GPU?", "correlation_id": "01KTVS5V9BREMNSS7GS02NFF58", "level": "info", "timestamp": "2026-06-11T16:45:20.147756Z"}
{"node": "rerank", "candidate_count": 50, "event": "start", "query_preview": "What is the maximum latency of NVLink C2C between the Grace CPU and Hopper GPU?", "correlation_id": "01KTVS5V9BREMNSS7GS02NFF58", "level": "info", "timestamp": "2026-06-11T16:45:20.148291Z"}
{"node": "rerank", "top_k": 5, "source": "mode", "event": "top_k_resolved", "query_preview": "What is the maximum latency of NVLink C2C between the Grace CPU and Hopper GPU?", "correlation_id": "01KTVS5V9BREMNSS7GS02NFF58", "level": "info", "timestamp": "2026-06-11T16:45:20.148468Z"}
{"candidates": 50, "top_k": 5, "backend": "cross_encoder", "event": "rerank.start", "query_preview": "What is the maximum latency of NVLink C2C between the Grace CPU and Hopper GPU?", "correlation_id": "01KTVS5V9BREMNSS7GS02NFF58", "level": "info", "timestamp": "2026-06-11T16:45:20.148507Z"}
{"candidates": 50, "top_k": 5, "backend": "cross_encoder", "returned": 5, "event": "rerank.done", "query_preview": "What is the maximum latency of NVLink C2C between the Grace CPU and Hopper GPU?", "correlation_id": "01KTVS5V9BREMNSS7GS02NFF58", "level": "info", "timestamp": "2026-06-11T16:45:51.860305Z"}
{"node": "rerank", "reranked_count": 5, "event": "done", "query_preview": "What is the maximum latency of NVLink C2C between the Grace CPU and Hopper GPU?", "correlation_id": "01KTVS5V9BREMNSS7GS02NFF58", "level": "info", "timestamp": "2026-06-11T16:45:51.860377Z"}
{"prompt_tag": "generate_table_sql@v1", "schema": "GeneratedSQL", "model": "cyankiwi/Qwen3.5-4B-AWQ-4bit", "max_tokens": 1024, "temperature": 0.1, "top_p": 0.8, "presence_penalty": 1.0, "seed": 42, "message_count": 1, "event": "model_call.start", "query_preview": "What is the maximum latency of NVLink C2C between the Grace CPU and Hopper GPU?", "correlation_id": "01KTVS5V9BREMNSS7GS02NFF58", "level": "info", "timestamp": "2026-06-11T16:45:51.866584Z"}
Authentication error: Langfuse client initialized without public_key. Client will be disabled. Provide a public_key parameter or set LANGFUSE_PUBLIC_KEY environment variable. 
{"prompt_tag": "generate_table_sql@v1", "schema": "GeneratedSQL", "tokens": 957, "event": "model_call.done", "query_preview": "What is the maximum latency of NVLink C2C between the Grace CPU and Hopper GPU?", "correlation_id": "01KTVS5V9BREMNSS7GS02NFF58", "level": "info", "timestamp": "2026-06-11T16:45:52.491389Z"}
{"node": "query_doc_tables", "sql": "SELECT MAX(latency__num) FROM b1dc7c041c", "target": "b1dc7c041c", "event": "table_sql.generated", "query_preview": "What is the maximum latency of NVLink C2C between the Grace CPU and Hopper GPU?", "correlation_id": "01KTVS5V9BREMNSS7GS02NFF58", "level": "info", "timestamp": "2026-06-11T16:45:52.491442Z"}
{"node": "query_doc_tables", "target": "b1dc7c041c", "event": "table_sql.no_result", "query_preview": "What is the maximum latency of NVLink C2C between the Grace CPU and Hopper GPU?", "correlation_id": "01KTVS5V9BREMNSS7GS02NFF58", "level": "info", "timestamp": "2026-06-11T16:45:52.491996Z"}
{"node": "query_tables", "event": "no_table_answer", "query_preview": "What is the maximum latency of NVLink C2C between the Grace CPU and Hopper GPU?", "correlation_id": "01KTVS5V9BREMNSS7GS02NFF58", "level": "info", "timestamp": "2026-06-11T16:45:52.492347Z"}
{"node": "assess", "reranked_count": 5, "event": "start", "query_preview": "What is the maximum latency of NVLink C2C between the Grace CPU and Hopper GPU?", "correlation_id": "01KTVS5V9BREMNSS7GS02NFF58", "level": "info", "timestamp": "2026-06-11T16:45:52.493066Z"}
{"prompt_tag": "assess_sufficiency@v4", "schema": "SufficiencyAssessment", "model": "cyankiwi/Qwen3.5-4B-AWQ-4bit", "max_tokens": 1024, "temperature": 0.1, "top_p": 0.8, "presence_penalty": 1.0, "seed": 42, "message_count": 1, "event": "model_call.start", "query_preview": "What is the maximum latency of NVLink C2C between the Grace CPU and Hopper GPU?", "correlation_id": "01KTVS5V9BREMNSS7GS02NFF58", "level": "info", "timestamp": "2026-06-11T16:45:52.494339Z"}
Authentication error: Langfuse client initialized without public_key. Client will be disabled. Provide a public_key parameter or set LANGFUSE_PUBLIC_KEY environment variable. 
{"prompt_tag": "assess_sufficiency@v4", "schema": "SufficiencyAssessment", "tokens": 1559, "event": "model_call.done", "query_preview": "What is the maximum latency of NVLink C2C between the Grace CPU and Hopper GPU?", "correlation_id": "01KTVS5V9BREMNSS7GS02NFF58", "level": "info", "timestamp": "2026-06-11T16:45:53.213492Z"}
{"node": "answer", "regenerate_attempt": 0, "event": "start", "query_preview": "What is the maximum latency of NVLink C2C between the Grace CPU and Hopper GPU?", "correlation_id": "01KTVS5V9BREMNSS7GS02NFF58", "level": "info", "timestamp": "2026-06-11T16:45:53.214977Z"}
{"prompt_tag": "answer@v5", "schema": "DraftAnswer", "model": "cyankiwi/Qwen3.5-4B-AWQ-4bit", "max_tokens": 1800, "temperature": 0.1, "top_p": 0.8, "presence_penalty": 1.0, "seed": 42, "message_count": 2, "event": "model_call.start", "query_preview": "What is the maximum latency of NVLink C2C between the Grace CPU and Hopper GPU?", "correlation_id": "01KTVS5V9BREMNSS7GS02NFF58", "level": "info", "timestamp": "2026-06-11T16:45:53.216984Z"}
Authentication error: Langfuse client initialized without public_key. Client will be disabled. Provide a public_key parameter or set LANGFUSE_PUBLIC_KEY environment variable. 
{"prompt_tag": "answer@v5", "schema": "DraftAnswer", "tokens": 3157, "event": "model_call.done", "query_preview": "What is the maximum latency of NVLink C2C between the Grace CPU and Hopper GPU?", "correlation_id": "01KTVS5V9BREMNSS7GS02NFF58", "level": "info", "timestamp": "2026-06-11T16:45:54.280778Z"}
{"node": "verify", "claim_count": 0, "event": "start", "query_preview": "What is the maximum latency of NVLink C2C between the Grace CPU and Hopper GPU?", "correlation_id": "01KTVS5V9BREMNSS7GS02NFF58", "level": "info", "timestamp": "2026-06-11T16:45:54.281891Z"}
{"node": "verify", "event": "empty_draft_shortcircuit", "query_preview": "What is the maximum latency of NVLink C2C between the Grace CPU and Hopper GPU?", "correlation_id": "01KTVS5V9BREMNSS7GS02NFF58", "level": "info", "timestamp": "2026-06-11T16:45:54.281962Z"}
{"node": "assess_relevance", "event": "start", "query_preview": "What is the maximum latency of NVLink C2C between the Grace CPU and Hopper GPU?", "correlation_id": "01KTVS5V9BREMNSS7GS02NFF58", "level": "info", "timestamp": "2026-06-11T16:45:54.283275Z"}
{"prompt_tag": "assess_relevance@v3", "schema": "RelevanceAssessment", "model": "cyankiwi/Qwen3.5-4B-AWQ-4bit", "max_tokens": 1024, "temperature": 0.1, "top_p": 0.8, "presence_penalty": 1.0, "seed": 42, "message_count": 1, "event": "model_call.start", "query_preview": "What is the maximum latency of NVLink C2C between the Grace CPU and Hopper GPU?", "correlation_id": "01KTVS5V9BREMNSS7GS02NFF58", "level": "info", "timestamp": "2026-06-11T16:45:54.284568Z"}
Authentication error: Langfuse client initialized without public_key. Client will be disabled. Provide a public_key parameter or set LANGFUSE_PUBLIC_KEY environment variable. 
{"prompt_tag": "assess_relevance@v3", "schema": "RelevanceAssessment", "tokens": 886, "event": "model_call.done", "query_preview": "What is the maximum latency of NVLink C2C between the Grace CPU and Hopper GPU?", "correlation_id": "01KTVS5V9BREMNSS7GS02NFF58", "level": "info", "timestamp": "2026-06-11T16:45:54.751436Z"}
{"node": "assess_relevance", "responsive": true, "event": "relevance", "query_preview": "What is the maximum latency of NVLink C2C between the Grace CPU and Hopper GPU?", "correlation_id": "01KTVS5V9BREMNSS7GS02NFF58", "level": "info", "timestamp": "2026-06-11T16:45:54.751488Z"}
{"node": "compose", "event": "start", "query_preview": "What is the maximum latency of NVLink C2C between the Grace CPU and Hopper GPU?", "correlation_id": "01KTVS5V9BREMNSS7GS02NFF58", "level": "info", "timestamp": "2026-06-11T16:45:54.752668Z"}
Authentication error: Langfuse client initialized without public_key. Client will be disabled. Provide a public_key parameter or set LANGFUSE_PUBLIC_KEY environment variable. 
{"node": "retrieve", "query_len": 69, "event": "start", "query_preview": "What is the thermal design power of the NVIDIA H100 reference design?", "correlation_id": "01KTVS6X61A47YWFVXN5Y0A15Q", "level": "info", "timestamp": "2026-06-11T16:45:54.754139Z"}
{"query_len": 69, "k": 50, "event": "hybrid.start", "query_preview": "What is the thermal design power of the NVIDIA H100 reference design?", "correlation_id": "01KTVS6X61A47YWFVXN5Y0A15Q", "level": "info", "timestamp": "2026-06-11T16:45:54.754174Z"}
{"query_len": 69, "k": 50, "dense": 50, "bm25": 0, "fused": 50, "term": false, "event": "hybrid.done", "query_preview": "What is the thermal design power of the NVIDIA H100 reference design?", "correlation_id": "01KTVS6X61A47YWFVXN5Y0A15Q", "level": "info", "timestamp": "2026-06-11T16:45:54.834880Z"}
{"node": "retrieve", "candidate_count": 50, "event": "done", "query_preview": "What is the thermal design power of the NVIDIA H100 reference design?", "correlation_id": "01KTVS6X61A47YWFVXN5Y0A15Q", "level": "info", "timestamp": "2026-06-11T16:45:54.835845Z"}
{"node": "expand_graph", "reason": "disabled_or_empty", "event": "skip", "query_preview": "What is the thermal design power of the NVIDIA H100 reference design?", "correlation_id": "01KTVS6X61A47YWFVXN5Y0A15Q", "level": "info", "timestamp": "2026-06-11T16:45:54.837356Z"}
{"node": "rerank", "candidate_count": 50, "event": "start", "query_preview": "What is the thermal design power of the NVIDIA H100 reference design?", "correlation_id": "01KTVS6X61A47YWFVXN5Y0A15Q", "level": "info", "timestamp": "2026-06-11T16:45:54.837977Z"}
{"node": "rerank", "top_k": 5, "source": "mode", "event": "top_k_resolved", "query_preview": "What is the thermal design power of the NVIDIA H100 reference design?", "correlation_id": "01KTVS6X61A47YWFVXN5Y0A15Q", "level": "info", "timestamp": "2026-06-11T16:45:54.838039Z"}
{"candidates": 50, "top_k": 5, "backend": "cross_encoder", "event": "rerank.start", "query_preview": "What is the thermal design power of the NVIDIA H100 reference design?", "correlation_id": "01KTVS6X61A47YWFVXN5Y0A15Q", "level": "info", "timestamp": "2026-06-11T16:45:54.838080Z"}
{"candidates": 50, "top_k": 5, "backend": "cross_encoder", "returned": 5, "event": "rerank.done", "query_preview": "What is the thermal design power of the NVIDIA H100 reference design?", "correlation_id": "01KTVS6X61A47YWFVXN5Y0A15Q", "level": "info", "timestamp": "2026-06-11T16:46:51.668910Z"}
{"node": "rerank", "reranked_count": 5, "event": "done", "query_preview": "What is the thermal design power of the NVIDIA H100 reference design?", "correlation_id": "01KTVS6X61A47YWFVXN5Y0A15Q", "level": "info", "timestamp": "2026-06-11T16:46:51.669022Z"}
{"node": "query_tables", "reason": "empty_or_not_table_shaped", "event": "skip", "query_preview": "What is the thermal design power of the NVIDIA H100 reference design?", "correlation_id": "01KTVS6X61A47YWFVXN5Y0A15Q", "level": "info", "timestamp": "2026-06-11T16:46:51.671208Z"}
{"node": "assess", "reranked_count": 5, "event": "start", "query_preview": "What is the thermal design power of the NVIDIA H100 reference design?", "correlation_id": "01KTVS6X61A47YWFVXN5Y0A15Q", "level": "info", "timestamp": "2026-06-11T16:46:51.671982Z"}
{"prompt_tag": "assess_sufficiency@v4", "schema": "SufficiencyAssessment", "model": "cyankiwi/Qwen3.5-4B-AWQ-4bit", "max_tokens": 1024, "temperature": 0.1, "top_p": 0.8, "presence_penalty": 1.0, "seed": 42, "message_count": 1, "event": "model_call.start", "query_preview": "What is the thermal design power of the NVIDIA H100 reference design?", "correlation_id": "01KTVS6X61A47YWFVXN5Y0A15Q", "level": "info", "timestamp": "2026-06-11T16:46:51.674470Z"}
Authentication error: Langfuse client initialized without public_key. Client will be disabled. Provide a public_key parameter or set LANGFUSE_PUBLIC_KEY environment variable. 
{"prompt_tag": "assess_sufficiency@v4", "schema": "SufficiencyAssessment", "tokens": 2840, "event": "model_call.done", "query_preview": "What is the thermal design power of the NVIDIA H100 reference design?", "correlation_id": "01KTVS6X61A47YWFVXN5Y0A15Q", "level": "info", "timestamp": "2026-06-11T16:46:52.586885Z"}
{"node": "refuse", "event": "start", "query_preview": "What is the thermal design power of the NVIDIA H100 reference design?", "correlation_id": "01KTVS6X61A47YWFVXN5Y0A15Q", "level": "info", "timestamp": "2026-06-11T16:46:52.588190Z"}
Authentication error: Langfuse client initialized without public_key. Client will be disabled. Provide a public_key parameter or set LANGFUSE_PUBLIC_KEY environment variable. 
{"node": "retrieve", "query_len": 102, "event": "start", "query_preview": "What programming language must I use to write CUDA kernels \u2014 only C++, or are ot", "correlation_id": "01KTVS8NNC4E1T36DYPJ04AN31", "level": "info", "timestamp": "2026-06-11T16:46:52.589805Z"}
{"query_len": 102, "k": 50, "event": "hybrid.start", "query_preview": "What programming language must I use to write CUDA kernels \u2014 only C++, or are ot", "correlation_id": "01KTVS8NNC4E1T36DYPJ04AN31", "level": "info", "timestamp": "2026-06-11T16:46:52.589848Z"}
{"query_len": 102, "k": 50, "dense": 50, "bm25": 0, "fused": 50, "term": false, "event": "hybrid.done", "query_preview": "What programming language must I use to write CUDA kernels \u2014 only C++, or are ot", "correlation_id": "01KTVS8NNC4E1T36DYPJ04AN31", "level": "info", "timestamp": "2026-06-11T16:46:52.706956Z"}
{"node": "retrieve", "candidate_count": 50, "event": "done", "query_preview": "What programming language must I use to write CUDA kernels \u2014 only C++, or are ot", "correlation_id": "01KTVS8NNC4E1T36DYPJ04AN31", "level": "info", "timestamp": "2026-06-11T16:46:52.707929Z"}
{"node": "expand_graph", "reason": "disabled_or_empty", "event": "skip", "query_preview": "What programming language must I use to write CUDA kernels \u2014 only C++, or are ot", "correlation_id": "01KTVS8NNC4E1T36DYPJ04AN31", "level": "info", "timestamp": "2026-06-11T16:46:52.709272Z"}
{"node": "rerank", "candidate_count": 50, "event": "start", "query_preview": "What programming language must I use to write CUDA kernels \u2014 only C++, or are ot", "correlation_id": "01KTVS8NNC4E1T36DYPJ04AN31", "level": "info", "timestamp": "2026-06-11T16:46:52.709768Z"}
{"node": "rerank", "top_k": 5, "source": "mode", "event": "top_k_resolved", "query_preview": "What programming language must I use to write CUDA kernels \u2014 only C++, or are ot", "correlation_id": "01KTVS8NNC4E1T36DYPJ04AN31", "level": "info", "timestamp": "2026-06-11T16:46:52.709814Z"}
{"candidates": 50, "top_k": 5, "backend": "cross_encoder", "event": "rerank.start", "query_preview": "What programming language must I use to write CUDA kernels \u2014 only C++, or are ot", "correlation_id": "01KTVS8NNC4E1T36DYPJ04AN31", "level": "info", "timestamp": "2026-06-11T16:46:52.709836Z"}
{"candidates": 50, "top_k": 5, "backend": "cross_encoder", "returned": 5, "event": "rerank.done", "query_preview": "What programming language must I use to write CUDA kernels \u2014 only C++, or are ot", "correlation_id": "01KTVS8NNC4E1T36DYPJ04AN31", "level": "info", "timestamp": "2026-06-11T16:47:24.234750Z"}
{"node": "rerank", "reranked_count": 5, "event": "done", "query_preview": "What programming language must I use to write CUDA kernels \u2014 only C++, or are ot", "correlation_id": "01KTVS8NNC4E1T36DYPJ04AN31", "level": "info", "timestamp": "2026-06-11T16:47:24.234828Z"}
{"node": "query_tables", "reason": "empty_or_not_table_shaped", "event": "skip", "query_preview": "What programming language must I use to write CUDA kernels \u2014 only C++, or are ot", "correlation_id": "01KTVS8NNC4E1T36DYPJ04AN31", "level": "info", "timestamp": "2026-06-11T16:47:24.236797Z"}
{"node": "assess", "reranked_count": 5, "event": "start", "query_preview": "What programming language must I use to write CUDA kernels \u2014 only C++, or are ot", "correlation_id": "01KTVS8NNC4E1T36DYPJ04AN31", "level": "info", "timestamp": "2026-06-11T16:47:24.237523Z"}
{"prompt_tag": "assess_sufficiency@v4", "schema": "SufficiencyAssessment", "model": "cyankiwi/Qwen3.5-4B-AWQ-4bit", "max_tokens": 1024, "temperature": 0.1, "top_p": 0.8, "presence_penalty": 1.0, "seed": 42, "message_count": 1, "event": "model_call.start", "query_preview": "What programming language must I use to write CUDA kernels \u2014 only C++, or are ot", "correlation_id": "01KTVS8NNC4E1T36DYPJ04AN31", "level": "info", "timestamp": "2026-06-11T16:47:24.239830Z"}
Authentication error: Langfuse client initialized without public_key. Client will be disabled. Provide a public_key parameter or set LANGFUSE_PUBLIC_KEY environment variable. 
{"prompt_tag": "assess_sufficiency@v4", "schema": "SufficiencyAssessment", "tokens": 1316, "event": "model_call.done", "query_preview": "What programming language must I use to write CUDA kernels \u2014 only C++, or are ot", "correlation_id": "01KTVS8NNC4E1T36DYPJ04AN31", "level": "info", "timestamp": "2026-06-11T16:47:24.836164Z"}
{"node": "answer", "regenerate_attempt": 0, "event": "start", "query_preview": "What programming language must I use to write CUDA kernels \u2014 only C++, or are ot", "correlation_id": "01KTVS8NNC4E1T36DYPJ04AN31", "level": "info", "timestamp": "2026-06-11T16:47:24.837728Z"}
{"prompt_tag": "answer@v5", "schema": "DraftAnswer", "model": "cyankiwi/Qwen3.5-4B-AWQ-4bit", "max_tokens": 1800, "temperature": 0.1, "top_p": 0.8, "presence_penalty": 1.0, "seed": 42, "message_count": 2, "event": "model_call.start", "query_preview": "What programming language must I use to write CUDA kernels \u2014 only C++, or are ot", "correlation_id": "01KTVS8NNC4E1T36DYPJ04AN31", "level": "info", "timestamp": "2026-06-11T16:47:24.839737Z"}
Authentication error: Langfuse client initialized without public_key. Client will be disabled. Provide a public_key parameter or set LANGFUSE_PUBLIC_KEY environment variable. 
{"prompt_tag": "answer@v5", "schema": "DraftAnswer", "tokens": 3075, "event": "model_call.done", "query_preview": "What programming language must I use to write CUDA kernels \u2014 only C++, or are ot", "correlation_id": "01KTVS8NNC4E1T36DYPJ04AN31", "level": "info", "timestamp": "2026-06-11T16:47:27.173669Z"}
{"node": "verify", "claim_count": 2, "event": "start", "query_preview": "What programming language must I use to write CUDA kernels \u2014 only C++, or are ot", "correlation_id": "01KTVS8NNC4E1T36DYPJ04AN31", "level": "info", "timestamp": "2026-06-11T16:47:27.174686Z"}
{"prompt_tag": "verify_grounding@v2", "schema": "VerificationResult", "model": "cyankiwi/Qwen3.5-4B-AWQ-4bit", "max_tokens": 1024, "temperature": 0.1, "top_p": 0.8, "presence_penalty": 1.0, "seed": 42, "message_count": 1, "event": "model_call.start", "query_preview": "What programming language must I use to write CUDA kernels \u2014 only C++, or are ot", "correlation_id": "01KTVS8NNC4E1T36DYPJ04AN31", "level": "info", "timestamp": "2026-06-11T16:47:27.179144Z"}
Authentication error: Langfuse client initialized without public_key. Client will be disabled. Provide a public_key parameter or set LANGFUSE_PUBLIC_KEY environment variable. 
{"prompt_tag": "verify_grounding@v2", "schema": "VerificationResult", "tokens": 1319, "event": "model_call.done", "query_preview": "What programming language must I use to write CUDA kernels \u2014 only C++, or are ot", "correlation_id": "01KTVS8NNC4E1T36DYPJ04AN31", "level": "info", "timestamp": "2026-06-11T16:47:27.586475Z"}
{"node": "assess_relevance", "event": "start", "query_preview": "What programming language must I use to write CUDA kernels \u2014 only C++, or are ot", "correlation_id": "01KTVS8NNC4E1T36DYPJ04AN31", "level": "info", "timestamp": "2026-06-11T16:47:27.587987Z"}
{"prompt_tag": "assess_relevance@v3", "schema": "RelevanceAssessment", "model": "cyankiwi/Qwen3.5-4B-AWQ-4bit", "max_tokens": 1024, "temperature": 0.1, "top_p": 0.8, "presence_penalty": 1.0, "seed": 42, "message_count": 1, "event": "model_call.start", "query_preview": "What programming language must I use to write CUDA kernels \u2014 only C++, or are ot", "correlation_id": "01KTVS8NNC4E1T36DYPJ04AN31", "level": "info", "timestamp": "2026-06-11T16:47:27.588994Z"}
Authentication error: Langfuse client initialized without public_key. Client will be disabled. Provide a public_key parameter or set LANGFUSE_PUBLIC_KEY environment variable. 
{"prompt_tag": "assess_relevance@v3", "schema": "RelevanceAssessment", "tokens": 875, "event": "model_call.done", "query_preview": "What programming language must I use to write CUDA kernels \u2014 only C++, or are ot", "correlation_id": "01KTVS8NNC4E1T36DYPJ04AN31", "level": "info", "timestamp": "2026-06-11T16:47:27.949770Z"}
{"node": "assess_relevance", "responsive": true, "event": "relevance", "query_preview": "What programming language must I use to write CUDA kernels \u2014 only C++, or are ot", "correlation_id": "01KTVS8NNC4E1T36DYPJ04AN31", "level": "info", "timestamp": "2026-06-11T16:47:27.949836Z"}
{"node": "compose", "event": "start", "query_preview": "What programming language must I use to write CUDA kernels \u2014 only C++, or are ot", "correlation_id": "01KTVS8NNC4E1T36DYPJ04AN31", "level": "info", "timestamp": "2026-06-11T16:47:27.951541Z"}
Authentication error: Langfuse client initialized without public_key. Client will be disabled. Provide a public_key parameter or set LANGFUSE_PUBLIC_KEY environment variable. 
{"node": "retrieve", "query_len": 81, "event": "start", "query_preview": "What four design principles does the nvmath-python architecture figure highlight", "correlation_id": "01KTVS9R6GZR5G0QREXWMK36VJ", "level": "info", "timestamp": "2026-06-11T16:47:27.953665Z"}
{"query_len": 81, "k": 50, "event": "hybrid.start", "query_preview": "What four design principles does the nvmath-python architecture figure highlight", "correlation_id": "01KTVS9R6GZR5G0QREXWMK36VJ", "level": "info", "timestamp": "2026-06-11T16:47:27.953707Z"}
{"query_len": 81, "k": 50, "dense": 50, "bm25": 0, "fused": 50, "term": false, "event": "hybrid.done", "query_preview": "What four design principles does the nvmath-python architecture figure highlight", "correlation_id": "01KTVS9R6GZR5G0QREXWMK36VJ", "level": "info", "timestamp": "2026-06-11T16:47:28.205952Z"}
{"node": "retrieve", "candidate_count": 50, "event": "done", "query_preview": "What four design principles does the nvmath-python architecture figure highlight", "correlation_id": "01KTVS9R6GZR5G0QREXWMK36VJ", "level": "info", "timestamp": "2026-06-11T16:47:28.206983Z"}
{"query_len": 81, "doc_ids": 1, "k": 50, "event": "hybrid_in_docs.start", "query_preview": "What four design principles does the nvmath-python architecture figure highlight", "correlation_id": "01KTVS9R6GZR5G0QREXWMK36VJ", "level": "info", "timestamp": "2026-06-11T16:47:29.310275Z"}
{"query_len": 81, "doc_ids": 1, "k": 50, "dense": 50, "bm25": 0, "fused": 50, "term": false, "event": "hybrid_in_docs.done", "query_preview": "What four design principles does the nvmath-python architecture figure highlight", "correlation_id": "01KTVS9R6GZR5G0QREXWMK36VJ", "level": "info", "timestamp": "2026-06-11T16:47:30.425999Z"}
{"node": "resolve_artifact_scope", "via": "dominant", "arttype": "figure", "doc_ids": ["2f96ae1c-s62400-cuda-new-features-and-beyond-171114580640"], "scoped_count": 50, "replaced_from": 50, "event": "scoped", "query_preview": "What four design principles does the nvmath-python architecture figure highlight", "correlation_id": "01KTVS9R6GZR5G0QREXWMK36VJ", "level": "info", "timestamp": "2026-06-11T16:47:30.427075Z"}
{"node": "expand_graph", "reason": "disabled_or_empty", "event": "skip", "query_preview": "What four design principles does the nvmath-python architecture figure highlight", "correlation_id": "01KTVS9R6GZR5G0QREXWMK36VJ", "level": "info", "timestamp": "2026-06-11T16:47:30.427892Z"}
{"node": "rerank", "candidate_count": 50, "event": "start", "query_preview": "What four design principles does the nvmath-python architecture figure highlight", "correlation_id": "01KTVS9R6GZR5G0QREXWMK36VJ", "level": "info", "timestamp": "2026-06-11T16:47:30.428462Z"}
{"node": "rerank", "top_k": 5, "source": "mode", "event": "top_k_resolved", "query_preview": "What four design principles does the nvmath-python architecture figure highlight", "correlation_id": "01KTVS9R6GZR5G0QREXWMK36VJ", "level": "info", "timestamp": "2026-06-11T16:47:30.428509Z"}
{"candidates": 50, "top_k": 5, "backend": "cross_encoder", "event": "rerank.start", "query_preview": "What four design principles does the nvmath-python architecture figure highlight", "correlation_id": "01KTVS9R6GZR5G0QREXWMK36VJ", "level": "info", "timestamp": "2026-06-11T16:47:30.428531Z"}
{"candidates": 50, "top_k": 5, "backend": "cross_encoder", "returned": 5, "event": "rerank.done", "query_preview": "What four design principles does the nvmath-python architecture figure highlight", "correlation_id": "01KTVS9R6GZR5G0QREXWMK36VJ", "level": "info", "timestamp": "2026-06-11T16:47:58.560904Z"}
{"node": "rerank", "reranked_count": 5, "event": "done", "query_preview": "What four design principles does the nvmath-python architecture figure highlight", "correlation_id": "01KTVS9R6GZR5G0QREXWMK36VJ", "level": "info", "timestamp": "2026-06-11T16:47:58.560985Z"}
{"node": "query_tables", "reason": "empty_or_not_table_shaped", "event": "skip", "query_preview": "What four design principles does the nvmath-python architecture figure highlight", "correlation_id": "01KTVS9R6GZR5G0QREXWMK36VJ", "level": "info", "timestamp": "2026-06-11T16:47:58.562627Z"}
{"node": "assess", "reranked_count": 5, "event": "start", "query_preview": "What four design principles does the nvmath-python architecture figure highlight", "correlation_id": "01KTVS9R6GZR5G0QREXWMK36VJ", "level": "info", "timestamp": "2026-06-11T16:47:58.563238Z"}
{"prompt_tag": "assess_sufficiency@v4", "schema": "SufficiencyAssessment", "model": "cyankiwi/Qwen3.5-4B-AWQ-4bit", "max_tokens": 1024, "temperature": 0.1, "top_p": 0.8, "presence_penalty": 1.0, "seed": 42, "message_count": 1, "event": "model_call.start", "query_preview": "What four design principles does the nvmath-python architecture figure highlight", "correlation_id": "01KTVS9R6GZR5G0QREXWMK36VJ", "level": "info", "timestamp": "2026-06-11T16:47:58.564811Z"}
Authentication error: Langfuse client initialized without public_key. Client will be disabled. Provide a public_key parameter or set LANGFUSE_PUBLIC_KEY environment variable. 
{"prompt_tag": "assess_sufficiency@v4", "schema": "SufficiencyAssessment", "tokens": 1307, "event": "model_call.done", "query_preview": "What four design principles does the nvmath-python architecture figure highlight", "correlation_id": "01KTVS9R6GZR5G0QREXWMK36VJ", "level": "info", "timestamp": "2026-06-11T16:47:59.238328Z"}
{"node": "answer", "regenerate_attempt": 0, "event": "start", "query_preview": "What four design principles does the nvmath-python architecture figure highlight", "correlation_id": "01KTVS9R6GZR5G0QREXWMK36VJ", "level": "info", "timestamp": "2026-06-11T16:47:59.239615Z"}
{"prompt_tag": "answer@v5", "schema": "DraftAnswer", "model": "cyankiwi/Qwen3.5-4B-AWQ-4bit", "max_tokens": 1800, "temperature": 0.1, "top_p": 0.8, "presence_penalty": 1.0, "seed": 42, "message_count": 2, "event": "model_call.start", "query_preview": "What four design principles does the nvmath-python architecture figure highlight", "correlation_id": "01KTVS9R6GZR5G0QREXWMK36VJ", "level": "info", "timestamp": "2026-06-11T16:47:59.241608Z"}
Authentication error: Langfuse client initialized without public_key. Client will be disabled. Provide a public_key parameter or set LANGFUSE_PUBLIC_KEY environment variable. 
{"prompt_tag": "answer@v5", "schema": "DraftAnswer", "tokens": 2899, "event": "model_call.done", "query_preview": "What four design principles does the nvmath-python architecture figure highlight", "correlation_id": "01KTVS9R6GZR5G0QREXWMK36VJ", "level": "info", "timestamp": "2026-06-11T16:48:00.180377Z"}
{"node": "verify", "claim_count": 0, "event": "start", "query_preview": "What four design principles does the nvmath-python architecture figure highlight", "correlation_id": "01KTVS9R6GZR5G0QREXWMK36VJ", "level": "info", "timestamp": "2026-06-11T16:48:00.181189Z"}
{"node": "verify", "event": "empty_draft_shortcircuit", "query_preview": "What four design principles does the nvmath-python architecture figure highlight", "correlation_id": "01KTVS9R6GZR5G0QREXWMK36VJ", "level": "info", "timestamp": "2026-06-11T16:48:00.181222Z"}
{"node": "assess_relevance", "event": "start", "query_preview": "What four design principles does the nvmath-python architecture figure highlight", "correlation_id": "01KTVS9R6GZR5G0QREXWMK36VJ", "level": "info", "timestamp": "2026-06-11T16:48:00.182146Z"}
{"prompt_tag": "assess_relevance@v3", "schema": "RelevanceAssessment", "model": "cyankiwi/Qwen3.5-4B-AWQ-4bit", "max_tokens": 1024, "temperature": 0.1, "top_p": 0.8, "presence_penalty": 1.0, "seed": 42, "message_count": 1, "event": "model_call.start", "query_preview": "What four design principles does the nvmath-python architecture figure highlight", "correlation_id": "01KTVS9R6GZR5G0QREXWMK36VJ", "level": "info", "timestamp": "2026-06-11T16:48:00.183102Z"}
Authentication error: Langfuse client initialized without public_key. Client will be disabled. Provide a public_key parameter or set LANGFUSE_PUBLIC_KEY environment variable. 
{"prompt_tag": "assess_relevance@v3", "schema": "RelevanceAssessment", "tokens": 871, "event": "model_call.done", "query_preview": "What four design principles does the nvmath-python architecture figure highlight", "correlation_id": "01KTVS9R6GZR5G0QREXWMK36VJ", "level": "info", "timestamp": "2026-06-11T16:48:00.655668Z"}
{"node": "assess_relevance", "responsive": false, "event": "relevance", "query_preview": "What four design principles does the nvmath-python architecture figure highlight", "correlation_id": "01KTVS9R6GZR5G0QREXWMK36VJ", "level": "info", "timestamp": "2026-06-11T16:48:00.655782Z"}
{"node": "refuse", "event": "start", "query_preview": "What four design principles does the nvmath-python architecture figure highlight", "correlation_id": "01KTVS9R6GZR5G0QREXWMK36VJ", "level": "info", "timestamp": "2026-06-11T16:48:00.657127Z"}
Authentication error: Langfuse client initialized without public_key. Client will be disabled. Provide a public_key parameter or set LANGFUSE_PUBLIC_KEY environment variable. 
{"node": "retrieve", "query_len": 115, "event": "start", "query_preview": "What duration is shown for the CameraGestureBase_accumulate_values operation in ", "correlation_id": "01KTVSAR4HNQGX0X0KHKWPAT52", "level": "info", "timestamp": "2026-06-11T16:48:00.658697Z"}
{"query_len": 115, "k": 50, "event": "hybrid.start", "query_preview": "What duration is shown for the CameraGestureBase_accumulate_values operation in ", "correlation_id": "01KTVSAR4HNQGX0X0KHKWPAT52", "level": "info", "timestamp": "2026-06-11T16:48:00.658735Z"}
{"query_len": 115, "k": 50, "dense": 50, "bm25": 50, "fused": 50, "term": true, "event": "hybrid.done", "query_preview": "What duration is shown for the CameraGestureBase_accumulate_values operation in ", "correlation_id": "01KTVSAR4HNQGX0X0KHKWPAT52", "level": "info", "timestamp": "2026-06-11T16:48:00.738951Z"}
{"node": "retrieve", "candidate_count": 50, "event": "done", "query_preview": "What duration is shown for the CameraGestureBase_accumulate_values operation in ", "correlation_id": "01KTVSAR4HNQGX0X0KHKWPAT52", "level": "info", "timestamp": "2026-06-11T16:48:00.739855Z"}
{"query_len": 115, "doc_ids": 1, "k": 50, "event": "hybrid_in_docs.start", "query_preview": "What duration is shown for the CameraGestureBase_accumulate_values operation in ", "correlation_id": "01KTVSAR4HNQGX0X0KHKWPAT52", "level": "info", "timestamp": "2026-06-11T16:48:00.743391Z"}
{"query_len": 115, "doc_ids": 1, "k": 50, "dense": 50, "bm25": 32, "fused": 50, "term": true, "event": "hybrid_in_docs.done", "query_preview": "What duration is shown for the CameraGestureBase_accumulate_values operation in ", "correlation_id": "01KTVSAR4HNQGX0X0KHKWPAT52", "level": "info", "timestamp": "2026-06-11T16:48:00.807579Z"}
{"node": "resolve_artifact_scope", "via": "dominant", "arttype": "figure", "doc_ids": ["2f96ae1c-s62400-cuda-new-features-and-beyond-171114580640"], "scoped_count": 50, "replaced_from": 50, "event": "scoped", "query_preview": "What duration is shown for the CameraGestureBase_accumulate_values operation in ", "correlation_id": "01KTVSAR4HNQGX0X0KHKWPAT52", "level": "info", "timestamp": "2026-06-11T16:48:00.808673Z"}
{"node": "expand_graph", "reason": "disabled_or_empty", "event": "skip", "query_preview": "What duration is shown for the CameraGestureBase_accumulate_values operation in ", "correlation_id": "01KTVSAR4HNQGX0X0KHKWPAT52", "level": "info", "timestamp": "2026-06-11T16:48:00.809527Z"}
{"node": "rerank", "candidate_count": 50, "event": "start", "query_preview": "What duration is shown for the CameraGestureBase_accumulate_values operation in ", "correlation_id": "01KTVSAR4HNQGX0X0KHKWPAT52", "level": "info", "timestamp": "2026-06-11T16:48:00.810104Z"}
{"node": "rerank", "top_k": 5, "source": "mode", "event": "top_k_resolved", "query_preview": "What duration is shown for the CameraGestureBase_accumulate_values operation in ", "correlation_id": "01KTVSAR4HNQGX0X0KHKWPAT52", "level": "info", "timestamp": "2026-06-11T16:48:00.810157Z"}
{"candidates": 50, "top_k": 5, "backend": "cross_encoder", "event": "rerank.start", "query_preview": "What duration is shown for the CameraGestureBase_accumulate_values operation in ", "correlation_id": "01KTVSAR4HNQGX0X0KHKWPAT52", "level": "info", "timestamp": "2026-06-11T16:48:00.810185Z"}
{"candidates": 50, "top_k": 5, "backend": "cross_encoder", "returned": 5, "event": "rerank.done", "query_preview": "What duration is shown for the CameraGestureBase_accumulate_values operation in ", "correlation_id": "01KTVSAR4HNQGX0X0KHKWPAT52", "level": "info", "timestamp": "2026-06-11T16:48:33.431651Z"}
{"node": "rerank", "reranked_count": 5, "event": "done", "query_preview": "What duration is shown for the CameraGestureBase_accumulate_values operation in ", "correlation_id": "01KTVSAR4HNQGX0X0KHKWPAT52", "level": "info", "timestamp": "2026-06-11T16:48:33.434391Z"}
{"node": "query_tables", "reason": "empty_or_not_table_shaped", "event": "skip", "query_preview": "What duration is shown for the CameraGestureBase_accumulate_values operation in ", "correlation_id": "01KTVSAR4HNQGX0X0KHKWPAT52", "level": "info", "timestamp": "2026-06-11T16:48:33.436024Z"}
{"node": "assess", "reranked_count": 5, "event": "start", "query_preview": "What duration is shown for the CameraGestureBase_accumulate_values operation in ", "correlation_id": "01KTVSAR4HNQGX0X0KHKWPAT52", "level": "info", "timestamp": "2026-06-11T16:48:33.436605Z"}
{"prompt_tag": "assess_sufficiency@v4", "schema": "SufficiencyAssessment", "model": "cyankiwi/Qwen3.5-4B-AWQ-4bit", "max_tokens": 1024, "temperature": 0.1, "top_p": 0.8, "presence_penalty": 1.0, "seed": 42, "message_count": 1, "event": "model_call.start", "query_preview": "What duration is shown for the CameraGestureBase_accumulate_values operation in ", "correlation_id": "01KTVSAR4HNQGX0X0KHKWPAT52", "level": "info", "timestamp": "2026-06-11T16:48:33.438160Z"}
Authentication error: Langfuse client initialized without public_key. Client will be disabled. Provide a public_key parameter or set LANGFUSE_PUBLIC_KEY environment variable. 
{"prompt_tag": "assess_sufficiency@v4", "schema": "SufficiencyAssessment", "tokens": 1750, "event": "model_call.done", "query_preview": "What duration is shown for the CameraGestureBase_accumulate_values operation in ", "correlation_id": "01KTVSAR4HNQGX0X0KHKWPAT52", "level": "info", "timestamp": "2026-06-11T16:48:34.182415Z"}
{"node": "answer", "regenerate_attempt": 0, "event": "start", "query_preview": "What duration is shown for the CameraGestureBase_accumulate_values operation in ", "correlation_id": "01KTVSAR4HNQGX0X0KHKWPAT52", "level": "info", "timestamp": "2026-06-11T16:48:34.183870Z"}
{"prompt_tag": "answer@v5", "schema": "DraftAnswer", "model": "cyankiwi/Qwen3.5-4B-AWQ-4bit", "max_tokens": 1800, "temperature": 0.1, "top_p": 0.8, "presence_penalty": 1.0, "seed": 42, "message_count": 2, "event": "model_call.start", "query_preview": "What duration is shown for the CameraGestureBase_accumulate_values operation in ", "correlation_id": "01KTVSAR4HNQGX0X0KHKWPAT52", "level": "info", "timestamp": "2026-06-11T16:48:34.186586Z"}
Authentication error: Langfuse client initialized without public_key. Client will be disabled. Provide a public_key parameter or set LANGFUSE_PUBLIC_KEY environment variable. 
{"prompt_tag": "answer@v5", "schema": "DraftAnswer", "tokens": 3410, "event": "model_call.done", "query_preview": "What duration is shown for the CameraGestureBase_accumulate_values operation in ", "correlation_id": "01KTVSAR4HNQGX0X0KHKWPAT52", "level": "info", "timestamp": "2026-06-11T16:48:35.786472Z"}
{"node": "verify", "claim_count": 1, "event": "start", "query_preview": "What duration is shown for the CameraGestureBase_accumulate_values operation in ", "correlation_id": "01KTVSAR4HNQGX0X0KHKWPAT52", "level": "info", "timestamp": "2026-06-11T16:48:35.789388Z"}
{"prompt_tag": "verify_grounding@v2", "schema": "VerificationResult", "model": "cyankiwi/Qwen3.5-4B-AWQ-4bit", "max_tokens": 1024, "temperature": 0.1, "top_p": 0.8, "presence_penalty": 1.0, "seed": 42, "message_count": 1, "event": "model_call.start", "query_preview": "What duration is shown for the CameraGestureBase_accumulate_values operation in ", "correlation_id": "01KTVSAR4HNQGX0X0KHKWPAT52", "level": "info", "timestamp": "2026-06-11T16:48:35.793396Z"}
Authentication error: Langfuse client initialized without public_key. Client will be disabled. Provide a public_key parameter or set LANGFUSE_PUBLIC_KEY environment variable. 
{"prompt_tag": "verify_grounding@v2", "schema": "VerificationResult", "tokens": 1431, "event": "model_call.done", "query_preview": "What duration is shown for the CameraGestureBase_accumulate_values operation in ", "correlation_id": "01KTVSAR4HNQGX0X0KHKWPAT52", "level": "info", "timestamp": "2026-06-11T16:48:36.193654Z"}
{"node": "assess_relevance", "event": "start", "query_preview": "What duration is shown for the CameraGestureBase_accumulate_values operation in ", "correlation_id": "01KTVSAR4HNQGX0X0KHKWPAT52", "level": "info", "timestamp": "2026-06-11T16:48:36.195050Z"}
{"prompt_tag": "assess_relevance@v3", "schema": "RelevanceAssessment", "model": "cyankiwi/Qwen3.5-4B-AWQ-4bit", "max_tokens": 1024, "temperature": 0.1, "top_p": 0.8, "presence_penalty": 1.0, "seed": 42, "message_count": 1, "event": "model_call.start", "query_preview": "What duration is shown for the CameraGestureBase_accumulate_values operation in ", "correlation_id": "01KTVSAR4HNQGX0X0KHKWPAT52", "level": "info", "timestamp": "2026-06-11T16:48:36.196364Z"}
Authentication error: Langfuse client initialized without public_key. Client will be disabled. Provide a public_key parameter or set LANGFUSE_PUBLIC_KEY environment variable. 
{"prompt_tag": "assess_relevance@v3", "schema": "RelevanceAssessment", "tokens": 867, "event": "model_call.done", "query_preview": "What duration is shown for the CameraGestureBase_accumulate_values operation in ", "correlation_id": "01KTVSAR4HNQGX0X0KHKWPAT52", "level": "info", "timestamp": "2026-06-11T16:48:36.626440Z"}
{"node": "assess_relevance", "responsive": true, "event": "relevance", "query_preview": "What duration is shown for the CameraGestureBase_accumulate_values operation in ", "correlation_id": "01KTVSAR4HNQGX0X0KHKWPAT52", "level": "info", "timestamp": "2026-06-11T16:48:36.626493Z"}
{"node": "compose", "event": "start", "query_preview": "What duration is shown for the CameraGestureBase_accumulate_values operation in ", "correlation_id": "01KTVSAR4HNQGX0X0KHKWPAT52", "level": "info", "timestamp": "2026-06-11T16:48:36.627877Z"}
Authentication error: Langfuse client initialized without public_key. Client will be disabled. Provide a public_key parameter or set LANGFUSE_PUBLIC_KEY environment variable. 
{"node": "retrieve", "query_len": 110, "event": "start", "query_preview": "Per the nvmath-python architectural figure, which existing Python numeric librar", "correlation_id": "01KTVSBV8M7JYT1AF2180DW0PD", "level": "info", "timestamp": "2026-06-11T16:48:36.629695Z"}
{"query_len": 110, "k": 50, "event": "hybrid.start", "query_preview": "Per the nvmath-python architectural figure, which existing Python numeric librar", "correlation_id": "01KTVSBV8M7JYT1AF2180DW0PD", "level": "info", "timestamp": "2026-06-11T16:48:36.629732Z"}
{"query_len": 110, "k": 50, "dense": 50, "bm25": 0, "fused": 50, "term": false, "event": "hybrid.done", "query_preview": "Per the nvmath-python architectural figure, which existing Python numeric librar", "correlation_id": "01KTVSBV8M7JYT1AF2180DW0PD", "level": "info", "timestamp": "2026-06-11T16:48:36.727670Z"}
{"node": "retrieve", "candidate_count": 50, "event": "done", "query_preview": "Per the nvmath-python architectural figure, which existing Python numeric librar", "correlation_id": "01KTVSBV8M7JYT1AF2180DW0PD", "level": "info", "timestamp": "2026-06-11T16:48:36.728678Z"}
{"query_len": 110, "doc_ids": 1, "k": 50, "event": "hybrid_in_docs.start", "query_preview": "Per the nvmath-python architectural figure, which existing Python numeric librar", "correlation_id": "01KTVSBV8M7JYT1AF2180DW0PD", "level": "info", "timestamp": "2026-06-11T16:48:36.732124Z"}
{"query_len": 110, "doc_ids": 1, "k": 50, "dense": 50, "bm25": 0, "fused": 50, "term": false, "event": "hybrid_in_docs.done", "query_preview": "Per the nvmath-python architectural figure, which existing Python numeric librar", "correlation_id": "01KTVSBV8M7JYT1AF2180DW0PD", "level": "info", "timestamp": "2026-06-11T16:48:36.816321Z"}
{"node": "resolve_artifact_scope", "via": "dominant", "arttype": "figure", "doc_ids": ["2f96ae1c-s62400-cuda-new-features-and-beyond-171114580640"], "scoped_count": 50, "replaced_from": 50, "event": "scoped", "query_preview": "Per the nvmath-python architectural figure, which existing Python numeric librar", "correlation_id": "01KTVSBV8M7JYT1AF2180DW0PD", "level": "info", "timestamp": "2026-06-11T16:48:36.817484Z"}
{"node": "expand_graph", "reason": "disabled_or_empty", "event": "skip", "query_preview": "Per the nvmath-python architectural figure, which existing Python numeric librar", "correlation_id": "01KTVSBV8M7JYT1AF2180DW0PD", "level": "info", "timestamp": "2026-06-11T16:48:36.818328Z"}
{"node": "rerank", "candidate_count": 50, "event": "start", "query_preview": "Per the nvmath-python architectural figure, which existing Python numeric librar", "correlation_id": "01KTVSBV8M7JYT1AF2180DW0PD", "level": "info", "timestamp": "2026-06-11T16:48:36.818924Z"}
{"node": "rerank", "top_k": 5, "source": "mode", "event": "top_k_resolved", "query_preview": "Per the nvmath-python architectural figure, which existing Python numeric librar", "correlation_id": "01KTVSBV8M7JYT1AF2180DW0PD", "level": "info", "timestamp": "2026-06-11T16:48:36.818970Z"}
{"candidates": 50, "top_k": 5, "backend": "cross_encoder", "event": "rerank.start", "query_preview": "Per the nvmath-python architectural figure, which existing Python numeric librar", "correlation_id": "01KTVSBV8M7JYT1AF2180DW0PD", "level": "info", "timestamp": "2026-06-11T16:48:36.818991Z"}
{"candidates": 50, "top_k": 5, "backend": "cross_encoder", "returned": 5, "event": "rerank.done", "query_preview": "Per the nvmath-python architectural figure, which existing Python numeric librar", "correlation_id": "01KTVSBV8M7JYT1AF2180DW0PD", "level": "info", "timestamp": "2026-06-11T16:49:04.585501Z"}
{"node": "rerank", "reranked_count": 5, "event": "done", "query_preview": "Per the nvmath-python architectural figure, which existing Python numeric librar", "correlation_id": "01KTVSBV8M7JYT1AF2180DW0PD", "level": "info", "timestamp": "2026-06-11T16:49:04.590332Z"}
{"node": "query_tables", "reason": "empty_or_not_table_shaped", "event": "skip", "query_preview": "Per the nvmath-python architectural figure, which existing Python numeric librar", "correlation_id": "01KTVSBV8M7JYT1AF2180DW0PD", "level": "info", "timestamp": "2026-06-11T16:49:04.592319Z"}
{"node": "assess", "reranked_count": 5, "event": "start", "query_preview": "Per the nvmath-python architectural figure, which existing Python numeric librar", "correlation_id": "01KTVSBV8M7JYT1AF2180DW0PD", "level": "info", "timestamp": "2026-06-11T16:49:04.593099Z"}
{"prompt_tag": "assess_sufficiency@v4", "schema": "SufficiencyAssessment", "model": "cyankiwi/Qwen3.5-4B-AWQ-4bit", "max_tokens": 1024, "temperature": 0.1, "top_p": 0.8, "presence_penalty": 1.0, "seed": 42, "message_count": 1, "event": "model_call.start", "query_preview": "Per the nvmath-python architectural figure, which existing Python numeric librar", "correlation_id": "01KTVSBV8M7JYT1AF2180DW0PD", "level": "info", "timestamp": "2026-06-11T16:49:04.595302Z"}
Authentication error: Langfuse client initialized without public_key. Client will be disabled. Provide a public_key parameter or set LANGFUSE_PUBLIC_KEY environment variable. 
{"prompt_tag": "assess_sufficiency@v4", "schema": "SufficiencyAssessment", "tokens": 1424, "event": "model_call.done", "query_preview": "Per the nvmath-python architectural figure, which existing Python numeric librar", "correlation_id": "01KTVSBV8M7JYT1AF2180DW0PD", "level": "info", "timestamp": "2026-06-11T16:49:05.380767Z"}
{"node": "answer", "regenerate_attempt": 0, "event": "start", "query_preview": "Per the nvmath-python architectural figure, which existing Python numeric librar", "correlation_id": "01KTVSBV8M7JYT1AF2180DW0PD", "level": "info", "timestamp": "2026-06-11T16:49:05.382162Z"}
{"prompt_tag": "answer@v5", "schema": "DraftAnswer", "model": "cyankiwi/Qwen3.5-4B-AWQ-4bit", "max_tokens": 1800, "temperature": 0.1, "top_p": 0.8, "presence_penalty": 1.0, "seed": 42, "message_count": 2, "event": "model_call.start", "query_preview": "Per the nvmath-python architectural figure, which existing Python numeric librar", "correlation_id": "01KTVSBV8M7JYT1AF2180DW0PD", "level": "info", "timestamp": "2026-06-11T16:49:05.384178Z"}
Authentication error: Langfuse client initialized without public_key. Client will be disabled. Provide a public_key parameter or set LANGFUSE_PUBLIC_KEY environment variable. 
{"prompt_tag": "answer@v5", "schema": "DraftAnswer", "tokens": 3084, "event": "model_call.done", "query_preview": "Per the nvmath-python architectural figure, which existing Python numeric librar", "correlation_id": "01KTVSBV8M7JYT1AF2180DW0PD", "level": "info", "timestamp": "2026-06-11T16:49:07.023281Z"}
{"node": "verify", "claim_count": 1, "event": "start", "query_preview": "Per the nvmath-python architectural figure, which existing Python numeric librar", "correlation_id": "01KTVSBV8M7JYT1AF2180DW0PD", "level": "info", "timestamp": "2026-06-11T16:49:07.024144Z"}
{"prompt_tag": "verify_grounding@v2", "schema": "VerificationResult", "model": "cyankiwi/Qwen3.5-4B-AWQ-4bit", "max_tokens": 1024, "temperature": 0.1, "top_p": 0.8, "presence_penalty": 1.0, "seed": 42, "message_count": 1, "event": "model_call.start", "query_preview": "Per the nvmath-python architectural figure, which existing Python numeric librar", "correlation_id": "01KTVSBV8M7JYT1AF2180DW0PD", "level": "info", "timestamp": "2026-06-11T16:49:07.027276Z"}
Authentication error: Langfuse client initialized without public_key. Client will be disabled. Provide a public_key parameter or set LANGFUSE_PUBLIC_KEY environment variable. 
{"prompt_tag": "verify_grounding@v2", "schema": "VerificationResult", "tokens": 1344, "event": "model_call.done", "query_preview": "Per the nvmath-python architectural figure, which existing Python numeric librar", "correlation_id": "01KTVSBV8M7JYT1AF2180DW0PD", "level": "info", "timestamp": "2026-06-11T16:49:07.414171Z"}
{"node": "assess_relevance", "event": "start", "query_preview": "Per the nvmath-python architectural figure, which existing Python numeric librar", "correlation_id": "01KTVSBV8M7JYT1AF2180DW0PD", "level": "info", "timestamp": "2026-06-11T16:49:07.415844Z"}
{"prompt_tag": "assess_relevance@v3", "schema": "RelevanceAssessment", "model": "cyankiwi/Qwen3.5-4B-AWQ-4bit", "max_tokens": 1024, "temperature": 0.1, "top_p": 0.8, "presence_penalty": 1.0, "seed": 42, "message_count": 1, "event": "model_call.start", "query_preview": "Per the nvmath-python architectural figure, which existing Python numeric librar", "correlation_id": "01KTVSBV8M7JYT1AF2180DW0PD", "level": "info", "timestamp": "2026-06-11T16:49:07.416905Z"}
Authentication error: Langfuse client initialized without public_key. Client will be disabled. Provide a public_key parameter or set LANGFUSE_PUBLIC_KEY environment variable. 
{"prompt_tag": "assess_relevance@v3", "schema": "RelevanceAssessment", "tokens": 874, "event": "model_call.done", "query_preview": "Per the nvmath-python architectural figure, which existing Python numeric librar", "correlation_id": "01KTVSBV8M7JYT1AF2180DW0PD", "level": "info", "timestamp": "2026-06-11T16:49:07.854471Z"}
{"node": "assess_relevance", "responsive": true, "event": "relevance", "query_preview": "Per the nvmath-python architectural figure, which existing Python numeric librar", "correlation_id": "01KTVSBV8M7JYT1AF2180DW0PD", "level": "info", "timestamp": "2026-06-11T16:49:07.854523Z"}
{"node": "compose", "event": "start", "query_preview": "Per the nvmath-python architectural figure, which existing Python numeric librar", "correlation_id": "01KTVSBV8M7JYT1AF2180DW0PD", "level": "info", "timestamp": "2026-06-11T16:49:07.855934Z"}
Authentication error: Langfuse client initialized without public_key. Client will be disabled. Provide a public_key parameter or set LANGFUSE_PUBLIC_KEY environment variable. 
{"node": "retrieve", "query_len": 74, "event": "start", "query_preview": "According to the deck, what is the memory bandwidth of the AMD MI300X GPU?", "correlation_id": "01KTVSCSRGR86QHK9CCPSTYHGN", "level": "info", "timestamp": "2026-06-11T16:49:07.857402Z"}
{"query_len": 74, "k": 50, "event": "hybrid.start", "query_preview": "According to the deck, what is the memory bandwidth of the AMD MI300X GPU?", "correlation_id": "01KTVSCSRGR86QHK9CCPSTYHGN", "level": "info", "timestamp": "2026-06-11T16:49:07.857436Z"}
{"query_len": 74, "k": 50, "dense": 50, "bm25": 0, "fused": 50, "term": false, "event": "hybrid.done", "query_preview": "According to the deck, what is the memory bandwidth of the AMD MI300X GPU?", "correlation_id": "01KTVSCSRGR86QHK9CCPSTYHGN", "level": "info", "timestamp": "2026-06-11T16:49:07.940174Z"}
{"node": "retrieve", "candidate_count": 50, "event": "done", "query_preview": "According to the deck, what is the memory bandwidth of the AMD MI300X GPU?", "correlation_id": "01KTVSCSRGR86QHK9CCPSTYHGN", "level": "info", "timestamp": "2026-06-11T16:49:07.941184Z"}
{"node": "expand_graph", "reason": "disabled_or_empty", "event": "skip", "query_preview": "According to the deck, what is the memory bandwidth of the AMD MI300X GPU?", "correlation_id": "01KTVSCSRGR86QHK9CCPSTYHGN", "level": "info", "timestamp": "2026-06-11T16:49:07.942526Z"}
{"node": "rerank", "candidate_count": 50, "event": "start", "query_preview": "According to the deck, what is the memory bandwidth of the AMD MI300X GPU?", "correlation_id": "01KTVSCSRGR86QHK9CCPSTYHGN", "level": "info", "timestamp": "2026-06-11T16:49:07.943054Z"}
{"node": "rerank", "top_k": 5, "source": "mode", "event": "top_k_resolved", "query_preview": "According to the deck, what is the memory bandwidth of the AMD MI300X GPU?", "correlation_id": "01KTVSCSRGR86QHK9CCPSTYHGN", "level": "info", "timestamp": "2026-06-11T16:49:07.943104Z"}
{"candidates": 50, "top_k": 5, "backend": "cross_encoder", "event": "rerank.start", "query_preview": "According to the deck, what is the memory bandwidth of the AMD MI300X GPU?", "correlation_id": "01KTVSCSRGR86QHK9CCPSTYHGN", "level": "info", "timestamp": "2026-06-11T16:49:07.943128Z"}
{"candidates": 50, "top_k": 5, "backend": "cross_encoder", "returned": 5, "event": "rerank.done", "query_preview": "According to the deck, what is the memory bandwidth of the AMD MI300X GPU?", "correlation_id": "01KTVSCSRGR86QHK9CCPSTYHGN", "level": "info", "timestamp": "2026-06-11T16:49:35.480651Z"}
{"node": "rerank", "reranked_count": 5, "event": "done", "query_preview": "According to the deck, what is the memory bandwidth of the AMD MI300X GPU?", "correlation_id": "01KTVSCSRGR86QHK9CCPSTYHGN", "level": "info", "timestamp": "2026-06-11T16:49:35.480727Z"}
{"node": "query_tables", "reason": "empty_or_not_table_shaped", "event": "skip", "query_preview": "According to the deck, what is the memory bandwidth of the AMD MI300X GPU?", "correlation_id": "01KTVSCSRGR86QHK9CCPSTYHGN", "level": "info", "timestamp": "2026-06-11T16:49:35.482260Z"}
{"node": "assess", "reranked_count": 5, "event": "start", "query_preview": "According to the deck, what is the memory bandwidth of the AMD MI300X GPU?", "correlation_id": "01KTVSCSRGR86QHK9CCPSTYHGN", "level": "info", "timestamp": "2026-06-11T16:49:35.482801Z"}
{"prompt_tag": "assess_sufficiency@v4", "schema": "SufficiencyAssessment", "model": "cyankiwi/Qwen3.5-4B-AWQ-4bit", "max_tokens": 1024, "temperature": 0.1, "top_p": 0.8, "presence_penalty": 1.0, "seed": 42, "message_count": 1, "event": "model_call.start", "query_preview": "According to the deck, what is the memory bandwidth of the AMD MI300X GPU?", "correlation_id": "01KTVSCSRGR86QHK9CCPSTYHGN", "level": "info", "timestamp": "2026-06-11T16:49:35.484287Z"}
Authentication error: Langfuse client initialized without public_key. Client will be disabled. Provide a public_key parameter or set LANGFUSE_PUBLIC_KEY environment variable. 
{"prompt_tag": "assess_sufficiency@v4", "schema": "SufficiencyAssessment", "tokens": 1379, "event": "model_call.done", "query_preview": "According to the deck, what is the memory bandwidth of the AMD MI300X GPU?", "correlation_id": "01KTVSCSRGR86QHK9CCPSTYHGN", "level": "info", "timestamp": "2026-06-11T16:49:36.058588Z"}
{"node": "answer", "regenerate_attempt": 0, "event": "start", "query_preview": "According to the deck, what is the memory bandwidth of the AMD MI300X GPU?", "correlation_id": "01KTVSCSRGR86QHK9CCPSTYHGN", "level": "info", "timestamp": "2026-06-11T16:49:36.059927Z"}
{"prompt_tag": "answer@v5", "schema": "DraftAnswer", "model": "cyankiwi/Qwen3.5-4B-AWQ-4bit", "max_tokens": 1800, "temperature": 0.1, "top_p": 0.8, "presence_penalty": 1.0, "seed": 42, "message_count": 2, "event": "model_call.start", "query_preview": "According to the deck, what is the memory bandwidth of the AMD MI300X GPU?", "correlation_id": "01KTVSCSRGR86QHK9CCPSTYHGN", "level": "info", "timestamp": "2026-06-11T16:49:36.061900Z"}
Authentication error: Langfuse client initialized without public_key. Client will be disabled. Provide a public_key parameter or set LANGFUSE_PUBLIC_KEY environment variable. 
{"prompt_tag": "answer@v5", "schema": "DraftAnswer", "tokens": 2956, "event": "model_call.done", "query_preview": "According to the deck, what is the memory bandwidth of the AMD MI300X GPU?", "correlation_id": "01KTVSCSRGR86QHK9CCPSTYHGN", "level": "info", "timestamp": "2026-06-11T16:49:36.752523Z"}
{"node": "answer", "summary_head": "The chunks discuss the Hopper GPU architecture with CPU LPDDR5X and GPU HBM3 memory systems, but do not mention AMD MI30", "event": "answer.denial_reframe_retry", "query_preview": "According to the deck, what is the memory bandwidth of the AMD MI300X GPU?", "correlation_id": "01KTVSCSRGR86QHK9CCPSTYHGN", "level": "info", "timestamp": "2026-06-11T16:49:36.752614Z"}
{"prompt_tag": "answer@v5", "schema": "DraftAnswer", "model": "cyankiwi/Qwen3.5-4B-AWQ-4bit", "max_tokens": 1800, "temperature": 0.1, "top_p": 0.8, "presence_penalty": 1.0, "seed": 42, "message_count": 2, "event": "model_call.start", "query_preview": "According to the deck, what is the memory bandwidth of the AMD MI300X GPU?", "correlation_id": "01KTVSCSRGR86QHK9CCPSTYHGN", "level": "info", "timestamp": "2026-06-11T16:49:36.754607Z"}
Authentication error: Langfuse client initialized without public_key. Client will be disabled. Provide a public_key parameter or set LANGFUSE_PUBLIC_KEY environment variable. 
{"prompt_tag": "answer@v5", "schema": "DraftAnswer", "tokens": 3080, "event": "model_call.done", "query_preview": "According to the deck, what is the memory bandwidth of the AMD MI300X GPU?", "correlation_id": "01KTVSCSRGR86QHK9CCPSTYHGN", "level": "info", "timestamp": "2026-06-11T16:49:37.307721Z"}
{"node": "verify", "claim_count": 0, "event": "start", "query_preview": "According to the deck, what is the memory bandwidth of the AMD MI300X GPU?", "correlation_id": "01KTVSCSRGR86QHK9CCPSTYHGN", "level": "info", "timestamp": "2026-06-11T16:49:37.308965Z"}
{"node": "verify", "event": "empty_draft_shortcircuit", "query_preview": "According to the deck, what is the memory bandwidth of the AMD MI300X GPU?", "correlation_id": "01KTVSCSRGR86QHK9CCPSTYHGN", "level": "info", "timestamp": "2026-06-11T16:49:37.309021Z"}
{"node": "assess_relevance", "event": "start", "query_preview": "According to the deck, what is the memory bandwidth of the AMD MI300X GPU?", "correlation_id": "01KTVSCSRGR86QHK9CCPSTYHGN", "level": "info", "timestamp": "2026-06-11T16:49:37.310663Z"}
{"prompt_tag": "assess_relevance@v3", "schema": "RelevanceAssessment", "model": "cyankiwi/Qwen3.5-4B-AWQ-4bit", "max_tokens": 1024, "temperature": 0.1, "top_p": 0.8, "presence_penalty": 1.0, "seed": 42, "message_count": 1, "event": "model_call.start", "query_preview": "According to the deck, what is the memory bandwidth of the AMD MI300X GPU?", "correlation_id": "01KTVSCSRGR86QHK9CCPSTYHGN", "level": "info", "timestamp": "2026-06-11T16:49:37.311943Z"}
Authentication error: Langfuse client initialized without public_key. Client will be disabled. Provide a public_key parameter or set LANGFUSE_PUBLIC_KEY environment variable. 
{"prompt_tag": "assess_relevance@v3", "schema": "RelevanceAssessment", "tokens": 847, "event": "model_call.done", "query_preview": "According to the deck, what is the memory bandwidth of the AMD MI300X GPU?", "correlation_id": "01KTVSCSRGR86QHK9CCPSTYHGN", "level": "info", "timestamp": "2026-06-11T16:49:37.771690Z"}
{"node": "assess_relevance", "responsive": true, "event": "relevance", "query_preview": "According to the deck, what is the memory bandwidth of the AMD MI300X GPU?", "correlation_id": "01KTVSCSRGR86QHK9CCPSTYHGN", "level": "info", "timestamp": "2026-06-11T16:49:37.771741Z"}
{"node": "compose", "event": "start", "query_preview": "According to the deck, what is the memory bandwidth of the AMD MI300X GPU?", "correlation_id": "01KTVSCSRGR86QHK9CCPSTYHGN", "level": "info", "timestamp": "2026-06-11T16:49:37.773547Z"}
{"query_count": 34, "quick": false, "error_count": 0, "mean_citation_precision": 0.8676470588235294, "mean_citation_precision_answered_only": 0.71875, "answer_text_checked": 0, "answer_text_correct_count": 0, "mean_answer_mention_recall": null, "event": "eval.done", "level": "info", "timestamp": "2026-06-11T16:49:37.774582Z"}
