{"vault_path": "/home/drei/.memex/vault", "event": "bootstrap", "level": "info", "timestamp": "2026-06-11T15:33:24.324195Z"}
{"estimated_gb": 11.8, "budget_gb": 9.8, "total_gb": 11.6, "gpu": "NVIDIA GeForce RTX 4070", "vlm_counted": false, "co_residence_mode": "manual", "embedder_device": "cpu", "reranker_device": "cpu", "fix": "lower hardware.gpu_memory_fraction, switch to a lighter co-residence mode (MEMEX_MODELS__CO_RESIDENCE_MODE=full puts the reranker on CPU), switch to a smaller VLM variant (vlm_quantization=awq_int4), or reduce the orchestrator quant tier", "event": "vram.budget.tight", "level": "warning", "timestamp": "2026-06-11T15:33:29.533385Z"}
{"component": "bootstrap.gpu", "total_gb": 11.56, "free_gb": 4.42, "holders": ["pid 382037: VLLM::EngineCore (6170 MiB)", "pid 830127: /home/drei/project/Doc_Flo/.venv/bin/python3 (154 MiB)"], "event": "gpu.preflight", "level": "info", "timestamp": "2026-06-11T15:33:29.885421Z"}
{"query_count": 34, "quick": false, "event": "eval.start", "level": "info", "timestamp": "2026-06-11T15:33:30.010926Z"}
Authentication error: Langfuse client initialized without public_key. Client will be disabled. Provide a public_key parameter or set LANGFUSE_PUBLIC_KEY environment variable. 
{"node": "retrieve", "query_len": 90, "event": "start", "query_preview": "What is the energy cost of FP16 matrix multiplication relative to FP32, in FMA o", "correlation_id": "01KTVN2A8TCKKCM2HFR7377E31", "level": "info", "timestamp": "2026-06-11T15:33:30.069002Z"}
{"query_len": 90, "k": 50, "event": "hybrid.start", "query_preview": "What is the energy cost of FP16 matrix multiplication relative to FP32, in FMA o", "correlation_id": "01KTVN2A8TCKKCM2HFR7377E31", "level": "info", "timestamp": "2026-06-11T15:33:30.069077Z"}
{"name": "embedder", "event": "model.load.start", "query_preview": "What is the energy cost of FP16 matrix multiplication relative to FP32, in FMA o", "correlation_id": "01KTVN2A8TCKKCM2HFR7377E31", "level": "info", "timestamp": "2026-06-11T15:33:30.086715Z"}
`torch_dtype` is deprecated! Use `dtype` instead!
{"name": "embedder", "event": "model.load.done", "query_preview": "What is the energy cost of FP16 matrix multiplication relative to FP32, in FMA o", "correlation_id": "01KTVN2A8TCKKCM2HFR7377E31", "level": "info", "timestamp": "2026-06-11T15:33:37.159045Z"}
{"query_len": 90, "k": 50, "dense": 50, "bm25": 0, "fused": 50, "term": false, "event": "hybrid.done", "query_preview": "What is the energy cost of FP16 matrix multiplication relative to FP32, in FMA o", "correlation_id": "01KTVN2A8TCKKCM2HFR7377E31", "level": "info", "timestamp": "2026-06-11T15:33:37.330894Z"}
{"node": "retrieve", "candidate_count": 50, "event": "done", "query_preview": "What is the energy cost of FP16 matrix multiplication relative to FP32, in FMA o", "correlation_id": "01KTVN2A8TCKKCM2HFR7377E31", "level": "info", "timestamp": "2026-06-11T15:33:37.331799Z"}
{"node": "expand_graph", "reason": "disabled_or_empty", "event": "skip", "query_preview": "What is the energy cost of FP16 matrix multiplication relative to FP32, in FMA o", "correlation_id": "01KTVN2A8TCKKCM2HFR7377E31", "level": "info", "timestamp": "2026-06-11T15:33:37.333727Z"}
{"node": "rerank", "candidate_count": 50, "event": "start", "query_preview": "What is the energy cost of FP16 matrix multiplication relative to FP32, in FMA o", "correlation_id": "01KTVN2A8TCKKCM2HFR7377E31", "level": "info", "timestamp": "2026-06-11T15:33:37.334511Z"}
{"node": "rerank", "top_k": 5, "source": "mode", "event": "top_k_resolved", "query_preview": "What is the energy cost of FP16 matrix multiplication relative to FP32, in FMA o", "correlation_id": "01KTVN2A8TCKKCM2HFR7377E31", "level": "info", "timestamp": "2026-06-11T15:33:37.334580Z"}
{"candidates": 50, "top_k": 5, "backend": "cross_encoder", "event": "rerank.start", "query_preview": "What is the energy cost of FP16 matrix multiplication relative to FP32, in FMA o", "correlation_id": "01KTVN2A8TCKKCM2HFR7377E31", "level": "info", "timestamp": "2026-06-11T15:33:37.334626Z"}
{"name": "reranker", "event": "model.load.start", "query_preview": "What is the energy cost of FP16 matrix multiplication relative to FP32, in FMA o", "correlation_id": "01KTVN2A8TCKKCM2HFR7377E31", "level": "info", "timestamp": "2026-06-11T15:33:37.334679Z"}
{"name": "reranker", "event": "model.load.done", "query_preview": "What is the energy cost of FP16 matrix multiplication relative to FP32, in FMA o", "correlation_id": "01KTVN2A8TCKKCM2HFR7377E31", "level": "info", "timestamp": "2026-06-11T15:33:39.051472Z"}
{"candidates": 50, "top_k": 5, "backend": "cross_encoder", "returned": 5, "event": "rerank.done", "query_preview": "What is the energy cost of FP16 matrix multiplication relative to FP32, in FMA o", "correlation_id": "01KTVN2A8TCKKCM2HFR7377E31", "level": "info", "timestamp": "2026-06-11T15:34:14.103243Z"}
{"node": "rerank", "reranked_count": 5, "event": "done", "query_preview": "What is the energy cost of FP16 matrix multiplication relative to FP32, in FMA o", "correlation_id": "01KTVN2A8TCKKCM2HFR7377E31", "level": "info", "timestamp": "2026-06-11T15:34:14.103349Z"}
{"node": "query_tables", "reason": "empty_or_not_table_shaped", "event": "skip", "query_preview": "What is the energy cost of FP16 matrix multiplication relative to FP32, in FMA o", "correlation_id": "01KTVN2A8TCKKCM2HFR7377E31", "level": "info", "timestamp": "2026-06-11T15:34:14.105671Z"}
{"node": "assess", "reranked_count": 5, "event": "start", "query_preview": "What is the energy cost of FP16 matrix multiplication relative to FP32, in FMA o", "correlation_id": "01KTVN2A8TCKKCM2HFR7377E31", "level": "info", "timestamp": "2026-06-11T15:34:14.106975Z"}
{"prompt_tag": "assess_sufficiency@v4", "schema": "SufficiencyAssessment", "model": "cyankiwi/Qwen3.5-4B-AWQ-4bit", "max_tokens": 1024, "temperature": 0.1, "top_p": 0.8, "presence_penalty": 1.0, "seed": 42, "message_count": 1, "event": "model_call.start", "query_preview": "What is the energy cost of FP16 matrix multiplication relative to FP32, in FMA o", "correlation_id": "01KTVN2A8TCKKCM2HFR7377E31", "level": "info", "timestamp": "2026-06-11T15:34:14.136959Z"}
Authentication error: Langfuse client initialized without public_key. Client will be disabled. Provide a public_key parameter or set LANGFUSE_PUBLIC_KEY environment variable. 
{"prompt_tag": "assess_sufficiency@v4", "schema": "SufficiencyAssessment", "tokens": 3377, "event": "model_call.done", "query_preview": "What is the energy cost of FP16 matrix multiplication relative to FP32, in FMA o", "correlation_id": "01KTVN2A8TCKKCM2HFR7377E31", "level": "info", "timestamp": "2026-06-11T15:34:15.147626Z"}
{"node": "answer", "regenerate_attempt": 0, "event": "start", "query_preview": "What is the energy cost of FP16 matrix multiplication relative to FP32, in FMA o", "correlation_id": "01KTVN2A8TCKKCM2HFR7377E31", "level": "info", "timestamp": "2026-06-11T15:34:15.148890Z"}
{"prompt_tag": "answer@v5", "schema": "DraftAnswer", "model": "cyankiwi/Qwen3.5-4B-AWQ-4bit", "max_tokens": 1800, "temperature": 0.1, "top_p": 0.8, "presence_penalty": 1.0, "seed": 42, "message_count": 2, "event": "model_call.start", "query_preview": "What is the energy cost of FP16 matrix multiplication relative to FP32, in FMA o", "correlation_id": "01KTVN2A8TCKKCM2HFR7377E31", "level": "info", "timestamp": "2026-06-11T15:34:15.169807Z"}
Authentication error: Langfuse client initialized without public_key. Client will be disabled. Provide a public_key parameter or set LANGFUSE_PUBLIC_KEY environment variable. 
{"prompt_tag": "answer@v5", "schema": "DraftAnswer", "tokens": 5045, "event": "model_call.done", "query_preview": "What is the energy cost of FP16 matrix multiplication relative to FP32, in FMA o", "correlation_id": "01KTVN2A8TCKKCM2HFR7377E31", "level": "info", "timestamp": "2026-06-11T15:34:17.078506Z"}
{"node": "answer", "exact": 0, "suffix": 0, "fuzzy": 1, "unresolved": 0, "event": "chunk_id_repair", "query_preview": "What is the energy cost of FP16 matrix multiplication relative to FP32, in FMA o", "correlation_id": "01KTVN2A8TCKKCM2HFR7377E31", "level": "info", "timestamp": "2026-06-11T15:34:17.078657Z"}
{"node": "verify", "claim_count": 1, "event": "start", "query_preview": "What is the energy cost of FP16 matrix multiplication relative to FP32, in FMA o", "correlation_id": "01KTVN2A8TCKKCM2HFR7377E31", "level": "info", "timestamp": "2026-06-11T15:34:17.079483Z"}
{"prompt_tag": "verify_grounding@v2", "schema": "VerificationResult", "model": "cyankiwi/Qwen3.5-4B-AWQ-4bit", "max_tokens": 1024, "temperature": 0.1, "top_p": 0.8, "presence_penalty": 1.0, "seed": 42, "message_count": 1, "event": "model_call.start", "query_preview": "What is the energy cost of FP16 matrix multiplication relative to FP32, in FMA o", "correlation_id": "01KTVN2A8TCKKCM2HFR7377E31", "level": "info", "timestamp": "2026-06-11T15:34:17.085784Z"}
Authentication error: Langfuse client initialized without public_key. Client will be disabled. Provide a public_key parameter or set LANGFUSE_PUBLIC_KEY environment variable. 
{"prompt_tag": "verify_grounding@v2", "schema": "VerificationResult", "tokens": 2196, "event": "model_call.done", "query_preview": "What is the energy cost of FP16 matrix multiplication relative to FP32, in FMA o", "correlation_id": "01KTVN2A8TCKKCM2HFR7377E31", "level": "info", "timestamp": "2026-06-11T15:34:17.607023Z"}
{"node": "assess_relevance", "event": "start", "query_preview": "What is the energy cost of FP16 matrix multiplication relative to FP32, in FMA o", "correlation_id": "01KTVN2A8TCKKCM2HFR7377E31", "level": "info", "timestamp": "2026-06-11T15:34:17.608582Z"}
{"prompt_tag": "assess_relevance@v3", "schema": "RelevanceAssessment", "model": "cyankiwi/Qwen3.5-4B-AWQ-4bit", "max_tokens": 1024, "temperature": 0.1, "top_p": 0.8, "presence_penalty": 1.0, "seed": 42, "message_count": 1, "event": "model_call.start", "query_preview": "What is the energy cost of FP16 matrix multiplication relative to FP32, in FMA o", "correlation_id": "01KTVN2A8TCKKCM2HFR7377E31", "level": "info", "timestamp": "2026-06-11T15:34:17.831946Z"}
Authentication error: Langfuse client initialized without public_key. Client will be disabled. Provide a public_key parameter or set LANGFUSE_PUBLIC_KEY environment variable. 
{"prompt_tag": "assess_relevance@v3", "schema": "RelevanceAssessment", "tokens": 873, "event": "model_call.done", "query_preview": "What is the energy cost of FP16 matrix multiplication relative to FP32, in FMA o", "correlation_id": "01KTVN2A8TCKKCM2HFR7377E31", "level": "info", "timestamp": "2026-06-11T15:34:18.374208Z"}
{"node": "assess_relevance", "responsive": true, "event": "relevance", "query_preview": "What is the energy cost of FP16 matrix multiplication relative to FP32, in FMA o", "correlation_id": "01KTVN2A8TCKKCM2HFR7377E31", "level": "info", "timestamp": "2026-06-11T15:34:18.374262Z"}
{"node": "compose", "event": "start", "query_preview": "What is the energy cost of FP16 matrix multiplication relative to FP32, in FMA o", "correlation_id": "01KTVN2A8TCKKCM2HFR7377E31", "level": "info", "timestamp": "2026-06-11T15:34:18.375994Z"}
Authentication error: Langfuse client initialized without public_key. Client will be disabled. Provide a public_key parameter or set LANGFUSE_PUBLIC_KEY environment variable. 
{"node": "retrieve", "query_len": 94, "event": "start", "query_preview": "What are the two main categories where modern processors spend power, according ", "correlation_id": "01KTVN3SG8JC78CGFZ7T7VZHZZ", "level": "info", "timestamp": "2026-06-11T15:34:18.377828Z"}
{"query_len": 94, "k": 50, "event": "hybrid.start", "query_preview": "What are the two main categories where modern processors spend power, according ", "correlation_id": "01KTVN3SG8JC78CGFZ7T7VZHZZ", "level": "info", "timestamp": "2026-06-11T15:34:18.377866Z"}
{"query_len": 94, "k": 50, "dense": 50, "bm25": 0, "fused": 50, "term": false, "event": "hybrid.done", "query_preview": "What are the two main categories where modern processors spend power, according ", "correlation_id": "01KTVN3SG8JC78CGFZ7T7VZHZZ", "level": "info", "timestamp": "2026-06-11T15:34:18.454846Z"}
{"node": "retrieve", "candidate_count": 50, "event": "done", "query_preview": "What are the two main categories where modern processors spend power, according ", "correlation_id": "01KTVN3SG8JC78CGFZ7T7VZHZZ", "level": "info", "timestamp": "2026-06-11T15:34:18.455764Z"}
{"node": "expand_graph", "reason": "disabled_or_empty", "event": "skip", "query_preview": "What are the two main categories where modern processors spend power, according ", "correlation_id": "01KTVN3SG8JC78CGFZ7T7VZHZZ", "level": "info", "timestamp": "2026-06-11T15:34:18.457041Z"}
{"node": "rerank", "candidate_count": 50, "event": "start", "query_preview": "What are the two main categories where modern processors spend power, according ", "correlation_id": "01KTVN3SG8JC78CGFZ7T7VZHZZ", "level": "info", "timestamp": "2026-06-11T15:34:18.457520Z"}
{"node": "rerank", "top_k": 5, "source": "mode", "event": "top_k_resolved", "query_preview": "What are the two main categories where modern processors spend power, according ", "correlation_id": "01KTVN3SG8JC78CGFZ7T7VZHZZ", "level": "info", "timestamp": "2026-06-11T15:34:18.457568Z"}
{"candidates": 50, "top_k": 5, "backend": "cross_encoder", "event": "rerank.start", "query_preview": "What are the two main categories where modern processors spend power, according ", "correlation_id": "01KTVN3SG8JC78CGFZ7T7VZHZZ", "level": "info", "timestamp": "2026-06-11T15:34:18.457593Z"}
{"candidates": 50, "top_k": 5, "backend": "cross_encoder", "returned": 5, "event": "rerank.done", "query_preview": "What are the two main categories where modern processors spend power, according ", "correlation_id": "01KTVN3SG8JC78CGFZ7T7VZHZZ", "level": "info", "timestamp": "2026-06-11T15:34:54.236221Z"}
{"node": "rerank", "reranked_count": 5, "event": "done", "query_preview": "What are the two main categories where modern processors spend power, according ", "correlation_id": "01KTVN3SG8JC78CGFZ7T7VZHZZ", "level": "info", "timestamp": "2026-06-11T15:34:54.236319Z"}
{"node": "query_tables", "reason": "empty_or_not_table_shaped", "event": "skip", "query_preview": "What are the two main categories where modern processors spend power, according ", "correlation_id": "01KTVN3SG8JC78CGFZ7T7VZHZZ", "level": "info", "timestamp": "2026-06-11T15:34:54.238080Z"}
{"node": "assess", "reranked_count": 5, "event": "start", "query_preview": "What are the two main categories where modern processors spend power, according ", "correlation_id": "01KTVN3SG8JC78CGFZ7T7VZHZZ", "level": "info", "timestamp": "2026-06-11T15:34:54.238799Z"}
{"prompt_tag": "assess_sufficiency@v4", "schema": "SufficiencyAssessment", "model": "cyankiwi/Qwen3.5-4B-AWQ-4bit", "max_tokens": 1024, "temperature": 0.1, "top_p": 0.8, "presence_penalty": 1.0, "seed": 42, "message_count": 1, "event": "model_call.start", "query_preview": "What are the two main categories where modern processors spend power, according ", "correlation_id": "01KTVN3SG8JC78CGFZ7T7VZHZZ", "level": "info", "timestamp": "2026-06-11T15:34:54.240656Z"}
Authentication error: Langfuse client initialized without public_key. Client will be disabled. Provide a public_key parameter or set LANGFUSE_PUBLIC_KEY environment variable. 
{"prompt_tag": "assess_sufficiency@v4", "schema": "SufficiencyAssessment", "tokens": 1646, "event": "model_call.done", "query_preview": "What are the two main categories where modern processors spend power, according ", "correlation_id": "01KTVN3SG8JC78CGFZ7T7VZHZZ", "level": "info", "timestamp": "2026-06-11T15:34:55.288572Z"}
{"node": "answer", "regenerate_attempt": 0, "event": "start", "query_preview": "What are the two main categories where modern processors spend power, according ", "correlation_id": "01KTVN3SG8JC78CGFZ7T7VZHZZ", "level": "info", "timestamp": "2026-06-11T15:34:55.290161Z"}
{"prompt_tag": "answer@v5", "schema": "DraftAnswer", "model": "cyankiwi/Qwen3.5-4B-AWQ-4bit", "max_tokens": 1800, "temperature": 0.1, "top_p": 0.8, "presence_penalty": 1.0, "seed": 42, "message_count": 2, "event": "model_call.start", "query_preview": "What are the two main categories where modern processors spend power, according ", "correlation_id": "01KTVN3SG8JC78CGFZ7T7VZHZZ", "level": "info", "timestamp": "2026-06-11T15:34:55.293270Z"}
Authentication error: Langfuse client initialized without public_key. Client will be disabled. Provide a public_key parameter or set LANGFUSE_PUBLIC_KEY environment variable. 
{"prompt_tag": "answer@v5", "schema": "DraftAnswer", "tokens": 3251, "event": "model_call.done", "query_preview": "What are the two main categories where modern processors spend power, according ", "correlation_id": "01KTVN3SG8JC78CGFZ7T7VZHZZ", "level": "info", "timestamp": "2026-06-11T15:34:56.670171Z"}
{"node": "verify", "claim_count": 1, "event": "start", "query_preview": "What are the two main categories where modern processors spend power, according ", "correlation_id": "01KTVN3SG8JC78CGFZ7T7VZHZZ", "level": "info", "timestamp": "2026-06-11T15:34:56.671202Z"}
{"prompt_tag": "verify_grounding@v2", "schema": "VerificationResult", "model": "cyankiwi/Qwen3.5-4B-AWQ-4bit", "max_tokens": 1024, "temperature": 0.1, "top_p": 0.8, "presence_penalty": 1.0, "seed": 42, "message_count": 1, "event": "model_call.start", "query_preview": "What are the two main categories where modern processors spend power, according ", "correlation_id": "01KTVN3SG8JC78CGFZ7T7VZHZZ", "level": "info", "timestamp": "2026-06-11T15:34:56.674352Z"}
Authentication error: Langfuse client initialized without public_key. Client will be disabled. Provide a public_key parameter or set LANGFUSE_PUBLIC_KEY environment variable. 
{"prompt_tag": "verify_grounding@v2", "schema": "VerificationResult", "tokens": 1406, "event": "model_call.done", "query_preview": "What are the two main categories where modern processors spend power, according ", "correlation_id": "01KTVN3SG8JC78CGFZ7T7VZHZZ", "level": "info", "timestamp": "2026-06-11T15:34:57.073411Z"}
{"node": "assess_relevance", "event": "start", "query_preview": "What are the two main categories where modern processors spend power, according ", "correlation_id": "01KTVN3SG8JC78CGFZ7T7VZHZZ", "level": "info", "timestamp": "2026-06-11T15:34:57.075016Z"}
{"prompt_tag": "assess_relevance@v3", "schema": "RelevanceAssessment", "model": "cyankiwi/Qwen3.5-4B-AWQ-4bit", "max_tokens": 1024, "temperature": 0.1, "top_p": 0.8, "presence_penalty": 1.0, "seed": 42, "message_count": 1, "event": "model_call.start", "query_preview": "What are the two main categories where modern processors spend power, according ", "correlation_id": "01KTVN3SG8JC78CGFZ7T7VZHZZ", "level": "info", "timestamp": "2026-06-11T15:34:57.076043Z"}
Authentication error: Langfuse client initialized without public_key. Client will be disabled. Provide a public_key parameter or set LANGFUSE_PUBLIC_KEY environment variable. 
{"prompt_tag": "assess_relevance@v3", "schema": "RelevanceAssessment", "tokens": 830, "event": "model_call.done", "query_preview": "What are the two main categories where modern processors spend power, according ", "correlation_id": "01KTVN3SG8JC78CGFZ7T7VZHZZ", "level": "info", "timestamp": "2026-06-11T15:34:57.439248Z"}
{"node": "assess_relevance", "responsive": true, "event": "relevance", "query_preview": "What are the two main categories where modern processors spend power, according ", "correlation_id": "01KTVN3SG8JC78CGFZ7T7VZHZZ", "level": "info", "timestamp": "2026-06-11T15:34:57.439309Z"}
{"node": "compose", "event": "start", "query_preview": "What are the two main categories where modern processors spend power, according ", "correlation_id": "01KTVN3SG8JC78CGFZ7T7VZHZZ", "level": "info", "timestamp": "2026-06-11T15:34:57.440368Z"}
Authentication error: Langfuse client initialized without public_key. Client will be disabled. Provide a public_key parameter or set LANGFUSE_PUBLIC_KEY environment variable. 
{"node": "retrieve", "query_len": 84, "event": "start", "query_preview": "How does the power cost of floating point arithmetic scale with the mantissa len", "correlation_id": "01KTVN4ZN0VHAQD267MYEWA9T4", "level": "info", "timestamp": "2026-06-11T15:34:57.441801Z"}
{"query_len": 84, "k": 50, "event": "hybrid.start", "query_preview": "How does the power cost of floating point arithmetic scale with the mantissa len", "correlation_id": "01KTVN4ZN0VHAQD267MYEWA9T4", "level": "info", "timestamp": "2026-06-11T15:34:57.441836Z"}
{"query_len": 84, "k": 50, "dense": 50, "bm25": 0, "fused": 50, "term": false, "event": "hybrid.done", "query_preview": "How does the power cost of floating point arithmetic scale with the mantissa len", "correlation_id": "01KTVN4ZN0VHAQD267MYEWA9T4", "level": "info", "timestamp": "2026-06-11T15:34:57.536690Z"}
{"node": "retrieve", "candidate_count": 50, "event": "done", "query_preview": "How does the power cost of floating point arithmetic scale with the mantissa len", "correlation_id": "01KTVN4ZN0VHAQD267MYEWA9T4", "level": "info", "timestamp": "2026-06-11T15:34:57.537663Z"}
{"node": "expand_graph", "reason": "disabled_or_empty", "event": "skip", "query_preview": "How does the power cost of floating point arithmetic scale with the mantissa len", "correlation_id": "01KTVN4ZN0VHAQD267MYEWA9T4", "level": "info", "timestamp": "2026-06-11T15:34:57.538995Z"}
{"node": "rerank", "candidate_count": 50, "event": "start", "query_preview": "How does the power cost of floating point arithmetic scale with the mantissa len", "correlation_id": "01KTVN4ZN0VHAQD267MYEWA9T4", "level": "info", "timestamp": "2026-06-11T15:34:57.539491Z"}
{"node": "rerank", "top_k": 5, "source": "mode", "event": "top_k_resolved", "query_preview": "How does the power cost of floating point arithmetic scale with the mantissa len", "correlation_id": "01KTVN4ZN0VHAQD267MYEWA9T4", "level": "info", "timestamp": "2026-06-11T15:34:57.539540Z"}
{"candidates": 50, "top_k": 5, "backend": "cross_encoder", "event": "rerank.start", "query_preview": "How does the power cost of floating point arithmetic scale with the mantissa len", "correlation_id": "01KTVN4ZN0VHAQD267MYEWA9T4", "level": "info", "timestamp": "2026-06-11T15:34:57.539564Z"}
{"candidates": 50, "top_k": 5, "backend": "cross_encoder", "returned": 5, "event": "rerank.done", "query_preview": "How does the power cost of floating point arithmetic scale with the mantissa len", "correlation_id": "01KTVN4ZN0VHAQD267MYEWA9T4", "level": "info", "timestamp": "2026-06-11T15:35:39.643511Z"}
{"node": "rerank", "reranked_count": 5, "event": "done", "query_preview": "How does the power cost of floating point arithmetic scale with the mantissa len", "correlation_id": "01KTVN4ZN0VHAQD267MYEWA9T4", "level": "info", "timestamp": "2026-06-11T15:35:39.643611Z"}
{"node": "query_tables", "reason": "empty_or_not_table_shaped", "event": "skip", "query_preview": "How does the power cost of floating point arithmetic scale with the mantissa len", "correlation_id": "01KTVN4ZN0VHAQD267MYEWA9T4", "level": "info", "timestamp": "2026-06-11T15:35:39.645743Z"}
{"node": "assess", "reranked_count": 5, "event": "start", "query_preview": "How does the power cost of floating point arithmetic scale with the mantissa len", "correlation_id": "01KTVN4ZN0VHAQD267MYEWA9T4", "level": "info", "timestamp": "2026-06-11T15:35:39.646637Z"}
{"prompt_tag": "assess_sufficiency@v4", "schema": "SufficiencyAssessment", "model": "cyankiwi/Qwen3.5-4B-AWQ-4bit", "max_tokens": 1024, "temperature": 0.1, "top_p": 0.8, "presence_penalty": 1.0, "seed": 42, "message_count": 1, "event": "model_call.start", "query_preview": "How does the power cost of floating point arithmetic scale with the mantissa len", "correlation_id": "01KTVN4ZN0VHAQD267MYEWA9T4", "level": "info", "timestamp": "2026-06-11T15:35:39.648838Z"}
Authentication error: Langfuse client initialized without public_key. Client will be disabled. Provide a public_key parameter or set LANGFUSE_PUBLIC_KEY environment variable. 
{"prompt_tag": "assess_sufficiency@v4", "schema": "SufficiencyAssessment", "tokens": 3398, "event": "model_call.done", "query_preview": "How does the power cost of floating point arithmetic scale with the mantissa len", "correlation_id": "01KTVN4ZN0VHAQD267MYEWA9T4", "level": "info", "timestamp": "2026-06-11T15:35:40.548425Z"}
{"node": "answer", "regenerate_attempt": 0, "event": "start", "query_preview": "How does the power cost of floating point arithmetic scale with the mantissa len", "correlation_id": "01KTVN4ZN0VHAQD267MYEWA9T4", "level": "info", "timestamp": "2026-06-11T15:35:40.550481Z"}
{"prompt_tag": "answer@v5", "schema": "DraftAnswer", "model": "cyankiwi/Qwen3.5-4B-AWQ-4bit", "max_tokens": 1800, "temperature": 0.1, "top_p": 0.8, "presence_penalty": 1.0, "seed": 42, "message_count": 2, "event": "model_call.start", "query_preview": "How does the power cost of floating point arithmetic scale with the mantissa len", "correlation_id": "01KTVN4ZN0VHAQD267MYEWA9T4", "level": "info", "timestamp": "2026-06-11T15:35:40.553152Z"}
Authentication error: Langfuse client initialized without public_key. Client will be disabled. Provide a public_key parameter or set LANGFUSE_PUBLIC_KEY environment variable. 
{"prompt_tag": "answer@v5", "schema": "DraftAnswer", "tokens": 5048, "event": "model_call.done", "query_preview": "How does the power cost of floating point arithmetic scale with the mantissa len", "correlation_id": "01KTVN4ZN0VHAQD267MYEWA9T4", "level": "info", "timestamp": "2026-06-11T15:35:42.245947Z"}
{"node": "verify", "claim_count": 1, "event": "start", "query_preview": "How does the power cost of floating point arithmetic scale with the mantissa len", "correlation_id": "01KTVN4ZN0VHAQD267MYEWA9T4", "level": "info", "timestamp": "2026-06-11T15:35:42.247057Z"}
{"prompt_tag": "verify_grounding@v2", "schema": "VerificationResult", "model": "cyankiwi/Qwen3.5-4B-AWQ-4bit", "max_tokens": 1024, "temperature": 0.1, "top_p": 0.8, "presence_penalty": 1.0, "seed": 42, "message_count": 1, "event": "model_call.start", "query_preview": "How does the power cost of floating point arithmetic scale with the mantissa len", "correlation_id": "01KTVN4ZN0VHAQD267MYEWA9T4", "level": "info", "timestamp": "2026-06-11T15:35:42.251524Z"}
Authentication error: Langfuse client initialized without public_key. Client will be disabled. Provide a public_key parameter or set LANGFUSE_PUBLIC_KEY environment variable. 
{"prompt_tag": "verify_grounding@v2", "schema": "VerificationResult", "tokens": 2193, "event": "model_call.done", "query_preview": "How does the power cost of floating point arithmetic scale with the mantissa len", "correlation_id": "01KTVN4ZN0VHAQD267MYEWA9T4", "level": "info", "timestamp": "2026-06-11T15:35:42.771779Z"}
{"prompt_tag": "verify_grounding@v2", "schema": "VerificationResult", "model": "cyankiwi/Qwen3.5-4B-AWQ-4bit", "max_tokens": 1024, "temperature": 0.1, "top_p": 0.8, "presence_penalty": 1.0, "seed": 42, "message_count": 1, "event": "model_call.start", "query_preview": "How does the power cost of floating point arithmetic scale with the mantissa len", "correlation_id": "01KTVN4ZN0VHAQD267MYEWA9T4", "level": "info", "timestamp": "2026-06-11T15:35:42.773957Z"}
Authentication error: Langfuse client initialized without public_key. Client will be disabled. Provide a public_key parameter or set LANGFUSE_PUBLIC_KEY environment variable. 
{"prompt_tag": "verify_grounding@v2", "schema": "VerificationResult", "tokens": 780, "event": "model_call.done", "query_preview": "How does the power cost of floating point arithmetic scale with the mantissa len", "correlation_id": "01KTVN4ZN0VHAQD267MYEWA9T4", "level": "info", "timestamp": "2026-06-11T15:35:43.079817Z"}
{"prompt_tag": "verify_grounding@v2", "schema": "VerificationResult", "model": "cyankiwi/Qwen3.5-4B-AWQ-4bit", "max_tokens": 1024, "temperature": 0.1, "top_p": 0.8, "presence_penalty": 1.0, "seed": 42, "message_count": 1, "event": "model_call.start", "query_preview": "How does the power cost of floating point arithmetic scale with the mantissa len", "correlation_id": "01KTVN4ZN0VHAQD267MYEWA9T4", "level": "info", "timestamp": "2026-06-11T15:35:43.082507Z"}
Authentication error: Langfuse client initialized without public_key. Client will be disabled. Provide a public_key parameter or set LANGFUSE_PUBLIC_KEY environment variable. 
{"prompt_tag": "verify_grounding@v2", "schema": "VerificationResult", "tokens": 844, "event": "model_call.done", "query_preview": "How does the power cost of floating point arithmetic scale with the mantissa len", "correlation_id": "01KTVN4ZN0VHAQD267MYEWA9T4", "level": "info", "timestamp": "2026-06-11T15:35:43.397469Z"}
{"prompt_tag": "verify_grounding@v2", "schema": "VerificationResult", "model": "cyankiwi/Qwen3.5-4B-AWQ-4bit", "max_tokens": 1024, "temperature": 0.1, "top_p": 0.8, "presence_penalty": 1.0, "seed": 42, "message_count": 1, "event": "model_call.start", "query_preview": "How does the power cost of floating point arithmetic scale with the mantissa len", "correlation_id": "01KTVN4ZN0VHAQD267MYEWA9T4", "level": "info", "timestamp": "2026-06-11T15:35:43.400141Z"}
Authentication error: Langfuse client initialized without public_key. Client will be disabled. Provide a public_key parameter or set LANGFUSE_PUBLIC_KEY environment variable. 
{"prompt_tag": "verify_grounding@v2", "schema": "VerificationResult", "tokens": 884, "event": "model_call.done", "query_preview": "How does the power cost of floating point arithmetic scale with the mantissa len", "correlation_id": "01KTVN4ZN0VHAQD267MYEWA9T4", "level": "info", "timestamp": "2026-06-11T15:35:43.796213Z"}
{"prompt_tag": "verify_grounding@v2", "schema": "VerificationResult", "model": "cyankiwi/Qwen3.5-4B-AWQ-4bit", "max_tokens": 1024, "temperature": 0.1, "top_p": 0.8, "presence_penalty": 1.0, "seed": 42, "message_count": 1, "event": "model_call.start", "query_preview": "How does the power cost of floating point arithmetic scale with the mantissa len", "correlation_id": "01KTVN4ZN0VHAQD267MYEWA9T4", "level": "info", "timestamp": "2026-06-11T15:35:43.798711Z"}
Authentication error: Langfuse client initialized without public_key. Client will be disabled. Provide a public_key parameter or set LANGFUSE_PUBLIC_KEY environment variable. 
{"prompt_tag": "verify_grounding@v2", "schema": "VerificationResult", "tokens": 701, "event": "model_call.done", "query_preview": "How does the power cost of floating point arithmetic scale with the mantissa len", "correlation_id": "01KTVN4ZN0VHAQD267MYEWA9T4", "level": "info", "timestamp": "2026-06-11T15:35:44.091912Z"}
{"prompt_tag": "verify_grounding@v2", "schema": "VerificationResult", "model": "cyankiwi/Qwen3.5-4B-AWQ-4bit", "max_tokens": 1024, "temperature": 0.1, "top_p": 0.8, "presence_penalty": 1.0, "seed": 42, "message_count": 1, "event": "model_call.start", "query_preview": "How does the power cost of floating point arithmetic scale with the mantissa len", "correlation_id": "01KTVN4ZN0VHAQD267MYEWA9T4", "level": "info", "timestamp": "2026-06-11T15:35:44.093875Z"}
Authentication error: Langfuse client initialized without public_key. Client will be disabled. Provide a public_key parameter or set LANGFUSE_PUBLIC_KEY environment variable. 
{"prompt_tag": "verify_grounding@v2", "schema": "VerificationResult", "tokens": 618, "event": "model_call.done", "query_preview": "How does the power cost of floating point arithmetic scale with the mantissa len", "correlation_id": "01KTVN4ZN0VHAQD267MYEWA9T4", "level": "info", "timestamp": "2026-06-11T15:35:44.375469Z"}
{"node": "refuse", "event": "start", "query_preview": "How does the power cost of floating point arithmetic scale with the mantissa len", "correlation_id": "01KTVN4ZN0VHAQD267MYEWA9T4", "level": "info", "timestamp": "2026-06-11T15:35:44.377476Z"}
Authentication error: Langfuse client initialized without public_key. Client will be disabled. Provide a public_key parameter or set LANGFUSE_PUBLIC_KEY environment variable. 
{"node": "retrieve", "query_len": 101, "event": "start", "query_preview": "What changed about transistor density and power efficiency between 2004 and 2022", "correlation_id": "01KTVN6DFT9M2Y15G91XMCBR8N", "level": "info", "timestamp": "2026-06-11T15:35:44.379595Z"}
{"query_len": 101, "k": 50, "event": "hybrid.start", "query_preview": "What changed about transistor density and power efficiency between 2004 and 2022", "correlation_id": "01KTVN6DFT9M2Y15G91XMCBR8N", "level": "info", "timestamp": "2026-06-11T15:35:44.379637Z"}
{"query_len": 101, "k": 50, "dense": 50, "bm25": 0, "fused": 50, "term": false, "event": "hybrid.done", "query_preview": "What changed about transistor density and power efficiency between 2004 and 2022", "correlation_id": "01KTVN6DFT9M2Y15G91XMCBR8N", "level": "info", "timestamp": "2026-06-11T15:35:44.547603Z"}
{"node": "retrieve", "candidate_count": 50, "event": "done", "query_preview": "What changed about transistor density and power efficiency between 2004 and 2022", "correlation_id": "01KTVN6DFT9M2Y15G91XMCBR8N", "level": "info", "timestamp": "2026-06-11T15:35:44.548547Z"}
{"node": "resolve_artifact_scope", "via": "none-singletoken-ambiguous", "arttype": "chart", "event": "no_scope", "query_preview": "What changed about transistor density and power efficiency between 2004 and 2022", "correlation_id": "01KTVN6DFT9M2Y15G91XMCBR8N", "level": "info", "timestamp": "2026-06-11T15:35:44.553358Z"}
{"node": "expand_graph", "reason": "disabled_or_empty", "event": "skip", "query_preview": "What changed about transistor density and power efficiency between 2004 and 2022", "correlation_id": "01KTVN6DFT9M2Y15G91XMCBR8N", "level": "info", "timestamp": "2026-06-11T15:35:44.553951Z"}
{"node": "rerank", "candidate_count": 50, "event": "start", "query_preview": "What changed about transistor density and power efficiency between 2004 and 2022", "correlation_id": "01KTVN6DFT9M2Y15G91XMCBR8N", "level": "info", "timestamp": "2026-06-11T15:35:44.554694Z"}
{"node": "rerank", "top_k": 5, "source": "mode", "event": "top_k_resolved", "query_preview": "What changed about transistor density and power efficiency between 2004 and 2022", "correlation_id": "01KTVN6DFT9M2Y15G91XMCBR8N", "level": "info", "timestamp": "2026-06-11T15:35:44.554753Z"}
{"candidates": 50, "top_k": 5, "backend": "cross_encoder", "event": "rerank.start", "query_preview": "What changed about transistor density and power efficiency between 2004 and 2022", "correlation_id": "01KTVN6DFT9M2Y15G91XMCBR8N", "level": "info", "timestamp": "2026-06-11T15:35:44.554777Z"}
{"candidates": 50, "top_k": 5, "backend": "cross_encoder", "returned": 5, "event": "rerank.done", "query_preview": "What changed about transistor density and power efficiency between 2004 and 2022", "correlation_id": "01KTVN6DFT9M2Y15G91XMCBR8N", "level": "info", "timestamp": "2026-06-11T15:36:47.154906Z"}
{"node": "rerank", "reranked_count": 5, "event": "done", "query_preview": "What changed about transistor density and power efficiency between 2004 and 2022", "correlation_id": "01KTVN6DFT9M2Y15G91XMCBR8N", "level": "info", "timestamp": "2026-06-11T15:36:47.155010Z"}
{"node": "query_tables", "reason": "empty_or_not_table_shaped", "event": "skip", "query_preview": "What changed about transistor density and power efficiency between 2004 and 2022", "correlation_id": "01KTVN6DFT9M2Y15G91XMCBR8N", "level": "info", "timestamp": "2026-06-11T15:36:47.157298Z"}
{"node": "assess", "reranked_count": 5, "event": "start", "query_preview": "What changed about transistor density and power efficiency between 2004 and 2022", "correlation_id": "01KTVN6DFT9M2Y15G91XMCBR8N", "level": "info", "timestamp": "2026-06-11T15:36:47.158263Z"}
{"prompt_tag": "assess_sufficiency@v4", "schema": "SufficiencyAssessment", "model": "cyankiwi/Qwen3.5-4B-AWQ-4bit", "max_tokens": 1024, "temperature": 0.1, "top_p": 0.8, "presence_penalty": 1.0, "seed": 42, "message_count": 1, "event": "model_call.start", "query_preview": "What changed about transistor density and power efficiency between 2004 and 2022", "correlation_id": "01KTVN6DFT9M2Y15G91XMCBR8N", "level": "info", "timestamp": "2026-06-11T15:36:47.160579Z"}
Authentication error: Langfuse client initialized without public_key. Client will be disabled. Provide a public_key parameter or set LANGFUSE_PUBLIC_KEY environment variable. 
{"prompt_tag": "assess_sufficiency@v4", "schema": "SufficiencyAssessment", "tokens": 1821, "event": "model_call.done", "query_preview": "What changed about transistor density and power efficiency between 2004 and 2022", "correlation_id": "01KTVN6DFT9M2Y15G91XMCBR8N", "level": "info", "timestamp": "2026-06-11T15:36:47.971570Z"}
{"node": "answer", "regenerate_attempt": 0, "event": "start", "query_preview": "What changed about transistor density and power efficiency between 2004 and 2022", "correlation_id": "01KTVN6DFT9M2Y15G91XMCBR8N", "level": "info", "timestamp": "2026-06-11T15:36:47.973263Z"}
{"prompt_tag": "answer@v5", "schema": "DraftAnswer", "model": "cyankiwi/Qwen3.5-4B-AWQ-4bit", "max_tokens": 1800, "temperature": 0.1, "top_p": 0.8, "presence_penalty": 1.0, "seed": 42, "message_count": 2, "event": "model_call.start", "query_preview": "What changed about transistor density and power efficiency between 2004 and 2022", "correlation_id": "01KTVN6DFT9M2Y15G91XMCBR8N", "level": "info", "timestamp": "2026-06-11T15:36:47.975923Z"}
Authentication error: Langfuse client initialized without public_key. Client will be disabled. Provide a public_key parameter or set LANGFUSE_PUBLIC_KEY environment variable. 
{"prompt_tag": "answer@v5", "schema": "DraftAnswer", "tokens": 3410, "event": "model_call.done", "query_preview": "What changed about transistor density and power efficiency between 2004 and 2022", "correlation_id": "01KTVN6DFT9M2Y15G91XMCBR8N", "level": "info", "timestamp": "2026-06-11T15:36:49.000116Z"}
{"node": "answer", "summary_head": "The chunks do not contain specific data about transistor density and power efficiency changes between 2004 and 2022 per ", "event": "answer.denial_reframe_retry", "query_preview": "What changed about transistor density and power efficiency between 2004 and 2022", "correlation_id": "01KTVN6DFT9M2Y15G91XMCBR8N", "level": "info", "timestamp": "2026-06-11T15:36:49.000177Z"}
{"prompt_tag": "answer@v5", "schema": "DraftAnswer", "model": "cyankiwi/Qwen3.5-4B-AWQ-4bit", "max_tokens": 1800, "temperature": 0.1, "top_p": 0.8, "presence_penalty": 1.0, "seed": 42, "message_count": 2, "event": "model_call.start", "query_preview": "What changed about transistor density and power efficiency between 2004 and 2022", "correlation_id": "01KTVN6DFT9M2Y15G91XMCBR8N", "level": "info", "timestamp": "2026-06-11T15:36:49.002176Z"}
Authentication error: Langfuse client initialized without public_key. Client will be disabled. Provide a public_key parameter or set LANGFUSE_PUBLIC_KEY environment variable. 
{"prompt_tag": "answer@v5", "schema": "DraftAnswer", "tokens": 3717, "event": "model_call.done", "query_preview": "What changed about transistor density and power efficiency between 2004 and 2022", "correlation_id": "01KTVN6DFT9M2Y15G91XMCBR8N", "level": "info", "timestamp": "2026-06-11T15:36:51.192087Z"}
{"node": "answer", "claims": 2, "event": "answer.denial_reframe_succeeded", "query_preview": "What changed about transistor density and power efficiency between 2004 and 2022", "correlation_id": "01KTVN6DFT9M2Y15G91XMCBR8N", "level": "info", "timestamp": "2026-06-11T15:36:51.192149Z"}
{"node": "verify", "claim_count": 2, "event": "start", "query_preview": "What changed about transistor density and power efficiency between 2004 and 2022", "correlation_id": "01KTVN6DFT9M2Y15G91XMCBR8N", "level": "info", "timestamp": "2026-06-11T15:36:51.193162Z"}
{"prompt_tag": "verify_grounding@v2", "schema": "VerificationResult", "model": "cyankiwi/Qwen3.5-4B-AWQ-4bit", "max_tokens": 1024, "temperature": 0.1, "top_p": 0.8, "presence_penalty": 1.0, "seed": 42, "message_count": 1, "event": "model_call.start", "query_preview": "What changed about transistor density and power efficiency between 2004 and 2022", "correlation_id": "01KTVN6DFT9M2Y15G91XMCBR8N", "level": "info", "timestamp": "2026-06-11T15:36:51.197238Z"}
Authentication error: Langfuse client initialized without public_key. Client will be disabled. Provide a public_key parameter or set LANGFUSE_PUBLIC_KEY environment variable. 
{"prompt_tag": "verify_grounding@v2", "schema": "VerificationResult", "tokens": 1671, "event": "model_call.done", "query_preview": "What changed about transistor density and power efficiency between 2004 and 2022", "correlation_id": "01KTVN6DFT9M2Y15G91XMCBR8N", "level": "info", "timestamp": "2026-06-11T15:36:51.661999Z"}
{"node": "assess_relevance", "event": "start", "query_preview": "What changed about transistor density and power efficiency between 2004 and 2022", "correlation_id": "01KTVN6DFT9M2Y15G91XMCBR8N", "level": "info", "timestamp": "2026-06-11T15:36:51.663646Z"}
{"prompt_tag": "assess_relevance@v3", "schema": "RelevanceAssessment", "model": "cyankiwi/Qwen3.5-4B-AWQ-4bit", "max_tokens": 1024, "temperature": 0.1, "top_p": 0.8, "presence_penalty": 1.0, "seed": 42, "message_count": 1, "event": "model_call.start", "query_preview": "What changed about transistor density and power efficiency between 2004 and 2022", "correlation_id": "01KTVN6DFT9M2Y15G91XMCBR8N", "level": "info", "timestamp": "2026-06-11T15:36:51.664959Z"}
Authentication error: Langfuse client initialized without public_key. Client will be disabled. Provide a public_key parameter or set LANGFUSE_PUBLIC_KEY environment variable. 
{"prompt_tag": "assess_relevance@v3", "schema": "RelevanceAssessment", "tokens": 900, "event": "model_call.done", "query_preview": "What changed about transistor density and power efficiency between 2004 and 2022", "correlation_id": "01KTVN6DFT9M2Y15G91XMCBR8N", "level": "info", "timestamp": "2026-06-11T15:36:52.267809Z"}
{"node": "assess_relevance", "responsive": true, "event": "relevance", "query_preview": "What changed about transistor density and power efficiency between 2004 and 2022", "correlation_id": "01KTVN6DFT9M2Y15G91XMCBR8N", "level": "info", "timestamp": "2026-06-11T15:36:52.267860Z"}
{"node": "compose", "event": "start", "query_preview": "What changed about transistor density and power efficiency between 2004 and 2022", "correlation_id": "01KTVN6DFT9M2Y15G91XMCBR8N", "level": "info", "timestamp": "2026-06-11T15:36:52.269399Z"}
Authentication error: Langfuse client initialized without public_key. Client will be disabled. Provide a public_key parameter or set LANGFUSE_PUBLIC_KEY environment variable. 
{"node": "retrieve", "query_len": 77, "event": "start", "query_preview": "Why is data movement a key concern for power efficiency in modern processors?", "correlation_id": "01KTVN8FSEDJ1KKMYNJP72K9F6", "level": "info", "timestamp": "2026-06-11T15:36:52.271340Z"}
{"query_len": 77, "k": 50, "event": "hybrid.start", "query_preview": "Why is data movement a key concern for power efficiency in modern processors?", "correlation_id": "01KTVN8FSEDJ1KKMYNJP72K9F6", "level": "info", "timestamp": "2026-06-11T15:36:52.271383Z"}
{"query_len": 77, "k": 50, "dense": 50, "bm25": 0, "fused": 50, "term": false, "event": "hybrid.done", "query_preview": "Why is data movement a key concern for power efficiency in modern processors?", "correlation_id": "01KTVN8FSEDJ1KKMYNJP72K9F6", "level": "info", "timestamp": "2026-06-11T15:36:52.344792Z"}
{"node": "retrieve", "candidate_count": 50, "event": "done", "query_preview": "Why is data movement a key concern for power efficiency in modern processors?", "correlation_id": "01KTVN8FSEDJ1KKMYNJP72K9F6", "level": "info", "timestamp": "2026-06-11T15:36:52.345917Z"}
{"node": "expand_graph", "reason": "disabled_or_empty", "event": "skip", "query_preview": "Why is data movement a key concern for power efficiency in modern processors?", "correlation_id": "01KTVN8FSEDJ1KKMYNJP72K9F6", "level": "info", "timestamp": "2026-06-11T15:36:52.347583Z"}
{"node": "rerank", "candidate_count": 50, "event": "start", "query_preview": "Why is data movement a key concern for power efficiency in modern processors?", "correlation_id": "01KTVN8FSEDJ1KKMYNJP72K9F6", "level": "info", "timestamp": "2026-06-11T15:36:52.348256Z"}
{"node": "rerank", "top_k": 5, "source": "mode", "event": "top_k_resolved", "query_preview": "Why is data movement a key concern for power efficiency in modern processors?", "correlation_id": "01KTVN8FSEDJ1KKMYNJP72K9F6", "level": "info", "timestamp": "2026-06-11T15:36:52.348319Z"}
{"candidates": 50, "top_k": 5, "backend": "cross_encoder", "event": "rerank.start", "query_preview": "Why is data movement a key concern for power efficiency in modern processors?", "correlation_id": "01KTVN8FSEDJ1KKMYNJP72K9F6", "level": "info", "timestamp": "2026-06-11T15:36:52.348345Z"}
{"candidates": 50, "top_k": 5, "backend": "cross_encoder", "returned": 5, "event": "rerank.done", "query_preview": "Why is data movement a key concern for power efficiency in modern processors?", "correlation_id": "01KTVN8FSEDJ1KKMYNJP72K9F6", "level": "info", "timestamp": "2026-06-11T15:37:28.171462Z"}
{"node": "rerank", "reranked_count": 5, "event": "done", "query_preview": "Why is data movement a key concern for power efficiency in modern processors?", "correlation_id": "01KTVN8FSEDJ1KKMYNJP72K9F6", "level": "info", "timestamp": "2026-06-11T15:37:28.171579Z"}
{"node": "query_tables", "reason": "empty_or_not_table_shaped", "event": "skip", "query_preview": "Why is data movement a key concern for power efficiency in modern processors?", "correlation_id": "01KTVN8FSEDJ1KKMYNJP72K9F6", "level": "info", "timestamp": "2026-06-11T15:37:28.173833Z"}
{"node": "assess", "reranked_count": 5, "event": "start", "query_preview": "Why is data movement a key concern for power efficiency in modern processors?", "correlation_id": "01KTVN8FSEDJ1KKMYNJP72K9F6", "level": "info", "timestamp": "2026-06-11T15:37:28.174799Z"}
{"prompt_tag": "assess_sufficiency@v4", "schema": "SufficiencyAssessment", "model": "cyankiwi/Qwen3.5-4B-AWQ-4bit", "max_tokens": 1024, "temperature": 0.1, "top_p": 0.8, "presence_penalty": 1.0, "seed": 42, "message_count": 1, "event": "model_call.start", "query_preview": "Why is data movement a key concern for power efficiency in modern processors?", "correlation_id": "01KTVN8FSEDJ1KKMYNJP72K9F6", "level": "info", "timestamp": "2026-06-11T15:37:28.177001Z"}
Authentication error: Langfuse client initialized without public_key. Client will be disabled. Provide a public_key parameter or set LANGFUSE_PUBLIC_KEY environment variable. 
{"prompt_tag": "assess_sufficiency@v4", "schema": "SufficiencyAssessment", "tokens": 1287, "event": "model_call.done", "query_preview": "Why is data movement a key concern for power efficiency in modern processors?", "correlation_id": "01KTVN8FSEDJ1KKMYNJP72K9F6", "level": "info", "timestamp": "2026-06-11T15:37:28.841393Z"}
{"node": "answer", "regenerate_attempt": 0, "event": "start", "query_preview": "Why is data movement a key concern for power efficiency in modern processors?", "correlation_id": "01KTVN8FSEDJ1KKMYNJP72K9F6", "level": "info", "timestamp": "2026-06-11T15:37:28.843347Z"}
{"prompt_tag": "answer@v5", "schema": "DraftAnswer", "model": "cyankiwi/Qwen3.5-4B-AWQ-4bit", "max_tokens": 1800, "temperature": 0.1, "top_p": 0.8, "presence_penalty": 1.0, "seed": 42, "message_count": 2, "event": "model_call.start", "query_preview": "Why is data movement a key concern for power efficiency in modern processors?", "correlation_id": "01KTVN8FSEDJ1KKMYNJP72K9F6", "level": "info", "timestamp": "2026-06-11T15:37:28.845984Z"}
Authentication error: Langfuse client initialized without public_key. Client will be disabled. Provide a public_key parameter or set LANGFUSE_PUBLIC_KEY environment variable. 
{"prompt_tag": "answer@v5", "schema": "DraftAnswer", "tokens": 2972, "event": "model_call.done", "query_preview": "Why is data movement a key concern for power efficiency in modern processors?", "correlation_id": "01KTVN8FSEDJ1KKMYNJP72K9F6", "level": "info", "timestamp": "2026-06-11T15:37:30.593248Z"}
{"node": "verify", "claim_count": 1, "event": "start", "query_preview": "Why is data movement a key concern for power efficiency in modern processors?", "correlation_id": "01KTVN8FSEDJ1KKMYNJP72K9F6", "level": "info", "timestamp": "2026-06-11T15:37:30.596272Z"}
{"prompt_tag": "verify_grounding@v2", "schema": "VerificationResult", "model": "cyankiwi/Qwen3.5-4B-AWQ-4bit", "max_tokens": 1024, "temperature": 0.1, "top_p": 0.8, "presence_penalty": 1.0, "seed": 42, "message_count": 1, "event": "model_call.start", "query_preview": "Why is data movement a key concern for power efficiency in modern processors?", "correlation_id": "01KTVN8FSEDJ1KKMYNJP72K9F6", "level": "info", "timestamp": "2026-06-11T15:37:30.599508Z"}
Authentication error: Langfuse client initialized without public_key. Client will be disabled. Provide a public_key parameter or set LANGFUSE_PUBLIC_KEY environment variable. 
{"prompt_tag": "verify_grounding@v2", "schema": "VerificationResult", "tokens": 1209, "event": "model_call.done", "query_preview": "Why is data movement a key concern for power efficiency in modern processors?", "correlation_id": "01KTVN8FSEDJ1KKMYNJP72K9F6", "level": "info", "timestamp": "2026-06-11T15:37:30.966743Z"}
{"node": "assess_relevance", "event": "start", "query_preview": "Why is data movement a key concern for power efficiency in modern processors?", "correlation_id": "01KTVN8FSEDJ1KKMYNJP72K9F6", "level": "info", "timestamp": "2026-06-11T15:37:30.968366Z"}
{"prompt_tag": "assess_relevance@v3", "schema": "RelevanceAssessment", "model": "cyankiwi/Qwen3.5-4B-AWQ-4bit", "max_tokens": 1024, "temperature": 0.1, "top_p": 0.8, "presence_penalty": 1.0, "seed": 42, "message_count": 1, "event": "model_call.start", "query_preview": "Why is data movement a key concern for power efficiency in modern processors?", "correlation_id": "01KTVN8FSEDJ1KKMYNJP72K9F6", "level": "info", "timestamp": "2026-06-11T15:37:30.969661Z"}
Authentication error: Langfuse client initialized without public_key. Client will be disabled. Provide a public_key parameter or set LANGFUSE_PUBLIC_KEY environment variable. 
{"prompt_tag": "assess_relevance@v3", "schema": "RelevanceAssessment", "tokens": 888, "event": "model_call.done", "query_preview": "Why is data movement a key concern for power efficiency in modern processors?", "correlation_id": "01KTVN8FSEDJ1KKMYNJP72K9F6", "level": "info", "timestamp": "2026-06-11T15:37:31.463359Z"}
{"node": "assess_relevance", "responsive": true, "event": "relevance", "query_preview": "Why is data movement a key concern for power efficiency in modern processors?", "correlation_id": "01KTVN8FSEDJ1KKMYNJP72K9F6", "level": "info", "timestamp": "2026-06-11T15:37:31.463418Z"}
{"node": "compose", "event": "start", "query_preview": "Why is data movement a key concern for power efficiency in modern processors?", "correlation_id": "01KTVN8FSEDJ1KKMYNJP72K9F6", "level": "info", "timestamp": "2026-06-11T15:37:31.464918Z"}
Authentication error: Langfuse client initialized without public_key. Client will be disabled. Provide a public_key parameter or set LANGFUSE_PUBLIC_KEY environment variable. 
{"node": "retrieve", "query_len": 89, "event": "start", "query_preview": "What is the energy cost of FP8 tensor core matrix multiplication relative to an ", "correlation_id": "01KTVN9P29X7HPKTRJPP6W81EF", "level": "info", "timestamp": "2026-06-11T15:37:31.466508Z"}
{"query_len": 89, "k": 50, "event": "hybrid.start", "query_preview": "What is the energy cost of FP8 tensor core matrix multiplication relative to an ", "correlation_id": "01KTVN9P29X7HPKTRJPP6W81EF", "level": "info", "timestamp": "2026-06-11T15:37:31.466545Z"}
{"query_len": 89, "k": 50, "dense": 50, "bm25": 0, "fused": 50, "term": false, "event": "hybrid.done", "query_preview": "What is the energy cost of FP8 tensor core matrix multiplication relative to an ", "correlation_id": "01KTVN9P29X7HPKTRJPP6W81EF", "level": "info", "timestamp": "2026-06-11T15:37:31.575259Z"}
{"node": "retrieve", "candidate_count": 50, "event": "done", "query_preview": "What is the energy cost of FP8 tensor core matrix multiplication relative to an ", "correlation_id": "01KTVN9P29X7HPKTRJPP6W81EF", "level": "info", "timestamp": "2026-06-11T15:37:31.577003Z"}
{"node": "expand_graph", "reason": "disabled_or_empty", "event": "skip", "query_preview": "What is the energy cost of FP8 tensor core matrix multiplication relative to an ", "correlation_id": "01KTVN9P29X7HPKTRJPP6W81EF", "level": "info", "timestamp": "2026-06-11T15:37:31.578679Z"}
{"node": "rerank", "candidate_count": 50, "event": "start", "query_preview": "What is the energy cost of FP8 tensor core matrix multiplication relative to an ", "correlation_id": "01KTVN9P29X7HPKTRJPP6W81EF", "level": "info", "timestamp": "2026-06-11T15:37:31.579343Z"}
{"node": "rerank", "top_k": 5, "source": "mode", "event": "top_k_resolved", "query_preview": "What is the energy cost of FP8 tensor core matrix multiplication relative to an ", "correlation_id": "01KTVN9P29X7HPKTRJPP6W81EF", "level": "info", "timestamp": "2026-06-11T15:37:31.579411Z"}
{"candidates": 50, "top_k": 5, "backend": "cross_encoder", "event": "rerank.start", "query_preview": "What is the energy cost of FP8 tensor core matrix multiplication relative to an ", "correlation_id": "01KTVN9P29X7HPKTRJPP6W81EF", "level": "info", "timestamp": "2026-06-11T15:37:31.579459Z"}
{"candidates": 50, "top_k": 5, "backend": "cross_encoder", "returned": 5, "event": "rerank.done", "query_preview": "What is the energy cost of FP8 tensor core matrix multiplication relative to an ", "correlation_id": "01KTVN9P29X7HPKTRJPP6W81EF", "level": "info", "timestamp": "2026-06-11T15:38:05.336750Z"}
{"node": "rerank", "reranked_count": 5, "event": "done", "query_preview": "What is the energy cost of FP8 tensor core matrix multiplication relative to an ", "correlation_id": "01KTVN9P29X7HPKTRJPP6W81EF", "level": "info", "timestamp": "2026-06-11T15:38:05.336861Z"}
{"node": "query_tables", "reason": "empty_or_not_table_shaped", "event": "skip", "query_preview": "What is the energy cost of FP8 tensor core matrix multiplication relative to an ", "correlation_id": "01KTVN9P29X7HPKTRJPP6W81EF", "level": "info", "timestamp": "2026-06-11T15:38:05.339464Z"}
{"node": "assess", "reranked_count": 5, "event": "start", "query_preview": "What is the energy cost of FP8 tensor core matrix multiplication relative to an ", "correlation_id": "01KTVN9P29X7HPKTRJPP6W81EF", "level": "info", "timestamp": "2026-06-11T15:38:05.340385Z"}
{"prompt_tag": "assess_sufficiency@v4", "schema": "SufficiencyAssessment", "model": "cyankiwi/Qwen3.5-4B-AWQ-4bit", "max_tokens": 1024, "temperature": 0.1, "top_p": 0.8, "presence_penalty": 1.0, "seed": 42, "message_count": 1, "event": "model_call.start", "query_preview": "What is the energy cost of FP8 tensor core matrix multiplication relative to an ", "correlation_id": "01KTVN9P29X7HPKTRJPP6W81EF", "level": "info", "timestamp": "2026-06-11T15:38:05.342596Z"}
Authentication error: Langfuse client initialized without public_key. Client will be disabled. Provide a public_key parameter or set LANGFUSE_PUBLIC_KEY environment variable. 
{"prompt_tag": "assess_sufficiency@v4", "schema": "SufficiencyAssessment", "tokens": 3404, "event": "model_call.done", "query_preview": "What is the energy cost of FP8 tensor core matrix multiplication relative to an ", "correlation_id": "01KTVN9P29X7HPKTRJPP6W81EF", "level": "info", "timestamp": "2026-06-11T15:38:06.274280Z"}
{"node": "answer", "regenerate_attempt": 0, "event": "start", "query_preview": "What is the energy cost of FP8 tensor core matrix multiplication relative to an ", "correlation_id": "01KTVN9P29X7HPKTRJPP6W81EF", "level": "info", "timestamp": "2026-06-11T15:38:06.275523Z"}
{"prompt_tag": "answer@v5", "schema": "DraftAnswer", "model": "cyankiwi/Qwen3.5-4B-AWQ-4bit", "max_tokens": 1800, "temperature": 0.1, "top_p": 0.8, "presence_penalty": 1.0, "seed": 42, "message_count": 2, "event": "model_call.start", "query_preview": "What is the energy cost of FP8 tensor core matrix multiplication relative to an ", "correlation_id": "01KTVN9P29X7HPKTRJPP6W81EF", "level": "info", "timestamp": "2026-06-11T15:38:06.277510Z"}
Authentication error: Langfuse client initialized without public_key. Client will be disabled. Provide a public_key parameter or set LANGFUSE_PUBLIC_KEY environment variable. 
{"prompt_tag": "answer@v5", "schema": "DraftAnswer", "tokens": 5087, "event": "model_call.done", "query_preview": "What is the energy cost of FP8 tensor core matrix multiplication relative to an ", "correlation_id": "01KTVN9P29X7HPKTRJPP6W81EF", "level": "info", "timestamp": "2026-06-11T15:38:08.297129Z"}
{"node": "answer", "exact": 0, "suffix": 0, "fuzzy": 1, "unresolved": 0, "event": "chunk_id_repair", "query_preview": "What is the energy cost of FP8 tensor core matrix multiplication relative to an ", "correlation_id": "01KTVN9P29X7HPKTRJPP6W81EF", "level": "info", "timestamp": "2026-06-11T15:38:08.297263Z"}
{"node": "verify", "claim_count": 1, "event": "start", "query_preview": "What is the energy cost of FP8 tensor core matrix multiplication relative to an ", "correlation_id": "01KTVN9P29X7HPKTRJPP6W81EF", "level": "info", "timestamp": "2026-06-11T15:38:08.298036Z"}
{"prompt_tag": "verify_grounding@v2", "schema": "VerificationResult", "model": "cyankiwi/Qwen3.5-4B-AWQ-4bit", "max_tokens": 1024, "temperature": 0.1, "top_p": 0.8, "presence_penalty": 1.0, "seed": 42, "message_count": 1, "event": "model_call.start", "query_preview": "What is the energy cost of FP8 tensor core matrix multiplication relative to an ", "correlation_id": "01KTVN9P29X7HPKTRJPP6W81EF", "level": "info", "timestamp": "2026-06-11T15:38:08.301492Z"}
Authentication error: Langfuse client initialized without public_key. Client will be disabled. Provide a public_key parameter or set LANGFUSE_PUBLIC_KEY environment variable. 
{"prompt_tag": "verify_grounding@v2", "schema": "VerificationResult", "tokens": 2183, "event": "model_call.done", "query_preview": "What is the energy cost of FP8 tensor core matrix multiplication relative to an ", "correlation_id": "01KTVN9P29X7HPKTRJPP6W81EF", "level": "info", "timestamp": "2026-06-11T15:38:08.820684Z"}
{"node": "assess_relevance", "event": "start", "query_preview": "What is the energy cost of FP8 tensor core matrix multiplication relative to an ", "correlation_id": "01KTVN9P29X7HPKTRJPP6W81EF", "level": "info", "timestamp": "2026-06-11T15:38:08.821879Z"}
{"prompt_tag": "assess_relevance@v3", "schema": "RelevanceAssessment", "model": "cyankiwi/Qwen3.5-4B-AWQ-4bit", "max_tokens": 1024, "temperature": 0.1, "top_p": 0.8, "presence_penalty": 1.0, "seed": 42, "message_count": 1, "event": "model_call.start", "query_preview": "What is the energy cost of FP8 tensor core matrix multiplication relative to an ", "correlation_id": "01KTVN9P29X7HPKTRJPP6W81EF", "level": "info", "timestamp": "2026-06-11T15:38:08.822932Z"}
Authentication error: Langfuse client initialized without public_key. Client will be disabled. Provide a public_key parameter or set LANGFUSE_PUBLIC_KEY environment variable. 
{"prompt_tag": "assess_relevance@v3", "schema": "RelevanceAssessment", "tokens": 881, "event": "model_call.done", "query_preview": "What is the energy cost of FP8 tensor core matrix multiplication relative to an ", "correlation_id": "01KTVN9P29X7HPKTRJPP6W81EF", "level": "info", "timestamp": "2026-06-11T15:38:09.262237Z"}
{"node": "assess_relevance", "responsive": true, "event": "relevance", "query_preview": "What is the energy cost of FP8 tensor core matrix multiplication relative to an ", "correlation_id": "01KTVN9P29X7HPKTRJPP6W81EF", "level": "info", "timestamp": "2026-06-11T15:38:09.262288Z"}
{"node": "compose", "event": "start", "query_preview": "What is the energy cost of FP8 tensor core matrix multiplication relative to an ", "correlation_id": "01KTVN9P29X7HPKTRJPP6W81EF", "level": "info", "timestamp": "2026-06-11T15:38:09.263358Z"}
Authentication error: Langfuse client initialized without public_key. Client will be disabled. Provide a public_key parameter or set LANGFUSE_PUBLIC_KEY environment variable. 
{"node": "retrieve", "query_len": 69, "event": "start", "query_preview": "Which floating-point format has a 5-bit exponent and 10-bit mantissa?", "correlation_id": "01KTVNATZF0TTTP8VNS1DW335K", "level": "info", "timestamp": "2026-06-11T15:38:09.264783Z"}
{"query_len": 69, "k": 50, "event": "hybrid.start", "query_preview": "Which floating-point format has a 5-bit exponent and 10-bit mantissa?", "correlation_id": "01KTVNATZF0TTTP8VNS1DW335K", "level": "info", "timestamp": "2026-06-11T15:38:09.264818Z"}
{"query_len": 69, "k": 50, "dense": 50, "bm25": 0, "fused": 50, "term": false, "event": "hybrid.done", "query_preview": "Which floating-point format has a 5-bit exponent and 10-bit mantissa?", "correlation_id": "01KTVNATZF0TTTP8VNS1DW335K", "level": "info", "timestamp": "2026-06-11T15:38:09.349001Z"}
{"node": "retrieve", "candidate_count": 50, "event": "done", "query_preview": "Which floating-point format has a 5-bit exponent and 10-bit mantissa?", "correlation_id": "01KTVNATZF0TTTP8VNS1DW335K", "level": "info", "timestamp": "2026-06-11T15:38:09.349955Z"}
{"node": "expand_graph", "reason": "disabled_or_empty", "event": "skip", "query_preview": "Which floating-point format has a 5-bit exponent and 10-bit mantissa?", "correlation_id": "01KTVNATZF0TTTP8VNS1DW335K", "level": "info", "timestamp": "2026-06-11T15:38:09.351387Z"}
{"node": "rerank", "candidate_count": 50, "event": "start", "query_preview": "Which floating-point format has a 5-bit exponent and 10-bit mantissa?", "correlation_id": "01KTVNATZF0TTTP8VNS1DW335K", "level": "info", "timestamp": "2026-06-11T15:38:09.351925Z"}
{"node": "rerank", "top_k": 5, "source": "mode", "event": "top_k_resolved", "query_preview": "Which floating-point format has a 5-bit exponent and 10-bit mantissa?", "correlation_id": "01KTVNATZF0TTTP8VNS1DW335K", "level": "info", "timestamp": "2026-06-11T15:38:09.351978Z"}
{"candidates": 50, "top_k": 5, "backend": "cross_encoder", "event": "rerank.start", "query_preview": "Which floating-point format has a 5-bit exponent and 10-bit mantissa?", "correlation_id": "01KTVNATZF0TTTP8VNS1DW335K", "level": "info", "timestamp": "2026-06-11T15:38:09.352003Z"}
{"candidates": 50, "top_k": 5, "backend": "cross_encoder", "returned": 5, "event": "rerank.done", "query_preview": "Which floating-point format has a 5-bit exponent and 10-bit mantissa?", "correlation_id": "01KTVNATZF0TTTP8VNS1DW335K", "level": "info", "timestamp": "2026-06-11T15:38:46.844368Z"}
{"node": "rerank", "reranked_count": 5, "event": "done", "query_preview": "Which floating-point format has a 5-bit exponent and 10-bit mantissa?", "correlation_id": "01KTVNATZF0TTTP8VNS1DW335K", "level": "info", "timestamp": "2026-06-11T15:38:46.844469Z"}
{"node": "query_tables", "reason": "empty_or_not_table_shaped", "event": "skip", "query_preview": "Which floating-point format has a 5-bit exponent and 10-bit mantissa?", "correlation_id": "01KTVNATZF0TTTP8VNS1DW335K", "level": "info", "timestamp": "2026-06-11T15:38:46.846403Z"}
{"node": "assess", "reranked_count": 5, "event": "start", "query_preview": "Which floating-point format has a 5-bit exponent and 10-bit mantissa?", "correlation_id": "01KTVNATZF0TTTP8VNS1DW335K", "level": "info", "timestamp": "2026-06-11T15:38:46.847172Z"}
{"prompt_tag": "assess_sufficiency@v4", "schema": "SufficiencyAssessment", "model": "cyankiwi/Qwen3.5-4B-AWQ-4bit", "max_tokens": 1024, "temperature": 0.1, "top_p": 0.8, "presence_penalty": 1.0, "seed": 42, "message_count": 1, "event": "model_call.start", "query_preview": "Which floating-point format has a 5-bit exponent and 10-bit mantissa?", "correlation_id": "01KTVNATZF0TTTP8VNS1DW335K", "level": "info", "timestamp": "2026-06-11T15:38:46.849226Z"}
Authentication error: Langfuse client initialized without public_key. Client will be disabled. Provide a public_key parameter or set LANGFUSE_PUBLIC_KEY environment variable. 
{"prompt_tag": "assess_sufficiency@v4", "schema": "SufficiencyAssessment", "tokens": 3352, "event": "model_call.done", "query_preview": "Which floating-point format has a 5-bit exponent and 10-bit mantissa?", "correlation_id": "01KTVNATZF0TTTP8VNS1DW335K", "level": "info", "timestamp": "2026-06-11T15:38:47.877560Z"}
{"node": "answer", "regenerate_attempt": 0, "event": "start", "query_preview": "Which floating-point format has a 5-bit exponent and 10-bit mantissa?", "correlation_id": "01KTVNATZF0TTTP8VNS1DW335K", "level": "info", "timestamp": "2026-06-11T15:38:47.878998Z"}
{"prompt_tag": "answer@v5", "schema": "DraftAnswer", "model": "cyankiwi/Qwen3.5-4B-AWQ-4bit", "max_tokens": 1800, "temperature": 0.1, "top_p": 0.8, "presence_penalty": 1.0, "seed": 42, "message_count": 2, "event": "model_call.start", "query_preview": "Which floating-point format has a 5-bit exponent and 10-bit mantissa?", "correlation_id": "01KTVNATZF0TTTP8VNS1DW335K", "level": "info", "timestamp": "2026-06-11T15:38:47.881677Z"}
Authentication error: Langfuse client initialized without public_key. Client will be disabled. Provide a public_key parameter or set LANGFUSE_PUBLIC_KEY environment variable. 
{"prompt_tag": "answer@v5", "schema": "DraftAnswer", "tokens": 5018, "event": "model_call.done", "query_preview": "Which floating-point format has a 5-bit exponent and 10-bit mantissa?", "correlation_id": "01KTVNATZF0TTTP8VNS1DW335K", "level": "info", "timestamp": "2026-06-11T15:38:49.855054Z"}
{"node": "verify", "claim_count": 1, "event": "start", "query_preview": "Which floating-point format has a 5-bit exponent and 10-bit mantissa?", "correlation_id": "01KTVNATZF0TTTP8VNS1DW335K", "level": "info", "timestamp": "2026-06-11T15:38:49.856110Z"}
{"prompt_tag": "verify_grounding@v2", "schema": "VerificationResult", "model": "cyankiwi/Qwen3.5-4B-AWQ-4bit", "max_tokens": 1024, "temperature": 0.1, "top_p": 0.8, "presence_penalty": 1.0, "seed": 42, "message_count": 1, "event": "model_call.start", "query_preview": "Which floating-point format has a 5-bit exponent and 10-bit mantissa?", "correlation_id": "01KTVNATZF0TTTP8VNS1DW335K", "level": "info", "timestamp": "2026-06-11T15:38:49.860466Z"}
Authentication error: Langfuse client initialized without public_key. Client will be disabled. Provide a public_key parameter or set LANGFUSE_PUBLIC_KEY environment variable. 
{"prompt_tag": "verify_grounding@v2", "schema": "VerificationResult", "tokens": 2168, "event": "model_call.done", "query_preview": "Which floating-point format has a 5-bit exponent and 10-bit mantissa?", "correlation_id": "01KTVNATZF0TTTP8VNS1DW335K", "level": "info", "timestamp": "2026-06-11T15:38:50.377431Z"}
{"node": "assess_relevance", "event": "start", "query_preview": "Which floating-point format has a 5-bit exponent and 10-bit mantissa?", "correlation_id": "01KTVNATZF0TTTP8VNS1DW335K", "level": "info", "timestamp": "2026-06-11T15:38:50.379020Z"}
{"prompt_tag": "assess_relevance@v3", "schema": "RelevanceAssessment", "model": "cyankiwi/Qwen3.5-4B-AWQ-4bit", "max_tokens": 1024, "temperature": 0.1, "top_p": 0.8, "presence_penalty": 1.0, "seed": 42, "message_count": 1, "event": "model_call.start", "query_preview": "Which floating-point format has a 5-bit exponent and 10-bit mantissa?", "correlation_id": "01KTVNATZF0TTTP8VNS1DW335K", "level": "info", "timestamp": "2026-06-11T15:38:50.380330Z"}
Authentication error: Langfuse client initialized without public_key. Client will be disabled. Provide a public_key parameter or set LANGFUSE_PUBLIC_KEY environment variable. 
{"prompt_tag": "assess_relevance@v3", "schema": "RelevanceAssessment", "tokens": 863, "event": "model_call.done", "query_preview": "Which floating-point format has a 5-bit exponent and 10-bit mantissa?", "correlation_id": "01KTVNATZF0TTTP8VNS1DW335K", "level": "info", "timestamp": "2026-06-11T15:38:50.721811Z"}
{"node": "assess_relevance", "responsive": true, "event": "relevance", "query_preview": "Which floating-point format has a 5-bit exponent and 10-bit mantissa?", "correlation_id": "01KTVNATZF0TTTP8VNS1DW335K", "level": "info", "timestamp": "2026-06-11T15:38:50.721864Z"}
{"node": "compose", "event": "start", "query_preview": "Which floating-point format has a 5-bit exponent and 10-bit mantissa?", "correlation_id": "01KTVNATZF0TTTP8VNS1DW335K", "level": "info", "timestamp": "2026-06-11T15:38:50.723512Z"}
Authentication error: Langfuse client initialized without public_key. Client will be disabled. Provide a public_key parameter or set LANGFUSE_PUBLIC_KEY environment variable. 
{"node": "retrieve", "query_len": 41, "event": "start", "query_preview": "In what year did NVIDIA acquire Mellanox?", "correlation_id": "01KTVNC3F433JS4G4EJ3P99AHT", "level": "info", "timestamp": "2026-06-11T15:38:50.725572Z"}
{"query_len": 41, "k": 50, "event": "hybrid.start", "query_preview": "In what year did NVIDIA acquire Mellanox?", "correlation_id": "01KTVNC3F433JS4G4EJ3P99AHT", "level": "info", "timestamp": "2026-06-11T15:38:50.725616Z"}
{"query_len": 41, "k": 50, "dense": 50, "bm25": 0, "fused": 50, "term": false, "event": "hybrid.done", "query_preview": "In what year did NVIDIA acquire Mellanox?", "correlation_id": "01KTVNC3F433JS4G4EJ3P99AHT", "level": "info", "timestamp": "2026-06-11T15:38:50.795334Z"}
{"node": "retrieve", "candidate_count": 50, "event": "done", "query_preview": "In what year did NVIDIA acquire Mellanox?", "correlation_id": "01KTVNC3F433JS4G4EJ3P99AHT", "level": "info", "timestamp": "2026-06-11T15:38:50.796778Z"}
{"node": "expand_graph", "reason": "disabled_or_empty", "event": "skip", "query_preview": "In what year did NVIDIA acquire Mellanox?", "correlation_id": "01KTVNC3F433JS4G4EJ3P99AHT", "level": "info", "timestamp": "2026-06-11T15:38:50.798366Z"}
{"node": "rerank", "candidate_count": 50, "event": "start", "query_preview": "In what year did NVIDIA acquire Mellanox?", "correlation_id": "01KTVNC3F433JS4G4EJ3P99AHT", "level": "info", "timestamp": "2026-06-11T15:38:50.798989Z"}
{"node": "rerank", "top_k": 5, "source": "mode", "event": "top_k_resolved", "query_preview": "In what year did NVIDIA acquire Mellanox?", "correlation_id": "01KTVNC3F433JS4G4EJ3P99AHT", "level": "info", "timestamp": "2026-06-11T15:38:50.799048Z"}
{"candidates": 50, "top_k": 5, "backend": "cross_encoder", "event": "rerank.start", "query_preview": "In what year did NVIDIA acquire Mellanox?", "correlation_id": "01KTVNC3F433JS4G4EJ3P99AHT", "level": "info", "timestamp": "2026-06-11T15:38:50.799091Z"}
{"candidates": 50, "top_k": 5, "backend": "cross_encoder", "returned": 5, "event": "rerank.done", "query_preview": "In what year did NVIDIA acquire Mellanox?", "correlation_id": "01KTVNC3F433JS4G4EJ3P99AHT", "level": "info", "timestamp": "2026-06-11T15:39:57.331195Z"}
{"node": "rerank", "reranked_count": 5, "event": "done", "query_preview": "In what year did NVIDIA acquire Mellanox?", "correlation_id": "01KTVNC3F433JS4G4EJ3P99AHT", "level": "info", "timestamp": "2026-06-11T15:39:57.331308Z"}
{"node": "query_tables", "reason": "empty_or_not_table_shaped", "event": "skip", "query_preview": "In what year did NVIDIA acquire Mellanox?", "correlation_id": "01KTVNC3F433JS4G4EJ3P99AHT", "level": "info", "timestamp": "2026-06-11T15:39:57.333613Z"}
{"node": "assess", "reranked_count": 5, "event": "start", "query_preview": "In what year did NVIDIA acquire Mellanox?", "correlation_id": "01KTVNC3F433JS4G4EJ3P99AHT", "level": "info", "timestamp": "2026-06-11T15:39:57.334597Z"}
{"prompt_tag": "assess_sufficiency@v4", "schema": "SufficiencyAssessment", "model": "cyankiwi/Qwen3.5-4B-AWQ-4bit", "max_tokens": 1024, "temperature": 0.1, "top_p": 0.8, "presence_penalty": 1.0, "seed": 42, "message_count": 1, "event": "model_call.start", "query_preview": "In what year did NVIDIA acquire Mellanox?", "correlation_id": "01KTVNC3F433JS4G4EJ3P99AHT", "level": "info", "timestamp": "2026-06-11T15:39:57.336909Z"}
Authentication error: Langfuse client initialized without public_key. Client will be disabled. Provide a public_key parameter or set LANGFUSE_PUBLIC_KEY environment variable. 
{"prompt_tag": "assess_sufficiency@v4", "schema": "SufficiencyAssessment", "tokens": 2730, "event": "model_call.done", "query_preview": "In what year did NVIDIA acquire Mellanox?", "correlation_id": "01KTVNC3F433JS4G4EJ3P99AHT", "level": "info", "timestamp": "2026-06-11T15:39:58.201936Z"}
{"node": "refuse", "event": "start", "query_preview": "In what year did NVIDIA acquire Mellanox?", "correlation_id": "01KTVNC3F433JS4G4EJ3P99AHT", "level": "info", "timestamp": "2026-06-11T15:39:58.203458Z"}
Authentication error: Langfuse client initialized without public_key. Client will be disabled. Provide a public_key parameter or set LANGFUSE_PUBLIC_KEY environment variable. 
{"node": "retrieve", "query_len": 80, "event": "start", "query_preview": "What is the recommended chunk size for retrieval-augmented generation pipelines?", "correlation_id": "01KTVNE5BWKFW9053ZT7WKHT09", "level": "info", "timestamp": "2026-06-11T15:39:58.205375Z"}
{"query_len": 80, "k": 50, "event": "hybrid.start", "query_preview": "What is the recommended chunk size for retrieval-augmented generation pipelines?", "correlation_id": "01KTVNE5BWKFW9053ZT7WKHT09", "level": "info", "timestamp": "2026-06-11T15:39:58.205424Z"}
{"query_len": 80, "k": 50, "dense": 50, "bm25": 0, "fused": 50, "term": false, "event": "hybrid.done", "query_preview": "What is the recommended chunk size for retrieval-augmented generation pipelines?", "correlation_id": "01KTVNE5BWKFW9053ZT7WKHT09", "level": "info", "timestamp": "2026-06-11T15:39:58.319118Z"}
{"node": "retrieve", "candidate_count": 50, "event": "done", "query_preview": "What is the recommended chunk size for retrieval-augmented generation pipelines?", "correlation_id": "01KTVNE5BWKFW9053ZT7WKHT09", "level": "info", "timestamp": "2026-06-11T15:39:58.320246Z"}
{"node": "expand_graph", "reason": "disabled_or_empty", "event": "skip", "query_preview": "What is the recommended chunk size for retrieval-augmented generation pipelines?", "correlation_id": "01KTVNE5BWKFW9053ZT7WKHT09", "level": "info", "timestamp": "2026-06-11T15:39:58.322029Z"}
{"node": "rerank", "candidate_count": 50, "event": "start", "query_preview": "What is the recommended chunk size for retrieval-augmented generation pipelines?", "correlation_id": "01KTVNE5BWKFW9053ZT7WKHT09", "level": "info", "timestamp": "2026-06-11T15:39:58.322715Z"}
{"node": "rerank", "top_k": 5, "source": "mode", "event": "top_k_resolved", "query_preview": "What is the recommended chunk size for retrieval-augmented generation pipelines?", "correlation_id": "01KTVNE5BWKFW9053ZT7WKHT09", "level": "info", "timestamp": "2026-06-11T15:39:58.322771Z"}
{"candidates": 50, "top_k": 5, "backend": "cross_encoder", "event": "rerank.start", "query_preview": "What is the recommended chunk size for retrieval-augmented generation pipelines?", "correlation_id": "01KTVNE5BWKFW9053ZT7WKHT09", "level": "info", "timestamp": "2026-06-11T15:39:58.322795Z"}
{"candidates": 50, "top_k": 5, "backend": "cross_encoder", "returned": 5, "event": "rerank.done", "query_preview": "What is the recommended chunk size for retrieval-augmented generation pipelines?", "correlation_id": "01KTVNE5BWKFW9053ZT7WKHT09", "level": "info", "timestamp": "2026-06-11T15:41:30.978670Z"}
{"node": "rerank", "reranked_count": 5, "event": "done", "query_preview": "What is the recommended chunk size for retrieval-augmented generation pipelines?", "correlation_id": "01KTVNE5BWKFW9053ZT7WKHT09", "level": "info", "timestamp": "2026-06-11T15:41:30.978742Z"}
{"node": "query_tables", "reason": "empty_or_not_table_shaped", "event": "skip", "query_preview": "What is the recommended chunk size for retrieval-augmented generation pipelines?", "correlation_id": "01KTVNE5BWKFW9053ZT7WKHT09", "level": "info", "timestamp": "2026-06-11T15:41:30.980932Z"}
{"node": "assess", "reranked_count": 5, "event": "start", "query_preview": "What is the recommended chunk size for retrieval-augmented generation pipelines?", "correlation_id": "01KTVNE5BWKFW9053ZT7WKHT09", "level": "info", "timestamp": "2026-06-11T15:41:30.981803Z"}
{"prompt_tag": "assess_sufficiency@v4", "schema": "SufficiencyAssessment", "model": "cyankiwi/Qwen3.5-4B-AWQ-4bit", "max_tokens": 1024, "temperature": 0.1, "top_p": 0.8, "presence_penalty": 1.0, "seed": 42, "message_count": 1, "event": "model_call.start", "query_preview": "What is the recommended chunk size for retrieval-augmented generation pipelines?", "correlation_id": "01KTVNE5BWKFW9053ZT7WKHT09", "level": "info", "timestamp": "2026-06-11T15:41:30.983897Z"}
Authentication error: Langfuse client initialized without public_key. Client will be disabled. Provide a public_key parameter or set LANGFUSE_PUBLIC_KEY environment variable. 
{"prompt_tag": "assess_sufficiency@v4", "schema": "SufficiencyAssessment", "tokens": 2629, "event": "model_call.done", "query_preview": "What is the recommended chunk size for retrieval-augmented generation pipelines?", "correlation_id": "01KTVNE5BWKFW9053ZT7WKHT09", "level": "info", "timestamp": "2026-06-11T15:41:31.829071Z"}
{"node": "refuse", "event": "start", "query_preview": "What is the recommended chunk size for retrieval-augmented generation pipelines?", "correlation_id": "01KTVNE5BWKFW9053ZT7WKHT09", "level": "info", "timestamp": "2026-06-11T15:41:31.830551Z"}
Authentication error: Langfuse client initialized without public_key. Client will be disabled. Provide a public_key parameter or set LANGFUSE_PUBLIC_KEY environment variable. 
{"node": "retrieve", "query_len": 73, "event": "start", "query_preview": "What is the manufacturer's suggested retail price of the NVIDIA RTX 4090?", "correlation_id": "01KTVNH0SQJTBX7MEZV52D4S9W", "level": "info", "timestamp": "2026-06-11T15:41:31.832578Z"}
{"query_len": 73, "k": 50, "event": "hybrid.start", "query_preview": "What is the manufacturer's suggested retail price of the NVIDIA RTX 4090?", "correlation_id": "01KTVNH0SQJTBX7MEZV52D4S9W", "level": "info", "timestamp": "2026-06-11T15:41:31.832639Z"}
{"query_len": 73, "k": 50, "dense": 50, "bm25": 0, "fused": 50, "term": false, "event": "hybrid.done", "query_preview": "What is the manufacturer's suggested retail price of the NVIDIA RTX 4090?", "correlation_id": "01KTVNH0SQJTBX7MEZV52D4S9W", "level": "info", "timestamp": "2026-06-11T15:41:31.962968Z"}
{"node": "retrieve", "candidate_count": 50, "event": "done", "query_preview": "What is the manufacturer's suggested retail price of the NVIDIA RTX 4090?", "correlation_id": "01KTVNH0SQJTBX7MEZV52D4S9W", "level": "info", "timestamp": "2026-06-11T15:41:31.964417Z"}
{"node": "expand_graph", "reason": "disabled_or_empty", "event": "skip", "query_preview": "What is the manufacturer's suggested retail price of the NVIDIA RTX 4090?", "correlation_id": "01KTVNH0SQJTBX7MEZV52D4S9W", "level": "info", "timestamp": "2026-06-11T15:41:31.966434Z"}
{"node": "rerank", "candidate_count": 50, "event": "start", "query_preview": "What is the manufacturer's suggested retail price of the NVIDIA RTX 4090?", "correlation_id": "01KTVNH0SQJTBX7MEZV52D4S9W", "level": "info", "timestamp": "2026-06-11T15:41:31.967267Z"}
{"node": "rerank", "top_k": 5, "source": "mode", "event": "top_k_resolved", "query_preview": "What is the manufacturer's suggested retail price of the NVIDIA RTX 4090?", "correlation_id": "01KTVNH0SQJTBX7MEZV52D4S9W", "level": "info", "timestamp": "2026-06-11T15:41:31.967348Z"}
{"candidates": 50, "top_k": 5, "backend": "cross_encoder", "event": "rerank.start", "query_preview": "What is the manufacturer's suggested retail price of the NVIDIA RTX 4090?", "correlation_id": "01KTVNH0SQJTBX7MEZV52D4S9W", "level": "info", "timestamp": "2026-06-11T15:41:31.967384Z"}
{"candidates": 50, "top_k": 5, "backend": "cross_encoder", "returned": 5, "event": "rerank.done", "query_preview": "What is the manufacturer's suggested retail price of the NVIDIA RTX 4090?", "correlation_id": "01KTVNH0SQJTBX7MEZV52D4S9W", "level": "info", "timestamp": "2026-06-11T15:42:42.897655Z"}
{"node": "rerank", "reranked_count": 5, "event": "done", "query_preview": "What is the manufacturer's suggested retail price of the NVIDIA RTX 4090?", "correlation_id": "01KTVNH0SQJTBX7MEZV52D4S9W", "level": "info", "timestamp": "2026-06-11T15:42:42.897763Z"}
{"node": "query_tables", "reason": "empty_or_not_table_shaped", "event": "skip", "query_preview": "What is the manufacturer's suggested retail price of the NVIDIA RTX 4090?", "correlation_id": "01KTVNH0SQJTBX7MEZV52D4S9W", "level": "info", "timestamp": "2026-06-11T15:42:42.899882Z"}
{"node": "assess", "reranked_count": 5, "event": "start", "query_preview": "What is the manufacturer's suggested retail price of the NVIDIA RTX 4090?", "correlation_id": "01KTVNH0SQJTBX7MEZV52D4S9W", "level": "info", "timestamp": "2026-06-11T15:42:42.900778Z"}
{"prompt_tag": "assess_sufficiency@v4", "schema": "SufficiencyAssessment", "model": "cyankiwi/Qwen3.5-4B-AWQ-4bit", "max_tokens": 1024, "temperature": 0.1, "top_p": 0.8, "presence_penalty": 1.0, "seed": 42, "message_count": 1, "event": "model_call.start", "query_preview": "What is the manufacturer's suggested retail price of the NVIDIA RTX 4090?", "correlation_id": "01KTVNH0SQJTBX7MEZV52D4S9W", "level": "info", "timestamp": "2026-06-11T15:42:42.903225Z"}
Authentication error: Langfuse client initialized without public_key. Client will be disabled. Provide a public_key parameter or set LANGFUSE_PUBLIC_KEY environment variable. 
{"prompt_tag": "assess_sufficiency@v4", "schema": "SufficiencyAssessment", "tokens": 3128, "event": "model_call.done", "query_preview": "What is the manufacturer's suggested retail price of the NVIDIA RTX 4090?", "correlation_id": "01KTVNH0SQJTBX7MEZV52D4S9W", "level": "info", "timestamp": "2026-06-11T15:42:43.834709Z"}
{"node": "refuse", "event": "start", "query_preview": "What is the manufacturer's suggested retail price of the NVIDIA RTX 4090?", "correlation_id": "01KTVNH0SQJTBX7MEZV52D4S9W", "level": "info", "timestamp": "2026-06-11T15:42:43.837007Z"}
Authentication error: Langfuse client initialized without public_key. Client will be disabled. Provide a public_key parameter or set LANGFUSE_PUBLIC_KEY environment variable. 
{"node": "retrieve", "query_len": 91, "event": "start", "query_preview": "What is the energy cost of FP128 matrix multiplication relative to FP32, in FMA ", "correlation_id": "01KTVNK73X00W7515APDXGB9QX", "level": "info", "timestamp": "2026-06-11T15:42:43.839351Z"}
{"query_len": 91, "k": 50, "event": "hybrid.start", "query_preview": "What is the energy cost of FP128 matrix multiplication relative to FP32, in FMA ", "correlation_id": "01KTVNK73X00W7515APDXGB9QX", "level": "info", "timestamp": "2026-06-11T15:42:43.839397Z"}
{"query_len": 91, "k": 50, "dense": 50, "bm25": 0, "fused": 50, "term": false, "event": "hybrid.done", "query_preview": "What is the energy cost of FP128 matrix multiplication relative to FP32, in FMA ", "correlation_id": "01KTVNK73X00W7515APDXGB9QX", "level": "info", "timestamp": "2026-06-11T15:42:43.920829Z"}
{"node": "retrieve", "candidate_count": 50, "event": "done", "query_preview": "What is the energy cost of FP128 matrix multiplication relative to FP32, in FMA ", "correlation_id": "01KTVNK73X00W7515APDXGB9QX", "level": "info", "timestamp": "2026-06-11T15:42:43.921925Z"}
{"node": "expand_graph", "reason": "disabled_or_empty", "event": "skip", "query_preview": "What is the energy cost of FP128 matrix multiplication relative to FP32, in FMA ", "correlation_id": "01KTVNK73X00W7515APDXGB9QX", "level": "info", "timestamp": "2026-06-11T15:42:43.923875Z"}
{"node": "rerank", "candidate_count": 50, "event": "start", "query_preview": "What is the energy cost of FP128 matrix multiplication relative to FP32, in FMA ", "correlation_id": "01KTVNK73X00W7515APDXGB9QX", "level": "info", "timestamp": "2026-06-11T15:42:43.924596Z"}
{"node": "rerank", "top_k": 5, "source": "mode", "event": "top_k_resolved", "query_preview": "What is the energy cost of FP128 matrix multiplication relative to FP32, in FMA ", "correlation_id": "01KTVNK73X00W7515APDXGB9QX", "level": "info", "timestamp": "2026-06-11T15:42:43.924661Z"}
{"candidates": 50, "top_k": 5, "backend": "cross_encoder", "event": "rerank.start", "query_preview": "What is the energy cost of FP128 matrix multiplication relative to FP32, in FMA ", "correlation_id": "01KTVNK73X00W7515APDXGB9QX", "level": "info", "timestamp": "2026-06-11T15:42:43.924687Z"}
{"candidates": 50, "top_k": 5, "backend": "cross_encoder", "returned": 5, "event": "rerank.done", "query_preview": "What is the energy cost of FP128 matrix multiplication relative to FP32, in FMA ", "correlation_id": "01KTVNK73X00W7515APDXGB9QX", "level": "info", "timestamp": "2026-06-11T15:43:19.608510Z"}
{"node": "rerank", "reranked_count": 5, "event": "done", "query_preview": "What is the energy cost of FP128 matrix multiplication relative to FP32, in FMA ", "correlation_id": "01KTVNK73X00W7515APDXGB9QX", "level": "info", "timestamp": "2026-06-11T15:43:19.608639Z"}
{"node": "query_tables", "reason": "empty_or_not_table_shaped", "event": "skip", "query_preview": "What is the energy cost of FP128 matrix multiplication relative to FP32, in FMA ", "correlation_id": "01KTVNK73X00W7515APDXGB9QX", "level": "info", "timestamp": "2026-06-11T15:43:19.611577Z"}
{"node": "assess", "reranked_count": 5, "event": "start", "query_preview": "What is the energy cost of FP128 matrix multiplication relative to FP32, in FMA ", "correlation_id": "01KTVNK73X00W7515APDXGB9QX", "level": "info", "timestamp": "2026-06-11T15:43:19.612738Z"}
{"prompt_tag": "assess_sufficiency@v4", "schema": "SufficiencyAssessment", "model": "cyankiwi/Qwen3.5-4B-AWQ-4bit", "max_tokens": 1024, "temperature": 0.1, "top_p": 0.8, "presence_penalty": 1.0, "seed": 42, "message_count": 1, "event": "model_call.start", "query_preview": "What is the energy cost of FP128 matrix multiplication relative to FP32, in FMA ", "correlation_id": "01KTVNK73X00W7515APDXGB9QX", "level": "info", "timestamp": "2026-06-11T15:43:19.615272Z"}
Authentication error: Langfuse client initialized without public_key. Client will be disabled. Provide a public_key parameter or set LANGFUSE_PUBLIC_KEY environment variable. 
{"prompt_tag": "assess_sufficiency@v4", "schema": "SufficiencyAssessment", "tokens": 3380, "event": "model_call.done", "query_preview": "What is the energy cost of FP128 matrix multiplication relative to FP32, in FMA ", "correlation_id": "01KTVNK73X00W7515APDXGB9QX", "level": "info", "timestamp": "2026-06-11T15:43:20.593422Z"}
{"node": "answer", "regenerate_attempt": 0, "event": "start", "query_preview": "What is the energy cost of FP128 matrix multiplication relative to FP32, in FMA ", "correlation_id": "01KTVNK73X00W7515APDXGB9QX", "level": "info", "timestamp": "2026-06-11T15:43:20.594899Z"}
{"prompt_tag": "answer@v5", "schema": "DraftAnswer", "model": "cyankiwi/Qwen3.5-4B-AWQ-4bit", "max_tokens": 1800, "temperature": 0.1, "top_p": 0.8, "presence_penalty": 1.0, "seed": 42, "message_count": 2, "event": "model_call.start", "query_preview": "What is the energy cost of FP128 matrix multiplication relative to FP32, in FMA ", "correlation_id": "01KTVNK73X00W7515APDXGB9QX", "level": "info", "timestamp": "2026-06-11T15:43:20.596945Z"}
Authentication error: Langfuse client initialized without public_key. Client will be disabled. Provide a public_key parameter or set LANGFUSE_PUBLIC_KEY environment variable. 
{"prompt_tag": "answer@v5", "schema": "DraftAnswer", "tokens": 4952, "event": "model_call.done", "query_preview": "What is the energy cost of FP128 matrix multiplication relative to FP32, in FMA ", "correlation_id": "01KTVNK73X00W7515APDXGB9QX", "level": "info", "timestamp": "2026-06-11T15:43:21.877614Z"}
{"node": "verify", "claim_count": 0, "event": "start", "query_preview": "What is the energy cost of FP128 matrix multiplication relative to FP32, in FMA ", "correlation_id": "01KTVNK73X00W7515APDXGB9QX", "level": "info", "timestamp": "2026-06-11T15:43:21.878586Z"}
{"node": "verify", "event": "empty_draft_shortcircuit", "query_preview": "What is the energy cost of FP128 matrix multiplication relative to FP32, in FMA ", "correlation_id": "01KTVNK73X00W7515APDXGB9QX", "level": "info", "timestamp": "2026-06-11T15:43:21.878625Z"}
{"node": "assess_relevance", "event": "start", "query_preview": "What is the energy cost of FP128 matrix multiplication relative to FP32, in FMA ", "correlation_id": "01KTVNK73X00W7515APDXGB9QX", "level": "info", "timestamp": "2026-06-11T15:43:21.879885Z"}
{"prompt_tag": "assess_relevance@v3", "schema": "RelevanceAssessment", "model": "cyankiwi/Qwen3.5-4B-AWQ-4bit", "max_tokens": 1024, "temperature": 0.1, "top_p": 0.8, "presence_penalty": 1.0, "seed": 42, "message_count": 1, "event": "model_call.start", "query_preview": "What is the energy cost of FP128 matrix multiplication relative to FP32, in FMA ", "correlation_id": "01KTVNK73X00W7515APDXGB9QX", "level": "info", "timestamp": "2026-06-11T15:43:21.881189Z"}
Authentication error: Langfuse client initialized without public_key. Client will be disabled. Provide a public_key parameter or set LANGFUSE_PUBLIC_KEY environment variable. 
{"prompt_tag": "assess_relevance@v3", "schema": "RelevanceAssessment", "tokens": 856, "event": "model_call.done", "query_preview": "What is the energy cost of FP128 matrix multiplication relative to FP32, in FMA ", "correlation_id": "01KTVNK73X00W7515APDXGB9QX", "level": "info", "timestamp": "2026-06-11T15:43:22.359880Z"}
{"node": "assess_relevance", "responsive": false, "event": "relevance", "query_preview": "What is the energy cost of FP128 matrix multiplication relative to FP32, in FMA ", "correlation_id": "01KTVNK73X00W7515APDXGB9QX", "level": "info", "timestamp": "2026-06-11T15:43:22.359961Z"}
{"node": "refuse", "event": "start", "query_preview": "What is the energy cost of FP128 matrix multiplication relative to FP32, in FMA ", "correlation_id": "01KTVNK73X00W7515APDXGB9QX", "level": "info", "timestamp": "2026-06-11T15:43:22.361384Z"}
Authentication error: Langfuse client initialized without public_key. Client will be disabled. Provide a public_key parameter or set LANGFUSE_PUBLIC_KEY environment variable. 
{"node": "retrieve", "query_len": 73, "event": "start", "query_preview": "What is the FP4 tensor core energy cost per FLOP relative to an FP32 FMA?", "correlation_id": "01KTVNMCQT53Y4C7QGRDMRZ6R2", "level": "info", "timestamp": "2026-06-11T15:43:22.363280Z"}
{"query_len": 73, "k": 50, "event": "hybrid.start", "query_preview": "What is the FP4 tensor core energy cost per FLOP relative to an FP32 FMA?", "correlation_id": "01KTVNMCQT53Y4C7QGRDMRZ6R2", "level": "info", "timestamp": "2026-06-11T15:43:22.363324Z"}
{"query_len": 73, "k": 50, "dense": 50, "bm25": 0, "fused": 50, "term": false, "event": "hybrid.done", "query_preview": "What is the FP4 tensor core energy cost per FLOP relative to an FP32 FMA?", "correlation_id": "01KTVNMCQT53Y4C7QGRDMRZ6R2", "level": "info", "timestamp": "2026-06-11T15:43:22.446609Z"}
{"node": "retrieve", "candidate_count": 50, "event": "done", "query_preview": "What is the FP4 tensor core energy cost per FLOP relative to an FP32 FMA?", "correlation_id": "01KTVNMCQT53Y4C7QGRDMRZ6R2", "level": "info", "timestamp": "2026-06-11T15:43:22.448009Z"}
{"node": "expand_graph", "reason": "disabled_or_empty", "event": "skip", "query_preview": "What is the FP4 tensor core energy cost per FLOP relative to an FP32 FMA?", "correlation_id": "01KTVNMCQT53Y4C7QGRDMRZ6R2", "level": "info", "timestamp": "2026-06-11T15:43:22.449836Z"}
{"node": "rerank", "candidate_count": 50, "event": "start", "query_preview": "What is the FP4 tensor core energy cost per FLOP relative to an FP32 FMA?", "correlation_id": "01KTVNMCQT53Y4C7QGRDMRZ6R2", "level": "info", "timestamp": "2026-06-11T15:43:22.450553Z"}
{"node": "rerank", "top_k": 5, "source": "mode", "event": "top_k_resolved", "query_preview": "What is the FP4 tensor core energy cost per FLOP relative to an FP32 FMA?", "correlation_id": "01KTVNMCQT53Y4C7QGRDMRZ6R2", "level": "info", "timestamp": "2026-06-11T15:43:22.450620Z"}
{"candidates": 50, "top_k": 5, "backend": "cross_encoder", "event": "rerank.start", "query_preview": "What is the FP4 tensor core energy cost per FLOP relative to an FP32 FMA?", "correlation_id": "01KTVNMCQT53Y4C7QGRDMRZ6R2", "level": "info", "timestamp": "2026-06-11T15:43:22.450654Z"}
{"candidates": 50, "top_k": 5, "backend": "cross_encoder", "returned": 5, "event": "rerank.done", "query_preview": "What is the FP4 tensor core energy cost per FLOP relative to an FP32 FMA?", "correlation_id": "01KTVNMCQT53Y4C7QGRDMRZ6R2", "level": "info", "timestamp": "2026-06-11T15:43:58.045731Z"}
{"node": "rerank", "reranked_count": 5, "event": "done", "query_preview": "What is the FP4 tensor core energy cost per FLOP relative to an FP32 FMA?", "correlation_id": "01KTVNMCQT53Y4C7QGRDMRZ6R2", "level": "info", "timestamp": "2026-06-11T15:43:58.048578Z"}
{"node": "query_tables", "reason": "empty_or_not_table_shaped", "event": "skip", "query_preview": "What is the FP4 tensor core energy cost per FLOP relative to an FP32 FMA?", "correlation_id": "01KTVNMCQT53Y4C7QGRDMRZ6R2", "level": "info", "timestamp": "2026-06-11T15:43:58.050777Z"}
{"node": "assess", "reranked_count": 5, "event": "start", "query_preview": "What is the FP4 tensor core energy cost per FLOP relative to an FP32 FMA?", "correlation_id": "01KTVNMCQT53Y4C7QGRDMRZ6R2", "level": "info", "timestamp": "2026-06-11T15:43:58.051572Z"}
{"prompt_tag": "assess_sufficiency@v4", "schema": "SufficiencyAssessment", "model": "cyankiwi/Qwen3.5-4B-AWQ-4bit", "max_tokens": 1024, "temperature": 0.1, "top_p": 0.8, "presence_penalty": 1.0, "seed": 42, "message_count": 1, "event": "model_call.start", "query_preview": "What is the FP4 tensor core energy cost per FLOP relative to an FP32 FMA?", "correlation_id": "01KTVNMCQT53Y4C7QGRDMRZ6R2", "level": "info", "timestamp": "2026-06-11T15:43:58.053438Z"}
Authentication error: Langfuse client initialized without public_key. Client will be disabled. Provide a public_key parameter or set LANGFUSE_PUBLIC_KEY environment variable. 
{"prompt_tag": "assess_sufficiency@v4", "schema": "SufficiencyAssessment", "tokens": 3400, "event": "model_call.done", "query_preview": "What is the FP4 tensor core energy cost per FLOP relative to an FP32 FMA?", "correlation_id": "01KTVNMCQT53Y4C7QGRDMRZ6R2", "level": "info", "timestamp": "2026-06-11T15:43:59.207864Z"}
{"node": "answer", "regenerate_attempt": 0, "event": "start", "query_preview": "What is the FP4 tensor core energy cost per FLOP relative to an FP32 FMA?", "correlation_id": "01KTVNMCQT53Y4C7QGRDMRZ6R2", "level": "info", "timestamp": "2026-06-11T15:43:59.209242Z"}
{"prompt_tag": "answer@v5", "schema": "DraftAnswer", "model": "cyankiwi/Qwen3.5-4B-AWQ-4bit", "max_tokens": 1800, "temperature": 0.1, "top_p": 0.8, "presence_penalty": 1.0, "seed": 42, "message_count": 2, "event": "model_call.start", "query_preview": "What is the FP4 tensor core energy cost per FLOP relative to an FP32 FMA?", "correlation_id": "01KTVNMCQT53Y4C7QGRDMRZ6R2", "level": "info", "timestamp": "2026-06-11T15:43:59.211203Z"}
Authentication error: Langfuse client initialized without public_key. Client will be disabled. Provide a public_key parameter or set LANGFUSE_PUBLIC_KEY environment variable. 
{"prompt_tag": "answer@v5", "schema": "DraftAnswer", "tokens": 4968, "event": "model_call.done", "query_preview": "What is the FP4 tensor core energy cost per FLOP relative to an FP32 FMA?", "correlation_id": "01KTVNMCQT53Y4C7QGRDMRZ6R2", "level": "info", "timestamp": "2026-06-11T15:44:00.416622Z"}
{"node": "verify", "claim_count": 0, "event": "start", "query_preview": "What is the FP4 tensor core energy cost per FLOP relative to an FP32 FMA?", "correlation_id": "01KTVNMCQT53Y4C7QGRDMRZ6R2", "level": "info", "timestamp": "2026-06-11T15:44:00.417622Z"}
{"node": "verify", "event": "empty_draft_shortcircuit", "query_preview": "What is the FP4 tensor core energy cost per FLOP relative to an FP32 FMA?", "correlation_id": "01KTVNMCQT53Y4C7QGRDMRZ6R2", "level": "info", "timestamp": "2026-06-11T15:44:00.417676Z"}
{"node": "assess_relevance", "event": "start", "query_preview": "What is the FP4 tensor core energy cost per FLOP relative to an FP32 FMA?", "correlation_id": "01KTVNMCQT53Y4C7QGRDMRZ6R2", "level": "info", "timestamp": "2026-06-11T15:44:00.418961Z"}
{"prompt_tag": "assess_relevance@v3", "schema": "RelevanceAssessment", "model": "cyankiwi/Qwen3.5-4B-AWQ-4bit", "max_tokens": 1024, "temperature": 0.1, "top_p": 0.8, "presence_penalty": 1.0, "seed": 42, "message_count": 1, "event": "model_call.start", "query_preview": "What is the FP4 tensor core energy cost per FLOP relative to an FP32 FMA?", "correlation_id": "01KTVNMCQT53Y4C7QGRDMRZ6R2", "level": "info", "timestamp": "2026-06-11T15:44:00.419945Z"}
Authentication error: Langfuse client initialized without public_key. Client will be disabled. Provide a public_key parameter or set LANGFUSE_PUBLIC_KEY environment variable. 
{"prompt_tag": "assess_relevance@v3", "schema": "RelevanceAssessment", "tokens": 870, "event": "model_call.done", "query_preview": "What is the FP4 tensor core energy cost per FLOP relative to an FP32 FMA?", "correlation_id": "01KTVNMCQT53Y4C7QGRDMRZ6R2", "level": "info", "timestamp": "2026-06-11T15:44:00.883982Z"}
{"node": "assess_relevance", "responsive": false, "event": "relevance", "query_preview": "What is the FP4 tensor core energy cost per FLOP relative to an FP32 FMA?", "correlation_id": "01KTVNMCQT53Y4C7QGRDMRZ6R2", "level": "info", "timestamp": "2026-06-11T15:44:00.884070Z"}
{"node": "refuse", "event": "start", "query_preview": "What is the FP4 tensor core energy cost per FLOP relative to an FP32 FMA?", "correlation_id": "01KTVNMCQT53Y4C7QGRDMRZ6R2", "level": "info", "timestamp": "2026-06-11T15:44:00.885397Z"}
Authentication error: Langfuse client initialized without public_key. Client will be disabled. Provide a public_key parameter or set LANGFUSE_PUBLIC_KEY environment variable. 
{"node": "retrieve", "query_len": 63, "event": "start", "query_preview": "What is the NVLink bandwidth between Hopper and Blackwell GPUs?", "correlation_id": "01KTVNNJBPGZEXGGEKTHKS2DSR", "level": "info", "timestamp": "2026-06-11T15:44:00.887412Z"}
{"query_len": 63, "k": 50, "event": "hybrid.start", "query_preview": "What is the NVLink bandwidth between Hopper and Blackwell GPUs?", "correlation_id": "01KTVNNJBPGZEXGGEKTHKS2DSR", "level": "info", "timestamp": "2026-06-11T15:44:00.887470Z"}
{"query_len": 63, "k": 50, "dense": 50, "bm25": 0, "fused": 50, "term": false, "event": "hybrid.done", "query_preview": "What is the NVLink bandwidth between Hopper and Blackwell GPUs?", "correlation_id": "01KTVNNJBPGZEXGGEKTHKS2DSR", "level": "info", "timestamp": "2026-06-11T15:44:01.020876Z"}
{"node": "retrieve", "candidate_count": 50, "event": "done", "query_preview": "What is the NVLink bandwidth between Hopper and Blackwell GPUs?", "correlation_id": "01KTVNNJBPGZEXGGEKTHKS2DSR", "level": "info", "timestamp": "2026-06-11T15:44:01.021809Z"}
{"node": "expand_graph", "reason": "disabled_or_empty", "event": "skip", "query_preview": "What is the NVLink bandwidth between Hopper and Blackwell GPUs?", "correlation_id": "01KTVNNJBPGZEXGGEKTHKS2DSR", "level": "info", "timestamp": "2026-06-11T15:44:01.023113Z"}
{"node": "rerank", "candidate_count": 50, "event": "start", "query_preview": "What is the NVLink bandwidth between Hopper and Blackwell GPUs?", "correlation_id": "01KTVNNJBPGZEXGGEKTHKS2DSR", "level": "info", "timestamp": "2026-06-11T15:44:01.023595Z"}
{"node": "rerank", "top_k": 5, "source": "mode", "event": "top_k_resolved", "query_preview": "What is the NVLink bandwidth between Hopper and Blackwell GPUs?", "correlation_id": "01KTVNNJBPGZEXGGEKTHKS2DSR", "level": "info", "timestamp": "2026-06-11T15:44:01.023645Z"}
{"candidates": 50, "top_k": 5, "backend": "cross_encoder", "event": "rerank.start", "query_preview": "What is the NVLink bandwidth between Hopper and Blackwell GPUs?", "correlation_id": "01KTVNNJBPGZEXGGEKTHKS2DSR", "level": "info", "timestamp": "2026-06-11T15:44:01.023667Z"}
{"candidates": 50, "top_k": 5, "backend": "cross_encoder", "returned": 5, "event": "rerank.done", "query_preview": "What is the NVLink bandwidth between Hopper and Blackwell GPUs?", "correlation_id": "01KTVNNJBPGZEXGGEKTHKS2DSR", "level": "info", "timestamp": "2026-06-11T15:44:45.420069Z"}
{"node": "rerank", "reranked_count": 5, "event": "done", "query_preview": "What is the NVLink bandwidth between Hopper and Blackwell GPUs?", "correlation_id": "01KTVNNJBPGZEXGGEKTHKS2DSR", "level": "info", "timestamp": "2026-06-11T15:44:45.420160Z"}
{"node": "query_tables", "reason": "empty_or_not_table_shaped", "event": "skip", "query_preview": "What is the NVLink bandwidth between Hopper and Blackwell GPUs?", "correlation_id": "01KTVNNJBPGZEXGGEKTHKS2DSR", "level": "info", "timestamp": "2026-06-11T15:44:45.421971Z"}
{"node": "assess", "reranked_count": 5, "event": "start", "query_preview": "What is the NVLink bandwidth between Hopper and Blackwell GPUs?", "correlation_id": "01KTVNNJBPGZEXGGEKTHKS2DSR", "level": "info", "timestamp": "2026-06-11T15:44:45.422572Z"}
{"prompt_tag": "assess_sufficiency@v4", "schema": "SufficiencyAssessment", "model": "cyankiwi/Qwen3.5-4B-AWQ-4bit", "max_tokens": 1024, "temperature": 0.1, "top_p": 0.8, "presence_penalty": 1.0, "seed": 42, "message_count": 1, "event": "model_call.start", "query_preview": "What is the NVLink bandwidth between Hopper and Blackwell GPUs?", "correlation_id": "01KTVNNJBPGZEXGGEKTHKS2DSR", "level": "info", "timestamp": "2026-06-11T15:44:45.424214Z"}
Authentication error: Langfuse client initialized without public_key. Client will be disabled. Provide a public_key parameter or set LANGFUSE_PUBLIC_KEY environment variable. 
{"prompt_tag": "assess_sufficiency@v4", "schema": "SufficiencyAssessment", "tokens": 1783, "event": "model_call.done", "query_preview": "What is the NVLink bandwidth between Hopper and Blackwell GPUs?", "correlation_id": "01KTVNNJBPGZEXGGEKTHKS2DSR", "level": "info", "timestamp": "2026-06-11T15:44:46.249981Z"}
{"node": "refuse", "event": "start", "query_preview": "What is the NVLink bandwidth between Hopper and Blackwell GPUs?", "correlation_id": "01KTVNNJBPGZEXGGEKTHKS2DSR", "level": "info", "timestamp": "2026-06-11T15:44:46.251254Z"}
Authentication error: Langfuse client initialized without public_key. Client will be disabled. Provide a public_key parameter or set LANGFUSE_PUBLIC_KEY environment variable. 
{"node": "retrieve", "query_len": 82, "event": "start", "query_preview": "How many CUDA cores are in NVIDIA's latest data-center GPU according to this dec", "correlation_id": "01KTVNPYNBV4P3H03D2A3C6DSN", "level": "info", "timestamp": "2026-06-11T15:44:46.252872Z"}
{"query_len": 82, "k": 50, "event": "hybrid.start", "query_preview": "How many CUDA cores are in NVIDIA's latest data-center GPU according to this dec", "correlation_id": "01KTVNPYNBV4P3H03D2A3C6DSN", "level": "info", "timestamp": "2026-06-11T15:44:46.252909Z"}
{"query_len": 82, "k": 50, "dense": 50, "bm25": 0, "fused": 50, "term": false, "event": "hybrid.done", "query_preview": "How many CUDA cores are in NVIDIA's latest data-center GPU according to this dec", "correlation_id": "01KTVNPYNBV4P3H03D2A3C6DSN", "level": "info", "timestamp": "2026-06-11T15:44:46.334269Z"}
{"node": "retrieve", "candidate_count": 50, "event": "done", "query_preview": "How many CUDA cores are in NVIDIA's latest data-center GPU according to this dec", "correlation_id": "01KTVNPYNBV4P3H03D2A3C6DSN", "level": "info", "timestamp": "2026-06-11T15:44:46.335200Z"}
{"node": "expand_graph", "reason": "disabled_or_empty", "event": "skip", "query_preview": "How many CUDA cores are in NVIDIA's latest data-center GPU according to this dec", "correlation_id": "01KTVNPYNBV4P3H03D2A3C6DSN", "level": "info", "timestamp": "2026-06-11T15:44:46.336483Z"}
{"node": "rerank", "candidate_count": 50, "event": "start", "query_preview": "How many CUDA cores are in NVIDIA's latest data-center GPU according to this dec", "correlation_id": "01KTVNPYNBV4P3H03D2A3C6DSN", "level": "info", "timestamp": "2026-06-11T15:44:46.336976Z"}
{"node": "rerank", "top_k": 5, "source": "mode", "event": "top_k_resolved", "query_preview": "How many CUDA cores are in NVIDIA's latest data-center GPU according to this dec", "correlation_id": "01KTVNPYNBV4P3H03D2A3C6DSN", "level": "info", "timestamp": "2026-06-11T15:44:46.337038Z"}
{"candidates": 50, "top_k": 5, "backend": "cross_encoder", "event": "rerank.start", "query_preview": "How many CUDA cores are in NVIDIA's latest data-center GPU according to this dec", "correlation_id": "01KTVNPYNBV4P3H03D2A3C6DSN", "level": "info", "timestamp": "2026-06-11T15:44:46.337064Z"}
{"candidates": 50, "top_k": 5, "backend": "cross_encoder", "returned": 5, "event": "rerank.done", "query_preview": "How many CUDA cores are in NVIDIA's latest data-center GPU according to this dec", "correlation_id": "01KTVNPYNBV4P3H03D2A3C6DSN", "level": "info", "timestamp": "2026-06-11T15:45:34.956577Z"}
{"node": "rerank", "reranked_count": 5, "event": "done", "query_preview": "How many CUDA cores are in NVIDIA's latest data-center GPU according to this dec", "correlation_id": "01KTVNPYNBV4P3H03D2A3C6DSN", "level": "info", "timestamp": "2026-06-11T15:45:34.956647Z"}
{"prompt_tag": "generate_table_sql@v1", "schema": "GeneratedSQL", "model": "cyankiwi/Qwen3.5-4B-AWQ-4bit", "max_tokens": 1024, "temperature": 0.1, "top_p": 0.8, "presence_penalty": 1.0, "seed": 42, "message_count": 1, "event": "model_call.start", "query_preview": "How many CUDA cores are in NVIDIA's latest data-center GPU according to this dec", "correlation_id": "01KTVNPYNBV4P3H03D2A3C6DSN", "level": "info", "timestamp": "2026-06-11T15:45:34.971011Z"}
Authentication error: Langfuse client initialized without public_key. Client will be disabled. Provide a public_key parameter or set LANGFUSE_PUBLIC_KEY environment variable. 
{"prompt_tag": "generate_table_sql@v1", "schema": "GeneratedSQL", "tokens": 1016, "event": "model_call.done", "query_preview": "How many CUDA cores are in NVIDIA's latest data-center GPU according to this dec", "correlation_id": "01KTVNPYNBV4P3H03D2A3C6DSN", "level": "info", "timestamp": "2026-06-11T15:45:35.590300Z"}
{"node": "query_doc_tables", "sql": "SELECT COUNT(*) FROM f92a04286d", "target": "f92a04286d", "event": "table_sql.generated", "query_preview": "How many CUDA cores are in NVIDIA's latest data-center GPU according to this dec", "correlation_id": "01KTVNPYNBV4P3H03D2A3C6DSN", "level": "info", "timestamp": "2026-06-11T15:45:35.590378Z"}
{"node": "query_doc_tables", "kind": "aggregate", "target": "f92a04286d", "event": "table_sql.result", "query_preview": "How many CUDA cores are in NVIDIA's latest data-center GPU according to this dec", "correlation_id": "01KTVNPYNBV4P3H03D2A3C6DSN", "level": "info", "timestamp": "2026-06-11T15:45:35.595106Z"}
{"node": "query_tables", "kind": "aggregate", "chunk_id": "0e725ba0-2026-annual-report-web#sql0001", "event": "injected", "query_preview": "How many CUDA cores are in NVIDIA's latest data-center GPU according to this dec", "correlation_id": "01KTVNPYNBV4P3H03D2A3C6DSN", "level": "info", "timestamp": "2026-06-11T15:45:35.595475Z"}
{"node": "assess", "reranked_count": 6, "event": "start", "query_preview": "How many CUDA cores are in NVIDIA's latest data-center GPU according to this dec", "correlation_id": "01KTVNPYNBV4P3H03D2A3C6DSN", "level": "info", "timestamp": "2026-06-11T15:45:35.596298Z"}
{"prompt_tag": "assess_sufficiency@v4", "schema": "SufficiencyAssessment", "model": "cyankiwi/Qwen3.5-4B-AWQ-4bit", "max_tokens": 1024, "temperature": 0.1, "top_p": 0.8, "presence_penalty": 1.0, "seed": 42, "message_count": 1, "event": "model_call.start", "query_preview": "How many CUDA cores are in NVIDIA's latest data-center GPU according to this dec", "correlation_id": "01KTVNPYNBV4P3H03D2A3C6DSN", "level": "info", "timestamp": "2026-06-11T15:45:35.597603Z"}
Authentication error: Langfuse client initialized without public_key. Client will be disabled. Provide a public_key parameter or set LANGFUSE_PUBLIC_KEY environment variable. 
{"prompt_tag": "assess_sufficiency@v4", "schema": "SufficiencyAssessment", "tokens": 2614, "event": "model_call.done", "query_preview": "How many CUDA cores are in NVIDIA's latest data-center GPU according to this dec", "correlation_id": "01KTVNPYNBV4P3H03D2A3C6DSN", "level": "info", "timestamp": "2026-06-11T15:45:36.410539Z"}
{"node": "refuse", "event": "start", "query_preview": "How many CUDA cores are in NVIDIA's latest data-center GPU according to this dec", "correlation_id": "01KTVNPYNBV4P3H03D2A3C6DSN", "level": "info", "timestamp": "2026-06-11T15:45:36.411871Z"}
Authentication error: Langfuse client initialized without public_key. Client will be disabled. Provide a public_key parameter or set LANGFUSE_PUBLIC_KEY environment variable. 
{"node": "retrieve", "query_len": 94, "event": "start", "query_preview": "What is the kernel-fusion speed-up factor for converting FP32 to INT8 according ", "correlation_id": "01KTVNRFMW0VWRQDSPZYWNSVVG", "level": "info", "timestamp": "2026-06-11T15:45:36.413485Z"}
{"query_len": 94, "k": 50, "event": "hybrid.start", "query_preview": "What is the kernel-fusion speed-up factor for converting FP32 to INT8 according ", "correlation_id": "01KTVNRFMW0VWRQDSPZYWNSVVG", "level": "info", "timestamp": "2026-06-11T15:45:36.413521Z"}
{"query_len": 94, "k": 50, "dense": 50, "bm25": 0, "fused": 50, "term": false, "event": "hybrid.done", "query_preview": "What is the kernel-fusion speed-up factor for converting FP32 to INT8 according ", "correlation_id": "01KTVNRFMW0VWRQDSPZYWNSVVG", "level": "info", "timestamp": "2026-06-11T15:45:36.490281Z"}
{"node": "retrieve", "candidate_count": 50, "event": "done", "query_preview": "What is the kernel-fusion speed-up factor for converting FP32 to INT8 according ", "correlation_id": "01KTVNRFMW0VWRQDSPZYWNSVVG", "level": "info", "timestamp": "2026-06-11T15:45:36.491267Z"}
{"node": "expand_graph", "reason": "disabled_or_empty", "event": "skip", "query_preview": "What is the kernel-fusion speed-up factor for converting FP32 to INT8 according ", "correlation_id": "01KTVNRFMW0VWRQDSPZYWNSVVG", "level": "info", "timestamp": "2026-06-11T15:45:36.492743Z"}
{"node": "rerank", "candidate_count": 50, "event": "start", "query_preview": "What is the kernel-fusion speed-up factor for converting FP32 to INT8 according ", "correlation_id": "01KTVNRFMW0VWRQDSPZYWNSVVG", "level": "info", "timestamp": "2026-06-11T15:45:36.493255Z"}
{"node": "rerank", "top_k": 5, "source": "mode", "event": "top_k_resolved", "query_preview": "What is the kernel-fusion speed-up factor for converting FP32 to INT8 according ", "correlation_id": "01KTVNRFMW0VWRQDSPZYWNSVVG", "level": "info", "timestamp": "2026-06-11T15:45:36.493310Z"}
{"candidates": 50, "top_k": 5, "backend": "cross_encoder", "event": "rerank.start", "query_preview": "What is the kernel-fusion speed-up factor for converting FP32 to INT8 according ", "correlation_id": "01KTVNRFMW0VWRQDSPZYWNSVVG", "level": "info", "timestamp": "2026-06-11T15:45:36.493333Z"}
{"candidates": 50, "top_k": 5, "backend": "cross_encoder", "returned": 5, "event": "rerank.done", "query_preview": "What is the kernel-fusion speed-up factor for converting FP32 to INT8 according ", "correlation_id": "01KTVNRFMW0VWRQDSPZYWNSVVG", "level": "info", "timestamp": "2026-06-11T15:46:11.178627Z"}
{"node": "rerank", "reranked_count": 5, "event": "done", "query_preview": "What is the kernel-fusion speed-up factor for converting FP32 to INT8 according ", "correlation_id": "01KTVNRFMW0VWRQDSPZYWNSVVG", "level": "info", "timestamp": "2026-06-11T15:46:11.178704Z"}
{"node": "query_tables", "reason": "empty_or_not_table_shaped", "event": "skip", "query_preview": "What is the kernel-fusion speed-up factor for converting FP32 to INT8 according ", "correlation_id": "01KTVNRFMW0VWRQDSPZYWNSVVG", "level": "info", "timestamp": "2026-06-11T15:46:11.180271Z"}
{"node": "assess", "reranked_count": 5, "event": "start", "query_preview": "What is the kernel-fusion speed-up factor for converting FP32 to INT8 according ", "correlation_id": "01KTVNRFMW0VWRQDSPZYWNSVVG", "level": "info", "timestamp": "2026-06-11T15:46:11.180867Z"}
{"prompt_tag": "assess_sufficiency@v4", "schema": "SufficiencyAssessment", "model": "cyankiwi/Qwen3.5-4B-AWQ-4bit", "max_tokens": 1024, "temperature": 0.1, "top_p": 0.8, "presence_penalty": 1.0, "seed": 42, "message_count": 1, "event": "model_call.start", "query_preview": "What is the kernel-fusion speed-up factor for converting FP32 to INT8 according ", "correlation_id": "01KTVNRFMW0VWRQDSPZYWNSVVG", "level": "info", "timestamp": "2026-06-11T15:46:11.182447Z"}
Authentication error: Langfuse client initialized without public_key. Client will be disabled. Provide a public_key parameter or set LANGFUSE_PUBLIC_KEY environment variable. 
{"prompt_tag": "assess_sufficiency@v4", "schema": "SufficiencyAssessment", "tokens": 2929, "event": "model_call.done", "query_preview": "What is the kernel-fusion speed-up factor for converting FP32 to INT8 according ", "correlation_id": "01KTVNRFMW0VWRQDSPZYWNSVVG", "level": "info", "timestamp": "2026-06-11T15:46:12.093371Z"}
{"node": "refuse", "event": "start", "query_preview": "What is the kernel-fusion speed-up factor for converting FP32 to INT8 according ", "correlation_id": "01KTVNRFMW0VWRQDSPZYWNSVVG", "level": "info", "timestamp": "2026-06-11T15:46:12.094630Z"}
Authentication error: Langfuse client initialized without public_key. Client will be disabled. Provide a public_key parameter or set LANGFUSE_PUBLIC_KEY environment variable. 
{"node": "retrieve", "query_len": 89, "event": "start", "query_preview": "By how much has NVRTC compilation time improved since CUDA 11.8 for a hello-worl", "correlation_id": "01KTVNSJFZ6HPQ1NXAVYCRAKR7", "level": "info", "timestamp": "2026-06-11T15:46:12.096094Z"}
{"query_len": 89, "k": 50, "event": "hybrid.start", "query_preview": "By how much has NVRTC compilation time improved since CUDA 11.8 for a hello-worl", "correlation_id": "01KTVNSJFZ6HPQ1NXAVYCRAKR7", "level": "info", "timestamp": "2026-06-11T15:46:12.096131Z"}
{"query_len": 89, "k": 50, "dense": 50, "bm25": 0, "fused": 50, "term": false, "event": "hybrid.done", "query_preview": "By how much has NVRTC compilation time improved since CUDA 11.8 for a hello-worl", "correlation_id": "01KTVNSJFZ6HPQ1NXAVYCRAKR7", "level": "info", "timestamp": "2026-06-11T15:46:12.755793Z"}
{"node": "retrieve", "candidate_count": 50, "event": "done", "query_preview": "By how much has NVRTC compilation time improved since CUDA 11.8 for a hello-worl", "correlation_id": "01KTVNSJFZ6HPQ1NXAVYCRAKR7", "level": "info", "timestamp": "2026-06-11T15:46:12.756809Z"}
{"node": "expand_graph", "reason": "disabled_or_empty", "event": "skip", "query_preview": "By how much has NVRTC compilation time improved since CUDA 11.8 for a hello-worl", "correlation_id": "01KTVNSJFZ6HPQ1NXAVYCRAKR7", "level": "info", "timestamp": "2026-06-11T15:46:12.758052Z"}
{"node": "rerank", "candidate_count": 50, "event": "start", "query_preview": "By how much has NVRTC compilation time improved since CUDA 11.8 for a hello-worl", "correlation_id": "01KTVNSJFZ6HPQ1NXAVYCRAKR7", "level": "info", "timestamp": "2026-06-11T15:46:12.758512Z"}
{"node": "rerank", "top_k": 5, "source": "mode", "event": "top_k_resolved", "query_preview": "By how much has NVRTC compilation time improved since CUDA 11.8 for a hello-worl", "correlation_id": "01KTVNSJFZ6HPQ1NXAVYCRAKR7", "level": "info", "timestamp": "2026-06-11T15:46:12.758556Z"}
{"candidates": 50, "top_k": 5, "backend": "cross_encoder", "event": "rerank.start", "query_preview": "By how much has NVRTC compilation time improved since CUDA 11.8 for a hello-worl", "correlation_id": "01KTVNSJFZ6HPQ1NXAVYCRAKR7", "level": "info", "timestamp": "2026-06-11T15:46:12.758577Z"}
{"candidates": 50, "top_k": 5, "backend": "cross_encoder", "returned": 5, "event": "rerank.done", "query_preview": "By how much has NVRTC compilation time improved since CUDA 11.8 for a hello-worl", "correlation_id": "01KTVNSJFZ6HPQ1NXAVYCRAKR7", "level": "info", "timestamp": "2026-06-11T15:46:54.254158Z"}
{"node": "rerank", "reranked_count": 5, "event": "done", "query_preview": "By how much has NVRTC compilation time improved since CUDA 11.8 for a hello-worl", "correlation_id": "01KTVNSJFZ6HPQ1NXAVYCRAKR7", "level": "info", "timestamp": "2026-06-11T15:46:54.254238Z"}
{"node": "query_tables", "reason": "empty_or_not_table_shaped", "event": "skip", "query_preview": "By how much has NVRTC compilation time improved since CUDA 11.8 for a hello-worl", "correlation_id": "01KTVNSJFZ6HPQ1NXAVYCRAKR7", "level": "info", "timestamp": "2026-06-11T15:46:54.255751Z"}
{"node": "assess", "reranked_count": 5, "event": "start", "query_preview": "By how much has NVRTC compilation time improved since CUDA 11.8 for a hello-worl", "correlation_id": "01KTVNSJFZ6HPQ1NXAVYCRAKR7", "level": "info", "timestamp": "2026-06-11T15:46:54.256336Z"}
{"prompt_tag": "assess_sufficiency@v4", "schema": "SufficiencyAssessment", "model": "cyankiwi/Qwen3.5-4B-AWQ-4bit", "max_tokens": 1024, "temperature": 0.1, "top_p": 0.8, "presence_penalty": 1.0, "seed": 42, "message_count": 1, "event": "model_call.start", "query_preview": "By how much has NVRTC compilation time improved since CUDA 11.8 for a hello-worl", "correlation_id": "01KTVNSJFZ6HPQ1NXAVYCRAKR7", "level": "info", "timestamp": "2026-06-11T15:46:54.257914Z"}
Authentication error: Langfuse client initialized without public_key. Client will be disabled. Provide a public_key parameter or set LANGFUSE_PUBLIC_KEY environment variable. 
{"prompt_tag": "assess_sufficiency@v4", "schema": "SufficiencyAssessment", "tokens": 2705, "event": "model_call.done", "query_preview": "By how much has NVRTC compilation time improved since CUDA 11.8 for a hello-worl", "correlation_id": "01KTVNSJFZ6HPQ1NXAVYCRAKR7", "level": "info", "timestamp": "2026-06-11T15:46:55.196195Z"}
{"node": "answer", "regenerate_attempt": 0, "event": "start", "query_preview": "By how much has NVRTC compilation time improved since CUDA 11.8 for a hello-worl", "correlation_id": "01KTVNSJFZ6HPQ1NXAVYCRAKR7", "level": "info", "timestamp": "2026-06-11T15:46:55.197333Z"}
{"prompt_tag": "answer@v5", "schema": "DraftAnswer", "model": "cyankiwi/Qwen3.5-4B-AWQ-4bit", "max_tokens": 1800, "temperature": 0.1, "top_p": 0.8, "presence_penalty": 1.0, "seed": 42, "message_count": 2, "event": "model_call.start", "query_preview": "By how much has NVRTC compilation time improved since CUDA 11.8 for a hello-worl", "correlation_id": "01KTVNSJFZ6HPQ1NXAVYCRAKR7", "level": "info", "timestamp": "2026-06-11T15:46:55.199318Z"}
Authentication error: Langfuse client initialized without public_key. Client will be disabled. Provide a public_key parameter or set LANGFUSE_PUBLIC_KEY environment variable. 
{"prompt_tag": "answer@v5", "schema": "DraftAnswer", "tokens": 4257, "event": "model_call.done", "query_preview": "By how much has NVRTC compilation time improved since CUDA 11.8 for a hello-worl", "correlation_id": "01KTVNSJFZ6HPQ1NXAVYCRAKR7", "level": "info", "timestamp": "2026-06-11T15:46:56.037266Z"}
{"node": "verify", "claim_count": 0, "event": "start", "query_preview": "By how much has NVRTC compilation time improved since CUDA 11.8 for a hello-worl", "correlation_id": "01KTVNSJFZ6HPQ1NXAVYCRAKR7", "level": "info", "timestamp": "2026-06-11T15:46:56.038072Z"}
{"node": "verify", "event": "empty_draft_shortcircuit", "query_preview": "By how much has NVRTC compilation time improved since CUDA 11.8 for a hello-worl", "correlation_id": "01KTVNSJFZ6HPQ1NXAVYCRAKR7", "level": "info", "timestamp": "2026-06-11T15:46:56.038106Z"}
{"node": "assess_relevance", "event": "start", "query_preview": "By how much has NVRTC compilation time improved since CUDA 11.8 for a hello-worl", "correlation_id": "01KTVNSJFZ6HPQ1NXAVYCRAKR7", "level": "info", "timestamp": "2026-06-11T15:46:56.039126Z"}
{"prompt_tag": "assess_relevance@v3", "schema": "RelevanceAssessment", "model": "cyankiwi/Qwen3.5-4B-AWQ-4bit", "max_tokens": 1024, "temperature": 0.1, "top_p": 0.8, "presence_penalty": 1.0, "seed": 42, "message_count": 1, "event": "model_call.start", "query_preview": "By how much has NVRTC compilation time improved since CUDA 11.8 for a hello-worl", "correlation_id": "01KTVNSJFZ6HPQ1NXAVYCRAKR7", "level": "info", "timestamp": "2026-06-11T15:46:56.040082Z"}
Authentication error: Langfuse client initialized without public_key. Client will be disabled. Provide a public_key parameter or set LANGFUSE_PUBLIC_KEY environment variable. 
{"prompt_tag": "assess_relevance@v3", "schema": "RelevanceAssessment", "tokens": 843, "event": "model_call.done", "query_preview": "By how much has NVRTC compilation time improved since CUDA 11.8 for a hello-worl", "correlation_id": "01KTVNSJFZ6HPQ1NXAVYCRAKR7", "level": "info", "timestamp": "2026-06-11T15:46:56.577345Z"}
{"node": "assess_relevance", "responsive": false, "event": "relevance", "query_preview": "By how much has NVRTC compilation time improved since CUDA 11.8 for a hello-worl", "correlation_id": "01KTVNSJFZ6HPQ1NXAVYCRAKR7", "level": "info", "timestamp": "2026-06-11T15:46:56.577407Z"}
{"node": "refuse", "event": "start", "query_preview": "By how much has NVRTC compilation time improved since CUDA 11.8 for a hello-worl", "correlation_id": "01KTVNSJFZ6HPQ1NXAVYCRAKR7", "level": "info", "timestamp": "2026-06-11T15:46:56.578790Z"}
Authentication error: Langfuse client initialized without public_key. Client will be disabled. Provide a public_key parameter or set LANGFUSE_PUBLIC_KEY environment variable. 
{"node": "retrieve", "query_len": 150, "event": "start", "query_preview": "In the deck's basic kernel-fusion example, how many kernel launches does the unf", "correlation_id": "01KTVNTXY3KK3FMPJEGN4P6S46", "level": "info", "timestamp": "2026-06-11T15:46:56.580345Z"}
{"query_len": 150, "k": 50, "event": "hybrid.start", "query_preview": "In the deck's basic kernel-fusion example, how many kernel launches does the unf", "correlation_id": "01KTVNTXY3KK3FMPJEGN4P6S46", "level": "info", "timestamp": "2026-06-11T15:46:56.580381Z"}
{"query_len": 150, "k": 50, "dense": 50, "bm25": 0, "fused": 50, "term": false, "event": "hybrid.done", "query_preview": "In the deck's basic kernel-fusion example, how many kernel launches does the unf", "correlation_id": "01KTVNTXY3KK3FMPJEGN4P6S46", "level": "info", "timestamp": "2026-06-11T15:46:56.739717Z"}
{"node": "retrieve", "candidate_count": 50, "event": "done", "query_preview": "In the deck's basic kernel-fusion example, how many kernel launches does the unf", "correlation_id": "01KTVNTXY3KK3FMPJEGN4P6S46", "level": "info", "timestamp": "2026-06-11T15:46:56.740822Z"}
{"node": "expand_graph", "reason": "disabled_or_empty", "event": "skip", "query_preview": "In the deck's basic kernel-fusion example, how many kernel launches does the unf", "correlation_id": "01KTVNTXY3KK3FMPJEGN4P6S46", "level": "info", "timestamp": "2026-06-11T15:46:56.742215Z"}
{"node": "rerank", "candidate_count": 50, "event": "start", "query_preview": "In the deck's basic kernel-fusion example, how many kernel launches does the unf", "correlation_id": "01KTVNTXY3KK3FMPJEGN4P6S46", "level": "info", "timestamp": "2026-06-11T15:46:56.742730Z"}
{"node": "rerank", "top_k": 5, "source": "mode", "event": "top_k_resolved", "query_preview": "In the deck's basic kernel-fusion example, how many kernel launches does the unf", "correlation_id": "01KTVNTXY3KK3FMPJEGN4P6S46", "level": "info", "timestamp": "2026-06-11T15:46:56.742776Z"}
{"candidates": 50, "top_k": 5, "backend": "cross_encoder", "event": "rerank.start", "query_preview": "In the deck's basic kernel-fusion example, how many kernel launches does the unf", "correlation_id": "01KTVNTXY3KK3FMPJEGN4P6S46", "level": "info", "timestamp": "2026-06-11T15:46:56.742799Z"}
{"candidates": 50, "top_k": 5, "backend": "cross_encoder", "returned": 5, "event": "rerank.done", "query_preview": "In the deck's basic kernel-fusion example, how many kernel launches does the unf", "correlation_id": "01KTVNTXY3KK3FMPJEGN4P6S46", "level": "info", "timestamp": "2026-06-11T15:47:29.407720Z"}
{"node": "rerank", "reranked_count": 5, "event": "done", "query_preview": "In the deck's basic kernel-fusion example, how many kernel launches does the unf", "correlation_id": "01KTVNTXY3KK3FMPJEGN4P6S46", "level": "info", "timestamp": "2026-06-11T15:47:29.407796Z"}
{"prompt_tag": "generate_table_sql@v1", "schema": "GeneratedSQL", "model": "cyankiwi/Qwen3.5-4B-AWQ-4bit", "max_tokens": 1024, "temperature": 0.1, "top_p": 0.8, "presence_penalty": 1.0, "seed": 42, "message_count": 1, "event": "model_call.start", "query_preview": "In the deck's basic kernel-fusion example, how many kernel launches does the unf", "correlation_id": "01KTVNTXY3KK3FMPJEGN4P6S46", "level": "info", "timestamp": "2026-06-11T15:47:29.438814Z"}
Authentication error: Langfuse client initialized without public_key. Client will be disabled. Provide a public_key parameter or set LANGFUSE_PUBLIC_KEY environment variable. 
{"prompt_tag": "generate_table_sql@v1", "schema": "GeneratedSQL", "tokens": 2057, "event": "model_call.done", "query_preview": "In the deck's basic kernel-fusion example, how many kernel launches does the unf", "correlation_id": "01KTVNTXY3KK3FMPJEGN4P6S46", "level": "info", "timestamp": "2026-06-11T15:47:30.486254Z"}
{"node": "query_doc_tables", "sql": "SELECT * FROM c_3e19286405 WHERE precision = 'FP32' AND operation = 'FMA' ORDER BY energy_per_flop_matrix_multiply__num ASC LIMIT 1", "target": "c_3e19286405", "event": "table_sql.generated", "query_preview": "In the deck's basic kernel-fusion example, how many kernel launches does the unf", "correlation_id": "01KTVNTXY3KK3FMPJEGN4P6S46", "level": "info", "timestamp": "2026-06-11T15:47:30.486307Z"}
{"node": "query_doc_tables", "target": "c_3e19286405", "event": "table_sql.no_result", "query_preview": "In the deck's basic kernel-fusion example, how many kernel launches does the unf", "correlation_id": "01KTVNTXY3KK3FMPJEGN4P6S46", "level": "info", "timestamp": "2026-06-11T15:47:30.486890Z"}
{"node": "query_tables", "event": "no_table_answer", "query_preview": "In the deck's basic kernel-fusion example, how many kernel launches does the unf", "correlation_id": "01KTVNTXY3KK3FMPJEGN4P6S46", "level": "info", "timestamp": "2026-06-11T15:47:30.487280Z"}
{"node": "assess", "reranked_count": 5, "event": "start", "query_preview": "In the deck's basic kernel-fusion example, how many kernel launches does the unf", "correlation_id": "01KTVNTXY3KK3FMPJEGN4P6S46", "level": "info", "timestamp": "2026-06-11T15:47:30.488013Z"}
{"prompt_tag": "assess_sufficiency@v4", "schema": "SufficiencyAssessment", "model": "cyankiwi/Qwen3.5-4B-AWQ-4bit", "max_tokens": 1024, "temperature": 0.1, "top_p": 0.8, "presence_penalty": 1.0, "seed": 42, "message_count": 1, "event": "model_call.start", "query_preview": "In the deck's basic kernel-fusion example, how many kernel launches does the unf", "correlation_id": "01KTVNTXY3KK3FMPJEGN4P6S46", "level": "info", "timestamp": "2026-06-11T15:47:30.489278Z"}
Authentication error: Langfuse client initialized without public_key. Client will be disabled. Provide a public_key parameter or set LANGFUSE_PUBLIC_KEY environment variable. 
{"prompt_tag": "assess_sufficiency@v4", "schema": "SufficiencyAssessment", "tokens": 1689, "event": "model_call.done", "query_preview": "In the deck's basic kernel-fusion example, how many kernel launches does the unf", "correlation_id": "01KTVNTXY3KK3FMPJEGN4P6S46", "level": "info", "timestamp": "2026-06-11T15:47:31.217967Z"}
{"node": "answer", "regenerate_attempt": 0, "event": "start", "query_preview": "In the deck's basic kernel-fusion example, how many kernel launches does the unf", "correlation_id": "01KTVNTXY3KK3FMPJEGN4P6S46", "level": "info", "timestamp": "2026-06-11T15:47:31.219119Z"}
{"prompt_tag": "answer@v5", "schema": "DraftAnswer", "model": "cyankiwi/Qwen3.5-4B-AWQ-4bit", "max_tokens": 1800, "temperature": 0.1, "top_p": 0.8, "presence_penalty": 1.0, "seed": 42, "message_count": 2, "event": "model_call.start", "query_preview": "In the deck's basic kernel-fusion example, how many kernel launches does the unf", "correlation_id": "01KTVNTXY3KK3FMPJEGN4P6S46", "level": "info", "timestamp": "2026-06-11T15:47:31.221051Z"}
Authentication error: Langfuse client initialized without public_key. Client will be disabled. Provide a public_key parameter or set LANGFUSE_PUBLIC_KEY environment variable. 
{"prompt_tag": "answer@v5", "schema": "DraftAnswer", "tokens": 3254, "event": "model_call.done", "query_preview": "In the deck's basic kernel-fusion example, how many kernel launches does the unf", "correlation_id": "01KTVNTXY3KK3FMPJEGN4P6S46", "level": "info", "timestamp": "2026-06-11T15:47:32.000171Z"}
{"node": "verify", "claim_count": 0, "event": "start", "query_preview": "In the deck's basic kernel-fusion example, how many kernel launches does the unf", "correlation_id": "01KTVNTXY3KK3FMPJEGN4P6S46", "level": "info", "timestamp": "2026-06-11T15:47:32.001012Z"}
{"node": "verify", "event": "empty_draft_shortcircuit", "query_preview": "In the deck's basic kernel-fusion example, how many kernel launches does the unf", "correlation_id": "01KTVNTXY3KK3FMPJEGN4P6S46", "level": "info", "timestamp": "2026-06-11T15:47:32.001042Z"}
{"node": "assess_relevance", "event": "start", "query_preview": "In the deck's basic kernel-fusion example, how many kernel launches does the unf", "correlation_id": "01KTVNTXY3KK3FMPJEGN4P6S46", "level": "info", "timestamp": "2026-06-11T15:47:32.001851Z"}
{"prompt_tag": "assess_relevance@v3", "schema": "RelevanceAssessment", "model": "cyankiwi/Qwen3.5-4B-AWQ-4bit", "max_tokens": 1024, "temperature": 0.1, "top_p": 0.8, "presence_penalty": 1.0, "seed": 42, "message_count": 1, "event": "model_call.start", "query_preview": "In the deck's basic kernel-fusion example, how many kernel launches does the unf", "correlation_id": "01KTVNTXY3KK3FMPJEGN4P6S46", "level": "info", "timestamp": "2026-06-11T15:47:32.002807Z"}
Authentication error: Langfuse client initialized without public_key. Client will be disabled. Provide a public_key parameter or set LANGFUSE_PUBLIC_KEY environment variable. 
{"prompt_tag": "assess_relevance@v3", "schema": "RelevanceAssessment", "tokens": 858, "event": "model_call.done", "query_preview": "In the deck's basic kernel-fusion example, how many kernel launches does the unf", "correlation_id": "01KTVNTXY3KK3FMPJEGN4P6S46", "level": "info", "timestamp": "2026-06-11T15:47:32.413445Z"}
{"node": "assess_relevance", "responsive": false, "event": "relevance", "query_preview": "In the deck's basic kernel-fusion example, how many kernel launches does the unf", "correlation_id": "01KTVNTXY3KK3FMPJEGN4P6S46", "level": "info", "timestamp": "2026-06-11T15:47:32.415283Z"}
{"node": "refuse", "event": "start", "query_preview": "In the deck's basic kernel-fusion example, how many kernel launches does the unf", "correlation_id": "01KTVNTXY3KK3FMPJEGN4P6S46", "level": "info", "timestamp": "2026-06-11T15:47:32.416408Z"}
Authentication error: Langfuse client initialized without public_key. Client will be disabled. Provide a public_key parameter or set LANGFUSE_PUBLIC_KEY environment variable. 
{"node": "retrieve", "query_len": 70, "event": "start", "query_preview": "What is the NVLink C2C bandwidth between the Grace CPU and Hopper GPU?", "correlation_id": "01KTVNW0Y02348CW0KTTJG5XJ1", "level": "info", "timestamp": "2026-06-11T15:47:32.417948Z"}
{"query_len": 70, "k": 50, "event": "hybrid.start", "query_preview": "What is the NVLink C2C bandwidth between the Grace CPU and Hopper GPU?", "correlation_id": "01KTVNW0Y02348CW0KTTJG5XJ1", "level": "info", "timestamp": "2026-06-11T15:47:32.417984Z"}
{"query_len": 70, "k": 50, "dense": 50, "bm25": 0, "fused": 50, "term": false, "event": "hybrid.done", "query_preview": "What is the NVLink C2C bandwidth between the Grace CPU and Hopper GPU?", "correlation_id": "01KTVNW0Y02348CW0KTTJG5XJ1", "level": "info", "timestamp": "2026-06-11T15:47:32.490156Z"}
{"node": "retrieve", "candidate_count": 50, "event": "done", "query_preview": "What is the NVLink C2C bandwidth between the Grace CPU and Hopper GPU?", "correlation_id": "01KTVNW0Y02348CW0KTTJG5XJ1", "level": "info", "timestamp": "2026-06-11T15:47:32.491195Z"}
{"node": "expand_graph", "reason": "disabled_or_empty", "event": "skip", "query_preview": "What is the NVLink C2C bandwidth between the Grace CPU and Hopper GPU?", "correlation_id": "01KTVNW0Y02348CW0KTTJG5XJ1", "level": "info", "timestamp": "2026-06-11T15:47:32.492514Z"}
{"node": "rerank", "candidate_count": 50, "event": "start", "query_preview": "What is the NVLink C2C bandwidth between the Grace CPU and Hopper GPU?", "correlation_id": "01KTVNW0Y02348CW0KTTJG5XJ1", "level": "info", "timestamp": "2026-06-11T15:47:32.492984Z"}
{"node": "rerank", "top_k": 5, "source": "mode", "event": "top_k_resolved", "query_preview": "What is the NVLink C2C bandwidth between the Grace CPU and Hopper GPU?", "correlation_id": "01KTVNW0Y02348CW0KTTJG5XJ1", "level": "info", "timestamp": "2026-06-11T15:47:32.493030Z"}
{"candidates": 50, "top_k": 5, "backend": "cross_encoder", "event": "rerank.start", "query_preview": "What is the NVLink C2C bandwidth between the Grace CPU and Hopper GPU?", "correlation_id": "01KTVNW0Y02348CW0KTTJG5XJ1", "level": "info", "timestamp": "2026-06-11T15:47:32.493052Z"}
{"candidates": 50, "top_k": 5, "backend": "cross_encoder", "returned": 5, "event": "rerank.done", "query_preview": "What is the NVLink C2C bandwidth between the Grace CPU and Hopper GPU?", "correlation_id": "01KTVNW0Y02348CW0KTTJG5XJ1", "level": "info", "timestamp": "2026-06-11T15:48:03.851901Z"}
{"node": "rerank", "reranked_count": 5, "event": "done", "query_preview": "What is the NVLink C2C bandwidth between the Grace CPU and Hopper GPU?", "correlation_id": "01KTVNW0Y02348CW0KTTJG5XJ1", "level": "info", "timestamp": "2026-06-11T15:48:03.851985Z"}
{"node": "query_tables", "reason": "empty_or_not_table_shaped", "event": "skip", "query_preview": "What is the NVLink C2C bandwidth between the Grace CPU and Hopper GPU?", "correlation_id": "01KTVNW0Y02348CW0KTTJG5XJ1", "level": "info", "timestamp": "2026-06-11T15:48:03.853627Z"}
{"node": "assess", "reranked_count": 5, "event": "start", "query_preview": "What is the NVLink C2C bandwidth between the Grace CPU and Hopper GPU?", "correlation_id": "01KTVNW0Y02348CW0KTTJG5XJ1", "level": "info", "timestamp": "2026-06-11T15:48:03.854233Z"}
{"prompt_tag": "assess_sufficiency@v4", "schema": "SufficiencyAssessment", "model": "cyankiwi/Qwen3.5-4B-AWQ-4bit", "max_tokens": 1024, "temperature": 0.1, "top_p": 0.8, "presence_penalty": 1.0, "seed": 42, "message_count": 1, "event": "model_call.start", "query_preview": "What is the NVLink C2C bandwidth between the Grace CPU and Hopper GPU?", "correlation_id": "01KTVNW0Y02348CW0KTTJG5XJ1", "level": "info", "timestamp": "2026-06-11T15:48:03.855896Z"}
Authentication error: Langfuse client initialized without public_key. Client will be disabled. Provide a public_key parameter or set LANGFUSE_PUBLIC_KEY environment variable. 
{"prompt_tag": "assess_sufficiency@v4", "schema": "SufficiencyAssessment", "tokens": 1552, "event": "model_call.done", "query_preview": "What is the NVLink C2C bandwidth between the Grace CPU and Hopper GPU?", "correlation_id": "01KTVNW0Y02348CW0KTTJG5XJ1", "level": "info", "timestamp": "2026-06-11T15:48:04.564174Z"}
{"node": "answer", "regenerate_attempt": 0, "event": "start", "query_preview": "What is the NVLink C2C bandwidth between the Grace CPU and Hopper GPU?", "correlation_id": "01KTVNW0Y02348CW0KTTJG5XJ1", "level": "info", "timestamp": "2026-06-11T15:48:04.565541Z"}
{"prompt_tag": "answer@v5", "schema": "DraftAnswer", "model": "cyankiwi/Qwen3.5-4B-AWQ-4bit", "max_tokens": 1800, "temperature": 0.1, "top_p": 0.8, "presence_penalty": 1.0, "seed": 42, "message_count": 2, "event": "model_call.start", "query_preview": "What is the NVLink C2C bandwidth between the Grace CPU and Hopper GPU?", "correlation_id": "01KTVNW0Y02348CW0KTTJG5XJ1", "level": "info", "timestamp": "2026-06-11T15:48:04.567500Z"}
Authentication error: Langfuse client initialized without public_key. Client will be disabled. Provide a public_key parameter or set LANGFUSE_PUBLIC_KEY environment variable. 
{"prompt_tag": "answer@v5", "schema": "DraftAnswer", "tokens": 3309, "event": "model_call.done", "query_preview": "What is the NVLink C2C bandwidth between the Grace CPU and Hopper GPU?", "correlation_id": "01KTVNW0Y02348CW0KTTJG5XJ1", "level": "info", "timestamp": "2026-06-11T15:48:07.004610Z"}
{"node": "verify", "claim_count": 2, "event": "start", "query_preview": "What is the NVLink C2C bandwidth between the Grace CPU and Hopper GPU?", "correlation_id": "01KTVNW0Y02348CW0KTTJG5XJ1", "level": "info", "timestamp": "2026-06-11T15:48:07.005568Z"}
{"prompt_tag": "verify_grounding@v2", "schema": "VerificationResult", "model": "cyankiwi/Qwen3.5-4B-AWQ-4bit", "max_tokens": 1024, "temperature": 0.1, "top_p": 0.8, "presence_penalty": 1.0, "seed": 42, "message_count": 1, "event": "model_call.start", "query_preview": "What is the NVLink C2C bandwidth between the Grace CPU and Hopper GPU?", "correlation_id": "01KTVNW0Y02348CW0KTTJG5XJ1", "level": "info", "timestamp": "2026-06-11T15:48:07.010373Z"}
Authentication error: Langfuse client initialized without public_key. Client will be disabled. Provide a public_key parameter or set LANGFUSE_PUBLIC_KEY environment variable. 
{"prompt_tag": "verify_grounding@v2", "schema": "VerificationResult", "tokens": 1566, "event": "model_call.done", "query_preview": "What is the NVLink C2C bandwidth between the Grace CPU and Hopper GPU?", "correlation_id": "01KTVNW0Y02348CW0KTTJG5XJ1", "level": "info", "timestamp": "2026-06-11T15:48:07.454363Z"}
{"node": "assess_relevance", "event": "start", "query_preview": "What is the NVLink C2C bandwidth between the Grace CPU and Hopper GPU?", "correlation_id": "01KTVNW0Y02348CW0KTTJG5XJ1", "level": "info", "timestamp": "2026-06-11T15:48:07.455662Z"}
{"prompt_tag": "assess_relevance@v3", "schema": "RelevanceAssessment", "model": "cyankiwi/Qwen3.5-4B-AWQ-4bit", "max_tokens": 1024, "temperature": 0.1, "top_p": 0.8, "presence_penalty": 1.0, "seed": 42, "message_count": 1, "event": "model_call.start", "query_preview": "What is the NVLink C2C bandwidth between the Grace CPU and Hopper GPU?", "correlation_id": "01KTVNW0Y02348CW0KTTJG5XJ1", "level": "info", "timestamp": "2026-06-11T15:48:07.456660Z"}
Authentication error: Langfuse client initialized without public_key. Client will be disabled. Provide a public_key parameter or set LANGFUSE_PUBLIC_KEY environment variable. 
{"prompt_tag": "assess_relevance@v3", "schema": "RelevanceAssessment", "tokens": 890, "event": "model_call.done", "query_preview": "What is the NVLink C2C bandwidth between the Grace CPU and Hopper GPU?", "correlation_id": "01KTVNW0Y02348CW0KTTJG5XJ1", "level": "info", "timestamp": "2026-06-11T15:48:07.896251Z"}
{"node": "assess_relevance", "responsive": true, "event": "relevance", "query_preview": "What is the NVLink C2C bandwidth between the Grace CPU and Hopper GPU?", "correlation_id": "01KTVNW0Y02348CW0KTTJG5XJ1", "level": "info", "timestamp": "2026-06-11T15:48:07.896330Z"}
{"node": "compose", "event": "start", "query_preview": "What is the NVLink C2C bandwidth between the Grace CPU and Hopper GPU?", "correlation_id": "01KTVNW0Y02348CW0KTTJG5XJ1", "level": "info", "timestamp": "2026-06-11T15:48:07.897813Z"}
Authentication error: Langfuse client initialized without public_key. Client will be disabled. Provide a public_key parameter or set LANGFUSE_PUBLIC_KEY environment variable. 
{"node": "retrieve", "query_len": 82, "event": "start", "query_preview": "Which two programming-language abstractions does CUTLASS provide for tensor core", "correlation_id": "01KTVNX3JTMM297MMGZGHM6D2V", "level": "info", "timestamp": "2026-06-11T15:48:07.899558Z"}
{"query_len": 82, "k": 50, "event": "hybrid.start", "query_preview": "Which two programming-language abstractions does CUTLASS provide for tensor core", "correlation_id": "01KTVNX3JTMM297MMGZGHM6D2V", "level": "info", "timestamp": "2026-06-11T15:48:07.899597Z"}
{"query_len": 82, "k": 50, "dense": 50, "bm25": 0, "fused": 50, "term": false, "event": "hybrid.done", "query_preview": "Which two programming-language abstractions does CUTLASS provide for tensor core", "correlation_id": "01KTVNX3JTMM297MMGZGHM6D2V", "level": "info", "timestamp": "2026-06-11T15:48:07.969246Z"}
{"node": "retrieve", "candidate_count": 50, "event": "done", "query_preview": "Which two programming-language abstractions does CUTLASS provide for tensor core", "correlation_id": "01KTVNX3JTMM297MMGZGHM6D2V", "level": "info", "timestamp": "2026-06-11T15:48:07.970287Z"}
{"node": "expand_graph", "reason": "disabled_or_empty", "event": "skip", "query_preview": "Which two programming-language abstractions does CUTLASS provide for tensor core", "correlation_id": "01KTVNX3JTMM297MMGZGHM6D2V", "level": "info", "timestamp": "2026-06-11T15:48:07.971571Z"}
{"node": "rerank", "candidate_count": 50, "event": "start", "query_preview": "Which two programming-language abstractions does CUTLASS provide for tensor core", "correlation_id": "01KTVNX3JTMM297MMGZGHM6D2V", "level": "info", "timestamp": "2026-06-11T15:48:07.972045Z"}
{"node": "rerank", "top_k": 5, "source": "mode", "event": "top_k_resolved", "query_preview": "Which two programming-language abstractions does CUTLASS provide for tensor core", "correlation_id": "01KTVNX3JTMM297MMGZGHM6D2V", "level": "info", "timestamp": "2026-06-11T15:48:07.972095Z"}
{"candidates": 50, "top_k": 5, "backend": "cross_encoder", "event": "rerank.start", "query_preview": "Which two programming-language abstractions does CUTLASS provide for tensor core", "correlation_id": "01KTVNX3JTMM297MMGZGHM6D2V", "level": "info", "timestamp": "2026-06-11T15:48:07.972117Z"}
{"candidates": 50, "top_k": 5, "backend": "cross_encoder", "returned": 5, "event": "rerank.done", "query_preview": "Which two programming-language abstractions does CUTLASS provide for tensor core", "correlation_id": "01KTVNX3JTMM297MMGZGHM6D2V", "level": "info", "timestamp": "2026-06-11T15:48:39.965371Z"}
{"node": "rerank", "reranked_count": 5, "event": "done", "query_preview": "Which two programming-language abstractions does CUTLASS provide for tensor core", "correlation_id": "01KTVNX3JTMM297MMGZGHM6D2V", "level": "info", "timestamp": "2026-06-11T15:48:39.969945Z"}
{"node": "query_tables", "reason": "empty_or_not_table_shaped", "event": "skip", "query_preview": "Which two programming-language abstractions does CUTLASS provide for tensor core", "correlation_id": "01KTVNX3JTMM297MMGZGHM6D2V", "level": "info", "timestamp": "2026-06-11T15:48:39.971524Z"}
{"node": "assess", "reranked_count": 5, "event": "start", "query_preview": "Which two programming-language abstractions does CUTLASS provide for tensor core", "correlation_id": "01KTVNX3JTMM297MMGZGHM6D2V", "level": "info", "timestamp": "2026-06-11T15:48:39.972096Z"}
{"prompt_tag": "assess_sufficiency@v4", "schema": "SufficiencyAssessment", "model": "cyankiwi/Qwen3.5-4B-AWQ-4bit", "max_tokens": 1024, "temperature": 0.1, "top_p": 0.8, "presence_penalty": 1.0, "seed": 42, "message_count": 1, "event": "model_call.start", "query_preview": "Which two programming-language abstractions does CUTLASS provide for tensor core", "correlation_id": "01KTVNX3JTMM297MMGZGHM6D2V", "level": "info", "timestamp": "2026-06-11T15:48:39.973787Z"}
Authentication error: Langfuse client initialized without public_key. Client will be disabled. Provide a public_key parameter or set LANGFUSE_PUBLIC_KEY environment variable. 
{"prompt_tag": "assess_sufficiency@v4", "schema": "SufficiencyAssessment", "tokens": 980, "event": "model_call.done", "query_preview": "Which two programming-language abstractions does CUTLASS provide for tensor core", "correlation_id": "01KTVNX3JTMM297MMGZGHM6D2V", "level": "info", "timestamp": "2026-06-11T15:48:40.487573Z"}
{"node": "answer", "regenerate_attempt": 0, "event": "start", "query_preview": "Which two programming-language abstractions does CUTLASS provide for tensor core", "correlation_id": "01KTVNX3JTMM297MMGZGHM6D2V", "level": "info", "timestamp": "2026-06-11T15:48:40.488811Z"}
{"prompt_tag": "answer@v5", "schema": "DraftAnswer", "model": "cyankiwi/Qwen3.5-4B-AWQ-4bit", "max_tokens": 1800, "temperature": 0.1, "top_p": 0.8, "presence_penalty": 1.0, "seed": 42, "message_count": 2, "event": "model_call.start", "query_preview": "Which two programming-language abstractions does CUTLASS provide for tensor core", "correlation_id": "01KTVNX3JTMM297MMGZGHM6D2V", "level": "info", "timestamp": "2026-06-11T15:48:40.490818Z"}
Authentication error: Langfuse client initialized without public_key. Client will be disabled. Provide a public_key parameter or set LANGFUSE_PUBLIC_KEY environment variable. 
{"prompt_tag": "answer@v5", "schema": "DraftAnswer", "tokens": 2623, "event": "model_call.done", "query_preview": "Which two programming-language abstractions does CUTLASS provide for tensor core", "correlation_id": "01KTVNX3JTMM297MMGZGHM6D2V", "level": "info", "timestamp": "2026-06-11T15:48:41.713809Z"}
{"node": "verify", "claim_count": 1, "event": "start", "query_preview": "Which two programming-language abstractions does CUTLASS provide for tensor core", "correlation_id": "01KTVNX3JTMM297MMGZGHM6D2V", "level": "info", "timestamp": "2026-06-11T15:48:41.714631Z"}
{"prompt_tag": "verify_grounding@v2", "schema": "VerificationResult", "model": "cyankiwi/Qwen3.5-4B-AWQ-4bit", "max_tokens": 1024, "temperature": 0.1, "top_p": 0.8, "presence_penalty": 1.0, "seed": 42, "message_count": 1, "event": "model_call.start", "query_preview": "Which two programming-language abstractions does CUTLASS provide for tensor core", "correlation_id": "01KTVNX3JTMM297MMGZGHM6D2V", "level": "info", "timestamp": "2026-06-11T15:48:41.717757Z"}
Authentication error: Langfuse client initialized without public_key. Client will be disabled. Provide a public_key parameter or set LANGFUSE_PUBLIC_KEY environment variable. 
{"prompt_tag": "verify_grounding@v2", "schema": "VerificationResult", "tokens": 912, "event": "model_call.done", "query_preview": "Which two programming-language abstractions does CUTLASS provide for tensor core", "correlation_id": "01KTVNX3JTMM297MMGZGHM6D2V", "level": "info", "timestamp": "2026-06-11T15:48:42.042142Z"}
{"node": "assess_relevance", "event": "start", "query_preview": "Which two programming-language abstractions does CUTLASS provide for tensor core", "correlation_id": "01KTVNX3JTMM297MMGZGHM6D2V", "level": "info", "timestamp": "2026-06-11T15:48:42.043365Z"}
{"prompt_tag": "assess_relevance@v3", "schema": "RelevanceAssessment", "model": "cyankiwi/Qwen3.5-4B-AWQ-4bit", "max_tokens": 1024, "temperature": 0.1, "top_p": 0.8, "presence_penalty": 1.0, "seed": 42, "message_count": 1, "event": "model_call.start", "query_preview": "Which two programming-language abstractions does CUTLASS provide for tensor core", "correlation_id": "01KTVNX3JTMM297MMGZGHM6D2V", "level": "info", "timestamp": "2026-06-11T15:48:42.044404Z"}
Authentication error: Langfuse client initialized without public_key. Client will be disabled. Provide a public_key parameter or set LANGFUSE_PUBLIC_KEY environment variable. 
{"prompt_tag": "assess_relevance@v3", "schema": "RelevanceAssessment", "tokens": 827, "event": "model_call.done", "query_preview": "Which two programming-language abstractions does CUTLASS provide for tensor core", "correlation_id": "01KTVNX3JTMM297MMGZGHM6D2V", "level": "info", "timestamp": "2026-06-11T15:48:42.432862Z"}
{"node": "assess_relevance", "responsive": true, "event": "relevance", "query_preview": "Which two programming-language abstractions does CUTLASS provide for tensor core", "correlation_id": "01KTVNX3JTMM297MMGZGHM6D2V", "level": "info", "timestamp": "2026-06-11T15:48:42.432930Z"}
{"node": "compose", "event": "start", "query_preview": "Which two programming-language abstractions does CUTLASS provide for tensor core", "correlation_id": "01KTVNX3JTMM297MMGZGHM6D2V", "level": "info", "timestamp": "2026-06-11T15:48:42.434372Z"}
Authentication error: Langfuse client initialized without public_key. Client will be disabled. Provide a public_key parameter or set LANGFUSE_PUBLIC_KEY environment variable. 
{"node": "retrieve", "query_len": 112, "event": "start", "query_preview": "What new NVRTC flag reduces front-end compilation time by excluding rarely-used ", "correlation_id": "01KTVNY5A3HWGTJFF1KSR4AQSZ", "level": "info", "timestamp": "2026-06-11T15:48:42.436220Z"}
{"query_len": 112, "k": 50, "event": "hybrid.start", "query_preview": "What new NVRTC flag reduces front-end compilation time by excluding rarely-used ", "correlation_id": "01KTVNY5A3HWGTJFF1KSR4AQSZ", "level": "info", "timestamp": "2026-06-11T15:48:42.436265Z"}
{"query_len": 112, "k": 50, "dense": 50, "bm25": 0, "fused": 50, "term": false, "event": "hybrid.done", "query_preview": "What new NVRTC flag reduces front-end compilation time by excluding rarely-used ", "correlation_id": "01KTVNY5A3HWGTJFF1KSR4AQSZ", "level": "info", "timestamp": "2026-06-11T15:48:42.527657Z"}
{"node": "retrieve", "candidate_count": 50, "event": "done", "query_preview": "What new NVRTC flag reduces front-end compilation time by excluding rarely-used ", "correlation_id": "01KTVNY5A3HWGTJFF1KSR4AQSZ", "level": "info", "timestamp": "2026-06-11T15:48:42.528530Z"}
{"node": "expand_graph", "reason": "disabled_or_empty", "event": "skip", "query_preview": "What new NVRTC flag reduces front-end compilation time by excluding rarely-used ", "correlation_id": "01KTVNY5A3HWGTJFF1KSR4AQSZ", "level": "info", "timestamp": "2026-06-11T15:48:42.529661Z"}
{"node": "rerank", "candidate_count": 50, "event": "start", "query_preview": "What new NVRTC flag reduces front-end compilation time by excluding rarely-used ", "correlation_id": "01KTVNY5A3HWGTJFF1KSR4AQSZ", "level": "info", "timestamp": "2026-06-11T15:48:42.530054Z"}
{"node": "rerank", "top_k": 5, "source": "mode", "event": "top_k_resolved", "query_preview": "What new NVRTC flag reduces front-end compilation time by excluding rarely-used ", "correlation_id": "01KTVNY5A3HWGTJFF1KSR4AQSZ", "level": "info", "timestamp": "2026-06-11T15:48:42.530100Z"}
{"candidates": 50, "top_k": 5, "backend": "cross_encoder", "event": "rerank.start", "query_preview": "What new NVRTC flag reduces front-end compilation time by excluding rarely-used ", "correlation_id": "01KTVNY5A3HWGTJFF1KSR4AQSZ", "level": "info", "timestamp": "2026-06-11T15:48:42.530118Z"}
{"candidates": 50, "top_k": 5, "backend": "cross_encoder", "returned": 5, "event": "rerank.done", "query_preview": "What new NVRTC flag reduces front-end compilation time by excluding rarely-used ", "correlation_id": "01KTVNY5A3HWGTJFF1KSR4AQSZ", "level": "info", "timestamp": "2026-06-11T15:49:12.784956Z"}
{"node": "rerank", "reranked_count": 5, "event": "done", "query_preview": "What new NVRTC flag reduces front-end compilation time by excluding rarely-used ", "correlation_id": "01KTVNY5A3HWGTJFF1KSR4AQSZ", "level": "info", "timestamp": "2026-06-11T15:49:12.785035Z"}
{"node": "query_tables", "reason": "empty_or_not_table_shaped", "event": "skip", "query_preview": "What new NVRTC flag reduces front-end compilation time by excluding rarely-used ", "correlation_id": "01KTVNY5A3HWGTJFF1KSR4AQSZ", "level": "info", "timestamp": "2026-06-11T15:49:12.786538Z"}
{"node": "assess", "reranked_count": 5, "event": "start", "query_preview": "What new NVRTC flag reduces front-end compilation time by excluding rarely-used ", "correlation_id": "01KTVNY5A3HWGTJFF1KSR4AQSZ", "level": "info", "timestamp": "2026-06-11T15:49:12.787080Z"}
{"prompt_tag": "assess_sufficiency@v4", "schema": "SufficiencyAssessment", "model": "cyankiwi/Qwen3.5-4B-AWQ-4bit", "max_tokens": 1024, "temperature": 0.1, "top_p": 0.8, "presence_penalty": 1.0, "seed": 42, "message_count": 1, "event": "model_call.start", "query_preview": "What new NVRTC flag reduces front-end compilation time by excluding rarely-used ", "correlation_id": "01KTVNY5A3HWGTJFF1KSR4AQSZ", "level": "info", "timestamp": "2026-06-11T15:49:12.788568Z"}
Authentication error: Langfuse client initialized without public_key. Client will be disabled. Provide a public_key parameter or set LANGFUSE_PUBLIC_KEY environment variable. 
{"prompt_tag": "assess_sufficiency@v4", "schema": "SufficiencyAssessment", "tokens": 1407, "event": "model_call.done", "query_preview": "What new NVRTC flag reduces front-end compilation time by excluding rarely-used ", "correlation_id": "01KTVNY5A3HWGTJFF1KSR4AQSZ", "level": "info", "timestamp": "2026-06-11T15:49:13.431728Z"}
{"node": "answer", "regenerate_attempt": 0, "event": "start", "query_preview": "What new NVRTC flag reduces front-end compilation time by excluding rarely-used ", "correlation_id": "01KTVNY5A3HWGTJFF1KSR4AQSZ", "level": "info", "timestamp": "2026-06-11T15:49:13.432959Z"}
{"prompt_tag": "answer@v5", "schema": "DraftAnswer", "model": "cyankiwi/Qwen3.5-4B-AWQ-4bit", "max_tokens": 1800, "temperature": 0.1, "top_p": 0.8, "presence_penalty": 1.0, "seed": 42, "message_count": 2, "event": "model_call.start", "query_preview": "What new NVRTC flag reduces front-end compilation time by excluding rarely-used ", "correlation_id": "01KTVNY5A3HWGTJFF1KSR4AQSZ", "level": "info", "timestamp": "2026-06-11T15:49:13.435023Z"}
Authentication error: Langfuse client initialized without public_key. Client will be disabled. Provide a public_key parameter or set LANGFUSE_PUBLIC_KEY environment variable. 
{"prompt_tag": "answer@v5", "schema": "DraftAnswer", "tokens": 3064, "event": "model_call.done", "query_preview": "What new NVRTC flag reduces front-end compilation time by excluding rarely-used ", "correlation_id": "01KTVNY5A3HWGTJFF1KSR4AQSZ", "level": "info", "timestamp": "2026-06-11T15:49:14.898250Z"}
{"node": "verify", "claim_count": 1, "event": "start", "query_preview": "What new NVRTC flag reduces front-end compilation time by excluding rarely-used ", "correlation_id": "01KTVNY5A3HWGTJFF1KSR4AQSZ", "level": "info", "timestamp": "2026-06-11T15:49:14.899255Z"}
{"prompt_tag": "verify_grounding@v2", "schema": "VerificationResult", "model": "cyankiwi/Qwen3.5-4B-AWQ-4bit", "max_tokens": 1024, "temperature": 0.1, "top_p": 0.8, "presence_penalty": 1.0, "seed": 42, "message_count": 1, "event": "model_call.start", "query_preview": "What new NVRTC flag reduces front-end compilation time by excluding rarely-used ", "correlation_id": "01KTVNY5A3HWGTJFF1KSR4AQSZ", "level": "info", "timestamp": "2026-06-11T15:49:14.903199Z"}
Authentication error: Langfuse client initialized without public_key. Client will be disabled. Provide a public_key parameter or set LANGFUSE_PUBLIC_KEY environment variable. 
{"prompt_tag": "verify_grounding@v2", "schema": "VerificationResult", "tokens": 1159, "event": "model_call.done", "query_preview": "What new NVRTC flag reduces front-end compilation time by excluding rarely-used ", "correlation_id": "01KTVNY5A3HWGTJFF1KSR4AQSZ", "level": "info", "timestamp": "2026-06-11T15:49:15.264851Z"}
{"node": "assess_relevance", "event": "start", "query_preview": "What new NVRTC flag reduces front-end compilation time by excluding rarely-used ", "correlation_id": "01KTVNY5A3HWGTJFF1KSR4AQSZ", "level": "info", "timestamp": "2026-06-11T15:49:15.266296Z"}
{"prompt_tag": "assess_relevance@v3", "schema": "RelevanceAssessment", "model": "cyankiwi/Qwen3.5-4B-AWQ-4bit", "max_tokens": 1024, "temperature": 0.1, "top_p": 0.8, "presence_penalty": 1.0, "seed": 42, "message_count": 1, "event": "model_call.start", "query_preview": "What new NVRTC flag reduces front-end compilation time by excluding rarely-used ", "correlation_id": "01KTVNY5A3HWGTJFF1KSR4AQSZ", "level": "info", "timestamp": "2026-06-11T15:49:15.267620Z"}
Authentication error: Langfuse client initialized without public_key. Client will be disabled. Provide a public_key parameter or set LANGFUSE_PUBLIC_KEY environment variable. 
{"prompt_tag": "assess_relevance@v3", "schema": "RelevanceAssessment", "tokens": 852, "event": "model_call.done", "query_preview": "What new NVRTC flag reduces front-end compilation time by excluding rarely-used ", "correlation_id": "01KTVNY5A3HWGTJFF1KSR4AQSZ", "level": "info", "timestamp": "2026-06-11T15:49:15.659984Z"}
{"node": "assess_relevance", "responsive": true, "event": "relevance", "query_preview": "What new NVRTC flag reduces front-end compilation time by excluding rarely-used ", "correlation_id": "01KTVNY5A3HWGTJFF1KSR4AQSZ", "level": "info", "timestamp": "2026-06-11T15:49:15.660037Z"}
{"node": "compose", "event": "start", "query_preview": "What new NVRTC flag reduces front-end compilation time by excluding rarely-used ", "correlation_id": "01KTVNY5A3HWGTJFF1KSR4AQSZ", "level": "info", "timestamp": "2026-06-11T15:49:15.661271Z"}
Authentication error: Langfuse client initialized without public_key. Client will be disabled. Provide a public_key parameter or set LANGFUSE_PUBLIC_KEY environment variable. 
{"node": "retrieve", "query_len": 92, "event": "start", "query_preview": "How much lower are the overheads of the NVRTC '-minimal' flag compared to the de", "correlation_id": "01KTVNZ5REXYAGSPSV1D8DTRCF", "level": "info", "timestamp": "2026-06-11T15:49:15.663179Z"}
{"query_len": 92, "k": 50, "event": "hybrid.start", "query_preview": "How much lower are the overheads of the NVRTC '-minimal' flag compared to the de", "correlation_id": "01KTVNZ5REXYAGSPSV1D8DTRCF", "level": "info", "timestamp": "2026-06-11T15:49:15.663224Z"}
{"query_len": 92, "k": 50, "dense": 50, "bm25": 0, "fused": 50, "term": false, "event": "hybrid.done", "query_preview": "How much lower are the overheads of the NVRTC '-minimal' flag compared to the de", "correlation_id": "01KTVNZ5REXYAGSPSV1D8DTRCF", "level": "info", "timestamp": "2026-06-11T15:49:15.741948Z"}
{"node": "retrieve", "candidate_count": 50, "event": "done", "query_preview": "How much lower are the overheads of the NVRTC '-minimal' flag compared to the de", "correlation_id": "01KTVNZ5REXYAGSPSV1D8DTRCF", "level": "info", "timestamp": "2026-06-11T15:49:15.742893Z"}
{"node": "expand_graph", "reason": "disabled_or_empty", "event": "skip", "query_preview": "How much lower are the overheads of the NVRTC '-minimal' flag compared to the de", "correlation_id": "01KTVNZ5REXYAGSPSV1D8DTRCF", "level": "info", "timestamp": "2026-06-11T15:49:15.744228Z"}
{"node": "rerank", "candidate_count": 50, "event": "start", "query_preview": "How much lower are the overheads of the NVRTC '-minimal' flag compared to the de", "correlation_id": "01KTVNZ5REXYAGSPSV1D8DTRCF", "level": "info", "timestamp": "2026-06-11T15:49:15.744712Z"}
{"node": "rerank", "top_k": 5, "source": "mode", "event": "top_k_resolved", "query_preview": "How much lower are the overheads of the NVRTC '-minimal' flag compared to the de", "correlation_id": "01KTVNZ5REXYAGSPSV1D8DTRCF", "level": "info", "timestamp": "2026-06-11T15:49:15.744757Z"}
{"candidates": 50, "top_k": 5, "backend": "cross_encoder", "event": "rerank.start", "query_preview": "How much lower are the overheads of the NVRTC '-minimal' flag compared to the de", "correlation_id": "01KTVNZ5REXYAGSPSV1D8DTRCF", "level": "info", "timestamp": "2026-06-11T15:49:15.744780Z"}
{"candidates": 50, "top_k": 5, "backend": "cross_encoder", "returned": 5, "event": "rerank.done", "query_preview": "How much lower are the overheads of the NVRTC '-minimal' flag compared to the de", "correlation_id": "01KTVNZ5REXYAGSPSV1D8DTRCF", "level": "info", "timestamp": "2026-06-11T15:49:51.472502Z"}
{"node": "rerank", "reranked_count": 5, "event": "done", "query_preview": "How much lower are the overheads of the NVRTC '-minimal' flag compared to the de", "correlation_id": "01KTVNZ5REXYAGSPSV1D8DTRCF", "level": "info", "timestamp": "2026-06-11T15:49:51.472589Z"}
{"node": "query_tables", "reason": "empty_or_not_table_shaped", "event": "skip", "query_preview": "How much lower are the overheads of the NVRTC '-minimal' flag compared to the de", "correlation_id": "01KTVNZ5REXYAGSPSV1D8DTRCF", "level": "info", "timestamp": "2026-06-11T15:49:51.474079Z"}
{"node": "assess", "reranked_count": 5, "event": "start", "query_preview": "How much lower are the overheads of the NVRTC '-minimal' flag compared to the de", "correlation_id": "01KTVNZ5REXYAGSPSV1D8DTRCF", "level": "info", "timestamp": "2026-06-11T15:49:51.474667Z"}
{"prompt_tag": "assess_sufficiency@v4", "schema": "SufficiencyAssessment", "model": "cyankiwi/Qwen3.5-4B-AWQ-4bit", "max_tokens": 1024, "temperature": 0.1, "top_p": 0.8, "presence_penalty": 1.0, "seed": 42, "message_count": 1, "event": "model_call.start", "query_preview": "How much lower are the overheads of the NVRTC '-minimal' flag compared to the de", "correlation_id": "01KTVNZ5REXYAGSPSV1D8DTRCF", "level": "info", "timestamp": "2026-06-11T15:49:51.476154Z"}
Authentication error: Langfuse client initialized without public_key. Client will be disabled. Provide a public_key parameter or set LANGFUSE_PUBLIC_KEY environment variable. 
{"prompt_tag": "assess_sufficiency@v4", "schema": "SufficiencyAssessment", "tokens": 1939, "event": "model_call.done", "query_preview": "How much lower are the overheads of the NVRTC '-minimal' flag compared to the de", "correlation_id": "01KTVNZ5REXYAGSPSV1D8DTRCF", "level": "info", "timestamp": "2026-06-11T15:49:52.186399Z"}
{"node": "answer", "regenerate_attempt": 0, "event": "start", "query_preview": "How much lower are the overheads of the NVRTC '-minimal' flag compared to the de", "correlation_id": "01KTVNZ5REXYAGSPSV1D8DTRCF", "level": "info", "timestamp": "2026-06-11T15:49:52.188162Z"}
{"prompt_tag": "answer@v5", "schema": "DraftAnswer", "model": "cyankiwi/Qwen3.5-4B-AWQ-4bit", "max_tokens": 1800, "temperature": 0.1, "top_p": 0.8, "presence_penalty": 1.0, "seed": 42, "message_count": 2, "event": "model_call.start", "query_preview": "How much lower are the overheads of the NVRTC '-minimal' flag compared to the de", "correlation_id": "01KTVNZ5REXYAGSPSV1D8DTRCF", "level": "info", "timestamp": "2026-06-11T15:49:52.190078Z"}
Authentication error: Langfuse client initialized without public_key. Client will be disabled. Provide a public_key parameter or set LANGFUSE_PUBLIC_KEY environment variable. 
{"prompt_tag": "answer@v5", "schema": "DraftAnswer", "tokens": 3601, "event": "model_call.done", "query_preview": "How much lower are the overheads of the NVRTC '-minimal' flag compared to the de", "correlation_id": "01KTVNZ5REXYAGSPSV1D8DTRCF", "level": "info", "timestamp": "2026-06-11T15:49:53.784269Z"}
{"node": "verify", "claim_count": 1, "event": "start", "query_preview": "How much lower are the overheads of the NVRTC '-minimal' flag compared to the de", "correlation_id": "01KTVNZ5REXYAGSPSV1D8DTRCF", "level": "info", "timestamp": "2026-06-11T15:49:53.785145Z"}
{"prompt_tag": "verify_grounding@v2", "schema": "VerificationResult", "model": "cyankiwi/Qwen3.5-4B-AWQ-4bit", "max_tokens": 1024, "temperature": 0.1, "top_p": 0.8, "presence_penalty": 1.0, "seed": 42, "message_count": 1, "event": "model_call.start", "query_preview": "How much lower are the overheads of the NVRTC '-minimal' flag compared to the de", "correlation_id": "01KTVNZ5REXYAGSPSV1D8DTRCF", "level": "info", "timestamp": "2026-06-11T15:49:53.788714Z"}
Authentication error: Langfuse client initialized without public_key. Client will be disabled. Provide a public_key parameter or set LANGFUSE_PUBLIC_KEY environment variable. 
{"prompt_tag": "verify_grounding@v2", "schema": "VerificationResult", "tokens": 1692, "event": "model_call.done", "query_preview": "How much lower are the overheads of the NVRTC '-minimal' flag compared to the de", "correlation_id": "01KTVNZ5REXYAGSPSV1D8DTRCF", "level": "info", "timestamp": "2026-06-11T15:49:54.229672Z"}
{"node": "regenerate", "new_attempt": 1, "event": "start", "query_preview": "How much lower are the overheads of the NVRTC '-minimal' flag compared to the de", "correlation_id": "01KTVNZ5REXYAGSPSV1D8DTRCF", "level": "info", "timestamp": "2026-06-11T15:49:54.230879Z"}
{"node": "answer", "regenerate_attempt": 1, "event": "start", "query_preview": "How much lower are the overheads of the NVRTC '-minimal' flag compared to the de", "correlation_id": "01KTVNZ5REXYAGSPSV1D8DTRCF", "level": "info", "timestamp": "2026-06-11T15:49:54.231382Z"}
{"prompt_tag": "answer@v5", "schema": "DraftAnswer", "model": "cyankiwi/Qwen3.5-4B-AWQ-4bit", "max_tokens": 1800, "temperature": 0.1, "top_p": 0.8, "presence_penalty": 1.0, "seed": 42, "message_count": 2, "event": "model_call.start", "query_preview": "How much lower are the overheads of the NVRTC '-minimal' flag compared to the de", "correlation_id": "01KTVNZ5REXYAGSPSV1D8DTRCF", "level": "info", "timestamp": "2026-06-11T15:49:54.233367Z"}
Authentication error: Langfuse client initialized without public_key. Client will be disabled. Provide a public_key parameter or set LANGFUSE_PUBLIC_KEY environment variable. 
{"prompt_tag": "answer@v5", "schema": "DraftAnswer", "tokens": 3691, "event": "model_call.done", "query_preview": "How much lower are the overheads of the NVRTC '-minimal' flag compared to the de", "correlation_id": "01KTVNZ5REXYAGSPSV1D8DTRCF", "level": "info", "timestamp": "2026-06-11T15:49:55.726087Z"}
{"node": "verify", "claim_count": 1, "event": "start", "query_preview": "How much lower are the overheads of the NVRTC '-minimal' flag compared to the de", "correlation_id": "01KTVNZ5REXYAGSPSV1D8DTRCF", "level": "info", "timestamp": "2026-06-11T15:49:55.726984Z"}
{"prompt_tag": "verify_grounding@v2", "schema": "VerificationResult", "model": "cyankiwi/Qwen3.5-4B-AWQ-4bit", "max_tokens": 1024, "temperature": 0.1, "top_p": 0.8, "presence_penalty": 1.0, "seed": 42, "message_count": 1, "event": "model_call.start", "query_preview": "How much lower are the overheads of the NVRTC '-minimal' flag compared to the de", "correlation_id": "01KTVNZ5REXYAGSPSV1D8DTRCF", "level": "info", "timestamp": "2026-06-11T15:49:55.730255Z"}
Authentication error: Langfuse client initialized without public_key. Client will be disabled. Provide a public_key parameter or set LANGFUSE_PUBLIC_KEY environment variable. 
{"prompt_tag": "verify_grounding@v2", "schema": "VerificationResult", "tokens": 1692, "event": "model_call.done", "query_preview": "How much lower are the overheads of the NVRTC '-minimal' flag compared to the de", "correlation_id": "01KTVNZ5REXYAGSPSV1D8DTRCF", "level": "info", "timestamp": "2026-06-11T15:49:55.945047Z"}
{"prompt_tag": "verify_grounding@v2", "schema": "VerificationResult", "model": "cyankiwi/Qwen3.5-4B-AWQ-4bit", "max_tokens": 1024, "temperature": 0.1, "top_p": 0.8, "presence_penalty": 1.0, "seed": 42, "message_count": 1, "event": "model_call.start", "query_preview": "How much lower are the overheads of the NVRTC '-minimal' flag compared to the de", "correlation_id": "01KTVNZ5REXYAGSPSV1D8DTRCF", "level": "info", "timestamp": "2026-06-11T15:49:55.947861Z"}
Authentication error: Langfuse client initialized without public_key. Client will be disabled. Provide a public_key parameter or set LANGFUSE_PUBLIC_KEY environment variable. 
{"prompt_tag": "verify_grounding@v2", "schema": "VerificationResult", "tokens": 556, "event": "model_call.done", "query_preview": "How much lower are the overheads of the NVRTC '-minimal' flag compared to the de", "correlation_id": "01KTVNZ5REXYAGSPSV1D8DTRCF", "level": "info", "timestamp": "2026-06-11T15:49:56.222602Z"}
{"prompt_tag": "verify_grounding@v2", "schema": "VerificationResult", "model": "cyankiwi/Qwen3.5-4B-AWQ-4bit", "max_tokens": 1024, "temperature": 0.1, "top_p": 0.8, "presence_penalty": 1.0, "seed": 42, "message_count": 1, "event": "model_call.start", "query_preview": "How much lower are the overheads of the NVRTC '-minimal' flag compared to the de", "correlation_id": "01KTVNZ5REXYAGSPSV1D8DTRCF", "level": "info", "timestamp": "2026-06-11T15:49:56.224613Z"}
Authentication error: Langfuse client initialized without public_key. Client will be disabled. Provide a public_key parameter or set LANGFUSE_PUBLIC_KEY environment variable. 
{"prompt_tag": "verify_grounding@v2", "schema": "VerificationResult", "tokens": 679, "event": "model_call.done", "query_preview": "How much lower are the overheads of the NVRTC '-minimal' flag compared to the de", "correlation_id": "01KTVNZ5REXYAGSPSV1D8DTRCF", "level": "info", "timestamp": "2026-06-11T15:49:56.514595Z"}
{"prompt_tag": "verify_grounding@v2", "schema": "VerificationResult", "model": "cyankiwi/Qwen3.5-4B-AWQ-4bit", "max_tokens": 1024, "temperature": 0.1, "top_p": 0.8, "presence_penalty": 1.0, "seed": 42, "message_count": 1, "event": "model_call.start", "query_preview": "How much lower are the overheads of the NVRTC '-minimal' flag compared to the de", "correlation_id": "01KTVNZ5REXYAGSPSV1D8DTRCF", "level": "info", "timestamp": "2026-06-11T15:49:56.516587Z"}
Authentication error: Langfuse client initialized without public_key. Client will be disabled. Provide a public_key parameter or set LANGFUSE_PUBLIC_KEY environment variable. 
{"prompt_tag": "verify_grounding@v2", "schema": "VerificationResult", "tokens": 1040, "event": "model_call.done", "query_preview": "How much lower are the overheads of the NVRTC '-minimal' flag compared to the de", "correlation_id": "01KTVNZ5REXYAGSPSV1D8DTRCF", "level": "info", "timestamp": "2026-06-11T15:49:56.855455Z"}
{"prompt_tag": "verify_grounding@v2", "schema": "VerificationResult", "model": "cyankiwi/Qwen3.5-4B-AWQ-4bit", "max_tokens": 1024, "temperature": 0.1, "top_p": 0.8, "presence_penalty": 1.0, "seed": 42, "message_count": 1, "event": "model_call.start", "query_preview": "How much lower are the overheads of the NVRTC '-minimal' flag compared to the de", "correlation_id": "01KTVNZ5REXYAGSPSV1D8DTRCF", "level": "info", "timestamp": "2026-06-11T15:49:56.857428Z"}
Authentication error: Langfuse client initialized without public_key. Client will be disabled. Provide a public_key parameter or set LANGFUSE_PUBLIC_KEY environment variable. 
{"prompt_tag": "verify_grounding@v2", "schema": "VerificationResult", "tokens": 524, "event": "model_call.done", "query_preview": "How much lower are the overheads of the NVRTC '-minimal' flag compared to the de", "correlation_id": "01KTVNZ5REXYAGSPSV1D8DTRCF", "level": "info", "timestamp": "2026-06-11T15:49:57.117451Z"}
{"prompt_tag": "verify_grounding@v2", "schema": "VerificationResult", "model": "cyankiwi/Qwen3.5-4B-AWQ-4bit", "max_tokens": 1024, "temperature": 0.1, "top_p": 0.8, "presence_penalty": 1.0, "seed": 42, "message_count": 1, "event": "model_call.start", "query_preview": "How much lower are the overheads of the NVRTC '-minimal' flag compared to the de", "correlation_id": "01KTVNZ5REXYAGSPSV1D8DTRCF", "level": "info", "timestamp": "2026-06-11T15:49:57.119571Z"}
Authentication error: Langfuse client initialized without public_key. Client will be disabled. Provide a public_key parameter or set LANGFUSE_PUBLIC_KEY environment variable. 
{"prompt_tag": "verify_grounding@v2", "schema": "VerificationResult", "tokens": 537, "event": "model_call.done", "query_preview": "How much lower are the overheads of the NVRTC '-minimal' flag compared to the de", "correlation_id": "01KTVNZ5REXYAGSPSV1D8DTRCF", "level": "info", "timestamp": "2026-06-11T15:49:57.382081Z"}
{"node": "refuse", "event": "start", "query_preview": "How much lower are the overheads of the NVRTC '-minimal' flag compared to the de", "correlation_id": "01KTVNZ5REXYAGSPSV1D8DTRCF", "level": "info", "timestamp": "2026-06-11T15:49:57.383275Z"}
Authentication error: Langfuse client initialized without public_key. Client will be disabled. Provide a public_key parameter or set LANGFUSE_PUBLIC_KEY environment variable. 
{"node": "retrieve", "query_len": 101, "event": "start", "query_preview": "What method does the deck describe for getting IEEE-754 FP64-accurate results fr", "correlation_id": "01KTVP0EG7Y9D0W20G1B8N7E3X", "level": "info", "timestamp": "2026-06-11T15:49:57.384717Z"}
{"query_len": 101, "k": 50, "event": "hybrid.start", "query_preview": "What method does the deck describe for getting IEEE-754 FP64-accurate results fr", "correlation_id": "01KTVP0EG7Y9D0W20G1B8N7E3X", "level": "info", "timestamp": "2026-06-11T15:49:57.384754Z"}
{"query_len": 101, "k": 50, "dense": 50, "bm25": 0, "fused": 50, "term": false, "event": "hybrid.done", "query_preview": "What method does the deck describe for getting IEEE-754 FP64-accurate results fr", "correlation_id": "01KTVP0EG7Y9D0W20G1B8N7E3X", "level": "info", "timestamp": "2026-06-11T15:49:57.494789Z"}
{"node": "retrieve", "candidate_count": 50, "event": "done", "query_preview": "What method does the deck describe for getting IEEE-754 FP64-accurate results fr", "correlation_id": "01KTVP0EG7Y9D0W20G1B8N7E3X", "level": "info", "timestamp": "2026-06-11T15:49:57.496108Z"}
{"node": "expand_graph", "reason": "disabled_or_empty", "event": "skip", "query_preview": "What method does the deck describe for getting IEEE-754 FP64-accurate results fr", "correlation_id": "01KTVP0EG7Y9D0W20G1B8N7E3X", "level": "info", "timestamp": "2026-06-11T15:49:57.497595Z"}
{"node": "rerank", "candidate_count": 50, "event": "start", "query_preview": "What method does the deck describe for getting IEEE-754 FP64-accurate results fr", "correlation_id": "01KTVP0EG7Y9D0W20G1B8N7E3X", "level": "info", "timestamp": "2026-06-11T15:49:57.498076Z"}
{"node": "rerank", "top_k": 5, "source": "mode", "event": "top_k_resolved", "query_preview": "What method does the deck describe for getting IEEE-754 FP64-accurate results fr", "correlation_id": "01KTVP0EG7Y9D0W20G1B8N7E3X", "level": "info", "timestamp": "2026-06-11T15:49:57.498126Z"}
{"candidates": 50, "top_k": 5, "backend": "cross_encoder", "event": "rerank.start", "query_preview": "What method does the deck describe for getting IEEE-754 FP64-accurate results fr", "correlation_id": "01KTVP0EG7Y9D0W20G1B8N7E3X", "level": "info", "timestamp": "2026-06-11T15:49:57.498149Z"}
{"candidates": 50, "top_k": 5, "backend": "cross_encoder", "returned": 5, "event": "rerank.done", "query_preview": "What method does the deck describe for getting IEEE-754 FP64-accurate results fr", "correlation_id": "01KTVP0EG7Y9D0W20G1B8N7E3X", "level": "info", "timestamp": "2026-06-11T15:50:31.495620Z"}
{"node": "rerank", "reranked_count": 5, "event": "done", "query_preview": "What method does the deck describe for getting IEEE-754 FP64-accurate results fr", "correlation_id": "01KTVP0EG7Y9D0W20G1B8N7E3X", "level": "info", "timestamp": "2026-06-11T15:50:31.495697Z"}
{"node": "query_tables", "reason": "empty_or_not_table_shaped", "event": "skip", "query_preview": "What method does the deck describe for getting IEEE-754 FP64-accurate results fr", "correlation_id": "01KTVP0EG7Y9D0W20G1B8N7E3X", "level": "info", "timestamp": "2026-06-11T15:50:31.497102Z"}
{"node": "assess", "reranked_count": 5, "event": "start", "query_preview": "What method does the deck describe for getting IEEE-754 FP64-accurate results fr", "correlation_id": "01KTVP0EG7Y9D0W20G1B8N7E3X", "level": "info", "timestamp": "2026-06-11T15:50:31.497701Z"}
{"prompt_tag": "assess_sufficiency@v4", "schema": "SufficiencyAssessment", "model": "cyankiwi/Qwen3.5-4B-AWQ-4bit", "max_tokens": 1024, "temperature": 0.1, "top_p": 0.8, "presence_penalty": 1.0, "seed": 42, "message_count": 1, "event": "model_call.start", "query_preview": "What method does the deck describe for getting IEEE-754 FP64-accurate results fr", "correlation_id": "01KTVP0EG7Y9D0W20G1B8N7E3X", "level": "info", "timestamp": "2026-06-11T15:50:31.499262Z"}
Authentication error: Langfuse client initialized without public_key. Client will be disabled. Provide a public_key parameter or set LANGFUSE_PUBLIC_KEY environment variable. 
{"prompt_tag": "assess_sufficiency@v4", "schema": "SufficiencyAssessment", "tokens": 1837, "event": "model_call.done", "query_preview": "What method does the deck describe for getting IEEE-754 FP64-accurate results fr", "correlation_id": "01KTVP0EG7Y9D0W20G1B8N7E3X", "level": "info", "timestamp": "2026-06-11T15:50:32.238529Z"}
{"node": "answer", "regenerate_attempt": 0, "event": "start", "query_preview": "What method does the deck describe for getting IEEE-754 FP64-accurate results fr", "correlation_id": "01KTVP0EG7Y9D0W20G1B8N7E3X", "level": "info", "timestamp": "2026-06-11T15:50:32.239672Z"}
{"prompt_tag": "answer@v5", "schema": "DraftAnswer", "model": "cyankiwi/Qwen3.5-4B-AWQ-4bit", "max_tokens": 1800, "temperature": 0.1, "top_p": 0.8, "presence_penalty": 1.0, "seed": 42, "message_count": 2, "event": "model_call.start", "query_preview": "What method does the deck describe for getting IEEE-754 FP64-accurate results fr", "correlation_id": "01KTVP0EG7Y9D0W20G1B8N7E3X", "level": "info", "timestamp": "2026-06-11T15:50:32.241687Z"}
Authentication error: Langfuse client initialized without public_key. Client will be disabled. Provide a public_key parameter or set LANGFUSE_PUBLIC_KEY environment variable. 
{"prompt_tag": "answer@v5", "schema": "DraftAnswer", "tokens": 3717, "event": "model_call.done", "query_preview": "What method does the deck describe for getting IEEE-754 FP64-accurate results fr", "correlation_id": "01KTVP0EG7Y9D0W20G1B8N7E3X", "level": "info", "timestamp": "2026-06-11T15:50:35.809524Z"}
{"node": "verify", "claim_count": 2, "event": "start", "query_preview": "What method does the deck describe for getting IEEE-754 FP64-accurate results fr", "correlation_id": "01KTVP0EG7Y9D0W20G1B8N7E3X", "level": "info", "timestamp": "2026-06-11T15:50:35.810351Z"}
{"prompt_tag": "verify_grounding@v2", "schema": "VerificationResult", "model": "cyankiwi/Qwen3.5-4B-AWQ-4bit", "max_tokens": 1024, "temperature": 0.1, "top_p": 0.8, "presence_penalty": 1.0, "seed": 42, "message_count": 1, "event": "model_call.start", "query_preview": "What method does the deck describe for getting IEEE-754 FP64-accurate results fr", "correlation_id": "01KTVP0EG7Y9D0W20G1B8N7E3X", "level": "info", "timestamp": "2026-06-11T15:50:35.813901Z"}
Authentication error: Langfuse client initialized without public_key. Client will be disabled. Provide a public_key parameter or set LANGFUSE_PUBLIC_KEY environment variable. 
{"prompt_tag": "verify_grounding@v2", "schema": "VerificationResult", "tokens": 1761, "event": "model_call.done", "query_preview": "What method does the deck describe for getting IEEE-754 FP64-accurate results fr", "correlation_id": "01KTVP0EG7Y9D0W20G1B8N7E3X", "level": "info", "timestamp": "2026-06-11T15:50:36.292601Z"}
{"node": "assess_relevance", "event": "start", "query_preview": "What method does the deck describe for getting IEEE-754 FP64-accurate results fr", "correlation_id": "01KTVP0EG7Y9D0W20G1B8N7E3X", "level": "info", "timestamp": "2026-06-11T15:50:36.293942Z"}
{"prompt_tag": "assess_relevance@v3", "schema": "RelevanceAssessment", "model": "cyankiwi/Qwen3.5-4B-AWQ-4bit", "max_tokens": 1024, "temperature": 0.1, "top_p": 0.8, "presence_penalty": 1.0, "seed": 42, "message_count": 1, "event": "model_call.start", "query_preview": "What method does the deck describe for getting IEEE-754 FP64-accurate results fr", "correlation_id": "01KTVP0EG7Y9D0W20G1B8N7E3X", "level": "info", "timestamp": "2026-06-11T15:50:36.294944Z"}
Authentication error: Langfuse client initialized without public_key. Client will be disabled. Provide a public_key parameter or set LANGFUSE_PUBLIC_KEY environment variable. 
{"prompt_tag": "assess_relevance@v3", "schema": "RelevanceAssessment", "tokens": 1015, "event": "model_call.done", "query_preview": "What method does the deck describe for getting IEEE-754 FP64-accurate results fr", "correlation_id": "01KTVP0EG7Y9D0W20G1B8N7E3X", "level": "info", "timestamp": "2026-06-11T15:50:36.830963Z"}
{"node": "assess_relevance", "responsive": true, "event": "relevance", "query_preview": "What method does the deck describe for getting IEEE-754 FP64-accurate results fr", "correlation_id": "01KTVP0EG7Y9D0W20G1B8N7E3X", "level": "info", "timestamp": "2026-06-11T15:50:36.831018Z"}
{"node": "compose", "event": "start", "query_preview": "What method does the deck describe for getting IEEE-754 FP64-accurate results fr", "correlation_id": "01KTVP0EG7Y9D0W20G1B8N7E3X", "level": "info", "timestamp": "2026-06-11T15:50:36.832508Z"}
Authentication error: Langfuse client initialized without public_key. Client will be disabled. Provide a public_key parameter or set LANGFUSE_PUBLIC_KEY environment variable. 
{"node": "retrieve", "query_len": 77, "event": "start", "query_preview": "What does the Grace-Hopper unified memory address space refer to in the deck?", "correlation_id": "01KTVP1N11TYS7XB060P3KAF93", "level": "info", "timestamp": "2026-06-11T15:50:36.833998Z"}
{"query_len": 77, "k": 50, "event": "hybrid.start", "query_preview": "What does the Grace-Hopper unified memory address space refer to in the deck?", "correlation_id": "01KTVP1N11TYS7XB060P3KAF93", "level": "info", "timestamp": "2026-06-11T15:50:36.834032Z"}
{"query_len": 77, "k": 50, "dense": 50, "bm25": 0, "fused": 50, "term": false, "event": "hybrid.done", "query_preview": "What does the Grace-Hopper unified memory address space refer to in the deck?", "correlation_id": "01KTVP1N11TYS7XB060P3KAF93", "level": "info", "timestamp": "2026-06-11T15:50:36.919409Z"}
{"node": "retrieve", "candidate_count": 50, "event": "done", "query_preview": "What does the Grace-Hopper unified memory address space refer to in the deck?", "correlation_id": "01KTVP1N11TYS7XB060P3KAF93", "level": "info", "timestamp": "2026-06-11T15:50:36.920307Z"}
{"node": "expand_graph", "reason": "disabled_or_empty", "event": "skip", "query_preview": "What does the Grace-Hopper unified memory address space refer to in the deck?", "correlation_id": "01KTVP1N11TYS7XB060P3KAF93", "level": "info", "timestamp": "2026-06-11T15:50:36.921565Z"}
{"node": "rerank", "candidate_count": 50, "event": "start", "query_preview": "What does the Grace-Hopper unified memory address space refer to in the deck?", "correlation_id": "01KTVP1N11TYS7XB060P3KAF93", "level": "info", "timestamp": "2026-06-11T15:50:36.922042Z"}
{"node": "rerank", "top_k": 5, "source": "mode", "event": "top_k_resolved", "query_preview": "What does the Grace-Hopper unified memory address space refer to in the deck?", "correlation_id": "01KTVP1N11TYS7XB060P3KAF93", "level": "info", "timestamp": "2026-06-11T15:50:36.922093Z"}
{"candidates": 50, "top_k": 5, "backend": "cross_encoder", "event": "rerank.start", "query_preview": "What does the Grace-Hopper unified memory address space refer to in the deck?", "correlation_id": "01KTVP1N11TYS7XB060P3KAF93", "level": "info", "timestamp": "2026-06-11T15:50:36.922117Z"}
{"candidates": 50, "top_k": 5, "backend": "cross_encoder", "returned": 5, "event": "rerank.done", "query_preview": "What does the Grace-Hopper unified memory address space refer to in the deck?", "correlation_id": "01KTVP1N11TYS7XB060P3KAF93", "level": "info", "timestamp": "2026-06-11T15:51:04.270704Z"}
{"node": "rerank", "reranked_count": 5, "event": "done", "query_preview": "What does the Grace-Hopper unified memory address space refer to in the deck?", "correlation_id": "01KTVP1N11TYS7XB060P3KAF93", "level": "info", "timestamp": "2026-06-11T15:51:04.270783Z"}
{"node": "query_tables", "reason": "empty_or_not_table_shaped", "event": "skip", "query_preview": "What does the Grace-Hopper unified memory address space refer to in the deck?", "correlation_id": "01KTVP1N11TYS7XB060P3KAF93", "level": "info", "timestamp": "2026-06-11T15:51:04.272270Z"}
{"node": "assess", "reranked_count": 5, "event": "start", "query_preview": "What does the Grace-Hopper unified memory address space refer to in the deck?", "correlation_id": "01KTVP1N11TYS7XB060P3KAF93", "level": "info", "timestamp": "2026-06-11T15:51:04.272823Z"}
{"prompt_tag": "assess_sufficiency@v4", "schema": "SufficiencyAssessment", "model": "cyankiwi/Qwen3.5-4B-AWQ-4bit", "max_tokens": 1024, "temperature": 0.1, "top_p": 0.8, "presence_penalty": 1.0, "seed": 42, "message_count": 1, "event": "model_call.start", "query_preview": "What does the Grace-Hopper unified memory address space refer to in the deck?", "correlation_id": "01KTVP1N11TYS7XB060P3KAF93", "level": "info", "timestamp": "2026-06-11T15:51:04.274383Z"}
Authentication error: Langfuse client initialized without public_key. Client will be disabled. Provide a public_key parameter or set LANGFUSE_PUBLIC_KEY environment variable. 
{"prompt_tag": "assess_sufficiency@v4", "schema": "SufficiencyAssessment", "tokens": 1577, "event": "model_call.done", "query_preview": "What does the Grace-Hopper unified memory address space refer to in the deck?", "correlation_id": "01KTVP1N11TYS7XB060P3KAF93", "level": "info", "timestamp": "2026-06-11T15:51:04.981165Z"}
{"node": "answer", "regenerate_attempt": 0, "event": "start", "query_preview": "What does the Grace-Hopper unified memory address space refer to in the deck?", "correlation_id": "01KTVP1N11TYS7XB060P3KAF93", "level": "info", "timestamp": "2026-06-11T15:51:04.982526Z"}
{"prompt_tag": "answer@v5", "schema": "DraftAnswer", "model": "cyankiwi/Qwen3.5-4B-AWQ-4bit", "max_tokens": 1800, "temperature": 0.1, "top_p": 0.8, "presence_penalty": 1.0, "seed": 42, "message_count": 2, "event": "model_call.start", "query_preview": "What does the Grace-Hopper unified memory address space refer to in the deck?", "correlation_id": "01KTVP1N11TYS7XB060P3KAF93", "level": "info", "timestamp": "2026-06-11T15:51:04.984488Z"}
Authentication error: Langfuse client initialized without public_key. Client will be disabled. Provide a public_key parameter or set LANGFUSE_PUBLIC_KEY environment variable. 
{"prompt_tag": "answer@v5", "schema": "DraftAnswer", "tokens": 3381, "event": "model_call.done", "query_preview": "What does the Grace-Hopper unified memory address space refer to in the deck?", "correlation_id": "01KTVP1N11TYS7XB060P3KAF93", "level": "info", "timestamp": "2026-06-11T15:51:07.831978Z"}
{"node": "verify", "claim_count": 2, "event": "start", "query_preview": "What does the Grace-Hopper unified memory address space refer to in the deck?", "correlation_id": "01KTVP1N11TYS7XB060P3KAF93", "level": "info", "timestamp": "2026-06-11T15:51:07.832813Z"}
{"prompt_tag": "verify_grounding@v2", "schema": "VerificationResult", "model": "cyankiwi/Qwen3.5-4B-AWQ-4bit", "max_tokens": 1024, "temperature": 0.1, "top_p": 0.8, "presence_penalty": 1.0, "seed": 42, "message_count": 1, "event": "model_call.start", "query_preview": "What does the Grace-Hopper unified memory address space refer to in the deck?", "correlation_id": "01KTVP1N11TYS7XB060P3KAF93", "level": "info", "timestamp": "2026-06-11T15:51:07.836201Z"}
Authentication error: Langfuse client initialized without public_key. Client will be disabled. Provide a public_key parameter or set LANGFUSE_PUBLIC_KEY environment variable. 
{"prompt_tag": "verify_grounding@v2", "schema": "VerificationResult", "tokens": 1625, "event": "model_call.done", "query_preview": "What does the Grace-Hopper unified memory address space refer to in the deck?", "correlation_id": "01KTVP1N11TYS7XB060P3KAF93", "level": "info", "timestamp": "2026-06-11T15:51:08.295872Z"}
{"node": "assess_relevance", "event": "start", "query_preview": "What does the Grace-Hopper unified memory address space refer to in the deck?", "correlation_id": "01KTVP1N11TYS7XB060P3KAF93", "level": "info", "timestamp": "2026-06-11T15:51:08.297054Z"}
{"prompt_tag": "assess_relevance@v3", "schema": "RelevanceAssessment", "model": "cyankiwi/Qwen3.5-4B-AWQ-4bit", "max_tokens": 1024, "temperature": 0.1, "top_p": 0.8, "presence_penalty": 1.0, "seed": 42, "message_count": 1, "event": "model_call.start", "query_preview": "What does the Grace-Hopper unified memory address space refer to in the deck?", "correlation_id": "01KTVP1N11TYS7XB060P3KAF93", "level": "info", "timestamp": "2026-06-11T15:51:08.298028Z"}
Authentication error: Langfuse client initialized without public_key. Client will be disabled. Provide a public_key parameter or set LANGFUSE_PUBLIC_KEY environment variable. 
{"prompt_tag": "assess_relevance@v3", "schema": "RelevanceAssessment", "tokens": 934, "event": "model_call.done", "query_preview": "What does the Grace-Hopper unified memory address space refer to in the deck?", "correlation_id": "01KTVP1N11TYS7XB060P3KAF93", "level": "info", "timestamp": "2026-06-11T15:51:08.753464Z"}
{"node": "assess_relevance", "responsive": true, "event": "relevance", "query_preview": "What does the Grace-Hopper unified memory address space refer to in the deck?", "correlation_id": "01KTVP1N11TYS7XB060P3KAF93", "level": "info", "timestamp": "2026-06-11T15:51:08.753530Z"}
{"node": "compose", "event": "start", "query_preview": "What does the Grace-Hopper unified memory address space refer to in the deck?", "correlation_id": "01KTVP1N11TYS7XB060P3KAF93", "level": "info", "timestamp": "2026-06-11T15:51:08.754852Z"}
Authentication error: Langfuse client initialized without public_key. Client will be disabled. Provide a public_key parameter or set LANGFUSE_PUBLIC_KEY environment variable. 
{"node": "retrieve", "query_len": 91, "event": "start", "query_preview": "What is the energy cost of an FP16 Tensor Core MMA matrix multiply relative to a", "correlation_id": "01KTVP2M6KG8MVZHQ21E3KTS1E", "level": "info", "timestamp": "2026-06-11T15:51:08.756313Z"}
{"query_len": 91, "k": 50, "event": "hybrid.start", "query_preview": "What is the energy cost of an FP16 Tensor Core MMA matrix multiply relative to a", "correlation_id": "01KTVP2M6KG8MVZHQ21E3KTS1E", "level": "info", "timestamp": "2026-06-11T15:51:08.756348Z"}
{"query_len": 91, "k": 50, "dense": 50, "bm25": 0, "fused": 50, "term": false, "event": "hybrid.done", "query_preview": "What is the energy cost of an FP16 Tensor Core MMA matrix multiply relative to a", "correlation_id": "01KTVP2M6KG8MVZHQ21E3KTS1E", "level": "info", "timestamp": "2026-06-11T15:51:08.834537Z"}
{"node": "retrieve", "candidate_count": 50, "event": "done", "query_preview": "What is the energy cost of an FP16 Tensor Core MMA matrix multiply relative to a", "correlation_id": "01KTVP2M6KG8MVZHQ21E3KTS1E", "level": "info", "timestamp": "2026-06-11T15:51:08.835565Z"}
{"node": "expand_graph", "reason": "disabled_or_empty", "event": "skip", "query_preview": "What is the energy cost of an FP16 Tensor Core MMA matrix multiply relative to a", "correlation_id": "01KTVP2M6KG8MVZHQ21E3KTS1E", "level": "info", "timestamp": "2026-06-11T15:51:08.836954Z"}
{"node": "rerank", "candidate_count": 50, "event": "start", "query_preview": "What is the energy cost of an FP16 Tensor Core MMA matrix multiply relative to a", "correlation_id": "01KTVP2M6KG8MVZHQ21E3KTS1E", "level": "info", "timestamp": "2026-06-11T15:51:08.837468Z"}
{"node": "rerank", "top_k": 5, "source": "mode", "event": "top_k_resolved", "query_preview": "What is the energy cost of an FP16 Tensor Core MMA matrix multiply relative to a", "correlation_id": "01KTVP2M6KG8MVZHQ21E3KTS1E", "level": "info", "timestamp": "2026-06-11T15:51:08.837516Z"}
{"candidates": 50, "top_k": 5, "backend": "cross_encoder", "event": "rerank.start", "query_preview": "What is the energy cost of an FP16 Tensor Core MMA matrix multiply relative to a", "correlation_id": "01KTVP2M6KG8MVZHQ21E3KTS1E", "level": "info", "timestamp": "2026-06-11T15:51:08.837538Z"}
{"candidates": 50, "top_k": 5, "backend": "cross_encoder", "returned": 5, "event": "rerank.done", "query_preview": "What is the energy cost of an FP16 Tensor Core MMA matrix multiply relative to a", "correlation_id": "01KTVP2M6KG8MVZHQ21E3KTS1E", "level": "info", "timestamp": "2026-06-11T15:51:41.657387Z"}
{"node": "rerank", "reranked_count": 5, "event": "done", "query_preview": "What is the energy cost of an FP16 Tensor Core MMA matrix multiply relative to a", "correlation_id": "01KTVP2M6KG8MVZHQ21E3KTS1E", "level": "info", "timestamp": "2026-06-11T15:51:41.657465Z"}
{"node": "query_tables", "reason": "empty_or_not_table_shaped", "event": "skip", "query_preview": "What is the energy cost of an FP16 Tensor Core MMA matrix multiply relative to a", "correlation_id": "01KTVP2M6KG8MVZHQ21E3KTS1E", "level": "info", "timestamp": "2026-06-11T15:51:41.658994Z"}
{"node": "assess", "reranked_count": 5, "event": "start", "query_preview": "What is the energy cost of an FP16 Tensor Core MMA matrix multiply relative to a", "correlation_id": "01KTVP2M6KG8MVZHQ21E3KTS1E", "level": "info", "timestamp": "2026-06-11T15:51:41.659575Z"}
{"prompt_tag": "assess_sufficiency@v4", "schema": "SufficiencyAssessment", "model": "cyankiwi/Qwen3.5-4B-AWQ-4bit", "max_tokens": 1024, "temperature": 0.1, "top_p": 0.8, "presence_penalty": 1.0, "seed": 42, "message_count": 1, "event": "model_call.start", "query_preview": "What is the energy cost of an FP16 Tensor Core MMA matrix multiply relative to a", "correlation_id": "01KTVP2M6KG8MVZHQ21E3KTS1E", "level": "info", "timestamp": "2026-06-11T15:51:41.661873Z"}
Authentication error: Langfuse client initialized without public_key. Client will be disabled. Provide a public_key parameter or set LANGFUSE_PUBLIC_KEY environment variable. 
{"prompt_tag": "assess_sufficiency@v4", "schema": "SufficiencyAssessment", "tokens": 3328, "event": "model_call.done", "query_preview": "What is the energy cost of an FP16 Tensor Core MMA matrix multiply relative to a", "correlation_id": "01KTVP2M6KG8MVZHQ21E3KTS1E", "level": "info", "timestamp": "2026-06-11T15:51:42.708024Z"}
{"node": "answer", "regenerate_attempt": 0, "event": "start", "query_preview": "What is the energy cost of an FP16 Tensor Core MMA matrix multiply relative to a", "correlation_id": "01KTVP2M6KG8MVZHQ21E3KTS1E", "level": "info", "timestamp": "2026-06-11T15:51:42.709307Z"}
{"prompt_tag": "answer@v5", "schema": "DraftAnswer", "model": "cyankiwi/Qwen3.5-4B-AWQ-4bit", "max_tokens": 1800, "temperature": 0.1, "top_p": 0.8, "presence_penalty": 1.0, "seed": 42, "message_count": 2, "event": "model_call.start", "query_preview": "What is the energy cost of an FP16 Tensor Core MMA matrix multiply relative to a", "correlation_id": "01KTVP2M6KG8MVZHQ21E3KTS1E", "level": "info", "timestamp": "2026-06-11T15:51:42.711376Z"}
Authentication error: Langfuse client initialized without public_key. Client will be disabled. Provide a public_key parameter or set LANGFUSE_PUBLIC_KEY environment variable. 
{"prompt_tag": "answer@v5", "schema": "DraftAnswer", "tokens": 4990, "event": "model_call.done", "query_preview": "What is the energy cost of an FP16 Tensor Core MMA matrix multiply relative to a", "correlation_id": "01KTVP2M6KG8MVZHQ21E3KTS1E", "level": "info", "timestamp": "2026-06-11T15:51:44.651933Z"}
{"node": "answer", "exact": 0, "suffix": 0, "fuzzy": 1, "unresolved": 0, "event": "chunk_id_repair", "query_preview": "What is the energy cost of an FP16 Tensor Core MMA matrix multiply relative to a", "correlation_id": "01KTVP2M6KG8MVZHQ21E3KTS1E", "level": "info", "timestamp": "2026-06-11T15:51:44.652103Z"}
{"node": "verify", "claim_count": 1, "event": "start", "query_preview": "What is the energy cost of an FP16 Tensor Core MMA matrix multiply relative to a", "correlation_id": "01KTVP2M6KG8MVZHQ21E3KTS1E", "level": "info", "timestamp": "2026-06-11T15:51:44.653019Z"}
{"prompt_tag": "verify_grounding@v2", "schema": "VerificationResult", "model": "cyankiwi/Qwen3.5-4B-AWQ-4bit", "max_tokens": 1024, "temperature": 0.1, "top_p": 0.8, "presence_penalty": 1.0, "seed": 42, "message_count": 1, "event": "model_call.start", "query_preview": "What is the energy cost of an FP16 Tensor Core MMA matrix multiply relative to a", "correlation_id": "01KTVP2M6KG8MVZHQ21E3KTS1E", "level": "info", "timestamp": "2026-06-11T15:51:44.656428Z"}
Authentication error: Langfuse client initialized without public_key. Client will be disabled. Provide a public_key parameter or set LANGFUSE_PUBLIC_KEY environment variable. 
{"prompt_tag": "verify_grounding@v2", "schema": "VerificationResult", "tokens": 2115, "event": "model_call.done", "query_preview": "What is the energy cost of an FP16 Tensor Core MMA matrix multiply relative to a", "correlation_id": "01KTVP2M6KG8MVZHQ21E3KTS1E", "level": "info", "timestamp": "2026-06-11T15:51:45.157017Z"}
{"node": "assess_relevance", "event": "start", "query_preview": "What is the energy cost of an FP16 Tensor Core MMA matrix multiply relative to a", "correlation_id": "01KTVP2M6KG8MVZHQ21E3KTS1E", "level": "info", "timestamp": "2026-06-11T15:51:45.158217Z"}
{"prompt_tag": "assess_relevance@v3", "schema": "RelevanceAssessment", "model": "cyankiwi/Qwen3.5-4B-AWQ-4bit", "max_tokens": 1024, "temperature": 0.1, "top_p": 0.8, "presence_penalty": 1.0, "seed": 42, "message_count": 1, "event": "model_call.start", "query_preview": "What is the energy cost of an FP16 Tensor Core MMA matrix multiply relative to a", "correlation_id": "01KTVP2M6KG8MVZHQ21E3KTS1E", "level": "info", "timestamp": "2026-06-11T15:51:45.159268Z"}
Authentication error: Langfuse client initialized without public_key. Client will be disabled. Provide a public_key parameter or set LANGFUSE_PUBLIC_KEY environment variable. 
{"prompt_tag": "assess_relevance@v3", "schema": "RelevanceAssessment", "tokens": 880, "event": "model_call.done", "query_preview": "What is the energy cost of an FP16 Tensor Core MMA matrix multiply relative to a", "correlation_id": "01KTVP2M6KG8MVZHQ21E3KTS1E", "level": "info", "timestamp": "2026-06-11T15:51:45.624728Z"}
{"node": "assess_relevance", "responsive": true, "event": "relevance", "query_preview": "What is the energy cost of an FP16 Tensor Core MMA matrix multiply relative to a", "correlation_id": "01KTVP2M6KG8MVZHQ21E3KTS1E", "level": "info", "timestamp": "2026-06-11T15:51:45.624779Z"}
{"node": "compose", "event": "start", "query_preview": "What is the energy cost of an FP16 Tensor Core MMA matrix multiply relative to a", "correlation_id": "01KTVP2M6KG8MVZHQ21E3KTS1E", "level": "info", "timestamp": "2026-06-11T15:51:45.625856Z"}
Authentication error: Langfuse client initialized without public_key. Client will be disabled. Provide a public_key parameter or set LANGFUSE_PUBLIC_KEY environment variable. 
{"node": "retrieve", "query_len": 104, "event": "start", "query_preview": "What is the deck's central thesis about the right performance metric to optimise", "correlation_id": "01KTVP3R6T1SE8KCBZC49HHEX7", "level": "info", "timestamp": "2026-06-11T15:51:45.627317Z"}
{"query_len": 104, "k": 50, "event": "hybrid.start", "query_preview": "What is the deck's central thesis about the right performance metric to optimise", "correlation_id": "01KTVP3R6T1SE8KCBZC49HHEX7", "level": "info", "timestamp": "2026-06-11T15:51:45.627352Z"}
{"query_len": 104, "k": 50, "dense": 50, "bm25": 0, "fused": 50, "term": false, "event": "hybrid.done", "query_preview": "What is the deck's central thesis about the right performance metric to optimise", "correlation_id": "01KTVP3R6T1SE8KCBZC49HHEX7", "level": "info", "timestamp": "2026-06-11T15:51:45.701370Z"}
{"node": "retrieve", "candidate_count": 50, "event": "done", "query_preview": "What is the deck's central thesis about the right performance metric to optimise", "correlation_id": "01KTVP3R6T1SE8KCBZC49HHEX7", "level": "info", "timestamp": "2026-06-11T15:51:45.702365Z"}
{"node": "expand_graph", "reason": "disabled_or_empty", "event": "skip", "query_preview": "What is the deck's central thesis about the right performance metric to optimise", "correlation_id": "01KTVP3R6T1SE8KCBZC49HHEX7", "level": "info", "timestamp": "2026-06-11T15:51:45.703641Z"}
{"node": "rerank", "candidate_count": 50, "event": "start", "query_preview": "What is the deck's central thesis about the right performance metric to optimise", "correlation_id": "01KTVP3R6T1SE8KCBZC49HHEX7", "level": "info", "timestamp": "2026-06-11T15:51:45.704129Z"}
{"node": "rerank", "top_k": 5, "source": "mode", "event": "top_k_resolved", "query_preview": "What is the deck's central thesis about the right performance metric to optimise", "correlation_id": "01KTVP3R6T1SE8KCBZC49HHEX7", "level": "info", "timestamp": "2026-06-11T15:51:45.704175Z"}
{"candidates": 50, "top_k": 5, "backend": "cross_encoder", "event": "rerank.start", "query_preview": "What is the deck's central thesis about the right performance metric to optimise", "correlation_id": "01KTVP3R6T1SE8KCBZC49HHEX7", "level": "info", "timestamp": "2026-06-11T15:51:45.704197Z"}
{"candidates": 50, "top_k": 5, "backend": "cross_encoder", "returned": 5, "event": "rerank.done", "query_preview": "What is the deck's central thesis about the right performance metric to optimise", "correlation_id": "01KTVP3R6T1SE8KCBZC49HHEX7", "level": "info", "timestamp": "2026-06-11T15:52:33.137408Z"}
{"node": "rerank", "reranked_count": 5, "event": "done", "query_preview": "What is the deck's central thesis about the right performance metric to optimise", "correlation_id": "01KTVP3R6T1SE8KCBZC49HHEX7", "level": "info", "timestamp": "2026-06-11T15:52:33.137478Z"}
{"node": "query_tables", "reason": "empty_or_not_table_shaped", "event": "skip", "query_preview": "What is the deck's central thesis about the right performance metric to optimise", "correlation_id": "01KTVP3R6T1SE8KCBZC49HHEX7", "level": "info", "timestamp": "2026-06-11T15:52:33.139179Z"}
{"node": "assess", "reranked_count": 5, "event": "start", "query_preview": "What is the deck's central thesis about the right performance metric to optimise", "correlation_id": "01KTVP3R6T1SE8KCBZC49HHEX7", "level": "info", "timestamp": "2026-06-11T15:52:33.139834Z"}
{"prompt_tag": "assess_sufficiency@v4", "schema": "SufficiencyAssessment", "model": "cyankiwi/Qwen3.5-4B-AWQ-4bit", "max_tokens": 1024, "temperature": 0.1, "top_p": 0.8, "presence_penalty": 1.0, "seed": 42, "message_count": 1, "event": "model_call.start", "query_preview": "What is the deck's central thesis about the right performance metric to optimise", "correlation_id": "01KTVP3R6T1SE8KCBZC49HHEX7", "level": "info", "timestamp": "2026-06-11T15:52:33.141246Z"}
Authentication error: Langfuse client initialized without public_key. Client will be disabled. Provide a public_key parameter or set LANGFUSE_PUBLIC_KEY environment variable. 
{"prompt_tag": "assess_sufficiency@v4", "schema": "SufficiencyAssessment", "tokens": 1490, "event": "model_call.done", "query_preview": "What is the deck's central thesis about the right performance metric to optimise", "correlation_id": "01KTVP3R6T1SE8KCBZC49HHEX7", "level": "info", "timestamp": "2026-06-11T15:52:33.888398Z"}
{"node": "answer", "regenerate_attempt": 0, "event": "start", "query_preview": "What is the deck's central thesis about the right performance metric to optimise", "correlation_id": "01KTVP3R6T1SE8KCBZC49HHEX7", "level": "info", "timestamp": "2026-06-11T15:52:33.889544Z"}
{"prompt_tag": "answer@v5", "schema": "DraftAnswer", "model": "cyankiwi/Qwen3.5-4B-AWQ-4bit", "max_tokens": 1800, "temperature": 0.1, "top_p": 0.8, "presence_penalty": 1.0, "seed": 42, "message_count": 2, "event": "model_call.start", "query_preview": "What is the deck's central thesis about the right performance metric to optimise", "correlation_id": "01KTVP3R6T1SE8KCBZC49HHEX7", "level": "info", "timestamp": "2026-06-11T15:52:33.891516Z"}
Authentication error: Langfuse client initialized without public_key. Client will be disabled. Provide a public_key parameter or set LANGFUSE_PUBLIC_KEY environment variable. 
{"prompt_tag": "answer@v5", "schema": "DraftAnswer", "tokens": 3264, "event": "model_call.done", "query_preview": "What is the deck's central thesis about the right performance metric to optimise", "correlation_id": "01KTVP3R6T1SE8KCBZC49HHEX7", "level": "info", "timestamp": "2026-06-11T15:52:36.521125Z"}
{"node": "verify", "claim_count": 3, "event": "start", "query_preview": "What is the deck's central thesis about the right performance metric to optimise", "correlation_id": "01KTVP3R6T1SE8KCBZC49HHEX7", "level": "info", "timestamp": "2026-06-11T15:52:36.522034Z"}
{"prompt_tag": "verify_grounding@v2", "schema": "VerificationResult", "model": "cyankiwi/Qwen3.5-4B-AWQ-4bit", "max_tokens": 1024, "temperature": 0.1, "top_p": 0.8, "presence_penalty": 1.0, "seed": 42, "message_count": 1, "event": "model_call.start", "query_preview": "What is the deck's central thesis about the right performance metric to optimise", "correlation_id": "01KTVP3R6T1SE8KCBZC49HHEX7", "level": "info", "timestamp": "2026-06-11T15:52:36.526314Z"}
Authentication error: Langfuse client initialized without public_key. Client will be disabled. Provide a public_key parameter or set LANGFUSE_PUBLIC_KEY environment variable. 
{"prompt_tag": "verify_grounding@v2", "schema": "VerificationResult", "tokens": 1493, "event": "model_call.done", "query_preview": "What is the deck's central thesis about the right performance metric to optimise", "correlation_id": "01KTVP3R6T1SE8KCBZC49HHEX7", "level": "info", "timestamp": "2026-06-11T15:52:36.985979Z"}
{"node": "assess_relevance", "event": "start", "query_preview": "What is the deck's central thesis about the right performance metric to optimise", "correlation_id": "01KTVP3R6T1SE8KCBZC49HHEX7", "level": "info", "timestamp": "2026-06-11T15:52:36.987497Z"}
{"prompt_tag": "assess_relevance@v3", "schema": "RelevanceAssessment", "model": "cyankiwi/Qwen3.5-4B-AWQ-4bit", "max_tokens": 1024, "temperature": 0.1, "top_p": 0.8, "presence_penalty": 1.0, "seed": 42, "message_count": 1, "event": "model_call.start", "query_preview": "What is the deck's central thesis about the right performance metric to optimise", "correlation_id": "01KTVP3R6T1SE8KCBZC49HHEX7", "level": "info", "timestamp": "2026-06-11T15:52:36.988505Z"}
Authentication error: Langfuse client initialized without public_key. Client will be disabled. Provide a public_key parameter or set LANGFUSE_PUBLIC_KEY environment variable. 
{"prompt_tag": "assess_relevance@v3", "schema": "RelevanceAssessment", "tokens": 890, "event": "model_call.done", "query_preview": "What is the deck's central thesis about the right performance metric to optimise", "correlation_id": "01KTVP3R6T1SE8KCBZC49HHEX7", "level": "info", "timestamp": "2026-06-11T15:52:37.368466Z"}
{"node": "assess_relevance", "responsive": true, "event": "relevance", "query_preview": "What is the deck's central thesis about the right performance metric to optimise", "correlation_id": "01KTVP3R6T1SE8KCBZC49HHEX7", "level": "info", "timestamp": "2026-06-11T15:52:37.368532Z"}
{"node": "compose", "event": "start", "query_preview": "What is the deck's central thesis about the right performance metric to optimise", "correlation_id": "01KTVP3R6T1SE8KCBZC49HHEX7", "level": "info", "timestamp": "2026-06-11T15:52:37.369935Z"}
Authentication error: Langfuse client initialized without public_key. Client will be disabled. Provide a public_key parameter or set LANGFUSE_PUBLIC_KEY environment variable. 
{"node": "retrieve", "query_len": 58, "event": "start", "query_preview": "What is the mantissa length of an FP4 number in this deck?", "correlation_id": "01KTVP5AQTYQQDE7WG01N9QTCE", "level": "info", "timestamp": "2026-06-11T15:52:37.371596Z"}
{"query_len": 58, "k": 50, "event": "hybrid.start", "query_preview": "What is the mantissa length of an FP4 number in this deck?", "correlation_id": "01KTVP5AQTYQQDE7WG01N9QTCE", "level": "info", "timestamp": "2026-06-11T15:52:37.371630Z"}
{"query_len": 58, "k": 50, "dense": 50, "bm25": 0, "fused": 50, "term": false, "event": "hybrid.done", "query_preview": "What is the mantissa length of an FP4 number in this deck?", "correlation_id": "01KTVP5AQTYQQDE7WG01N9QTCE", "level": "info", "timestamp": "2026-06-11T15:52:37.445552Z"}
{"node": "retrieve", "candidate_count": 50, "event": "done", "query_preview": "What is the mantissa length of an FP4 number in this deck?", "correlation_id": "01KTVP5AQTYQQDE7WG01N9QTCE", "level": "info", "timestamp": "2026-06-11T15:52:37.446383Z"}
{"node": "expand_graph", "reason": "disabled_or_empty", "event": "skip", "query_preview": "What is the mantissa length of an FP4 number in this deck?", "correlation_id": "01KTVP5AQTYQQDE7WG01N9QTCE", "level": "info", "timestamp": "2026-06-11T15:52:37.447496Z"}
{"node": "rerank", "candidate_count": 50, "event": "start", "query_preview": "What is the mantissa length of an FP4 number in this deck?", "correlation_id": "01KTVP5AQTYQQDE7WG01N9QTCE", "level": "info", "timestamp": "2026-06-11T15:52:37.447896Z"}
{"node": "rerank", "top_k": 5, "source": "mode", "event": "top_k_resolved", "query_preview": "What is the mantissa length of an FP4 number in this deck?", "correlation_id": "01KTVP5AQTYQQDE7WG01N9QTCE", "level": "info", "timestamp": "2026-06-11T15:52:37.447934Z"}
{"candidates": 50, "top_k": 5, "backend": "cross_encoder", "event": "rerank.start", "query_preview": "What is the mantissa length of an FP4 number in this deck?", "correlation_id": "01KTVP5AQTYQQDE7WG01N9QTCE", "level": "info", "timestamp": "2026-06-11T15:52:37.447958Z"}
{"candidates": 50, "top_k": 5, "backend": "cross_encoder", "returned": 5, "event": "rerank.done", "query_preview": "What is the mantissa length of an FP4 number in this deck?", "correlation_id": "01KTVP5AQTYQQDE7WG01N9QTCE", "level": "info", "timestamp": "2026-06-11T15:53:13.211714Z"}
{"node": "rerank", "reranked_count": 5, "event": "done", "query_preview": "What is the mantissa length of an FP4 number in this deck?", "correlation_id": "01KTVP5AQTYQQDE7WG01N9QTCE", "level": "info", "timestamp": "2026-06-11T15:53:13.211792Z"}
{"node": "query_tables", "reason": "empty_or_not_table_shaped", "event": "skip", "query_preview": "What is the mantissa length of an FP4 number in this deck?", "correlation_id": "01KTVP5AQTYQQDE7WG01N9QTCE", "level": "info", "timestamp": "2026-06-11T15:53:13.213268Z"}
{"node": "assess", "reranked_count": 5, "event": "start", "query_preview": "What is the mantissa length of an FP4 number in this deck?", "correlation_id": "01KTVP5AQTYQQDE7WG01N9QTCE", "level": "info", "timestamp": "2026-06-11T15:53:13.213860Z"}
{"prompt_tag": "assess_sufficiency@v4", "schema": "SufficiencyAssessment", "model": "cyankiwi/Qwen3.5-4B-AWQ-4bit", "max_tokens": 1024, "temperature": 0.1, "top_p": 0.8, "presence_penalty": 1.0, "seed": 42, "message_count": 1, "event": "model_call.start", "query_preview": "What is the mantissa length of an FP4 number in this deck?", "correlation_id": "01KTVP5AQTYQQDE7WG01N9QTCE", "level": "info", "timestamp": "2026-06-11T15:53:13.215647Z"}
Authentication error: Langfuse client initialized without public_key. Client will be disabled. Provide a public_key parameter or set LANGFUSE_PUBLIC_KEY environment variable. 
{"prompt_tag": "assess_sufficiency@v4", "schema": "SufficiencyAssessment", "tokens": 3331, "event": "model_call.done", "query_preview": "What is the mantissa length of an FP4 number in this deck?", "correlation_id": "01KTVP5AQTYQQDE7WG01N9QTCE", "level": "info", "timestamp": "2026-06-11T15:53:14.084145Z"}
{"node": "answer", "regenerate_attempt": 0, "event": "start", "query_preview": "What is the mantissa length of an FP4 number in this deck?", "correlation_id": "01KTVP5AQTYQQDE7WG01N9QTCE", "level": "info", "timestamp": "2026-06-11T15:53:14.085477Z"}
{"prompt_tag": "answer@v5", "schema": "DraftAnswer", "model": "cyankiwi/Qwen3.5-4B-AWQ-4bit", "max_tokens": 1800, "temperature": 0.1, "top_p": 0.8, "presence_penalty": 1.0, "seed": 42, "message_count": 2, "event": "model_call.start", "query_preview": "What is the mantissa length of an FP4 number in this deck?", "correlation_id": "01KTVP5AQTYQQDE7WG01N9QTCE", "level": "info", "timestamp": "2026-06-11T15:53:14.087562Z"}
Authentication error: Langfuse client initialized without public_key. Client will be disabled. Provide a public_key parameter or set LANGFUSE_PUBLIC_KEY environment variable. 
{"prompt_tag": "answer@v5", "schema": "DraftAnswer", "tokens": 4914, "event": "model_call.done", "query_preview": "What is the mantissa length of an FP4 number in this deck?", "correlation_id": "01KTVP5AQTYQQDE7WG01N9QTCE", "level": "info", "timestamp": "2026-06-11T15:53:15.140350Z"}
{"node": "verify", "claim_count": 0, "event": "start", "query_preview": "What is the mantissa length of an FP4 number in this deck?", "correlation_id": "01KTVP5AQTYQQDE7WG01N9QTCE", "level": "info", "timestamp": "2026-06-11T15:53:15.141266Z"}
{"node": "verify", "event": "empty_draft_shortcircuit", "query_preview": "What is the mantissa length of an FP4 number in this deck?", "correlation_id": "01KTVP5AQTYQQDE7WG01N9QTCE", "level": "info", "timestamp": "2026-06-11T15:53:15.141303Z"}
{"node": "assess_relevance", "event": "start", "query_preview": "What is the mantissa length of an FP4 number in this deck?", "correlation_id": "01KTVP5AQTYQQDE7WG01N9QTCE", "level": "info", "timestamp": "2026-06-11T15:53:15.142321Z"}
{"prompt_tag": "assess_relevance@v3", "schema": "RelevanceAssessment", "model": "cyankiwi/Qwen3.5-4B-AWQ-4bit", "max_tokens": 1024, "temperature": 0.1, "top_p": 0.8, "presence_penalty": 1.0, "seed": 42, "message_count": 1, "event": "model_call.start", "query_preview": "What is the mantissa length of an FP4 number in this deck?", "correlation_id": "01KTVP5AQTYQQDE7WG01N9QTCE", "level": "info", "timestamp": "2026-06-11T15:53:15.143363Z"}
Authentication error: Langfuse client initialized without public_key. Client will be disabled. Provide a public_key parameter or set LANGFUSE_PUBLIC_KEY environment variable. 
{"prompt_tag": "assess_relevance@v3", "schema": "RelevanceAssessment", "tokens": 840, "event": "model_call.done", "query_preview": "What is the mantissa length of an FP4 number in this deck?", "correlation_id": "01KTVP5AQTYQQDE7WG01N9QTCE", "level": "info", "timestamp": "2026-06-11T15:53:15.542014Z"}
{"node": "assess_relevance", "responsive": true, "event": "relevance", "query_preview": "What is the mantissa length of an FP4 number in this deck?", "correlation_id": "01KTVP5AQTYQQDE7WG01N9QTCE", "level": "info", "timestamp": "2026-06-11T15:53:15.542084Z"}
{"node": "compose", "event": "start", "query_preview": "What is the mantissa length of an FP4 number in this deck?", "correlation_id": "01KTVP5AQTYQQDE7WG01N9QTCE", "level": "info", "timestamp": "2026-06-11T15:53:15.543402Z"}
Authentication error: Langfuse client initialized without public_key. Client will be disabled. Provide a public_key parameter or set LANGFUSE_PUBLIC_KEY environment variable. 
{"node": "retrieve", "query_len": 60, "event": "start", "query_preview": "What is the NVRTC compile time for hello-world in CUDA 11.0?", "correlation_id": "01KTVP6G0QGSYKCAVSYYR8961J", "level": "info", "timestamp": "2026-06-11T15:53:15.544945Z"}
{"query_len": 60, "k": 50, "event": "hybrid.start", "query_preview": "What is the NVRTC compile time for hello-world in CUDA 11.0?", "correlation_id": "01KTVP6G0QGSYKCAVSYYR8961J", "level": "info", "timestamp": "2026-06-11T15:53:15.544982Z"}
{"query_len": 60, "k": 50, "dense": 50, "bm25": 0, "fused": 50, "term": false, "event": "hybrid.done", "query_preview": "What is the NVRTC compile time for hello-world in CUDA 11.0?", "correlation_id": "01KTVP6G0QGSYKCAVSYYR8961J", "level": "info", "timestamp": "2026-06-11T15:53:15.621164Z"}
{"node": "retrieve", "candidate_count": 50, "event": "done", "query_preview": "What is the NVRTC compile time for hello-world in CUDA 11.0?", "correlation_id": "01KTVP6G0QGSYKCAVSYYR8961J", "level": "info", "timestamp": "2026-06-11T15:53:15.622183Z"}
{"node": "expand_graph", "reason": "disabled_or_empty", "event": "skip", "query_preview": "What is the NVRTC compile time for hello-world in CUDA 11.0?", "correlation_id": "01KTVP6G0QGSYKCAVSYYR8961J", "level": "info", "timestamp": "2026-06-11T15:53:15.623503Z"}
{"node": "rerank", "candidate_count": 50, "event": "start", "query_preview": "What is the NVRTC compile time for hello-world in CUDA 11.0?", "correlation_id": "01KTVP6G0QGSYKCAVSYYR8961J", "level": "info", "timestamp": "2026-06-11T15:53:15.623983Z"}
{"node": "rerank", "top_k": 5, "source": "mode", "event": "top_k_resolved", "query_preview": "What is the NVRTC compile time for hello-world in CUDA 11.0?", "correlation_id": "01KTVP6G0QGSYKCAVSYYR8961J", "level": "info", "timestamp": "2026-06-11T15:53:15.624027Z"}
{"candidates": 50, "top_k": 5, "backend": "cross_encoder", "event": "rerank.start", "query_preview": "What is the NVRTC compile time for hello-world in CUDA 11.0?", "correlation_id": "01KTVP6G0QGSYKCAVSYYR8961J", "level": "info", "timestamp": "2026-06-11T15:53:15.624048Z"}
{"candidates": 50, "top_k": 5, "backend": "cross_encoder", "returned": 5, "event": "rerank.done", "query_preview": "What is the NVRTC compile time for hello-world in CUDA 11.0?", "correlation_id": "01KTVP6G0QGSYKCAVSYYR8961J", "level": "info", "timestamp": "2026-06-11T15:53:53.986565Z"}
{"node": "rerank", "reranked_count": 5, "event": "done", "query_preview": "What is the NVRTC compile time for hello-world in CUDA 11.0?", "correlation_id": "01KTVP6G0QGSYKCAVSYYR8961J", "level": "info", "timestamp": "2026-06-11T15:53:53.986732Z"}
{"node": "query_tables", "reason": "empty_or_not_table_shaped", "event": "skip", "query_preview": "What is the NVRTC compile time for hello-world in CUDA 11.0?", "correlation_id": "01KTVP6G0QGSYKCAVSYYR8961J", "level": "info", "timestamp": "2026-06-11T15:53:53.988625Z"}
{"node": "assess", "reranked_count": 5, "event": "start", "query_preview": "What is the NVRTC compile time for hello-world in CUDA 11.0?", "correlation_id": "01KTVP6G0QGSYKCAVSYYR8961J", "level": "info", "timestamp": "2026-06-11T15:53:53.989565Z"}
{"prompt_tag": "assess_sufficiency@v4", "schema": "SufficiencyAssessment", "model": "cyankiwi/Qwen3.5-4B-AWQ-4bit", "max_tokens": 1024, "temperature": 0.1, "top_p": 0.8, "presence_penalty": 1.0, "seed": 42, "message_count": 1, "event": "model_call.start", "query_preview": "What is the NVRTC compile time for hello-world in CUDA 11.0?", "correlation_id": "01KTVP6G0QGSYKCAVSYYR8961J", "level": "info", "timestamp": "2026-06-11T15:53:53.991168Z"}
Authentication error: Langfuse client initialized without public_key. Client will be disabled. Provide a public_key parameter or set LANGFUSE_PUBLIC_KEY environment variable. 
{"prompt_tag": "assess_sufficiency@v4", "schema": "SufficiencyAssessment", "tokens": 2047, "event": "model_call.done", "query_preview": "What is the NVRTC compile time for hello-world in CUDA 11.0?", "correlation_id": "01KTVP6G0QGSYKCAVSYYR8961J", "level": "info", "timestamp": "2026-06-11T15:53:54.800206Z"}
{"node": "refuse", "event": "start", "query_preview": "What is the NVRTC compile time for hello-world in CUDA 11.0?", "correlation_id": "01KTVP6G0QGSYKCAVSYYR8961J", "level": "info", "timestamp": "2026-06-11T15:53:54.802012Z"}
Authentication error: Langfuse client initialized without public_key. Client will be disabled. Provide a public_key parameter or set LANGFUSE_PUBLIC_KEY environment variable. 
{"node": "retrieve", "query_len": 79, "event": "start", "query_preview": "What is the maximum latency of NVLink C2C between the Grace CPU and Hopper GPU?", "correlation_id": "01KTVP7PBJ60BJ5C9VEESBV2WK", "level": "info", "timestamp": "2026-06-11T15:53:54.803556Z"}
{"query_len": 79, "k": 50, "event": "hybrid.start", "query_preview": "What is the maximum latency of NVLink C2C between the Grace CPU and Hopper GPU?", "correlation_id": "01KTVP7PBJ60BJ5C9VEESBV2WK", "level": "info", "timestamp": "2026-06-11T15:53:54.803602Z"}
{"query_len": 79, "k": 50, "dense": 50, "bm25": 0, "fused": 50, "term": false, "event": "hybrid.done", "query_preview": "What is the maximum latency of NVLink C2C between the Grace CPU and Hopper GPU?", "correlation_id": "01KTVP7PBJ60BJ5C9VEESBV2WK", "level": "info", "timestamp": "2026-06-11T15:53:54.873272Z"}
{"node": "retrieve", "candidate_count": 50, "event": "done", "query_preview": "What is the maximum latency of NVLink C2C between the Grace CPU and Hopper GPU?", "correlation_id": "01KTVP7PBJ60BJ5C9VEESBV2WK", "level": "info", "timestamp": "2026-06-11T15:53:54.874248Z"}
{"node": "expand_graph", "reason": "disabled_or_empty", "event": "skip", "query_preview": "What is the maximum latency of NVLink C2C between the Grace CPU and Hopper GPU?", "correlation_id": "01KTVP7PBJ60BJ5C9VEESBV2WK", "level": "info", "timestamp": "2026-06-11T15:53:54.875609Z"}
{"node": "rerank", "candidate_count": 50, "event": "start", "query_preview": "What is the maximum latency of NVLink C2C between the Grace CPU and Hopper GPU?", "correlation_id": "01KTVP7PBJ60BJ5C9VEESBV2WK", "level": "info", "timestamp": "2026-06-11T15:53:54.876100Z"}
{"node": "rerank", "top_k": 5, "source": "mode", "event": "top_k_resolved", "query_preview": "What is the maximum latency of NVLink C2C between the Grace CPU and Hopper GPU?", "correlation_id": "01KTVP7PBJ60BJ5C9VEESBV2WK", "level": "info", "timestamp": "2026-06-11T15:53:54.876147Z"}
{"candidates": 50, "top_k": 5, "backend": "cross_encoder", "event": "rerank.start", "query_preview": "What is the maximum latency of NVLink C2C between the Grace CPU and Hopper GPU?", "correlation_id": "01KTVP7PBJ60BJ5C9VEESBV2WK", "level": "info", "timestamp": "2026-06-11T15:53:54.876169Z"}
{"candidates": 50, "top_k": 5, "backend": "cross_encoder", "returned": 5, "event": "rerank.done", "query_preview": "What is the maximum latency of NVLink C2C between the Grace CPU and Hopper GPU?", "correlation_id": "01KTVP7PBJ60BJ5C9VEESBV2WK", "level": "info", "timestamp": "2026-06-11T15:54:24.950728Z"}
{"node": "rerank", "reranked_count": 5, "event": "done", "query_preview": "What is the maximum latency of NVLink C2C between the Grace CPU and Hopper GPU?", "correlation_id": "01KTVP7PBJ60BJ5C9VEESBV2WK", "level": "info", "timestamp": "2026-06-11T15:54:24.950805Z"}
{"prompt_tag": "generate_table_sql@v1", "schema": "GeneratedSQL", "model": "cyankiwi/Qwen3.5-4B-AWQ-4bit", "max_tokens": 1024, "temperature": 0.1, "top_p": 0.8, "presence_penalty": 1.0, "seed": 42, "message_count": 1, "event": "model_call.start", "query_preview": "What is the maximum latency of NVLink C2C between the Grace CPU and Hopper GPU?", "correlation_id": "01KTVP7PBJ60BJ5C9VEESBV2WK", "level": "info", "timestamp": "2026-06-11T15:54:24.956155Z"}
Authentication error: Langfuse client initialized without public_key. Client will be disabled. Provide a public_key parameter or set LANGFUSE_PUBLIC_KEY environment variable. 
{"prompt_tag": "generate_table_sql@v1", "schema": "GeneratedSQL", "tokens": 957, "event": "model_call.done", "query_preview": "What is the maximum latency of NVLink C2C between the Grace CPU and Hopper GPU?", "correlation_id": "01KTVP7PBJ60BJ5C9VEESBV2WK", "level": "info", "timestamp": "2026-06-11T15:54:25.578299Z"}
{"node": "query_doc_tables", "sql": "SELECT MAX(latency__num) FROM b1dc7c041c", "target": "b1dc7c041c", "event": "table_sql.generated", "query_preview": "What is the maximum latency of NVLink C2C between the Grace CPU and Hopper GPU?", "correlation_id": "01KTVP7PBJ60BJ5C9VEESBV2WK", "level": "info", "timestamp": "2026-06-11T15:54:25.578354Z"}
{"node": "query_doc_tables", "target": "b1dc7c041c", "event": "table_sql.no_result", "query_preview": "What is the maximum latency of NVLink C2C between the Grace CPU and Hopper GPU?", "correlation_id": "01KTVP7PBJ60BJ5C9VEESBV2WK", "level": "info", "timestamp": "2026-06-11T15:54:25.578821Z"}
{"node": "query_tables", "event": "no_table_answer", "query_preview": "What is the maximum latency of NVLink C2C between the Grace CPU and Hopper GPU?", "correlation_id": "01KTVP7PBJ60BJ5C9VEESBV2WK", "level": "info", "timestamp": "2026-06-11T15:54:25.579123Z"}
{"node": "assess", "reranked_count": 5, "event": "start", "query_preview": "What is the maximum latency of NVLink C2C between the Grace CPU and Hopper GPU?", "correlation_id": "01KTVP7PBJ60BJ5C9VEESBV2WK", "level": "info", "timestamp": "2026-06-11T15:54:25.579915Z"}
{"prompt_tag": "assess_sufficiency@v4", "schema": "SufficiencyAssessment", "model": "cyankiwi/Qwen3.5-4B-AWQ-4bit", "max_tokens": 1024, "temperature": 0.1, "top_p": 0.8, "presence_penalty": 1.0, "seed": 42, "message_count": 1, "event": "model_call.start", "query_preview": "What is the maximum latency of NVLink C2C between the Grace CPU and Hopper GPU?", "correlation_id": "01KTVP7PBJ60BJ5C9VEESBV2WK", "level": "info", "timestamp": "2026-06-11T15:54:25.581258Z"}
Authentication error: Langfuse client initialized without public_key. Client will be disabled. Provide a public_key parameter or set LANGFUSE_PUBLIC_KEY environment variable. 
{"prompt_tag": "assess_sufficiency@v4", "schema": "SufficiencyAssessment", "tokens": 1559, "event": "model_call.done", "query_preview": "What is the maximum latency of NVLink C2C between the Grace CPU and Hopper GPU?", "correlation_id": "01KTVP7PBJ60BJ5C9VEESBV2WK", "level": "info", "timestamp": "2026-06-11T15:54:26.299973Z"}
{"node": "answer", "regenerate_attempt": 0, "event": "start", "query_preview": "What is the maximum latency of NVLink C2C between the Grace CPU and Hopper GPU?", "correlation_id": "01KTVP7PBJ60BJ5C9VEESBV2WK", "level": "info", "timestamp": "2026-06-11T15:54:26.301512Z"}
{"prompt_tag": "answer@v5", "schema": "DraftAnswer", "model": "cyankiwi/Qwen3.5-4B-AWQ-4bit", "max_tokens": 1800, "temperature": 0.1, "top_p": 0.8, "presence_penalty": 1.0, "seed": 42, "message_count": 2, "event": "model_call.start", "query_preview": "What is the maximum latency of NVLink C2C between the Grace CPU and Hopper GPU?", "correlation_id": "01KTVP7PBJ60BJ5C9VEESBV2WK", "level": "info", "timestamp": "2026-06-11T15:54:26.304007Z"}
Authentication error: Langfuse client initialized without public_key. Client will be disabled. Provide a public_key parameter or set LANGFUSE_PUBLIC_KEY environment variable. 
{"prompt_tag": "answer@v5", "schema": "DraftAnswer", "tokens": 3157, "event": "model_call.done", "query_preview": "What is the maximum latency of NVLink C2C between the Grace CPU and Hopper GPU?", "correlation_id": "01KTVP7PBJ60BJ5C9VEESBV2WK", "level": "info", "timestamp": "2026-06-11T15:54:27.367535Z"}
{"node": "verify", "claim_count": 0, "event": "start", "query_preview": "What is the maximum latency of NVLink C2C between the Grace CPU and Hopper GPU?", "correlation_id": "01KTVP7PBJ60BJ5C9VEESBV2WK", "level": "info", "timestamp": "2026-06-11T15:54:27.368550Z"}
{"node": "verify", "event": "empty_draft_shortcircuit", "query_preview": "What is the maximum latency of NVLink C2C between the Grace CPU and Hopper GPU?", "correlation_id": "01KTVP7PBJ60BJ5C9VEESBV2WK", "level": "info", "timestamp": "2026-06-11T15:54:27.368601Z"}
{"node": "assess_relevance", "event": "start", "query_preview": "What is the maximum latency of NVLink C2C between the Grace CPU and Hopper GPU?", "correlation_id": "01KTVP7PBJ60BJ5C9VEESBV2WK", "level": "info", "timestamp": "2026-06-11T15:54:27.369827Z"}
{"prompt_tag": "assess_relevance@v3", "schema": "RelevanceAssessment", "model": "cyankiwi/Qwen3.5-4B-AWQ-4bit", "max_tokens": 1024, "temperature": 0.1, "top_p": 0.8, "presence_penalty": 1.0, "seed": 42, "message_count": 1, "event": "model_call.start", "query_preview": "What is the maximum latency of NVLink C2C between the Grace CPU and Hopper GPU?", "correlation_id": "01KTVP7PBJ60BJ5C9VEESBV2WK", "level": "info", "timestamp": "2026-06-11T15:54:27.370868Z"}
Authentication error: Langfuse client initialized without public_key. Client will be disabled. Provide a public_key parameter or set LANGFUSE_PUBLIC_KEY environment variable. 
{"prompt_tag": "assess_relevance@v3", "schema": "RelevanceAssessment", "tokens": 886, "event": "model_call.done", "query_preview": "What is the maximum latency of NVLink C2C between the Grace CPU and Hopper GPU?", "correlation_id": "01KTVP7PBJ60BJ5C9VEESBV2WK", "level": "info", "timestamp": "2026-06-11T15:54:27.839861Z"}
{"node": "assess_relevance", "responsive": true, "event": "relevance", "query_preview": "What is the maximum latency of NVLink C2C between the Grace CPU and Hopper GPU?", "correlation_id": "01KTVP7PBJ60BJ5C9VEESBV2WK", "level": "info", "timestamp": "2026-06-11T15:54:27.839913Z"}
{"node": "compose", "event": "start", "query_preview": "What is the maximum latency of NVLink C2C between the Grace CPU and Hopper GPU?", "correlation_id": "01KTVP7PBJ60BJ5C9VEESBV2WK", "level": "info", "timestamp": "2026-06-11T15:54:27.841432Z"}
Authentication error: Langfuse client initialized without public_key. Client will be disabled. Provide a public_key parameter or set LANGFUSE_PUBLIC_KEY environment variable. 
{"node": "retrieve", "query_len": 69, "event": "start", "query_preview": "What is the thermal design power of the NVIDIA H100 reference design?", "correlation_id": "01KTVP8PM11GY5EXXX24E97KX6", "level": "info", "timestamp": "2026-06-11T15:54:27.842970Z"}
{"query_len": 69, "k": 50, "event": "hybrid.start", "query_preview": "What is the thermal design power of the NVIDIA H100 reference design?", "correlation_id": "01KTVP8PM11GY5EXXX24E97KX6", "level": "info", "timestamp": "2026-06-11T15:54:27.843002Z"}
{"query_len": 69, "k": 50, "dense": 50, "bm25": 0, "fused": 50, "term": false, "event": "hybrid.done", "query_preview": "What is the thermal design power of the NVIDIA H100 reference design?", "correlation_id": "01KTVP8PM11GY5EXXX24E97KX6", "level": "info", "timestamp": "2026-06-11T15:54:27.911346Z"}
{"node": "retrieve", "candidate_count": 50, "event": "done", "query_preview": "What is the thermal design power of the NVIDIA H100 reference design?", "correlation_id": "01KTVP8PM11GY5EXXX24E97KX6", "level": "info", "timestamp": "2026-06-11T15:54:27.912356Z"}
{"node": "expand_graph", "reason": "disabled_or_empty", "event": "skip", "query_preview": "What is the thermal design power of the NVIDIA H100 reference design?", "correlation_id": "01KTVP8PM11GY5EXXX24E97KX6", "level": "info", "timestamp": "2026-06-11T15:54:27.913809Z"}
{"node": "rerank", "candidate_count": 50, "event": "start", "query_preview": "What is the thermal design power of the NVIDIA H100 reference design?", "correlation_id": "01KTVP8PM11GY5EXXX24E97KX6", "level": "info", "timestamp": "2026-06-11T15:54:27.914294Z"}
{"node": "rerank", "top_k": 5, "source": "mode", "event": "top_k_resolved", "query_preview": "What is the thermal design power of the NVIDIA H100 reference design?", "correlation_id": "01KTVP8PM11GY5EXXX24E97KX6", "level": "info", "timestamp": "2026-06-11T15:54:27.914342Z"}
{"candidates": 50, "top_k": 5, "backend": "cross_encoder", "event": "rerank.start", "query_preview": "What is the thermal design power of the NVIDIA H100 reference design?", "correlation_id": "01KTVP8PM11GY5EXXX24E97KX6", "level": "info", "timestamp": "2026-06-11T15:54:27.914362Z"}
{"candidates": 50, "top_k": 5, "backend": "cross_encoder", "returned": 5, "event": "rerank.done", "query_preview": "What is the thermal design power of the NVIDIA H100 reference design?", "correlation_id": "01KTVP8PM11GY5EXXX24E97KX6", "level": "info", "timestamp": "2026-06-11T15:55:23.187302Z"}
{"node": "rerank", "reranked_count": 5, "event": "done", "query_preview": "What is the thermal design power of the NVIDIA H100 reference design?", "correlation_id": "01KTVP8PM11GY5EXXX24E97KX6", "level": "info", "timestamp": "2026-06-11T15:55:23.187379Z"}
{"node": "query_tables", "reason": "empty_or_not_table_shaped", "event": "skip", "query_preview": "What is the thermal design power of the NVIDIA H100 reference design?", "correlation_id": "01KTVP8PM11GY5EXXX24E97KX6", "level": "info", "timestamp": "2026-06-11T15:55:23.189506Z"}
{"node": "assess", "reranked_count": 5, "event": "start", "query_preview": "What is the thermal design power of the NVIDIA H100 reference design?", "correlation_id": "01KTVP8PM11GY5EXXX24E97KX6", "level": "info", "timestamp": "2026-06-11T15:55:23.190376Z"}
{"prompt_tag": "assess_sufficiency@v4", "schema": "SufficiencyAssessment", "model": "cyankiwi/Qwen3.5-4B-AWQ-4bit", "max_tokens": 1024, "temperature": 0.1, "top_p": 0.8, "presence_penalty": 1.0, "seed": 42, "message_count": 1, "event": "model_call.start", "query_preview": "What is the thermal design power of the NVIDIA H100 reference design?", "correlation_id": "01KTVP8PM11GY5EXXX24E97KX6", "level": "info", "timestamp": "2026-06-11T15:55:23.192894Z"}
Authentication error: Langfuse client initialized without public_key. Client will be disabled. Provide a public_key parameter or set LANGFUSE_PUBLIC_KEY environment variable. 
{"prompt_tag": "assess_sufficiency@v4", "schema": "SufficiencyAssessment", "tokens": 2840, "event": "model_call.done", "query_preview": "What is the thermal design power of the NVIDIA H100 reference design?", "correlation_id": "01KTVP8PM11GY5EXXX24E97KX6", "level": "info", "timestamp": "2026-06-11T15:55:24.106080Z"}
{"node": "refuse", "event": "start", "query_preview": "What is the thermal design power of the NVIDIA H100 reference design?", "correlation_id": "01KTVP8PM11GY5EXXX24E97KX6", "level": "info", "timestamp": "2026-06-11T15:55:24.107894Z"}
Authentication error: Langfuse client initialized without public_key. Client will be disabled. Provide a public_key parameter or set LANGFUSE_PUBLIC_KEY environment variable. 
{"node": "retrieve", "query_len": 102, "event": "start", "query_preview": "What programming language must I use to write CUDA kernels \u2014 only C++, or are ot", "correlation_id": "01KTVPADJCWZ7W4C3VDYPPJSHP", "level": "info", "timestamp": "2026-06-11T15:55:24.109872Z"}
{"query_len": 102, "k": 50, "event": "hybrid.start", "query_preview": "What programming language must I use to write CUDA kernels \u2014 only C++, or are ot", "correlation_id": "01KTVPADJCWZ7W4C3VDYPPJSHP", "level": "info", "timestamp": "2026-06-11T15:55:24.109927Z"}
{"query_len": 102, "k": 50, "dense": 50, "bm25": 0, "fused": 50, "term": false, "event": "hybrid.done", "query_preview": "What programming language must I use to write CUDA kernels \u2014 only C++, or are ot", "correlation_id": "01KTVPADJCWZ7W4C3VDYPPJSHP", "level": "info", "timestamp": "2026-06-11T15:55:24.214361Z"}
{"node": "retrieve", "candidate_count": 50, "event": "done", "query_preview": "What programming language must I use to write CUDA kernels \u2014 only C++, or are ot", "correlation_id": "01KTVPADJCWZ7W4C3VDYPPJSHP", "level": "info", "timestamp": "2026-06-11T15:55:24.215341Z"}
{"node": "expand_graph", "reason": "disabled_or_empty", "event": "skip", "query_preview": "What programming language must I use to write CUDA kernels \u2014 only C++, or are ot", "correlation_id": "01KTVPADJCWZ7W4C3VDYPPJSHP", "level": "info", "timestamp": "2026-06-11T15:55:24.216692Z"}
{"node": "rerank", "candidate_count": 50, "event": "start", "query_preview": "What programming language must I use to write CUDA kernels \u2014 only C++, or are ot", "correlation_id": "01KTVPADJCWZ7W4C3VDYPPJSHP", "level": "info", "timestamp": "2026-06-11T15:55:24.217203Z"}
{"node": "rerank", "top_k": 5, "source": "mode", "event": "top_k_resolved", "query_preview": "What programming language must I use to write CUDA kernels \u2014 only C++, or are ot", "correlation_id": "01KTVPADJCWZ7W4C3VDYPPJSHP", "level": "info", "timestamp": "2026-06-11T15:55:24.217250Z"}
{"candidates": 50, "top_k": 5, "backend": "cross_encoder", "event": "rerank.start", "query_preview": "What programming language must I use to write CUDA kernels \u2014 only C++, or are ot", "correlation_id": "01KTVPADJCWZ7W4C3VDYPPJSHP", "level": "info", "timestamp": "2026-06-11T15:55:24.217272Z"}
{"candidates": 50, "top_k": 5, "backend": "cross_encoder", "returned": 5, "event": "rerank.done", "query_preview": "What programming language must I use to write CUDA kernels \u2014 only C++, or are ot", "correlation_id": "01KTVPADJCWZ7W4C3VDYPPJSHP", "level": "info", "timestamp": "2026-06-11T15:55:54.884600Z"}
{"node": "rerank", "reranked_count": 5, "event": "done", "query_preview": "What programming language must I use to write CUDA kernels \u2014 only C++, or are ot", "correlation_id": "01KTVPADJCWZ7W4C3VDYPPJSHP", "level": "info", "timestamp": "2026-06-11T15:55:54.884720Z"}
{"node": "query_tables", "reason": "empty_or_not_table_shaped", "event": "skip", "query_preview": "What programming language must I use to write CUDA kernels \u2014 only C++, or are ot", "correlation_id": "01KTVPADJCWZ7W4C3VDYPPJSHP", "level": "info", "timestamp": "2026-06-11T15:55:54.887314Z"}
{"node": "assess", "reranked_count": 5, "event": "start", "query_preview": "What programming language must I use to write CUDA kernels \u2014 only C++, or are ot", "correlation_id": "01KTVPADJCWZ7W4C3VDYPPJSHP", "level": "info", "timestamp": "2026-06-11T15:55:54.888284Z"}
{"prompt_tag": "assess_sufficiency@v4", "schema": "SufficiencyAssessment", "model": "cyankiwi/Qwen3.5-4B-AWQ-4bit", "max_tokens": 1024, "temperature": 0.1, "top_p": 0.8, "presence_penalty": 1.0, "seed": 42, "message_count": 1, "event": "model_call.start", "query_preview": "What programming language must I use to write CUDA kernels \u2014 only C++, or are ot", "correlation_id": "01KTVPADJCWZ7W4C3VDYPPJSHP", "level": "info", "timestamp": "2026-06-11T15:55:54.891364Z"}
Authentication error: Langfuse client initialized without public_key. Client will be disabled. Provide a public_key parameter or set LANGFUSE_PUBLIC_KEY environment variable. 
{"prompt_tag": "assess_sufficiency@v4", "schema": "SufficiencyAssessment", "tokens": 1316, "event": "model_call.done", "query_preview": "What programming language must I use to write CUDA kernels \u2014 only C++, or are ot", "correlation_id": "01KTVPADJCWZ7W4C3VDYPPJSHP", "level": "info", "timestamp": "2026-06-11T15:55:55.482443Z"}
{"node": "answer", "regenerate_attempt": 0, "event": "start", "query_preview": "What programming language must I use to write CUDA kernels \u2014 only C++, or are ot", "correlation_id": "01KTVPADJCWZ7W4C3VDYPPJSHP", "level": "info", "timestamp": "2026-06-11T15:55:55.483976Z"}
{"prompt_tag": "answer@v5", "schema": "DraftAnswer", "model": "cyankiwi/Qwen3.5-4B-AWQ-4bit", "max_tokens": 1800, "temperature": 0.1, "top_p": 0.8, "presence_penalty": 1.0, "seed": 42, "message_count": 2, "event": "model_call.start", "query_preview": "What programming language must I use to write CUDA kernels \u2014 only C++, or are ot", "correlation_id": "01KTVPADJCWZ7W4C3VDYPPJSHP", "level": "info", "timestamp": "2026-06-11T15:55:55.486050Z"}
Authentication error: Langfuse client initialized without public_key. Client will be disabled. Provide a public_key parameter or set LANGFUSE_PUBLIC_KEY environment variable. 
{"prompt_tag": "answer@v5", "schema": "DraftAnswer", "tokens": 3075, "event": "model_call.done", "query_preview": "What programming language must I use to write CUDA kernels \u2014 only C++, or are ot", "correlation_id": "01KTVPADJCWZ7W4C3VDYPPJSHP", "level": "info", "timestamp": "2026-06-11T15:55:57.824738Z"}
{"node": "verify", "claim_count": 2, "event": "start", "query_preview": "What programming language must I use to write CUDA kernels \u2014 only C++, or are ot", "correlation_id": "01KTVPADJCWZ7W4C3VDYPPJSHP", "level": "info", "timestamp": "2026-06-11T15:55:57.825859Z"}
{"prompt_tag": "verify_grounding@v2", "schema": "VerificationResult", "model": "cyankiwi/Qwen3.5-4B-AWQ-4bit", "max_tokens": 1024, "temperature": 0.1, "top_p": 0.8, "presence_penalty": 1.0, "seed": 42, "message_count": 1, "event": "model_call.start", "query_preview": "What programming language must I use to write CUDA kernels \u2014 only C++, or are ot", "correlation_id": "01KTVPADJCWZ7W4C3VDYPPJSHP", "level": "info", "timestamp": "2026-06-11T15:55:57.830125Z"}
Authentication error: Langfuse client initialized without public_key. Client will be disabled. Provide a public_key parameter or set LANGFUSE_PUBLIC_KEY environment variable. 
{"prompt_tag": "verify_grounding@v2", "schema": "VerificationResult", "tokens": 1319, "event": "model_call.done", "query_preview": "What programming language must I use to write CUDA kernels \u2014 only C++, or are ot", "correlation_id": "01KTVPADJCWZ7W4C3VDYPPJSHP", "level": "info", "timestamp": "2026-06-11T15:55:58.237903Z"}
{"node": "assess_relevance", "event": "start", "query_preview": "What programming language must I use to write CUDA kernels \u2014 only C++, or are ot", "correlation_id": "01KTVPADJCWZ7W4C3VDYPPJSHP", "level": "info", "timestamp": "2026-06-11T15:55:58.239557Z"}
{"prompt_tag": "assess_relevance@v3", "schema": "RelevanceAssessment", "model": "cyankiwi/Qwen3.5-4B-AWQ-4bit", "max_tokens": 1024, "temperature": 0.1, "top_p": 0.8, "presence_penalty": 1.0, "seed": 42, "message_count": 1, "event": "model_call.start", "query_preview": "What programming language must I use to write CUDA kernels \u2014 only C++, or are ot", "correlation_id": "01KTVPADJCWZ7W4C3VDYPPJSHP", "level": "info", "timestamp": "2026-06-11T15:55:58.241016Z"}
Authentication error: Langfuse client initialized without public_key. Client will be disabled. Provide a public_key parameter or set LANGFUSE_PUBLIC_KEY environment variable. 
{"prompt_tag": "assess_relevance@v3", "schema": "RelevanceAssessment", "tokens": 875, "event": "model_call.done", "query_preview": "What programming language must I use to write CUDA kernels \u2014 only C++, or are ot", "correlation_id": "01KTVPADJCWZ7W4C3VDYPPJSHP", "level": "info", "timestamp": "2026-06-11T15:55:58.601802Z"}
{"node": "assess_relevance", "responsive": true, "event": "relevance", "query_preview": "What programming language must I use to write CUDA kernels \u2014 only C++, or are ot", "correlation_id": "01KTVPADJCWZ7W4C3VDYPPJSHP", "level": "info", "timestamp": "2026-06-11T15:55:58.601868Z"}
{"node": "compose", "event": "start", "query_preview": "What programming language must I use to write CUDA kernels \u2014 only C++, or are ot", "correlation_id": "01KTVPADJCWZ7W4C3VDYPPJSHP", "level": "info", "timestamp": "2026-06-11T15:55:58.603564Z"}
Authentication error: Langfuse client initialized without public_key. Client will be disabled. Provide a public_key parameter or set LANGFUSE_PUBLIC_KEY environment variable. 
{"node": "retrieve", "query_len": 81, "event": "start", "query_preview": "What four design principles does the nvmath-python architecture figure highlight", "correlation_id": "01KTVPBF8CRTJK8QJ4GE4P6F14", "level": "info", "timestamp": "2026-06-11T15:55:58.605417Z"}
{"query_len": 81, "k": 50, "event": "hybrid.start", "query_preview": "What four design principles does the nvmath-python architecture figure highlight", "correlation_id": "01KTVPBF8CRTJK8QJ4GE4P6F14", "level": "info", "timestamp": "2026-06-11T15:55:58.605460Z"}
{"query_len": 81, "k": 50, "dense": 50, "bm25": 0, "fused": 50, "term": false, "event": "hybrid.done", "query_preview": "What four design principles does the nvmath-python architecture figure highlight", "correlation_id": "01KTVPBF8CRTJK8QJ4GE4P6F14", "level": "info", "timestamp": "2026-06-11T15:55:58.684657Z"}
{"node": "retrieve", "candidate_count": 50, "event": "done", "query_preview": "What four design principles does the nvmath-python architecture figure highlight", "correlation_id": "01KTVPBF8CRTJK8QJ4GE4P6F14", "level": "info", "timestamp": "2026-06-11T15:55:58.685617Z"}
{"query_len": 81, "doc_ids": 1, "k": 50, "event": "hybrid_in_docs.start", "query_preview": "What four design principles does the nvmath-python architecture figure highlight", "correlation_id": "01KTVPBF8CRTJK8QJ4GE4P6F14", "level": "info", "timestamp": "2026-06-11T15:55:58.718764Z"}
{"query_len": 81, "doc_ids": 1, "k": 50, "dense": 50, "bm25": 0, "fused": 50, "term": false, "event": "hybrid_in_docs.done", "query_preview": "What four design principles does the nvmath-python architecture figure highlight", "correlation_id": "01KTVPBF8CRTJK8QJ4GE4P6F14", "level": "info", "timestamp": "2026-06-11T15:55:58.810506Z"}
{"node": "resolve_artifact_scope", "via": "dominant", "arttype": "figure", "doc_ids": ["2f96ae1c-s62400-cuda-new-features-and-beyond-171114580640"], "scoped_count": 50, "replaced_from": 50, "event": "scoped", "query_preview": "What four design principles does the nvmath-python architecture figure highlight", "correlation_id": "01KTVPBF8CRTJK8QJ4GE4P6F14", "level": "info", "timestamp": "2026-06-11T15:55:58.811479Z"}
{"node": "expand_graph", "reason": "disabled_or_empty", "event": "skip", "query_preview": "What four design principles does the nvmath-python architecture figure highlight", "correlation_id": "01KTVPBF8CRTJK8QJ4GE4P6F14", "level": "info", "timestamp": "2026-06-11T15:55:58.812189Z"}
{"node": "rerank", "candidate_count": 50, "event": "start", "query_preview": "What four design principles does the nvmath-python architecture figure highlight", "correlation_id": "01KTVPBF8CRTJK8QJ4GE4P6F14", "level": "info", "timestamp": "2026-06-11T15:55:58.812658Z"}
{"node": "rerank", "top_k": 5, "source": "mode", "event": "top_k_resolved", "query_preview": "What four design principles does the nvmath-python architecture figure highlight", "correlation_id": "01KTVPBF8CRTJK8QJ4GE4P6F14", "level": "info", "timestamp": "2026-06-11T15:55:58.812697Z"}
{"candidates": 50, "top_k": 5, "backend": "cross_encoder", "event": "rerank.start", "query_preview": "What four design principles does the nvmath-python architecture figure highlight", "correlation_id": "01KTVPBF8CRTJK8QJ4GE4P6F14", "level": "info", "timestamp": "2026-06-11T15:55:58.812715Z"}
{"candidates": 50, "top_k": 5, "backend": "cross_encoder", "returned": 5, "event": "rerank.done", "query_preview": "What four design principles does the nvmath-python architecture figure highlight", "correlation_id": "01KTVPBF8CRTJK8QJ4GE4P6F14", "level": "info", "timestamp": "2026-06-11T15:56:26.559761Z"}
{"node": "rerank", "reranked_count": 5, "event": "done", "query_preview": "What four design principles does the nvmath-python architecture figure highlight", "correlation_id": "01KTVPBF8CRTJK8QJ4GE4P6F14", "level": "info", "timestamp": "2026-06-11T15:56:26.559841Z"}
{"node": "query_tables", "reason": "empty_or_not_table_shaped", "event": "skip", "query_preview": "What four design principles does the nvmath-python architecture figure highlight", "correlation_id": "01KTVPBF8CRTJK8QJ4GE4P6F14", "level": "info", "timestamp": "2026-06-11T15:56:26.561407Z"}
{"node": "assess", "reranked_count": 5, "event": "start", "query_preview": "What four design principles does the nvmath-python architecture figure highlight", "correlation_id": "01KTVPBF8CRTJK8QJ4GE4P6F14", "level": "info", "timestamp": "2026-06-11T15:56:26.561987Z"}
{"prompt_tag": "assess_sufficiency@v4", "schema": "SufficiencyAssessment", "model": "cyankiwi/Qwen3.5-4B-AWQ-4bit", "max_tokens": 1024, "temperature": 0.1, "top_p": 0.8, "presence_penalty": 1.0, "seed": 42, "message_count": 1, "event": "model_call.start", "query_preview": "What four design principles does the nvmath-python architecture figure highlight", "correlation_id": "01KTVPBF8CRTJK8QJ4GE4P6F14", "level": "info", "timestamp": "2026-06-11T15:56:26.563684Z"}
Authentication error: Langfuse client initialized without public_key. Client will be disabled. Provide a public_key parameter or set LANGFUSE_PUBLIC_KEY environment variable. 
{"prompt_tag": "assess_sufficiency@v4", "schema": "SufficiencyAssessment", "tokens": 1307, "event": "model_call.done", "query_preview": "What four design principles does the nvmath-python architecture figure highlight", "correlation_id": "01KTVPBF8CRTJK8QJ4GE4P6F14", "level": "info", "timestamp": "2026-06-11T15:56:27.242086Z"}
{"node": "answer", "regenerate_attempt": 0, "event": "start", "query_preview": "What four design principles does the nvmath-python architecture figure highlight", "correlation_id": "01KTVPBF8CRTJK8QJ4GE4P6F14", "level": "info", "timestamp": "2026-06-11T15:56:27.243590Z"}
{"prompt_tag": "answer@v5", "schema": "DraftAnswer", "model": "cyankiwi/Qwen3.5-4B-AWQ-4bit", "max_tokens": 1800, "temperature": 0.1, "top_p": 0.8, "presence_penalty": 1.0, "seed": 42, "message_count": 2, "event": "model_call.start", "query_preview": "What four design principles does the nvmath-python architecture figure highlight", "correlation_id": "01KTVPBF8CRTJK8QJ4GE4P6F14", "level": "info", "timestamp": "2026-06-11T15:56:27.245551Z"}
Authentication error: Langfuse client initialized without public_key. Client will be disabled. Provide a public_key parameter or set LANGFUSE_PUBLIC_KEY environment variable. 
{"prompt_tag": "answer@v5", "schema": "DraftAnswer", "tokens": 2899, "event": "model_call.done", "query_preview": "What four design principles does the nvmath-python architecture figure highlight", "correlation_id": "01KTVPBF8CRTJK8QJ4GE4P6F14", "level": "info", "timestamp": "2026-06-11T15:56:28.183623Z"}
{"node": "verify", "claim_count": 0, "event": "start", "query_preview": "What four design principles does the nvmath-python architecture figure highlight", "correlation_id": "01KTVPBF8CRTJK8QJ4GE4P6F14", "level": "info", "timestamp": "2026-06-11T15:56:28.184475Z"}
{"node": "verify", "event": "empty_draft_shortcircuit", "query_preview": "What four design principles does the nvmath-python architecture figure highlight", "correlation_id": "01KTVPBF8CRTJK8QJ4GE4P6F14", "level": "info", "timestamp": "2026-06-11T15:56:28.184510Z"}
{"node": "assess_relevance", "event": "start", "query_preview": "What four design principles does the nvmath-python architecture figure highlight", "correlation_id": "01KTVPBF8CRTJK8QJ4GE4P6F14", "level": "info", "timestamp": "2026-06-11T15:56:28.185396Z"}
{"prompt_tag": "assess_relevance@v3", "schema": "RelevanceAssessment", "model": "cyankiwi/Qwen3.5-4B-AWQ-4bit", "max_tokens": 1024, "temperature": 0.1, "top_p": 0.8, "presence_penalty": 1.0, "seed": 42, "message_count": 1, "event": "model_call.start", "query_preview": "What four design principles does the nvmath-python architecture figure highlight", "correlation_id": "01KTVPBF8CRTJK8QJ4GE4P6F14", "level": "info", "timestamp": "2026-06-11T15:56:28.186376Z"}
Authentication error: Langfuse client initialized without public_key. Client will be disabled. Provide a public_key parameter or set LANGFUSE_PUBLIC_KEY environment variable. 
{"prompt_tag": "assess_relevance@v3", "schema": "RelevanceAssessment", "tokens": 871, "event": "model_call.done", "query_preview": "What four design principles does the nvmath-python architecture figure highlight", "correlation_id": "01KTVPBF8CRTJK8QJ4GE4P6F14", "level": "info", "timestamp": "2026-06-11T15:56:28.659014Z"}
{"node": "assess_relevance", "responsive": false, "event": "relevance", "query_preview": "What four design principles does the nvmath-python architecture figure highlight", "correlation_id": "01KTVPBF8CRTJK8QJ4GE4P6F14", "level": "info", "timestamp": "2026-06-11T15:56:28.659103Z"}
{"node": "refuse", "event": "start", "query_preview": "What four design principles does the nvmath-python architecture figure highlight", "correlation_id": "01KTVPBF8CRTJK8QJ4GE4P6F14", "level": "info", "timestamp": "2026-06-11T15:56:28.660485Z"}
Authentication error: Langfuse client initialized without public_key. Client will be disabled. Provide a public_key parameter or set LANGFUSE_PUBLIC_KEY environment variable. 
{"node": "retrieve", "query_len": 115, "event": "start", "query_preview": "What duration is shown for the CameraGestureBase_accumulate_values operation in ", "correlation_id": "01KTVPCCKNGM202P6J90PX2G9F", "level": "info", "timestamp": "2026-06-11T15:56:28.662437Z"}
{"query_len": 115, "k": 50, "event": "hybrid.start", "query_preview": "What duration is shown for the CameraGestureBase_accumulate_values operation in ", "correlation_id": "01KTVPCCKNGM202P6J90PX2G9F", "level": "info", "timestamp": "2026-06-11T15:56:28.662484Z"}
{"query_len": 115, "k": 50, "dense": 50, "bm25": 50, "fused": 50, "term": true, "event": "hybrid.done", "query_preview": "What duration is shown for the CameraGestureBase_accumulate_values operation in ", "correlation_id": "01KTVPCCKNGM202P6J90PX2G9F", "level": "info", "timestamp": "2026-06-11T15:56:28.748648Z"}
{"node": "retrieve", "candidate_count": 50, "event": "done", "query_preview": "What duration is shown for the CameraGestureBase_accumulate_values operation in ", "correlation_id": "01KTVPCCKNGM202P6J90PX2G9F", "level": "info", "timestamp": "2026-06-11T15:56:28.749657Z"}
{"query_len": 115, "doc_ids": 1, "k": 50, "event": "hybrid_in_docs.start", "query_preview": "What duration is shown for the CameraGestureBase_accumulate_values operation in ", "correlation_id": "01KTVPCCKNGM202P6J90PX2G9F", "level": "info", "timestamp": "2026-06-11T15:56:28.753541Z"}
{"query_len": 115, "doc_ids": 1, "k": 50, "dense": 50, "bm25": 32, "fused": 50, "term": true, "event": "hybrid_in_docs.done", "query_preview": "What duration is shown for the CameraGestureBase_accumulate_values operation in ", "correlation_id": "01KTVPCCKNGM202P6J90PX2G9F", "level": "info", "timestamp": "2026-06-11T15:56:28.820507Z"}
{"node": "resolve_artifact_scope", "via": "dominant", "arttype": "figure", "doc_ids": ["2f96ae1c-s62400-cuda-new-features-and-beyond-171114580640"], "scoped_count": 50, "replaced_from": 50, "event": "scoped", "query_preview": "What duration is shown for the CameraGestureBase_accumulate_values operation in ", "correlation_id": "01KTVPCCKNGM202P6J90PX2G9F", "level": "info", "timestamp": "2026-06-11T15:56:28.820591Z"}
{"node": "expand_graph", "reason": "disabled_or_empty", "event": "skip", "query_preview": "What duration is shown for the CameraGestureBase_accumulate_values operation in ", "correlation_id": "01KTVPCCKNGM202P6J90PX2G9F", "level": "info", "timestamp": "2026-06-11T15:56:28.821376Z"}
{"node": "rerank", "candidate_count": 50, "event": "start", "query_preview": "What duration is shown for the CameraGestureBase_accumulate_values operation in ", "correlation_id": "01KTVPCCKNGM202P6J90PX2G9F", "level": "info", "timestamp": "2026-06-11T15:56:28.821893Z"}
{"node": "rerank", "top_k": 5, "source": "mode", "event": "top_k_resolved", "query_preview": "What duration is shown for the CameraGestureBase_accumulate_values operation in ", "correlation_id": "01KTVPCCKNGM202P6J90PX2G9F", "level": "info", "timestamp": "2026-06-11T15:56:28.821949Z"}
{"candidates": 50, "top_k": 5, "backend": "cross_encoder", "event": "rerank.start", "query_preview": "What duration is shown for the CameraGestureBase_accumulate_values operation in ", "correlation_id": "01KTVPCCKNGM202P6J90PX2G9F", "level": "info", "timestamp": "2026-06-11T15:56:28.821977Z"}
{"candidates": 50, "top_k": 5, "backend": "cross_encoder", "returned": 5, "event": "rerank.done", "query_preview": "What duration is shown for the CameraGestureBase_accumulate_values operation in ", "correlation_id": "01KTVPCCKNGM202P6J90PX2G9F", "level": "info", "timestamp": "2026-06-11T15:57:01.344865Z"}
{"node": "rerank", "reranked_count": 5, "event": "done", "query_preview": "What duration is shown for the CameraGestureBase_accumulate_values operation in ", "correlation_id": "01KTVPCCKNGM202P6J90PX2G9F", "level": "info", "timestamp": "2026-06-11T15:57:01.344942Z"}
{"node": "query_tables", "reason": "empty_or_not_table_shaped", "event": "skip", "query_preview": "What duration is shown for the CameraGestureBase_accumulate_values operation in ", "correlation_id": "01KTVPCCKNGM202P6J90PX2G9F", "level": "info", "timestamp": "2026-06-11T15:57:01.346512Z"}
{"node": "assess", "reranked_count": 5, "event": "start", "query_preview": "What duration is shown for the CameraGestureBase_accumulate_values operation in ", "correlation_id": "01KTVPCCKNGM202P6J90PX2G9F", "level": "info", "timestamp": "2026-06-11T15:57:01.347089Z"}
{"prompt_tag": "assess_sufficiency@v4", "schema": "SufficiencyAssessment", "model": "cyankiwi/Qwen3.5-4B-AWQ-4bit", "max_tokens": 1024, "temperature": 0.1, "top_p": 0.8, "presence_penalty": 1.0, "seed": 42, "message_count": 1, "event": "model_call.start", "query_preview": "What duration is shown for the CameraGestureBase_accumulate_values operation in ", "correlation_id": "01KTVPCCKNGM202P6J90PX2G9F", "level": "info", "timestamp": "2026-06-11T15:57:01.348625Z"}
Authentication error: Langfuse client initialized without public_key. Client will be disabled. Provide a public_key parameter or set LANGFUSE_PUBLIC_KEY environment variable. 
{"prompt_tag": "assess_sufficiency@v4", "schema": "SufficiencyAssessment", "tokens": 1750, "event": "model_call.done", "query_preview": "What duration is shown for the CameraGestureBase_accumulate_values operation in ", "correlation_id": "01KTVPCCKNGM202P6J90PX2G9F", "level": "info", "timestamp": "2026-06-11T15:57:02.083607Z"}
{"node": "answer", "regenerate_attempt": 0, "event": "start", "query_preview": "What duration is shown for the CameraGestureBase_accumulate_values operation in ", "correlation_id": "01KTVPCCKNGM202P6J90PX2G9F", "level": "info", "timestamp": "2026-06-11T15:57:02.084885Z"}
{"prompt_tag": "answer@v5", "schema": "DraftAnswer", "model": "cyankiwi/Qwen3.5-4B-AWQ-4bit", "max_tokens": 1800, "temperature": 0.1, "top_p": 0.8, "presence_penalty": 1.0, "seed": 42, "message_count": 2, "event": "model_call.start", "query_preview": "What duration is shown for the CameraGestureBase_accumulate_values operation in ", "correlation_id": "01KTVPCCKNGM202P6J90PX2G9F", "level": "info", "timestamp": "2026-06-11T15:57:02.086869Z"}
Authentication error: Langfuse client initialized without public_key. Client will be disabled. Provide a public_key parameter or set LANGFUSE_PUBLIC_KEY environment variable. 
{"prompt_tag": "answer@v5", "schema": "DraftAnswer", "tokens": 3410, "event": "model_call.done", "query_preview": "What duration is shown for the CameraGestureBase_accumulate_values operation in ", "correlation_id": "01KTVPCCKNGM202P6J90PX2G9F", "level": "info", "timestamp": "2026-06-11T15:57:03.689093Z"}
{"node": "verify", "claim_count": 1, "event": "start", "query_preview": "What duration is shown for the CameraGestureBase_accumulate_values operation in ", "correlation_id": "01KTVPCCKNGM202P6J90PX2G9F", "level": "info", "timestamp": "2026-06-11T15:57:03.690075Z"}
{"prompt_tag": "verify_grounding@v2", "schema": "VerificationResult", "model": "cyankiwi/Qwen3.5-4B-AWQ-4bit", "max_tokens": 1024, "temperature": 0.1, "top_p": 0.8, "presence_penalty": 1.0, "seed": 42, "message_count": 1, "event": "model_call.start", "query_preview": "What duration is shown for the CameraGestureBase_accumulate_values operation in ", "correlation_id": "01KTVPCCKNGM202P6J90PX2G9F", "level": "info", "timestamp": "2026-06-11T15:57:03.694018Z"}
Authentication error: Langfuse client initialized without public_key. Client will be disabled. Provide a public_key parameter or set LANGFUSE_PUBLIC_KEY environment variable. 
{"prompt_tag": "verify_grounding@v2", "schema": "VerificationResult", "tokens": 1431, "event": "model_call.done", "query_preview": "What duration is shown for the CameraGestureBase_accumulate_values operation in ", "correlation_id": "01KTVPCCKNGM202P6J90PX2G9F", "level": "info", "timestamp": "2026-06-11T15:57:04.094057Z"}
{"node": "assess_relevance", "event": "start", "query_preview": "What duration is shown for the CameraGestureBase_accumulate_values operation in ", "correlation_id": "01KTVPCCKNGM202P6J90PX2G9F", "level": "info", "timestamp": "2026-06-11T15:57:04.095277Z"}
{"prompt_tag": "assess_relevance@v3", "schema": "RelevanceAssessment", "model": "cyankiwi/Qwen3.5-4B-AWQ-4bit", "max_tokens": 1024, "temperature": 0.1, "top_p": 0.8, "presence_penalty": 1.0, "seed": 42, "message_count": 1, "event": "model_call.start", "query_preview": "What duration is shown for the CameraGestureBase_accumulate_values operation in ", "correlation_id": "01KTVPCCKNGM202P6J90PX2G9F", "level": "info", "timestamp": "2026-06-11T15:57:04.096255Z"}
Authentication error: Langfuse client initialized without public_key. Client will be disabled. Provide a public_key parameter or set LANGFUSE_PUBLIC_KEY environment variable. 
{"prompt_tag": "assess_relevance@v3", "schema": "RelevanceAssessment", "tokens": 867, "event": "model_call.done", "query_preview": "What duration is shown for the CameraGestureBase_accumulate_values operation in ", "correlation_id": "01KTVPCCKNGM202P6J90PX2G9F", "level": "info", "timestamp": "2026-06-11T15:57:04.524520Z"}
{"node": "assess_relevance", "responsive": true, "event": "relevance", "query_preview": "What duration is shown for the CameraGestureBase_accumulate_values operation in ", "correlation_id": "01KTVPCCKNGM202P6J90PX2G9F", "level": "info", "timestamp": "2026-06-11T15:57:04.524573Z"}
{"node": "compose", "event": "start", "query_preview": "What duration is shown for the CameraGestureBase_accumulate_values operation in ", "correlation_id": "01KTVPCCKNGM202P6J90PX2G9F", "level": "info", "timestamp": "2026-06-11T15:57:04.525656Z"}
Authentication error: Langfuse client initialized without public_key. Client will be disabled. Provide a public_key parameter or set LANGFUSE_PUBLIC_KEY environment variable. 
{"node": "retrieve", "query_len": 110, "event": "start", "query_preview": "Per the nvmath-python architectural figure, which existing Python numeric librar", "correlation_id": "01KTVPDFME2P4HYBPCGAJF21R1", "level": "info", "timestamp": "2026-06-11T15:57:04.527049Z"}
{"query_len": 110, "k": 50, "event": "hybrid.start", "query_preview": "Per the nvmath-python architectural figure, which existing Python numeric librar", "correlation_id": "01KTVPDFME2P4HYBPCGAJF21R1", "level": "info", "timestamp": "2026-06-11T15:57:04.527087Z"}
{"query_len": 110, "k": 50, "dense": 50, "bm25": 0, "fused": 50, "term": false, "event": "hybrid.done", "query_preview": "Per the nvmath-python architectural figure, which existing Python numeric librar", "correlation_id": "01KTVPDFME2P4HYBPCGAJF21R1", "level": "info", "timestamp": "2026-06-11T15:57:04.604108Z"}
{"node": "retrieve", "candidate_count": 50, "event": "done", "query_preview": "Per the nvmath-python architectural figure, which existing Python numeric librar", "correlation_id": "01KTVPDFME2P4HYBPCGAJF21R1", "level": "info", "timestamp": "2026-06-11T15:57:04.605053Z"}
{"query_len": 110, "doc_ids": 1, "k": 50, "event": "hybrid_in_docs.start", "query_preview": "Per the nvmath-python architectural figure, which existing Python numeric librar", "correlation_id": "01KTVPDFME2P4HYBPCGAJF21R1", "level": "info", "timestamp": "2026-06-11T15:57:04.608121Z"}
{"query_len": 110, "doc_ids": 1, "k": 50, "dense": 50, "bm25": 0, "fused": 50, "term": false, "event": "hybrid_in_docs.done", "query_preview": "Per the nvmath-python architectural figure, which existing Python numeric librar", "correlation_id": "01KTVPDFME2P4HYBPCGAJF21R1", "level": "info", "timestamp": "2026-06-11T15:57:04.704463Z"}
{"node": "resolve_artifact_scope", "via": "dominant", "arttype": "figure", "doc_ids": ["2f96ae1c-s62400-cuda-new-features-and-beyond-171114580640"], "scoped_count": 50, "replaced_from": 50, "event": "scoped", "query_preview": "Per the nvmath-python architectural figure, which existing Python numeric librar", "correlation_id": "01KTVPDFME2P4HYBPCGAJF21R1", "level": "info", "timestamp": "2026-06-11T15:57:04.705470Z"}
{"node": "expand_graph", "reason": "disabled_or_empty", "event": "skip", "query_preview": "Per the nvmath-python architectural figure, which existing Python numeric librar", "correlation_id": "01KTVPDFME2P4HYBPCGAJF21R1", "level": "info", "timestamp": "2026-06-11T15:57:04.706314Z"}
{"node": "rerank", "candidate_count": 50, "event": "start", "query_preview": "Per the nvmath-python architectural figure, which existing Python numeric librar", "correlation_id": "01KTVPDFME2P4HYBPCGAJF21R1", "level": "info", "timestamp": "2026-06-11T15:57:04.707069Z"}
{"node": "rerank", "top_k": 5, "source": "mode", "event": "top_k_resolved", "query_preview": "Per the nvmath-python architectural figure, which existing Python numeric librar", "correlation_id": "01KTVPDFME2P4HYBPCGAJF21R1", "level": "info", "timestamp": "2026-06-11T15:57:04.707123Z"}
{"candidates": 50, "top_k": 5, "backend": "cross_encoder", "event": "rerank.start", "query_preview": "Per the nvmath-python architectural figure, which existing Python numeric librar", "correlation_id": "01KTVPDFME2P4HYBPCGAJF21R1", "level": "info", "timestamp": "2026-06-11T15:57:04.707146Z"}
{"candidates": 50, "top_k": 5, "backend": "cross_encoder", "returned": 5, "event": "rerank.done", "query_preview": "Per the nvmath-python architectural figure, which existing Python numeric librar", "correlation_id": "01KTVPDFME2P4HYBPCGAJF21R1", "level": "info", "timestamp": "2026-06-11T15:57:32.748020Z"}
{"node": "rerank", "reranked_count": 5, "event": "done", "query_preview": "Per the nvmath-python architectural figure, which existing Python numeric librar", "correlation_id": "01KTVPDFME2P4HYBPCGAJF21R1", "level": "info", "timestamp": "2026-06-11T15:57:32.748103Z"}
{"node": "query_tables", "reason": "empty_or_not_table_shaped", "event": "skip", "query_preview": "Per the nvmath-python architectural figure, which existing Python numeric librar", "correlation_id": "01KTVPDFME2P4HYBPCGAJF21R1", "level": "info", "timestamp": "2026-06-11T15:57:32.750355Z"}
{"node": "assess", "reranked_count": 5, "event": "start", "query_preview": "Per the nvmath-python architectural figure, which existing Python numeric librar", "correlation_id": "01KTVPDFME2P4HYBPCGAJF21R1", "level": "info", "timestamp": "2026-06-11T15:57:32.751344Z"}
{"prompt_tag": "assess_sufficiency@v4", "schema": "SufficiencyAssessment", "model": "cyankiwi/Qwen3.5-4B-AWQ-4bit", "max_tokens": 1024, "temperature": 0.1, "top_p": 0.8, "presence_penalty": 1.0, "seed": 42, "message_count": 1, "event": "model_call.start", "query_preview": "Per the nvmath-python architectural figure, which existing Python numeric librar", "correlation_id": "01KTVPDFME2P4HYBPCGAJF21R1", "level": "info", "timestamp": "2026-06-11T15:57:32.753732Z"}
Authentication error: Langfuse client initialized without public_key. Client will be disabled. Provide a public_key parameter or set LANGFUSE_PUBLIC_KEY environment variable. 
{"prompt_tag": "assess_sufficiency@v4", "schema": "SufficiencyAssessment", "tokens": 1424, "event": "model_call.done", "query_preview": "Per the nvmath-python architectural figure, which existing Python numeric librar", "correlation_id": "01KTVPDFME2P4HYBPCGAJF21R1", "level": "info", "timestamp": "2026-06-11T15:57:33.538482Z"}
{"node": "answer", "regenerate_attempt": 0, "event": "start", "query_preview": "Per the nvmath-python architectural figure, which existing Python numeric librar", "correlation_id": "01KTVPDFME2P4HYBPCGAJF21R1", "level": "info", "timestamp": "2026-06-11T15:57:33.540362Z"}
{"prompt_tag": "answer@v5", "schema": "DraftAnswer", "model": "cyankiwi/Qwen3.5-4B-AWQ-4bit", "max_tokens": 1800, "temperature": 0.1, "top_p": 0.8, "presence_penalty": 1.0, "seed": 42, "message_count": 2, "event": "model_call.start", "query_preview": "Per the nvmath-python architectural figure, which existing Python numeric librar", "correlation_id": "01KTVPDFME2P4HYBPCGAJF21R1", "level": "info", "timestamp": "2026-06-11T15:57:33.543102Z"}
Authentication error: Langfuse client initialized without public_key. Client will be disabled. Provide a public_key parameter or set LANGFUSE_PUBLIC_KEY environment variable. 
{"prompt_tag": "answer@v5", "schema": "DraftAnswer", "tokens": 3084, "event": "model_call.done", "query_preview": "Per the nvmath-python architectural figure, which existing Python numeric librar", "correlation_id": "01KTVPDFME2P4HYBPCGAJF21R1", "level": "info", "timestamp": "2026-06-11T15:57:35.187501Z"}
{"node": "verify", "claim_count": 1, "event": "start", "query_preview": "Per the nvmath-python architectural figure, which existing Python numeric librar", "correlation_id": "01KTVPDFME2P4HYBPCGAJF21R1", "level": "info", "timestamp": "2026-06-11T15:57:35.188675Z"}
{"prompt_tag": "verify_grounding@v2", "schema": "VerificationResult", "model": "cyankiwi/Qwen3.5-4B-AWQ-4bit", "max_tokens": 1024, "temperature": 0.1, "top_p": 0.8, "presence_penalty": 1.0, "seed": 42, "message_count": 1, "event": "model_call.start", "query_preview": "Per the nvmath-python architectural figure, which existing Python numeric librar", "correlation_id": "01KTVPDFME2P4HYBPCGAJF21R1", "level": "info", "timestamp": "2026-06-11T15:57:35.192695Z"}
Authentication error: Langfuse client initialized without public_key. Client will be disabled. Provide a public_key parameter or set LANGFUSE_PUBLIC_KEY environment variable. 
{"prompt_tag": "verify_grounding@v2", "schema": "VerificationResult", "tokens": 1344, "event": "model_call.done", "query_preview": "Per the nvmath-python architectural figure, which existing Python numeric librar", "correlation_id": "01KTVPDFME2P4HYBPCGAJF21R1", "level": "info", "timestamp": "2026-06-11T15:57:35.578298Z"}
{"node": "assess_relevance", "event": "start", "query_preview": "Per the nvmath-python architectural figure, which existing Python numeric librar", "correlation_id": "01KTVPDFME2P4HYBPCGAJF21R1", "level": "info", "timestamp": "2026-06-11T15:57:35.580030Z"}
{"prompt_tag": "assess_relevance@v3", "schema": "RelevanceAssessment", "model": "cyankiwi/Qwen3.5-4B-AWQ-4bit", "max_tokens": 1024, "temperature": 0.1, "top_p": 0.8, "presence_penalty": 1.0, "seed": 42, "message_count": 1, "event": "model_call.start", "query_preview": "Per the nvmath-python architectural figure, which existing Python numeric librar", "correlation_id": "01KTVPDFME2P4HYBPCGAJF21R1", "level": "info", "timestamp": "2026-06-11T15:57:35.581382Z"}
Authentication error: Langfuse client initialized without public_key. Client will be disabled. Provide a public_key parameter or set LANGFUSE_PUBLIC_KEY environment variable. 
{"prompt_tag": "assess_relevance@v3", "schema": "RelevanceAssessment", "tokens": 874, "event": "model_call.done", "query_preview": "Per the nvmath-python architectural figure, which existing Python numeric librar", "correlation_id": "01KTVPDFME2P4HYBPCGAJF21R1", "level": "info", "timestamp": "2026-06-11T15:57:36.019691Z"}
{"node": "assess_relevance", "responsive": true, "event": "relevance", "query_preview": "Per the nvmath-python architectural figure, which existing Python numeric librar", "correlation_id": "01KTVPDFME2P4HYBPCGAJF21R1", "level": "info", "timestamp": "2026-06-11T15:57:36.019748Z"}
{"node": "compose", "event": "start", "query_preview": "Per the nvmath-python architectural figure, which existing Python numeric librar", "correlation_id": "01KTVPDFME2P4HYBPCGAJF21R1", "level": "info", "timestamp": "2026-06-11T15:57:36.021134Z"}
Authentication error: Langfuse client initialized without public_key. Client will be disabled. Provide a public_key parameter or set LANGFUSE_PUBLIC_KEY environment variable. 
{"node": "retrieve", "query_len": 74, "event": "start", "query_preview": "According to the deck, what is the memory bandwidth of the AMD MI300X GPU?", "correlation_id": "01KTVPEECN3YG08W6J3W4JGZNK", "level": "info", "timestamp": "2026-06-11T15:57:36.023041Z"}
{"query_len": 74, "k": 50, "event": "hybrid.start", "query_preview": "According to the deck, what is the memory bandwidth of the AMD MI300X GPU?", "correlation_id": "01KTVPEECN3YG08W6J3W4JGZNK", "level": "info", "timestamp": "2026-06-11T15:57:36.023095Z"}
{"query_len": 74, "k": 50, "dense": 50, "bm25": 0, "fused": 50, "term": false, "event": "hybrid.done", "query_preview": "According to the deck, what is the memory bandwidth of the AMD MI300X GPU?", "correlation_id": "01KTVPEECN3YG08W6J3W4JGZNK", "level": "info", "timestamp": "2026-06-11T15:57:36.101354Z"}
{"node": "retrieve", "candidate_count": 50, "event": "done", "query_preview": "According to the deck, what is the memory bandwidth of the AMD MI300X GPU?", "correlation_id": "01KTVPEECN3YG08W6J3W4JGZNK", "level": "info", "timestamp": "2026-06-11T15:57:36.102469Z"}
{"node": "expand_graph", "reason": "disabled_or_empty", "event": "skip", "query_preview": "According to the deck, what is the memory bandwidth of the AMD MI300X GPU?", "correlation_id": "01KTVPEECN3YG08W6J3W4JGZNK", "level": "info", "timestamp": "2026-06-11T15:57:36.103948Z"}
{"node": "rerank", "candidate_count": 50, "event": "start", "query_preview": "According to the deck, what is the memory bandwidth of the AMD MI300X GPU?", "correlation_id": "01KTVPEECN3YG08W6J3W4JGZNK", "level": "info", "timestamp": "2026-06-11T15:57:36.104666Z"}
{"node": "rerank", "top_k": 5, "source": "mode", "event": "top_k_resolved", "query_preview": "According to the deck, what is the memory bandwidth of the AMD MI300X GPU?", "correlation_id": "01KTVPEECN3YG08W6J3W4JGZNK", "level": "info", "timestamp": "2026-06-11T15:57:36.104731Z"}
{"candidates": 50, "top_k": 5, "backend": "cross_encoder", "event": "rerank.start", "query_preview": "According to the deck, what is the memory bandwidth of the AMD MI300X GPU?", "correlation_id": "01KTVPEECN3YG08W6J3W4JGZNK", "level": "info", "timestamp": "2026-06-11T15:57:36.104766Z"}
{"candidates": 50, "top_k": 5, "backend": "cross_encoder", "returned": 5, "event": "rerank.done", "query_preview": "According to the deck, what is the memory bandwidth of the AMD MI300X GPU?", "correlation_id": "01KTVPEECN3YG08W6J3W4JGZNK", "level": "info", "timestamp": "2026-06-11T15:58:03.355196Z"}
{"node": "rerank", "reranked_count": 5, "event": "done", "query_preview": "According to the deck, what is the memory bandwidth of the AMD MI300X GPU?", "correlation_id": "01KTVPEECN3YG08W6J3W4JGZNK", "level": "info", "timestamp": "2026-06-11T15:58:03.355309Z"}
{"node": "query_tables", "reason": "empty_or_not_table_shaped", "event": "skip", "query_preview": "According to the deck, what is the memory bandwidth of the AMD MI300X GPU?", "correlation_id": "01KTVPEECN3YG08W6J3W4JGZNK", "level": "info", "timestamp": "2026-06-11T15:58:03.357491Z"}
{"node": "assess", "reranked_count": 5, "event": "start", "query_preview": "According to the deck, what is the memory bandwidth of the AMD MI300X GPU?", "correlation_id": "01KTVPEECN3YG08W6J3W4JGZNK", "level": "info", "timestamp": "2026-06-11T15:58:03.358421Z"}
{"prompt_tag": "assess_sufficiency@v4", "schema": "SufficiencyAssessment", "model": "cyankiwi/Qwen3.5-4B-AWQ-4bit", "max_tokens": 1024, "temperature": 0.1, "top_p": 0.8, "presence_penalty": 1.0, "seed": 42, "message_count": 1, "event": "model_call.start", "query_preview": "According to the deck, what is the memory bandwidth of the AMD MI300X GPU?", "correlation_id": "01KTVPEECN3YG08W6J3W4JGZNK", "level": "info", "timestamp": "2026-06-11T15:58:03.360013Z"}
Authentication error: Langfuse client initialized without public_key. Client will be disabled. Provide a public_key parameter or set LANGFUSE_PUBLIC_KEY environment variable. 
{"prompt_tag": "assess_sufficiency@v4", "schema": "SufficiencyAssessment", "tokens": 1379, "event": "model_call.done", "query_preview": "According to the deck, what is the memory bandwidth of the AMD MI300X GPU?", "correlation_id": "01KTVPEECN3YG08W6J3W4JGZNK", "level": "info", "timestamp": "2026-06-11T15:58:03.936854Z"}
{"node": "answer", "regenerate_attempt": 0, "event": "start", "query_preview": "According to the deck, what is the memory bandwidth of the AMD MI300X GPU?", "correlation_id": "01KTVPEECN3YG08W6J3W4JGZNK", "level": "info", "timestamp": "2026-06-11T15:58:03.938397Z"}
{"prompt_tag": "answer@v5", "schema": "DraftAnswer", "model": "cyankiwi/Qwen3.5-4B-AWQ-4bit", "max_tokens": 1800, "temperature": 0.1, "top_p": 0.8, "presence_penalty": 1.0, "seed": 42, "message_count": 2, "event": "model_call.start", "query_preview": "According to the deck, what is the memory bandwidth of the AMD MI300X GPU?", "correlation_id": "01KTVPEECN3YG08W6J3W4JGZNK", "level": "info", "timestamp": "2026-06-11T15:58:03.941099Z"}
Authentication error: Langfuse client initialized without public_key. Client will be disabled. Provide a public_key parameter or set LANGFUSE_PUBLIC_KEY environment variable. 
{"prompt_tag": "answer@v5", "schema": "DraftAnswer", "tokens": 2956, "event": "model_call.done", "query_preview": "According to the deck, what is the memory bandwidth of the AMD MI300X GPU?", "correlation_id": "01KTVPEECN3YG08W6J3W4JGZNK", "level": "info", "timestamp": "2026-06-11T15:58:04.632756Z"}
{"node": "answer", "summary_head": "The chunks discuss the Hopper GPU architecture with CPU LPDDR5X and GPU HBM3 memory systems, but do not mention AMD MI30", "event": "answer.denial_reframe_retry", "query_preview": "According to the deck, what is the memory bandwidth of the AMD MI300X GPU?", "correlation_id": "01KTVPEECN3YG08W6J3W4JGZNK", "level": "info", "timestamp": "2026-06-11T15:58:04.632822Z"}
{"prompt_tag": "answer@v5", "schema": "DraftAnswer", "model": "cyankiwi/Qwen3.5-4B-AWQ-4bit", "max_tokens": 1800, "temperature": 0.1, "top_p": 0.8, "presence_penalty": 1.0, "seed": 42, "message_count": 2, "event": "model_call.start", "query_preview": "According to the deck, what is the memory bandwidth of the AMD MI300X GPU?", "correlation_id": "01KTVPEECN3YG08W6J3W4JGZNK", "level": "info", "timestamp": "2026-06-11T15:58:04.634780Z"}
Authentication error: Langfuse client initialized without public_key. Client will be disabled. Provide a public_key parameter or set LANGFUSE_PUBLIC_KEY environment variable. 
{"prompt_tag": "answer@v5", "schema": "DraftAnswer", "tokens": 3080, "event": "model_call.done", "query_preview": "According to the deck, what is the memory bandwidth of the AMD MI300X GPU?", "correlation_id": "01KTVPEECN3YG08W6J3W4JGZNK", "level": "info", "timestamp": "2026-06-11T15:58:05.188001Z"}
{"node": "verify", "claim_count": 0, "event": "start", "query_preview": "According to the deck, what is the memory bandwidth of the AMD MI300X GPU?", "correlation_id": "01KTVPEECN3YG08W6J3W4JGZNK", "level": "info", "timestamp": "2026-06-11T15:58:05.189023Z"}
{"node": "verify", "event": "empty_draft_shortcircuit", "query_preview": "According to the deck, what is the memory bandwidth of the AMD MI300X GPU?", "correlation_id": "01KTVPEECN3YG08W6J3W4JGZNK", "level": "info", "timestamp": "2026-06-11T15:58:05.189073Z"}
{"node": "assess_relevance", "event": "start", "query_preview": "According to the deck, what is the memory bandwidth of the AMD MI300X GPU?", "correlation_id": "01KTVPEECN3YG08W6J3W4JGZNK", "level": "info", "timestamp": "2026-06-11T15:58:05.190359Z"}
{"prompt_tag": "assess_relevance@v3", "schema": "RelevanceAssessment", "model": "cyankiwi/Qwen3.5-4B-AWQ-4bit", "max_tokens": 1024, "temperature": 0.1, "top_p": 0.8, "presence_penalty": 1.0, "seed": 42, "message_count": 1, "event": "model_call.start", "query_preview": "According to the deck, what is the memory bandwidth of the AMD MI300X GPU?", "correlation_id": "01KTVPEECN3YG08W6J3W4JGZNK", "level": "info", "timestamp": "2026-06-11T15:58:05.191674Z"}
Authentication error: Langfuse client initialized without public_key. Client will be disabled. Provide a public_key parameter or set LANGFUSE_PUBLIC_KEY environment variable. 
{"prompt_tag": "assess_relevance@v3", "schema": "RelevanceAssessment", "tokens": 847, "event": "model_call.done", "query_preview": "According to the deck, what is the memory bandwidth of the AMD MI300X GPU?", "correlation_id": "01KTVPEECN3YG08W6J3W4JGZNK", "level": "info", "timestamp": "2026-06-11T15:58:05.652597Z"}
{"node": "assess_relevance", "responsive": true, "event": "relevance", "query_preview": "According to the deck, what is the memory bandwidth of the AMD MI300X GPU?", "correlation_id": "01KTVPEECN3YG08W6J3W4JGZNK", "level": "info", "timestamp": "2026-06-11T15:58:05.652664Z"}
{"node": "compose", "event": "start", "query_preview": "According to the deck, what is the memory bandwidth of the AMD MI300X GPU?", "correlation_id": "01KTVPEECN3YG08W6J3W4JGZNK", "level": "info", "timestamp": "2026-06-11T15:58:05.654193Z"}
{"query_count": 34, "quick": false, "error_count": 0, "mean_citation_precision": 0.8676470588235294, "mean_citation_precision_answered_only": 0.71875, "answer_text_checked": 0, "answer_text_correct_count": 0, "mean_answer_mention_recall": null, "event": "eval.done", "level": "info", "timestamp": "2026-06-11T15:58:05.655055Z"}
