{"vault_path": "/home/drei/.memex/vault", "event": "bootstrap", "level": "info", "timestamp": "2026-06-12T19:14:34.725933Z"}
{"estimated_gb": 11.8, "budget_gb": 9.8, "total_gb": 11.6, "gpu": "NVIDIA GeForce RTX 4070", "vlm_counted": false, "co_residence_mode": "manual", "embedder_device": "cpu", "reranker_device": "cpu", "fix": "lower hardware.gpu_memory_fraction, switch to a lighter co-residence mode (MEMEX_MODELS__CO_RESIDENCE_MODE=full puts the reranker on CPU), switch to a smaller VLM variant (vlm_quantization=awq_int4), or reduce the orchestrator quant tier", "event": "vram.budget.tight", "level": "warning", "timestamp": "2026-06-12T19:14:35.590026Z"}
{"component": "bootstrap.gpu", "total_gb": 11.56, "free_gb": 4.47, "holders": ["pid 382037: VLLM::EngineCore (6170 MiB)", "pid 1134229: /home/drei/project/Doc_Flo/.venv/bin/python3 (154 MiB)"], "event": "gpu.preflight", "level": "info", "timestamp": "2026-06-12T19:14:35.687538Z"}
{"query_count": 16, "quick": false, "event": "eval.start", "level": "info", "timestamp": "2026-06-12T19:14:35.732896Z"}
Authentication error: Langfuse client initialized without public_key. Client will be disabled. Provide a public_key parameter or set LANGFUSE_PUBLIC_KEY environment variable. 
{"node": "retrieve", "query_len": 47, "event": "start", "correlation_id": "01KTYM3W2MJ2XZVSX61E7QA90H", "query_preview": "What was NVIDIA's total revenue in fiscal 2026?", "level": "info", "timestamp": "2026-06-12T19:14:35.760495Z"}
{"query_len": 47, "k": 50, "event": "hybrid.start", "correlation_id": "01KTYM3W2MJ2XZVSX61E7QA90H", "query_preview": "What was NVIDIA's total revenue in fiscal 2026?", "level": "info", "timestamp": "2026-06-12T19:14:35.760551Z"}
{"name": "embedder", "event": "model.load.start", "correlation_id": "01KTYM3W2MJ2XZVSX61E7QA90H", "query_preview": "What was NVIDIA's total revenue in fiscal 2026?", "level": "info", "timestamp": "2026-06-12T19:14:35.764567Z"}
`torch_dtype` is deprecated! Use `dtype` instead!
{"name": "embedder", "event": "model.load.done", "correlation_id": "01KTYM3W2MJ2XZVSX61E7QA90H", "query_preview": "What was NVIDIA's total revenue in fiscal 2026?", "level": "info", "timestamp": "2026-06-12T19:14:39.778375Z"}
{"query_len": 47, "k": 50, "dense": 50, "bm25": 0, "fused": 50, "term": false, "event": "hybrid.done", "correlation_id": "01KTYM3W2MJ2XZVSX61E7QA90H", "query_preview": "What was NVIDIA's total revenue in fiscal 2026?", "level": "info", "timestamp": "2026-06-12T19:14:39.888870Z"}
{"node": "retrieve", "candidate_count": 50, "event": "done", "correlation_id": "01KTYM3W2MJ2XZVSX61E7QA90H", "query_preview": "What was NVIDIA's total revenue in fiscal 2026?", "level": "info", "timestamp": "2026-06-12T19:14:39.889657Z"}
{"node": "expand_graph", "reason": "disabled_or_empty", "event": "skip", "correlation_id": "01KTYM3W2MJ2XZVSX61E7QA90H", "query_preview": "What was NVIDIA's total revenue in fiscal 2026?", "level": "info", "timestamp": "2026-06-12T19:14:39.891300Z"}
{"node": "rerank", "candidate_count": 50, "event": "start", "correlation_id": "01KTYM3W2MJ2XZVSX61E7QA90H", "query_preview": "What was NVIDIA's total revenue in fiscal 2026?", "level": "info", "timestamp": "2026-06-12T19:14:39.891815Z"}
{"node": "rerank", "top_k": 5, "source": "mode", "event": "top_k_resolved", "correlation_id": "01KTYM3W2MJ2XZVSX61E7QA90H", "query_preview": "What was NVIDIA's total revenue in fiscal 2026?", "level": "info", "timestamp": "2026-06-12T19:14:39.891866Z"}
{"candidates": 50, "top_k": 5, "backend": "cross_encoder", "event": "rerank.start", "correlation_id": "01KTYM3W2MJ2XZVSX61E7QA90H", "query_preview": "What was NVIDIA's total revenue in fiscal 2026?", "level": "info", "timestamp": "2026-06-12T19:14:39.891897Z"}
{"name": "reranker", "event": "model.load.start", "correlation_id": "01KTYM3W2MJ2XZVSX61E7QA90H", "query_preview": "What was NVIDIA's total revenue in fiscal 2026?", "level": "info", "timestamp": "2026-06-12T19:14:39.891930Z"}
{"name": "reranker", "event": "model.load.done", "correlation_id": "01KTYM3W2MJ2XZVSX61E7QA90H", "query_preview": "What was NVIDIA's total revenue in fiscal 2026?", "level": "info", "timestamp": "2026-06-12T19:14:40.889337Z"}
{"candidates": 50, "top_k": 5, "backend": "cross_encoder", "returned": 5, "event": "rerank.done", "correlation_id": "01KTYM3W2MJ2XZVSX61E7QA90H", "query_preview": "What was NVIDIA's total revenue in fiscal 2026?", "level": "info", "timestamp": "2026-06-12T19:15:32.150113Z"}
{"node": "rerank", "reranked_count": 5, "event": "done", "correlation_id": "01KTYM3W2MJ2XZVSX61E7QA90H", "query_preview": "What was NVIDIA's total revenue in fiscal 2026?", "level": "info", "timestamp": "2026-06-12T19:15:32.150219Z"}
{"prompt_tag": "generate_table_sql@v1", "schema": "GeneratedSQL", "model": "cyankiwi/Qwen3.5-4B-AWQ-4bit", "max_tokens": 1024, "temperature": 0.1, "top_p": 0.8, "presence_penalty": 1.0, "seed": 42, "message_count": 1, "event": "model_call.start", "correlation_id": "01KTYM3W2MJ2XZVSX61E7QA90H", "query_preview": "What was NVIDIA's total revenue in fiscal 2026?", "level": "info", "timestamp": "2026-06-12T19:15:32.161532Z"}
Authentication error: Langfuse client initialized without public_key. Client will be disabled. Provide a public_key parameter or set LANGFUSE_PUBLIC_KEY environment variable. 
{"prompt_tag": "generate_table_sql@v1", "schema": "GeneratedSQL", "tokens": 3537, "event": "model_call.done", "correlation_id": "01KTYM3W2MJ2XZVSX61E7QA90H", "query_preview": "What was NVIDIA's total revenue in fiscal 2026?", "level": "info", "timestamp": "2026-06-12T19:15:32.912239Z"}
{"node": "query_doc_tables", "sql": "", "target": "", "event": "table_sql.generated", "correlation_id": "01KTYM3W2MJ2XZVSX61E7QA90H", "query_preview": "What was NVIDIA's total revenue in fiscal 2026?", "level": "info", "timestamp": "2026-06-12T19:15:32.912303Z"}
{"node": "query_doc_tables", "sql": "", "event": "table_sql.rejected_not_select", "correlation_id": "01KTYM3W2MJ2XZVSX61E7QA90H", "query_preview": "What was NVIDIA's total revenue in fiscal 2026?", "level": "info", "timestamp": "2026-06-12T19:15:32.912327Z"}
{"node": "query_tables", "event": "no_table_answer", "correlation_id": "01KTYM3W2MJ2XZVSX61E7QA90H", "query_preview": "What was NVIDIA's total revenue in fiscal 2026?", "level": "info", "timestamp": "2026-06-12T19:15:32.912782Z"}
{"node": "assess", "reranked_count": 5, "event": "start", "correlation_id": "01KTYM3W2MJ2XZVSX61E7QA90H", "query_preview": "What was NVIDIA's total revenue in fiscal 2026?", "level": "info", "timestamp": "2026-06-12T19:15:32.913977Z"}
{"prompt_tag": "assess_sufficiency@v4", "schema": "SufficiencyAssessment", "model": "cyankiwi/Qwen3.5-4B-AWQ-4bit", "max_tokens": 1024, "temperature": 0.1, "top_p": 0.8, "presence_penalty": 1.0, "seed": 42, "message_count": 1, "event": "model_call.start", "correlation_id": "01KTYM3W2MJ2XZVSX61E7QA90H", "query_preview": "What was NVIDIA's total revenue in fiscal 2026?", "level": "info", "timestamp": "2026-06-12T19:15:32.915569Z"}
Authentication error: Langfuse client initialized without public_key. Client will be disabled. Provide a public_key parameter or set LANGFUSE_PUBLIC_KEY environment variable. 
{"prompt_tag": "assess_sufficiency@v4", "schema": "SufficiencyAssessment", "tokens": 3185, "event": "model_call.done", "correlation_id": "01KTYM3W2MJ2XZVSX61E7QA90H", "query_preview": "What was NVIDIA's total revenue in fiscal 2026?", "level": "info", "timestamp": "2026-06-12T19:15:33.815976Z"}
{"node": "answer", "regenerate_attempt": 0, "event": "start", "correlation_id": "01KTYM3W2MJ2XZVSX61E7QA90H", "query_preview": "What was NVIDIA's total revenue in fiscal 2026?", "level": "info", "timestamp": "2026-06-12T19:15:33.817901Z"}
{"prompt_tag": "answer@v5", "schema": "DraftAnswer", "model": "cyankiwi/Qwen3.5-4B-AWQ-4bit", "max_tokens": 1800, "temperature": 0.1, "top_p": 0.8, "presence_penalty": 1.0, "seed": 42, "message_count": 2, "event": "model_call.start", "correlation_id": "01KTYM3W2MJ2XZVSX61E7QA90H", "query_preview": "What was NVIDIA's total revenue in fiscal 2026?", "level": "info", "timestamp": "2026-06-12T19:15:33.820893Z"}
Authentication error: Langfuse client initialized without public_key. Client will be disabled. Provide a public_key parameter or set LANGFUSE_PUBLIC_KEY environment variable. 
{"prompt_tag": "answer@v5", "schema": "DraftAnswer", "tokens": 4835, "event": "model_call.done", "correlation_id": "01KTYM3W2MJ2XZVSX61E7QA90H", "query_preview": "What was NVIDIA's total revenue in fiscal 2026?", "level": "info", "timestamp": "2026-06-12T19:15:35.772505Z"}
{"node": "verify", "claim_count": 1, "event": "start", "correlation_id": "01KTYM3W2MJ2XZVSX61E7QA90H", "query_preview": "What was NVIDIA's total revenue in fiscal 2026?", "level": "info", "timestamp": "2026-06-12T19:15:35.773716Z"}
{"prompt_tag": "verify_grounding@v2", "schema": "VerificationResult", "model": "cyankiwi/Qwen3.5-4B-AWQ-4bit", "max_tokens": 1024, "temperature": 0.1, "top_p": 0.8, "presence_penalty": 1.0, "seed": 42, "message_count": 1, "event": "model_call.start", "correlation_id": "01KTYM3W2MJ2XZVSX61E7QA90H", "query_preview": "What was NVIDIA's total revenue in fiscal 2026?", "level": "info", "timestamp": "2026-06-12T19:15:35.777939Z"}
Authentication error: Langfuse client initialized without public_key. Client will be disabled. Provide a public_key parameter or set LANGFUSE_PUBLIC_KEY environment variable. 
{"prompt_tag": "verify_grounding@v2", "schema": "VerificationResult", "tokens": 3100, "event": "model_call.done", "correlation_id": "01KTYM3W2MJ2XZVSX61E7QA90H", "query_preview": "What was NVIDIA's total revenue in fiscal 2026?", "level": "info", "timestamp": "2026-06-12T19:15:36.431449Z"}
{"node": "assess_relevance", "event": "start", "correlation_id": "01KTYM3W2MJ2XZVSX61E7QA90H", "query_preview": "What was NVIDIA's total revenue in fiscal 2026?", "level": "info", "timestamp": "2026-06-12T19:15:36.433550Z"}
{"prompt_tag": "assess_relevance@v3", "schema": "RelevanceAssessment", "model": "cyankiwi/Qwen3.5-4B-AWQ-4bit", "max_tokens": 1024, "temperature": 0.1, "top_p": 0.8, "presence_penalty": 1.0, "seed": 42, "message_count": 1, "event": "model_call.start", "correlation_id": "01KTYM3W2MJ2XZVSX61E7QA90H", "query_preview": "What was NVIDIA's total revenue in fiscal 2026?", "level": "info", "timestamp": "2026-06-12T19:15:36.435010Z"}
Authentication error: Langfuse client initialized without public_key. Client will be disabled. Provide a public_key parameter or set LANGFUSE_PUBLIC_KEY environment variable. 
{"prompt_tag": "assess_relevance@v3", "schema": "RelevanceAssessment", "tokens": 857, "event": "model_call.done", "correlation_id": "01KTYM3W2MJ2XZVSX61E7QA90H", "query_preview": "What was NVIDIA's total revenue in fiscal 2026?", "level": "info", "timestamp": "2026-06-12T19:15:36.906399Z"}
{"node": "assess_relevance", "responsive": true, "event": "relevance", "correlation_id": "01KTYM3W2MJ2XZVSX61E7QA90H", "query_preview": "What was NVIDIA's total revenue in fiscal 2026?", "level": "info", "timestamp": "2026-06-12T19:15:36.906469Z"}
{"node": "compose", "event": "start", "correlation_id": "01KTYM3W2MJ2XZVSX61E7QA90H", "query_preview": "What was NVIDIA's total revenue in fiscal 2026?", "level": "info", "timestamp": "2026-06-12T19:15:36.908396Z"}
Authentication error: Langfuse client initialized without public_key. Client will be disabled. Provide a public_key parameter or set LANGFUSE_PUBLIC_KEY environment variable. 
{"node": "retrieve", "query_len": 60, "event": "start", "correlation_id": "01KTYM5QTDSXQBE6PJV4HZDFBB", "query_preview": "What was NVIDIA's diluted earnings per share in fiscal 2026?", "level": "info", "timestamp": "2026-06-12T19:15:36.910651Z"}
{"query_len": 60, "k": 50, "event": "hybrid.start", "correlation_id": "01KTYM5QTDSXQBE6PJV4HZDFBB", "query_preview": "What was NVIDIA's diluted earnings per share in fiscal 2026?", "level": "info", "timestamp": "2026-06-12T19:15:36.910697Z"}
{"query_len": 60, "k": 50, "dense": 50, "bm25": 0, "fused": 50, "term": false, "event": "hybrid.done", "correlation_id": "01KTYM5QTDSXQBE6PJV4HZDFBB", "query_preview": "What was NVIDIA's diluted earnings per share in fiscal 2026?", "level": "info", "timestamp": "2026-06-12T19:15:37.005872Z"}
{"node": "retrieve", "candidate_count": 50, "event": "done", "correlation_id": "01KTYM5QTDSXQBE6PJV4HZDFBB", "query_preview": "What was NVIDIA's diluted earnings per share in fiscal 2026?", "level": "info", "timestamp": "2026-06-12T19:15:37.006818Z"}
{"node": "expand_graph", "reason": "disabled_or_empty", "event": "skip", "correlation_id": "01KTYM5QTDSXQBE6PJV4HZDFBB", "query_preview": "What was NVIDIA's diluted earnings per share in fiscal 2026?", "level": "info", "timestamp": "2026-06-12T19:15:37.008171Z"}
{"node": "rerank", "candidate_count": 50, "event": "start", "correlation_id": "01KTYM5QTDSXQBE6PJV4HZDFBB", "query_preview": "What was NVIDIA's diluted earnings per share in fiscal 2026?", "level": "info", "timestamp": "2026-06-12T19:15:37.008705Z"}
{"node": "rerank", "top_k": 5, "source": "mode", "event": "top_k_resolved", "correlation_id": "01KTYM5QTDSXQBE6PJV4HZDFBB", "query_preview": "What was NVIDIA's diluted earnings per share in fiscal 2026?", "level": "info", "timestamp": "2026-06-12T19:15:37.008756Z"}
{"candidates": 50, "top_k": 5, "backend": "cross_encoder", "event": "rerank.start", "correlation_id": "01KTYM5QTDSXQBE6PJV4HZDFBB", "query_preview": "What was NVIDIA's diluted earnings per share in fiscal 2026?", "level": "info", "timestamp": "2026-06-12T19:15:37.008781Z"}
{"candidates": 50, "top_k": 5, "backend": "cross_encoder", "returned": 5, "event": "rerank.done", "correlation_id": "01KTYM5QTDSXQBE6PJV4HZDFBB", "query_preview": "What was NVIDIA's diluted earnings per share in fiscal 2026?", "level": "info", "timestamp": "2026-06-12T19:16:28.482442Z"}
{"node": "rerank", "reranked_count": 5, "event": "done", "correlation_id": "01KTYM5QTDSXQBE6PJV4HZDFBB", "query_preview": "What was NVIDIA's diluted earnings per share in fiscal 2026?", "level": "info", "timestamp": "2026-06-12T19:16:28.482547Z"}
{"node": "query_tables", "reason": "empty_or_not_table_shaped", "event": "skip", "correlation_id": "01KTYM5QTDSXQBE6PJV4HZDFBB", "query_preview": "What was NVIDIA's diluted earnings per share in fiscal 2026?", "level": "info", "timestamp": "2026-06-12T19:16:28.484788Z"}
{"node": "assess", "reranked_count": 5, "event": "start", "correlation_id": "01KTYM5QTDSXQBE6PJV4HZDFBB", "query_preview": "What was NVIDIA's diluted earnings per share in fiscal 2026?", "level": "info", "timestamp": "2026-06-12T19:16:28.485583Z"}
{"prompt_tag": "assess_sufficiency@v4", "schema": "SufficiencyAssessment", "model": "cyankiwi/Qwen3.5-4B-AWQ-4bit", "max_tokens": 1024, "temperature": 0.1, "top_p": 0.8, "presence_penalty": 1.0, "seed": 42, "message_count": 1, "event": "model_call.start", "correlation_id": "01KTYM5QTDSXQBE6PJV4HZDFBB", "query_preview": "What was NVIDIA's diluted earnings per share in fiscal 2026?", "level": "info", "timestamp": "2026-06-12T19:16:28.487619Z"}
Authentication error: Langfuse client initialized without public_key. Client will be disabled. Provide a public_key parameter or set LANGFUSE_PUBLIC_KEY environment variable. 
{"prompt_tag": "assess_sufficiency@v4", "schema": "SufficiencyAssessment", "tokens": 4156, "event": "model_call.done", "correlation_id": "01KTYM5QTDSXQBE6PJV4HZDFBB", "query_preview": "What was NVIDIA's diluted earnings per share in fiscal 2026?", "level": "info", "timestamp": "2026-06-12T19:16:29.767104Z"}
{"node": "answer", "regenerate_attempt": 0, "event": "start", "correlation_id": "01KTYM5QTDSXQBE6PJV4HZDFBB", "query_preview": "What was NVIDIA's diluted earnings per share in fiscal 2026?", "level": "info", "timestamp": "2026-06-12T19:16:29.768401Z"}
{"prompt_tag": "answer@v5", "schema": "DraftAnswer", "model": "cyankiwi/Qwen3.5-4B-AWQ-4bit", "max_tokens": 1800, "temperature": 0.1, "top_p": 0.8, "presence_penalty": 1.0, "seed": 42, "message_count": 2, "event": "model_call.start", "correlation_id": "01KTYM5QTDSXQBE6PJV4HZDFBB", "query_preview": "What was NVIDIA's diluted earnings per share in fiscal 2026?", "level": "info", "timestamp": "2026-06-12T19:16:29.770403Z"}
Authentication error: Langfuse client initialized without public_key. Client will be disabled. Provide a public_key parameter or set LANGFUSE_PUBLIC_KEY environment variable. 
{"prompt_tag": "answer@v5", "schema": "DraftAnswer", "tokens": 5788, "event": "model_call.done", "correlation_id": "01KTYM5QTDSXQBE6PJV4HZDFBB", "query_preview": "What was NVIDIA's diluted earnings per share in fiscal 2026?", "level": "info", "timestamp": "2026-06-12T19:16:31.684443Z"}
{"node": "verify", "claim_count": 1, "event": "start", "correlation_id": "01KTYM5QTDSXQBE6PJV4HZDFBB", "query_preview": "What was NVIDIA's diluted earnings per share in fiscal 2026?", "level": "info", "timestamp": "2026-06-12T19:16:31.685271Z"}
{"prompt_tag": "verify_grounding@v2", "schema": "VerificationResult", "model": "cyankiwi/Qwen3.5-4B-AWQ-4bit", "max_tokens": 1024, "temperature": 0.1, "top_p": 0.8, "presence_penalty": 1.0, "seed": 42, "message_count": 1, "event": "model_call.start", "correlation_id": "01KTYM5QTDSXQBE6PJV4HZDFBB", "query_preview": "What was NVIDIA's diluted earnings per share in fiscal 2026?", "level": "info", "timestamp": "2026-06-12T19:16:31.688665Z"}
Authentication error: Langfuse client initialized without public_key. Client will be disabled. Provide a public_key parameter or set LANGFUSE_PUBLIC_KEY environment variable. 
{"prompt_tag": "verify_grounding@v2", "schema": "VerificationResult", "tokens": 4051, "event": "model_call.done", "correlation_id": "01KTYM5QTDSXQBE6PJV4HZDFBB", "query_preview": "What was NVIDIA's diluted earnings per share in fiscal 2026?", "level": "info", "timestamp": "2026-06-12T19:16:32.494242Z"}
{"node": "assess_relevance", "event": "start", "correlation_id": "01KTYM5QTDSXQBE6PJV4HZDFBB", "query_preview": "What was NVIDIA's diluted earnings per share in fiscal 2026?", "level": "info", "timestamp": "2026-06-12T19:16:32.495784Z"}
{"prompt_tag": "assess_relevance@v3", "schema": "RelevanceAssessment", "model": "cyankiwi/Qwen3.5-4B-AWQ-4bit", "max_tokens": 1024, "temperature": 0.1, "top_p": 0.8, "presence_penalty": 1.0, "seed": 42, "message_count": 1, "event": "model_call.start", "correlation_id": "01KTYM5QTDSXQBE6PJV4HZDFBB", "query_preview": "What was NVIDIA's diluted earnings per share in fiscal 2026?", "level": "info", "timestamp": "2026-06-12T19:16:32.496762Z"}
Authentication error: Langfuse client initialized without public_key. Client will be disabled. Provide a public_key parameter or set LANGFUSE_PUBLIC_KEY environment variable. 
{"prompt_tag": "assess_relevance@v3", "schema": "RelevanceAssessment", "tokens": 866, "event": "model_call.done", "correlation_id": "01KTYM5QTDSXQBE6PJV4HZDFBB", "query_preview": "What was NVIDIA's diluted earnings per share in fiscal 2026?", "level": "info", "timestamp": "2026-06-12T19:16:32.924916Z"}
{"node": "assess_relevance", "responsive": true, "event": "relevance", "correlation_id": "01KTYM5QTDSXQBE6PJV4HZDFBB", "query_preview": "What was NVIDIA's diluted earnings per share in fiscal 2026?", "level": "info", "timestamp": "2026-06-12T19:16:32.924974Z"}
{"node": "compose", "event": "start", "correlation_id": "01KTYM5QTDSXQBE6PJV4HZDFBB", "query_preview": "What was NVIDIA's diluted earnings per share in fiscal 2026?", "level": "info", "timestamp": "2026-06-12T19:16:32.926140Z"}
Authentication error: Langfuse client initialized without public_key. Client will be disabled. Provide a public_key parameter or set LANGFUSE_PUBLIC_KEY environment variable. 
{"node": "retrieve", "query_len": 53, "event": "start", "correlation_id": "01KTYM7EGY750A1RVNGKDPJSM0", "query_preview": "What was NVIDIA's Data Center revenue in fiscal 2026?", "level": "info", "timestamp": "2026-06-12T19:16:32.927687Z"}
{"query_len": 53, "k": 50, "event": "hybrid.start", "correlation_id": "01KTYM7EGY750A1RVNGKDPJSM0", "query_preview": "What was NVIDIA's Data Center revenue in fiscal 2026?", "level": "info", "timestamp": "2026-06-12T19:16:32.927725Z"}
{"query_len": 53, "k": 50, "dense": 50, "bm25": 0, "fused": 50, "term": false, "event": "hybrid.done", "correlation_id": "01KTYM7EGY750A1RVNGKDPJSM0", "query_preview": "What was NVIDIA's Data Center revenue in fiscal 2026?", "level": "info", "timestamp": "2026-06-12T19:16:33.000903Z"}
{"node": "retrieve", "candidate_count": 50, "event": "done", "correlation_id": "01KTYM7EGY750A1RVNGKDPJSM0", "query_preview": "What was NVIDIA's Data Center revenue in fiscal 2026?", "level": "info", "timestamp": "2026-06-12T19:16:33.001821Z"}
{"node": "expand_graph", "reason": "disabled_or_empty", "event": "skip", "correlation_id": "01KTYM7EGY750A1RVNGKDPJSM0", "query_preview": "What was NVIDIA's Data Center revenue in fiscal 2026?", "level": "info", "timestamp": "2026-06-12T19:16:33.003074Z"}
{"node": "rerank", "candidate_count": 50, "event": "start", "correlation_id": "01KTYM7EGY750A1RVNGKDPJSM0", "query_preview": "What was NVIDIA's Data Center revenue in fiscal 2026?", "level": "info", "timestamp": "2026-06-12T19:16:33.003521Z"}
{"node": "rerank", "top_k": 5, "source": "mode", "event": "top_k_resolved", "correlation_id": "01KTYM7EGY750A1RVNGKDPJSM0", "query_preview": "What was NVIDIA's Data Center revenue in fiscal 2026?", "level": "info", "timestamp": "2026-06-12T19:16:33.003564Z"}
{"candidates": 50, "top_k": 5, "backend": "cross_encoder", "event": "rerank.start", "correlation_id": "01KTYM7EGY750A1RVNGKDPJSM0", "query_preview": "What was NVIDIA's Data Center revenue in fiscal 2026?", "level": "info", "timestamp": "2026-06-12T19:16:33.003587Z"}
{"candidates": 50, "top_k": 5, "backend": "cross_encoder", "returned": 5, "event": "rerank.done", "correlation_id": "01KTYM7EGY750A1RVNGKDPJSM0", "query_preview": "What was NVIDIA's Data Center revenue in fiscal 2026?", "level": "info", "timestamp": "2026-06-12T19:17:21.006272Z"}
{"node": "rerank", "reranked_count": 5, "event": "done", "correlation_id": "01KTYM7EGY750A1RVNGKDPJSM0", "query_preview": "What was NVIDIA's Data Center revenue in fiscal 2026?", "level": "info", "timestamp": "2026-06-12T19:17:21.006375Z"}
{"node": "query_tables", "reason": "empty_or_not_table_shaped", "event": "skip", "correlation_id": "01KTYM7EGY750A1RVNGKDPJSM0", "query_preview": "What was NVIDIA's Data Center revenue in fiscal 2026?", "level": "info", "timestamp": "2026-06-12T19:17:21.008666Z"}
{"node": "assess", "reranked_count": 5, "event": "start", "correlation_id": "01KTYM7EGY750A1RVNGKDPJSM0", "query_preview": "What was NVIDIA's Data Center revenue in fiscal 2026?", "level": "info", "timestamp": "2026-06-12T19:17:21.009585Z"}
{"prompt_tag": "assess_sufficiency@v4", "schema": "SufficiencyAssessment", "model": "cyankiwi/Qwen3.5-4B-AWQ-4bit", "max_tokens": 1024, "temperature": 0.1, "top_p": 0.8, "presence_penalty": 1.0, "seed": 42, "message_count": 1, "event": "model_call.start", "correlation_id": "01KTYM7EGY750A1RVNGKDPJSM0", "query_preview": "What was NVIDIA's Data Center revenue in fiscal 2026?", "level": "info", "timestamp": "2026-06-12T19:17:21.011733Z"}
Authentication error: Langfuse client initialized without public_key. Client will be disabled. Provide a public_key parameter or set LANGFUSE_PUBLIC_KEY environment variable. 
{"prompt_tag": "assess_sufficiency@v4", "schema": "SufficiencyAssessment", "tokens": 3003, "event": "model_call.done", "correlation_id": "01KTYM7EGY750A1RVNGKDPJSM0", "query_preview": "What was NVIDIA's Data Center revenue in fiscal 2026?", "level": "info", "timestamp": "2026-06-12T19:17:22.173195Z"}
{"node": "answer", "regenerate_attempt": 0, "event": "start", "correlation_id": "01KTYM7EGY750A1RVNGKDPJSM0", "query_preview": "What was NVIDIA's Data Center revenue in fiscal 2026?", "level": "info", "timestamp": "2026-06-12T19:17:22.174415Z"}
{"prompt_tag": "answer@v5", "schema": "DraftAnswer", "model": "cyankiwi/Qwen3.5-4B-AWQ-4bit", "max_tokens": 1800, "temperature": 0.1, "top_p": 0.8, "presence_penalty": 1.0, "seed": 42, "message_count": 2, "event": "model_call.start", "correlation_id": "01KTYM7EGY750A1RVNGKDPJSM0", "query_preview": "What was NVIDIA's Data Center revenue in fiscal 2026?", "level": "info", "timestamp": "2026-06-12T19:17:22.176444Z"}
Authentication error: Langfuse client initialized without public_key. Client will be disabled. Provide a public_key parameter or set LANGFUSE_PUBLIC_KEY environment variable. 
{"prompt_tag": "answer@v5", "schema": "DraftAnswer", "tokens": 4635, "event": "model_call.done", "correlation_id": "01KTYM7EGY750A1RVNGKDPJSM0", "query_preview": "What was NVIDIA's Data Center revenue in fiscal 2026?", "level": "info", "timestamp": "2026-06-12T19:17:23.956655Z"}
{"node": "verify", "claim_count": 1, "event": "start", "correlation_id": "01KTYM7EGY750A1RVNGKDPJSM0", "query_preview": "What was NVIDIA's Data Center revenue in fiscal 2026?", "level": "info", "timestamp": "2026-06-12T19:17:23.957563Z"}
{"prompt_tag": "verify_grounding@v2", "schema": "VerificationResult", "model": "cyankiwi/Qwen3.5-4B-AWQ-4bit", "max_tokens": 1024, "temperature": 0.1, "top_p": 0.8, "presence_penalty": 1.0, "seed": 42, "message_count": 1, "event": "model_call.start", "correlation_id": "01KTYM7EGY750A1RVNGKDPJSM0", "query_preview": "What was NVIDIA's Data Center revenue in fiscal 2026?", "level": "info", "timestamp": "2026-06-12T19:17:23.960602Z"}
Authentication error: Langfuse client initialized without public_key. Client will be disabled. Provide a public_key parameter or set LANGFUSE_PUBLIC_KEY environment variable. 
{"prompt_tag": "verify_grounding@v2", "schema": "VerificationResult", "tokens": 2896, "event": "model_call.done", "correlation_id": "01KTYM7EGY750A1RVNGKDPJSM0", "query_preview": "What was NVIDIA's Data Center revenue in fiscal 2026?", "level": "info", "timestamp": "2026-06-12T19:17:24.583193Z"}
{"node": "assess_relevance", "event": "start", "correlation_id": "01KTYM7EGY750A1RVNGKDPJSM0", "query_preview": "What was NVIDIA's Data Center revenue in fiscal 2026?", "level": "info", "timestamp": "2026-06-12T19:17:24.584493Z"}
{"prompt_tag": "assess_relevance@v3", "schema": "RelevanceAssessment", "model": "cyankiwi/Qwen3.5-4B-AWQ-4bit", "max_tokens": 1024, "temperature": 0.1, "top_p": 0.8, "presence_penalty": 1.0, "seed": 42, "message_count": 1, "event": "model_call.start", "correlation_id": "01KTYM7EGY750A1RVNGKDPJSM0", "query_preview": "What was NVIDIA's Data Center revenue in fiscal 2026?", "level": "info", "timestamp": "2026-06-12T19:17:24.585523Z"}
Authentication error: Langfuse client initialized without public_key. Client will be disabled. Provide a public_key parameter or set LANGFUSE_PUBLIC_KEY environment variable. 
{"prompt_tag": "assess_relevance@v3", "schema": "RelevanceAssessment", "tokens": 873, "event": "model_call.done", "correlation_id": "01KTYM7EGY750A1RVNGKDPJSM0", "query_preview": "What was NVIDIA's Data Center revenue in fiscal 2026?", "level": "info", "timestamp": "2026-06-12T19:17:25.005745Z"}
{"node": "assess_relevance", "responsive": true, "event": "relevance", "correlation_id": "01KTYM7EGY750A1RVNGKDPJSM0", "query_preview": "What was NVIDIA's Data Center revenue in fiscal 2026?", "level": "info", "timestamp": "2026-06-12T19:17:25.005797Z"}
{"node": "compose", "event": "start", "correlation_id": "01KTYM7EGY750A1RVNGKDPJSM0", "query_preview": "What was NVIDIA's Data Center revenue in fiscal 2026?", "level": "info", "timestamp": "2026-06-12T19:17:25.006915Z"}
Authentication error: Langfuse client initialized without public_key. Client will be disabled. Provide a public_key parameter or set LANGFUSE_PUBLIC_KEY environment variable. 
{"node": "retrieve", "query_len": 93, "event": "start", "correlation_id": "01KTYM91CFVBPJFHX6B8TM1DT3", "query_preview": "How much cumulative Blackwell and Rubin revenue does NVIDIA see visibility into ", "level": "info", "timestamp": "2026-06-12T19:17:25.008438Z"}
{"query_len": 93, "k": 50, "event": "hybrid.start", "correlation_id": "01KTYM91CFVBPJFHX6B8TM1DT3", "query_preview": "How much cumulative Blackwell and Rubin revenue does NVIDIA see visibility into ", "level": "info", "timestamp": "2026-06-12T19:17:25.008477Z"}
{"query_len": 93, "k": 50, "dense": 50, "bm25": 0, "fused": 50, "term": false, "event": "hybrid.done", "correlation_id": "01KTYM91CFVBPJFHX6B8TM1DT3", "query_preview": "How much cumulative Blackwell and Rubin revenue does NVIDIA see visibility into ", "level": "info", "timestamp": "2026-06-12T19:17:25.125143Z"}
{"node": "retrieve", "candidate_count": 50, "event": "done", "correlation_id": "01KTYM91CFVBPJFHX6B8TM1DT3", "query_preview": "How much cumulative Blackwell and Rubin revenue does NVIDIA see visibility into ", "level": "info", "timestamp": "2026-06-12T19:17:25.126072Z"}
{"node": "expand_graph", "reason": "disabled_or_empty", "event": "skip", "correlation_id": "01KTYM91CFVBPJFHX6B8TM1DT3", "query_preview": "How much cumulative Blackwell and Rubin revenue does NVIDIA see visibility into ", "level": "info", "timestamp": "2026-06-12T19:17:25.127755Z"}
{"node": "rerank", "candidate_count": 50, "event": "start", "correlation_id": "01KTYM91CFVBPJFHX6B8TM1DT3", "query_preview": "How much cumulative Blackwell and Rubin revenue does NVIDIA see visibility into ", "level": "info", "timestamp": "2026-06-12T19:17:25.128448Z"}
{"node": "rerank", "top_k": 5, "source": "mode", "event": "top_k_resolved", "correlation_id": "01KTYM91CFVBPJFHX6B8TM1DT3", "query_preview": "How much cumulative Blackwell and Rubin revenue does NVIDIA see visibility into ", "level": "info", "timestamp": "2026-06-12T19:17:25.128504Z"}
{"candidates": 50, "top_k": 5, "backend": "cross_encoder", "event": "rerank.start", "correlation_id": "01KTYM91CFVBPJFHX6B8TM1DT3", "query_preview": "How much cumulative Blackwell and Rubin revenue does NVIDIA see visibility into ", "level": "info", "timestamp": "2026-06-12T19:17:25.128527Z"}
{"candidates": 50, "top_k": 5, "backend": "cross_encoder", "returned": 5, "event": "rerank.done", "correlation_id": "01KTYM91CFVBPJFHX6B8TM1DT3", "query_preview": "How much cumulative Blackwell and Rubin revenue does NVIDIA see visibility into ", "level": "info", "timestamp": "2026-06-12T19:18:17.407888Z"}
{"node": "rerank", "reranked_count": 5, "event": "done", "correlation_id": "01KTYM91CFVBPJFHX6B8TM1DT3", "query_preview": "How much cumulative Blackwell and Rubin revenue does NVIDIA see visibility into ", "level": "info", "timestamp": "2026-06-12T19:18:17.407988Z"}
{"node": "query_tables", "reason": "empty_or_not_table_shaped", "event": "skip", "correlation_id": "01KTYM91CFVBPJFHX6B8TM1DT3", "query_preview": "How much cumulative Blackwell and Rubin revenue does NVIDIA see visibility into ", "level": "info", "timestamp": "2026-06-12T19:18:17.410050Z"}
{"node": "assess", "reranked_count": 5, "event": "start", "correlation_id": "01KTYM91CFVBPJFHX6B8TM1DT3", "query_preview": "How much cumulative Blackwell and Rubin revenue does NVIDIA see visibility into ", "level": "info", "timestamp": "2026-06-12T19:18:17.410838Z"}
{"prompt_tag": "assess_sufficiency@v4", "schema": "SufficiencyAssessment", "model": "cyankiwi/Qwen3.5-4B-AWQ-4bit", "max_tokens": 1024, "temperature": 0.1, "top_p": 0.8, "presence_penalty": 1.0, "seed": 42, "message_count": 1, "event": "model_call.start", "correlation_id": "01KTYM91CFVBPJFHX6B8TM1DT3", "query_preview": "How much cumulative Blackwell and Rubin revenue does NVIDIA see visibility into ", "level": "info", "timestamp": "2026-06-12T19:18:17.412833Z"}
Authentication error: Langfuse client initialized without public_key. Client will be disabled. Provide a public_key parameter or set LANGFUSE_PUBLIC_KEY environment variable. 
{"prompt_tag": "assess_sufficiency@v4", "schema": "SufficiencyAssessment", "tokens": 2663, "event": "model_call.done", "correlation_id": "01KTYM91CFVBPJFHX6B8TM1DT3", "query_preview": "How much cumulative Blackwell and Rubin revenue does NVIDIA see visibility into ", "level": "info", "timestamp": "2026-06-12T19:18:18.523802Z"}
{"node": "answer", "regenerate_attempt": 0, "event": "start", "correlation_id": "01KTYM91CFVBPJFHX6B8TM1DT3", "query_preview": "How much cumulative Blackwell and Rubin revenue does NVIDIA see visibility into ", "level": "info", "timestamp": "2026-06-12T19:18:18.525132Z"}
{"prompt_tag": "answer@v5", "schema": "DraftAnswer", "model": "cyankiwi/Qwen3.5-4B-AWQ-4bit", "max_tokens": 1800, "temperature": 0.1, "top_p": 0.8, "presence_penalty": 1.0, "seed": 42, "message_count": 2, "event": "model_call.start", "correlation_id": "01KTYM91CFVBPJFHX6B8TM1DT3", "query_preview": "How much cumulative Blackwell and Rubin revenue does NVIDIA see visibility into ", "level": "info", "timestamp": "2026-06-12T19:18:18.527134Z"}
Authentication error: Langfuse client initialized without public_key. Client will be disabled. Provide a public_key parameter or set LANGFUSE_PUBLIC_KEY environment variable. 
{"prompt_tag": "answer@v5", "schema": "DraftAnswer", "tokens": 4285, "event": "model_call.done", "correlation_id": "01KTYM91CFVBPJFHX6B8TM1DT3", "query_preview": "How much cumulative Blackwell and Rubin revenue does NVIDIA see visibility into ", "level": "info", "timestamp": "2026-06-12T19:18:20.163444Z"}
{"node": "verify", "claim_count": 1, "event": "start", "correlation_id": "01KTYM91CFVBPJFHX6B8TM1DT3", "query_preview": "How much cumulative Blackwell and Rubin revenue does NVIDIA see visibility into ", "level": "info", "timestamp": "2026-06-12T19:18:20.164357Z"}
{"prompt_tag": "verify_grounding@v2", "schema": "VerificationResult", "model": "cyankiwi/Qwen3.5-4B-AWQ-4bit", "max_tokens": 1024, "temperature": 0.1, "top_p": 0.8, "presence_penalty": 1.0, "seed": 42, "message_count": 1, "event": "model_call.start", "correlation_id": "01KTYM91CFVBPJFHX6B8TM1DT3", "query_preview": "How much cumulative Blackwell and Rubin revenue does NVIDIA see visibility into ", "level": "info", "timestamp": "2026-06-12T19:18:20.167558Z"}
Authentication error: Langfuse client initialized without public_key. Client will be disabled. Provide a public_key parameter or set LANGFUSE_PUBLIC_KEY environment variable. 
{"prompt_tag": "verify_grounding@v2", "schema": "VerificationResult", "tokens": 2551, "event": "model_call.done", "correlation_id": "01KTYM91CFVBPJFHX6B8TM1DT3", "query_preview": "How much cumulative Blackwell and Rubin revenue does NVIDIA see visibility into ", "level": "info", "timestamp": "2026-06-12T19:18:20.738798Z"}
{"node": "assess_relevance", "event": "start", "correlation_id": "01KTYM91CFVBPJFHX6B8TM1DT3", "query_preview": "How much cumulative Blackwell and Rubin revenue does NVIDIA see visibility into ", "level": "info", "timestamp": "2026-06-12T19:18:20.739950Z"}
{"prompt_tag": "assess_relevance@v3", "schema": "RelevanceAssessment", "model": "cyankiwi/Qwen3.5-4B-AWQ-4bit", "max_tokens": 1024, "temperature": 0.1, "top_p": 0.8, "presence_penalty": 1.0, "seed": 42, "message_count": 1, "event": "model_call.start", "correlation_id": "01KTYM91CFVBPJFHX6B8TM1DT3", "query_preview": "How much cumulative Blackwell and Rubin revenue does NVIDIA see visibility into ", "level": "info", "timestamp": "2026-06-12T19:18:20.740966Z"}
Authentication error: Langfuse client initialized without public_key. Client will be disabled. Provide a public_key parameter or set LANGFUSE_PUBLIC_KEY environment variable. 
{"prompt_tag": "assess_relevance@v3", "schema": "RelevanceAssessment", "tokens": 869, "event": "model_call.done", "correlation_id": "01KTYM91CFVBPJFHX6B8TM1DT3", "query_preview": "How much cumulative Blackwell and Rubin revenue does NVIDIA see visibility into ", "level": "info", "timestamp": "2026-06-12T19:18:21.142815Z"}
{"node": "assess_relevance", "responsive": true, "event": "relevance", "correlation_id": "01KTYM91CFVBPJFHX6B8TM1DT3", "query_preview": "How much cumulative Blackwell and Rubin revenue does NVIDIA see visibility into ", "level": "info", "timestamp": "2026-06-12T19:18:21.142868Z"}
{"node": "compose", "event": "start", "correlation_id": "01KTYM91CFVBPJFHX6B8TM1DT3", "query_preview": "How much cumulative Blackwell and Rubin revenue does NVIDIA see visibility into ", "level": "info", "timestamp": "2026-06-12T19:18:21.143934Z"}
Authentication error: Langfuse client initialized without public_key. Client will be disabled. Provide a public_key parameter or set LANGFUSE_PUBLIC_KEY environment variable. 
{"node": "retrieve", "query_len": 46, "event": "start", "correlation_id": "01KTYMAR6R6KH5JWX9V7WESXBB", "query_preview": "What was NVIDIA's gross margin in fiscal 2026?", "level": "info", "timestamp": "2026-06-12T19:18:21.145409Z"}
{"query_len": 46, "k": 50, "event": "hybrid.start", "correlation_id": "01KTYMAR6R6KH5JWX9V7WESXBB", "query_preview": "What was NVIDIA's gross margin in fiscal 2026?", "level": "info", "timestamp": "2026-06-12T19:18:21.145445Z"}
{"query_len": 46, "k": 50, "dense": 50, "bm25": 0, "fused": 50, "term": false, "event": "hybrid.done", "correlation_id": "01KTYMAR6R6KH5JWX9V7WESXBB", "query_preview": "What was NVIDIA's gross margin in fiscal 2026?", "level": "info", "timestamp": "2026-06-12T19:18:21.233186Z"}
{"node": "retrieve", "candidate_count": 50, "event": "done", "correlation_id": "01KTYMAR6R6KH5JWX9V7WESXBB", "query_preview": "What was NVIDIA's gross margin in fiscal 2026?", "level": "info", "timestamp": "2026-06-12T19:18:21.234125Z"}
{"node": "expand_graph", "reason": "disabled_or_empty", "event": "skip", "correlation_id": "01KTYMAR6R6KH5JWX9V7WESXBB", "query_preview": "What was NVIDIA's gross margin in fiscal 2026?", "level": "info", "timestamp": "2026-06-12T19:18:21.235538Z"}
{"node": "rerank", "candidate_count": 50, "event": "start", "correlation_id": "01KTYMAR6R6KH5JWX9V7WESXBB", "query_preview": "What was NVIDIA's gross margin in fiscal 2026?", "level": "info", "timestamp": "2026-06-12T19:18:21.236015Z"}
{"node": "rerank", "top_k": 5, "source": "mode", "event": "top_k_resolved", "correlation_id": "01KTYMAR6R6KH5JWX9V7WESXBB", "query_preview": "What was NVIDIA's gross margin in fiscal 2026?", "level": "info", "timestamp": "2026-06-12T19:18:21.236065Z"}
{"candidates": 50, "top_k": 5, "backend": "cross_encoder", "event": "rerank.start", "correlation_id": "01KTYMAR6R6KH5JWX9V7WESXBB", "query_preview": "What was NVIDIA's gross margin in fiscal 2026?", "level": "info", "timestamp": "2026-06-12T19:18:21.236091Z"}
{"candidates": 50, "top_k": 5, "backend": "cross_encoder", "returned": 5, "event": "rerank.done", "correlation_id": "01KTYMAR6R6KH5JWX9V7WESXBB", "query_preview": "What was NVIDIA's gross margin in fiscal 2026?", "level": "info", "timestamp": "2026-06-12T19:19:10.717625Z"}
{"node": "rerank", "reranked_count": 5, "event": "done", "correlation_id": "01KTYMAR6R6KH5JWX9V7WESXBB", "query_preview": "What was NVIDIA's gross margin in fiscal 2026?", "level": "info", "timestamp": "2026-06-12T19:19:10.717731Z"}
{"node": "query_tables", "reason": "empty_or_not_table_shaped", "event": "skip", "correlation_id": "01KTYMAR6R6KH5JWX9V7WESXBB", "query_preview": "What was NVIDIA's gross margin in fiscal 2026?", "level": "info", "timestamp": "2026-06-12T19:19:10.720286Z"}
{"node": "assess", "reranked_count": 5, "event": "start", "correlation_id": "01KTYMAR6R6KH5JWX9V7WESXBB", "query_preview": "What was NVIDIA's gross margin in fiscal 2026?", "level": "info", "timestamp": "2026-06-12T19:19:10.721225Z"}
{"prompt_tag": "assess_sufficiency@v4", "schema": "SufficiencyAssessment", "model": "cyankiwi/Qwen3.5-4B-AWQ-4bit", "max_tokens": 1024, "temperature": 0.1, "top_p": 0.8, "presence_penalty": 1.0, "seed": 42, "message_count": 1, "event": "model_call.start", "correlation_id": "01KTYMAR6R6KH5JWX9V7WESXBB", "query_preview": "What was NVIDIA's gross margin in fiscal 2026?", "level": "info", "timestamp": "2026-06-12T19:19:10.723392Z"}
Authentication error: Langfuse client initialized without public_key. Client will be disabled. Provide a public_key parameter or set LANGFUSE_PUBLIC_KEY environment variable. 
{"prompt_tag": "assess_sufficiency@v4", "schema": "SufficiencyAssessment", "tokens": 3422, "event": "model_call.done", "correlation_id": "01KTYMAR6R6KH5JWX9V7WESXBB", "query_preview": "What was NVIDIA's gross margin in fiscal 2026?", "level": "info", "timestamp": "2026-06-12T19:19:11.657537Z"}
{"node": "answer", "regenerate_attempt": 0, "event": "start", "correlation_id": "01KTYMAR6R6KH5JWX9V7WESXBB", "query_preview": "What was NVIDIA's gross margin in fiscal 2026?", "level": "info", "timestamp": "2026-06-12T19:19:11.658809Z"}
{"prompt_tag": "answer@v5", "schema": "DraftAnswer", "model": "cyankiwi/Qwen3.5-4B-AWQ-4bit", "max_tokens": 1800, "temperature": 0.1, "top_p": 0.8, "presence_penalty": 1.0, "seed": 42, "message_count": 2, "event": "model_call.start", "correlation_id": "01KTYMAR6R6KH5JWX9V7WESXBB", "query_preview": "What was NVIDIA's gross margin in fiscal 2026?", "level": "info", "timestamp": "2026-06-12T19:19:11.660837Z"}
Authentication error: Langfuse client initialized without public_key. Client will be disabled. Provide a public_key parameter or set LANGFUSE_PUBLIC_KEY environment variable. 
{"prompt_tag": "answer@v5", "schema": "DraftAnswer", "tokens": 5086, "event": "model_call.done", "correlation_id": "01KTYMAR6R6KH5JWX9V7WESXBB", "query_preview": "What was NVIDIA's gross margin in fiscal 2026?", "level": "info", "timestamp": "2026-06-12T19:19:13.504246Z"}
{"node": "verify", "claim_count": 1, "event": "start", "correlation_id": "01KTYMAR6R6KH5JWX9V7WESXBB", "query_preview": "What was NVIDIA's gross margin in fiscal 2026?", "level": "info", "timestamp": "2026-06-12T19:19:13.505244Z"}
{"prompt_tag": "verify_grounding@v2", "schema": "VerificationResult", "model": "cyankiwi/Qwen3.5-4B-AWQ-4bit", "max_tokens": 1024, "temperature": 0.1, "top_p": 0.8, "presence_penalty": 1.0, "seed": 42, "message_count": 1, "event": "model_call.start", "correlation_id": "01KTYMAR6R6KH5JWX9V7WESXBB", "query_preview": "What was NVIDIA's gross margin in fiscal 2026?", "level": "info", "timestamp": "2026-06-12T19:19:13.508867Z"}
Authentication error: Langfuse client initialized without public_key. Client will be disabled. Provide a public_key parameter or set LANGFUSE_PUBLIC_KEY environment variable. 
{"prompt_tag": "verify_grounding@v2", "schema": "VerificationResult", "tokens": 3339, "event": "model_call.done", "correlation_id": "01KTYMAR6R6KH5JWX9V7WESXBB", "query_preview": "What was NVIDIA's gross margin in fiscal 2026?", "level": "info", "timestamp": "2026-06-12T19:19:14.202376Z"}
{"node": "assess_relevance", "event": "start", "correlation_id": "01KTYMAR6R6KH5JWX9V7WESXBB", "query_preview": "What was NVIDIA's gross margin in fiscal 2026?", "level": "info", "timestamp": "2026-06-12T19:19:14.204174Z"}
{"prompt_tag": "assess_relevance@v3", "schema": "RelevanceAssessment", "model": "cyankiwi/Qwen3.5-4B-AWQ-4bit", "max_tokens": 1024, "temperature": 0.1, "top_p": 0.8, "presence_penalty": 1.0, "seed": 42, "message_count": 1, "event": "model_call.start", "correlation_id": "01KTYMAR6R6KH5JWX9V7WESXBB", "query_preview": "What was NVIDIA's gross margin in fiscal 2026?", "level": "info", "timestamp": "2026-06-12T19:19:14.205189Z"}
Authentication error: Langfuse client initialized without public_key. Client will be disabled. Provide a public_key parameter or set LANGFUSE_PUBLIC_KEY environment variable. 
{"prompt_tag": "assess_relevance@v3", "schema": "RelevanceAssessment", "tokens": 868, "event": "model_call.done", "correlation_id": "01KTYMAR6R6KH5JWX9V7WESXBB", "query_preview": "What was NVIDIA's gross margin in fiscal 2026?", "level": "info", "timestamp": "2026-06-12T19:19:14.614922Z"}
{"node": "assess_relevance", "responsive": true, "event": "relevance", "correlation_id": "01KTYMAR6R6KH5JWX9V7WESXBB", "query_preview": "What was NVIDIA's gross margin in fiscal 2026?", "level": "info", "timestamp": "2026-06-12T19:19:14.614977Z"}
{"node": "compose", "event": "start", "correlation_id": "01KTYMAR6R6KH5JWX9V7WESXBB", "query_preview": "What was NVIDIA's gross margin in fiscal 2026?", "level": "info", "timestamp": "2026-06-12T19:19:14.616428Z"}
Authentication error: Langfuse client initialized without public_key. Client will be disabled. Provide a public_key parameter or set LANGFUSE_PUBLIC_KEY environment variable. 
{"node": "retrieve", "query_len": 61, "event": "start", "correlation_id": "01KTYMCCDSSKWM3A3ZJRH32QH2", "query_preview": "What is the home address of NVIDIA's Chief Financial Officer?", "level": "info", "timestamp": "2026-06-12T19:19:14.618015Z"}
{"query_len": 61, "k": 50, "event": "hybrid.start", "correlation_id": "01KTYMCCDSSKWM3A3ZJRH32QH2", "query_preview": "What is the home address of NVIDIA's Chief Financial Officer?", "level": "info", "timestamp": "2026-06-12T19:19:14.618054Z"}
{"query_len": 61, "k": 50, "dense": 50, "bm25": 0, "fused": 50, "term": false, "event": "hybrid.done", "correlation_id": "01KTYMCCDSSKWM3A3ZJRH32QH2", "query_preview": "What is the home address of NVIDIA's Chief Financial Officer?", "level": "info", "timestamp": "2026-06-12T19:19:14.719147Z"}
{"node": "retrieve", "candidate_count": 50, "event": "done", "correlation_id": "01KTYMCCDSSKWM3A3ZJRH32QH2", "query_preview": "What is the home address of NVIDIA's Chief Financial Officer?", "level": "info", "timestamp": "2026-06-12T19:19:14.720072Z"}
{"node": "expand_graph", "reason": "disabled_or_empty", "event": "skip", "correlation_id": "01KTYMCCDSSKWM3A3ZJRH32QH2", "query_preview": "What is the home address of NVIDIA's Chief Financial Officer?", "level": "info", "timestamp": "2026-06-12T19:19:14.721366Z"}
{"node": "rerank", "candidate_count": 50, "event": "start", "correlation_id": "01KTYMCCDSSKWM3A3ZJRH32QH2", "query_preview": "What is the home address of NVIDIA's Chief Financial Officer?", "level": "info", "timestamp": "2026-06-12T19:19:14.721867Z"}
{"node": "rerank", "top_k": 5, "source": "mode", "event": "top_k_resolved", "correlation_id": "01KTYMCCDSSKWM3A3ZJRH32QH2", "query_preview": "What is the home address of NVIDIA's Chief Financial Officer?", "level": "info", "timestamp": "2026-06-12T19:19:14.721910Z"}
{"candidates": 50, "top_k": 5, "backend": "cross_encoder", "event": "rerank.start", "correlation_id": "01KTYMCCDSSKWM3A3ZJRH32QH2", "query_preview": "What is the home address of NVIDIA's Chief Financial Officer?", "level": "info", "timestamp": "2026-06-12T19:19:14.721931Z"}
{"candidates": 50, "top_k": 5, "backend": "cross_encoder", "returned": 5, "event": "rerank.done", "correlation_id": "01KTYMCCDSSKWM3A3ZJRH32QH2", "query_preview": "What is the home address of NVIDIA's Chief Financial Officer?", "level": "info", "timestamp": "2026-06-12T19:19:53.631973Z"}
{"node": "rerank", "reranked_count": 5, "event": "done", "correlation_id": "01KTYMCCDSSKWM3A3ZJRH32QH2", "query_preview": "What is the home address of NVIDIA's Chief Financial Officer?", "level": "info", "timestamp": "2026-06-12T19:19:53.632076Z"}
{"node": "query_tables", "reason": "empty_or_not_table_shaped", "event": "skip", "correlation_id": "01KTYMCCDSSKWM3A3ZJRH32QH2", "query_preview": "What is the home address of NVIDIA's Chief Financial Officer?", "level": "info", "timestamp": "2026-06-12T19:19:53.633851Z"}
{"node": "assess", "reranked_count": 5, "event": "start", "correlation_id": "01KTYMCCDSSKWM3A3ZJRH32QH2", "query_preview": "What is the home address of NVIDIA's Chief Financial Officer?", "level": "info", "timestamp": "2026-06-12T19:19:53.634597Z"}
{"prompt_tag": "assess_sufficiency@v4", "schema": "SufficiencyAssessment", "model": "cyankiwi/Qwen3.5-4B-AWQ-4bit", "max_tokens": 1024, "temperature": 0.1, "top_p": 0.8, "presence_penalty": 1.0, "seed": 42, "message_count": 1, "event": "model_call.start", "correlation_id": "01KTYMCCDSSKWM3A3ZJRH32QH2", "query_preview": "What is the home address of NVIDIA's Chief Financial Officer?", "level": "info", "timestamp": "2026-06-12T19:19:53.636333Z"}
Authentication error: Langfuse client initialized without public_key. Client will be disabled. Provide a public_key parameter or set LANGFUSE_PUBLIC_KEY environment variable. 
{"prompt_tag": "assess_sufficiency@v4", "schema": "SufficiencyAssessment", "tokens": 2402, "event": "model_call.done", "correlation_id": "01KTYMCCDSSKWM3A3ZJRH32QH2", "query_preview": "What is the home address of NVIDIA's Chief Financial Officer?", "level": "info", "timestamp": "2026-06-12T19:19:54.423324Z"}
{"node": "answer", "regenerate_attempt": 0, "event": "start", "correlation_id": "01KTYMCCDSSKWM3A3ZJRH32QH2", "query_preview": "What is the home address of NVIDIA's Chief Financial Officer?", "level": "info", "timestamp": "2026-06-12T19:19:54.424536Z"}
{"prompt_tag": "answer@v5", "schema": "DraftAnswer", "model": "cyankiwi/Qwen3.5-4B-AWQ-4bit", "max_tokens": 1800, "temperature": 0.1, "top_p": 0.8, "presence_penalty": 1.0, "seed": 42, "message_count": 2, "event": "model_call.start", "correlation_id": "01KTYMCCDSSKWM3A3ZJRH32QH2", "query_preview": "What is the home address of NVIDIA's Chief Financial Officer?", "level": "info", "timestamp": "2026-06-12T19:19:54.426519Z"}
Authentication error: Langfuse client initialized without public_key. Client will be disabled. Provide a public_key parameter or set LANGFUSE_PUBLIC_KEY environment variable. 
{"prompt_tag": "answer@v5", "schema": "DraftAnswer", "tokens": 3959, "event": "model_call.done", "correlation_id": "01KTYMCCDSSKWM3A3ZJRH32QH2", "query_preview": "What is the home address of NVIDIA's Chief Financial Officer?", "level": "info", "timestamp": "2026-06-12T19:19:55.156821Z"}
{"node": "answer", "summary_head": "The chunks identify Colette M. Kress as NVIDIA's Chief Financial Officer, but do not state her home address.", "event": "answer.denial_reframe_retry", "correlation_id": "01KTYMCCDSSKWM3A3ZJRH32QH2", "query_preview": "What is the home address of NVIDIA's Chief Financial Officer?", "level": "info", "timestamp": "2026-06-12T19:19:55.156903Z"}
{"prompt_tag": "answer@v5", "schema": "DraftAnswer", "model": "cyankiwi/Qwen3.5-4B-AWQ-4bit", "max_tokens": 1800, "temperature": 0.1, "top_p": 0.8, "presence_penalty": 1.0, "seed": 42, "message_count": 2, "event": "model_call.start", "correlation_id": "01KTYMCCDSSKWM3A3ZJRH32QH2", "query_preview": "What is the home address of NVIDIA's Chief Financial Officer?", "level": "info", "timestamp": "2026-06-12T19:19:55.159594Z"}
Authentication error: Langfuse client initialized without public_key. Client will be disabled. Provide a public_key parameter or set LANGFUSE_PUBLIC_KEY environment variable. 
{"prompt_tag": "answer@v5", "schema": "DraftAnswer", "tokens": 4068, "event": "model_call.done", "correlation_id": "01KTYMCCDSSKWM3A3ZJRH32QH2", "query_preview": "What is the home address of NVIDIA's Chief Financial Officer?", "level": "info", "timestamp": "2026-06-12T19:19:55.579045Z"}
{"node": "verify", "claim_count": 0, "event": "start", "correlation_id": "01KTYMCCDSSKWM3A3ZJRH32QH2", "query_preview": "What is the home address of NVIDIA's Chief Financial Officer?", "level": "info", "timestamp": "2026-06-12T19:19:55.580038Z"}
{"node": "verify", "event": "empty_draft_shortcircuit", "correlation_id": "01KTYMCCDSSKWM3A3ZJRH32QH2", "query_preview": "What is the home address of NVIDIA's Chief Financial Officer?", "level": "info", "timestamp": "2026-06-12T19:19:55.580085Z"}
{"node": "assess_relevance", "event": "start", "correlation_id": "01KTYMCCDSSKWM3A3ZJRH32QH2", "query_preview": "What is the home address of NVIDIA's Chief Financial Officer?", "level": "info", "timestamp": "2026-06-12T19:19:55.581152Z"}
{"prompt_tag": "assess_relevance@v3", "schema": "RelevanceAssessment", "model": "cyankiwi/Qwen3.5-4B-AWQ-4bit", "max_tokens": 1024, "temperature": 0.1, "top_p": 0.8, "presence_penalty": 1.0, "seed": 42, "message_count": 1, "event": "model_call.start", "correlation_id": "01KTYMCCDSSKWM3A3ZJRH32QH2", "query_preview": "What is the home address of NVIDIA's Chief Financial Officer?", "level": "info", "timestamp": "2026-06-12T19:19:55.582462Z"}
Authentication error: Langfuse client initialized without public_key. Client will be disabled. Provide a public_key parameter or set LANGFUSE_PUBLIC_KEY environment variable. 
{"prompt_tag": "assess_relevance@v3", "schema": "RelevanceAssessment", "tokens": 813, "event": "model_call.done", "correlation_id": "01KTYMCCDSSKWM3A3ZJRH32QH2", "query_preview": "What is the home address of NVIDIA's Chief Financial Officer?", "level": "info", "timestamp": "2026-06-12T19:19:55.934623Z"}
{"node": "assess_relevance", "responsive": true, "event": "relevance", "correlation_id": "01KTYMCCDSSKWM3A3ZJRH32QH2", "query_preview": "What is the home address of NVIDIA's Chief Financial Officer?", "level": "info", "timestamp": "2026-06-12T19:19:55.934689Z"}
{"node": "compose", "event": "start", "correlation_id": "01KTYMCCDSSKWM3A3ZJRH32QH2", "query_preview": "What is the home address of NVIDIA's Chief Financial Officer?", "level": "info", "timestamp": "2026-06-12T19:19:55.936205Z"}
Authentication error: Langfuse client initialized without public_key. Client will be disabled. Provide a public_key parameter or set LANGFUSE_PUBLIC_KEY environment variable. 
{"node": "retrieve", "query_len": 79, "event": "start", "correlation_id": "01KTYMDMS0BCE4BQG7BNXXPQVR", "query_preview": "How many NVIDIA employees work specifically in the Stuttgart office in Germany?", "level": "info", "timestamp": "2026-06-12T19:19:55.937836Z"}
{"query_len": 79, "k": 50, "event": "hybrid.start", "correlation_id": "01KTYMDMS0BCE4BQG7BNXXPQVR", "query_preview": "How many NVIDIA employees work specifically in the Stuttgart office in Germany?", "level": "info", "timestamp": "2026-06-12T19:19:55.937881Z"}
{"query_len": 79, "k": 50, "dense": 50, "bm25": 0, "fused": 50, "term": false, "event": "hybrid.done", "correlation_id": "01KTYMDMS0BCE4BQG7BNXXPQVR", "query_preview": "How many NVIDIA employees work specifically in the Stuttgart office in Germany?", "level": "info", "timestamp": "2026-06-12T19:19:56.023800Z"}
{"node": "retrieve", "candidate_count": 50, "event": "done", "correlation_id": "01KTYMDMS0BCE4BQG7BNXXPQVR", "query_preview": "How many NVIDIA employees work specifically in the Stuttgart office in Germany?", "level": "info", "timestamp": "2026-06-12T19:19:56.025094Z"}
{"node": "expand_graph", "reason": "disabled_or_empty", "event": "skip", "correlation_id": "01KTYMDMS0BCE4BQG7BNXXPQVR", "query_preview": "How many NVIDIA employees work specifically in the Stuttgart office in Germany?", "level": "info", "timestamp": "2026-06-12T19:19:56.026865Z"}
{"node": "rerank", "candidate_count": 50, "event": "start", "correlation_id": "01KTYMDMS0BCE4BQG7BNXXPQVR", "query_preview": "How many NVIDIA employees work specifically in the Stuttgart office in Germany?", "level": "info", "timestamp": "2026-06-12T19:19:56.027451Z"}
{"node": "rerank", "top_k": 5, "source": "mode", "event": "top_k_resolved", "correlation_id": "01KTYMDMS0BCE4BQG7BNXXPQVR", "query_preview": "How many NVIDIA employees work specifically in the Stuttgart office in Germany?", "level": "info", "timestamp": "2026-06-12T19:19:56.027510Z"}
{"candidates": 50, "top_k": 5, "backend": "cross_encoder", "event": "rerank.start", "correlation_id": "01KTYMDMS0BCE4BQG7BNXXPQVR", "query_preview": "How many NVIDIA employees work specifically in the Stuttgart office in Germany?", "level": "info", "timestamp": "2026-06-12T19:19:56.027543Z"}
{"candidates": 50, "top_k": 5, "backend": "cross_encoder", "returned": 5, "event": "rerank.done", "correlation_id": "01KTYMDMS0BCE4BQG7BNXXPQVR", "query_preview": "How many NVIDIA employees work specifically in the Stuttgart office in Germany?", "level": "info", "timestamp": "2026-06-12T19:20:36.088820Z"}
{"node": "rerank", "reranked_count": 5, "event": "done", "correlation_id": "01KTYMDMS0BCE4BQG7BNXXPQVR", "query_preview": "How many NVIDIA employees work specifically in the Stuttgart office in Germany?", "level": "info", "timestamp": "2026-06-12T19:20:36.088930Z"}
{"prompt_tag": "generate_table_sql@v1", "schema": "GeneratedSQL", "model": "cyankiwi/Qwen3.5-4B-AWQ-4bit", "max_tokens": 1024, "temperature": 0.1, "top_p": 0.8, "presence_penalty": 1.0, "seed": 42, "message_count": 1, "event": "model_call.start", "correlation_id": "01KTYMDMS0BCE4BQG7BNXXPQVR", "query_preview": "How many NVIDIA employees work specifically in the Stuttgart office in Germany?", "level": "info", "timestamp": "2026-06-12T19:20:36.095766Z"}
Authentication error: Langfuse client initialized without public_key. Client will be disabled. Provide a public_key parameter or set LANGFUSE_PUBLIC_KEY environment variable. 
{"prompt_tag": "generate_table_sql@v1", "schema": "GeneratedSQL", "tokens": 1130, "event": "model_call.done", "correlation_id": "01KTYMDMS0BCE4BQG7BNXXPQVR", "query_preview": "How many NVIDIA employees work specifically in the Stuttgart office in Germany?", "level": "info", "timestamp": "2026-06-12T19:20:36.459688Z"}
{"node": "query_doc_tables", "sql": "", "target": "", "event": "table_sql.generated", "correlation_id": "01KTYMDMS0BCE4BQG7BNXXPQVR", "query_preview": "How many NVIDIA employees work specifically in the Stuttgart office in Germany?", "level": "info", "timestamp": "2026-06-12T19:20:36.459742Z"}
{"node": "query_doc_tables", "sql": "", "event": "table_sql.rejected_not_select", "correlation_id": "01KTYMDMS0BCE4BQG7BNXXPQVR", "query_preview": "How many NVIDIA employees work specifically in the Stuttgart office in Germany?", "level": "info", "timestamp": "2026-06-12T19:20:36.459765Z"}
{"node": "query_tables", "event": "no_table_answer", "correlation_id": "01KTYMDMS0BCE4BQG7BNXXPQVR", "query_preview": "How many NVIDIA employees work specifically in the Stuttgart office in Germany?", "level": "info", "timestamp": "2026-06-12T19:20:36.460188Z"}
{"node": "assess", "reranked_count": 5, "event": "start", "correlation_id": "01KTYMDMS0BCE4BQG7BNXXPQVR", "query_preview": "How many NVIDIA employees work specifically in the Stuttgart office in Germany?", "level": "info", "timestamp": "2026-06-12T19:20:36.460974Z"}
{"prompt_tag": "assess_sufficiency@v4", "schema": "SufficiencyAssessment", "model": "cyankiwi/Qwen3.5-4B-AWQ-4bit", "max_tokens": 1024, "temperature": 0.1, "top_p": 0.8, "presence_penalty": 1.0, "seed": 42, "message_count": 1, "event": "model_call.start", "correlation_id": "01KTYMDMS0BCE4BQG7BNXXPQVR", "query_preview": "How many NVIDIA employees work specifically in the Stuttgart office in Germany?", "level": "info", "timestamp": "2026-06-12T19:20:36.462252Z"}
Authentication error: Langfuse client initialized without public_key. Client will be disabled. Provide a public_key parameter or set LANGFUSE_PUBLIC_KEY environment variable. 
{"prompt_tag": "assess_sufficiency@v4", "schema": "SufficiencyAssessment", "tokens": 3195, "event": "model_call.done", "correlation_id": "01KTYMDMS0BCE4BQG7BNXXPQVR", "query_preview": "How many NVIDIA employees work specifically in the Stuttgart office in Germany?", "level": "info", "timestamp": "2026-06-12T19:20:37.372643Z"}
{"node": "refuse", "event": "start", "correlation_id": "01KTYMDMS0BCE4BQG7BNXXPQVR", "query_preview": "How many NVIDIA employees work specifically in the Stuttgart office in Germany?", "level": "info", "timestamp": "2026-06-12T19:20:37.374350Z"}
Authentication error: Langfuse client initialized without public_key. Client will be disabled. Provide a public_key parameter or set LANGFUSE_PUBLIC_KEY environment variable. 
{"node": "retrieve", "query_len": 55, "event": "start", "correlation_id": "01KTYMEX7ZNPSAVSQ87HZYDKCJ", "query_preview": "What was NVIDIA's projected revenue for fiscal Q1 2028?", "level": "info", "timestamp": "2026-06-12T19:20:37.376086Z"}
{"query_len": 55, "k": 50, "event": "hybrid.start", "correlation_id": "01KTYMEX7ZNPSAVSQ87HZYDKCJ", "query_preview": "What was NVIDIA's projected revenue for fiscal Q1 2028?", "level": "info", "timestamp": "2026-06-12T19:20:37.376121Z"}
{"query_len": 55, "k": 50, "dense": 50, "bm25": 0, "fused": 50, "term": false, "event": "hybrid.done", "correlation_id": "01KTYMEX7ZNPSAVSQ87HZYDKCJ", "query_preview": "What was NVIDIA's projected revenue for fiscal Q1 2028?", "level": "info", "timestamp": "2026-06-12T19:20:37.441572Z"}
{"node": "retrieve", "candidate_count": 50, "event": "done", "correlation_id": "01KTYMEX7ZNPSAVSQ87HZYDKCJ", "query_preview": "What was NVIDIA's projected revenue for fiscal Q1 2028?", "level": "info", "timestamp": "2026-06-12T19:20:37.442476Z"}
{"node": "expand_graph", "reason": "disabled_or_empty", "event": "skip", "correlation_id": "01KTYMEX7ZNPSAVSQ87HZYDKCJ", "query_preview": "What was NVIDIA's projected revenue for fiscal Q1 2028?", "level": "info", "timestamp": "2026-06-12T19:20:37.443753Z"}
{"node": "rerank", "candidate_count": 50, "event": "start", "correlation_id": "01KTYMEX7ZNPSAVSQ87HZYDKCJ", "query_preview": "What was NVIDIA's projected revenue for fiscal Q1 2028?", "level": "info", "timestamp": "2026-06-12T19:20:37.444265Z"}
{"node": "rerank", "top_k": 5, "source": "mode", "event": "top_k_resolved", "correlation_id": "01KTYMEX7ZNPSAVSQ87HZYDKCJ", "query_preview": "What was NVIDIA's projected revenue for fiscal Q1 2028?", "level": "info", "timestamp": "2026-06-12T19:20:37.444309Z"}
{"candidates": 50, "top_k": 5, "backend": "cross_encoder", "event": "rerank.start", "correlation_id": "01KTYMEX7ZNPSAVSQ87HZYDKCJ", "query_preview": "What was NVIDIA's projected revenue for fiscal Q1 2028?", "level": "info", "timestamp": "2026-06-12T19:20:37.444332Z"}
{"candidates": 50, "top_k": 5, "backend": "cross_encoder", "returned": 5, "event": "rerank.done", "correlation_id": "01KTYMEX7ZNPSAVSQ87HZYDKCJ", "query_preview": "What was NVIDIA's projected revenue for fiscal Q1 2028?", "level": "info", "timestamp": "2026-06-12T19:21:27.796984Z"}
{"node": "rerank", "reranked_count": 5, "event": "done", "correlation_id": "01KTYMEX7ZNPSAVSQ87HZYDKCJ", "query_preview": "What was NVIDIA's projected revenue for fiscal Q1 2028?", "level": "info", "timestamp": "2026-06-12T19:21:27.797076Z"}
{"node": "query_tables", "reason": "empty_or_not_table_shaped", "event": "skip", "correlation_id": "01KTYMEX7ZNPSAVSQ87HZYDKCJ", "query_preview": "What was NVIDIA's projected revenue for fiscal Q1 2028?", "level": "info", "timestamp": "2026-06-12T19:21:27.798521Z"}
{"node": "assess", "reranked_count": 5, "event": "start", "correlation_id": "01KTYMEX7ZNPSAVSQ87HZYDKCJ", "query_preview": "What was NVIDIA's projected revenue for fiscal Q1 2028?", "level": "info", "timestamp": "2026-06-12T19:21:27.799147Z"}
{"prompt_tag": "assess_sufficiency@v4", "schema": "SufficiencyAssessment", "model": "cyankiwi/Qwen3.5-4B-AWQ-4bit", "max_tokens": 1024, "temperature": 0.1, "top_p": 0.8, "presence_penalty": 1.0, "seed": 42, "message_count": 1, "event": "model_call.start", "correlation_id": "01KTYMEX7ZNPSAVSQ87HZYDKCJ", "query_preview": "What was NVIDIA's projected revenue for fiscal Q1 2028?", "level": "info", "timestamp": "2026-06-12T19:21:27.800659Z"}
Authentication error: Langfuse client initialized without public_key. Client will be disabled. Provide a public_key parameter or set LANGFUSE_PUBLIC_KEY environment variable. 
{"prompt_tag": "assess_sufficiency@v4", "schema": "SufficiencyAssessment", "tokens": 3593, "event": "model_call.done", "correlation_id": "01KTYMEX7ZNPSAVSQ87HZYDKCJ", "query_preview": "What was NVIDIA's projected revenue for fiscal Q1 2028?", "level": "info", "timestamp": "2026-06-12T19:21:28.968121Z"}
{"node": "refuse", "event": "start", "correlation_id": "01KTYMEX7ZNPSAVSQ87HZYDKCJ", "query_preview": "What was NVIDIA's projected revenue for fiscal Q1 2028?", "level": "info", "timestamp": "2026-06-12T19:21:28.969346Z"}
Authentication error: Langfuse client initialized without public_key. Client will be disabled. Provide a public_key parameter or set LANGFUSE_PUBLIC_KEY environment variable. 
{"node": "retrieve", "query_len": 101, "event": "start", "correlation_id": "01KTYMGFM9WCV7RQK0ZKPW94MV", "query_preview": "According to the Compensation Committee process timeline figure, what did the CC", "level": "info", "timestamp": "2026-06-12T19:21:28.970967Z"}
{"query_len": 101, "k": 50, "event": "hybrid.start", "correlation_id": "01KTYMGFM9WCV7RQK0ZKPW94MV", "query_preview": "According to the Compensation Committee process timeline figure, what did the CC", "level": "info", "timestamp": "2026-06-12T19:21:28.971008Z"}
{"query_len": 101, "k": 50, "dense": 50, "bm25": 0, "fused": 50, "term": false, "event": "hybrid.done", "correlation_id": "01KTYMGFM9WCV7RQK0ZKPW94MV", "query_preview": "According to the Compensation Committee process timeline figure, what did the CC", "level": "info", "timestamp": "2026-06-12T19:21:29.045478Z"}
{"node": "retrieve", "candidate_count": 50, "event": "done", "correlation_id": "01KTYMGFM9WCV7RQK0ZKPW94MV", "query_preview": "According to the Compensation Committee process timeline figure, what did the CC", "level": "info", "timestamp": "2026-06-12T19:21:29.046516Z"}
{"query_len": 101, "doc_ids": 1, "k": 50, "event": "hybrid_in_docs.start", "correlation_id": "01KTYMGFM9WCV7RQK0ZKPW94MV", "query_preview": "According to the Compensation Committee process timeline figure, what did the CC", "level": "info", "timestamp": "2026-06-12T19:21:29.053032Z"}
{"query_len": 101, "doc_ids": 1, "k": 50, "dense": 50, "bm25": 0, "fused": 50, "term": false, "event": "hybrid_in_docs.done", "correlation_id": "01KTYMGFM9WCV7RQK0ZKPW94MV", "query_preview": "According to the Compensation Committee process timeline figure, what did the CC", "level": "info", "timestamp": "2026-06-12T19:21:29.114787Z"}
{"node": "resolve_artifact_scope", "via": "dominant", "arttype": "timeline", "doc_ids": ["0e725ba0-2026-annual-report-web"], "scoped_count": 50, "replaced_from": 50, "event": "scoped", "correlation_id": "01KTYMGFM9WCV7RQK0ZKPW94MV", "query_preview": "According to the Compensation Committee process timeline figure, what did the CC", "level": "info", "timestamp": "2026-06-12T19:21:29.115617Z"}
{"node": "expand_graph", "reason": "disabled_or_empty", "event": "skip", "correlation_id": "01KTYMGFM9WCV7RQK0ZKPW94MV", "query_preview": "According to the Compensation Committee process timeline figure, what did the CC", "level": "info", "timestamp": "2026-06-12T19:21:29.116469Z"}
{"node": "rerank", "candidate_count": 50, "event": "start", "correlation_id": "01KTYMGFM9WCV7RQK0ZKPW94MV", "query_preview": "According to the Compensation Committee process timeline figure, what did the CC", "level": "info", "timestamp": "2026-06-12T19:21:29.117031Z"}
{"node": "rerank", "top_k": 5, "source": "mode", "event": "top_k_resolved", "correlation_id": "01KTYMGFM9WCV7RQK0ZKPW94MV", "query_preview": "According to the Compensation Committee process timeline figure, what did the CC", "level": "info", "timestamp": "2026-06-12T19:21:29.117079Z"}
{"candidates": 50, "top_k": 5, "backend": "cross_encoder", "event": "rerank.start", "correlation_id": "01KTYMGFM9WCV7RQK0ZKPW94MV", "query_preview": "According to the Compensation Committee process timeline figure, what did the CC", "level": "info", "timestamp": "2026-06-12T19:21:29.117104Z"}
{"candidates": 50, "top_k": 5, "backend": "cross_encoder", "returned": 5, "event": "rerank.done", "correlation_id": "01KTYMGFM9WCV7RQK0ZKPW94MV", "query_preview": "According to the Compensation Committee process timeline figure, what did the CC", "level": "info", "timestamp": "2026-06-12T19:22:21.725503Z"}
{"node": "rerank", "reranked_count": 5, "event": "done", "correlation_id": "01KTYMGFM9WCV7RQK0ZKPW94MV", "query_preview": "According to the Compensation Committee process timeline figure, what did the CC", "level": "info", "timestamp": "2026-06-12T19:22:21.725589Z"}
{"node": "query_tables", "reason": "empty_or_not_table_shaped", "event": "skip", "correlation_id": "01KTYMGFM9WCV7RQK0ZKPW94MV", "query_preview": "According to the Compensation Committee process timeline figure, what did the CC", "level": "info", "timestamp": "2026-06-12T19:22:21.727891Z"}
{"node": "assess", "reranked_count": 5, "event": "start", "correlation_id": "01KTYMGFM9WCV7RQK0ZKPW94MV", "query_preview": "According to the Compensation Committee process timeline figure, what did the CC", "level": "info", "timestamp": "2026-06-12T19:22:21.728913Z"}
{"prompt_tag": "assess_sufficiency@v4", "schema": "SufficiencyAssessment", "model": "cyankiwi/Qwen3.5-4B-AWQ-4bit", "max_tokens": 1024, "temperature": 0.1, "top_p": 0.8, "presence_penalty": 1.0, "seed": 42, "message_count": 1, "event": "model_call.start", "correlation_id": "01KTYMGFM9WCV7RQK0ZKPW94MV", "query_preview": "According to the Compensation Committee process timeline figure, what did the CC", "level": "info", "timestamp": "2026-06-12T19:22:21.731539Z"}
Authentication error: Langfuse client initialized without public_key. Client will be disabled. Provide a public_key parameter or set LANGFUSE_PUBLIC_KEY environment variable. 
{"prompt_tag": "assess_sufficiency@v4", "schema": "SufficiencyAssessment", "tokens": 2246, "event": "model_call.done", "correlation_id": "01KTYMGFM9WCV7RQK0ZKPW94MV", "query_preview": "According to the Compensation Committee process timeline figure, what did the CC", "level": "info", "timestamp": "2026-06-12T19:22:22.694954Z"}
{"node": "answer", "regenerate_attempt": 0, "event": "start", "correlation_id": "01KTYMGFM9WCV7RQK0ZKPW94MV", "query_preview": "According to the Compensation Committee process timeline figure, what did the CC", "level": "info", "timestamp": "2026-06-12T19:22:22.696259Z"}
{"prompt_tag": "answer@v5", "schema": "DraftAnswer", "model": "cyankiwi/Qwen3.5-4B-AWQ-4bit", "max_tokens": 1800, "temperature": 0.1, "top_p": 0.8, "presence_penalty": 1.0, "seed": 42, "message_count": 2, "event": "model_call.start", "correlation_id": "01KTYMGFM9WCV7RQK0ZKPW94MV", "query_preview": "According to the Compensation Committee process timeline figure, what did the CC", "level": "info", "timestamp": "2026-06-12T19:22:22.698216Z"}
Authentication error: Langfuse client initialized without public_key. Client will be disabled. Provide a public_key parameter or set LANGFUSE_PUBLIC_KEY environment variable. 
{"prompt_tag": "answer@v5", "schema": "DraftAnswer", "tokens": 3986, "event": "model_call.done", "correlation_id": "01KTYMGFM9WCV7RQK0ZKPW94MV", "query_preview": "According to the Compensation Committee process timeline figure, what did the CC", "level": "info", "timestamp": "2026-06-12T19:22:25.285084Z"}
{"node": "verify", "claim_count": 2, "event": "start", "correlation_id": "01KTYMGFM9WCV7RQK0ZKPW94MV", "query_preview": "According to the Compensation Committee process timeline figure, what did the CC", "level": "info", "timestamp": "2026-06-12T19:22:25.286047Z"}
{"prompt_tag": "verify_grounding@v2", "schema": "VerificationResult", "model": "cyankiwi/Qwen3.5-4B-AWQ-4bit", "max_tokens": 1024, "temperature": 0.1, "top_p": 0.8, "presence_penalty": 1.0, "seed": 42, "message_count": 1, "event": "model_call.start", "correlation_id": "01KTYMGFM9WCV7RQK0ZKPW94MV", "query_preview": "According to the Compensation Committee process timeline figure, what did the CC", "level": "info", "timestamp": "2026-06-12T19:22:25.289070Z"}
Authentication error: Langfuse client initialized without public_key. Client will be disabled. Provide a public_key parameter or set LANGFUSE_PUBLIC_KEY environment variable. 
{"prompt_tag": "verify_grounding@v2", "schema": "VerificationResult", "tokens": 2227, "event": "model_call.done", "correlation_id": "01KTYMGFM9WCV7RQK0ZKPW94MV", "query_preview": "According to the Compensation Committee process timeline figure, what did the CC", "level": "info", "timestamp": "2026-06-12T19:22:25.849392Z"}
{"node": "assess_relevance", "event": "start", "correlation_id": "01KTYMGFM9WCV7RQK0ZKPW94MV", "query_preview": "According to the Compensation Committee process timeline figure, what did the CC", "level": "info", "timestamp": "2026-06-12T19:22:25.850683Z"}
{"prompt_tag": "assess_relevance@v3", "schema": "RelevanceAssessment", "model": "cyankiwi/Qwen3.5-4B-AWQ-4bit", "max_tokens": 1024, "temperature": 0.1, "top_p": 0.8, "presence_penalty": 1.0, "seed": 42, "message_count": 1, "event": "model_call.start", "correlation_id": "01KTYMGFM9WCV7RQK0ZKPW94MV", "query_preview": "According to the Compensation Committee process timeline figure, what did the CC", "level": "info", "timestamp": "2026-06-12T19:22:25.851680Z"}
Authentication error: Langfuse client initialized without public_key. Client will be disabled. Provide a public_key parameter or set LANGFUSE_PUBLIC_KEY environment variable. 
{"prompt_tag": "assess_relevance@v3", "schema": "RelevanceAssessment", "tokens": 924, "event": "model_call.done", "correlation_id": "01KTYMGFM9WCV7RQK0ZKPW94MV", "query_preview": "According to the Compensation Committee process timeline figure, what did the CC", "level": "info", "timestamp": "2026-06-12T19:22:26.362985Z"}
{"node": "assess_relevance", "responsive": true, "event": "relevance", "correlation_id": "01KTYMGFM9WCV7RQK0ZKPW94MV", "query_preview": "According to the Compensation Committee process timeline figure, what did the CC", "level": "info", "timestamp": "2026-06-12T19:22:26.363035Z"}
{"node": "compose", "event": "start", "correlation_id": "01KTYMGFM9WCV7RQK0ZKPW94MV", "query_preview": "According to the Compensation Committee process timeline figure, what did the CC", "level": "info", "timestamp": "2026-06-12T19:22:26.364346Z"}
Authentication error: Langfuse client initialized without public_key. Client will be disabled. Provide a public_key parameter or set LANGFUSE_PUBLIC_KEY environment variable. 
{"node": "retrieve", "query_len": 135, "event": "start", "correlation_id": "01KTYMJ7NWDKDMY6NAWW9HET7V", "query_preview": "Per the Compensation Committee timeline figure, when did the CC certify achievem", "level": "info", "timestamp": "2026-06-12T19:22:26.365938Z"}
{"query_len": 135, "k": 50, "event": "hybrid.start", "correlation_id": "01KTYMJ7NWDKDMY6NAWW9HET7V", "query_preview": "Per the Compensation Committee timeline figure, when did the CC certify achievem", "level": "info", "timestamp": "2026-06-12T19:22:26.365975Z"}
{"query_len": 135, "k": 50, "dense": 50, "bm25": 0, "fused": 50, "term": false, "event": "hybrid.done", "correlation_id": "01KTYMJ7NWDKDMY6NAWW9HET7V", "query_preview": "Per the Compensation Committee timeline figure, when did the CC certify achievem", "level": "info", "timestamp": "2026-06-12T19:22:26.438756Z"}
{"node": "retrieve", "candidate_count": 50, "event": "done", "correlation_id": "01KTYMJ7NWDKDMY6NAWW9HET7V", "query_preview": "Per the Compensation Committee timeline figure, when did the CC certify achievem", "level": "info", "timestamp": "2026-06-12T19:22:26.439665Z"}
{"query_len": 135, "doc_ids": 1, "k": 50, "event": "hybrid_in_docs.start", "correlation_id": "01KTYMJ7NWDKDMY6NAWW9HET7V", "query_preview": "Per the Compensation Committee timeline figure, when did the CC certify achievem", "level": "info", "timestamp": "2026-06-12T19:22:26.443431Z"}
{"query_len": 135, "doc_ids": 1, "k": 50, "dense": 50, "bm25": 0, "fused": 50, "term": false, "event": "hybrid_in_docs.done", "correlation_id": "01KTYMJ7NWDKDMY6NAWW9HET7V", "query_preview": "Per the Compensation Committee timeline figure, when did the CC certify achievem", "level": "info", "timestamp": "2026-06-12T19:22:26.516645Z"}
{"node": "resolve_artifact_scope", "via": "dominant", "arttype": "figure", "doc_ids": ["0e725ba0-2026-annual-report-web"], "scoped_count": 50, "replaced_from": 50, "event": "scoped", "correlation_id": "01KTYMJ7NWDKDMY6NAWW9HET7V", "query_preview": "Per the Compensation Committee timeline figure, when did the CC certify achievem", "level": "info", "timestamp": "2026-06-12T19:22:26.517675Z"}
{"node": "expand_graph", "reason": "disabled_or_empty", "event": "skip", "correlation_id": "01KTYMJ7NWDKDMY6NAWW9HET7V", "query_preview": "Per the Compensation Committee timeline figure, when did the CC certify achievem", "level": "info", "timestamp": "2026-06-12T19:22:26.518533Z"}
{"node": "rerank", "candidate_count": 50, "event": "start", "correlation_id": "01KTYMJ7NWDKDMY6NAWW9HET7V", "query_preview": "Per the Compensation Committee timeline figure, when did the CC certify achievem", "level": "info", "timestamp": "2026-06-12T19:22:26.519139Z"}
{"node": "rerank", "top_k": 5, "source": "mode", "event": "top_k_resolved", "correlation_id": "01KTYMJ7NWDKDMY6NAWW9HET7V", "query_preview": "Per the Compensation Committee timeline figure, when did the CC certify achievem", "level": "info", "timestamp": "2026-06-12T19:22:26.519192Z"}
{"candidates": 50, "top_k": 5, "backend": "cross_encoder", "event": "rerank.start", "correlation_id": "01KTYMJ7NWDKDMY6NAWW9HET7V", "query_preview": "Per the Compensation Committee timeline figure, when did the CC certify achievem", "level": "info", "timestamp": "2026-06-12T19:22:26.519215Z"}
{"candidates": 50, "top_k": 5, "backend": "cross_encoder", "returned": 5, "event": "rerank.done", "correlation_id": "01KTYMJ7NWDKDMY6NAWW9HET7V", "query_preview": "Per the Compensation Committee timeline figure, when did the CC certify achievem", "level": "info", "timestamp": "2026-06-12T19:23:23.281579Z"}
{"node": "rerank", "reranked_count": 5, "event": "done", "correlation_id": "01KTYMJ7NWDKDMY6NAWW9HET7V", "query_preview": "Per the Compensation Committee timeline figure, when did the CC certify achievem", "level": "info", "timestamp": "2026-06-12T19:23:23.281681Z"}
{"node": "query_tables", "reason": "empty_or_not_table_shaped", "event": "skip", "correlation_id": "01KTYMJ7NWDKDMY6NAWW9HET7V", "query_preview": "Per the Compensation Committee timeline figure, when did the CC certify achievem", "level": "info", "timestamp": "2026-06-12T19:23:23.283287Z"}
{"node": "assess", "reranked_count": 5, "event": "start", "correlation_id": "01KTYMJ7NWDKDMY6NAWW9HET7V", "query_preview": "Per the Compensation Committee timeline figure, when did the CC certify achievem", "level": "info", "timestamp": "2026-06-12T19:23:23.283880Z"}
{"prompt_tag": "assess_sufficiency@v4", "schema": "SufficiencyAssessment", "model": "cyankiwi/Qwen3.5-4B-AWQ-4bit", "max_tokens": 1024, "temperature": 0.1, "top_p": 0.8, "presence_penalty": 1.0, "seed": 42, "message_count": 1, "event": "model_call.start", "correlation_id": "01KTYMJ7NWDKDMY6NAWW9HET7V", "query_preview": "Per the Compensation Committee timeline figure, when did the CC certify achievem", "level": "info", "timestamp": "2026-06-12T19:23:23.285365Z"}
Authentication error: Langfuse client initialized without public_key. Client will be disabled. Provide a public_key parameter or set LANGFUSE_PUBLIC_KEY environment variable. 
{"prompt_tag": "assess_sufficiency@v4", "schema": "SufficiencyAssessment", "tokens": 2729, "event": "model_call.done", "correlation_id": "01KTYMJ7NWDKDMY6NAWW9HET7V", "query_preview": "Per the Compensation Committee timeline figure, when did the CC certify achievem", "level": "info", "timestamp": "2026-06-12T19:23:24.450553Z"}
{"node": "answer", "regenerate_attempt": 0, "event": "start", "correlation_id": "01KTYMJ7NWDKDMY6NAWW9HET7V", "query_preview": "Per the Compensation Committee timeline figure, when did the CC certify achievem", "level": "info", "timestamp": "2026-06-12T19:23:24.452002Z"}
{"prompt_tag": "answer@v5", "schema": "DraftAnswer", "model": "cyankiwi/Qwen3.5-4B-AWQ-4bit", "max_tokens": 1800, "temperature": 0.1, "top_p": 0.8, "presence_penalty": 1.0, "seed": 42, "message_count": 2, "event": "model_call.start", "correlation_id": "01KTYMJ7NWDKDMY6NAWW9HET7V", "query_preview": "Per the Compensation Committee timeline figure, when did the CC certify achievem", "level": "info", "timestamp": "2026-06-12T19:23:24.454005Z"}
Authentication error: Langfuse client initialized without public_key. Client will be disabled. Provide a public_key parameter or set LANGFUSE_PUBLIC_KEY environment variable. 
{"prompt_tag": "answer@v5", "schema": "DraftAnswer", "tokens": 4380, "event": "model_call.done", "correlation_id": "01KTYMJ7NWDKDMY6NAWW9HET7V", "query_preview": "Per the Compensation Committee timeline figure, when did the CC certify achievem", "level": "info", "timestamp": "2026-06-12T19:23:26.412216Z"}
{"node": "verify", "claim_count": 1, "event": "start", "correlation_id": "01KTYMJ7NWDKDMY6NAWW9HET7V", "query_preview": "Per the Compensation Committee timeline figure, when did the CC certify achievem", "level": "info", "timestamp": "2026-06-12T19:23:26.413345Z"}
{"prompt_tag": "verify_grounding@v2", "schema": "VerificationResult", "model": "cyankiwi/Qwen3.5-4B-AWQ-4bit", "max_tokens": 1024, "temperature": 0.1, "top_p": 0.8, "presence_penalty": 1.0, "seed": 42, "message_count": 1, "event": "model_call.start", "correlation_id": "01KTYMJ7NWDKDMY6NAWW9HET7V", "query_preview": "Per the Compensation Committee timeline figure, when did the CC certify achievem", "level": "info", "timestamp": "2026-06-12T19:23:26.416347Z"}
Authentication error: Langfuse client initialized without public_key. Client will be disabled. Provide a public_key parameter or set LANGFUSE_PUBLIC_KEY environment variable. 
{"prompt_tag": "verify_grounding@v2", "schema": "VerificationResult", "tokens": 2646, "event": "model_call.done", "correlation_id": "01KTYMJ7NWDKDMY6NAWW9HET7V", "query_preview": "Per the Compensation Committee timeline figure, when did the CC certify achievem", "level": "info", "timestamp": "2026-06-12T19:23:27.004521Z"}
{"node": "assess_relevance", "event": "start", "correlation_id": "01KTYMJ7NWDKDMY6NAWW9HET7V", "query_preview": "Per the Compensation Committee timeline figure, when did the CC certify achievem", "level": "info", "timestamp": "2026-06-12T19:23:27.006305Z"}
{"prompt_tag": "assess_relevance@v3", "schema": "RelevanceAssessment", "model": "cyankiwi/Qwen3.5-4B-AWQ-4bit", "max_tokens": 1024, "temperature": 0.1, "top_p": 0.8, "presence_penalty": 1.0, "seed": 42, "message_count": 1, "event": "model_call.start", "correlation_id": "01KTYMJ7NWDKDMY6NAWW9HET7V", "query_preview": "Per the Compensation Committee timeline figure, when did the CC certify achievem", "level": "info", "timestamp": "2026-06-12T19:23:27.007309Z"}
Authentication error: Langfuse client initialized without public_key. Client will be disabled. Provide a public_key parameter or set LANGFUSE_PUBLIC_KEY environment variable. 
{"prompt_tag": "assess_relevance@v3", "schema": "RelevanceAssessment", "tokens": 910, "event": "model_call.done", "correlation_id": "01KTYMJ7NWDKDMY6NAWW9HET7V", "query_preview": "Per the Compensation Committee timeline figure, when did the CC certify achievem", "level": "info", "timestamp": "2026-06-12T19:23:27.452336Z"}
{"node": "assess_relevance", "responsive": true, "event": "relevance", "correlation_id": "01KTYMJ7NWDKDMY6NAWW9HET7V", "query_preview": "Per the Compensation Committee timeline figure, when did the CC certify achievem", "level": "info", "timestamp": "2026-06-12T19:23:27.452404Z"}
{"node": "compose", "event": "start", "correlation_id": "01KTYMJ7NWDKDMY6NAWW9HET7V", "query_preview": "Per the Compensation Committee timeline figure, when did the CC certify achievem", "level": "info", "timestamp": "2026-06-12T19:23:27.453965Z"}
Authentication error: Langfuse client initialized without public_key. Client will be disabled. Provide a public_key parameter or set LANGFUSE_PUBLIC_KEY environment variable. 
{"node": "retrieve", "query_len": 84, "event": "start", "correlation_id": "01KTYMM3AYBR60BBHAGZ0014RA", "query_preview": "What was the operating income of NVIDIA's Automotive market platform in fiscal 2", "level": "info", "timestamp": "2026-06-12T19:23:27.455718Z"}
{"query_len": 84, "k": 50, "event": "hybrid.start", "correlation_id": "01KTYMM3AYBR60BBHAGZ0014RA", "query_preview": "What was the operating income of NVIDIA's Automotive market platform in fiscal 2", "level": "info", "timestamp": "2026-06-12T19:23:27.455753Z"}
{"query_len": 84, "k": 50, "dense": 50, "bm25": 0, "fused": 50, "term": false, "event": "hybrid.done", "correlation_id": "01KTYMM3AYBR60BBHAGZ0014RA", "query_preview": "What was the operating income of NVIDIA's Automotive market platform in fiscal 2", "level": "info", "timestamp": "2026-06-12T19:23:27.530608Z"}
{"node": "retrieve", "candidate_count": 50, "event": "done", "correlation_id": "01KTYMM3AYBR60BBHAGZ0014RA", "query_preview": "What was the operating income of NVIDIA's Automotive market platform in fiscal 2", "level": "info", "timestamp": "2026-06-12T19:23:27.531696Z"}
{"node": "expand_graph", "reason": "disabled_or_empty", "event": "skip", "correlation_id": "01KTYMM3AYBR60BBHAGZ0014RA", "query_preview": "What was the operating income of NVIDIA's Automotive market platform in fiscal 2", "level": "info", "timestamp": "2026-06-12T19:23:27.533147Z"}
{"node": "rerank", "candidate_count": 50, "event": "start", "correlation_id": "01KTYMM3AYBR60BBHAGZ0014RA", "query_preview": "What was the operating income of NVIDIA's Automotive market platform in fiscal 2", "level": "info", "timestamp": "2026-06-12T19:23:27.533671Z"}
{"node": "rerank", "top_k": 5, "source": "mode", "event": "top_k_resolved", "correlation_id": "01KTYMM3AYBR60BBHAGZ0014RA", "query_preview": "What was the operating income of NVIDIA's Automotive market platform in fiscal 2", "level": "info", "timestamp": "2026-06-12T19:23:27.533719Z"}
{"candidates": 50, "top_k": 5, "backend": "cross_encoder", "event": "rerank.start", "correlation_id": "01KTYMM3AYBR60BBHAGZ0014RA", "query_preview": "What was the operating income of NVIDIA's Automotive market platform in fiscal 2", "level": "info", "timestamp": "2026-06-12T19:23:27.533743Z"}
{"candidates": 50, "top_k": 5, "backend": "cross_encoder", "returned": 5, "event": "rerank.done", "correlation_id": "01KTYMM3AYBR60BBHAGZ0014RA", "query_preview": "What was the operating income of NVIDIA's Automotive market platform in fiscal 2", "level": "info", "timestamp": "2026-06-12T19:24:15.229565Z"}
{"node": "rerank", "reranked_count": 5, "event": "done", "correlation_id": "01KTYMM3AYBR60BBHAGZ0014RA", "query_preview": "What was the operating income of NVIDIA's Automotive market platform in fiscal 2", "level": "info", "timestamp": "2026-06-12T19:24:15.229642Z"}
{"node": "query_tables", "reason": "empty_or_not_table_shaped", "event": "skip", "correlation_id": "01KTYMM3AYBR60BBHAGZ0014RA", "query_preview": "What was the operating income of NVIDIA's Automotive market platform in fiscal 2", "level": "info", "timestamp": "2026-06-12T19:24:15.231235Z"}
{"node": "assess", "reranked_count": 5, "event": "start", "correlation_id": "01KTYMM3AYBR60BBHAGZ0014RA", "query_preview": "What was the operating income of NVIDIA's Automotive market platform in fiscal 2", "level": "info", "timestamp": "2026-06-12T19:24:15.231880Z"}
{"prompt_tag": "assess_sufficiency@v4", "schema": "SufficiencyAssessment", "model": "cyankiwi/Qwen3.5-4B-AWQ-4bit", "max_tokens": 1024, "temperature": 0.1, "top_p": 0.8, "presence_penalty": 1.0, "seed": 42, "message_count": 1, "event": "model_call.start", "correlation_id": "01KTYMM3AYBR60BBHAGZ0014RA", "query_preview": "What was the operating income of NVIDIA's Automotive market platform in fiscal 2", "level": "info", "timestamp": "2026-06-12T19:24:15.233435Z"}
Authentication error: Langfuse client initialized without public_key. Client will be disabled. Provide a public_key parameter or set LANGFUSE_PUBLIC_KEY environment variable. 
{"prompt_tag": "assess_sufficiency@v4", "schema": "SufficiencyAssessment", "tokens": 3554, "event": "model_call.done", "correlation_id": "01KTYMM3AYBR60BBHAGZ0014RA", "query_preview": "What was the operating income of NVIDIA's Automotive market platform in fiscal 2", "level": "info", "timestamp": "2026-06-12T19:24:16.216295Z"}
{"node": "refuse", "event": "start", "correlation_id": "01KTYMM3AYBR60BBHAGZ0014RA", "query_preview": "What was the operating income of NVIDIA's Automotive market platform in fiscal 2", "level": "info", "timestamp": "2026-06-12T19:24:16.217490Z"}
Authentication error: Langfuse client initialized without public_key. Client will be disabled. Provide a public_key parameter or set LANGFUSE_PUBLIC_KEY environment variable. 
{"node": "retrieve", "query_len": 70, "event": "start", "correlation_id": "01KTYMNJYTSZEJZ6KTJG0SDDNB", "query_preview": "What was the gross margin of NVIDIA's Graphics segment in fiscal 2026?", "level": "info", "timestamp": "2026-06-12T19:24:16.218979Z"}
{"query_len": 70, "k": 50, "event": "hybrid.start", "correlation_id": "01KTYMNJYTSZEJZ6KTJG0SDDNB", "query_preview": "What was the gross margin of NVIDIA's Graphics segment in fiscal 2026?", "level": "info", "timestamp": "2026-06-12T19:24:16.219014Z"}
{"query_len": 70, "k": 50, "dense": 50, "bm25": 0, "fused": 50, "term": false, "event": "hybrid.done", "correlation_id": "01KTYMNJYTSZEJZ6KTJG0SDDNB", "query_preview": "What was the gross margin of NVIDIA's Graphics segment in fiscal 2026?", "level": "info", "timestamp": "2026-06-12T19:24:16.287806Z"}
{"node": "retrieve", "candidate_count": 50, "event": "done", "correlation_id": "01KTYMNJYTSZEJZ6KTJG0SDDNB", "query_preview": "What was the gross margin of NVIDIA's Graphics segment in fiscal 2026?", "level": "info", "timestamp": "2026-06-12T19:24:16.288750Z"}
{"node": "expand_graph", "reason": "disabled_or_empty", "event": "skip", "correlation_id": "01KTYMNJYTSZEJZ6KTJG0SDDNB", "query_preview": "What was the gross margin of NVIDIA's Graphics segment in fiscal 2026?", "level": "info", "timestamp": "2026-06-12T19:24:16.290071Z"}
{"node": "rerank", "candidate_count": 50, "event": "start", "correlation_id": "01KTYMNJYTSZEJZ6KTJG0SDDNB", "query_preview": "What was the gross margin of NVIDIA's Graphics segment in fiscal 2026?", "level": "info", "timestamp": "2026-06-12T19:24:16.290550Z"}
{"node": "rerank", "top_k": 5, "source": "mode", "event": "top_k_resolved", "correlation_id": "01KTYMNJYTSZEJZ6KTJG0SDDNB", "query_preview": "What was the gross margin of NVIDIA's Graphics segment in fiscal 2026?", "level": "info", "timestamp": "2026-06-12T19:24:16.290593Z"}
{"candidates": 50, "top_k": 5, "backend": "cross_encoder", "event": "rerank.start", "correlation_id": "01KTYMNJYTSZEJZ6KTJG0SDDNB", "query_preview": "What was the gross margin of NVIDIA's Graphics segment in fiscal 2026?", "level": "info", "timestamp": "2026-06-12T19:24:16.290614Z"}
{"candidates": 50, "top_k": 5, "backend": "cross_encoder", "returned": 5, "event": "rerank.done", "correlation_id": "01KTYMNJYTSZEJZ6KTJG0SDDNB", "query_preview": "What was the gross margin of NVIDIA's Graphics segment in fiscal 2026?", "level": "info", "timestamp": "2026-06-12T19:25:00.278532Z"}
{"node": "rerank", "reranked_count": 5, "event": "done", "correlation_id": "01KTYMNJYTSZEJZ6KTJG0SDDNB", "query_preview": "What was the gross margin of NVIDIA's Graphics segment in fiscal 2026?", "level": "info", "timestamp": "2026-06-12T19:25:00.278616Z"}
{"node": "query_tables", "reason": "empty_or_not_table_shaped", "event": "skip", "correlation_id": "01KTYMNJYTSZEJZ6KTJG0SDDNB", "query_preview": "What was the gross margin of NVIDIA's Graphics segment in fiscal 2026?", "level": "info", "timestamp": "2026-06-12T19:25:00.280019Z"}
{"node": "assess", "reranked_count": 5, "event": "start", "correlation_id": "01KTYMNJYTSZEJZ6KTJG0SDDNB", "query_preview": "What was the gross margin of NVIDIA's Graphics segment in fiscal 2026?", "level": "info", "timestamp": "2026-06-12T19:25:00.280806Z"}
{"prompt_tag": "assess_sufficiency@v4", "schema": "SufficiencyAssessment", "model": "cyankiwi/Qwen3.5-4B-AWQ-4bit", "max_tokens": 1024, "temperature": 0.1, "top_p": 0.8, "presence_penalty": 1.0, "seed": 42, "message_count": 1, "event": "model_call.start", "correlation_id": "01KTYMNJYTSZEJZ6KTJG0SDDNB", "query_preview": "What was the gross margin of NVIDIA's Graphics segment in fiscal 2026?", "level": "info", "timestamp": "2026-06-12T19:25:00.282280Z"}
Authentication error: Langfuse client initialized without public_key. Client will be disabled. Provide a public_key parameter or set LANGFUSE_PUBLIC_KEY environment variable. 
{"prompt_tag": "assess_sufficiency@v4", "schema": "SufficiencyAssessment", "tokens": 3404, "event": "model_call.done", "correlation_id": "01KTYMNJYTSZEJZ6KTJG0SDDNB", "query_preview": "What was the gross margin of NVIDIA's Graphics segment in fiscal 2026?", "level": "info", "timestamp": "2026-06-12T19:25:01.180790Z"}
{"node": "answer", "regenerate_attempt": 0, "event": "start", "correlation_id": "01KTYMNJYTSZEJZ6KTJG0SDDNB", "query_preview": "What was the gross margin of NVIDIA's Graphics segment in fiscal 2026?", "level": "info", "timestamp": "2026-06-12T19:25:01.182534Z"}
{"prompt_tag": "answer@v5", "schema": "DraftAnswer", "model": "cyankiwi/Qwen3.5-4B-AWQ-4bit", "max_tokens": 1800, "temperature": 0.1, "top_p": 0.8, "presence_penalty": 1.0, "seed": 42, "message_count": 2, "event": "model_call.start", "correlation_id": "01KTYMNJYTSZEJZ6KTJG0SDDNB", "query_preview": "What was the gross margin of NVIDIA's Graphics segment in fiscal 2026?", "level": "info", "timestamp": "2026-06-12T19:25:01.184605Z"}
Authentication error: Langfuse client initialized without public_key. Client will be disabled. Provide a public_key parameter or set LANGFUSE_PUBLIC_KEY environment variable. 
{"prompt_tag": "answer@v5", "schema": "DraftAnswer", "tokens": 5001, "event": "model_call.done", "correlation_id": "01KTYMNJYTSZEJZ6KTJG0SDDNB", "query_preview": "What was the gross margin of NVIDIA's Graphics segment in fiscal 2026?", "level": "info", "timestamp": "2026-06-12T19:25:02.394310Z"}
{"node": "answer", "summary_head": "The chunks contain NVIDIA's 2026 Annual Report data, but do not state the gross margin specifically for the Graphics seg", "event": "answer.denial_reframe_retry", "correlation_id": "01KTYMNJYTSZEJZ6KTJG0SDDNB", "query_preview": "What was the gross margin of NVIDIA's Graphics segment in fiscal 2026?", "level": "info", "timestamp": "2026-06-12T19:25:02.394371Z"}
{"prompt_tag": "answer@v5", "schema": "DraftAnswer", "model": "cyankiwi/Qwen3.5-4B-AWQ-4bit", "max_tokens": 1800, "temperature": 0.1, "top_p": 0.8, "presence_penalty": 1.0, "seed": 42, "message_count": 2, "event": "model_call.start", "correlation_id": "01KTYMNJYTSZEJZ6KTJG0SDDNB", "query_preview": "What was the gross margin of NVIDIA's Graphics segment in fiscal 2026?", "level": "info", "timestamp": "2026-06-12T19:25:02.396309Z"}
Authentication error: Langfuse client initialized without public_key. Client will be disabled. Provide a public_key parameter or set LANGFUSE_PUBLIC_KEY environment variable. 
{"prompt_tag": "answer@v5", "schema": "DraftAnswer", "tokens": 5146, "event": "model_call.done", "correlation_id": "01KTYMNJYTSZEJZ6KTJG0SDDNB", "query_preview": "What was the gross margin of NVIDIA's Graphics segment in fiscal 2026?", "level": "info", "timestamp": "2026-06-12T19:25:03.142367Z"}
{"node": "verify", "claim_count": 0, "event": "start", "correlation_id": "01KTYMNJYTSZEJZ6KTJG0SDDNB", "query_preview": "What was the gross margin of NVIDIA's Graphics segment in fiscal 2026?", "level": "info", "timestamp": "2026-06-12T19:25:03.143420Z"}
{"node": "verify", "event": "empty_draft_shortcircuit", "correlation_id": "01KTYMNJYTSZEJZ6KTJG0SDDNB", "query_preview": "What was the gross margin of NVIDIA's Graphics segment in fiscal 2026?", "level": "info", "timestamp": "2026-06-12T19:25:03.143470Z"}
{"node": "assess_relevance", "event": "start", "correlation_id": "01KTYMNJYTSZEJZ6KTJG0SDDNB", "query_preview": "What was the gross margin of NVIDIA's Graphics segment in fiscal 2026?", "level": "info", "timestamp": "2026-06-12T19:25:03.145044Z"}
{"prompt_tag": "assess_relevance@v3", "schema": "RelevanceAssessment", "model": "cyankiwi/Qwen3.5-4B-AWQ-4bit", "max_tokens": 1024, "temperature": 0.1, "top_p": 0.8, "presence_penalty": 1.0, "seed": 42, "message_count": 1, "event": "model_call.start", "correlation_id": "01KTYMNJYTSZEJZ6KTJG0SDDNB", "query_preview": "What was the gross margin of NVIDIA's Graphics segment in fiscal 2026?", "level": "info", "timestamp": "2026-06-12T19:25:03.146341Z"}
Authentication error: Langfuse client initialized without public_key. Client will be disabled. Provide a public_key parameter or set LANGFUSE_PUBLIC_KEY environment variable. 
{"prompt_tag": "assess_relevance@v3", "schema": "RelevanceAssessment", "tokens": 867, "event": "model_call.done", "correlation_id": "01KTYMNJYTSZEJZ6KTJG0SDDNB", "query_preview": "What was the gross margin of NVIDIA's Graphics segment in fiscal 2026?", "level": "info", "timestamp": "2026-06-12T19:25:03.620860Z"}
{"node": "assess_relevance", "responsive": false, "event": "relevance", "correlation_id": "01KTYMNJYTSZEJZ6KTJG0SDDNB", "query_preview": "What was the gross margin of NVIDIA's Graphics segment in fiscal 2026?", "level": "info", "timestamp": "2026-06-12T19:25:03.620923Z"}
{"node": "refuse", "event": "start", "correlation_id": "01KTYMNJYTSZEJZ6KTJG0SDDNB", "query_preview": "What was the gross margin of NVIDIA's Graphics segment in fiscal 2026?", "level": "info", "timestamp": "2026-06-12T19:25:03.622659Z"}
Authentication error: Langfuse client initialized without public_key. Client will be disabled. Provide a public_key parameter or set LANGFUSE_PUBLIC_KEY environment variable. 
{"node": "retrieve", "query_len": 48, "event": "start", "correlation_id": "01KTYMQ187JSEX1CV4KVFFPGF1", "query_preview": "What was NVIDIA's Gaming revenue in fiscal 2026?", "level": "info", "timestamp": "2026-06-12T19:25:03.624710Z"}
{"query_len": 48, "k": 50, "event": "hybrid.start", "correlation_id": "01KTYMQ187JSEX1CV4KVFFPGF1", "query_preview": "What was NVIDIA's Gaming revenue in fiscal 2026?", "level": "info", "timestamp": "2026-06-12T19:25:03.624753Z"}
{"query_len": 48, "k": 50, "dense": 50, "bm25": 0, "fused": 50, "term": false, "event": "hybrid.done", "correlation_id": "01KTYMQ187JSEX1CV4KVFFPGF1", "query_preview": "What was NVIDIA's Gaming revenue in fiscal 2026?", "level": "info", "timestamp": "2026-06-12T19:25:03.688880Z"}
{"node": "retrieve", "candidate_count": 50, "event": "done", "correlation_id": "01KTYMQ187JSEX1CV4KVFFPGF1", "query_preview": "What was NVIDIA's Gaming revenue in fiscal 2026?", "level": "info", "timestamp": "2026-06-12T19:25:03.690214Z"}
{"node": "expand_graph", "reason": "disabled_or_empty", "event": "skip", "correlation_id": "01KTYMQ187JSEX1CV4KVFFPGF1", "query_preview": "What was NVIDIA's Gaming revenue in fiscal 2026?", "level": "info", "timestamp": "2026-06-12T19:25:03.691475Z"}
{"node": "rerank", "candidate_count": 50, "event": "start", "correlation_id": "01KTYMQ187JSEX1CV4KVFFPGF1", "query_preview": "What was NVIDIA's Gaming revenue in fiscal 2026?", "level": "info", "timestamp": "2026-06-12T19:25:03.691934Z"}
{"node": "rerank", "top_k": 5, "source": "mode", "event": "top_k_resolved", "correlation_id": "01KTYMQ187JSEX1CV4KVFFPGF1", "query_preview": "What was NVIDIA's Gaming revenue in fiscal 2026?", "level": "info", "timestamp": "2026-06-12T19:25:03.691990Z"}
{"candidates": 50, "top_k": 5, "backend": "cross_encoder", "event": "rerank.start", "correlation_id": "01KTYMQ187JSEX1CV4KVFFPGF1", "query_preview": "What was NVIDIA's Gaming revenue in fiscal 2026?", "level": "info", "timestamp": "2026-06-12T19:25:03.692013Z"}
{"candidates": 50, "top_k": 5, "backend": "cross_encoder", "returned": 5, "event": "rerank.done", "correlation_id": "01KTYMQ187JSEX1CV4KVFFPGF1", "query_preview": "What was NVIDIA's Gaming revenue in fiscal 2026?", "level": "info", "timestamp": "2026-06-12T19:25:50.352983Z"}
{"node": "rerank", "reranked_count": 5, "event": "done", "correlation_id": "01KTYMQ187JSEX1CV4KVFFPGF1", "query_preview": "What was NVIDIA's Gaming revenue in fiscal 2026?", "level": "info", "timestamp": "2026-06-12T19:25:50.353056Z"}
{"node": "query_tables", "reason": "empty_or_not_table_shaped", "event": "skip", "correlation_id": "01KTYMQ187JSEX1CV4KVFFPGF1", "query_preview": "What was NVIDIA's Gaming revenue in fiscal 2026?", "level": "info", "timestamp": "2026-06-12T19:25:50.354921Z"}
{"node": "assess", "reranked_count": 5, "event": "start", "correlation_id": "01KTYMQ187JSEX1CV4KVFFPGF1", "query_preview": "What was NVIDIA's Gaming revenue in fiscal 2026?", "level": "info", "timestamp": "2026-06-12T19:25:50.355645Z"}
{"prompt_tag": "assess_sufficiency@v4", "schema": "SufficiencyAssessment", "model": "cyankiwi/Qwen3.5-4B-AWQ-4bit", "max_tokens": 1024, "temperature": 0.1, "top_p": 0.8, "presence_penalty": 1.0, "seed": 42, "message_count": 1, "event": "model_call.start", "correlation_id": "01KTYMQ187JSEX1CV4KVFFPGF1", "query_preview": "What was NVIDIA's Gaming revenue in fiscal 2026?", "level": "info", "timestamp": "2026-06-12T19:25:50.357197Z"}
Authentication error: Langfuse client initialized without public_key. Client will be disabled. Provide a public_key parameter or set LANGFUSE_PUBLIC_KEY environment variable. 
{"prompt_tag": "assess_sufficiency@v4", "schema": "SufficiencyAssessment", "tokens": 3123, "event": "model_call.done", "correlation_id": "01KTYMQ187JSEX1CV4KVFFPGF1", "query_preview": "What was NVIDIA's Gaming revenue in fiscal 2026?", "level": "info", "timestamp": "2026-06-12T19:25:51.473364Z"}
{"node": "answer", "regenerate_attempt": 0, "event": "start", "correlation_id": "01KTYMQ187JSEX1CV4KVFFPGF1", "query_preview": "What was NVIDIA's Gaming revenue in fiscal 2026?", "level": "info", "timestamp": "2026-06-12T19:25:51.474703Z"}
{"prompt_tag": "answer@v5", "schema": "DraftAnswer", "model": "cyankiwi/Qwen3.5-4B-AWQ-4bit", "max_tokens": 1800, "temperature": 0.1, "top_p": 0.8, "presence_penalty": 1.0, "seed": 42, "message_count": 2, "event": "model_call.start", "correlation_id": "01KTYMQ187JSEX1CV4KVFFPGF1", "query_preview": "What was NVIDIA's Gaming revenue in fiscal 2026?", "level": "info", "timestamp": "2026-06-12T19:25:51.476799Z"}
Authentication error: Langfuse client initialized without public_key. Client will be disabled. Provide a public_key parameter or set LANGFUSE_PUBLIC_KEY environment variable. 
{"prompt_tag": "answer@v5", "schema": "DraftAnswer", "tokens": 4752, "event": "model_call.done", "correlation_id": "01KTYMQ187JSEX1CV4KVFFPGF1", "query_preview": "What was NVIDIA's Gaming revenue in fiscal 2026?", "level": "info", "timestamp": "2026-06-12T19:25:53.179134Z"}
{"node": "verify", "claim_count": 1, "event": "start", "correlation_id": "01KTYMQ187JSEX1CV4KVFFPGF1", "query_preview": "What was NVIDIA's Gaming revenue in fiscal 2026?", "level": "info", "timestamp": "2026-06-12T19:25:53.180044Z"}
{"prompt_tag": "verify_grounding@v2", "schema": "VerificationResult", "model": "cyankiwi/Qwen3.5-4B-AWQ-4bit", "max_tokens": 1024, "temperature": 0.1, "top_p": 0.8, "presence_penalty": 1.0, "seed": 42, "message_count": 1, "event": "model_call.start", "correlation_id": "01KTYMQ187JSEX1CV4KVFFPGF1", "query_preview": "What was NVIDIA's Gaming revenue in fiscal 2026?", "level": "info", "timestamp": "2026-06-12T19:25:53.183085Z"}
Authentication error: Langfuse client initialized without public_key. Client will be disabled. Provide a public_key parameter or set LANGFUSE_PUBLIC_KEY environment variable. 
{"prompt_tag": "verify_grounding@v2", "schema": "VerificationResult", "tokens": 3025, "event": "model_call.done", "correlation_id": "01KTYMQ187JSEX1CV4KVFFPGF1", "query_preview": "What was NVIDIA's Gaming revenue in fiscal 2026?", "level": "info", "timestamp": "2026-06-12T19:25:53.826547Z"}
{"node": "assess_relevance", "event": "start", "correlation_id": "01KTYMQ187JSEX1CV4KVFFPGF1", "query_preview": "What was NVIDIA's Gaming revenue in fiscal 2026?", "level": "info", "timestamp": "2026-06-12T19:25:53.828099Z"}
{"prompt_tag": "assess_relevance@v3", "schema": "RelevanceAssessment", "model": "cyankiwi/Qwen3.5-4B-AWQ-4bit", "max_tokens": 1024, "temperature": 0.1, "top_p": 0.8, "presence_penalty": 1.0, "seed": 42, "message_count": 1, "event": "model_call.start", "correlation_id": "01KTYMQ187JSEX1CV4KVFFPGF1", "query_preview": "What was NVIDIA's Gaming revenue in fiscal 2026?", "level": "info", "timestamp": "2026-06-12T19:25:53.829396Z"}
Authentication error: Langfuse client initialized without public_key. Client will be disabled. Provide a public_key parameter or set LANGFUSE_PUBLIC_KEY environment variable. 
{"prompt_tag": "assess_relevance@v3", "schema": "RelevanceAssessment", "tokens": 861, "event": "model_call.done", "correlation_id": "01KTYMQ187JSEX1CV4KVFFPGF1", "query_preview": "What was NVIDIA's Gaming revenue in fiscal 2026?", "level": "info", "timestamp": "2026-06-12T19:25:54.241948Z"}
{"node": "assess_relevance", "responsive": true, "event": "relevance", "correlation_id": "01KTYMQ187JSEX1CV4KVFFPGF1", "query_preview": "What was NVIDIA's Gaming revenue in fiscal 2026?", "level": "info", "timestamp": "2026-06-12T19:25:54.243497Z"}
{"node": "compose", "event": "start", "correlation_id": "01KTYMQ187JSEX1CV4KVFFPGF1", "query_preview": "What was NVIDIA's Gaming revenue in fiscal 2026?", "level": "info", "timestamp": "2026-06-12T19:25:54.245019Z"}
Authentication error: Langfuse client initialized without public_key. Client will be disabled. Provide a public_key parameter or set LANGFUSE_PUBLIC_KEY environment variable. 
{"node": "retrieve", "query_len": 101, "event": "start", "correlation_id": "01KTYMRJP5JH9FWYZYSDR846AS", "query_preview": "What was the total amount of fees earned or paid in cash to all of NVIDIA's dire", "level": "info", "timestamp": "2026-06-12T19:25:54.246966Z"}
{"query_len": 101, "k": 50, "event": "hybrid.start", "correlation_id": "01KTYMRJP5JH9FWYZYSDR846AS", "query_preview": "What was the total amount of fees earned or paid in cash to all of NVIDIA's dire", "level": "info", "timestamp": "2026-06-12T19:25:54.247010Z"}
{"query_len": 101, "k": 50, "dense": 50, "bm25": 0, "fused": 50, "term": false, "event": "hybrid.done", "correlation_id": "01KTYMRJP5JH9FWYZYSDR846AS", "query_preview": "What was the total amount of fees earned or paid in cash to all of NVIDIA's dire", "level": "info", "timestamp": "2026-06-12T19:25:54.313587Z"}
{"node": "retrieve", "candidate_count": 50, "event": "done", "correlation_id": "01KTYMRJP5JH9FWYZYSDR846AS", "query_preview": "What was the total amount of fees earned or paid in cash to all of NVIDIA's dire", "level": "info", "timestamp": "2026-06-12T19:25:54.314462Z"}
{"node": "expand_graph", "reason": "disabled_or_empty", "event": "skip", "correlation_id": "01KTYMRJP5JH9FWYZYSDR846AS", "query_preview": "What was the total amount of fees earned or paid in cash to all of NVIDIA's dire", "level": "info", "timestamp": "2026-06-12T19:25:54.316003Z"}
{"node": "rerank", "candidate_count": 50, "event": "start", "correlation_id": "01KTYMRJP5JH9FWYZYSDR846AS", "query_preview": "What was the total amount of fees earned or paid in cash to all of NVIDIA's dire", "level": "info", "timestamp": "2026-06-12T19:25:54.316534Z"}
{"node": "rerank", "top_k": 5, "source": "mode", "event": "top_k_resolved", "correlation_id": "01KTYMRJP5JH9FWYZYSDR846AS", "query_preview": "What was the total amount of fees earned or paid in cash to all of NVIDIA's dire", "level": "info", "timestamp": "2026-06-12T19:25:54.316588Z"}
{"candidates": 50, "top_k": 5, "backend": "cross_encoder", "event": "rerank.start", "correlation_id": "01KTYMRJP5JH9FWYZYSDR846AS", "query_preview": "What was the total amount of fees earned or paid in cash to all of NVIDIA's dire", "level": "info", "timestamp": "2026-06-12T19:25:54.316610Z"}
{"candidates": 50, "top_k": 5, "backend": "cross_encoder", "returned": 5, "event": "rerank.done", "correlation_id": "01KTYMRJP5JH9FWYZYSDR846AS", "query_preview": "What was the total amount of fees earned or paid in cash to all of NVIDIA's dire", "level": "info", "timestamp": "2026-06-12T19:26:44.507980Z"}
{"node": "rerank", "reranked_count": 5, "event": "done", "correlation_id": "01KTYMRJP5JH9FWYZYSDR846AS", "query_preview": "What was the total amount of fees earned or paid in cash to all of NVIDIA's dire", "level": "info", "timestamp": "2026-06-12T19:26:44.508058Z"}
{"prompt_tag": "generate_table_sql@v1", "schema": "GeneratedSQL", "model": "cyankiwi/Qwen3.5-4B-AWQ-4bit", "max_tokens": 1024, "temperature": 0.1, "top_p": 0.8, "presence_penalty": 1.0, "seed": 42, "message_count": 1, "event": "model_call.start", "correlation_id": "01KTYMRJP5JH9FWYZYSDR846AS", "query_preview": "What was the total amount of fees earned or paid in cash to all of NVIDIA's dire", "level": "info", "timestamp": "2026-06-12T19:26:44.514664Z"}
Authentication error: Langfuse client initialized without public_key. Client will be disabled. Provide a public_key parameter or set LANGFUSE_PUBLIC_KEY environment variable. 
{"prompt_tag": "generate_table_sql@v1", "schema": "GeneratedSQL", "tokens": 3414, "event": "model_call.done", "correlation_id": "01KTYMRJP5JH9FWYZYSDR846AS", "query_preview": "What was the total amount of fees earned or paid in cash to all of NVIDIA's dire", "level": "info", "timestamp": "2026-06-12T19:26:45.650591Z"}
{"node": "query_doc_tables", "sql": "SELECT SUM(fees_earned_or_paid_in_cash__num) FROM c_4c58c39e1e", "target": "c_4c58c39e1e", "event": "table_sql.generated", "correlation_id": "01KTYMRJP5JH9FWYZYSDR846AS", "query_preview": "What was the total amount of fees earned or paid in cash to all of NVIDIA's dire", "level": "info", "timestamp": "2026-06-12T19:26:45.650645Z"}
{"node": "query_doc_tables", "kind": "aggregate", "target": "4c58c39e1e", "event": "table_sql.result", "correlation_id": "01KTYMRJP5JH9FWYZYSDR846AS", "query_preview": "What was the total amount of fees earned or paid in cash to all of NVIDIA's dire", "level": "info", "timestamp": "2026-06-12T19:26:45.652428Z"}
{"node": "query_tables", "kind": "aggregate", "chunk_id": "0e725ba0-2026-annual-report-web#sql0001", "event": "injected", "correlation_id": "01KTYMRJP5JH9FWYZYSDR846AS", "query_preview": "What was the total amount of fees earned or paid in cash to all of NVIDIA's dire", "level": "info", "timestamp": "2026-06-12T19:26:45.652902Z"}
{"node": "assess", "reranked_count": 6, "event": "start", "correlation_id": "01KTYMRJP5JH9FWYZYSDR846AS", "query_preview": "What was the total amount of fees earned or paid in cash to all of NVIDIA's dire", "level": "info", "timestamp": "2026-06-12T19:26:45.653799Z"}
{"prompt_tag": "assess_sufficiency@v4", "schema": "SufficiencyAssessment", "model": "cyankiwi/Qwen3.5-4B-AWQ-4bit", "max_tokens": 1024, "temperature": 0.1, "top_p": 0.8, "presence_penalty": 1.0, "seed": 42, "message_count": 1, "event": "model_call.start", "correlation_id": "01KTYMRJP5JH9FWYZYSDR846AS", "query_preview": "What was the total amount of fees earned or paid in cash to all of NVIDIA's dire", "level": "info", "timestamp": "2026-06-12T19:26:45.655135Z"}
Authentication error: Langfuse client initialized without public_key. Client will be disabled. Provide a public_key parameter or set LANGFUSE_PUBLIC_KEY environment variable. 
{"prompt_tag": "assess_sufficiency@v4", "schema": "SufficiencyAssessment", "tokens": 3996, "event": "model_call.done", "correlation_id": "01KTYMRJP5JH9FWYZYSDR846AS", "query_preview": "What was the total amount of fees earned or paid in cash to all of NVIDIA's dire", "level": "info", "timestamp": "2026-06-12T19:26:46.888151Z"}
{"node": "answer", "regenerate_attempt": 0, "event": "start", "correlation_id": "01KTYMRJP5JH9FWYZYSDR846AS", "query_preview": "What was the total amount of fees earned or paid in cash to all of NVIDIA's dire", "level": "info", "timestamp": "2026-06-12T19:26:46.889832Z"}
{"prompt_tag": "answer@v5", "schema": "DraftAnswer", "model": "cyankiwi/Qwen3.5-4B-AWQ-4bit", "max_tokens": 1800, "temperature": 0.1, "top_p": 0.8, "presence_penalty": 1.0, "seed": 42, "message_count": 2, "event": "model_call.start", "correlation_id": "01KTYMRJP5JH9FWYZYSDR846AS", "query_preview": "What was the total amount of fees earned or paid in cash to all of NVIDIA's dire", "level": "info", "timestamp": "2026-06-12T19:26:46.892480Z"}
Authentication error: Langfuse client initialized without public_key. Client will be disabled. Provide a public_key parameter or set LANGFUSE_PUBLIC_KEY environment variable. 
{"prompt_tag": "answer@v5", "schema": "DraftAnswer", "tokens": 5623, "event": "model_call.done", "correlation_id": "01KTYMRJP5JH9FWYZYSDR846AS", "query_preview": "What was the total amount of fees earned or paid in cash to all of NVIDIA's dire", "level": "info", "timestamp": "2026-06-12T19:26:48.748118Z"}
{"node": "answer", "exact": 0, "suffix": 0, "fuzzy": 1, "unresolved": 0, "event": "chunk_id_repair", "correlation_id": "01KTYMRJP5JH9FWYZYSDR846AS", "query_preview": "What was the total amount of fees earned or paid in cash to all of NVIDIA's dire", "level": "info", "timestamp": "2026-06-12T19:26:48.749935Z"}
{"node": "verify", "claim_count": 1, "event": "start", "correlation_id": "01KTYMRJP5JH9FWYZYSDR846AS", "query_preview": "What was the total amount of fees earned or paid in cash to all of NVIDIA's dire", "level": "info", "timestamp": "2026-06-12T19:26:48.750757Z"}
{"prompt_tag": "verify_grounding@v2", "schema": "VerificationResult", "model": "cyankiwi/Qwen3.5-4B-AWQ-4bit", "max_tokens": 1024, "temperature": 0.1, "top_p": 0.8, "presence_penalty": 1.0, "seed": 42, "message_count": 1, "event": "model_call.start", "correlation_id": "01KTYMRJP5JH9FWYZYSDR846AS", "query_preview": "What was the total amount of fees earned or paid in cash to all of NVIDIA's dire", "level": "info", "timestamp": "2026-06-12T19:26:48.753939Z"}
Authentication error: Langfuse client initialized without public_key. Client will be disabled. Provide a public_key parameter or set LANGFUSE_PUBLIC_KEY environment variable. 
{"prompt_tag": "verify_grounding@v2", "schema": "VerificationResult", "tokens": 3571, "event": "model_call.done", "correlation_id": "01KTYMRJP5JH9FWYZYSDR846AS", "query_preview": "What was the total amount of fees earned or paid in cash to all of NVIDIA's dire", "level": "info", "timestamp": "2026-06-12T19:26:49.481080Z"}
{"node": "assess_relevance", "event": "start", "correlation_id": "01KTYMRJP5JH9FWYZYSDR846AS", "query_preview": "What was the total amount of fees earned or paid in cash to all of NVIDIA's dire", "level": "info", "timestamp": "2026-06-12T19:26:49.482330Z"}
{"prompt_tag": "assess_relevance@v3", "schema": "RelevanceAssessment", "model": "cyankiwi/Qwen3.5-4B-AWQ-4bit", "max_tokens": 1024, "temperature": 0.1, "top_p": 0.8, "presence_penalty": 1.0, "seed": 42, "message_count": 1, "event": "model_call.start", "correlation_id": "01KTYMRJP5JH9FWYZYSDR846AS", "query_preview": "What was the total amount of fees earned or paid in cash to all of NVIDIA's dire", "level": "info", "timestamp": "2026-06-12T19:26:49.483324Z"}
Authentication error: Langfuse client initialized without public_key. Client will be disabled. Provide a public_key parameter or set LANGFUSE_PUBLIC_KEY environment variable. 
{"prompt_tag": "assess_relevance@v3", "schema": "RelevanceAssessment", "tokens": 876, "event": "model_call.done", "correlation_id": "01KTYMRJP5JH9FWYZYSDR846AS", "query_preview": "What was the total amount of fees earned or paid in cash to all of NVIDIA's dire", "level": "info", "timestamp": "2026-06-12T19:26:49.887290Z"}
{"node": "assess_relevance", "responsive": true, "event": "relevance", "correlation_id": "01KTYMRJP5JH9FWYZYSDR846AS", "query_preview": "What was the total amount of fees earned or paid in cash to all of NVIDIA's dire", "level": "info", "timestamp": "2026-06-12T19:26:49.887348Z"}
{"node": "compose", "event": "start", "correlation_id": "01KTYMRJP5JH9FWYZYSDR846AS", "query_preview": "What was the total amount of fees earned or paid in cash to all of NVIDIA's dire", "level": "info", "timestamp": "2026-06-12T19:26:49.888842Z"}
Authentication error: Langfuse client initialized without public_key. Client will be disabled. Provide a public_key parameter or set LANGFUSE_PUBLIC_KEY environment variable. 
{"node": "retrieve", "query_len": 76, "event": "start", "correlation_id": "01KTYMT9116Q33BWCFZZ7CGWYA", "query_preview": "Which NVIDIA director received the lowest total compensation in fiscal 2026?", "level": "info", "timestamp": "2026-06-12T19:26:49.890439Z"}
{"query_len": 76, "k": 50, "event": "hybrid.start", "correlation_id": "01KTYMT9116Q33BWCFZZ7CGWYA", "query_preview": "Which NVIDIA director received the lowest total compensation in fiscal 2026?", "level": "info", "timestamp": "2026-06-12T19:26:49.890476Z"}
{"query_len": 76, "k": 50, "dense": 50, "bm25": 0, "fused": 50, "term": false, "event": "hybrid.done", "correlation_id": "01KTYMT9116Q33BWCFZZ7CGWYA", "query_preview": "Which NVIDIA director received the lowest total compensation in fiscal 2026?", "level": "info", "timestamp": "2026-06-12T19:26:49.963412Z"}
{"node": "retrieve", "candidate_count": 50, "event": "done", "correlation_id": "01KTYMT9116Q33BWCFZZ7CGWYA", "query_preview": "Which NVIDIA director received the lowest total compensation in fiscal 2026?", "level": "info", "timestamp": "2026-06-12T19:26:49.964371Z"}
{"node": "expand_graph", "reason": "disabled_or_empty", "event": "skip", "correlation_id": "01KTYMT9116Q33BWCFZZ7CGWYA", "query_preview": "Which NVIDIA director received the lowest total compensation in fiscal 2026?", "level": "info", "timestamp": "2026-06-12T19:26:49.965677Z"}
{"node": "rerank", "candidate_count": 50, "event": "start", "correlation_id": "01KTYMT9116Q33BWCFZZ7CGWYA", "query_preview": "Which NVIDIA director received the lowest total compensation in fiscal 2026?", "level": "info", "timestamp": "2026-06-12T19:26:49.966204Z"}
{"node": "rerank", "top_k": 5, "source": "mode", "event": "top_k_resolved", "correlation_id": "01KTYMT9116Q33BWCFZZ7CGWYA", "query_preview": "Which NVIDIA director received the lowest total compensation in fiscal 2026?", "level": "info", "timestamp": "2026-06-12T19:26:49.966249Z"}
{"candidates": 50, "top_k": 5, "backend": "cross_encoder", "event": "rerank.start", "correlation_id": "01KTYMT9116Q33BWCFZZ7CGWYA", "query_preview": "Which NVIDIA director received the lowest total compensation in fiscal 2026?", "level": "info", "timestamp": "2026-06-12T19:26:49.966272Z"}
{"candidates": 50, "top_k": 5, "backend": "cross_encoder", "returned": 5, "event": "rerank.done", "correlation_id": "01KTYMT9116Q33BWCFZZ7CGWYA", "query_preview": "Which NVIDIA director received the lowest total compensation in fiscal 2026?", "level": "info", "timestamp": "2026-06-12T19:27:46.675707Z"}
{"node": "rerank", "reranked_count": 5, "event": "done", "correlation_id": "01KTYMT9116Q33BWCFZZ7CGWYA", "query_preview": "Which NVIDIA director received the lowest total compensation in fiscal 2026?", "level": "info", "timestamp": "2026-06-12T19:27:46.675796Z"}
{"prompt_tag": "generate_table_sql@v1", "schema": "GeneratedSQL", "model": "cyankiwi/Qwen3.5-4B-AWQ-4bit", "max_tokens": 1024, "temperature": 0.1, "top_p": 0.8, "presence_penalty": 1.0, "seed": 42, "message_count": 1, "event": "model_call.start", "correlation_id": "01KTYMT9116Q33BWCFZZ7CGWYA", "query_preview": "Which NVIDIA director received the lowest total compensation in fiscal 2026?", "level": "info", "timestamp": "2026-06-12T19:27:46.682055Z"}
Authentication error: Langfuse client initialized without public_key. Client will be disabled. Provide a public_key parameter or set LANGFUSE_PUBLIC_KEY environment variable. 
{"prompt_tag": "generate_table_sql@v1", "schema": "GeneratedSQL", "tokens": 3577, "event": "model_call.done", "correlation_id": "01KTYMT9116Q33BWCFZZ7CGWYA", "query_preview": "Which NVIDIA director received the lowest total compensation in fiscal 2026?", "level": "info", "timestamp": "2026-06-12T19:27:47.821001Z"}
{"node": "query_doc_tables", "sql": "SELECT * FROM c_4c58c39e1e ORDER BY total__num ASC LIMIT 1", "target": "c_4c58c39e1e", "event": "table_sql.generated", "correlation_id": "01KTYMT9116Q33BWCFZZ7CGWYA", "query_preview": "Which NVIDIA director received the lowest total compensation in fiscal 2026?", "level": "info", "timestamp": "2026-06-12T19:27:47.821073Z"}
{"node": "query_doc_tables", "kind": "rows", "target": "4c58c39e1e", "event": "table_sql.result", "correlation_id": "01KTYMT9116Q33BWCFZZ7CGWYA", "query_preview": "Which NVIDIA director received the lowest total compensation in fiscal 2026?", "level": "info", "timestamp": "2026-06-12T19:27:47.822154Z"}
{"node": "query_tables", "kind": "rows", "chunk_id": "0e725ba0-2026-annual-report-web#sql0001", "event": "injected", "correlation_id": "01KTYMT9116Q33BWCFZZ7CGWYA", "query_preview": "Which NVIDIA director received the lowest total compensation in fiscal 2026?", "level": "info", "timestamp": "2026-06-12T19:27:47.822562Z"}
{"node": "assess", "reranked_count": 6, "event": "start", "correlation_id": "01KTYMT9116Q33BWCFZZ7CGWYA", "query_preview": "Which NVIDIA director received the lowest total compensation in fiscal 2026?", "level": "info", "timestamp": "2026-06-12T19:27:47.823444Z"}
{"prompt_tag": "assess_sufficiency@v4", "schema": "SufficiencyAssessment", "model": "cyankiwi/Qwen3.5-4B-AWQ-4bit", "max_tokens": 1024, "temperature": 0.1, "top_p": 0.8, "presence_penalty": 1.0, "seed": 42, "message_count": 1, "event": "model_call.start", "correlation_id": "01KTYMT9116Q33BWCFZZ7CGWYA", "query_preview": "Which NVIDIA director received the lowest total compensation in fiscal 2026?", "level": "info", "timestamp": "2026-06-12T19:27:47.824716Z"}
Authentication error: Langfuse client initialized without public_key. Client will be disabled. Provide a public_key parameter or set LANGFUSE_PUBLIC_KEY environment variable. 
{"prompt_tag": "assess_sufficiency@v4", "schema": "SufficiencyAssessment", "tokens": 4281, "event": "model_call.done", "correlation_id": "01KTYMT9116Q33BWCFZZ7CGWYA", "query_preview": "Which NVIDIA director received the lowest total compensation in fiscal 2026?", "level": "info", "timestamp": "2026-06-12T19:27:49.150704Z"}
{"node": "answer", "regenerate_attempt": 0, "event": "start", "correlation_id": "01KTYMT9116Q33BWCFZZ7CGWYA", "query_preview": "Which NVIDIA director received the lowest total compensation in fiscal 2026?", "level": "info", "timestamp": "2026-06-12T19:27:49.152298Z"}
{"prompt_tag": "answer@v5", "schema": "DraftAnswer", "model": "cyankiwi/Qwen3.5-4B-AWQ-4bit", "max_tokens": 1800, "temperature": 0.1, "top_p": 0.8, "presence_penalty": 1.0, "seed": 42, "message_count": 2, "event": "model_call.start", "correlation_id": "01KTYMT9116Q33BWCFZZ7CGWYA", "query_preview": "Which NVIDIA director received the lowest total compensation in fiscal 2026?", "level": "info", "timestamp": "2026-06-12T19:27:49.154220Z"}
Authentication error: Langfuse client initialized without public_key. Client will be disabled. Provide a public_key parameter or set LANGFUSE_PUBLIC_KEY environment variable. 
{"prompt_tag": "answer@v5", "schema": "DraftAnswer", "tokens": 5901, "event": "model_call.done", "correlation_id": "01KTYMT9116Q33BWCFZZ7CGWYA", "query_preview": "Which NVIDIA director received the lowest total compensation in fiscal 2026?", "level": "info", "timestamp": "2026-06-12T19:27:51.043243Z"}
{"node": "answer", "exact": 0, "suffix": 0, "fuzzy": 1, "unresolved": 0, "event": "chunk_id_repair", "correlation_id": "01KTYMT9116Q33BWCFZZ7CGWYA", "query_preview": "Which NVIDIA director received the lowest total compensation in fiscal 2026?", "level": "info", "timestamp": "2026-06-12T19:27:51.043363Z"}
{"node": "verify", "claim_count": 1, "event": "start", "correlation_id": "01KTYMT9116Q33BWCFZZ7CGWYA", "query_preview": "Which NVIDIA director received the lowest total compensation in fiscal 2026?", "level": "info", "timestamp": "2026-06-12T19:27:51.044354Z"}
{"prompt_tag": "verify_grounding@v2", "schema": "VerificationResult", "model": "cyankiwi/Qwen3.5-4B-AWQ-4bit", "max_tokens": 1024, "temperature": 0.1, "top_p": 0.8, "presence_penalty": 1.0, "seed": 42, "message_count": 1, "event": "model_call.start", "correlation_id": "01KTYMT9116Q33BWCFZZ7CGWYA", "query_preview": "Which NVIDIA director received the lowest total compensation in fiscal 2026?", "level": "info", "timestamp": "2026-06-12T19:27:51.047434Z"}
Authentication error: Langfuse client initialized without public_key. Client will be disabled. Provide a public_key parameter or set LANGFUSE_PUBLIC_KEY environment variable. 
{"prompt_tag": "verify_grounding@v2", "schema": "VerificationResult", "tokens": 3902, "event": "model_call.done", "correlation_id": "01KTYMT9116Q33BWCFZZ7CGWYA", "query_preview": "Which NVIDIA director received the lowest total compensation in fiscal 2026?", "level": "info", "timestamp": "2026-06-12T19:27:51.834158Z"}
{"node": "assess_relevance", "event": "start", "correlation_id": "01KTYMT9116Q33BWCFZZ7CGWYA", "query_preview": "Which NVIDIA director received the lowest total compensation in fiscal 2026?", "level": "info", "timestamp": "2026-06-12T19:27:51.837404Z"}
{"prompt_tag": "assess_relevance@v3", "schema": "RelevanceAssessment", "model": "cyankiwi/Qwen3.5-4B-AWQ-4bit", "max_tokens": 1024, "temperature": 0.1, "top_p": 0.8, "presence_penalty": 1.0, "seed": 42, "message_count": 1, "event": "model_call.start", "correlation_id": "01KTYMT9116Q33BWCFZZ7CGWYA", "query_preview": "Which NVIDIA director received the lowest total compensation in fiscal 2026?", "level": "info", "timestamp": "2026-06-12T19:27:51.838427Z"}
Authentication error: Langfuse client initialized without public_key. Client will be disabled. Provide a public_key parameter or set LANGFUSE_PUBLIC_KEY environment variable. 
{"prompt_tag": "assess_relevance@v3", "schema": "RelevanceAssessment", "tokens": 869, "event": "model_call.done", "correlation_id": "01KTYMT9116Q33BWCFZZ7CGWYA", "query_preview": "Which NVIDIA director received the lowest total compensation in fiscal 2026?", "level": "info", "timestamp": "2026-06-12T19:27:52.361523Z"}
{"node": "assess_relevance", "responsive": true, "event": "relevance", "correlation_id": "01KTYMT9116Q33BWCFZZ7CGWYA", "query_preview": "Which NVIDIA director received the lowest total compensation in fiscal 2026?", "level": "info", "timestamp": "2026-06-12T19:27:52.361576Z"}
{"node": "compose", "event": "start", "correlation_id": "01KTYMT9116Q33BWCFZZ7CGWYA", "query_preview": "Which NVIDIA director received the lowest total compensation in fiscal 2026?", "level": "info", "timestamp": "2026-06-12T19:27:52.362748Z"}
Authentication error: Langfuse client initialized without public_key. Client will be disabled. Provide a public_key parameter or set LANGFUSE_PUBLIC_KEY environment variable. 
{"node": "retrieve", "query_len": 130, "event": "start", "correlation_id": "01KTYMW61BFPS0F8EZ4F1C8WD3", "query_preview": "According to the fiscal 2026 director compensation table, what was the total val", "level": "info", "timestamp": "2026-06-12T19:27:52.364361Z"}
{"query_len": 130, "k": 50, "event": "hybrid.start", "correlation_id": "01KTYMW61BFPS0F8EZ4F1C8WD3", "query_preview": "According to the fiscal 2026 director compensation table, what was the total val", "level": "info", "timestamp": "2026-06-12T19:27:52.364399Z"}
{"query_len": 130, "k": 50, "dense": 50, "bm25": 0, "fused": 50, "term": false, "event": "hybrid.done", "correlation_id": "01KTYMW61BFPS0F8EZ4F1C8WD3", "query_preview": "According to the fiscal 2026 director compensation table, what was the total val", "level": "info", "timestamp": "2026-06-12T19:27:52.439641Z"}
{"node": "retrieve", "candidate_count": 50, "event": "done", "correlation_id": "01KTYMW61BFPS0F8EZ4F1C8WD3", "query_preview": "According to the fiscal 2026 director compensation table, what was the total val", "level": "info", "timestamp": "2026-06-12T19:27:52.440582Z"}
{"node": "expand_graph", "reason": "disabled_or_empty", "event": "skip", "correlation_id": "01KTYMW61BFPS0F8EZ4F1C8WD3", "query_preview": "According to the fiscal 2026 director compensation table, what was the total val", "level": "info", "timestamp": "2026-06-12T19:27:52.441973Z"}
{"node": "rerank", "candidate_count": 50, "event": "start", "correlation_id": "01KTYMW61BFPS0F8EZ4F1C8WD3", "query_preview": "According to the fiscal 2026 director compensation table, what was the total val", "level": "info", "timestamp": "2026-06-12T19:27:52.442485Z"}
{"node": "rerank", "top_k": 5, "source": "mode", "event": "top_k_resolved", "correlation_id": "01KTYMW61BFPS0F8EZ4F1C8WD3", "query_preview": "According to the fiscal 2026 director compensation table, what was the total val", "level": "info", "timestamp": "2026-06-12T19:27:52.442535Z"}
{"candidates": 50, "top_k": 5, "backend": "cross_encoder", "event": "rerank.start", "correlation_id": "01KTYMW61BFPS0F8EZ4F1C8WD3", "query_preview": "According to the fiscal 2026 director compensation table, what was the total val", "level": "info", "timestamp": "2026-06-12T19:27:52.442559Z"}
{"candidates": 50, "top_k": 5, "backend": "cross_encoder", "returned": 5, "event": "rerank.done", "correlation_id": "01KTYMW61BFPS0F8EZ4F1C8WD3", "query_preview": "According to the fiscal 2026 director compensation table, what was the total val", "level": "info", "timestamp": "2026-06-12T19:28:47.201276Z"}
{"node": "rerank", "reranked_count": 5, "event": "done", "correlation_id": "01KTYMW61BFPS0F8EZ4F1C8WD3", "query_preview": "According to the fiscal 2026 director compensation table, what was the total val", "level": "info", "timestamp": "2026-06-12T19:28:47.201359Z"}
{"prompt_tag": "generate_table_sql@v1", "schema": "GeneratedSQL", "model": "cyankiwi/Qwen3.5-4B-AWQ-4bit", "max_tokens": 1024, "temperature": 0.1, "top_p": 0.8, "presence_penalty": 1.0, "seed": 42, "message_count": 1, "event": "model_call.start", "correlation_id": "01KTYMW61BFPS0F8EZ4F1C8WD3", "query_preview": "According to the fiscal 2026 director compensation table, what was the total val", "level": "info", "timestamp": "2026-06-12T19:28:47.207897Z"}
Authentication error: Langfuse client initialized without public_key. Client will be disabled. Provide a public_key parameter or set LANGFUSE_PUBLIC_KEY environment variable. 
{"prompt_tag": "generate_table_sql@v1", "schema": "GeneratedSQL", "tokens": 3682, "event": "model_call.done", "correlation_id": "01KTYMW61BFPS0F8EZ4F1C8WD3", "query_preview": "According to the fiscal 2026 director compensation table, what was the total val", "level": "info", "timestamp": "2026-06-12T19:28:48.334373Z"}
{"node": "query_doc_tables", "sql": "SELECT SUM(stock_awards_1__num) FROM c_4c58c39e1e", "target": "c_4c58c39e1e", "event": "table_sql.generated", "correlation_id": "01KTYMW61BFPS0F8EZ4F1C8WD3", "query_preview": "According to the fiscal 2026 director compensation table, what was the total val", "level": "info", "timestamp": "2026-06-12T19:28:48.334431Z"}
{"node": "query_doc_tables", "column": "Stock Awards ($) (1)", "target": "4c58c39e1e", "event": "table_sql.aggregate_column_ungrounded", "correlation_id": "01KTYMW61BFPS0F8EZ4F1C8WD3", "query_preview": "According to the fiscal 2026 director compensation table, what was the total val", "level": "info", "timestamp": "2026-06-12T19:28:48.335614Z"}
{"node": "query_doc_tables", "target": "c_4c58c39e1e", "event": "table_sql.no_result", "correlation_id": "01KTYMW61BFPS0F8EZ4F1C8WD3", "query_preview": "According to the fiscal 2026 director compensation table, what was the total val", "level": "info", "timestamp": "2026-06-12T19:28:48.335768Z"}
{"node": "query_tables", "event": "no_table_answer", "correlation_id": "01KTYMW61BFPS0F8EZ4F1C8WD3", "query_preview": "According to the fiscal 2026 director compensation table, what was the total val", "level": "info", "timestamp": "2026-06-12T19:28:48.336144Z"}
{"node": "assess", "reranked_count": 5, "event": "start", "correlation_id": "01KTYMW61BFPS0F8EZ4F1C8WD3", "query_preview": "According to the fiscal 2026 director compensation table, what was the total val", "level": "info", "timestamp": "2026-06-12T19:28:48.336983Z"}
{"prompt_tag": "assess_sufficiency@v4", "schema": "SufficiencyAssessment", "model": "cyankiwi/Qwen3.5-4B-AWQ-4bit", "max_tokens": 1024, "temperature": 0.1, "top_p": 0.8, "presence_penalty": 1.0, "seed": 42, "message_count": 1, "event": "model_call.start", "correlation_id": "01KTYMW61BFPS0F8EZ4F1C8WD3", "query_preview": "According to the fiscal 2026 director compensation table, what was the total val", "level": "info", "timestamp": "2026-06-12T19:28:48.338348Z"}
Authentication error: Langfuse client initialized without public_key. Client will be disabled. Provide a public_key parameter or set LANGFUSE_PUBLIC_KEY environment variable. 
{"prompt_tag": "assess_sufficiency@v4", "schema": "SufficiencyAssessment", "tokens": 4011, "event": "model_call.done", "correlation_id": "01KTYMW61BFPS0F8EZ4F1C8WD3", "query_preview": "According to the fiscal 2026 director compensation table, what was the total val", "level": "info", "timestamp": "2026-06-12T19:28:49.438495Z"}
{"node": "answer", "regenerate_attempt": 0, "event": "start", "correlation_id": "01KTYMW61BFPS0F8EZ4F1C8WD3", "query_preview": "According to the fiscal 2026 director compensation table, what was the total val", "level": "info", "timestamp": "2026-06-12T19:28:49.439866Z"}
{"prompt_tag": "answer@v5", "schema": "DraftAnswer", "model": "cyankiwi/Qwen3.5-4B-AWQ-4bit", "max_tokens": 1800, "temperature": 0.1, "top_p": 0.8, "presence_penalty": 1.0, "seed": 42, "message_count": 2, "event": "model_call.start", "correlation_id": "01KTYMW61BFPS0F8EZ4F1C8WD3", "query_preview": "According to the fiscal 2026 director compensation table, what was the total val", "level": "info", "timestamp": "2026-06-12T19:28:49.442154Z"}
Authentication error: Langfuse client initialized without public_key. Client will be disabled. Provide a public_key parameter or set LANGFUSE_PUBLIC_KEY environment variable. 
{"prompt_tag": "answer@v5", "schema": "DraftAnswer", "tokens": 5574, "event": "model_call.done", "correlation_id": "01KTYMW61BFPS0F8EZ4F1C8WD3", "query_preview": "According to the fiscal 2026 director compensation table, what was the total val", "level": "info", "timestamp": "2026-06-12T19:28:50.804471Z"}
{"node": "answer", "summary_head": "The chunks contain a Summary Compensation Table for Fiscal 2026 showing stock option values for NVIDIA directors, but th", "event": "answer.denial_reframe_retry", "correlation_id": "01KTYMW61BFPS0F8EZ4F1C8WD3", "query_preview": "According to the fiscal 2026 director compensation table, what was the total val", "level": "info", "timestamp": "2026-06-12T19:28:50.804535Z"}
{"prompt_tag": "answer@v5", "schema": "DraftAnswer", "model": "cyankiwi/Qwen3.5-4B-AWQ-4bit", "max_tokens": 1800, "temperature": 0.1, "top_p": 0.8, "presence_penalty": 1.0, "seed": 42, "message_count": 2, "event": "model_call.start", "correlation_id": "01KTYMW61BFPS0F8EZ4F1C8WD3", "query_preview": "According to the fiscal 2026 director compensation table, what was the total val", "level": "info", "timestamp": "2026-06-12T19:28:50.806522Z"}
Authentication error: Langfuse client initialized without public_key. Client will be disabled. Provide a public_key parameter or set LANGFUSE_PUBLIC_KEY environment variable. 
{"prompt_tag": "answer@v5", "schema": "DraftAnswer", "tokens": 5700, "event": "model_call.done", "correlation_id": "01KTYMW61BFPS0F8EZ4F1C8WD3", "query_preview": "According to the fiscal 2026 director compensation table, what was the total val", "level": "info", "timestamp": "2026-06-12T19:28:51.388837Z"}
{"node": "verify", "claim_count": 0, "event": "start", "correlation_id": "01KTYMW61BFPS0F8EZ4F1C8WD3", "query_preview": "According to the fiscal 2026 director compensation table, what was the total val", "level": "info", "timestamp": "2026-06-12T19:28:51.389736Z"}
{"node": "verify", "event": "empty_draft_shortcircuit", "correlation_id": "01KTYMW61BFPS0F8EZ4F1C8WD3", "query_preview": "According to the fiscal 2026 director compensation table, what was the total val", "level": "info", "timestamp": "2026-06-12T19:28:51.389782Z"}
{"node": "assess_relevance", "event": "start", "correlation_id": "01KTYMW61BFPS0F8EZ4F1C8WD3", "query_preview": "According to the fiscal 2026 director compensation table, what was the total val", "level": "info", "timestamp": "2026-06-12T19:28:51.390828Z"}
{"prompt_tag": "assess_relevance@v3", "schema": "RelevanceAssessment", "model": "cyankiwi/Qwen3.5-4B-AWQ-4bit", "max_tokens": 1024, "temperature": 0.1, "top_p": 0.8, "presence_penalty": 1.0, "seed": 42, "message_count": 1, "event": "model_call.start", "correlation_id": "01KTYMW61BFPS0F8EZ4F1C8WD3", "query_preview": "According to the fiscal 2026 director compensation table, what was the total val", "level": "info", "timestamp": "2026-06-12T19:28:51.391873Z"}
Authentication error: Langfuse client initialized without public_key. Client will be disabled. Provide a public_key parameter or set LANGFUSE_PUBLIC_KEY environment variable. 
{"prompt_tag": "assess_relevance@v3", "schema": "RelevanceAssessment", "tokens": 844, "event": "model_call.done", "correlation_id": "01KTYMW61BFPS0F8EZ4F1C8WD3", "query_preview": "According to the fiscal 2026 director compensation table, what was the total val", "level": "info", "timestamp": "2026-06-12T19:28:51.752651Z"}
{"node": "assess_relevance", "responsive": true, "event": "relevance", "correlation_id": "01KTYMW61BFPS0F8EZ4F1C8WD3", "query_preview": "According to the fiscal 2026 director compensation table, what was the total val", "level": "info", "timestamp": "2026-06-12T19:28:51.752701Z"}
{"node": "compose", "event": "start", "correlation_id": "01KTYMW61BFPS0F8EZ4F1C8WD3", "query_preview": "According to the fiscal 2026 director compensation table, what was the total val", "level": "info", "timestamp": "2026-06-12T19:28:51.754044Z"}
{"query_count": 16, "quick": false, "error_count": 0, "mean_citation_precision": 0.375, "mean_citation_precision_answered_only": 0.0, "answer_text_checked": 0, "answer_text_correct_count": 0, "mean_answer_mention_recall": null, "event": "eval.done", "level": "info", "timestamp": "2026-06-12T19:28:51.754639Z"}
