{"vault_path": "/home/drei/.memex/vault", "event": "bootstrap", "level": "info", "timestamp": "2026-06-12T19:45:07.711653Z"}
{"estimated_gb": 11.8, "budget_gb": 9.8, "total_gb": 11.6, "gpu": "NVIDIA GeForce RTX 4070", "vlm_counted": false, "co_residence_mode": "manual", "embedder_device": "cpu", "reranker_device": "cpu", "fix": "lower hardware.gpu_memory_fraction, switch to a lighter co-residence mode (MEMEX_MODELS__CO_RESIDENCE_MODE=full puts the reranker on CPU), switch to a smaller VLM variant (vlm_quantization=awq_int4), or reduce the orchestrator quant tier", "event": "vram.budget.tight", "level": "warning", "timestamp": "2026-06-12T19:45:08.572890Z"}
{"component": "bootstrap.gpu", "total_gb": 11.56, "free_gb": 4.45, "holders": ["pid 382037: VLLM::EngineCore (6170 MiB)", "pid 1139879: /home/drei/project/Doc_Flo/.venv/bin/python3 (154 MiB)"], "event": "gpu.preflight", "level": "info", "timestamp": "2026-06-12T19:45:08.672113Z"}
{"query_count": 19, "quick": false, "event": "eval.start", "level": "info", "timestamp": "2026-06-12T19:45:08.716839Z"}
Authentication error: Langfuse client initialized without public_key. Client will be disabled. Provide a public_key parameter or set LANGFUSE_PUBLIC_KEY environment variable. 
{"node": "retrieve", "query_len": 62, "event": "start", "query_preview": "Que signifie un enregistrement MX dans le DNS selon le cours ?", "correlation_id": "01KTYNVT3CYCYCNE74NRH13ZS1", "level": "info", "timestamp": "2026-06-12T19:45:08.744825Z"}
{"query_len": 62, "k": 50, "event": "hybrid.start", "query_preview": "Que signifie un enregistrement MX dans le DNS selon le cours ?", "correlation_id": "01KTYNVT3CYCYCNE74NRH13ZS1", "level": "info", "timestamp": "2026-06-12T19:45:08.744887Z"}
{"name": "embedder", "event": "model.load.start", "query_preview": "Que signifie un enregistrement MX dans le DNS selon le cours ?", "correlation_id": "01KTYNVT3CYCYCNE74NRH13ZS1", "level": "info", "timestamp": "2026-06-12T19:45:08.748676Z"}
`torch_dtype` is deprecated! Use `dtype` instead!
{"name": "embedder", "event": "model.load.done", "query_preview": "Que signifie un enregistrement MX dans le DNS selon le cours ?", "correlation_id": "01KTYNVT3CYCYCNE74NRH13ZS1", "level": "info", "timestamp": "2026-06-12T19:45:12.860085Z"}
{"query_len": 62, "k": 50, "dense": 50, "bm25": 0, "fused": 50, "term": false, "event": "hybrid.done", "query_preview": "Que signifie un enregistrement MX dans le DNS selon le cours ?", "correlation_id": "01KTYNVT3CYCYCNE74NRH13ZS1", "level": "info", "timestamp": "2026-06-12T19:45:13.015885Z"}
{"node": "retrieve", "candidate_count": 50, "event": "done", "query_preview": "Que signifie un enregistrement MX dans le DNS selon le cours ?", "correlation_id": "01KTYNVT3CYCYCNE74NRH13ZS1", "level": "info", "timestamp": "2026-06-12T19:45:13.016715Z"}
{"node": "expand_graph", "reason": "disabled_or_empty", "event": "skip", "query_preview": "Que signifie un enregistrement MX dans le DNS selon le cours ?", "correlation_id": "01KTYNVT3CYCYCNE74NRH13ZS1", "level": "info", "timestamp": "2026-06-12T19:45:13.018357Z"}
{"node": "rerank", "candidate_count": 50, "event": "start", "query_preview": "Que signifie un enregistrement MX dans le DNS selon le cours ?", "correlation_id": "01KTYNVT3CYCYCNE74NRH13ZS1", "level": "info", "timestamp": "2026-06-12T19:45:13.018868Z"}
{"node": "rerank", "top_k": 5, "source": "mode", "event": "top_k_resolved", "query_preview": "Que signifie un enregistrement MX dans le DNS selon le cours ?", "correlation_id": "01KTYNVT3CYCYCNE74NRH13ZS1", "level": "info", "timestamp": "2026-06-12T19:45:13.018917Z"}
{"candidates": 50, "top_k": 5, "backend": "cross_encoder", "event": "rerank.start", "query_preview": "Que signifie un enregistrement MX dans le DNS selon le cours ?", "correlation_id": "01KTYNVT3CYCYCNE74NRH13ZS1", "level": "info", "timestamp": "2026-06-12T19:45:13.018949Z"}
{"name": "reranker", "event": "model.load.start", "query_preview": "Que signifie un enregistrement MX dans le DNS selon le cours ?", "correlation_id": "01KTYNVT3CYCYCNE74NRH13ZS1", "level": "info", "timestamp": "2026-06-12T19:45:13.018983Z"}
{"name": "reranker", "event": "model.load.done", "query_preview": "Que signifie un enregistrement MX dans le DNS selon le cours ?", "correlation_id": "01KTYNVT3CYCYCNE74NRH13ZS1", "level": "info", "timestamp": "2026-06-12T19:45:14.079488Z"}
{"candidates": 50, "top_k": 5, "backend": "cross_encoder", "returned": 5, "event": "rerank.done", "query_preview": "Que signifie un enregistrement MX dans le DNS selon le cours ?", "correlation_id": "01KTYNVT3CYCYCNE74NRH13ZS1", "level": "info", "timestamp": "2026-06-12T19:45:28.241335Z"}
{"node": "rerank", "reranked_count": 5, "event": "done", "query_preview": "Que signifie un enregistrement MX dans le DNS selon le cours ?", "correlation_id": "01KTYNVT3CYCYCNE74NRH13ZS1", "level": "info", "timestamp": "2026-06-12T19:45:28.241439Z"}
{"node": "query_tables", "reason": "empty_or_not_table_shaped", "event": "skip", "query_preview": "Que signifie un enregistrement MX dans le DNS selon le cours ?", "correlation_id": "01KTYNVT3CYCYCNE74NRH13ZS1", "level": "info", "timestamp": "2026-06-12T19:45:28.243820Z"}
{"node": "assess", "reranked_count": 5, "event": "start", "query_preview": "Que signifie un enregistrement MX dans le DNS selon le cours ?", "correlation_id": "01KTYNVT3CYCYCNE74NRH13ZS1", "level": "info", "timestamp": "2026-06-12T19:45:28.244634Z"}
{"prompt_tag": "assess_sufficiency@v4", "schema": "SufficiencyAssessment", "model": "cyankiwi/Qwen3.5-4B-AWQ-4bit", "max_tokens": 1024, "temperature": 0.1, "top_p": 0.8, "presence_penalty": 1.0, "seed": 42, "message_count": 1, "event": "model_call.start", "query_preview": "Que signifie un enregistrement MX dans le DNS selon le cours ?", "correlation_id": "01KTYNVT3CYCYCNE74NRH13ZS1", "level": "info", "timestamp": "2026-06-12T19:45:28.248275Z"}
Authentication error: Langfuse client initialized without public_key. Client will be disabled. Provide a public_key parameter or set LANGFUSE_PUBLIC_KEY environment variable. 
{"prompt_tag": "assess_sufficiency@v4", "schema": "SufficiencyAssessment", "tokens": 1918, "event": "model_call.done", "query_preview": "Que signifie un enregistrement MX dans le DNS selon le cours ?", "correlation_id": "01KTYNVT3CYCYCNE74NRH13ZS1", "level": "info", "timestamp": "2026-06-12T19:45:28.969517Z"}
{"node": "answer", "regenerate_attempt": 0, "event": "start", "query_preview": "Que signifie un enregistrement MX dans le DNS selon le cours ?", "correlation_id": "01KTYNVT3CYCYCNE74NRH13ZS1", "level": "info", "timestamp": "2026-06-12T19:45:28.971339Z"}
{"prompt_tag": "answer@v5", "schema": "DraftAnswer", "model": "cyankiwi/Qwen3.5-4B-AWQ-4bit", "max_tokens": 1800, "temperature": 0.1, "top_p": 0.8, "presence_penalty": 1.0, "seed": 42, "message_count": 2, "event": "model_call.start", "query_preview": "Que signifie un enregistrement MX dans le DNS selon le cours ?", "correlation_id": "01KTYNVT3CYCYCNE74NRH13ZS1", "level": "info", "timestamp": "2026-06-12T19:45:28.974447Z"}
Authentication error: Langfuse client initialized without public_key. Client will be disabled. Provide a public_key parameter or set LANGFUSE_PUBLIC_KEY environment variable. 
{"prompt_tag": "answer@v5", "schema": "DraftAnswer", "tokens": 3544, "event": "model_call.done", "query_preview": "Que signifie un enregistrement MX dans le DNS selon le cours ?", "correlation_id": "01KTYNVT3CYCYCNE74NRH13ZS1", "level": "info", "timestamp": "2026-06-12T19:45:30.239906Z"}
{"node": "verify", "claim_count": 1, "event": "start", "query_preview": "Que signifie un enregistrement MX dans le DNS selon le cours ?", "correlation_id": "01KTYNVT3CYCYCNE74NRH13ZS1", "level": "info", "timestamp": "2026-06-12T19:45:30.240998Z"}
{"prompt_tag": "verify_grounding@v2", "schema": "VerificationResult", "model": "cyankiwi/Qwen3.5-4B-AWQ-4bit", "max_tokens": 1024, "temperature": 0.1, "top_p": 0.8, "presence_penalty": 1.0, "seed": 42, "message_count": 1, "event": "model_call.start", "query_preview": "Que signifie un enregistrement MX dans le DNS selon le cours ?", "correlation_id": "01KTYNVT3CYCYCNE74NRH13ZS1", "level": "info", "timestamp": "2026-06-12T19:45:30.245466Z"}
Authentication error: Langfuse client initialized without public_key. Client will be disabled. Provide a public_key parameter or set LANGFUSE_PUBLIC_KEY environment variable. 
{"prompt_tag": "verify_grounding@v2", "schema": "VerificationResult", "tokens": 1833, "event": "model_call.done", "query_preview": "Que signifie un enregistrement MX dans le DNS selon le cours ?", "correlation_id": "01KTYNVT3CYCYCNE74NRH13ZS1", "level": "info", "timestamp": "2026-06-12T19:45:30.707423Z"}
{"node": "assess_relevance", "event": "start", "query_preview": "Que signifie un enregistrement MX dans le DNS selon le cours ?", "correlation_id": "01KTYNVT3CYCYCNE74NRH13ZS1", "level": "info", "timestamp": "2026-06-12T19:45:30.709243Z"}
{"prompt_tag": "assess_relevance@v3", "schema": "RelevanceAssessment", "model": "cyankiwi/Qwen3.5-4B-AWQ-4bit", "max_tokens": 1024, "temperature": 0.1, "top_p": 0.8, "presence_penalty": 1.0, "seed": 42, "message_count": 1, "event": "model_call.start", "query_preview": "Que signifie un enregistrement MX dans le DNS selon le cours ?", "correlation_id": "01KTYNVT3CYCYCNE74NRH13ZS1", "level": "info", "timestamp": "2026-06-12T19:45:30.710811Z"}
Authentication error: Langfuse client initialized without public_key. Client will be disabled. Provide a public_key parameter or set LANGFUSE_PUBLIC_KEY environment variable. 
{"prompt_tag": "assess_relevance@v3", "schema": "RelevanceAssessment", "tokens": 830, "event": "model_call.done", "query_preview": "Que signifie un enregistrement MX dans le DNS selon le cours ?", "correlation_id": "01KTYNVT3CYCYCNE74NRH13ZS1", "level": "info", "timestamp": "2026-06-12T19:45:31.083969Z"}
{"node": "assess_relevance", "responsive": true, "event": "relevance", "query_preview": "Que signifie un enregistrement MX dans le DNS selon le cours ?", "correlation_id": "01KTYNVT3CYCYCNE74NRH13ZS1", "level": "info", "timestamp": "2026-06-12T19:45:31.084037Z"}
{"node": "compose", "event": "start", "query_preview": "Que signifie un enregistrement MX dans le DNS selon le cours ?", "correlation_id": "01KTYNVT3CYCYCNE74NRH13ZS1", "level": "info", "timestamp": "2026-06-12T19:45:31.085430Z"}
Authentication error: Langfuse client initialized without public_key. Client will be disabled. Provide a public_key parameter or set LANGFUSE_PUBLIC_KEY environment variable. 
{"node": "retrieve", "query_len": 68, "event": "start", "query_preview": "En quoi consiste la phase de Reconnaissance de la Cyber Kill Chain ?", "correlation_id": "01KTYNWFYEET0GWVCMQQ9T4YBG", "level": "info", "timestamp": "2026-06-12T19:45:31.087408Z"}
{"query_len": 68, "k": 50, "event": "hybrid.start", "query_preview": "En quoi consiste la phase de Reconnaissance de la Cyber Kill Chain ?", "correlation_id": "01KTYNWFYEET0GWVCMQQ9T4YBG", "level": "info", "timestamp": "2026-06-12T19:45:31.087452Z"}
{"query_len": 68, "k": 50, "dense": 50, "bm25": 0, "fused": 50, "term": false, "event": "hybrid.done", "query_preview": "En quoi consiste la phase de Reconnaissance de la Cyber Kill Chain ?", "correlation_id": "01KTYNWFYEET0GWVCMQQ9T4YBG", "level": "info", "timestamp": "2026-06-12T19:45:31.165069Z"}
{"node": "retrieve", "candidate_count": 50, "event": "done", "query_preview": "En quoi consiste la phase de Reconnaissance de la Cyber Kill Chain ?", "correlation_id": "01KTYNWFYEET0GWVCMQQ9T4YBG", "level": "info", "timestamp": "2026-06-12T19:45:31.166085Z"}
{"node": "expand_graph", "reason": "disabled_or_empty", "event": "skip", "query_preview": "En quoi consiste la phase de Reconnaissance de la Cyber Kill Chain ?", "correlation_id": "01KTYNWFYEET0GWVCMQQ9T4YBG", "level": "info", "timestamp": "2026-06-12T19:45:31.167346Z"}
{"node": "rerank", "candidate_count": 50, "event": "start", "query_preview": "En quoi consiste la phase de Reconnaissance de la Cyber Kill Chain ?", "correlation_id": "01KTYNWFYEET0GWVCMQQ9T4YBG", "level": "info", "timestamp": "2026-06-12T19:45:31.167851Z"}
{"node": "rerank", "top_k": 5, "source": "mode", "event": "top_k_resolved", "query_preview": "En quoi consiste la phase de Reconnaissance de la Cyber Kill Chain ?", "correlation_id": "01KTYNWFYEET0GWVCMQQ9T4YBG", "level": "info", "timestamp": "2026-06-12T19:45:31.167902Z"}
{"candidates": 50, "top_k": 5, "backend": "cross_encoder", "event": "rerank.start", "query_preview": "En quoi consiste la phase de Reconnaissance de la Cyber Kill Chain ?", "correlation_id": "01KTYNWFYEET0GWVCMQQ9T4YBG", "level": "info", "timestamp": "2026-06-12T19:45:31.167932Z"}
{"candidates": 50, "top_k": 5, "backend": "cross_encoder", "returned": 5, "event": "rerank.done", "query_preview": "En quoi consiste la phase de Reconnaissance de la Cyber Kill Chain ?", "correlation_id": "01KTYNWFYEET0GWVCMQQ9T4YBG", "level": "info", "timestamp": "2026-06-12T19:45:45.117962Z"}
{"node": "rerank", "reranked_count": 5, "event": "done", "query_preview": "En quoi consiste la phase de Reconnaissance de la Cyber Kill Chain ?", "correlation_id": "01KTYNWFYEET0GWVCMQQ9T4YBG", "level": "info", "timestamp": "2026-06-12T19:45:45.118055Z"}
{"node": "query_tables", "reason": "empty_or_not_table_shaped", "event": "skip", "query_preview": "En quoi consiste la phase de Reconnaissance de la Cyber Kill Chain ?", "correlation_id": "01KTYNWFYEET0GWVCMQQ9T4YBG", "level": "info", "timestamp": "2026-06-12T19:45:45.119793Z"}
{"node": "assess", "reranked_count": 5, "event": "start", "query_preview": "En quoi consiste la phase de Reconnaissance de la Cyber Kill Chain ?", "correlation_id": "01KTYNWFYEET0GWVCMQQ9T4YBG", "level": "info", "timestamp": "2026-06-12T19:45:45.120666Z"}
{"prompt_tag": "assess_sufficiency@v4", "schema": "SufficiencyAssessment", "model": "cyankiwi/Qwen3.5-4B-AWQ-4bit", "max_tokens": 1024, "temperature": 0.1, "top_p": 0.8, "presence_penalty": 1.0, "seed": 42, "message_count": 1, "event": "model_call.start", "query_preview": "En quoi consiste la phase de Reconnaissance de la Cyber Kill Chain ?", "correlation_id": "01KTYNWFYEET0GWVCMQQ9T4YBG", "level": "info", "timestamp": "2026-06-12T19:45:45.122880Z"}
Authentication error: Langfuse client initialized without public_key. Client will be disabled. Provide a public_key parameter or set LANGFUSE_PUBLIC_KEY environment variable. 
{"prompt_tag": "assess_sufficiency@v4", "schema": "SufficiencyAssessment", "tokens": 1573, "event": "model_call.done", "query_preview": "En quoi consiste la phase de Reconnaissance de la Cyber Kill Chain ?", "correlation_id": "01KTYNWFYEET0GWVCMQQ9T4YBG", "level": "info", "timestamp": "2026-06-12T19:45:45.911617Z"}
{"node": "answer", "regenerate_attempt": 0, "event": "start", "query_preview": "En quoi consiste la phase de Reconnaissance de la Cyber Kill Chain ?", "correlation_id": "01KTYNWFYEET0GWVCMQQ9T4YBG", "level": "info", "timestamp": "2026-06-12T19:45:45.913384Z"}
{"prompt_tag": "answer@v5", "schema": "DraftAnswer", "model": "cyankiwi/Qwen3.5-4B-AWQ-4bit", "max_tokens": 1800, "temperature": 0.1, "top_p": 0.8, "presence_penalty": 1.0, "seed": 42, "message_count": 2, "event": "model_call.start", "query_preview": "En quoi consiste la phase de Reconnaissance de la Cyber Kill Chain ?", "correlation_id": "01KTYNWFYEET0GWVCMQQ9T4YBG", "level": "info", "timestamp": "2026-06-12T19:45:45.915978Z"}
Authentication error: Langfuse client initialized without public_key. Client will be disabled. Provide a public_key parameter or set LANGFUSE_PUBLIC_KEY environment variable. 
{"prompt_tag": "answer@v5", "schema": "DraftAnswer", "tokens": 3271, "event": "model_call.done", "query_preview": "En quoi consiste la phase de Reconnaissance de la Cyber Kill Chain ?", "correlation_id": "01KTYNWFYEET0GWVCMQQ9T4YBG", "level": "info", "timestamp": "2026-06-12T19:45:47.921727Z"}
{"node": "verify", "claim_count": 1, "event": "start", "query_preview": "En quoi consiste la phase de Reconnaissance de la Cyber Kill Chain ?", "correlation_id": "01KTYNWFYEET0GWVCMQQ9T4YBG", "level": "info", "timestamp": "2026-06-12T19:45:47.924683Z"}
{"prompt_tag": "verify_grounding@v2", "schema": "VerificationResult", "model": "cyankiwi/Qwen3.5-4B-AWQ-4bit", "max_tokens": 1024, "temperature": 0.1, "top_p": 0.8, "presence_penalty": 1.0, "seed": 42, "message_count": 1, "event": "model_call.start", "query_preview": "En quoi consiste la phase de Reconnaissance de la Cyber Kill Chain ?", "correlation_id": "01KTYNWFYEET0GWVCMQQ9T4YBG", "level": "info", "timestamp": "2026-06-12T19:45:47.928832Z"}
Authentication error: Langfuse client initialized without public_key. Client will be disabled. Provide a public_key parameter or set LANGFUSE_PUBLIC_KEY environment variable. 
{"prompt_tag": "verify_grounding@v2", "schema": "VerificationResult", "tokens": 1519, "event": "model_call.done", "query_preview": "En quoi consiste la phase de Reconnaissance de la Cyber Kill Chain ?", "correlation_id": "01KTYNWFYEET0GWVCMQQ9T4YBG", "level": "info", "timestamp": "2026-06-12T19:45:48.341217Z"}
{"node": "assess_relevance", "event": "start", "query_preview": "En quoi consiste la phase de Reconnaissance de la Cyber Kill Chain ?", "correlation_id": "01KTYNWFYEET0GWVCMQQ9T4YBG", "level": "info", "timestamp": "2026-06-12T19:45:48.343089Z"}
{"prompt_tag": "assess_relevance@v3", "schema": "RelevanceAssessment", "model": "cyankiwi/Qwen3.5-4B-AWQ-4bit", "max_tokens": 1024, "temperature": 0.1, "top_p": 0.8, "presence_penalty": 1.0, "seed": 42, "message_count": 1, "event": "model_call.start", "query_preview": "En quoi consiste la phase de Reconnaissance de la Cyber Kill Chain ?", "correlation_id": "01KTYNWFYEET0GWVCMQQ9T4YBG", "level": "info", "timestamp": "2026-06-12T19:45:48.344376Z"}
Authentication error: Langfuse client initialized without public_key. Client will be disabled. Provide a public_key parameter or set LANGFUSE_PUBLIC_KEY environment variable. 
{"prompt_tag": "assess_relevance@v3", "schema": "RelevanceAssessment", "tokens": 906, "event": "model_call.done", "query_preview": "En quoi consiste la phase de Reconnaissance de la Cyber Kill Chain ?", "correlation_id": "01KTYNWFYEET0GWVCMQQ9T4YBG", "level": "info", "timestamp": "2026-06-12T19:45:48.711848Z"}
{"node": "assess_relevance", "responsive": true, "event": "relevance", "query_preview": "En quoi consiste la phase de Reconnaissance de la Cyber Kill Chain ?", "correlation_id": "01KTYNWFYEET0GWVCMQQ9T4YBG", "level": "info", "timestamp": "2026-06-12T19:45:48.711914Z"}
{"node": "compose", "event": "start", "query_preview": "En quoi consiste la phase de Reconnaissance de la Cyber Kill Chain ?", "correlation_id": "01KTYNWFYEET0GWVCMQQ9T4YBG", "level": "info", "timestamp": "2026-06-12T19:45:48.713558Z"}
Authentication error: Langfuse client initialized without public_key. Client will be disabled. Provide a public_key parameter or set LANGFUSE_PUBLIC_KEY environment variable. 
{"node": "retrieve", "query_len": 64, "event": "start", "query_preview": "Quelle est la couche 4 du mod\u00e8le TCP/IP pr\u00e9sent\u00e9 dans le cours ?", "correlation_id": "01KTYNX15A57EZ835VP8KP1VR5", "level": "info", "timestamp": "2026-06-12T19:45:48.715384Z"}
{"query_len": 64, "k": 50, "event": "hybrid.start", "query_preview": "Quelle est la couche 4 du mod\u00e8le TCP/IP pr\u00e9sent\u00e9 dans le cours ?", "correlation_id": "01KTYNX15A57EZ835VP8KP1VR5", "level": "info", "timestamp": "2026-06-12T19:45:48.715426Z"}
{"query_len": 64, "k": 50, "dense": 50, "bm25": 0, "fused": 50, "term": false, "event": "hybrid.done", "query_preview": "Quelle est la couche 4 du mod\u00e8le TCP/IP pr\u00e9sent\u00e9 dans le cours ?", "correlation_id": "01KTYNX15A57EZ835VP8KP1VR5", "level": "info", "timestamp": "2026-06-12T19:45:48.787975Z"}
{"node": "retrieve", "candidate_count": 50, "event": "done", "query_preview": "Quelle est la couche 4 du mod\u00e8le TCP/IP pr\u00e9sent\u00e9 dans le cours ?", "correlation_id": "01KTYNX15A57EZ835VP8KP1VR5", "level": "info", "timestamp": "2026-06-12T19:45:48.788897Z"}
{"node": "expand_graph", "reason": "disabled_or_empty", "event": "skip", "query_preview": "Quelle est la couche 4 du mod\u00e8le TCP/IP pr\u00e9sent\u00e9 dans le cours ?", "correlation_id": "01KTYNX15A57EZ835VP8KP1VR5", "level": "info", "timestamp": "2026-06-12T19:45:48.790508Z"}
{"node": "rerank", "candidate_count": 50, "event": "start", "query_preview": "Quelle est la couche 4 du mod\u00e8le TCP/IP pr\u00e9sent\u00e9 dans le cours ?", "correlation_id": "01KTYNX15A57EZ835VP8KP1VR5", "level": "info", "timestamp": "2026-06-12T19:45:48.791193Z"}
{"node": "rerank", "top_k": 5, "source": "mode", "event": "top_k_resolved", "query_preview": "Quelle est la couche 4 du mod\u00e8le TCP/IP pr\u00e9sent\u00e9 dans le cours ?", "correlation_id": "01KTYNX15A57EZ835VP8KP1VR5", "level": "info", "timestamp": "2026-06-12T19:45:48.791255Z"}
{"candidates": 50, "top_k": 5, "backend": "cross_encoder", "event": "rerank.start", "query_preview": "Quelle est la couche 4 du mod\u00e8le TCP/IP pr\u00e9sent\u00e9 dans le cours ?", "correlation_id": "01KTYNX15A57EZ835VP8KP1VR5", "level": "info", "timestamp": "2026-06-12T19:45:48.791279Z"}
{"candidates": 50, "top_k": 5, "backend": "cross_encoder", "returned": 5, "event": "rerank.done", "query_preview": "Quelle est la couche 4 du mod\u00e8le TCP/IP pr\u00e9sent\u00e9 dans le cours ?", "correlation_id": "01KTYNX15A57EZ835VP8KP1VR5", "level": "info", "timestamp": "2026-06-12T19:46:04.725255Z"}
{"node": "rerank", "reranked_count": 5, "event": "done", "query_preview": "Quelle est la couche 4 du mod\u00e8le TCP/IP pr\u00e9sent\u00e9 dans le cours ?", "correlation_id": "01KTYNX15A57EZ835VP8KP1VR5", "level": "info", "timestamp": "2026-06-12T19:46:04.725353Z"}
{"node": "query_tables", "reason": "empty_or_not_table_shaped", "event": "skip", "query_preview": "Quelle est la couche 4 du mod\u00e8le TCP/IP pr\u00e9sent\u00e9 dans le cours ?", "correlation_id": "01KTYNX15A57EZ835VP8KP1VR5", "level": "info", "timestamp": "2026-06-12T19:46:04.727163Z"}
{"node": "assess", "reranked_count": 5, "event": "start", "query_preview": "Quelle est la couche 4 du mod\u00e8le TCP/IP pr\u00e9sent\u00e9 dans le cours ?", "correlation_id": "01KTYNX15A57EZ835VP8KP1VR5", "level": "info", "timestamp": "2026-06-12T19:46:04.727875Z"}
{"prompt_tag": "assess_sufficiency@v4", "schema": "SufficiencyAssessment", "model": "cyankiwi/Qwen3.5-4B-AWQ-4bit", "max_tokens": 1024, "temperature": 0.1, "top_p": 0.8, "presence_penalty": 1.0, "seed": 42, "message_count": 1, "event": "model_call.start", "query_preview": "Quelle est la couche 4 du mod\u00e8le TCP/IP pr\u00e9sent\u00e9 dans le cours ?", "correlation_id": "01KTYNX15A57EZ835VP8KP1VR5", "level": "info", "timestamp": "2026-06-12T19:46:04.729904Z"}
Authentication error: Langfuse client initialized without public_key. Client will be disabled. Provide a public_key parameter or set LANGFUSE_PUBLIC_KEY environment variable. 
{"prompt_tag": "assess_sufficiency@v4", "schema": "SufficiencyAssessment", "tokens": 1633, "event": "model_call.done", "query_preview": "Quelle est la couche 4 du mod\u00e8le TCP/IP pr\u00e9sent\u00e9 dans le cours ?", "correlation_id": "01KTYNX15A57EZ835VP8KP1VR5", "level": "info", "timestamp": "2026-06-12T19:46:05.318468Z"}
{"node": "answer", "regenerate_attempt": 0, "event": "start", "query_preview": "Quelle est la couche 4 du mod\u00e8le TCP/IP pr\u00e9sent\u00e9 dans le cours ?", "correlation_id": "01KTYNX15A57EZ835VP8KP1VR5", "level": "info", "timestamp": "2026-06-12T19:46:05.319658Z"}
{"prompt_tag": "answer@v5", "schema": "DraftAnswer", "model": "cyankiwi/Qwen3.5-4B-AWQ-4bit", "max_tokens": 1800, "temperature": 0.1, "top_p": 0.8, "presence_penalty": 1.0, "seed": 42, "message_count": 2, "event": "model_call.start", "query_preview": "Quelle est la couche 4 du mod\u00e8le TCP/IP pr\u00e9sent\u00e9 dans le cours ?", "correlation_id": "01KTYNX15A57EZ835VP8KP1VR5", "level": "info", "timestamp": "2026-06-12T19:46:05.321728Z"}
Authentication error: Langfuse client initialized without public_key. Client will be disabled. Provide a public_key parameter or set LANGFUSE_PUBLIC_KEY environment variable. 
{"prompt_tag": "answer@v5", "schema": "DraftAnswer", "tokens": 3271, "event": "model_call.done", "query_preview": "Quelle est la couche 4 du mod\u00e8le TCP/IP pr\u00e9sent\u00e9 dans le cours ?", "correlation_id": "01KTYNX15A57EZ835VP8KP1VR5", "level": "info", "timestamp": "2026-06-12T19:46:06.577436Z"}
{"node": "answer", "exact": 0, "suffix": 0, "fuzzy": 1, "unresolved": 0, "event": "chunk_id_repair", "query_preview": "Quelle est la couche 4 du mod\u00e8le TCP/IP pr\u00e9sent\u00e9 dans le cours ?", "correlation_id": "01KTYNX15A57EZ835VP8KP1VR5", "level": "info", "timestamp": "2026-06-12T19:46:06.577560Z"}
{"node": "verify", "claim_count": 1, "event": "start", "query_preview": "Quelle est la couche 4 du mod\u00e8le TCP/IP pr\u00e9sent\u00e9 dans le cours ?", "correlation_id": "01KTYNX15A57EZ835VP8KP1VR5", "level": "info", "timestamp": "2026-06-12T19:46:06.578308Z"}
{"prompt_tag": "verify_grounding@v2", "schema": "VerificationResult", "model": "cyankiwi/Qwen3.5-4B-AWQ-4bit", "max_tokens": 1024, "temperature": 0.1, "top_p": 0.8, "presence_penalty": 1.0, "seed": 42, "message_count": 1, "event": "model_call.start", "query_preview": "Quelle est la couche 4 du mod\u00e8le TCP/IP pr\u00e9sent\u00e9 dans le cours ?", "correlation_id": "01KTYNX15A57EZ835VP8KP1VR5", "level": "info", "timestamp": "2026-06-12T19:46:06.581320Z"}
Authentication error: Langfuse client initialized without public_key. Client will be disabled. Provide a public_key parameter or set LANGFUSE_PUBLIC_KEY environment variable. 
{"prompt_tag": "verify_grounding@v2", "schema": "VerificationResult", "tokens": 1549, "event": "model_call.done", "query_preview": "Quelle est la couche 4 du mod\u00e8le TCP/IP pr\u00e9sent\u00e9 dans le cours ?", "correlation_id": "01KTYNX15A57EZ835VP8KP1VR5", "level": "info", "timestamp": "2026-06-12T19:46:06.995845Z"}
{"node": "assess_relevance", "event": "start", "query_preview": "Quelle est la couche 4 du mod\u00e8le TCP/IP pr\u00e9sent\u00e9 dans le cours ?", "correlation_id": "01KTYNX15A57EZ835VP8KP1VR5", "level": "info", "timestamp": "2026-06-12T19:46:06.997069Z"}
{"prompt_tag": "assess_relevance@v3", "schema": "RelevanceAssessment", "model": "cyankiwi/Qwen3.5-4B-AWQ-4bit", "max_tokens": 1024, "temperature": 0.1, "top_p": 0.8, "presence_penalty": 1.0, "seed": 42, "message_count": 1, "event": "model_call.start", "query_preview": "Quelle est la couche 4 du mod\u00e8le TCP/IP pr\u00e9sent\u00e9 dans le cours ?", "correlation_id": "01KTYNX15A57EZ835VP8KP1VR5", "level": "info", "timestamp": "2026-06-12T19:46:06.998042Z"}
Authentication error: Langfuse client initialized without public_key. Client will be disabled. Provide a public_key parameter or set LANGFUSE_PUBLIC_KEY environment variable. 
{"prompt_tag": "assess_relevance@v3", "schema": "RelevanceAssessment", "tokens": 834, "event": "model_call.done", "query_preview": "Quelle est la couche 4 du mod\u00e8le TCP/IP pr\u00e9sent\u00e9 dans le cours ?", "correlation_id": "01KTYNX15A57EZ835VP8KP1VR5", "level": "info", "timestamp": "2026-06-12T19:46:07.352757Z"}
{"node": "assess_relevance", "responsive": true, "event": "relevance", "query_preview": "Quelle est la couche 4 du mod\u00e8le TCP/IP pr\u00e9sent\u00e9 dans le cours ?", "correlation_id": "01KTYNX15A57EZ835VP8KP1VR5", "level": "info", "timestamp": "2026-06-12T19:46:07.352809Z"}
{"node": "compose", "event": "start", "query_preview": "Quelle est la couche 4 du mod\u00e8le TCP/IP pr\u00e9sent\u00e9 dans le cours ?", "correlation_id": "01KTYNX15A57EZ835VP8KP1VR5", "level": "info", "timestamp": "2026-06-12T19:46:07.353899Z"}
Authentication error: Langfuse client initialized without public_key. Client will be disabled. Provide a public_key parameter or set LANGFUSE_PUBLIC_KEY environment variable. 
{"node": "retrieve", "query_len": 71, "event": "start", "query_preview": "Qu'est-ce qu'un pare-feu \u00e0 inspection avec \u00e9tat (stateful inspection) ?", "correlation_id": "01KTYNXKBTWK2SB3Y90ZFXE9DS", "level": "info", "timestamp": "2026-06-12T19:46:07.355350Z"}
{"query_len": 71, "k": 50, "event": "hybrid.start", "query_preview": "Qu'est-ce qu'un pare-feu \u00e0 inspection avec \u00e9tat (stateful inspection) ?", "correlation_id": "01KTYNXKBTWK2SB3Y90ZFXE9DS", "level": "info", "timestamp": "2026-06-12T19:46:07.355387Z"}
{"query_len": 71, "k": 50, "dense": 50, "bm25": 0, "fused": 50, "term": false, "event": "hybrid.done", "query_preview": "Qu'est-ce qu'un pare-feu \u00e0 inspection avec \u00e9tat (stateful inspection) ?", "correlation_id": "01KTYNXKBTWK2SB3Y90ZFXE9DS", "level": "info", "timestamp": "2026-06-12T19:46:07.436947Z"}
{"node": "retrieve", "candidate_count": 50, "event": "done", "query_preview": "Qu'est-ce qu'un pare-feu \u00e0 inspection avec \u00e9tat (stateful inspection) ?", "correlation_id": "01KTYNXKBTWK2SB3Y90ZFXE9DS", "level": "info", "timestamp": "2026-06-12T19:46:07.438210Z"}
{"node": "expand_graph", "reason": "disabled_or_empty", "event": "skip", "query_preview": "Qu'est-ce qu'un pare-feu \u00e0 inspection avec \u00e9tat (stateful inspection) ?", "correlation_id": "01KTYNXKBTWK2SB3Y90ZFXE9DS", "level": "info", "timestamp": "2026-06-12T19:46:07.439752Z"}
{"node": "rerank", "candidate_count": 50, "event": "start", "query_preview": "Qu'est-ce qu'un pare-feu \u00e0 inspection avec \u00e9tat (stateful inspection) ?", "correlation_id": "01KTYNXKBTWK2SB3Y90ZFXE9DS", "level": "info", "timestamp": "2026-06-12T19:46:07.440427Z"}
{"node": "rerank", "top_k": 5, "source": "mode", "event": "top_k_resolved", "query_preview": "Qu'est-ce qu'un pare-feu \u00e0 inspection avec \u00e9tat (stateful inspection) ?", "correlation_id": "01KTYNXKBTWK2SB3Y90ZFXE9DS", "level": "info", "timestamp": "2026-06-12T19:46:07.440489Z"}
{"candidates": 50, "top_k": 5, "backend": "cross_encoder", "event": "rerank.start", "query_preview": "Qu'est-ce qu'un pare-feu \u00e0 inspection avec \u00e9tat (stateful inspection) ?", "correlation_id": "01KTYNXKBTWK2SB3Y90ZFXE9DS", "level": "info", "timestamp": "2026-06-12T19:46:07.440524Z"}
{"candidates": 50, "top_k": 5, "backend": "cross_encoder", "returned": 5, "event": "rerank.done", "query_preview": "Qu'est-ce qu'un pare-feu \u00e0 inspection avec \u00e9tat (stateful inspection) ?", "correlation_id": "01KTYNXKBTWK2SB3Y90ZFXE9DS", "level": "info", "timestamp": "2026-06-12T19:46:24.386601Z"}
{"node": "rerank", "reranked_count": 5, "event": "done", "query_preview": "Qu'est-ce qu'un pare-feu \u00e0 inspection avec \u00e9tat (stateful inspection) ?", "correlation_id": "01KTYNXKBTWK2SB3Y90ZFXE9DS", "level": "info", "timestamp": "2026-06-12T19:46:24.386695Z"}
{"node": "query_tables", "reason": "empty_or_not_table_shaped", "event": "skip", "query_preview": "Qu'est-ce qu'un pare-feu \u00e0 inspection avec \u00e9tat (stateful inspection) ?", "correlation_id": "01KTYNXKBTWK2SB3Y90ZFXE9DS", "level": "info", "timestamp": "2026-06-12T19:46:24.388397Z"}
{"node": "assess", "reranked_count": 5, "event": "start", "query_preview": "Qu'est-ce qu'un pare-feu \u00e0 inspection avec \u00e9tat (stateful inspection) ?", "correlation_id": "01KTYNXKBTWK2SB3Y90ZFXE9DS", "level": "info", "timestamp": "2026-06-12T19:46:24.389090Z"}
{"prompt_tag": "assess_sufficiency@v4", "schema": "SufficiencyAssessment", "model": "cyankiwi/Qwen3.5-4B-AWQ-4bit", "max_tokens": 1024, "temperature": 0.1, "top_p": 0.8, "presence_penalty": 1.0, "seed": 42, "message_count": 1, "event": "model_call.start", "query_preview": "Qu'est-ce qu'un pare-feu \u00e0 inspection avec \u00e9tat (stateful inspection) ?", "correlation_id": "01KTYNXKBTWK2SB3Y90ZFXE9DS", "level": "info", "timestamp": "2026-06-12T19:46:24.391000Z"}
Authentication error: Langfuse client initialized without public_key. Client will be disabled. Provide a public_key parameter or set LANGFUSE_PUBLIC_KEY environment variable. 
{"prompt_tag": "assess_sufficiency@v4", "schema": "SufficiencyAssessment", "tokens": 1596, "event": "model_call.done", "query_preview": "Qu'est-ce qu'un pare-feu \u00e0 inspection avec \u00e9tat (stateful inspection) ?", "correlation_id": "01KTYNXKBTWK2SB3Y90ZFXE9DS", "level": "info", "timestamp": "2026-06-12T19:46:25.064938Z"}
{"node": "answer", "regenerate_attempt": 0, "event": "start", "query_preview": "Qu'est-ce qu'un pare-feu \u00e0 inspection avec \u00e9tat (stateful inspection) ?", "correlation_id": "01KTYNXKBTWK2SB3Y90ZFXE9DS", "level": "info", "timestamp": "2026-06-12T19:46:25.066670Z"}
{"prompt_tag": "answer@v5", "schema": "DraftAnswer", "model": "cyankiwi/Qwen3.5-4B-AWQ-4bit", "max_tokens": 1800, "temperature": 0.1, "top_p": 0.8, "presence_penalty": 1.0, "seed": 42, "message_count": 2, "event": "model_call.start", "query_preview": "Qu'est-ce qu'un pare-feu \u00e0 inspection avec \u00e9tat (stateful inspection) ?", "correlation_id": "01KTYNXKBTWK2SB3Y90ZFXE9DS", "level": "info", "timestamp": "2026-06-12T19:46:25.068870Z"}
Authentication error: Langfuse client initialized without public_key. Client will be disabled. Provide a public_key parameter or set LANGFUSE_PUBLIC_KEY environment variable. 
{"prompt_tag": "answer@v5", "schema": "DraftAnswer", "tokens": 3459, "event": "model_call.done", "query_preview": "Qu'est-ce qu'un pare-feu \u00e0 inspection avec \u00e9tat (stateful inspection) ?", "correlation_id": "01KTYNXKBTWK2SB3Y90ZFXE9DS", "level": "info", "timestamp": "2026-06-12T19:46:28.418660Z"}
{"node": "verify", "claim_count": 2, "event": "start", "query_preview": "Qu'est-ce qu'un pare-feu \u00e0 inspection avec \u00e9tat (stateful inspection) ?", "correlation_id": "01KTYNXKBTWK2SB3Y90ZFXE9DS", "level": "info", "timestamp": "2026-06-12T19:46:28.419678Z"}
{"prompt_tag": "verify_grounding@v2", "schema": "VerificationResult", "model": "cyankiwi/Qwen3.5-4B-AWQ-4bit", "max_tokens": 1024, "temperature": 0.1, "top_p": 0.8, "presence_penalty": 1.0, "seed": 42, "message_count": 1, "event": "model_call.start", "query_preview": "Qu'est-ce qu'un pare-feu \u00e0 inspection avec \u00e9tat (stateful inspection) ?", "correlation_id": "01KTYNXKBTWK2SB3Y90ZFXE9DS", "level": "info", "timestamp": "2026-06-12T19:46:28.423710Z"}
Authentication error: Langfuse client initialized without public_key. Client will be disabled. Provide a public_key parameter or set LANGFUSE_PUBLIC_KEY environment variable. 
{"prompt_tag": "verify_grounding@v2", "schema": "VerificationResult", "tokens": 1527, "event": "model_call.done", "query_preview": "Qu'est-ce qu'un pare-feu \u00e0 inspection avec \u00e9tat (stateful inspection) ?", "correlation_id": "01KTYNXKBTWK2SB3Y90ZFXE9DS", "level": "info", "timestamp": "2026-06-12T19:46:28.863075Z"}
{"node": "assess_relevance", "event": "start", "query_preview": "Qu'est-ce qu'un pare-feu \u00e0 inspection avec \u00e9tat (stateful inspection) ?", "correlation_id": "01KTYNXKBTWK2SB3Y90ZFXE9DS", "level": "info", "timestamp": "2026-06-12T19:46:28.864607Z"}
{"prompt_tag": "assess_relevance@v3", "schema": "RelevanceAssessment", "model": "cyankiwi/Qwen3.5-4B-AWQ-4bit", "max_tokens": 1024, "temperature": 0.1, "top_p": 0.8, "presence_penalty": 1.0, "seed": 42, "message_count": 1, "event": "model_call.start", "query_preview": "Qu'est-ce qu'un pare-feu \u00e0 inspection avec \u00e9tat (stateful inspection) ?", "correlation_id": "01KTYNXKBTWK2SB3Y90ZFXE9DS", "level": "info", "timestamp": "2026-06-12T19:46:28.865777Z"}
Authentication error: Langfuse client initialized without public_key. Client will be disabled. Provide a public_key parameter or set LANGFUSE_PUBLIC_KEY environment variable. 
{"prompt_tag": "assess_relevance@v3", "schema": "RelevanceAssessment", "tokens": 999, "event": "model_call.done", "query_preview": "Qu'est-ce qu'un pare-feu \u00e0 inspection avec \u00e9tat (stateful inspection) ?", "correlation_id": "01KTYNXKBTWK2SB3Y90ZFXE9DS", "level": "info", "timestamp": "2026-06-12T19:46:29.227114Z"}
{"node": "assess_relevance", "responsive": true, "event": "relevance", "query_preview": "Qu'est-ce qu'un pare-feu \u00e0 inspection avec \u00e9tat (stateful inspection) ?", "correlation_id": "01KTYNXKBTWK2SB3Y90ZFXE9DS", "level": "info", "timestamp": "2026-06-12T19:46:29.227165Z"}
{"node": "compose", "event": "start", "query_preview": "Qu'est-ce qu'un pare-feu \u00e0 inspection avec \u00e9tat (stateful inspection) ?", "correlation_id": "01KTYNXKBTWK2SB3Y90ZFXE9DS", "level": "info", "timestamp": "2026-06-12T19:46:29.228830Z"}
Authentication error: Langfuse client initialized without public_key. Client will be disabled. Provide a public_key parameter or set LANGFUSE_PUBLIC_KEY environment variable. 
{"node": "retrieve", "query_len": 63, "event": "start", "query_preview": "Quelle est la diff\u00e9rence entre un r\u00e9seau LAN et un r\u00e9seau WAN ?", "correlation_id": "01KTYNY8QDVFVXDGSY8MKFZ106", "level": "info", "timestamp": "2026-06-12T19:46:29.230792Z"}
{"query_len": 63, "k": 50, "event": "hybrid.start", "query_preview": "Quelle est la diff\u00e9rence entre un r\u00e9seau LAN et un r\u00e9seau WAN ?", "correlation_id": "01KTYNY8QDVFVXDGSY8MKFZ106", "level": "info", "timestamp": "2026-06-12T19:46:29.230846Z"}
{"query_len": 63, "k": 50, "dense": 50, "bm25": 0, "fused": 50, "term": false, "event": "hybrid.done", "query_preview": "Quelle est la diff\u00e9rence entre un r\u00e9seau LAN et un r\u00e9seau WAN ?", "correlation_id": "01KTYNY8QDVFVXDGSY8MKFZ106", "level": "info", "timestamp": "2026-06-12T19:46:29.311954Z"}
{"node": "retrieve", "candidate_count": 50, "event": "done", "query_preview": "Quelle est la diff\u00e9rence entre un r\u00e9seau LAN et un r\u00e9seau WAN ?", "correlation_id": "01KTYNY8QDVFVXDGSY8MKFZ106", "level": "info", "timestamp": "2026-06-12T19:46:29.312892Z"}
{"node": "expand_graph", "reason": "disabled_or_empty", "event": "skip", "query_preview": "Quelle est la diff\u00e9rence entre un r\u00e9seau LAN et un r\u00e9seau WAN ?", "correlation_id": "01KTYNY8QDVFVXDGSY8MKFZ106", "level": "info", "timestamp": "2026-06-12T19:46:29.314334Z"}
{"node": "rerank", "candidate_count": 50, "event": "start", "query_preview": "Quelle est la diff\u00e9rence entre un r\u00e9seau LAN et un r\u00e9seau WAN ?", "correlation_id": "01KTYNY8QDVFVXDGSY8MKFZ106", "level": "info", "timestamp": "2026-06-12T19:46:29.314825Z"}
{"node": "rerank", "top_k": 5, "source": "mode", "event": "top_k_resolved", "query_preview": "Quelle est la diff\u00e9rence entre un r\u00e9seau LAN et un r\u00e9seau WAN ?", "correlation_id": "01KTYNY8QDVFVXDGSY8MKFZ106", "level": "info", "timestamp": "2026-06-12T19:46:29.314873Z"}
{"candidates": 50, "top_k": 5, "backend": "cross_encoder", "event": "rerank.start", "query_preview": "Quelle est la diff\u00e9rence entre un r\u00e9seau LAN et un r\u00e9seau WAN ?", "correlation_id": "01KTYNY8QDVFVXDGSY8MKFZ106", "level": "info", "timestamp": "2026-06-12T19:46:29.314900Z"}
{"candidates": 50, "top_k": 5, "backend": "cross_encoder", "returned": 5, "event": "rerank.done", "query_preview": "Quelle est la diff\u00e9rence entre un r\u00e9seau LAN et un r\u00e9seau WAN ?", "correlation_id": "01KTYNY8QDVFVXDGSY8MKFZ106", "level": "info", "timestamp": "2026-06-12T19:46:48.755990Z"}
{"node": "rerank", "reranked_count": 5, "event": "done", "query_preview": "Quelle est la diff\u00e9rence entre un r\u00e9seau LAN et un r\u00e9seau WAN ?", "correlation_id": "01KTYNY8QDVFVXDGSY8MKFZ106", "level": "info", "timestamp": "2026-06-12T19:46:48.756094Z"}
{"node": "query_tables", "reason": "empty_or_not_table_shaped", "event": "skip", "query_preview": "Quelle est la diff\u00e9rence entre un r\u00e9seau LAN et un r\u00e9seau WAN ?", "correlation_id": "01KTYNY8QDVFVXDGSY8MKFZ106", "level": "info", "timestamp": "2026-06-12T19:46:48.758185Z"}
{"node": "assess", "reranked_count": 5, "event": "start", "query_preview": "Quelle est la diff\u00e9rence entre un r\u00e9seau LAN et un r\u00e9seau WAN ?", "correlation_id": "01KTYNY8QDVFVXDGSY8MKFZ106", "level": "info", "timestamp": "2026-06-12T19:46:48.759107Z"}
{"prompt_tag": "assess_sufficiency@v4", "schema": "SufficiencyAssessment", "model": "cyankiwi/Qwen3.5-4B-AWQ-4bit", "max_tokens": 1024, "temperature": 0.1, "top_p": 0.8, "presence_penalty": 1.0, "seed": 42, "message_count": 1, "event": "model_call.start", "query_preview": "Quelle est la diff\u00e9rence entre un r\u00e9seau LAN et un r\u00e9seau WAN ?", "correlation_id": "01KTYNY8QDVFVXDGSY8MKFZ106", "level": "info", "timestamp": "2026-06-12T19:46:48.761364Z"}
Authentication error: Langfuse client initialized without public_key. Client will be disabled. Provide a public_key parameter or set LANGFUSE_PUBLIC_KEY environment variable. 
{"prompt_tag": "assess_sufficiency@v4", "schema": "SufficiencyAssessment", "tokens": 1494, "event": "model_call.done", "query_preview": "Quelle est la diff\u00e9rence entre un r\u00e9seau LAN et un r\u00e9seau WAN ?", "correlation_id": "01KTYNY8QDVFVXDGSY8MKFZ106", "level": "info", "timestamp": "2026-06-12T19:46:49.394056Z"}
{"node": "answer", "regenerate_attempt": 0, "event": "start", "query_preview": "Quelle est la diff\u00e9rence entre un r\u00e9seau LAN et un r\u00e9seau WAN ?", "correlation_id": "01KTYNY8QDVFVXDGSY8MKFZ106", "level": "info", "timestamp": "2026-06-12T19:46:49.395204Z"}
{"prompt_tag": "answer@v5", "schema": "DraftAnswer", "model": "cyankiwi/Qwen3.5-4B-AWQ-4bit", "max_tokens": 1800, "temperature": 0.1, "top_p": 0.8, "presence_penalty": 1.0, "seed": 42, "message_count": 2, "event": "model_call.start", "query_preview": "Quelle est la diff\u00e9rence entre un r\u00e9seau LAN et un r\u00e9seau WAN ?", "correlation_id": "01KTYNY8QDVFVXDGSY8MKFZ106", "level": "info", "timestamp": "2026-06-12T19:46:49.397217Z"}
Authentication error: Langfuse client initialized without public_key. Client will be disabled. Provide a public_key parameter or set LANGFUSE_PUBLIC_KEY environment variable. 
{"prompt_tag": "answer@v5", "schema": "DraftAnswer", "tokens": 3388, "event": "model_call.done", "query_preview": "Quelle est la diff\u00e9rence entre un r\u00e9seau LAN et un r\u00e9seau WAN ?", "correlation_id": "01KTYNY8QDVFVXDGSY8MKFZ106", "level": "info", "timestamp": "2026-06-12T19:46:52.972172Z"}
{"node": "verify", "claim_count": 4, "event": "start", "query_preview": "Quelle est la diff\u00e9rence entre un r\u00e9seau LAN et un r\u00e9seau WAN ?", "correlation_id": "01KTYNY8QDVFVXDGSY8MKFZ106", "level": "info", "timestamp": "2026-06-12T19:46:52.972959Z"}
{"prompt_tag": "verify_grounding@v2", "schema": "VerificationResult", "model": "cyankiwi/Qwen3.5-4B-AWQ-4bit", "max_tokens": 1024, "temperature": 0.1, "top_p": 0.8, "presence_penalty": 1.0, "seed": 42, "message_count": 1, "event": "model_call.start", "query_preview": "Quelle est la diff\u00e9rence entre un r\u00e9seau LAN et un r\u00e9seau WAN ?", "correlation_id": "01KTYNY8QDVFVXDGSY8MKFZ106", "level": "info", "timestamp": "2026-06-12T19:46:52.975969Z"}
Authentication error: Langfuse client initialized without public_key. Client will be disabled. Provide a public_key parameter or set LANGFUSE_PUBLIC_KEY environment variable. 
{"prompt_tag": "verify_grounding@v2", "schema": "VerificationResult", "tokens": 1373, "event": "model_call.done", "query_preview": "Quelle est la diff\u00e9rence entre un r\u00e9seau LAN et un r\u00e9seau WAN ?", "correlation_id": "01KTYNY8QDVFVXDGSY8MKFZ106", "level": "info", "timestamp": "2026-06-12T19:46:53.442496Z"}
{"node": "assess_relevance", "event": "start", "query_preview": "Quelle est la diff\u00e9rence entre un r\u00e9seau LAN et un r\u00e9seau WAN ?", "correlation_id": "01KTYNY8QDVFVXDGSY8MKFZ106", "level": "info", "timestamp": "2026-06-12T19:46:53.443653Z"}
{"prompt_tag": "assess_relevance@v3", "schema": "RelevanceAssessment", "model": "cyankiwi/Qwen3.5-4B-AWQ-4bit", "max_tokens": 1024, "temperature": 0.1, "top_p": 0.8, "presence_penalty": 1.0, "seed": 42, "message_count": 1, "event": "model_call.start", "query_preview": "Quelle est la diff\u00e9rence entre un r\u00e9seau LAN et un r\u00e9seau WAN ?", "correlation_id": "01KTYNY8QDVFVXDGSY8MKFZ106", "level": "info", "timestamp": "2026-06-12T19:46:53.444637Z"}
Authentication error: Langfuse client initialized without public_key. Client will be disabled. Provide a public_key parameter or set LANGFUSE_PUBLIC_KEY environment variable. 
{"prompt_tag": "assess_relevance@v3", "schema": "RelevanceAssessment", "tokens": 925, "event": "model_call.done", "query_preview": "Quelle est la diff\u00e9rence entre un r\u00e9seau LAN et un r\u00e9seau WAN ?", "correlation_id": "01KTYNY8QDVFVXDGSY8MKFZ106", "level": "info", "timestamp": "2026-06-12T19:46:53.874712Z"}
{"node": "assess_relevance", "responsive": true, "event": "relevance", "query_preview": "Quelle est la diff\u00e9rence entre un r\u00e9seau LAN et un r\u00e9seau WAN ?", "correlation_id": "01KTYNY8QDVFVXDGSY8MKFZ106", "level": "info", "timestamp": "2026-06-12T19:46:53.874765Z"}
{"node": "compose", "event": "start", "query_preview": "Quelle est la diff\u00e9rence entre un r\u00e9seau LAN et un r\u00e9seau WAN ?", "correlation_id": "01KTYNY8QDVFVXDGSY8MKFZ106", "level": "info", "timestamp": "2026-06-12T19:46:53.876267Z"}
Authentication error: Langfuse client initialized without public_key. Client will be disabled. Provide a public_key parameter or set LANGFUSE_PUBLIC_KEY environment variable. 
{"node": "retrieve", "query_len": 56, "event": "start", "query_preview": "Qu'est-ce que l'architecture Zero Trust selon le cours ?", "correlation_id": "01KTYNZ0SM6P6DP0ERBNEV2MQH", "level": "info", "timestamp": "2026-06-12T19:46:53.877727Z"}
{"query_len": 56, "k": 50, "event": "hybrid.start", "query_preview": "Qu'est-ce que l'architecture Zero Trust selon le cours ?", "correlation_id": "01KTYNZ0SM6P6DP0ERBNEV2MQH", "level": "info", "timestamp": "2026-06-12T19:46:53.877761Z"}
{"query_len": 56, "k": 50, "dense": 50, "bm25": 0, "fused": 50, "term": false, "event": "hybrid.done", "query_preview": "Qu'est-ce que l'architecture Zero Trust selon le cours ?", "correlation_id": "01KTYNZ0SM6P6DP0ERBNEV2MQH", "level": "info", "timestamp": "2026-06-12T19:46:53.954979Z"}
{"node": "retrieve", "candidate_count": 50, "event": "done", "query_preview": "Qu'est-ce que l'architecture Zero Trust selon le cours ?", "correlation_id": "01KTYNZ0SM6P6DP0ERBNEV2MQH", "level": "info", "timestamp": "2026-06-12T19:46:53.956466Z"}
{"node": "expand_graph", "reason": "disabled_or_empty", "event": "skip", "query_preview": "Qu'est-ce que l'architecture Zero Trust selon le cours ?", "correlation_id": "01KTYNZ0SM6P6DP0ERBNEV2MQH", "level": "info", "timestamp": "2026-06-12T19:46:53.958193Z"}
{"node": "rerank", "candidate_count": 50, "event": "start", "query_preview": "Qu'est-ce que l'architecture Zero Trust selon le cours ?", "correlation_id": "01KTYNZ0SM6P6DP0ERBNEV2MQH", "level": "info", "timestamp": "2026-06-12T19:46:53.958812Z"}
{"node": "rerank", "top_k": 5, "source": "mode", "event": "top_k_resolved", "query_preview": "Qu'est-ce que l'architecture Zero Trust selon le cours ?", "correlation_id": "01KTYNZ0SM6P6DP0ERBNEV2MQH", "level": "info", "timestamp": "2026-06-12T19:46:53.958875Z"}
{"candidates": 50, "top_k": 5, "backend": "cross_encoder", "event": "rerank.start", "query_preview": "Qu'est-ce que l'architecture Zero Trust selon le cours ?", "correlation_id": "01KTYNZ0SM6P6DP0ERBNEV2MQH", "level": "info", "timestamp": "2026-06-12T19:46:53.958911Z"}
{"candidates": 50, "top_k": 5, "backend": "cross_encoder", "returned": 5, "event": "rerank.done", "query_preview": "Qu'est-ce que l'architecture Zero Trust selon le cours ?", "correlation_id": "01KTYNZ0SM6P6DP0ERBNEV2MQH", "level": "info", "timestamp": "2026-06-12T19:47:28.683981Z"}
{"node": "rerank", "reranked_count": 5, "event": "done", "query_preview": "Qu'est-ce que l'architecture Zero Trust selon le cours ?", "correlation_id": "01KTYNZ0SM6P6DP0ERBNEV2MQH", "level": "info", "timestamp": "2026-06-12T19:47:28.684083Z"}
{"node": "query_tables", "reason": "empty_or_not_table_shaped", "event": "skip", "query_preview": "Qu'est-ce que l'architecture Zero Trust selon le cours ?", "correlation_id": "01KTYNZ0SM6P6DP0ERBNEV2MQH", "level": "info", "timestamp": "2026-06-12T19:47:28.685866Z"}
{"node": "assess", "reranked_count": 5, "event": "start", "query_preview": "Qu'est-ce que l'architecture Zero Trust selon le cours ?", "correlation_id": "01KTYNZ0SM6P6DP0ERBNEV2MQH", "level": "info", "timestamp": "2026-06-12T19:47:28.686559Z"}
{"prompt_tag": "assess_sufficiency@v4", "schema": "SufficiencyAssessment", "model": "cyankiwi/Qwen3.5-4B-AWQ-4bit", "max_tokens": 1024, "temperature": 0.1, "top_p": 0.8, "presence_penalty": 1.0, "seed": 42, "message_count": 1, "event": "model_call.start", "query_preview": "Qu'est-ce que l'architecture Zero Trust selon le cours ?", "correlation_id": "01KTYNZ0SM6P6DP0ERBNEV2MQH", "level": "info", "timestamp": "2026-06-12T19:47:28.688532Z"}
Authentication error: Langfuse client initialized without public_key. Client will be disabled. Provide a public_key parameter or set LANGFUSE_PUBLIC_KEY environment variable. 
{"prompt_tag": "assess_sufficiency@v4", "schema": "SufficiencyAssessment", "tokens": 1867, "event": "model_call.done", "query_preview": "Qu'est-ce que l'architecture Zero Trust selon le cours ?", "correlation_id": "01KTYNZ0SM6P6DP0ERBNEV2MQH", "level": "info", "timestamp": "2026-06-12T19:47:29.373816Z"}
{"node": "answer", "regenerate_attempt": 0, "event": "start", "query_preview": "Qu'est-ce que l'architecture Zero Trust selon le cours ?", "correlation_id": "01KTYNZ0SM6P6DP0ERBNEV2MQH", "level": "info", "timestamp": "2026-06-12T19:47:29.374967Z"}
{"prompt_tag": "answer@v5", "schema": "DraftAnswer", "model": "cyankiwi/Qwen3.5-4B-AWQ-4bit", "max_tokens": 1800, "temperature": 0.1, "top_p": 0.8, "presence_penalty": 1.0, "seed": 42, "message_count": 2, "event": "model_call.start", "query_preview": "Qu'est-ce que l'architecture Zero Trust selon le cours ?", "correlation_id": "01KTYNZ0SM6P6DP0ERBNEV2MQH", "level": "info", "timestamp": "2026-06-12T19:47:29.376989Z"}
Authentication error: Langfuse client initialized without public_key. Client will be disabled. Provide a public_key parameter or set LANGFUSE_PUBLIC_KEY environment variable. 
{"prompt_tag": "answer@v5", "schema": "DraftAnswer", "tokens": 4136, "event": "model_call.done", "query_preview": "Qu'est-ce que l'architecture Zero Trust selon le cours ?", "correlation_id": "01KTYNZ0SM6P6DP0ERBNEV2MQH", "level": "info", "timestamp": "2026-06-12T19:47:36.397859Z"}
{"node": "verify", "claim_count": 7, "event": "start", "query_preview": "Qu'est-ce que l'architecture Zero Trust selon le cours ?", "correlation_id": "01KTYNZ0SM6P6DP0ERBNEV2MQH", "level": "info", "timestamp": "2026-06-12T19:47:36.398679Z"}
{"prompt_tag": "verify_grounding@v2", "schema": "VerificationResult", "model": "cyankiwi/Qwen3.5-4B-AWQ-4bit", "max_tokens": 1024, "temperature": 0.1, "top_p": 0.8, "presence_penalty": 1.0, "seed": 42, "message_count": 1, "event": "model_call.start", "query_preview": "Qu'est-ce que l'architecture Zero Trust selon le cours ?", "correlation_id": "01KTYNZ0SM6P6DP0ERBNEV2MQH", "level": "info", "timestamp": "2026-06-12T19:47:36.401754Z"}
Authentication error: Langfuse client initialized without public_key. Client will be disabled. Provide a public_key parameter or set LANGFUSE_PUBLIC_KEY environment variable. 
{"prompt_tag": "verify_grounding@v2", "schema": "VerificationResult", "tokens": 2285, "event": "model_call.done", "query_preview": "Qu'est-ce que l'architecture Zero Trust selon le cours ?", "correlation_id": "01KTYNZ0SM6P6DP0ERBNEV2MQH", "level": "info", "timestamp": "2026-06-12T19:47:37.084603Z"}
{"prompt_tag": "verify_grounding@v2", "schema": "VerificationResult", "model": "cyankiwi/Qwen3.5-4B-AWQ-4bit", "max_tokens": 1024, "temperature": 0.1, "top_p": 0.8, "presence_penalty": 1.0, "seed": 42, "message_count": 1, "event": "model_call.start", "query_preview": "Qu'est-ce que l'architecture Zero Trust selon le cours ?", "correlation_id": "01KTYNZ0SM6P6DP0ERBNEV2MQH", "level": "info", "timestamp": "2026-06-12T19:47:37.086752Z"}
Authentication error: Langfuse client initialized without public_key. Client will be disabled. Provide a public_key parameter or set LANGFUSE_PUBLIC_KEY environment variable. 
{"prompt_tag": "verify_grounding@v2", "schema": "VerificationResult", "tokens": 643, "event": "model_call.done", "query_preview": "Qu'est-ce que l'architecture Zero Trust selon le cours ?", "correlation_id": "01KTYNZ0SM6P6DP0ERBNEV2MQH", "level": "info", "timestamp": "2026-06-12T19:47:37.372300Z"}
{"node": "verify", "claim_index": 6, "old_chunk": "5795b16a-pdf-cr350-cours-1#14559f06f6", "new_chunk": "5795b16a-pdf-cr350-cours-1#14559f06f6", "event": "verify.citation_retargeted", "query_preview": "Qu'est-ce que l'architecture Zero Trust selon le cours ?", "correlation_id": "01KTYNZ0SM6P6DP0ERBNEV2MQH", "level": "info", "timestamp": "2026-06-12T19:47:37.372355Z"}
{"node": "assess_relevance", "event": "start", "query_preview": "Qu'est-ce que l'architecture Zero Trust selon le cours ?", "correlation_id": "01KTYNZ0SM6P6DP0ERBNEV2MQH", "level": "info", "timestamp": "2026-06-12T19:47:37.373433Z"}
{"prompt_tag": "assess_relevance@v3", "schema": "RelevanceAssessment", "model": "cyankiwi/Qwen3.5-4B-AWQ-4bit", "max_tokens": 1024, "temperature": 0.1, "top_p": 0.8, "presence_penalty": 1.0, "seed": 42, "message_count": 1, "event": "model_call.start", "query_preview": "Qu'est-ce que l'architecture Zero Trust selon le cours ?", "correlation_id": "01KTYNZ0SM6P6DP0ERBNEV2MQH", "level": "info", "timestamp": "2026-06-12T19:47:37.374416Z"}
Authentication error: Langfuse client initialized without public_key. Client will be disabled. Provide a public_key parameter or set LANGFUSE_PUBLIC_KEY environment variable. 
{"prompt_tag": "assess_relevance@v3", "schema": "RelevanceAssessment", "tokens": 1130, "event": "model_call.done", "query_preview": "Qu'est-ce que l'architecture Zero Trust selon le cours ?", "correlation_id": "01KTYNZ0SM6P6DP0ERBNEV2MQH", "level": "info", "timestamp": "2026-06-12T19:47:37.786672Z"}
{"node": "assess_relevance", "responsive": true, "event": "relevance", "query_preview": "Qu'est-ce que l'architecture Zero Trust selon le cours ?", "correlation_id": "01KTYNZ0SM6P6DP0ERBNEV2MQH", "level": "info", "timestamp": "2026-06-12T19:47:37.786723Z"}
{"node": "compose", "event": "start", "query_preview": "Qu'est-ce que l'architecture Zero Trust selon le cours ?", "correlation_id": "01KTYNZ0SM6P6DP0ERBNEV2MQH", "level": "info", "timestamp": "2026-06-12T19:47:37.787770Z"}
Authentication error: Langfuse client initialized without public_key. Client will be disabled. Provide a public_key parameter or set LANGFUSE_PUBLIC_KEY environment variable. 
{"node": "retrieve", "query_len": 71, "event": "start", "query_preview": "\u00c0 quoi sert le protocole ARP et entre quelles couches fonctionne-t-il ?", "correlation_id": "01KTYP0BNWX9SDYDRCHZ2V9MDT", "level": "info", "timestamp": "2026-06-12T19:47:37.789219Z"}
{"query_len": 71, "k": 50, "event": "hybrid.start", "query_preview": "\u00c0 quoi sert le protocole ARP et entre quelles couches fonctionne-t-il ?", "correlation_id": "01KTYP0BNWX9SDYDRCHZ2V9MDT", "level": "info", "timestamp": "2026-06-12T19:47:37.789253Z"}
{"query_len": 71, "k": 50, "dense": 50, "bm25": 0, "fused": 50, "term": false, "event": "hybrid.done", "query_preview": "\u00c0 quoi sert le protocole ARP et entre quelles couches fonctionne-t-il ?", "correlation_id": "01KTYP0BNWX9SDYDRCHZ2V9MDT", "level": "info", "timestamp": "2026-06-12T19:47:37.872634Z"}
{"node": "retrieve", "candidate_count": 50, "event": "done", "query_preview": "\u00c0 quoi sert le protocole ARP et entre quelles couches fonctionne-t-il ?", "correlation_id": "01KTYP0BNWX9SDYDRCHZ2V9MDT", "level": "info", "timestamp": "2026-06-12T19:47:37.873909Z"}
{"node": "expand_graph", "reason": "disabled_or_empty", "event": "skip", "query_preview": "\u00c0 quoi sert le protocole ARP et entre quelles couches fonctionne-t-il ?", "correlation_id": "01KTYP0BNWX9SDYDRCHZ2V9MDT", "level": "info", "timestamp": "2026-06-12T19:47:37.875511Z"}
{"node": "rerank", "candidate_count": 50, "event": "start", "query_preview": "\u00c0 quoi sert le protocole ARP et entre quelles couches fonctionne-t-il ?", "correlation_id": "01KTYP0BNWX9SDYDRCHZ2V9MDT", "level": "info", "timestamp": "2026-06-12T19:47:37.876113Z"}
{"node": "rerank", "top_k": 5, "source": "mode", "event": "top_k_resolved", "query_preview": "\u00c0 quoi sert le protocole ARP et entre quelles couches fonctionne-t-il ?", "correlation_id": "01KTYP0BNWX9SDYDRCHZ2V9MDT", "level": "info", "timestamp": "2026-06-12T19:47:37.876173Z"}
{"candidates": 50, "top_k": 5, "backend": "cross_encoder", "event": "rerank.start", "query_preview": "\u00c0 quoi sert le protocole ARP et entre quelles couches fonctionne-t-il ?", "correlation_id": "01KTYP0BNWX9SDYDRCHZ2V9MDT", "level": "info", "timestamp": "2026-06-12T19:47:37.876207Z"}
{"candidates": 50, "top_k": 5, "backend": "cross_encoder", "returned": 5, "event": "rerank.done", "query_preview": "\u00c0 quoi sert le protocole ARP et entre quelles couches fonctionne-t-il ?", "correlation_id": "01KTYP0BNWX9SDYDRCHZ2V9MDT", "level": "info", "timestamp": "2026-06-12T19:47:57.674428Z"}
{"node": "rerank", "reranked_count": 5, "event": "done", "query_preview": "\u00c0 quoi sert le protocole ARP et entre quelles couches fonctionne-t-il ?", "correlation_id": "01KTYP0BNWX9SDYDRCHZ2V9MDT", "level": "info", "timestamp": "2026-06-12T19:47:57.674525Z"}
{"node": "query_tables", "reason": "empty_or_not_table_shaped", "event": "skip", "query_preview": "\u00c0 quoi sert le protocole ARP et entre quelles couches fonctionne-t-il ?", "correlation_id": "01KTYP0BNWX9SDYDRCHZ2V9MDT", "level": "info", "timestamp": "2026-06-12T19:47:57.676318Z"}
{"node": "assess", "reranked_count": 5, "event": "start", "query_preview": "\u00c0 quoi sert le protocole ARP et entre quelles couches fonctionne-t-il ?", "correlation_id": "01KTYP0BNWX9SDYDRCHZ2V9MDT", "level": "info", "timestamp": "2026-06-12T19:47:57.677035Z"}
{"prompt_tag": "assess_sufficiency@v4", "schema": "SufficiencyAssessment", "model": "cyankiwi/Qwen3.5-4B-AWQ-4bit", "max_tokens": 1024, "temperature": 0.1, "top_p": 0.8, "presence_penalty": 1.0, "seed": 42, "message_count": 1, "event": "model_call.start", "query_preview": "\u00c0 quoi sert le protocole ARP et entre quelles couches fonctionne-t-il ?", "correlation_id": "01KTYP0BNWX9SDYDRCHZ2V9MDT", "level": "info", "timestamp": "2026-06-12T19:47:57.678935Z"}
Authentication error: Langfuse client initialized without public_key. Client will be disabled. Provide a public_key parameter or set LANGFUSE_PUBLIC_KEY environment variable. 
{"prompt_tag": "assess_sufficiency@v4", "schema": "SufficiencyAssessment", "tokens": 1361, "event": "model_call.done", "query_preview": "\u00c0 quoi sert le protocole ARP et entre quelles couches fonctionne-t-il ?", "correlation_id": "01KTYP0BNWX9SDYDRCHZ2V9MDT", "level": "info", "timestamp": "2026-06-12T19:47:58.315743Z"}
{"node": "answer", "regenerate_attempt": 0, "event": "start", "query_preview": "\u00c0 quoi sert le protocole ARP et entre quelles couches fonctionne-t-il ?", "correlation_id": "01KTYP0BNWX9SDYDRCHZ2V9MDT", "level": "info", "timestamp": "2026-06-12T19:47:58.316908Z"}
{"prompt_tag": "answer@v5", "schema": "DraftAnswer", "model": "cyankiwi/Qwen3.5-4B-AWQ-4bit", "max_tokens": 1800, "temperature": 0.1, "top_p": 0.8, "presence_penalty": 1.0, "seed": 42, "message_count": 2, "event": "model_call.start", "query_preview": "\u00c0 quoi sert le protocole ARP et entre quelles couches fonctionne-t-il ?", "correlation_id": "01KTYP0BNWX9SDYDRCHZ2V9MDT", "level": "info", "timestamp": "2026-06-12T19:47:58.318862Z"}
Authentication error: Langfuse client initialized without public_key. Client will be disabled. Provide a public_key parameter or set LANGFUSE_PUBLIC_KEY environment variable. 
{"prompt_tag": "answer@v5", "schema": "DraftAnswer", "tokens": 3391, "event": "model_call.done", "query_preview": "\u00c0 quoi sert le protocole ARP et entre quelles couches fonctionne-t-il ?", "correlation_id": "01KTYP0BNWX9SDYDRCHZ2V9MDT", "level": "info", "timestamp": "2026-06-12T19:48:03.127753Z"}
{"node": "verify", "claim_count": 5, "event": "start", "query_preview": "\u00c0 quoi sert le protocole ARP et entre quelles couches fonctionne-t-il ?", "correlation_id": "01KTYP0BNWX9SDYDRCHZ2V9MDT", "level": "info", "timestamp": "2026-06-12T19:48:03.128555Z"}
{"prompt_tag": "verify_grounding@v2", "schema": "VerificationResult", "model": "cyankiwi/Qwen3.5-4B-AWQ-4bit", "max_tokens": 1024, "temperature": 0.1, "top_p": 0.8, "presence_penalty": 1.0, "seed": 42, "message_count": 1, "event": "model_call.start", "query_preview": "\u00c0 quoi sert le protocole ARP et entre quelles couches fonctionne-t-il ?", "correlation_id": "01KTYP0BNWX9SDYDRCHZ2V9MDT", "level": "info", "timestamp": "2026-06-12T19:48:03.131613Z"}
Authentication error: Langfuse client initialized without public_key. Client will be disabled. Provide a public_key parameter or set LANGFUSE_PUBLIC_KEY environment variable. 
{"prompt_tag": "verify_grounding@v2", "schema": "VerificationResult", "tokens": 1588, "event": "model_call.done", "query_preview": "\u00c0 quoi sert le protocole ARP et entre quelles couches fonctionne-t-il ?", "correlation_id": "01KTYP0BNWX9SDYDRCHZ2V9MDT", "level": "info", "timestamp": "2026-06-12T19:48:03.657754Z"}
{"node": "assess_relevance", "event": "start", "query_preview": "\u00c0 quoi sert le protocole ARP et entre quelles couches fonctionne-t-il ?", "correlation_id": "01KTYP0BNWX9SDYDRCHZ2V9MDT", "level": "info", "timestamp": "2026-06-12T19:48:03.658945Z"}
{"prompt_tag": "assess_relevance@v3", "schema": "RelevanceAssessment", "model": "cyankiwi/Qwen3.5-4B-AWQ-4bit", "max_tokens": 1024, "temperature": 0.1, "top_p": 0.8, "presence_penalty": 1.0, "seed": 42, "message_count": 1, "event": "model_call.start", "query_preview": "\u00c0 quoi sert le protocole ARP et entre quelles couches fonctionne-t-il ?", "correlation_id": "01KTYP0BNWX9SDYDRCHZ2V9MDT", "level": "info", "timestamp": "2026-06-12T19:48:03.659959Z"}
Authentication error: Langfuse client initialized without public_key. Client will be disabled. Provide a public_key parameter or set LANGFUSE_PUBLIC_KEY environment variable. 
{"prompt_tag": "assess_relevance@v3", "schema": "RelevanceAssessment", "tokens": 1030, "event": "model_call.done", "query_preview": "\u00c0 quoi sert le protocole ARP et entre quelles couches fonctionne-t-il ?", "correlation_id": "01KTYP0BNWX9SDYDRCHZ2V9MDT", "level": "info", "timestamp": "2026-06-12T19:48:04.107529Z"}
{"node": "assess_relevance", "responsive": true, "event": "relevance", "query_preview": "\u00c0 quoi sert le protocole ARP et entre quelles couches fonctionne-t-il ?", "correlation_id": "01KTYP0BNWX9SDYDRCHZ2V9MDT", "level": "info", "timestamp": "2026-06-12T19:48:04.109258Z"}
{"node": "compose", "event": "start", "query_preview": "\u00c0 quoi sert le protocole ARP et entre quelles couches fonctionne-t-il ?", "correlation_id": "01KTYP0BNWX9SDYDRCHZ2V9MDT", "level": "info", "timestamp": "2026-06-12T19:48:04.110335Z"}
Authentication error: Langfuse client initialized without public_key. Client will be disabled. Provide a public_key parameter or set LANGFUSE_PUBLIC_KEY environment variable. 
{"node": "retrieve", "query_len": 69, "event": "start", "query_preview": "Quelle moyenne minimale faut-il obtenir pour r\u00e9ussir le cours CR350 ?", "correlation_id": "01KTYP15CEDV2PRK96SPR2TKN8", "level": "info", "timestamp": "2026-06-12T19:48:04.111815Z"}
{"query_len": 69, "k": 50, "event": "hybrid.start", "query_preview": "Quelle moyenne minimale faut-il obtenir pour r\u00e9ussir le cours CR350 ?", "correlation_id": "01KTYP15CEDV2PRK96SPR2TKN8", "level": "info", "timestamp": "2026-06-12T19:48:04.111852Z"}
{"query_len": 69, "k": 50, "dense": 50, "bm25": 0, "fused": 50, "term": false, "event": "hybrid.done", "query_preview": "Quelle moyenne minimale faut-il obtenir pour r\u00e9ussir le cours CR350 ?", "correlation_id": "01KTYP15CEDV2PRK96SPR2TKN8", "level": "info", "timestamp": "2026-06-12T19:48:04.183392Z"}
{"node": "retrieve", "candidate_count": 50, "event": "done", "query_preview": "Quelle moyenne minimale faut-il obtenir pour r\u00e9ussir le cours CR350 ?", "correlation_id": "01KTYP15CEDV2PRK96SPR2TKN8", "level": "info", "timestamp": "2026-06-12T19:48:04.184370Z"}
{"node": "expand_graph", "reason": "disabled_or_empty", "event": "skip", "query_preview": "Quelle moyenne minimale faut-il obtenir pour r\u00e9ussir le cours CR350 ?", "correlation_id": "01KTYP15CEDV2PRK96SPR2TKN8", "level": "info", "timestamp": "2026-06-12T19:48:04.185640Z"}
{"node": "rerank", "candidate_count": 50, "event": "start", "query_preview": "Quelle moyenne minimale faut-il obtenir pour r\u00e9ussir le cours CR350 ?", "correlation_id": "01KTYP15CEDV2PRK96SPR2TKN8", "level": "info", "timestamp": "2026-06-12T19:48:04.186121Z"}
{"node": "rerank", "top_k": 5, "source": "mode", "event": "top_k_resolved", "query_preview": "Quelle moyenne minimale faut-il obtenir pour r\u00e9ussir le cours CR350 ?", "correlation_id": "01KTYP15CEDV2PRK96SPR2TKN8", "level": "info", "timestamp": "2026-06-12T19:48:04.186170Z"}
{"candidates": 50, "top_k": 5, "backend": "cross_encoder", "event": "rerank.start", "query_preview": "Quelle moyenne minimale faut-il obtenir pour r\u00e9ussir le cours CR350 ?", "correlation_id": "01KTYP15CEDV2PRK96SPR2TKN8", "level": "info", "timestamp": "2026-06-12T19:48:04.186192Z"}
{"candidates": 50, "top_k": 5, "backend": "cross_encoder", "returned": 5, "event": "rerank.done", "query_preview": "Quelle moyenne minimale faut-il obtenir pour r\u00e9ussir le cours CR350 ?", "correlation_id": "01KTYP15CEDV2PRK96SPR2TKN8", "level": "info", "timestamp": "2026-06-12T19:48:16.044769Z"}
{"node": "rerank", "reranked_count": 5, "event": "done", "query_preview": "Quelle moyenne minimale faut-il obtenir pour r\u00e9ussir le cours CR350 ?", "correlation_id": "01KTYP15CEDV2PRK96SPR2TKN8", "level": "info", "timestamp": "2026-06-12T19:48:16.044880Z"}
{"node": "query_tables", "reason": "empty_or_not_table_shaped", "event": "skip", "query_preview": "Quelle moyenne minimale faut-il obtenir pour r\u00e9ussir le cours CR350 ?", "correlation_id": "01KTYP15CEDV2PRK96SPR2TKN8", "level": "info", "timestamp": "2026-06-12T19:48:16.046630Z"}
{"node": "assess", "reranked_count": 5, "event": "start", "query_preview": "Quelle moyenne minimale faut-il obtenir pour r\u00e9ussir le cours CR350 ?", "correlation_id": "01KTYP15CEDV2PRK96SPR2TKN8", "level": "info", "timestamp": "2026-06-12T19:48:16.047312Z"}
{"prompt_tag": "assess_sufficiency@v4", "schema": "SufficiencyAssessment", "model": "cyankiwi/Qwen3.5-4B-AWQ-4bit", "max_tokens": 1024, "temperature": 0.1, "top_p": 0.8, "presence_penalty": 1.0, "seed": 42, "message_count": 1, "event": "model_call.start", "query_preview": "Quelle moyenne minimale faut-il obtenir pour r\u00e9ussir le cours CR350 ?", "correlation_id": "01KTYP15CEDV2PRK96SPR2TKN8", "level": "info", "timestamp": "2026-06-12T19:48:16.049215Z"}
Authentication error: Langfuse client initialized without public_key. Client will be disabled. Provide a public_key parameter or set LANGFUSE_PUBLIC_KEY environment variable. 
{"prompt_tag": "assess_sufficiency@v4", "schema": "SufficiencyAssessment", "tokens": 1236, "event": "model_call.done", "query_preview": "Quelle moyenne minimale faut-il obtenir pour r\u00e9ussir le cours CR350 ?", "correlation_id": "01KTYP15CEDV2PRK96SPR2TKN8", "level": "info", "timestamp": "2026-06-12T19:48:16.617635Z"}
{"node": "answer", "regenerate_attempt": 0, "event": "start", "query_preview": "Quelle moyenne minimale faut-il obtenir pour r\u00e9ussir le cours CR350 ?", "correlation_id": "01KTYP15CEDV2PRK96SPR2TKN8", "level": "info", "timestamp": "2026-06-12T19:48:16.618732Z"}
{"prompt_tag": "answer@v5", "schema": "DraftAnswer", "model": "cyankiwi/Qwen3.5-4B-AWQ-4bit", "max_tokens": 1800, "temperature": 0.1, "top_p": 0.8, "presence_penalty": 1.0, "seed": 42, "message_count": 2, "event": "model_call.start", "query_preview": "Quelle moyenne minimale faut-il obtenir pour r\u00e9ussir le cours CR350 ?", "correlation_id": "01KTYP15CEDV2PRK96SPR2TKN8", "level": "info", "timestamp": "2026-06-12T19:48:16.620705Z"}
Authentication error: Langfuse client initialized without public_key. Client will be disabled. Provide a public_key parameter or set LANGFUSE_PUBLIC_KEY environment variable. 
{"prompt_tag": "answer@v5", "schema": "DraftAnswer", "tokens": 3069, "event": "model_call.done", "query_preview": "Quelle moyenne minimale faut-il obtenir pour r\u00e9ussir le cours CR350 ?", "correlation_id": "01KTYP15CEDV2PRK96SPR2TKN8", "level": "info", "timestamp": "2026-06-12T19:48:19.603475Z"}
{"node": "answer", "exact": 0, "suffix": 0, "fuzzy": 2, "unresolved": 0, "event": "chunk_id_repair", "query_preview": "Quelle moyenne minimale faut-il obtenir pour r\u00e9ussir le cours CR350 ?", "correlation_id": "01KTYP15CEDV2PRK96SPR2TKN8", "level": "info", "timestamp": "2026-06-12T19:48:19.603657Z"}
{"node": "verify", "claim_count": 2, "event": "start", "query_preview": "Quelle moyenne minimale faut-il obtenir pour r\u00e9ussir le cours CR350 ?", "correlation_id": "01KTYP15CEDV2PRK96SPR2TKN8", "level": "info", "timestamp": "2026-06-12T19:48:19.604409Z"}
{"prompt_tag": "verify_grounding@v2", "schema": "VerificationResult", "model": "cyankiwi/Qwen3.5-4B-AWQ-4bit", "max_tokens": 1024, "temperature": 0.1, "top_p": 0.8, "presence_penalty": 1.0, "seed": 42, "message_count": 1, "event": "model_call.start", "query_preview": "Quelle moyenne minimale faut-il obtenir pour r\u00e9ussir le cours CR350 ?", "correlation_id": "01KTYP15CEDV2PRK96SPR2TKN8", "level": "info", "timestamp": "2026-06-12T19:48:19.607416Z"}
Authentication error: Langfuse client initialized without public_key. Client will be disabled. Provide a public_key parameter or set LANGFUSE_PUBLIC_KEY environment variable. 
{"prompt_tag": "verify_grounding@v2", "schema": "VerificationResult", "tokens": 1262, "event": "model_call.done", "query_preview": "Quelle moyenne minimale faut-il obtenir pour r\u00e9ussir le cours CR350 ?", "correlation_id": "01KTYP15CEDV2PRK96SPR2TKN8", "level": "info", "timestamp": "2026-06-12T19:48:20.008267Z"}
{"node": "assess_relevance", "event": "start", "query_preview": "Quelle moyenne minimale faut-il obtenir pour r\u00e9ussir le cours CR350 ?", "correlation_id": "01KTYP15CEDV2PRK96SPR2TKN8", "level": "info", "timestamp": "2026-06-12T19:48:20.009422Z"}
{"prompt_tag": "assess_relevance@v3", "schema": "RelevanceAssessment", "model": "cyankiwi/Qwen3.5-4B-AWQ-4bit", "max_tokens": 1024, "temperature": 0.1, "top_p": 0.8, "presence_penalty": 1.0, "seed": 42, "message_count": 1, "event": "model_call.start", "query_preview": "Quelle moyenne minimale faut-il obtenir pour r\u00e9ussir le cours CR350 ?", "correlation_id": "01KTYP15CEDV2PRK96SPR2TKN8", "level": "info", "timestamp": "2026-06-12T19:48:20.010389Z"}
Authentication error: Langfuse client initialized without public_key. Client will be disabled. Provide a public_key parameter or set LANGFUSE_PUBLIC_KEY environment variable. 
{"prompt_tag": "assess_relevance@v3", "schema": "RelevanceAssessment", "tokens": 970, "event": "model_call.done", "query_preview": "Quelle moyenne minimale faut-il obtenir pour r\u00e9ussir le cours CR350 ?", "correlation_id": "01KTYP15CEDV2PRK96SPR2TKN8", "level": "info", "timestamp": "2026-06-12T19:48:20.402127Z"}
{"node": "assess_relevance", "responsive": true, "event": "relevance", "query_preview": "Quelle moyenne minimale faut-il obtenir pour r\u00e9ussir le cours CR350 ?", "correlation_id": "01KTYP15CEDV2PRK96SPR2TKN8", "level": "info", "timestamp": "2026-06-12T19:48:20.402178Z"}
{"node": "compose", "event": "start", "query_preview": "Quelle moyenne minimale faut-il obtenir pour r\u00e9ussir le cours CR350 ?", "correlation_id": "01KTYP15CEDV2PRK96SPR2TKN8", "level": "info", "timestamp": "2026-06-12T19:48:20.403974Z"}
Authentication error: Langfuse client initialized without public_key. Client will be disabled. Provide a public_key parameter or set LANGFUSE_PUBLIC_KEY environment variable. 
{"node": "retrieve", "query_len": 56, "event": "start", "query_preview": "Quel est le r\u00f4le principal d'un routeur dans un r\u00e9seau ?", "correlation_id": "01KTYP1N9MSSG204Y3TFPKA48F", "level": "info", "timestamp": "2026-06-12T19:48:20.405811Z"}
{"query_len": 56, "k": 50, "event": "hybrid.start", "query_preview": "Quel est le r\u00f4le principal d'un routeur dans un r\u00e9seau ?", "correlation_id": "01KTYP1N9MSSG204Y3TFPKA48F", "level": "info", "timestamp": "2026-06-12T19:48:20.405846Z"}
{"query_len": 56, "k": 50, "dense": 50, "bm25": 0, "fused": 50, "term": false, "event": "hybrid.done", "query_preview": "Quel est le r\u00f4le principal d'un routeur dans un r\u00e9seau ?", "correlation_id": "01KTYP1N9MSSG204Y3TFPKA48F", "level": "info", "timestamp": "2026-06-12T19:48:20.471001Z"}
{"node": "retrieve", "candidate_count": 50, "event": "done", "query_preview": "Quel est le r\u00f4le principal d'un routeur dans un r\u00e9seau ?", "correlation_id": "01KTYP1N9MSSG204Y3TFPKA48F", "level": "info", "timestamp": "2026-06-12T19:48:20.471912Z"}
{"node": "expand_graph", "reason": "disabled_or_empty", "event": "skip", "query_preview": "Quel est le r\u00f4le principal d'un routeur dans un r\u00e9seau ?", "correlation_id": "01KTYP1N9MSSG204Y3TFPKA48F", "level": "info", "timestamp": "2026-06-12T19:48:20.473167Z"}
{"node": "rerank", "candidate_count": 50, "event": "start", "query_preview": "Quel est le r\u00f4le principal d'un routeur dans un r\u00e9seau ?", "correlation_id": "01KTYP1N9MSSG204Y3TFPKA48F", "level": "info", "timestamp": "2026-06-12T19:48:20.473636Z"}
{"node": "rerank", "top_k": 5, "source": "mode", "event": "top_k_resolved", "query_preview": "Quel est le r\u00f4le principal d'un routeur dans un r\u00e9seau ?", "correlation_id": "01KTYP1N9MSSG204Y3TFPKA48F", "level": "info", "timestamp": "2026-06-12T19:48:20.473680Z"}
{"candidates": 50, "top_k": 5, "backend": "cross_encoder", "event": "rerank.start", "query_preview": "Quel est le r\u00f4le principal d'un routeur dans un r\u00e9seau ?", "correlation_id": "01KTYP1N9MSSG204Y3TFPKA48F", "level": "info", "timestamp": "2026-06-12T19:48:20.473709Z"}
{"candidates": 50, "top_k": 5, "backend": "cross_encoder", "returned": 5, "event": "rerank.done", "query_preview": "Quel est le r\u00f4le principal d'un routeur dans un r\u00e9seau ?", "correlation_id": "01KTYP1N9MSSG204Y3TFPKA48F", "level": "info", "timestamp": "2026-06-12T19:48:40.462371Z"}
{"node": "rerank", "reranked_count": 5, "event": "done", "query_preview": "Quel est le r\u00f4le principal d'un routeur dans un r\u00e9seau ?", "correlation_id": "01KTYP1N9MSSG204Y3TFPKA48F", "level": "info", "timestamp": "2026-06-12T19:48:40.462475Z"}
{"node": "query_tables", "reason": "empty_or_not_table_shaped", "event": "skip", "query_preview": "Quel est le r\u00f4le principal d'un routeur dans un r\u00e9seau ?", "correlation_id": "01KTYP1N9MSSG204Y3TFPKA48F", "level": "info", "timestamp": "2026-06-12T19:48:40.464406Z"}
{"node": "assess", "reranked_count": 5, "event": "start", "query_preview": "Quel est le r\u00f4le principal d'un routeur dans un r\u00e9seau ?", "correlation_id": "01KTYP1N9MSSG204Y3TFPKA48F", "level": "info", "timestamp": "2026-06-12T19:48:40.465147Z"}
{"prompt_tag": "assess_sufficiency@v4", "schema": "SufficiencyAssessment", "model": "cyankiwi/Qwen3.5-4B-AWQ-4bit", "max_tokens": 1024, "temperature": 0.1, "top_p": 0.8, "presence_penalty": 1.0, "seed": 42, "message_count": 1, "event": "model_call.start", "query_preview": "Quel est le r\u00f4le principal d'un routeur dans un r\u00e9seau ?", "correlation_id": "01KTYP1N9MSSG204Y3TFPKA48F", "level": "info", "timestamp": "2026-06-12T19:48:40.467333Z"}
Authentication error: Langfuse client initialized without public_key. Client will be disabled. Provide a public_key parameter or set LANGFUSE_PUBLIC_KEY environment variable. 
{"prompt_tag": "assess_sufficiency@v4", "schema": "SufficiencyAssessment", "tokens": 1341, "event": "model_call.done", "query_preview": "Quel est le r\u00f4le principal d'un routeur dans un r\u00e9seau ?", "correlation_id": "01KTYP1N9MSSG204Y3TFPKA48F", "level": "info", "timestamp": "2026-06-12T19:48:41.156318Z"}
{"node": "answer", "regenerate_attempt": 0, "event": "start", "query_preview": "Quel est le r\u00f4le principal d'un routeur dans un r\u00e9seau ?", "correlation_id": "01KTYP1N9MSSG204Y3TFPKA48F", "level": "info", "timestamp": "2026-06-12T19:48:41.157413Z"}
{"prompt_tag": "answer@v5", "schema": "DraftAnswer", "model": "cyankiwi/Qwen3.5-4B-AWQ-4bit", "max_tokens": 1800, "temperature": 0.1, "top_p": 0.8, "presence_penalty": 1.0, "seed": 42, "message_count": 2, "event": "model_call.start", "query_preview": "Quel est le r\u00f4le principal d'un routeur dans un r\u00e9seau ?", "correlation_id": "01KTYP1N9MSSG204Y3TFPKA48F", "level": "info", "timestamp": "2026-06-12T19:48:41.159409Z"}
Authentication error: Langfuse client initialized without public_key. Client will be disabled. Provide a public_key parameter or set LANGFUSE_PUBLIC_KEY environment variable. 
{"prompt_tag": "answer@v5", "schema": "DraftAnswer", "tokens": 3268, "event": "model_call.done", "query_preview": "Quel est le r\u00f4le principal d'un routeur dans un r\u00e9seau ?", "correlation_id": "01KTYP1N9MSSG204Y3TFPKA48F", "level": "info", "timestamp": "2026-06-12T19:48:45.095420Z"}
{"node": "verify", "claim_count": 4, "event": "start", "query_preview": "Quel est le r\u00f4le principal d'un routeur dans un r\u00e9seau ?", "correlation_id": "01KTYP1N9MSSG204Y3TFPKA48F", "level": "info", "timestamp": "2026-06-12T19:48:45.096281Z"}
{"prompt_tag": "verify_grounding@v2", "schema": "VerificationResult", "model": "cyankiwi/Qwen3.5-4B-AWQ-4bit", "max_tokens": 1024, "temperature": 0.1, "top_p": 0.8, "presence_penalty": 1.0, "seed": 42, "message_count": 1, "event": "model_call.start", "query_preview": "Quel est le r\u00f4le principal d'un routeur dans un r\u00e9seau ?", "correlation_id": "01KTYP1N9MSSG204Y3TFPKA48F", "level": "info", "timestamp": "2026-06-12T19:48:45.099463Z"}
Authentication error: Langfuse client initialized without public_key. Client will be disabled. Provide a public_key parameter or set LANGFUSE_PUBLIC_KEY environment variable. 
{"prompt_tag": "verify_grounding@v2", "schema": "VerificationResult", "tokens": 1490, "event": "model_call.done", "query_preview": "Quel est le r\u00f4le principal d'un routeur dans un r\u00e9seau ?", "correlation_id": "01KTYP1N9MSSG204Y3TFPKA48F", "level": "info", "timestamp": "2026-06-12T19:48:45.585004Z"}
{"node": "assess_relevance", "event": "start", "query_preview": "Quel est le r\u00f4le principal d'un routeur dans un r\u00e9seau ?", "correlation_id": "01KTYP1N9MSSG204Y3TFPKA48F", "level": "info", "timestamp": "2026-06-12T19:48:45.586220Z"}
{"prompt_tag": "assess_relevance@v3", "schema": "RelevanceAssessment", "model": "cyankiwi/Qwen3.5-4B-AWQ-4bit", "max_tokens": 1024, "temperature": 0.1, "top_p": 0.8, "presence_penalty": 1.0, "seed": 42, "message_count": 1, "event": "model_call.start", "query_preview": "Quel est le r\u00f4le principal d'un routeur dans un r\u00e9seau ?", "correlation_id": "01KTYP1N9MSSG204Y3TFPKA48F", "level": "info", "timestamp": "2026-06-12T19:48:45.587213Z"}
Authentication error: Langfuse client initialized without public_key. Client will be disabled. Provide a public_key parameter or set LANGFUSE_PUBLIC_KEY environment variable. 
{"prompt_tag": "assess_relevance@v3", "schema": "RelevanceAssessment", "tokens": 960, "event": "model_call.done", "query_preview": "Quel est le r\u00f4le principal d'un routeur dans un r\u00e9seau ?", "correlation_id": "01KTYP1N9MSSG204Y3TFPKA48F", "level": "info", "timestamp": "2026-06-12T19:48:46.063512Z"}
{"node": "assess_relevance", "responsive": true, "event": "relevance", "query_preview": "Quel est le r\u00f4le principal d'un routeur dans un r\u00e9seau ?", "correlation_id": "01KTYP1N9MSSG204Y3TFPKA48F", "level": "info", "timestamp": "2026-06-12T19:48:46.063564Z"}
{"node": "compose", "event": "start", "query_preview": "Quel est le r\u00f4le principal d'un routeur dans un r\u00e9seau ?", "correlation_id": "01KTYP1N9MSSG204Y3TFPKA48F", "level": "info", "timestamp": "2026-06-12T19:48:46.064597Z"}
Authentication error: Langfuse client initialized without public_key. Client will be disabled. Provide a public_key parameter or set LANGFUSE_PUBLIC_KEY environment variable. 
{"node": "retrieve", "query_len": 88, "event": "start", "query_preview": "\u00c0 quelle couche du mod\u00e8le OSI op\u00e8re un pare-feu de type passerelle applicative (", "correlation_id": "01KTYP2EBHF5DEYZJH6V65RZH0", "level": "info", "timestamp": "2026-06-12T19:48:46.066016Z"}
{"query_len": 88, "k": 50, "event": "hybrid.start", "query_preview": "\u00c0 quelle couche du mod\u00e8le OSI op\u00e8re un pare-feu de type passerelle applicative (", "correlation_id": "01KTYP2EBHF5DEYZJH6V65RZH0", "level": "info", "timestamp": "2026-06-12T19:48:46.066049Z"}
{"query_len": 88, "k": 50, "dense": 50, "bm25": 0, "fused": 50, "term": false, "event": "hybrid.done", "query_preview": "\u00c0 quelle couche du mod\u00e8le OSI op\u00e8re un pare-feu de type passerelle applicative (", "correlation_id": "01KTYP2EBHF5DEYZJH6V65RZH0", "level": "info", "timestamp": "2026-06-12T19:48:46.140037Z"}
{"node": "retrieve", "candidate_count": 50, "event": "done", "query_preview": "\u00c0 quelle couche du mod\u00e8le OSI op\u00e8re un pare-feu de type passerelle applicative (", "correlation_id": "01KTYP2EBHF5DEYZJH6V65RZH0", "level": "info", "timestamp": "2026-06-12T19:48:46.140926Z"}
{"node": "expand_graph", "reason": "disabled_or_empty", "event": "skip", "query_preview": "\u00c0 quelle couche du mod\u00e8le OSI op\u00e8re un pare-feu de type passerelle applicative (", "correlation_id": "01KTYP2EBHF5DEYZJH6V65RZH0", "level": "info", "timestamp": "2026-06-12T19:48:46.142440Z"}
{"node": "rerank", "candidate_count": 50, "event": "start", "query_preview": "\u00c0 quelle couche du mod\u00e8le OSI op\u00e8re un pare-feu de type passerelle applicative (", "correlation_id": "01KTYP2EBHF5DEYZJH6V65RZH0", "level": "info", "timestamp": "2026-06-12T19:48:46.142952Z"}
{"node": "rerank", "top_k": 5, "source": "mode", "event": "top_k_resolved", "query_preview": "\u00c0 quelle couche du mod\u00e8le OSI op\u00e8re un pare-feu de type passerelle applicative (", "correlation_id": "01KTYP2EBHF5DEYZJH6V65RZH0", "level": "info", "timestamp": "2026-06-12T19:48:46.143008Z"}
{"candidates": 50, "top_k": 5, "backend": "cross_encoder", "event": "rerank.start", "query_preview": "\u00c0 quelle couche du mod\u00e8le OSI op\u00e8re un pare-feu de type passerelle applicative (", "correlation_id": "01KTYP2EBHF5DEYZJH6V65RZH0", "level": "info", "timestamp": "2026-06-12T19:48:46.143032Z"}
{"candidates": 50, "top_k": 5, "backend": "cross_encoder", "returned": 5, "event": "rerank.done", "query_preview": "\u00c0 quelle couche du mod\u00e8le OSI op\u00e8re un pare-feu de type passerelle applicative (", "correlation_id": "01KTYP2EBHF5DEYZJH6V65RZH0", "level": "info", "timestamp": "2026-06-12T19:49:06.707808Z"}
{"node": "rerank", "reranked_count": 5, "event": "done", "query_preview": "\u00c0 quelle couche du mod\u00e8le OSI op\u00e8re un pare-feu de type passerelle applicative (", "correlation_id": "01KTYP2EBHF5DEYZJH6V65RZH0", "level": "info", "timestamp": "2026-06-12T19:49:06.707906Z"}
{"node": "query_tables", "reason": "empty_or_not_table_shaped", "event": "skip", "query_preview": "\u00c0 quelle couche du mod\u00e8le OSI op\u00e8re un pare-feu de type passerelle applicative (", "correlation_id": "01KTYP2EBHF5DEYZJH6V65RZH0", "level": "info", "timestamp": "2026-06-12T19:49:06.709715Z"}
{"node": "assess", "reranked_count": 5, "event": "start", "query_preview": "\u00c0 quelle couche du mod\u00e8le OSI op\u00e8re un pare-feu de type passerelle applicative (", "correlation_id": "01KTYP2EBHF5DEYZJH6V65RZH0", "level": "info", "timestamp": "2026-06-12T19:49:06.710431Z"}
{"prompt_tag": "assess_sufficiency@v4", "schema": "SufficiencyAssessment", "model": "cyankiwi/Qwen3.5-4B-AWQ-4bit", "max_tokens": 1024, "temperature": 0.1, "top_p": 0.8, "presence_penalty": 1.0, "seed": 42, "message_count": 1, "event": "model_call.start", "query_preview": "\u00c0 quelle couche du mod\u00e8le OSI op\u00e8re un pare-feu de type passerelle applicative (", "correlation_id": "01KTYP2EBHF5DEYZJH6V65RZH0", "level": "info", "timestamp": "2026-06-12T19:49:06.712435Z"}
Authentication error: Langfuse client initialized without public_key. Client will be disabled. Provide a public_key parameter or set LANGFUSE_PUBLIC_KEY environment variable. 
{"prompt_tag": "assess_sufficiency@v4", "schema": "SufficiencyAssessment", "tokens": 1919, "event": "model_call.done", "query_preview": "\u00c0 quelle couche du mod\u00e8le OSI op\u00e8re un pare-feu de type passerelle applicative (", "correlation_id": "01KTYP2EBHF5DEYZJH6V65RZH0", "level": "info", "timestamp": "2026-06-12T19:49:07.383252Z"}
{"node": "answer", "regenerate_attempt": 0, "event": "start", "query_preview": "\u00c0 quelle couche du mod\u00e8le OSI op\u00e8re un pare-feu de type passerelle applicative (", "correlation_id": "01KTYP2EBHF5DEYZJH6V65RZH0", "level": "info", "timestamp": "2026-06-12T19:49:07.384551Z"}
{"prompt_tag": "answer@v5", "schema": "DraftAnswer", "model": "cyankiwi/Qwen3.5-4B-AWQ-4bit", "max_tokens": 1800, "temperature": 0.1, "top_p": 0.8, "presence_penalty": 1.0, "seed": 42, "message_count": 2, "event": "model_call.start", "query_preview": "\u00c0 quelle couche du mod\u00e8le OSI op\u00e8re un pare-feu de type passerelle applicative (", "correlation_id": "01KTYP2EBHF5DEYZJH6V65RZH0", "level": "info", "timestamp": "2026-06-12T19:49:07.386615Z"}
Authentication error: Langfuse client initialized without public_key. Client will be disabled. Provide a public_key parameter or set LANGFUSE_PUBLIC_KEY environment variable. 
{"prompt_tag": "answer@v5", "schema": "DraftAnswer", "tokens": 3589, "event": "model_call.done", "query_preview": "\u00c0 quelle couche du mod\u00e8le OSI op\u00e8re un pare-feu de type passerelle applicative (", "correlation_id": "01KTYP2EBHF5DEYZJH6V65RZH0", "level": "info", "timestamp": "2026-06-12T19:49:09.000632Z"}
{"node": "answer", "exact": 0, "suffix": 0, "fuzzy": 1, "unresolved": 0, "event": "chunk_id_repair", "query_preview": "\u00c0 quelle couche du mod\u00e8le OSI op\u00e8re un pare-feu de type passerelle applicative (", "correlation_id": "01KTYP2EBHF5DEYZJH6V65RZH0", "level": "info", "timestamp": "2026-06-12T19:49:09.000761Z"}
{"node": "verify", "claim_count": 1, "event": "start", "query_preview": "\u00c0 quelle couche du mod\u00e8le OSI op\u00e8re un pare-feu de type passerelle applicative (", "correlation_id": "01KTYP2EBHF5DEYZJH6V65RZH0", "level": "info", "timestamp": "2026-06-12T19:49:09.001515Z"}
{"prompt_tag": "verify_grounding@v2", "schema": "VerificationResult", "model": "cyankiwi/Qwen3.5-4B-AWQ-4bit", "max_tokens": 1024, "temperature": 0.1, "top_p": 0.8, "presence_penalty": 1.0, "seed": 42, "message_count": 1, "event": "model_call.start", "query_preview": "\u00c0 quelle couche du mod\u00e8le OSI op\u00e8re un pare-feu de type passerelle applicative (", "correlation_id": "01KTYP2EBHF5DEYZJH6V65RZH0", "level": "info", "timestamp": "2026-06-12T19:49:09.004638Z"}
Authentication error: Langfuse client initialized without public_key. Client will be disabled. Provide a public_key parameter or set LANGFUSE_PUBLIC_KEY environment variable. 
{"prompt_tag": "verify_grounding@v2", "schema": "VerificationResult", "tokens": 1697, "event": "model_call.done", "query_preview": "\u00c0 quelle couche du mod\u00e8le OSI op\u00e8re un pare-feu de type passerelle applicative (", "correlation_id": "01KTYP2EBHF5DEYZJH6V65RZH0", "level": "info", "timestamp": "2026-06-12T19:49:09.448111Z"}
{"node": "assess_relevance", "event": "start", "query_preview": "\u00c0 quelle couche du mod\u00e8le OSI op\u00e8re un pare-feu de type passerelle applicative (", "correlation_id": "01KTYP2EBHF5DEYZJH6V65RZH0", "level": "info", "timestamp": "2026-06-12T19:49:09.449412Z"}
{"prompt_tag": "assess_relevance@v3", "schema": "RelevanceAssessment", "model": "cyankiwi/Qwen3.5-4B-AWQ-4bit", "max_tokens": 1024, "temperature": 0.1, "top_p": 0.8, "presence_penalty": 1.0, "seed": 42, "message_count": 1, "event": "model_call.start", "query_preview": "\u00c0 quelle couche du mod\u00e8le OSI op\u00e8re un pare-feu de type passerelle applicative (", "correlation_id": "01KTYP2EBHF5DEYZJH6V65RZH0", "level": "info", "timestamp": "2026-06-12T19:49:09.450389Z"}
Authentication error: Langfuse client initialized without public_key. Client will be disabled. Provide a public_key parameter or set LANGFUSE_PUBLIC_KEY environment variable. 
{"prompt_tag": "assess_relevance@v3", "schema": "RelevanceAssessment", "tokens": 862, "event": "model_call.done", "query_preview": "\u00c0 quelle couche du mod\u00e8le OSI op\u00e8re un pare-feu de type passerelle applicative (", "correlation_id": "01KTYP2EBHF5DEYZJH6V65RZH0", "level": "info", "timestamp": "2026-06-12T19:49:09.809157Z"}
{"node": "assess_relevance", "responsive": true, "event": "relevance", "query_preview": "\u00c0 quelle couche du mod\u00e8le OSI op\u00e8re un pare-feu de type passerelle applicative (", "correlation_id": "01KTYP2EBHF5DEYZJH6V65RZH0", "level": "info", "timestamp": "2026-06-12T19:49:09.809209Z"}
{"node": "compose", "event": "start", "query_preview": "\u00c0 quelle couche du mod\u00e8le OSI op\u00e8re un pare-feu de type passerelle applicative (", "correlation_id": "01KTYP2EBHF5DEYZJH6V65RZH0", "level": "info", "timestamp": "2026-06-12T19:49:09.810647Z"}
Authentication error: Langfuse client initialized without public_key. Client will be disabled. Provide a public_key parameter or set LANGFUSE_PUBLIC_KEY environment variable. 
{"node": "retrieve", "query_len": 130, "event": "start", "query_preview": "Quel \u00e9quipement r\u00e9seau utilise les adresses MAC pour transmettre les donn\u00e9es uni", "correlation_id": "01KTYP35HK5AV45W51WGTCY5BB", "level": "info", "timestamp": "2026-06-12T19:49:09.812237Z"}
{"query_len": 130, "k": 50, "event": "hybrid.start", "query_preview": "Quel \u00e9quipement r\u00e9seau utilise les adresses MAC pour transmettre les donn\u00e9es uni", "correlation_id": "01KTYP35HK5AV45W51WGTCY5BB", "level": "info", "timestamp": "2026-06-12T19:49:09.812278Z"}
{"query_len": 130, "k": 50, "dense": 50, "bm25": 0, "fused": 50, "term": false, "event": "hybrid.done", "query_preview": "Quel \u00e9quipement r\u00e9seau utilise les adresses MAC pour transmettre les donn\u00e9es uni", "correlation_id": "01KTYP35HK5AV45W51WGTCY5BB", "level": "info", "timestamp": "2026-06-12T19:49:09.893502Z"}
{"node": "retrieve", "candidate_count": 50, "event": "done", "query_preview": "Quel \u00e9quipement r\u00e9seau utilise les adresses MAC pour transmettre les donn\u00e9es uni", "correlation_id": "01KTYP35HK5AV45W51WGTCY5BB", "level": "info", "timestamp": "2026-06-12T19:49:09.894407Z"}
{"node": "expand_graph", "reason": "disabled_or_empty", "event": "skip", "query_preview": "Quel \u00e9quipement r\u00e9seau utilise les adresses MAC pour transmettre les donn\u00e9es uni", "correlation_id": "01KTYP35HK5AV45W51WGTCY5BB", "level": "info", "timestamp": "2026-06-12T19:49:09.895896Z"}
{"node": "rerank", "candidate_count": 50, "event": "start", "query_preview": "Quel \u00e9quipement r\u00e9seau utilise les adresses MAC pour transmettre les donn\u00e9es uni", "correlation_id": "01KTYP35HK5AV45W51WGTCY5BB", "level": "info", "timestamp": "2026-06-12T19:49:09.896402Z"}
{"node": "rerank", "top_k": 5, "source": "mode", "event": "top_k_resolved", "query_preview": "Quel \u00e9quipement r\u00e9seau utilise les adresses MAC pour transmettre les donn\u00e9es uni", "correlation_id": "01KTYP35HK5AV45W51WGTCY5BB", "level": "info", "timestamp": "2026-06-12T19:49:09.896454Z"}
{"candidates": 50, "top_k": 5, "backend": "cross_encoder", "event": "rerank.start", "query_preview": "Quel \u00e9quipement r\u00e9seau utilise les adresses MAC pour transmettre les donn\u00e9es uni", "correlation_id": "01KTYP35HK5AV45W51WGTCY5BB", "level": "info", "timestamp": "2026-06-12T19:49:09.896478Z"}
{"candidates": 50, "top_k": 5, "backend": "cross_encoder", "returned": 5, "event": "rerank.done", "query_preview": "Quel \u00e9quipement r\u00e9seau utilise les adresses MAC pour transmettre les donn\u00e9es uni", "correlation_id": "01KTYP35HK5AV45W51WGTCY5BB", "level": "info", "timestamp": "2026-06-12T19:49:26.452705Z"}
{"node": "rerank", "reranked_count": 5, "event": "done", "query_preview": "Quel \u00e9quipement r\u00e9seau utilise les adresses MAC pour transmettre les donn\u00e9es uni", "correlation_id": "01KTYP35HK5AV45W51WGTCY5BB", "level": "info", "timestamp": "2026-06-12T19:49:26.452799Z"}
{"node": "query_tables", "reason": "empty_or_not_table_shaped", "event": "skip", "query_preview": "Quel \u00e9quipement r\u00e9seau utilise les adresses MAC pour transmettre les donn\u00e9es uni", "correlation_id": "01KTYP35HK5AV45W51WGTCY5BB", "level": "info", "timestamp": "2026-06-12T19:49:26.454576Z"}
{"node": "assess", "reranked_count": 5, "event": "start", "query_preview": "Quel \u00e9quipement r\u00e9seau utilise les adresses MAC pour transmettre les donn\u00e9es uni", "correlation_id": "01KTYP35HK5AV45W51WGTCY5BB", "level": "info", "timestamp": "2026-06-12T19:49:26.455265Z"}
{"prompt_tag": "assess_sufficiency@v4", "schema": "SufficiencyAssessment", "model": "cyankiwi/Qwen3.5-4B-AWQ-4bit", "max_tokens": 1024, "temperature": 0.1, "top_p": 0.8, "presence_penalty": 1.0, "seed": 42, "message_count": 1, "event": "model_call.start", "query_preview": "Quel \u00e9quipement r\u00e9seau utilise les adresses MAC pour transmettre les donn\u00e9es uni", "correlation_id": "01KTYP35HK5AV45W51WGTCY5BB", "level": "info", "timestamp": "2026-06-12T19:49:26.457236Z"}
Authentication error: Langfuse client initialized without public_key. Client will be disabled. Provide a public_key parameter or set LANGFUSE_PUBLIC_KEY environment variable. 
{"prompt_tag": "assess_sufficiency@v4", "schema": "SufficiencyAssessment", "tokens": 1669, "event": "model_call.done", "query_preview": "Quel \u00e9quipement r\u00e9seau utilise les adresses MAC pour transmettre les donn\u00e9es uni", "correlation_id": "01KTYP35HK5AV45W51WGTCY5BB", "level": "info", "timestamp": "2026-06-12T19:49:27.192605Z"}
{"node": "answer", "regenerate_attempt": 0, "event": "start", "query_preview": "Quel \u00e9quipement r\u00e9seau utilise les adresses MAC pour transmettre les donn\u00e9es uni", "correlation_id": "01KTYP35HK5AV45W51WGTCY5BB", "level": "info", "timestamp": "2026-06-12T19:49:27.194224Z"}
{"prompt_tag": "answer@v5", "schema": "DraftAnswer", "model": "cyankiwi/Qwen3.5-4B-AWQ-4bit", "max_tokens": 1800, "temperature": 0.1, "top_p": 0.8, "presence_penalty": 1.0, "seed": 42, "message_count": 2, "event": "model_call.start", "query_preview": "Quel \u00e9quipement r\u00e9seau utilise les adresses MAC pour transmettre les donn\u00e9es uni", "correlation_id": "01KTYP35HK5AV45W51WGTCY5BB", "level": "info", "timestamp": "2026-06-12T19:49:27.196274Z"}
Authentication error: Langfuse client initialized without public_key. Client will be disabled. Provide a public_key parameter or set LANGFUSE_PUBLIC_KEY environment variable. 
{"prompt_tag": "answer@v5", "schema": "DraftAnswer", "tokens": 3324, "event": "model_call.done", "query_preview": "Quel \u00e9quipement r\u00e9seau utilise les adresses MAC pour transmettre les donn\u00e9es uni", "correlation_id": "01KTYP35HK5AV45W51WGTCY5BB", "level": "info", "timestamp": "2026-06-12T19:49:28.747196Z"}
{"node": "verify", "claim_count": 1, "event": "start", "query_preview": "Quel \u00e9quipement r\u00e9seau utilise les adresses MAC pour transmettre les donn\u00e9es uni", "correlation_id": "01KTYP35HK5AV45W51WGTCY5BB", "level": "info", "timestamp": "2026-06-12T19:49:28.747975Z"}
{"prompt_tag": "verify_grounding@v2", "schema": "VerificationResult", "model": "cyankiwi/Qwen3.5-4B-AWQ-4bit", "max_tokens": 1024, "temperature": 0.1, "top_p": 0.8, "presence_penalty": 1.0, "seed": 42, "message_count": 1, "event": "model_call.start", "query_preview": "Quel \u00e9quipement r\u00e9seau utilise les adresses MAC pour transmettre les donn\u00e9es uni", "correlation_id": "01KTYP35HK5AV45W51WGTCY5BB", "level": "info", "timestamp": "2026-06-12T19:49:28.751007Z"}
Authentication error: Langfuse client initialized without public_key. Client will be disabled. Provide a public_key parameter or set LANGFUSE_PUBLIC_KEY environment variable. 
{"prompt_tag": "verify_grounding@v2", "schema": "VerificationResult", "tokens": 1588, "event": "model_call.done", "query_preview": "Quel \u00e9quipement r\u00e9seau utilise les adresses MAC pour transmettre les donn\u00e9es uni", "correlation_id": "01KTYP35HK5AV45W51WGTCY5BB", "level": "info", "timestamp": "2026-06-12T19:49:29.171935Z"}
{"node": "assess_relevance", "event": "start", "query_preview": "Quel \u00e9quipement r\u00e9seau utilise les adresses MAC pour transmettre les donn\u00e9es uni", "correlation_id": "01KTYP35HK5AV45W51WGTCY5BB", "level": "info", "timestamp": "2026-06-12T19:49:29.173370Z"}
{"prompt_tag": "assess_relevance@v3", "schema": "RelevanceAssessment", "model": "cyankiwi/Qwen3.5-4B-AWQ-4bit", "max_tokens": 1024, "temperature": 0.1, "top_p": 0.8, "presence_penalty": 1.0, "seed": 42, "message_count": 1, "event": "model_call.start", "query_preview": "Quel \u00e9quipement r\u00e9seau utilise les adresses MAC pour transmettre les donn\u00e9es uni", "correlation_id": "01KTYP35HK5AV45W51WGTCY5BB", "level": "info", "timestamp": "2026-06-12T19:49:29.174351Z"}
Authentication error: Langfuse client initialized without public_key. Client will be disabled. Provide a public_key parameter or set LANGFUSE_PUBLIC_KEY environment variable. 
{"prompt_tag": "assess_relevance@v3", "schema": "RelevanceAssessment", "tokens": 877, "event": "model_call.done", "query_preview": "Quel \u00e9quipement r\u00e9seau utilise les adresses MAC pour transmettre les donn\u00e9es uni", "correlation_id": "01KTYP35HK5AV45W51WGTCY5BB", "level": "info", "timestamp": "2026-06-12T19:49:29.647904Z"}
{"node": "assess_relevance", "responsive": true, "event": "relevance", "query_preview": "Quel \u00e9quipement r\u00e9seau utilise les adresses MAC pour transmettre les donn\u00e9es uni", "correlation_id": "01KTYP35HK5AV45W51WGTCY5BB", "level": "info", "timestamp": "2026-06-12T19:49:29.647958Z"}
{"node": "compose", "event": "start", "query_preview": "Quel \u00e9quipement r\u00e9seau utilise les adresses MAC pour transmettre les donn\u00e9es uni", "correlation_id": "01KTYP35HK5AV45W51WGTCY5BB", "level": "info", "timestamp": "2026-06-12T19:49:29.649074Z"}
Authentication error: Langfuse client initialized without public_key. Client will be disabled. Provide a public_key parameter or set LANGFUSE_PUBLIC_KEY environment variable. 
{"node": "retrieve", "query_len": 62, "event": "start", "query_preview": "Quels sont les frais d'inscription en dollars du cours CR350 ?", "correlation_id": "01KTYP3RXH138GF5XME5GXQYAS", "level": "info", "timestamp": "2026-06-12T19:49:29.650522Z"}
{"query_len": 62, "k": 50, "event": "hybrid.start", "query_preview": "Quels sont les frais d'inscription en dollars du cours CR350 ?", "correlation_id": "01KTYP3RXH138GF5XME5GXQYAS", "level": "info", "timestamp": "2026-06-12T19:49:29.650558Z"}
{"query_len": 62, "k": 50, "dense": 50, "bm25": 0, "fused": 50, "term": false, "event": "hybrid.done", "query_preview": "Quels sont les frais d'inscription en dollars du cours CR350 ?", "correlation_id": "01KTYP3RXH138GF5XME5GXQYAS", "level": "info", "timestamp": "2026-06-12T19:49:29.737349Z"}
{"node": "retrieve", "candidate_count": 50, "event": "done", "query_preview": "Quels sont les frais d'inscription en dollars du cours CR350 ?", "correlation_id": "01KTYP3RXH138GF5XME5GXQYAS", "level": "info", "timestamp": "2026-06-12T19:49:29.738366Z"}
{"node": "expand_graph", "reason": "disabled_or_empty", "event": "skip", "query_preview": "Quels sont les frais d'inscription en dollars du cours CR350 ?", "correlation_id": "01KTYP3RXH138GF5XME5GXQYAS", "level": "info", "timestamp": "2026-06-12T19:49:29.739970Z"}
{"node": "rerank", "candidate_count": 50, "event": "start", "query_preview": "Quels sont les frais d'inscription en dollars du cours CR350 ?", "correlation_id": "01KTYP3RXH138GF5XME5GXQYAS", "level": "info", "timestamp": "2026-06-12T19:49:29.740476Z"}
{"node": "rerank", "top_k": 5, "source": "mode", "event": "top_k_resolved", "query_preview": "Quels sont les frais d'inscription en dollars du cours CR350 ?", "correlation_id": "01KTYP3RXH138GF5XME5GXQYAS", "level": "info", "timestamp": "2026-06-12T19:49:29.740525Z"}
{"candidates": 50, "top_k": 5, "backend": "cross_encoder", "event": "rerank.start", "query_preview": "Quels sont les frais d'inscription en dollars du cours CR350 ?", "correlation_id": "01KTYP3RXH138GF5XME5GXQYAS", "level": "info", "timestamp": "2026-06-12T19:49:29.740549Z"}
{"candidates": 50, "top_k": 5, "backend": "cross_encoder", "returned": 5, "event": "rerank.done", "query_preview": "Quels sont les frais d'inscription en dollars du cours CR350 ?", "correlation_id": "01KTYP3RXH138GF5XME5GXQYAS", "level": "info", "timestamp": "2026-06-12T19:49:42.845379Z"}
{"node": "rerank", "reranked_count": 5, "event": "done", "query_preview": "Quels sont les frais d'inscription en dollars du cours CR350 ?", "correlation_id": "01KTYP3RXH138GF5XME5GXQYAS", "level": "info", "timestamp": "2026-06-12T19:49:42.845482Z"}
{"node": "query_tables", "reason": "empty_or_not_table_shaped", "event": "skip", "query_preview": "Quels sont les frais d'inscription en dollars du cours CR350 ?", "correlation_id": "01KTYP3RXH138GF5XME5GXQYAS", "level": "info", "timestamp": "2026-06-12T19:49:42.847799Z"}
{"node": "assess", "reranked_count": 5, "event": "start", "query_preview": "Quels sont les frais d'inscription en dollars du cours CR350 ?", "correlation_id": "01KTYP3RXH138GF5XME5GXQYAS", "level": "info", "timestamp": "2026-06-12T19:49:42.848640Z"}
{"prompt_tag": "assess_sufficiency@v4", "schema": "SufficiencyAssessment", "model": "cyankiwi/Qwen3.5-4B-AWQ-4bit", "max_tokens": 1024, "temperature": 0.1, "top_p": 0.8, "presence_penalty": 1.0, "seed": 42, "message_count": 1, "event": "model_call.start", "query_preview": "Quels sont les frais d'inscription en dollars du cours CR350 ?", "correlation_id": "01KTYP3RXH138GF5XME5GXQYAS", "level": "info", "timestamp": "2026-06-12T19:49:42.850597Z"}
Authentication error: Langfuse client initialized without public_key. Client will be disabled. Provide a public_key parameter or set LANGFUSE_PUBLIC_KEY environment variable. 
{"prompt_tag": "assess_sufficiency@v4", "schema": "SufficiencyAssessment", "tokens": 1875, "event": "model_call.done", "query_preview": "Quels sont les frais d'inscription en dollars du cours CR350 ?", "correlation_id": "01KTYP3RXH138GF5XME5GXQYAS", "level": "info", "timestamp": "2026-06-12T19:49:43.534253Z"}
{"node": "refuse", "event": "start", "query_preview": "Quels sont les frais d'inscription en dollars du cours CR350 ?", "correlation_id": "01KTYP3RXH138GF5XME5GXQYAS", "level": "info", "timestamp": "2026-06-12T19:49:43.535727Z"}
Authentication error: Langfuse client initialized without public_key. Client will be disabled. Provide a public_key parameter or set LANGFUSE_PUBLIC_KEY environment variable. 
{"node": "retrieve", "query_len": 80, "event": "start", "query_preview": "Quel algorithme de cryptographie post-quantique le cours CR350 recommande-t-il ?", "correlation_id": "01KTYP46FGRA8921EQWTJD5AXB", "level": "info", "timestamp": "2026-06-12T19:49:43.537517Z"}
{"query_len": 80, "k": 50, "event": "hybrid.start", "query_preview": "Quel algorithme de cryptographie post-quantique le cours CR350 recommande-t-il ?", "correlation_id": "01KTYP46FGRA8921EQWTJD5AXB", "level": "info", "timestamp": "2026-06-12T19:49:43.537559Z"}
{"query_len": 80, "k": 50, "dense": 50, "bm25": 0, "fused": 50, "term": false, "event": "hybrid.done", "query_preview": "Quel algorithme de cryptographie post-quantique le cours CR350 recommande-t-il ?", "correlation_id": "01KTYP46FGRA8921EQWTJD5AXB", "level": "info", "timestamp": "2026-06-12T19:49:43.619526Z"}
{"node": "retrieve", "candidate_count": 50, "event": "done", "query_preview": "Quel algorithme de cryptographie post-quantique le cours CR350 recommande-t-il ?", "correlation_id": "01KTYP46FGRA8921EQWTJD5AXB", "level": "info", "timestamp": "2026-06-12T19:49:43.620865Z"}
{"node": "expand_graph", "reason": "disabled_or_empty", "event": "skip", "query_preview": "Quel algorithme de cryptographie post-quantique le cours CR350 recommande-t-il ?", "correlation_id": "01KTYP46FGRA8921EQWTJD5AXB", "level": "info", "timestamp": "2026-06-12T19:49:43.622456Z"}
{"node": "rerank", "candidate_count": 50, "event": "start", "query_preview": "Quel algorithme de cryptographie post-quantique le cours CR350 recommande-t-il ?", "correlation_id": "01KTYP46FGRA8921EQWTJD5AXB", "level": "info", "timestamp": "2026-06-12T19:49:43.623076Z"}
{"node": "rerank", "top_k": 5, "source": "mode", "event": "top_k_resolved", "query_preview": "Quel algorithme de cryptographie post-quantique le cours CR350 recommande-t-il ?", "correlation_id": "01KTYP46FGRA8921EQWTJD5AXB", "level": "info", "timestamp": "2026-06-12T19:49:43.623138Z"}
{"candidates": 50, "top_k": 5, "backend": "cross_encoder", "event": "rerank.start", "query_preview": "Quel algorithme de cryptographie post-quantique le cours CR350 recommande-t-il ?", "correlation_id": "01KTYP46FGRA8921EQWTJD5AXB", "level": "info", "timestamp": "2026-06-12T19:49:43.623174Z"}
{"candidates": 50, "top_k": 5, "backend": "cross_encoder", "returned": 5, "event": "rerank.done", "query_preview": "Quel algorithme de cryptographie post-quantique le cours CR350 recommande-t-il ?", "correlation_id": "01KTYP46FGRA8921EQWTJD5AXB", "level": "info", "timestamp": "2026-06-12T19:49:58.037378Z"}
{"node": "rerank", "reranked_count": 5, "event": "done", "query_preview": "Quel algorithme de cryptographie post-quantique le cours CR350 recommande-t-il ?", "correlation_id": "01KTYP46FGRA8921EQWTJD5AXB", "level": "info", "timestamp": "2026-06-12T19:49:58.037478Z"}
{"node": "query_tables", "reason": "empty_or_not_table_shaped", "event": "skip", "query_preview": "Quel algorithme de cryptographie post-quantique le cours CR350 recommande-t-il ?", "correlation_id": "01KTYP46FGRA8921EQWTJD5AXB", "level": "info", "timestamp": "2026-06-12T19:49:58.039386Z"}
{"node": "assess", "reranked_count": 5, "event": "start", "query_preview": "Quel algorithme de cryptographie post-quantique le cours CR350 recommande-t-il ?", "correlation_id": "01KTYP46FGRA8921EQWTJD5AXB", "level": "info", "timestamp": "2026-06-12T19:49:58.040148Z"}
{"prompt_tag": "assess_sufficiency@v4", "schema": "SufficiencyAssessment", "model": "cyankiwi/Qwen3.5-4B-AWQ-4bit", "max_tokens": 1024, "temperature": 0.1, "top_p": 0.8, "presence_penalty": 1.0, "seed": 42, "message_count": 1, "event": "model_call.start", "query_preview": "Quel algorithme de cryptographie post-quantique le cours CR350 recommande-t-il ?", "correlation_id": "01KTYP46FGRA8921EQWTJD5AXB", "level": "info", "timestamp": "2026-06-12T19:49:58.042532Z"}
Authentication error: Langfuse client initialized without public_key. Client will be disabled. Provide a public_key parameter or set LANGFUSE_PUBLIC_KEY environment variable. 
{"prompt_tag": "assess_sufficiency@v4", "schema": "SufficiencyAssessment", "tokens": 1849, "event": "model_call.done", "query_preview": "Quel algorithme de cryptographie post-quantique le cours CR350 recommande-t-il ?", "correlation_id": "01KTYP46FGRA8921EQWTJD5AXB", "level": "info", "timestamp": "2026-06-12T19:49:58.850443Z"}
{"node": "refuse", "event": "start", "query_preview": "Quel algorithme de cryptographie post-quantique le cours CR350 recommande-t-il ?", "correlation_id": "01KTYP46FGRA8921EQWTJD5AXB", "level": "info", "timestamp": "2026-06-12T19:49:58.851530Z"}
Authentication error: Langfuse client initialized without public_key. Client will be disabled. Provide a public_key parameter or set LANGFUSE_PUBLIC_KEY environment variable. 
{"node": "retrieve", "query_len": 63, "event": "start", "query_preview": "Combien d'\u00e9tudiants sont inscrits au cours CR350 ce trimestre ?", "correlation_id": "01KTYP4NE4S12QWARN4SGKWAHV", "level": "info", "timestamp": "2026-06-12T19:49:58.852947Z"}
{"query_len": 63, "k": 50, "event": "hybrid.start", "query_preview": "Combien d'\u00e9tudiants sont inscrits au cours CR350 ce trimestre ?", "correlation_id": "01KTYP4NE4S12QWARN4SGKWAHV", "level": "info", "timestamp": "2026-06-12T19:49:58.852980Z"}
{"query_len": 63, "k": 50, "dense": 50, "bm25": 0, "fused": 50, "term": false, "event": "hybrid.done", "query_preview": "Combien d'\u00e9tudiants sont inscrits au cours CR350 ce trimestre ?", "correlation_id": "01KTYP4NE4S12QWARN4SGKWAHV", "level": "info", "timestamp": "2026-06-12T19:49:58.921296Z"}
{"node": "retrieve", "candidate_count": 50, "event": "done", "query_preview": "Combien d'\u00e9tudiants sont inscrits au cours CR350 ce trimestre ?", "correlation_id": "01KTYP4NE4S12QWARN4SGKWAHV", "level": "info", "timestamp": "2026-06-12T19:49:58.922119Z"}
{"node": "expand_graph", "reason": "disabled_or_empty", "event": "skip", "query_preview": "Combien d'\u00e9tudiants sont inscrits au cours CR350 ce trimestre ?", "correlation_id": "01KTYP4NE4S12QWARN4SGKWAHV", "level": "info", "timestamp": "2026-06-12T19:49:58.923303Z"}
{"node": "rerank", "candidate_count": 50, "event": "start", "query_preview": "Combien d'\u00e9tudiants sont inscrits au cours CR350 ce trimestre ?", "correlation_id": "01KTYP4NE4S12QWARN4SGKWAHV", "level": "info", "timestamp": "2026-06-12T19:49:58.923748Z"}
{"node": "rerank", "top_k": 5, "source": "mode", "event": "top_k_resolved", "query_preview": "Combien d'\u00e9tudiants sont inscrits au cours CR350 ce trimestre ?", "correlation_id": "01KTYP4NE4S12QWARN4SGKWAHV", "level": "info", "timestamp": "2026-06-12T19:49:58.923792Z"}
{"candidates": 50, "top_k": 5, "backend": "cross_encoder", "event": "rerank.start", "query_preview": "Combien d'\u00e9tudiants sont inscrits au cours CR350 ce trimestre ?", "correlation_id": "01KTYP4NE4S12QWARN4SGKWAHV", "level": "info", "timestamp": "2026-06-12T19:49:58.923813Z"}
{"candidates": 50, "top_k": 5, "backend": "cross_encoder", "returned": 5, "event": "rerank.done", "query_preview": "Combien d'\u00e9tudiants sont inscrits au cours CR350 ce trimestre ?", "correlation_id": "01KTYP4NE4S12QWARN4SGKWAHV", "level": "info", "timestamp": "2026-06-12T19:50:10.124148Z"}
{"node": "rerank", "reranked_count": 5, "event": "done", "query_preview": "Combien d'\u00e9tudiants sont inscrits au cours CR350 ce trimestre ?", "correlation_id": "01KTYP4NE4S12QWARN4SGKWAHV", "level": "info", "timestamp": "2026-06-12T19:50:10.124262Z"}
{"node": "query_tables", "reason": "empty_or_not_table_shaped", "event": "skip", "query_preview": "Combien d'\u00e9tudiants sont inscrits au cours CR350 ce trimestre ?", "correlation_id": "01KTYP4NE4S12QWARN4SGKWAHV", "level": "info", "timestamp": "2026-06-12T19:50:10.126127Z"}
{"node": "assess", "reranked_count": 5, "event": "start", "query_preview": "Combien d'\u00e9tudiants sont inscrits au cours CR350 ce trimestre ?", "correlation_id": "01KTYP4NE4S12QWARN4SGKWAHV", "level": "info", "timestamp": "2026-06-12T19:50:10.126873Z"}
{"prompt_tag": "assess_sufficiency@v4", "schema": "SufficiencyAssessment", "model": "cyankiwi/Qwen3.5-4B-AWQ-4bit", "max_tokens": 1024, "temperature": 0.1, "top_p": 0.8, "presence_penalty": 1.0, "seed": 42, "message_count": 1, "event": "model_call.start", "query_preview": "Combien d'\u00e9tudiants sont inscrits au cours CR350 ce trimestre ?", "correlation_id": "01KTYP4NE4S12QWARN4SGKWAHV", "level": "info", "timestamp": "2026-06-12T19:50:10.129241Z"}
Authentication error: Langfuse client initialized without public_key. Client will be disabled. Provide a public_key parameter or set LANGFUSE_PUBLIC_KEY environment variable. 
{"prompt_tag": "assess_sufficiency@v4", "schema": "SufficiencyAssessment", "tokens": 1144, "event": "model_call.done", "query_preview": "Combien d'\u00e9tudiants sont inscrits au cours CR350 ce trimestre ?", "correlation_id": "01KTYP4NE4S12QWARN4SGKWAHV", "level": "info", "timestamp": "2026-06-12T19:50:10.735940Z"}
{"node": "refuse", "event": "start", "query_preview": "Combien d'\u00e9tudiants sont inscrits au cours CR350 ce trimestre ?", "correlation_id": "01KTYP4NE4S12QWARN4SGKWAHV", "level": "info", "timestamp": "2026-06-12T19:50:10.737492Z"}
Authentication error: Langfuse client initialized without public_key. Client will be disabled. Provide a public_key parameter or set LANGFUSE_PUBLIC_KEY environment variable. 
{"node": "retrieve", "query_len": 74, "event": "start", "query_preview": "En quoi consiste la huiti\u00e8me phase de la Cyber Kill Chain selon le cours ?", "correlation_id": "01KTYP511JGV8KQ4PDY2D1KDMX", "level": "info", "timestamp": "2026-06-12T19:50:10.739419Z"}
{"query_len": 74, "k": 50, "event": "hybrid.start", "query_preview": "En quoi consiste la huiti\u00e8me phase de la Cyber Kill Chain selon le cours ?", "correlation_id": "01KTYP511JGV8KQ4PDY2D1KDMX", "level": "info", "timestamp": "2026-06-12T19:50:10.739462Z"}
{"query_len": 74, "k": 50, "dense": 50, "bm25": 0, "fused": 50, "term": false, "event": "hybrid.done", "query_preview": "En quoi consiste la huiti\u00e8me phase de la Cyber Kill Chain selon le cours ?", "correlation_id": "01KTYP511JGV8KQ4PDY2D1KDMX", "level": "info", "timestamp": "2026-06-12T19:50:10.818658Z"}
{"node": "retrieve", "candidate_count": 50, "event": "done", "query_preview": "En quoi consiste la huiti\u00e8me phase de la Cyber Kill Chain selon le cours ?", "correlation_id": "01KTYP511JGV8KQ4PDY2D1KDMX", "level": "info", "timestamp": "2026-06-12T19:50:10.819760Z"}
{"node": "expand_graph", "reason": "disabled_or_empty", "event": "skip", "query_preview": "En quoi consiste la huiti\u00e8me phase de la Cyber Kill Chain selon le cours ?", "correlation_id": "01KTYP511JGV8KQ4PDY2D1KDMX", "level": "info", "timestamp": "2026-06-12T19:50:10.821684Z"}
{"node": "rerank", "candidate_count": 50, "event": "start", "query_preview": "En quoi consiste la huiti\u00e8me phase de la Cyber Kill Chain selon le cours ?", "correlation_id": "01KTYP511JGV8KQ4PDY2D1KDMX", "level": "info", "timestamp": "2026-06-12T19:50:10.822351Z"}
{"node": "rerank", "top_k": 5, "source": "mode", "event": "top_k_resolved", "query_preview": "En quoi consiste la huiti\u00e8me phase de la Cyber Kill Chain selon le cours ?", "correlation_id": "01KTYP511JGV8KQ4PDY2D1KDMX", "level": "info", "timestamp": "2026-06-12T19:50:10.822417Z"}
{"candidates": 50, "top_k": 5, "backend": "cross_encoder", "event": "rerank.start", "query_preview": "En quoi consiste la huiti\u00e8me phase de la Cyber Kill Chain selon le cours ?", "correlation_id": "01KTYP511JGV8KQ4PDY2D1KDMX", "level": "info", "timestamp": "2026-06-12T19:50:10.822450Z"}
{"candidates": 50, "top_k": 5, "backend": "cross_encoder", "returned": 5, "event": "rerank.done", "query_preview": "En quoi consiste la huiti\u00e8me phase de la Cyber Kill Chain selon le cours ?", "correlation_id": "01KTYP511JGV8KQ4PDY2D1KDMX", "level": "info", "timestamp": "2026-06-12T19:50:26.895237Z"}
{"node": "rerank", "reranked_count": 5, "event": "done", "query_preview": "En quoi consiste la huiti\u00e8me phase de la Cyber Kill Chain selon le cours ?", "correlation_id": "01KTYP511JGV8KQ4PDY2D1KDMX", "level": "info", "timestamp": "2026-06-12T19:50:26.895341Z"}
{"node": "query_tables", "reason": "empty_or_not_table_shaped", "event": "skip", "query_preview": "En quoi consiste la huiti\u00e8me phase de la Cyber Kill Chain selon le cours ?", "correlation_id": "01KTYP511JGV8KQ4PDY2D1KDMX", "level": "info", "timestamp": "2026-06-12T19:50:26.897464Z"}
{"node": "assess", "reranked_count": 5, "event": "start", "query_preview": "En quoi consiste la huiti\u00e8me phase de la Cyber Kill Chain selon le cours ?", "correlation_id": "01KTYP511JGV8KQ4PDY2D1KDMX", "level": "info", "timestamp": "2026-06-12T19:50:26.898348Z"}
{"prompt_tag": "assess_sufficiency@v4", "schema": "SufficiencyAssessment", "model": "cyankiwi/Qwen3.5-4B-AWQ-4bit", "max_tokens": 1024, "temperature": 0.1, "top_p": 0.8, "presence_penalty": 1.0, "seed": 42, "message_count": 1, "event": "model_call.start", "query_preview": "En quoi consiste la huiti\u00e8me phase de la Cyber Kill Chain selon le cours ?", "correlation_id": "01KTYP511JGV8KQ4PDY2D1KDMX", "level": "info", "timestamp": "2026-06-12T19:50:26.900557Z"}
Authentication error: Langfuse client initialized without public_key. Client will be disabled. Provide a public_key parameter or set LANGFUSE_PUBLIC_KEY environment variable. 
{"prompt_tag": "assess_sufficiency@v4", "schema": "SufficiencyAssessment", "tokens": 2118, "event": "model_call.done", "query_preview": "En quoi consiste la huiti\u00e8me phase de la Cyber Kill Chain selon le cours ?", "correlation_id": "01KTYP511JGV8KQ4PDY2D1KDMX", "level": "info", "timestamp": "2026-06-12T19:50:27.742868Z"}
{"node": "answer", "regenerate_attempt": 0, "event": "start", "query_preview": "En quoi consiste la huiti\u00e8me phase de la Cyber Kill Chain selon le cours ?", "correlation_id": "01KTYP511JGV8KQ4PDY2D1KDMX", "level": "info", "timestamp": "2026-06-12T19:50:27.744035Z"}
{"prompt_tag": "answer@v5", "schema": "DraftAnswer", "model": "cyankiwi/Qwen3.5-4B-AWQ-4bit", "max_tokens": 1800, "temperature": 0.1, "top_p": 0.8, "presence_penalty": 1.0, "seed": 42, "message_count": 2, "event": "model_call.start", "query_preview": "En quoi consiste la huiti\u00e8me phase de la Cyber Kill Chain selon le cours ?", "correlation_id": "01KTYP511JGV8KQ4PDY2D1KDMX", "level": "info", "timestamp": "2026-06-12T19:50:27.746053Z"}
Authentication error: Langfuse client initialized without public_key. Client will be disabled. Provide a public_key parameter or set LANGFUSE_PUBLIC_KEY environment variable. 
{"prompt_tag": "answer@v5", "schema": "DraftAnswer", "tokens": 3668, "event": "model_call.done", "query_preview": "En quoi consiste la huiti\u00e8me phase de la Cyber Kill Chain selon le cours ?", "correlation_id": "01KTYP511JGV8KQ4PDY2D1KDMX", "level": "info", "timestamp": "2026-06-12T19:50:28.487606Z"}
{"node": "verify", "claim_count": 0, "event": "start", "query_preview": "En quoi consiste la huiti\u00e8me phase de la Cyber Kill Chain selon le cours ?", "correlation_id": "01KTYP511JGV8KQ4PDY2D1KDMX", "level": "info", "timestamp": "2026-06-12T19:50:28.488405Z"}
{"node": "verify", "event": "empty_draft_shortcircuit", "query_preview": "En quoi consiste la huiti\u00e8me phase de la Cyber Kill Chain selon le cours ?", "correlation_id": "01KTYP511JGV8KQ4PDY2D1KDMX", "level": "info", "timestamp": "2026-06-12T19:50:28.488441Z"}
{"node": "assess_relevance", "event": "start", "query_preview": "En quoi consiste la huiti\u00e8me phase de la Cyber Kill Chain selon le cours ?", "correlation_id": "01KTYP511JGV8KQ4PDY2D1KDMX", "level": "info", "timestamp": "2026-06-12T19:50:28.489289Z"}
{"prompt_tag": "assess_relevance@v3", "schema": "RelevanceAssessment", "model": "cyankiwi/Qwen3.5-4B-AWQ-4bit", "max_tokens": 1024, "temperature": 0.1, "top_p": 0.8, "presence_penalty": 1.0, "seed": 42, "message_count": 1, "event": "model_call.start", "query_preview": "En quoi consiste la huiti\u00e8me phase de la Cyber Kill Chain selon le cours ?", "correlation_id": "01KTYP511JGV8KQ4PDY2D1KDMX", "level": "info", "timestamp": "2026-06-12T19:50:28.490266Z"}
Authentication error: Langfuse client initialized without public_key. Client will be disabled. Provide a public_key parameter or set LANGFUSE_PUBLIC_KEY environment variable. 
{"prompt_tag": "assess_relevance@v3", "schema": "RelevanceAssessment", "tokens": 837, "event": "model_call.done", "query_preview": "En quoi consiste la huiti\u00e8me phase de la Cyber Kill Chain selon le cours ?", "correlation_id": "01KTYP511JGV8KQ4PDY2D1KDMX", "level": "info", "timestamp": "2026-06-12T19:50:28.957835Z"}
{"node": "assess_relevance", "responsive": true, "event": "relevance", "query_preview": "En quoi consiste la huiti\u00e8me phase de la Cyber Kill Chain selon le cours ?", "correlation_id": "01KTYP511JGV8KQ4PDY2D1KDMX", "level": "info", "timestamp": "2026-06-12T19:50:28.957890Z"}
{"node": "compose", "event": "start", "query_preview": "En quoi consiste la huiti\u00e8me phase de la Cyber Kill Chain selon le cours ?", "correlation_id": "01KTYP511JGV8KQ4PDY2D1KDMX", "level": "info", "timestamp": "2026-06-12T19:50:28.958996Z"}
Authentication error: Langfuse client initialized without public_key. Client will be disabled. Provide a public_key parameter or set LANGFUSE_PUBLIC_KEY environment variable. 
{"node": "retrieve", "query_len": 106, "event": "start", "query_preview": "Selon le diagramme de configuration VLAN du commutateur, quel port sert de port ", "correlation_id": "01KTYP5JTZREE7GEEG9N7NJXRP", "level": "info", "timestamp": "2026-06-12T19:50:28.960471Z"}
{"query_len": 106, "k": 50, "event": "hybrid.start", "query_preview": "Selon le diagramme de configuration VLAN du commutateur, quel port sert de port ", "correlation_id": "01KTYP5JTZREE7GEEG9N7NJXRP", "level": "info", "timestamp": "2026-06-12T19:50:28.960516Z"}
{"query_len": 106, "k": 50, "dense": 50, "bm25": 0, "fused": 50, "term": false, "event": "hybrid.done", "query_preview": "Selon le diagramme de configuration VLAN du commutateur, quel port sert de port ", "correlation_id": "01KTYP5JTZREE7GEEG9N7NJXRP", "level": "info", "timestamp": "2026-06-12T19:50:29.040958Z"}
{"node": "retrieve", "candidate_count": 50, "event": "done", "query_preview": "Selon le diagramme de configuration VLAN du commutateur, quel port sert de port ", "correlation_id": "01KTYP5JTZREE7GEEG9N7NJXRP", "level": "info", "timestamp": "2026-06-12T19:50:29.041849Z"}
{"node": "resolve_artifact_scope", "via": "none-spread", "arttype": "diagramme", "event": "no_scope", "query_preview": "Selon le diagramme de configuration VLAN du commutateur, quel port sert de port ", "correlation_id": "01KTYP5JTZREE7GEEG9N7NJXRP", "level": "info", "timestamp": "2026-06-12T19:50:29.048343Z"}
{"node": "expand_graph", "reason": "disabled_or_empty", "event": "skip", "query_preview": "Selon le diagramme de configuration VLAN du commutateur, quel port sert de port ", "correlation_id": "01KTYP5JTZREE7GEEG9N7NJXRP", "level": "info", "timestamp": "2026-06-12T19:50:29.048932Z"}
{"node": "rerank", "candidate_count": 50, "event": "start", "query_preview": "Selon le diagramme de configuration VLAN du commutateur, quel port sert de port ", "correlation_id": "01KTYP5JTZREE7GEEG9N7NJXRP", "level": "info", "timestamp": "2026-06-12T19:50:29.049409Z"}
{"node": "rerank", "top_k": 5, "source": "mode", "event": "top_k_resolved", "query_preview": "Selon le diagramme de configuration VLAN du commutateur, quel port sert de port ", "correlation_id": "01KTYP5JTZREE7GEEG9N7NJXRP", "level": "info", "timestamp": "2026-06-12T19:50:29.049456Z"}
{"candidates": 50, "top_k": 5, "backend": "cross_encoder", "event": "rerank.start", "query_preview": "Selon le diagramme de configuration VLAN du commutateur, quel port sert de port ", "correlation_id": "01KTYP5JTZREE7GEEG9N7NJXRP", "level": "info", "timestamp": "2026-06-12T19:50:29.049482Z"}
{"candidates": 50, "top_k": 5, "backend": "cross_encoder", "returned": 5, "event": "rerank.done", "query_preview": "Selon le diagramme de configuration VLAN du commutateur, quel port sert de port ", "correlation_id": "01KTYP5JTZREE7GEEG9N7NJXRP", "level": "info", "timestamp": "2026-06-12T19:50:53.286697Z"}
{"node": "rerank", "reranked_count": 5, "event": "done", "query_preview": "Selon le diagramme de configuration VLAN du commutateur, quel port sert de port ", "correlation_id": "01KTYP5JTZREE7GEEG9N7NJXRP", "level": "info", "timestamp": "2026-06-12T19:50:53.286809Z"}
{"node": "query_tables", "reason": "empty_or_not_table_shaped", "event": "skip", "query_preview": "Selon le diagramme de configuration VLAN du commutateur, quel port sert de port ", "correlation_id": "01KTYP5JTZREE7GEEG9N7NJXRP", "level": "info", "timestamp": "2026-06-12T19:50:53.288537Z"}
{"node": "assess", "reranked_count": 5, "event": "start", "query_preview": "Selon le diagramme de configuration VLAN du commutateur, quel port sert de port ", "correlation_id": "01KTYP5JTZREE7GEEG9N7NJXRP", "level": "info", "timestamp": "2026-06-12T19:50:53.289211Z"}
{"prompt_tag": "assess_sufficiency@v4", "schema": "SufficiencyAssessment", "model": "cyankiwi/Qwen3.5-4B-AWQ-4bit", "max_tokens": 1024, "temperature": 0.1, "top_p": 0.8, "presence_penalty": 1.0, "seed": 42, "message_count": 1, "event": "model_call.start", "query_preview": "Selon le diagramme de configuration VLAN du commutateur, quel port sert de port ", "correlation_id": "01KTYP5JTZREE7GEEG9N7NJXRP", "level": "info", "timestamp": "2026-06-12T19:50:53.291116Z"}
Authentication error: Langfuse client initialized without public_key. Client will be disabled. Provide a public_key parameter or set LANGFUSE_PUBLIC_KEY environment variable. 
{"prompt_tag": "assess_sufficiency@v4", "schema": "SufficiencyAssessment", "tokens": 1820, "event": "model_call.done", "query_preview": "Selon le diagramme de configuration VLAN du commutateur, quel port sert de port ", "correlation_id": "01KTYP5JTZREE7GEEG9N7NJXRP", "level": "info", "timestamp": "2026-06-12T19:50:54.156455Z"}
{"node": "answer", "regenerate_attempt": 0, "event": "start", "query_preview": "Selon le diagramme de configuration VLAN du commutateur, quel port sert de port ", "correlation_id": "01KTYP5JTZREE7GEEG9N7NJXRP", "level": "info", "timestamp": "2026-06-12T19:50:54.157767Z"}
{"prompt_tag": "answer@v5", "schema": "DraftAnswer", "model": "cyankiwi/Qwen3.5-4B-AWQ-4bit", "max_tokens": 1800, "temperature": 0.1, "top_p": 0.8, "presence_penalty": 1.0, "seed": 42, "message_count": 2, "event": "model_call.start", "query_preview": "Selon le diagramme de configuration VLAN du commutateur, quel port sert de port ", "correlation_id": "01KTYP5JTZREE7GEEG9N7NJXRP", "level": "info", "timestamp": "2026-06-12T19:50:54.159715Z"}
Authentication error: Langfuse client initialized without public_key. Client will be disabled. Provide a public_key parameter or set LANGFUSE_PUBLIC_KEY environment variable. 
{"prompt_tag": "answer@v5", "schema": "DraftAnswer", "tokens": 3393, "event": "model_call.done", "query_preview": "Selon le diagramme de configuration VLAN du commutateur, quel port sert de port ", "correlation_id": "01KTYP5JTZREE7GEEG9N7NJXRP", "level": "info", "timestamp": "2026-06-12T19:50:55.107151Z"}
{"node": "verify", "claim_count": 0, "event": "start", "query_preview": "Selon le diagramme de configuration VLAN du commutateur, quel port sert de port ", "correlation_id": "01KTYP5JTZREE7GEEG9N7NJXRP", "level": "info", "timestamp": "2026-06-12T19:50:55.107996Z"}
{"node": "verify", "event": "empty_draft_shortcircuit", "query_preview": "Selon le diagramme de configuration VLAN du commutateur, quel port sert de port ", "correlation_id": "01KTYP5JTZREE7GEEG9N7NJXRP", "level": "info", "timestamp": "2026-06-12T19:50:55.108030Z"}
{"node": "assess_relevance", "event": "start", "query_preview": "Selon le diagramme de configuration VLAN du commutateur, quel port sert de port ", "correlation_id": "01KTYP5JTZREE7GEEG9N7NJXRP", "level": "info", "timestamp": "2026-06-12T19:50:55.109101Z"}
{"prompt_tag": "assess_relevance@v3", "schema": "RelevanceAssessment", "model": "cyankiwi/Qwen3.5-4B-AWQ-4bit", "max_tokens": 1024, "temperature": 0.1, "top_p": 0.8, "presence_penalty": 1.0, "seed": 42, "message_count": 1, "event": "model_call.start", "query_preview": "Selon le diagramme de configuration VLAN du commutateur, quel port sert de port ", "correlation_id": "01KTYP5JTZREE7GEEG9N7NJXRP", "level": "info", "timestamp": "2026-06-12T19:50:55.110103Z"}
Authentication error: Langfuse client initialized without public_key. Client will be disabled. Provide a public_key parameter or set LANGFUSE_PUBLIC_KEY environment variable. 
{"prompt_tag": "assess_relevance@v3", "schema": "RelevanceAssessment", "tokens": 874, "event": "model_call.done", "query_preview": "Selon le diagramme de configuration VLAN du commutateur, quel port sert de port ", "correlation_id": "01KTYP5JTZREE7GEEG9N7NJXRP", "level": "info", "timestamp": "2026-06-12T19:50:55.582760Z"}
{"node": "assess_relevance", "responsive": true, "event": "relevance", "query_preview": "Selon le diagramme de configuration VLAN du commutateur, quel port sert de port ", "correlation_id": "01KTYP5JTZREE7GEEG9N7NJXRP", "level": "info", "timestamp": "2026-06-12T19:50:55.582825Z"}
{"node": "compose", "event": "start", "query_preview": "Selon le diagramme de configuration VLAN du commutateur, quel port sert de port ", "correlation_id": "01KTYP5JTZREE7GEEG9N7NJXRP", "level": "info", "timestamp": "2026-06-12T19:50:55.584650Z"}
Authentication error: Langfuse client initialized without public_key. Client will be disabled. Provide a public_key parameter or set LANGFUSE_PUBLIC_KEY environment variable. 
{"node": "retrieve", "query_len": 121, "event": "start", "query_preview": "D'apr\u00e8s le diagramme d'architecture r\u00e9seau, par quels \u00e9quipements le trafic pass", "correlation_id": "01KTYP6CV1F5HKMN76R4AVN32X", "level": "info", "timestamp": "2026-06-12T19:50:55.586302Z"}
{"query_len": 121, "k": 50, "event": "hybrid.start", "query_preview": "D'apr\u00e8s le diagramme d'architecture r\u00e9seau, par quels \u00e9quipements le trafic pass", "correlation_id": "01KTYP6CV1F5HKMN76R4AVN32X", "level": "info", "timestamp": "2026-06-12T19:50:55.586337Z"}
{"query_len": 121, "k": 50, "dense": 50, "bm25": 0, "fused": 50, "term": false, "event": "hybrid.done", "query_preview": "D'apr\u00e8s le diagramme d'architecture r\u00e9seau, par quels \u00e9quipements le trafic pass", "correlation_id": "01KTYP6CV1F5HKMN76R4AVN32X", "level": "info", "timestamp": "2026-06-12T19:50:55.678181Z"}
{"node": "retrieve", "candidate_count": 50, "event": "done", "query_preview": "D'apr\u00e8s le diagramme d'architecture r\u00e9seau, par quels \u00e9quipements le trafic pass", "correlation_id": "01KTYP6CV1F5HKMN76R4AVN32X", "level": "info", "timestamp": "2026-06-12T19:50:55.679086Z"}
{"node": "resolve_artifact_scope", "via": "none-spread", "arttype": "diagramme", "event": "no_scope", "query_preview": "D'apr\u00e8s le diagramme d'architecture r\u00e9seau, par quels \u00e9quipements le trafic pass", "correlation_id": "01KTYP6CV1F5HKMN76R4AVN32X", "level": "info", "timestamp": "2026-06-12T19:50:55.684604Z"}
{"node": "expand_graph", "reason": "disabled_or_empty", "event": "skip", "query_preview": "D'apr\u00e8s le diagramme d'architecture r\u00e9seau, par quels \u00e9quipements le trafic pass", "correlation_id": "01KTYP6CV1F5HKMN76R4AVN32X", "level": "info", "timestamp": "2026-06-12T19:50:55.685329Z"}
{"node": "rerank", "candidate_count": 50, "event": "start", "query_preview": "D'apr\u00e8s le diagramme d'architecture r\u00e9seau, par quels \u00e9quipements le trafic pass", "correlation_id": "01KTYP6CV1F5HKMN76R4AVN32X", "level": "info", "timestamp": "2026-06-12T19:50:55.685896Z"}
{"node": "rerank", "top_k": 5, "source": "mode", "event": "top_k_resolved", "query_preview": "D'apr\u00e8s le diagramme d'architecture r\u00e9seau, par quels \u00e9quipements le trafic pass", "correlation_id": "01KTYP6CV1F5HKMN76R4AVN32X", "level": "info", "timestamp": "2026-06-12T19:50:55.685952Z"}
{"candidates": 50, "top_k": 5, "backend": "cross_encoder", "event": "rerank.start", "query_preview": "D'apr\u00e8s le diagramme d'architecture r\u00e9seau, par quels \u00e9quipements le trafic pass", "correlation_id": "01KTYP6CV1F5HKMN76R4AVN32X", "level": "info", "timestamp": "2026-06-12T19:50:55.685977Z"}
{"candidates": 50, "top_k": 5, "backend": "cross_encoder", "returned": 5, "event": "rerank.done", "query_preview": "D'apr\u00e8s le diagramme d'architecture r\u00e9seau, par quels \u00e9quipements le trafic pass", "correlation_id": "01KTYP6CV1F5HKMN76R4AVN32X", "level": "info", "timestamp": "2026-06-12T19:51:18.226615Z"}
{"node": "rerank", "reranked_count": 5, "event": "done", "query_preview": "D'apr\u00e8s le diagramme d'architecture r\u00e9seau, par quels \u00e9quipements le trafic pass", "correlation_id": "01KTYP6CV1F5HKMN76R4AVN32X", "level": "info", "timestamp": "2026-06-12T19:51:18.226714Z"}
{"node": "query_tables", "reason": "empty_or_not_table_shaped", "event": "skip", "query_preview": "D'apr\u00e8s le diagramme d'architecture r\u00e9seau, par quels \u00e9quipements le trafic pass", "correlation_id": "01KTYP6CV1F5HKMN76R4AVN32X", "level": "info", "timestamp": "2026-06-12T19:51:18.228503Z"}
{"node": "assess", "reranked_count": 5, "event": "start", "query_preview": "D'apr\u00e8s le diagramme d'architecture r\u00e9seau, par quels \u00e9quipements le trafic pass", "correlation_id": "01KTYP6CV1F5HKMN76R4AVN32X", "level": "info", "timestamp": "2026-06-12T19:51:18.229196Z"}
{"prompt_tag": "assess_sufficiency@v4", "schema": "SufficiencyAssessment", "model": "cyankiwi/Qwen3.5-4B-AWQ-4bit", "max_tokens": 1024, "temperature": 0.1, "top_p": 0.8, "presence_penalty": 1.0, "seed": 42, "message_count": 1, "event": "model_call.start", "query_preview": "D'apr\u00e8s le diagramme d'architecture r\u00e9seau, par quels \u00e9quipements le trafic pass", "correlation_id": "01KTYP6CV1F5HKMN76R4AVN32X", "level": "info", "timestamp": "2026-06-12T19:51:18.231118Z"}
Authentication error: Langfuse client initialized without public_key. Client will be disabled. Provide a public_key parameter or set LANGFUSE_PUBLIC_KEY environment variable. 
{"prompt_tag": "assess_sufficiency@v4", "schema": "SufficiencyAssessment", "tokens": 2232, "event": "model_call.done", "query_preview": "D'apr\u00e8s le diagramme d'architecture r\u00e9seau, par quels \u00e9quipements le trafic pass", "correlation_id": "01KTYP6CV1F5HKMN76R4AVN32X", "level": "info", "timestamp": "2026-06-12T19:51:18.993358Z"}
{"node": "answer", "regenerate_attempt": 0, "event": "start", "query_preview": "D'apr\u00e8s le diagramme d'architecture r\u00e9seau, par quels \u00e9quipements le trafic pass", "correlation_id": "01KTYP6CV1F5HKMN76R4AVN32X", "level": "info", "timestamp": "2026-06-12T19:51:18.994458Z"}
{"prompt_tag": "answer@v5", "schema": "DraftAnswer", "model": "cyankiwi/Qwen3.5-4B-AWQ-4bit", "max_tokens": 1800, "temperature": 0.1, "top_p": 0.8, "presence_penalty": 1.0, "seed": 42, "message_count": 2, "event": "model_call.start", "query_preview": "D'apr\u00e8s le diagramme d'architecture r\u00e9seau, par quels \u00e9quipements le trafic pass", "correlation_id": "01KTYP6CV1F5HKMN76R4AVN32X", "level": "info", "timestamp": "2026-06-12T19:51:18.996547Z"}
Authentication error: Langfuse client initialized without public_key. Client will be disabled. Provide a public_key parameter or set LANGFUSE_PUBLIC_KEY environment variable. 
{"prompt_tag": "answer@v5", "schema": "DraftAnswer", "tokens": 3894, "event": "model_call.done", "query_preview": "D'apr\u00e8s le diagramme d'architecture r\u00e9seau, par quels \u00e9quipements le trafic pass", "correlation_id": "01KTYP6CV1F5HKMN76R4AVN32X", "level": "info", "timestamp": "2026-06-12T19:51:20.648308Z"}
{"node": "verify", "claim_count": 1, "event": "start", "query_preview": "D'apr\u00e8s le diagramme d'architecture r\u00e9seau, par quels \u00e9quipements le trafic pass", "correlation_id": "01KTYP6CV1F5HKMN76R4AVN32X", "level": "info", "timestamp": "2026-06-12T19:51:20.649132Z"}
{"prompt_tag": "verify_grounding@v2", "schema": "VerificationResult", "model": "cyankiwi/Qwen3.5-4B-AWQ-4bit", "max_tokens": 1024, "temperature": 0.1, "top_p": 0.8, "presence_penalty": 1.0, "seed": 42, "message_count": 1, "event": "model_call.start", "query_preview": "D'apr\u00e8s le diagramme d'architecture r\u00e9seau, par quels \u00e9quipements le trafic pass", "correlation_id": "01KTYP6CV1F5HKMN76R4AVN32X", "level": "info", "timestamp": "2026-06-12T19:51:20.652326Z"}
Authentication error: Langfuse client initialized without public_key. Client will be disabled. Provide a public_key parameter or set LANGFUSE_PUBLIC_KEY environment variable. 
{"prompt_tag": "verify_grounding@v2", "schema": "VerificationResult", "tokens": 2155, "event": "model_call.done", "query_preview": "D'apr\u00e8s le diagramme d'architecture r\u00e9seau, par quels \u00e9quipements le trafic pass", "correlation_id": "01KTYP6CV1F5HKMN76R4AVN32X", "level": "info", "timestamp": "2026-06-12T19:51:21.168150Z"}
{"node": "assess_relevance", "event": "start", "query_preview": "D'apr\u00e8s le diagramme d'architecture r\u00e9seau, par quels \u00e9quipements le trafic pass", "correlation_id": "01KTYP6CV1F5HKMN76R4AVN32X", "level": "info", "timestamp": "2026-06-12T19:51:21.169670Z"}
{"prompt_tag": "assess_relevance@v3", "schema": "RelevanceAssessment", "model": "cyankiwi/Qwen3.5-4B-AWQ-4bit", "max_tokens": 1024, "temperature": 0.1, "top_p": 0.8, "presence_penalty": 1.0, "seed": 42, "message_count": 1, "event": "model_call.start", "query_preview": "D'apr\u00e8s le diagramme d'architecture r\u00e9seau, par quels \u00e9quipements le trafic pass", "correlation_id": "01KTYP6CV1F5HKMN76R4AVN32X", "level": "info", "timestamp": "2026-06-12T19:51:21.170695Z"}
Authentication error: Langfuse client initialized without public_key. Client will be disabled. Provide a public_key parameter or set LANGFUSE_PUBLIC_KEY environment variable. 
{"prompt_tag": "assess_relevance@v3", "schema": "RelevanceAssessment", "tokens": 883, "event": "model_call.done", "query_preview": "D'apr\u00e8s le diagramme d'architecture r\u00e9seau, par quels \u00e9quipements le trafic pass", "correlation_id": "01KTYP6CV1F5HKMN76R4AVN32X", "level": "info", "timestamp": "2026-06-12T19:51:21.644963Z"}
{"node": "assess_relevance", "responsive": true, "event": "relevance", "query_preview": "D'apr\u00e8s le diagramme d'architecture r\u00e9seau, par quels \u00e9quipements le trafic pass", "correlation_id": "01KTYP6CV1F5HKMN76R4AVN32X", "level": "info", "timestamp": "2026-06-12T19:51:21.645015Z"}
{"node": "compose", "event": "start", "query_preview": "D'apr\u00e8s le diagramme d'architecture r\u00e9seau, par quels \u00e9quipements le trafic pass", "correlation_id": "01KTYP6CV1F5HKMN76R4AVN32X", "level": "info", "timestamp": "2026-06-12T19:51:21.646549Z"}
Authentication error: Langfuse client initialized without public_key. Client will be disabled. Provide a public_key parameter or set LANGFUSE_PUBLIC_KEY environment variable. 
{"node": "retrieve", "query_len": 127, "event": "start", "query_preview": "Selon le diagramme d'attaque du cours, quelles techniques l'attaquant combine-t-", "correlation_id": "01KTYP769FNMKFZ02RAPDWV7QZ", "level": "info", "timestamp": "2026-06-12T19:51:21.648299Z"}
{"query_len": 127, "k": 50, "event": "hybrid.start", "query_preview": "Selon le diagramme d'attaque du cours, quelles techniques l'attaquant combine-t-", "correlation_id": "01KTYP769FNMKFZ02RAPDWV7QZ", "level": "info", "timestamp": "2026-06-12T19:51:21.648336Z"}
{"query_len": 127, "k": 50, "dense": 50, "bm25": 0, "fused": 50, "term": false, "event": "hybrid.done", "query_preview": "Selon le diagramme d'attaque du cours, quelles techniques l'attaquant combine-t-", "correlation_id": "01KTYP769FNMKFZ02RAPDWV7QZ", "level": "info", "timestamp": "2026-06-12T19:51:21.727559Z"}
{"node": "retrieve", "candidate_count": 50, "event": "done", "query_preview": "Selon le diagramme d'attaque du cours, quelles techniques l'attaquant combine-t-", "correlation_id": "01KTYP769FNMKFZ02RAPDWV7QZ", "level": "info", "timestamp": "2026-06-12T19:51:21.728497Z"}
{"node": "resolve_artifact_scope", "via": "none-spread", "arttype": "diagramme", "event": "no_scope", "query_preview": "Selon le diagramme d'attaque du cours, quelles techniques l'attaquant combine-t-", "correlation_id": "01KTYP769FNMKFZ02RAPDWV7QZ", "level": "info", "timestamp": "2026-06-12T19:51:21.731424Z"}
{"node": "expand_graph", "reason": "disabled_or_empty", "event": "skip", "query_preview": "Selon le diagramme d'attaque du cours, quelles techniques l'attaquant combine-t-", "correlation_id": "01KTYP769FNMKFZ02RAPDWV7QZ", "level": "info", "timestamp": "2026-06-12T19:51:21.732018Z"}
{"node": "rerank", "candidate_count": 50, "event": "start", "query_preview": "Selon le diagramme d'attaque du cours, quelles techniques l'attaquant combine-t-", "correlation_id": "01KTYP769FNMKFZ02RAPDWV7QZ", "level": "info", "timestamp": "2026-06-12T19:51:21.732508Z"}
{"node": "rerank", "top_k": 5, "source": "mode", "event": "top_k_resolved", "query_preview": "Selon le diagramme d'attaque du cours, quelles techniques l'attaquant combine-t-", "correlation_id": "01KTYP769FNMKFZ02RAPDWV7QZ", "level": "info", "timestamp": "2026-06-12T19:51:21.732557Z"}
{"candidates": 50, "top_k": 5, "backend": "cross_encoder", "event": "rerank.start", "query_preview": "Selon le diagramme d'attaque du cours, quelles techniques l'attaquant combine-t-", "correlation_id": "01KTYP769FNMKFZ02RAPDWV7QZ", "level": "info", "timestamp": "2026-06-12T19:51:21.732581Z"}
{"candidates": 50, "top_k": 5, "backend": "cross_encoder", "returned": 5, "event": "rerank.done", "query_preview": "Selon le diagramme d'attaque du cours, quelles techniques l'attaquant combine-t-", "correlation_id": "01KTYP769FNMKFZ02RAPDWV7QZ", "level": "info", "timestamp": "2026-06-12T19:51:37.853652Z"}
{"node": "rerank", "reranked_count": 5, "event": "done", "query_preview": "Selon le diagramme d'attaque du cours, quelles techniques l'attaquant combine-t-", "correlation_id": "01KTYP769FNMKFZ02RAPDWV7QZ", "level": "info", "timestamp": "2026-06-12T19:51:37.853748Z"}
{"node": "query_tables", "reason": "empty_or_not_table_shaped", "event": "skip", "query_preview": "Selon le diagramme d'attaque du cours, quelles techniques l'attaquant combine-t-", "correlation_id": "01KTYP769FNMKFZ02RAPDWV7QZ", "level": "info", "timestamp": "2026-06-12T19:51:37.855850Z"}
{"node": "assess", "reranked_count": 5, "event": "start", "query_preview": "Selon le diagramme d'attaque du cours, quelles techniques l'attaquant combine-t-", "correlation_id": "01KTYP769FNMKFZ02RAPDWV7QZ", "level": "info", "timestamp": "2026-06-12T19:51:37.856760Z"}
{"prompt_tag": "assess_sufficiency@v4", "schema": "SufficiencyAssessment", "model": "cyankiwi/Qwen3.5-4B-AWQ-4bit", "max_tokens": 1024, "temperature": 0.1, "top_p": 0.8, "presence_penalty": 1.0, "seed": 42, "message_count": 1, "event": "model_call.start", "query_preview": "Selon le diagramme d'attaque du cours, quelles techniques l'attaquant combine-t-", "correlation_id": "01KTYP769FNMKFZ02RAPDWV7QZ", "level": "info", "timestamp": "2026-06-12T19:51:37.858684Z"}
Authentication error: Langfuse client initialized without public_key. Client will be disabled. Provide a public_key parameter or set LANGFUSE_PUBLIC_KEY environment variable. 
{"prompt_tag": "assess_sufficiency@v4", "schema": "SufficiencyAssessment", "tokens": 1585, "event": "model_call.done", "query_preview": "Selon le diagramme d'attaque du cours, quelles techniques l'attaquant combine-t-", "correlation_id": "01KTYP769FNMKFZ02RAPDWV7QZ", "level": "info", "timestamp": "2026-06-12T19:51:38.571415Z"}
{"node": "answer", "regenerate_attempt": 0, "event": "start", "query_preview": "Selon le diagramme d'attaque du cours, quelles techniques l'attaquant combine-t-", "correlation_id": "01KTYP769FNMKFZ02RAPDWV7QZ", "level": "info", "timestamp": "2026-06-12T19:51:38.572874Z"}
{"prompt_tag": "answer@v5", "schema": "DraftAnswer", "model": "cyankiwi/Qwen3.5-4B-AWQ-4bit", "max_tokens": 1800, "temperature": 0.1, "top_p": 0.8, "presence_penalty": 1.0, "seed": 42, "message_count": 2, "event": "model_call.start", "query_preview": "Selon le diagramme d'attaque du cours, quelles techniques l'attaquant combine-t-", "correlation_id": "01KTYP769FNMKFZ02RAPDWV7QZ", "level": "info", "timestamp": "2026-06-12T19:51:38.574883Z"}
Authentication error: Langfuse client initialized without public_key. Client will be disabled. Provide a public_key parameter or set LANGFUSE_PUBLIC_KEY environment variable. 
{"prompt_tag": "answer@v5", "schema": "DraftAnswer", "tokens": 3270, "event": "model_call.done", "query_preview": "Selon le diagramme d'attaque du cours, quelles techniques l'attaquant combine-t-", "correlation_id": "01KTYP769FNMKFZ02RAPDWV7QZ", "level": "info", "timestamp": "2026-06-12T19:51:40.384481Z"}
{"node": "answer", "exact": 0, "suffix": 0, "fuzzy": 1, "unresolved": 0, "event": "chunk_id_repair", "query_preview": "Selon le diagramme d'attaque du cours, quelles techniques l'attaquant combine-t-", "correlation_id": "01KTYP769FNMKFZ02RAPDWV7QZ", "level": "info", "timestamp": "2026-06-12T19:51:40.384607Z"}
{"node": "verify", "claim_count": 1, "event": "start", "query_preview": "Selon le diagramme d'attaque du cours, quelles techniques l'attaquant combine-t-", "correlation_id": "01KTYP769FNMKFZ02RAPDWV7QZ", "level": "info", "timestamp": "2026-06-12T19:51:40.385367Z"}
{"prompt_tag": "verify_grounding@v2", "schema": "VerificationResult", "model": "cyankiwi/Qwen3.5-4B-AWQ-4bit", "max_tokens": 1024, "temperature": 0.1, "top_p": 0.8, "presence_penalty": 1.0, "seed": 42, "message_count": 1, "event": "model_call.start", "query_preview": "Selon le diagramme d'attaque du cours, quelles techniques l'attaquant combine-t-", "correlation_id": "01KTYP769FNMKFZ02RAPDWV7QZ", "level": "info", "timestamp": "2026-06-12T19:51:40.388379Z"}
Authentication error: Langfuse client initialized without public_key. Client will be disabled. Provide a public_key parameter or set LANGFUSE_PUBLIC_KEY environment variable. 
{"prompt_tag": "verify_grounding@v2", "schema": "VerificationResult", "tokens": 1521, "event": "model_call.done", "query_preview": "Selon le diagramme d'attaque du cours, quelles techniques l'attaquant combine-t-", "correlation_id": "01KTYP769FNMKFZ02RAPDWV7QZ", "level": "info", "timestamp": "2026-06-12T19:51:40.799289Z"}
{"node": "assess_relevance", "event": "start", "query_preview": "Selon le diagramme d'attaque du cours, quelles techniques l'attaquant combine-t-", "correlation_id": "01KTYP769FNMKFZ02RAPDWV7QZ", "level": "info", "timestamp": "2026-06-12T19:51:40.800434Z"}
{"prompt_tag": "assess_relevance@v3", "schema": "RelevanceAssessment", "model": "cyankiwi/Qwen3.5-4B-AWQ-4bit", "max_tokens": 1024, "temperature": 0.1, "top_p": 0.8, "presence_penalty": 1.0, "seed": 42, "message_count": 1, "event": "model_call.start", "query_preview": "Selon le diagramme d'attaque du cours, quelles techniques l'attaquant combine-t-", "correlation_id": "01KTYP769FNMKFZ02RAPDWV7QZ", "level": "info", "timestamp": "2026-06-12T19:51:40.801421Z"}
Authentication error: Langfuse client initialized without public_key. Client will be disabled. Provide a public_key parameter or set LANGFUSE_PUBLIC_KEY environment variable. 
{"prompt_tag": "assess_relevance@v3", "schema": "RelevanceAssessment", "tokens": 904, "event": "model_call.done", "query_preview": "Selon le diagramme d'attaque du cours, quelles techniques l'attaquant combine-t-", "correlation_id": "01KTYP769FNMKFZ02RAPDWV7QZ", "level": "info", "timestamp": "2026-06-12T19:51:41.202485Z"}
{"node": "assess_relevance", "responsive": true, "event": "relevance", "query_preview": "Selon le diagramme d'attaque du cours, quelles techniques l'attaquant combine-t-", "correlation_id": "01KTYP769FNMKFZ02RAPDWV7QZ", "level": "info", "timestamp": "2026-06-12T19:51:41.202537Z"}
{"node": "compose", "event": "start", "query_preview": "Selon le diagramme d'attaque du cours, quelles techniques l'attaquant combine-t-", "correlation_id": "01KTYP769FNMKFZ02RAPDWV7QZ", "level": "info", "timestamp": "2026-06-12T19:51:41.203631Z"}
Authentication error: Langfuse client initialized without public_key. Client will be disabled. Provide a public_key parameter or set LANGFUSE_PUBLIC_KEY environment variable. 
{"node": "retrieve", "query_len": 98, "event": "start", "query_preview": "Selon le diagramme de configuration VLAN du commutateur, quelle est l'adresse MA", "correlation_id": "01KTYP7SCMQNBEKGRFZZ108RET", "level": "info", "timestamp": "2026-06-12T19:51:41.205056Z"}
{"query_len": 98, "k": 50, "event": "hybrid.start", "query_preview": "Selon le diagramme de configuration VLAN du commutateur, quelle est l'adresse MA", "correlation_id": "01KTYP7SCMQNBEKGRFZZ108RET", "level": "info", "timestamp": "2026-06-12T19:51:41.205099Z"}
{"query_len": 98, "k": 50, "dense": 50, "bm25": 0, "fused": 50, "term": false, "event": "hybrid.done", "query_preview": "Selon le diagramme de configuration VLAN du commutateur, quelle est l'adresse MA", "correlation_id": "01KTYP7SCMQNBEKGRFZZ108RET", "level": "info", "timestamp": "2026-06-12T19:51:41.291532Z"}
{"node": "retrieve", "candidate_count": 50, "event": "done", "query_preview": "Selon le diagramme de configuration VLAN du commutateur, quelle est l'adresse MA", "correlation_id": "01KTYP7SCMQNBEKGRFZZ108RET", "level": "info", "timestamp": "2026-06-12T19:51:41.292830Z"}
{"node": "resolve_artifact_scope", "via": "none-spread", "arttype": "diagramme", "event": "no_scope", "query_preview": "Selon le diagramme de configuration VLAN du commutateur, quelle est l'adresse MA", "correlation_id": "01KTYP7SCMQNBEKGRFZZ108RET", "level": "info", "timestamp": "2026-06-12T19:51:41.300393Z"}
{"node": "expand_graph", "reason": "disabled_or_empty", "event": "skip", "query_preview": "Selon le diagramme de configuration VLAN du commutateur, quelle est l'adresse MA", "correlation_id": "01KTYP7SCMQNBEKGRFZZ108RET", "level": "info", "timestamp": "2026-06-12T19:51:41.301011Z"}
{"node": "rerank", "candidate_count": 50, "event": "start", "query_preview": "Selon le diagramme de configuration VLAN du commutateur, quelle est l'adresse MA", "correlation_id": "01KTYP7SCMQNBEKGRFZZ108RET", "level": "info", "timestamp": "2026-06-12T19:51:41.301485Z"}
{"node": "rerank", "top_k": 5, "source": "mode", "event": "top_k_resolved", "query_preview": "Selon le diagramme de configuration VLAN du commutateur, quelle est l'adresse MA", "correlation_id": "01KTYP7SCMQNBEKGRFZZ108RET", "level": "info", "timestamp": "2026-06-12T19:51:41.301533Z"}
{"candidates": 50, "top_k": 5, "backend": "cross_encoder", "event": "rerank.start", "query_preview": "Selon le diagramme de configuration VLAN du commutateur, quelle est l'adresse MA", "correlation_id": "01KTYP7SCMQNBEKGRFZZ108RET", "level": "info", "timestamp": "2026-06-12T19:51:41.301555Z"}
{"candidates": 50, "top_k": 5, "backend": "cross_encoder", "returned": 5, "event": "rerank.done", "query_preview": "Selon le diagramme de configuration VLAN du commutateur, quelle est l'adresse MA", "correlation_id": "01KTYP7SCMQNBEKGRFZZ108RET", "level": "info", "timestamp": "2026-06-12T19:52:02.496330Z"}
{"node": "rerank", "reranked_count": 5, "event": "done", "query_preview": "Selon le diagramme de configuration VLAN du commutateur, quelle est l'adresse MA", "correlation_id": "01KTYP7SCMQNBEKGRFZZ108RET", "level": "info", "timestamp": "2026-06-12T19:52:02.496419Z"}
{"node": "query_tables", "reason": "empty_or_not_table_shaped", "event": "skip", "query_preview": "Selon le diagramme de configuration VLAN du commutateur, quelle est l'adresse MA", "correlation_id": "01KTYP7SCMQNBEKGRFZZ108RET", "level": "info", "timestamp": "2026-06-12T19:52:02.498394Z"}
{"node": "assess", "reranked_count": 5, "event": "start", "query_preview": "Selon le diagramme de configuration VLAN du commutateur, quelle est l'adresse MA", "correlation_id": "01KTYP7SCMQNBEKGRFZZ108RET", "level": "info", "timestamp": "2026-06-12T19:52:02.499160Z"}
{"prompt_tag": "assess_sufficiency@v4", "schema": "SufficiencyAssessment", "model": "cyankiwi/Qwen3.5-4B-AWQ-4bit", "max_tokens": 1024, "temperature": 0.1, "top_p": 0.8, "presence_penalty": 1.0, "seed": 42, "message_count": 1, "event": "model_call.start", "query_preview": "Selon le diagramme de configuration VLAN du commutateur, quelle est l'adresse MA", "correlation_id": "01KTYP7SCMQNBEKGRFZZ108RET", "level": "info", "timestamp": "2026-06-12T19:52:02.500982Z"}
Authentication error: Langfuse client initialized without public_key. Client will be disabled. Provide a public_key parameter or set LANGFUSE_PUBLIC_KEY environment variable. 
{"prompt_tag": "assess_sufficiency@v4", "schema": "SufficiencyAssessment", "tokens": 2475, "event": "model_call.done", "query_preview": "Selon le diagramme de configuration VLAN du commutateur, quelle est l'adresse MA", "correlation_id": "01KTYP7SCMQNBEKGRFZZ108RET", "level": "info", "timestamp": "2026-06-12T19:52:03.325529Z"}
{"node": "refuse", "event": "start", "query_preview": "Selon le diagramme de configuration VLAN du commutateur, quelle est l'adresse MA", "correlation_id": "01KTYP7SCMQNBEKGRFZZ108RET", "level": "info", "timestamp": "2026-06-12T19:52:03.326954Z"}
{"query_count": 19, "quick": false, "error_count": 0, "mean_citation_precision": 0.7390977443609023, "mean_citation_precision_answered_only": 0.6186813186813187, "answer_text_checked": 0, "answer_text_correct_count": 0, "mean_answer_mention_recall": null, "event": "eval.done", "level": "info", "timestamp": "2026-06-12T19:52:03.327676Z"}
