{"vault_path": "/home/drei/.memex/vault", "event": "bootstrap", "level": "info", "timestamp": "2026-06-12T19:38:27.668394Z"}
{"estimated_gb": 11.8, "budget_gb": 9.8, "total_gb": 11.6, "gpu": "NVIDIA GeForce RTX 4070", "vlm_counted": false, "co_residence_mode": "manual", "embedder_device": "cpu", "reranker_device": "cpu", "fix": "lower hardware.gpu_memory_fraction, switch to a lighter co-residence mode (MEMEX_MODELS__CO_RESIDENCE_MODE=full puts the reranker on CPU), switch to a smaller VLM variant (vlm_quantization=awq_int4), or reduce the orchestrator quant tier", "event": "vram.budget.tight", "level": "warning", "timestamp": "2026-06-12T19:38:28.534477Z"}
{"component": "bootstrap.gpu", "total_gb": 11.56, "free_gb": 4.48, "holders": ["pid 382037: VLLM::EngineCore (6170 MiB)", "pid 1138321: /home/drei/project/Doc_Flo/.venv/bin/python3 (154 MiB)"], "event": "gpu.preflight", "level": "info", "timestamp": "2026-06-12T19:38:28.635736Z"}
{"query_count": 17, "quick": false, "event": "eval.start", "level": "info", "timestamp": "2026-06-12T19:38:28.681290Z"}
Authentication error: Langfuse client initialized without public_key. Client will be disabled. Provide a public_key parameter or set LANGFUSE_PUBLIC_KEY environment variable. 
{"node": "retrieve", "query_len": 70, "event": "start", "query_preview": "Quelles architectures de coupe-feu (firewall) le cours pr\u00e9sente-t-il ?", "correlation_id": "01KTYNFKE98SV2396GMFTMH8FH", "level": "info", "timestamp": "2026-06-12T19:38:28.709385Z"}
{"query_len": 70, "k": 50, "event": "hybrid.start", "query_preview": "Quelles architectures de coupe-feu (firewall) le cours pr\u00e9sente-t-il ?", "correlation_id": "01KTYNFKE98SV2396GMFTMH8FH", "level": "info", "timestamp": "2026-06-12T19:38:28.709449Z"}
{"name": "embedder", "event": "model.load.start", "query_preview": "Quelles architectures de coupe-feu (firewall) le cours pr\u00e9sente-t-il ?", "correlation_id": "01KTYNFKE98SV2396GMFTMH8FH", "level": "info", "timestamp": "2026-06-12T19:38:28.713469Z"}
`torch_dtype` is deprecated! Use `dtype` instead!
{"name": "embedder", "event": "model.load.done", "query_preview": "Quelles architectures de coupe-feu (firewall) le cours pr\u00e9sente-t-il ?", "correlation_id": "01KTYNFKE98SV2396GMFTMH8FH", "level": "info", "timestamp": "2026-06-12T19:38:33.128809Z"}
{"query_len": 70, "k": 50, "dense": 50, "bm25": 0, "fused": 50, "term": false, "event": "hybrid.done", "query_preview": "Quelles architectures de coupe-feu (firewall) le cours pr\u00e9sente-t-il ?", "correlation_id": "01KTYNFKE98SV2396GMFTMH8FH", "level": "info", "timestamp": "2026-06-12T19:38:33.385525Z"}
{"node": "retrieve", "candidate_count": 50, "event": "done", "query_preview": "Quelles architectures de coupe-feu (firewall) le cours pr\u00e9sente-t-il ?", "correlation_id": "01KTYNFKE98SV2396GMFTMH8FH", "level": "info", "timestamp": "2026-06-12T19:38:33.386297Z"}
{"node": "expand_graph", "reason": "disabled_or_empty", "event": "skip", "query_preview": "Quelles architectures de coupe-feu (firewall) le cours pr\u00e9sente-t-il ?", "correlation_id": "01KTYNFKE98SV2396GMFTMH8FH", "level": "info", "timestamp": "2026-06-12T19:38:33.387930Z"}
{"node": "rerank", "candidate_count": 50, "event": "start", "query_preview": "Quelles architectures de coupe-feu (firewall) le cours pr\u00e9sente-t-il ?", "correlation_id": "01KTYNFKE98SV2396GMFTMH8FH", "level": "info", "timestamp": "2026-06-12T19:38:33.388454Z"}
{"node": "rerank", "top_k": 5, "source": "mode", "event": "top_k_resolved", "query_preview": "Quelles architectures de coupe-feu (firewall) le cours pr\u00e9sente-t-il ?", "correlation_id": "01KTYNFKE98SV2396GMFTMH8FH", "level": "info", "timestamp": "2026-06-12T19:38:33.388509Z"}
{"candidates": 50, "top_k": 5, "backend": "cross_encoder", "event": "rerank.start", "query_preview": "Quelles architectures de coupe-feu (firewall) le cours pr\u00e9sente-t-il ?", "correlation_id": "01KTYNFKE98SV2396GMFTMH8FH", "level": "info", "timestamp": "2026-06-12T19:38:33.388540Z"}
{"name": "reranker", "event": "model.load.start", "query_preview": "Quelles architectures de coupe-feu (firewall) le cours pr\u00e9sente-t-il ?", "correlation_id": "01KTYNFKE98SV2396GMFTMH8FH", "level": "info", "timestamp": "2026-06-12T19:38:33.388572Z"}
{"name": "reranker", "event": "model.load.done", "query_preview": "Quelles architectures de coupe-feu (firewall) le cours pr\u00e9sente-t-il ?", "correlation_id": "01KTYNFKE98SV2396GMFTMH8FH", "level": "info", "timestamp": "2026-06-12T19:38:34.381651Z"}
{"candidates": 50, "top_k": 5, "backend": "cross_encoder", "returned": 5, "event": "rerank.done", "query_preview": "Quelles architectures de coupe-feu (firewall) le cours pr\u00e9sente-t-il ?", "correlation_id": "01KTYNFKE98SV2396GMFTMH8FH", "level": "info", "timestamp": "2026-06-12T19:38:58.326636Z"}
{"node": "rerank", "reranked_count": 5, "event": "done", "query_preview": "Quelles architectures de coupe-feu (firewall) le cours pr\u00e9sente-t-il ?", "correlation_id": "01KTYNFKE98SV2396GMFTMH8FH", "level": "info", "timestamp": "2026-06-12T19:38:58.326729Z"}
{"node": "query_tables", "reason": "empty_or_not_table_shaped", "event": "skip", "query_preview": "Quelles architectures de coupe-feu (firewall) le cours pr\u00e9sente-t-il ?", "correlation_id": "01KTYNFKE98SV2396GMFTMH8FH", "level": "info", "timestamp": "2026-06-12T19:38:58.328823Z"}
{"node": "assess", "reranked_count": 5, "event": "start", "query_preview": "Quelles architectures de coupe-feu (firewall) le cours pr\u00e9sente-t-il ?", "correlation_id": "01KTYNFKE98SV2396GMFTMH8FH", "level": "info", "timestamp": "2026-06-12T19:38:58.329658Z"}
{"prompt_tag": "assess_sufficiency@v4", "schema": "SufficiencyAssessment", "model": "cyankiwi/Qwen3.5-4B-AWQ-4bit", "max_tokens": 1024, "temperature": 0.1, "top_p": 0.8, "presence_penalty": 1.0, "seed": 42, "message_count": 1, "event": "model_call.start", "query_preview": "Quelles architectures de coupe-feu (firewall) le cours pr\u00e9sente-t-il ?", "correlation_id": "01KTYNFKE98SV2396GMFTMH8FH", "level": "info", "timestamp": "2026-06-12T19:38:58.332858Z"}
Authentication error: Langfuse client initialized without public_key. Client will be disabled. Provide a public_key parameter or set LANGFUSE_PUBLIC_KEY environment variable. 
{"prompt_tag": "assess_sufficiency@v4", "schema": "SufficiencyAssessment", "tokens": 2640, "event": "model_call.done", "query_preview": "Quelles architectures de coupe-feu (firewall) le cours pr\u00e9sente-t-il ?", "correlation_id": "01KTYNFKE98SV2396GMFTMH8FH", "level": "info", "timestamp": "2026-06-12T19:38:59.218360Z"}
{"node": "answer", "regenerate_attempt": 0, "event": "start", "query_preview": "Quelles architectures de coupe-feu (firewall) le cours pr\u00e9sente-t-il ?", "correlation_id": "01KTYNFKE98SV2396GMFTMH8FH", "level": "info", "timestamp": "2026-06-12T19:38:59.220407Z"}
{"prompt_tag": "answer@v5", "schema": "DraftAnswer", "model": "cyankiwi/Qwen3.5-4B-AWQ-4bit", "max_tokens": 1800, "temperature": 0.1, "top_p": 0.8, "presence_penalty": 1.0, "seed": 42, "message_count": 2, "event": "model_call.start", "query_preview": "Quelles architectures de coupe-feu (firewall) le cours pr\u00e9sente-t-il ?", "correlation_id": "01KTYNFKE98SV2396GMFTMH8FH", "level": "info", "timestamp": "2026-06-12T19:38:59.223253Z"}
Authentication error: Langfuse client initialized without public_key. Client will be disabled. Provide a public_key parameter or set LANGFUSE_PUBLIC_KEY environment variable. 
{"prompt_tag": "answer@v5", "schema": "DraftAnswer", "tokens": 4303, "event": "model_call.done", "query_preview": "Quelles architectures de coupe-feu (firewall) le cours pr\u00e9sente-t-il ?", "correlation_id": "01KTYNFKE98SV2396GMFTMH8FH", "level": "info", "timestamp": "2026-06-12T19:39:00.992482Z"}
{"node": "answer", "exact": 0, "suffix": 0, "fuzzy": 1, "unresolved": 0, "event": "chunk_id_repair", "query_preview": "Quelles architectures de coupe-feu (firewall) le cours pr\u00e9sente-t-il ?", "correlation_id": "01KTYNFKE98SV2396GMFTMH8FH", "level": "info", "timestamp": "2026-06-12T19:39:00.992618Z"}
{"node": "verify", "claim_count": 1, "event": "start", "query_preview": "Quelles architectures de coupe-feu (firewall) le cours pr\u00e9sente-t-il ?", "correlation_id": "01KTYNFKE98SV2396GMFTMH8FH", "level": "info", "timestamp": "2026-06-12T19:39:00.993755Z"}
{"prompt_tag": "verify_grounding@v2", "schema": "VerificationResult", "model": "cyankiwi/Qwen3.5-4B-AWQ-4bit", "max_tokens": 1024, "temperature": 0.1, "top_p": 0.8, "presence_penalty": 1.0, "seed": 42, "message_count": 1, "event": "model_call.start", "query_preview": "Quelles architectures de coupe-feu (firewall) le cours pr\u00e9sente-t-il ?", "correlation_id": "01KTYNFKE98SV2396GMFTMH8FH", "level": "info", "timestamp": "2026-06-12T19:39:00.998331Z"}
Authentication error: Langfuse client initialized without public_key. Client will be disabled. Provide a public_key parameter or set LANGFUSE_PUBLIC_KEY environment variable. 
{"prompt_tag": "verify_grounding@v2", "schema": "VerificationResult", "tokens": 2153, "event": "model_call.done", "query_preview": "Quelles architectures de coupe-feu (firewall) le cours pr\u00e9sente-t-il ?", "correlation_id": "01KTYNFKE98SV2396GMFTMH8FH", "level": "info", "timestamp": "2026-06-12T19:39:01.515951Z"}
{"node": "assess_relevance", "event": "start", "query_preview": "Quelles architectures de coupe-feu (firewall) le cours pr\u00e9sente-t-il ?", "correlation_id": "01KTYNFKE98SV2396GMFTMH8FH", "level": "info", "timestamp": "2026-06-12T19:39:01.517698Z"}
{"prompt_tag": "assess_relevance@v3", "schema": "RelevanceAssessment", "model": "cyankiwi/Qwen3.5-4B-AWQ-4bit", "max_tokens": 1024, "temperature": 0.1, "top_p": 0.8, "presence_penalty": 1.0, "seed": 42, "message_count": 1, "event": "model_call.start", "query_preview": "Quelles architectures de coupe-feu (firewall) le cours pr\u00e9sente-t-il ?", "correlation_id": "01KTYNFKE98SV2396GMFTMH8FH", "level": "info", "timestamp": "2026-06-12T19:39:01.519241Z"}
Authentication error: Langfuse client initialized without public_key. Client will be disabled. Provide a public_key parameter or set LANGFUSE_PUBLIC_KEY environment variable. 
{"prompt_tag": "assess_relevance@v3", "schema": "RelevanceAssessment", "tokens": 858, "event": "model_call.done", "query_preview": "Quelles architectures de coupe-feu (firewall) le cours pr\u00e9sente-t-il ?", "correlation_id": "01KTYNFKE98SV2396GMFTMH8FH", "level": "info", "timestamp": "2026-06-12T19:39:01.868329Z"}
{"node": "assess_relevance", "responsive": true, "event": "relevance", "query_preview": "Quelles architectures de coupe-feu (firewall) le cours pr\u00e9sente-t-il ?", "correlation_id": "01KTYNFKE98SV2396GMFTMH8FH", "level": "info", "timestamp": "2026-06-12T19:39:01.868384Z"}
{"node": "compose", "event": "start", "query_preview": "Quelles architectures de coupe-feu (firewall) le cours pr\u00e9sente-t-il ?", "correlation_id": "01KTYNFKE98SV2396GMFTMH8FH", "level": "info", "timestamp": "2026-06-12T19:39:01.870243Z"}
Authentication error: Langfuse client initialized without public_key. Client will be disabled. Provide a public_key parameter or set LANGFUSE_PUBLIC_KEY environment variable. 
{"node": "retrieve", "query_len": 85, "event": "start", "query_preview": "Dans l'architecture single-tier, quels \u00e9quipements relient Internet au r\u00e9seau pr", "correlation_id": "01KTYNGKVFN2M2991A9G1ZPRXQ", "level": "info", "timestamp": "2026-06-12T19:39:01.872379Z"}
{"query_len": 85, "k": 50, "event": "hybrid.start", "query_preview": "Dans l'architecture single-tier, quels \u00e9quipements relient Internet au r\u00e9seau pr", "correlation_id": "01KTYNGKVFN2M2991A9G1ZPRXQ", "level": "info", "timestamp": "2026-06-12T19:39:01.872424Z"}
{"query_len": 85, "k": 50, "dense": 50, "bm25": 0, "fused": 50, "term": false, "event": "hybrid.done", "query_preview": "Dans l'architecture single-tier, quels \u00e9quipements relient Internet au r\u00e9seau pr", "correlation_id": "01KTYNGKVFN2M2991A9G1ZPRXQ", "level": "info", "timestamp": "2026-06-12T19:39:01.957629Z"}
{"node": "retrieve", "candidate_count": 50, "event": "done", "query_preview": "Dans l'architecture single-tier, quels \u00e9quipements relient Internet au r\u00e9seau pr", "correlation_id": "01KTYNGKVFN2M2991A9G1ZPRXQ", "level": "info", "timestamp": "2026-06-12T19:39:01.958535Z"}
{"node": "expand_graph", "reason": "disabled_or_empty", "event": "skip", "query_preview": "Dans l'architecture single-tier, quels \u00e9quipements relient Internet au r\u00e9seau pr", "correlation_id": "01KTYNGKVFN2M2991A9G1ZPRXQ", "level": "info", "timestamp": "2026-06-12T19:39:01.959789Z"}
{"node": "rerank", "candidate_count": 50, "event": "start", "query_preview": "Dans l'architecture single-tier, quels \u00e9quipements relient Internet au r\u00e9seau pr", "correlation_id": "01KTYNGKVFN2M2991A9G1ZPRXQ", "level": "info", "timestamp": "2026-06-12T19:39:01.960254Z"}
{"node": "rerank", "top_k": 5, "source": "mode", "event": "top_k_resolved", "query_preview": "Dans l'architecture single-tier, quels \u00e9quipements relient Internet au r\u00e9seau pr", "correlation_id": "01KTYNGKVFN2M2991A9G1ZPRXQ", "level": "info", "timestamp": "2026-06-12T19:39:01.960305Z"}
{"candidates": 50, "top_k": 5, "backend": "cross_encoder", "event": "rerank.start", "query_preview": "Dans l'architecture single-tier, quels \u00e9quipements relient Internet au r\u00e9seau pr", "correlation_id": "01KTYNGKVFN2M2991A9G1ZPRXQ", "level": "info", "timestamp": "2026-06-12T19:39:01.960330Z"}
{"candidates": 50, "top_k": 5, "backend": "cross_encoder", "returned": 5, "event": "rerank.done", "query_preview": "Dans l'architecture single-tier, quels \u00e9quipements relient Internet au r\u00e9seau pr", "correlation_id": "01KTYNGKVFN2M2991A9G1ZPRXQ", "level": "info", "timestamp": "2026-06-12T19:39:21.501584Z"}
{"node": "rerank", "reranked_count": 5, "event": "done", "query_preview": "Dans l'architecture single-tier, quels \u00e9quipements relient Internet au r\u00e9seau pr", "correlation_id": "01KTYNGKVFN2M2991A9G1ZPRXQ", "level": "info", "timestamp": "2026-06-12T19:39:21.501678Z"}
{"node": "query_tables", "reason": "empty_or_not_table_shaped", "event": "skip", "query_preview": "Dans l'architecture single-tier, quels \u00e9quipements relient Internet au r\u00e9seau pr", "correlation_id": "01KTYNGKVFN2M2991A9G1ZPRXQ", "level": "info", "timestamp": "2026-06-12T19:39:21.503393Z"}
{"node": "assess", "reranked_count": 5, "event": "start", "query_preview": "Dans l'architecture single-tier, quels \u00e9quipements relient Internet au r\u00e9seau pr", "correlation_id": "01KTYNGKVFN2M2991A9G1ZPRXQ", "level": "info", "timestamp": "2026-06-12T19:39:21.504039Z"}
{"prompt_tag": "assess_sufficiency@v4", "schema": "SufficiencyAssessment", "model": "cyankiwi/Qwen3.5-4B-AWQ-4bit", "max_tokens": 1024, "temperature": 0.1, "top_p": 0.8, "presence_penalty": 1.0, "seed": 42, "message_count": 1, "event": "model_call.start", "query_preview": "Dans l'architecture single-tier, quels \u00e9quipements relient Internet au r\u00e9seau pr", "correlation_id": "01KTYNGKVFN2M2991A9G1ZPRXQ", "level": "info", "timestamp": "2026-06-12T19:39:21.505908Z"}
Authentication error: Langfuse client initialized without public_key. Client will be disabled. Provide a public_key parameter or set LANGFUSE_PUBLIC_KEY environment variable. 
{"prompt_tag": "assess_sufficiency@v4", "schema": "SufficiencyAssessment", "tokens": 1283, "event": "model_call.done", "query_preview": "Dans l'architecture single-tier, quels \u00e9quipements relient Internet au r\u00e9seau pr", "correlation_id": "01KTYNGKVFN2M2991A9G1ZPRXQ", "level": "info", "timestamp": "2026-06-12T19:39:22.180904Z"}
{"node": "answer", "regenerate_attempt": 0, "event": "start", "query_preview": "Dans l'architecture single-tier, quels \u00e9quipements relient Internet au r\u00e9seau pr", "correlation_id": "01KTYNGKVFN2M2991A9G1ZPRXQ", "level": "info", "timestamp": "2026-06-12T19:39:22.182030Z"}
{"prompt_tag": "answer@v5", "schema": "DraftAnswer", "model": "cyankiwi/Qwen3.5-4B-AWQ-4bit", "max_tokens": 1800, "temperature": 0.1, "top_p": 0.8, "presence_penalty": 1.0, "seed": 42, "message_count": 2, "event": "model_call.start", "query_preview": "Dans l'architecture single-tier, quels \u00e9quipements relient Internet au r\u00e9seau pr", "correlation_id": "01KTYNGKVFN2M2991A9G1ZPRXQ", "level": "info", "timestamp": "2026-06-12T19:39:22.184019Z"}
Authentication error: Langfuse client initialized without public_key. Client will be disabled. Provide a public_key parameter or set LANGFUSE_PUBLIC_KEY environment variable. 
{"prompt_tag": "answer@v5", "schema": "DraftAnswer", "tokens": 3008, "event": "model_call.done", "query_preview": "Dans l'architecture single-tier, quels \u00e9quipements relient Internet au r\u00e9seau pr", "correlation_id": "01KTYNGKVFN2M2991A9G1ZPRXQ", "level": "info", "timestamp": "2026-06-12T19:39:24.297635Z"}
{"node": "answer", "exact": 0, "suffix": 0, "fuzzy": 1, "unresolved": 1, "event": "chunk_id_repair", "query_preview": "Dans l'architecture single-tier, quels \u00e9quipements relient Internet au r\u00e9seau pr", "correlation_id": "01KTYNGKVFN2M2991A9G1ZPRXQ", "level": "info", "timestamp": "2026-06-12T19:39:24.297831Z"}
{"node": "verify", "claim_count": 2, "event": "start", "query_preview": "Dans l'architecture single-tier, quels \u00e9quipements relient Internet au r\u00e9seau pr", "correlation_id": "01KTYNGKVFN2M2991A9G1ZPRXQ", "level": "info", "timestamp": "2026-06-12T19:39:24.298602Z"}
{"prompt_tag": "verify_grounding@v2", "schema": "VerificationResult", "model": "cyankiwi/Qwen3.5-4B-AWQ-4bit", "max_tokens": 1024, "temperature": 0.1, "top_p": 0.8, "presence_penalty": 1.0, "seed": 42, "message_count": 1, "event": "model_call.start", "query_preview": "Dans l'architecture single-tier, quels \u00e9quipements relient Internet au r\u00e9seau pr", "correlation_id": "01KTYNGKVFN2M2991A9G1ZPRXQ", "level": "info", "timestamp": "2026-06-12T19:39:24.302010Z"}
Authentication error: Langfuse client initialized without public_key. Client will be disabled. Provide a public_key parameter or set LANGFUSE_PUBLIC_KEY environment variable. 
{"prompt_tag": "verify_grounding@v2", "schema": "VerificationResult", "tokens": 1256, "event": "model_call.done", "query_preview": "Dans l'architecture single-tier, quels \u00e9quipements relient Internet au r\u00e9seau pr", "correlation_id": "01KTYNGKVFN2M2991A9G1ZPRXQ", "level": "info", "timestamp": "2026-06-12T19:39:24.700586Z"}
{"node": "assess_relevance", "event": "start", "query_preview": "Dans l'architecture single-tier, quels \u00e9quipements relient Internet au r\u00e9seau pr", "correlation_id": "01KTYNGKVFN2M2991A9G1ZPRXQ", "level": "info", "timestamp": "2026-06-12T19:39:24.701728Z"}
{"prompt_tag": "assess_relevance@v3", "schema": "RelevanceAssessment", "model": "cyankiwi/Qwen3.5-4B-AWQ-4bit", "max_tokens": 1024, "temperature": 0.1, "top_p": 0.8, "presence_penalty": 1.0, "seed": 42, "message_count": 1, "event": "model_call.start", "query_preview": "Dans l'architecture single-tier, quels \u00e9quipements relient Internet au r\u00e9seau pr", "correlation_id": "01KTYNGKVFN2M2991A9G1ZPRXQ", "level": "info", "timestamp": "2026-06-12T19:39:24.702724Z"}
Authentication error: Langfuse client initialized without public_key. Client will be disabled. Provide a public_key parameter or set LANGFUSE_PUBLIC_KEY environment variable. 
{"prompt_tag": "assess_relevance@v3", "schema": "RelevanceAssessment", "tokens": 897, "event": "model_call.done", "query_preview": "Dans l'architecture single-tier, quels \u00e9quipements relient Internet au r\u00e9seau pr", "correlation_id": "01KTYNGKVFN2M2991A9G1ZPRXQ", "level": "info", "timestamp": "2026-06-12T19:39:25.144296Z"}
{"node": "assess_relevance", "responsive": true, "event": "relevance", "query_preview": "Dans l'architecture single-tier, quels \u00e9quipements relient Internet au r\u00e9seau pr", "correlation_id": "01KTYNGKVFN2M2991A9G1ZPRXQ", "level": "info", "timestamp": "2026-06-12T19:39:25.144357Z"}
{"node": "compose", "event": "start", "query_preview": "Dans l'architecture single-tier, quels \u00e9quipements relient Internet au r\u00e9seau pr", "correlation_id": "01KTYNGKVFN2M2991A9G1ZPRXQ", "level": "info", "timestamp": "2026-06-12T19:39:25.145597Z"}
Authentication error: Langfuse client initialized without public_key. Client will be disabled. Provide a public_key parameter or set LANGFUSE_PUBLIC_KEY environment variable. 
{"node": "retrieve", "query_len": 93, "event": "start", "query_preview": "Quel segment r\u00e9seau appara\u00eet uniquement dans les architectures \u00e0 trois niveaux (", "correlation_id": "01KTYNHAJTSNVP5ZD7657SSK5K", "level": "info", "timestamp": "2026-06-12T19:39:25.147263Z"}
{"query_len": 93, "k": 50, "event": "hybrid.start", "query_preview": "Quel segment r\u00e9seau appara\u00eet uniquement dans les architectures \u00e0 trois niveaux (", "correlation_id": "01KTYNHAJTSNVP5ZD7657SSK5K", "level": "info", "timestamp": "2026-06-12T19:39:25.147311Z"}
{"query_len": 93, "k": 50, "dense": 50, "bm25": 0, "fused": 50, "term": false, "event": "hybrid.done", "query_preview": "Quel segment r\u00e9seau appara\u00eet uniquement dans les architectures \u00e0 trois niveaux (", "correlation_id": "01KTYNHAJTSNVP5ZD7657SSK5K", "level": "info", "timestamp": "2026-06-12T19:39:25.226144Z"}
{"node": "retrieve", "candidate_count": 50, "event": "done", "query_preview": "Quel segment r\u00e9seau appara\u00eet uniquement dans les architectures \u00e0 trois niveaux (", "correlation_id": "01KTYNHAJTSNVP5ZD7657SSK5K", "level": "info", "timestamp": "2026-06-12T19:39:25.227010Z"}
{"node": "expand_graph", "reason": "disabled_or_empty", "event": "skip", "query_preview": "Quel segment r\u00e9seau appara\u00eet uniquement dans les architectures \u00e0 trois niveaux (", "correlation_id": "01KTYNHAJTSNVP5ZD7657SSK5K", "level": "info", "timestamp": "2026-06-12T19:39:25.228277Z"}
{"node": "rerank", "candidate_count": 50, "event": "start", "query_preview": "Quel segment r\u00e9seau appara\u00eet uniquement dans les architectures \u00e0 trois niveaux (", "correlation_id": "01KTYNHAJTSNVP5ZD7657SSK5K", "level": "info", "timestamp": "2026-06-12T19:39:25.228754Z"}
{"node": "rerank", "top_k": 5, "source": "mode", "event": "top_k_resolved", "query_preview": "Quel segment r\u00e9seau appara\u00eet uniquement dans les architectures \u00e0 trois niveaux (", "correlation_id": "01KTYNHAJTSNVP5ZD7657SSK5K", "level": "info", "timestamp": "2026-06-12T19:39:25.228800Z"}
{"candidates": 50, "top_k": 5, "backend": "cross_encoder", "event": "rerank.start", "query_preview": "Quel segment r\u00e9seau appara\u00eet uniquement dans les architectures \u00e0 trois niveaux (", "correlation_id": "01KTYNHAJTSNVP5ZD7657SSK5K", "level": "info", "timestamp": "2026-06-12T19:39:25.228822Z"}
{"candidates": 50, "top_k": 5, "backend": "cross_encoder", "returned": 5, "event": "rerank.done", "query_preview": "Quel segment r\u00e9seau appara\u00eet uniquement dans les architectures \u00e0 trois niveaux (", "correlation_id": "01KTYNHAJTSNVP5ZD7657SSK5K", "level": "info", "timestamp": "2026-06-12T19:39:43.588013Z"}
{"node": "rerank", "reranked_count": 5, "event": "done", "query_preview": "Quel segment r\u00e9seau appara\u00eet uniquement dans les architectures \u00e0 trois niveaux (", "correlation_id": "01KTYNHAJTSNVP5ZD7657SSK5K", "level": "info", "timestamp": "2026-06-12T19:39:43.588110Z"}
{"node": "query_tables", "reason": "empty_or_not_table_shaped", "event": "skip", "query_preview": "Quel segment r\u00e9seau appara\u00eet uniquement dans les architectures \u00e0 trois niveaux (", "correlation_id": "01KTYNHAJTSNVP5ZD7657SSK5K", "level": "info", "timestamp": "2026-06-12T19:39:43.590009Z"}
{"node": "assess", "reranked_count": 5, "event": "start", "query_preview": "Quel segment r\u00e9seau appara\u00eet uniquement dans les architectures \u00e0 trois niveaux (", "correlation_id": "01KTYNHAJTSNVP5ZD7657SSK5K", "level": "info", "timestamp": "2026-06-12T19:39:43.590799Z"}
{"prompt_tag": "assess_sufficiency@v4", "schema": "SufficiencyAssessment", "model": "cyankiwi/Qwen3.5-4B-AWQ-4bit", "max_tokens": 1024, "temperature": 0.1, "top_p": 0.8, "presence_penalty": 1.0, "seed": 42, "message_count": 1, "event": "model_call.start", "query_preview": "Quel segment r\u00e9seau appara\u00eet uniquement dans les architectures \u00e0 trois niveaux (", "correlation_id": "01KTYNHAJTSNVP5ZD7657SSK5K", "level": "info", "timestamp": "2026-06-12T19:39:43.592748Z"}
Authentication error: Langfuse client initialized without public_key. Client will be disabled. Provide a public_key parameter or set LANGFUSE_PUBLIC_KEY environment variable. 
{"prompt_tag": "assess_sufficiency@v4", "schema": "SufficiencyAssessment", "tokens": 1326, "event": "model_call.done", "query_preview": "Quel segment r\u00e9seau appara\u00eet uniquement dans les architectures \u00e0 trois niveaux (", "correlation_id": "01KTYNHAJTSNVP5ZD7657SSK5K", "level": "info", "timestamp": "2026-06-12T19:39:44.247006Z"}
{"node": "answer", "regenerate_attempt": 0, "event": "start", "query_preview": "Quel segment r\u00e9seau appara\u00eet uniquement dans les architectures \u00e0 trois niveaux (", "correlation_id": "01KTYNHAJTSNVP5ZD7657SSK5K", "level": "info", "timestamp": "2026-06-12T19:39:44.248103Z"}
{"prompt_tag": "answer@v5", "schema": "DraftAnswer", "model": "cyankiwi/Qwen3.5-4B-AWQ-4bit", "max_tokens": 1800, "temperature": 0.1, "top_p": 0.8, "presence_penalty": 1.0, "seed": 42, "message_count": 2, "event": "model_call.start", "query_preview": "Quel segment r\u00e9seau appara\u00eet uniquement dans les architectures \u00e0 trois niveaux (", "correlation_id": "01KTYNHAJTSNVP5ZD7657SSK5K", "level": "info", "timestamp": "2026-06-12T19:39:44.250054Z"}
Authentication error: Langfuse client initialized without public_key. Client will be disabled. Provide a public_key parameter or set LANGFUSE_PUBLIC_KEY environment variable. 
{"prompt_tag": "answer@v5", "schema": "DraftAnswer", "tokens": 3068, "event": "model_call.done", "query_preview": "Quel segment r\u00e9seau appara\u00eet uniquement dans les architectures \u00e0 trois niveaux (", "correlation_id": "01KTYNHAJTSNVP5ZD7657SSK5K", "level": "info", "timestamp": "2026-06-12T19:39:46.496619Z"}
{"node": "answer", "exact": 0, "suffix": 0, "fuzzy": 1, "unresolved": 1, "event": "chunk_id_repair", "query_preview": "Quel segment r\u00e9seau appara\u00eet uniquement dans les architectures \u00e0 trois niveaux (", "correlation_id": "01KTYNHAJTSNVP5ZD7657SSK5K", "level": "info", "timestamp": "2026-06-12T19:39:46.496816Z"}
{"node": "verify", "claim_count": 2, "event": "start", "query_preview": "Quel segment r\u00e9seau appara\u00eet uniquement dans les architectures \u00e0 trois niveaux (", "correlation_id": "01KTYNHAJTSNVP5ZD7657SSK5K", "level": "info", "timestamp": "2026-06-12T19:39:46.497606Z"}
{"prompt_tag": "verify_grounding@v2", "schema": "VerificationResult", "model": "cyankiwi/Qwen3.5-4B-AWQ-4bit", "max_tokens": 1024, "temperature": 0.1, "top_p": 0.8, "presence_penalty": 1.0, "seed": 42, "message_count": 1, "event": "model_call.start", "query_preview": "Quel segment r\u00e9seau appara\u00eet uniquement dans les architectures \u00e0 trois niveaux (", "correlation_id": "01KTYNHAJTSNVP5ZD7657SSK5K", "level": "info", "timestamp": "2026-06-12T19:39:46.500923Z"}
Authentication error: Langfuse client initialized without public_key. Client will be disabled. Provide a public_key parameter or set LANGFUSE_PUBLIC_KEY environment variable. 
{"prompt_tag": "verify_grounding@v2", "schema": "VerificationResult", "tokens": 1311, "event": "model_call.done", "query_preview": "Quel segment r\u00e9seau appara\u00eet uniquement dans les architectures \u00e0 trois niveaux (", "correlation_id": "01KTYNHAJTSNVP5ZD7657SSK5K", "level": "info", "timestamp": "2026-06-12T19:39:46.908048Z"}
{"node": "assess_relevance", "event": "start", "query_preview": "Quel segment r\u00e9seau appara\u00eet uniquement dans les architectures \u00e0 trois niveaux (", "correlation_id": "01KTYNHAJTSNVP5ZD7657SSK5K", "level": "info", "timestamp": "2026-06-12T19:39:46.909299Z"}
{"prompt_tag": "assess_relevance@v3", "schema": "RelevanceAssessment", "model": "cyankiwi/Qwen3.5-4B-AWQ-4bit", "max_tokens": 1024, "temperature": 0.1, "top_p": 0.8, "presence_penalty": 1.0, "seed": 42, "message_count": 1, "event": "model_call.start", "query_preview": "Quel segment r\u00e9seau appara\u00eet uniquement dans les architectures \u00e0 trois niveaux (", "correlation_id": "01KTYNHAJTSNVP5ZD7657SSK5K", "level": "info", "timestamp": "2026-06-12T19:39:46.910366Z"}
Authentication error: Langfuse client initialized without public_key. Client will be disabled. Provide a public_key parameter or set LANGFUSE_PUBLIC_KEY environment variable. 
{"prompt_tag": "assess_relevance@v3", "schema": "RelevanceAssessment", "tokens": 877, "event": "model_call.done", "query_preview": "Quel segment r\u00e9seau appara\u00eet uniquement dans les architectures \u00e0 trois niveaux (", "correlation_id": "01KTYNHAJTSNVP5ZD7657SSK5K", "level": "info", "timestamp": "2026-06-12T19:39:47.314927Z"}
{"node": "assess_relevance", "responsive": true, "event": "relevance", "query_preview": "Quel segment r\u00e9seau appara\u00eet uniquement dans les architectures \u00e0 trois niveaux (", "correlation_id": "01KTYNHAJTSNVP5ZD7657SSK5K", "level": "info", "timestamp": "2026-06-12T19:39:47.314978Z"}
{"node": "compose", "event": "start", "query_preview": "Quel segment r\u00e9seau appara\u00eet uniquement dans les architectures \u00e0 trois niveaux (", "correlation_id": "01KTYNHAJTSNVP5ZD7657SSK5K", "level": "info", "timestamp": "2026-06-12T19:39:47.316037Z"}
Authentication error: Langfuse client initialized without public_key. Client will be disabled. Provide a public_key parameter or set LANGFUSE_PUBLIC_KEY environment variable. 
{"node": "retrieve", "query_len": 73, "event": "start", "query_preview": "Quel logiciel de d\u00e9tection d'intrusion (IDS) est pr\u00e9sent\u00e9 dans le cours ?", "correlation_id": "01KTYNJ07M3YR6X23MH091PSNC", "level": "info", "timestamp": "2026-06-12T19:39:47.317484Z"}
{"query_len": 73, "k": 50, "event": "hybrid.start", "query_preview": "Quel logiciel de d\u00e9tection d'intrusion (IDS) est pr\u00e9sent\u00e9 dans le cours ?", "correlation_id": "01KTYNJ07M3YR6X23MH091PSNC", "level": "info", "timestamp": "2026-06-12T19:39:47.317520Z"}
{"query_len": 73, "k": 50, "dense": 50, "bm25": 0, "fused": 50, "term": false, "event": "hybrid.done", "query_preview": "Quel logiciel de d\u00e9tection d'intrusion (IDS) est pr\u00e9sent\u00e9 dans le cours ?", "correlation_id": "01KTYNJ07M3YR6X23MH091PSNC", "level": "info", "timestamp": "2026-06-12T19:39:47.396438Z"}
{"node": "retrieve", "candidate_count": 50, "event": "done", "query_preview": "Quel logiciel de d\u00e9tection d'intrusion (IDS) est pr\u00e9sent\u00e9 dans le cours ?", "correlation_id": "01KTYNJ07M3YR6X23MH091PSNC", "level": "info", "timestamp": "2026-06-12T19:39:47.397414Z"}
{"node": "expand_graph", "reason": "disabled_or_empty", "event": "skip", "query_preview": "Quel logiciel de d\u00e9tection d'intrusion (IDS) est pr\u00e9sent\u00e9 dans le cours ?", "correlation_id": "01KTYNJ07M3YR6X23MH091PSNC", "level": "info", "timestamp": "2026-06-12T19:39:47.398714Z"}
{"node": "rerank", "candidate_count": 50, "event": "start", "query_preview": "Quel logiciel de d\u00e9tection d'intrusion (IDS) est pr\u00e9sent\u00e9 dans le cours ?", "correlation_id": "01KTYNJ07M3YR6X23MH091PSNC", "level": "info", "timestamp": "2026-06-12T19:39:47.399185Z"}
{"node": "rerank", "top_k": 5, "source": "mode", "event": "top_k_resolved", "query_preview": "Quel logiciel de d\u00e9tection d'intrusion (IDS) est pr\u00e9sent\u00e9 dans le cours ?", "correlation_id": "01KTYNJ07M3YR6X23MH091PSNC", "level": "info", "timestamp": "2026-06-12T19:39:47.399234Z"}
{"candidates": 50, "top_k": 5, "backend": "cross_encoder", "event": "rerank.start", "query_preview": "Quel logiciel de d\u00e9tection d'intrusion (IDS) est pr\u00e9sent\u00e9 dans le cours ?", "correlation_id": "01KTYNJ07M3YR6X23MH091PSNC", "level": "info", "timestamp": "2026-06-12T19:39:47.399258Z"}
{"candidates": 50, "top_k": 5, "backend": "cross_encoder", "returned": 5, "event": "rerank.done", "query_preview": "Quel logiciel de d\u00e9tection d'intrusion (IDS) est pr\u00e9sent\u00e9 dans le cours ?", "correlation_id": "01KTYNJ07M3YR6X23MH091PSNC", "level": "info", "timestamp": "2026-06-12T19:40:09.531941Z"}
{"node": "rerank", "reranked_count": 5, "event": "done", "query_preview": "Quel logiciel de d\u00e9tection d'intrusion (IDS) est pr\u00e9sent\u00e9 dans le cours ?", "correlation_id": "01KTYNJ07M3YR6X23MH091PSNC", "level": "info", "timestamp": "2026-06-12T19:40:09.532049Z"}
{"node": "query_tables", "reason": "empty_or_not_table_shaped", "event": "skip", "query_preview": "Quel logiciel de d\u00e9tection d'intrusion (IDS) est pr\u00e9sent\u00e9 dans le cours ?", "correlation_id": "01KTYNJ07M3YR6X23MH091PSNC", "level": "info", "timestamp": "2026-06-12T19:40:09.534427Z"}
{"node": "assess", "reranked_count": 5, "event": "start", "query_preview": "Quel logiciel de d\u00e9tection d'intrusion (IDS) est pr\u00e9sent\u00e9 dans le cours ?", "correlation_id": "01KTYNJ07M3YR6X23MH091PSNC", "level": "info", "timestamp": "2026-06-12T19:40:09.535332Z"}
{"prompt_tag": "assess_sufficiency@v4", "schema": "SufficiencyAssessment", "model": "cyankiwi/Qwen3.5-4B-AWQ-4bit", "max_tokens": 1024, "temperature": 0.1, "top_p": 0.8, "presence_penalty": 1.0, "seed": 42, "message_count": 1, "event": "model_call.start", "query_preview": "Quel logiciel de d\u00e9tection d'intrusion (IDS) est pr\u00e9sent\u00e9 dans le cours ?", "correlation_id": "01KTYNJ07M3YR6X23MH091PSNC", "level": "info", "timestamp": "2026-06-12T19:40:09.537436Z"}
Authentication error: Langfuse client initialized without public_key. Client will be disabled. Provide a public_key parameter or set LANGFUSE_PUBLIC_KEY environment variable. 
{"prompt_tag": "assess_sufficiency@v4", "schema": "SufficiencyAssessment", "tokens": 2863, "event": "model_call.done", "query_preview": "Quel logiciel de d\u00e9tection d'intrusion (IDS) est pr\u00e9sent\u00e9 dans le cours ?", "correlation_id": "01KTYNJ07M3YR6X23MH091PSNC", "level": "info", "timestamp": "2026-06-12T19:40:10.444755Z"}
{"node": "answer", "regenerate_attempt": 0, "event": "start", "query_preview": "Quel logiciel de d\u00e9tection d'intrusion (IDS) est pr\u00e9sent\u00e9 dans le cours ?", "correlation_id": "01KTYNJ07M3YR6X23MH091PSNC", "level": "info", "timestamp": "2026-06-12T19:40:10.446176Z"}
{"prompt_tag": "answer@v5", "schema": "DraftAnswer", "model": "cyankiwi/Qwen3.5-4B-AWQ-4bit", "max_tokens": 1800, "temperature": 0.1, "top_p": 0.8, "presence_penalty": 1.0, "seed": 42, "message_count": 2, "event": "model_call.start", "query_preview": "Quel logiciel de d\u00e9tection d'intrusion (IDS) est pr\u00e9sent\u00e9 dans le cours ?", "correlation_id": "01KTYNJ07M3YR6X23MH091PSNC", "level": "info", "timestamp": "2026-06-12T19:40:10.448874Z"}
Authentication error: Langfuse client initialized without public_key. Client will be disabled. Provide a public_key parameter or set LANGFUSE_PUBLIC_KEY environment variable. 
{"prompt_tag": "answer@v5", "schema": "DraftAnswer", "tokens": 4594, "event": "model_call.done", "query_preview": "Quel logiciel de d\u00e9tection d'intrusion (IDS) est pr\u00e9sent\u00e9 dans le cours ?", "correlation_id": "01KTYNJ07M3YR6X23MH091PSNC", "level": "info", "timestamp": "2026-06-12T19:40:12.865329Z"}
{"node": "answer", "exact": 0, "suffix": 0, "fuzzy": 1, "unresolved": 0, "event": "chunk_id_repair", "query_preview": "Quel logiciel de d\u00e9tection d'intrusion (IDS) est pr\u00e9sent\u00e9 dans le cours ?", "correlation_id": "01KTYNJ07M3YR6X23MH091PSNC", "level": "info", "timestamp": "2026-06-12T19:40:12.865449Z"}
{"node": "verify", "claim_count": 1, "event": "start", "query_preview": "Quel logiciel de d\u00e9tection d'intrusion (IDS) est pr\u00e9sent\u00e9 dans le cours ?", "correlation_id": "01KTYNJ07M3YR6X23MH091PSNC", "level": "info", "timestamp": "2026-06-12T19:40:12.866375Z"}
{"prompt_tag": "verify_grounding@v2", "schema": "VerificationResult", "model": "cyankiwi/Qwen3.5-4B-AWQ-4bit", "max_tokens": 1024, "temperature": 0.1, "top_p": 0.8, "presence_penalty": 1.0, "seed": 42, "message_count": 1, "event": "model_call.start", "query_preview": "Quel logiciel de d\u00e9tection d'intrusion (IDS) est pr\u00e9sent\u00e9 dans le cours ?", "correlation_id": "01KTYNJ07M3YR6X23MH091PSNC", "level": "info", "timestamp": "2026-06-12T19:40:12.870070Z"}
Authentication error: Langfuse client initialized without public_key. Client will be disabled. Provide a public_key parameter or set LANGFUSE_PUBLIC_KEY environment variable. 
{"prompt_tag": "verify_grounding@v2", "schema": "VerificationResult", "tokens": 2363, "event": "model_call.done", "query_preview": "Quel logiciel de d\u00e9tection d'intrusion (IDS) est pr\u00e9sent\u00e9 dans le cours ?", "correlation_id": "01KTYNJ07M3YR6X23MH091PSNC", "level": "info", "timestamp": "2026-06-12T19:40:13.421169Z"}
{"node": "assess_relevance", "event": "start", "query_preview": "Quel logiciel de d\u00e9tection d'intrusion (IDS) est pr\u00e9sent\u00e9 dans le cours ?", "correlation_id": "01KTYNJ07M3YR6X23MH091PSNC", "level": "info", "timestamp": "2026-06-12T19:40:13.424256Z"}
{"prompt_tag": "assess_relevance@v3", "schema": "RelevanceAssessment", "model": "cyankiwi/Qwen3.5-4B-AWQ-4bit", "max_tokens": 1024, "temperature": 0.1, "top_p": 0.8, "presence_penalty": 1.0, "seed": 42, "message_count": 1, "event": "model_call.start", "query_preview": "Quel logiciel de d\u00e9tection d'intrusion (IDS) est pr\u00e9sent\u00e9 dans le cours ?", "correlation_id": "01KTYNJ07M3YR6X23MH091PSNC", "level": "info", "timestamp": "2026-06-12T19:40:13.425254Z"}
Authentication error: Langfuse client initialized without public_key. Client will be disabled. Provide a public_key parameter or set LANGFUSE_PUBLIC_KEY environment variable. 
{"prompt_tag": "assess_relevance@v3", "schema": "RelevanceAssessment", "tokens": 928, "event": "model_call.done", "query_preview": "Quel logiciel de d\u00e9tection d'intrusion (IDS) est pr\u00e9sent\u00e9 dans le cours ?", "correlation_id": "01KTYNJ07M3YR6X23MH091PSNC", "level": "info", "timestamp": "2026-06-12T19:40:13.785434Z"}
{"node": "assess_relevance", "responsive": true, "event": "relevance", "query_preview": "Quel logiciel de d\u00e9tection d'intrusion (IDS) est pr\u00e9sent\u00e9 dans le cours ?", "correlation_id": "01KTYNJ07M3YR6X23MH091PSNC", "level": "info", "timestamp": "2026-06-12T19:40:13.785487Z"}
{"node": "compose", "event": "start", "query_preview": "Quel logiciel de d\u00e9tection d'intrusion (IDS) est pr\u00e9sent\u00e9 dans le cours ?", "correlation_id": "01KTYNJ07M3YR6X23MH091PSNC", "level": "info", "timestamp": "2026-06-12T19:40:13.786542Z"}
Authentication error: Langfuse client initialized without public_key. Client will be disabled. Provide a public_key parameter or set LANGFUSE_PUBLIC_KEY environment variable. 
{"node": "retrieve", "query_len": 70, "event": "start", "query_preview": "Quels paquets sont install\u00e9s dans la configuration pfSense pr\u00e9sent\u00e9e ?", "correlation_id": "01KTYNJT2VA4KBS68CBZYZA1WF", "level": "info", "timestamp": "2026-06-12T19:40:13.787988Z"}
{"query_len": 70, "k": 50, "event": "hybrid.start", "query_preview": "Quels paquets sont install\u00e9s dans la configuration pfSense pr\u00e9sent\u00e9e ?", "correlation_id": "01KTYNJT2VA4KBS68CBZYZA1WF", "level": "info", "timestamp": "2026-06-12T19:40:13.788023Z"}
{"query_len": 70, "k": 50, "dense": 50, "bm25": 50, "fused": 50, "term": true, "event": "hybrid.done", "query_preview": "Quels paquets sont install\u00e9s dans la configuration pfSense pr\u00e9sent\u00e9e ?", "correlation_id": "01KTYNJT2VA4KBS68CBZYZA1WF", "level": "info", "timestamp": "2026-06-12T19:40:13.876643Z"}
{"node": "retrieve", "candidate_count": 50, "event": "done", "query_preview": "Quels paquets sont install\u00e9s dans la configuration pfSense pr\u00e9sent\u00e9e ?", "correlation_id": "01KTYNJT2VA4KBS68CBZYZA1WF", "level": "info", "timestamp": "2026-06-12T19:40:13.877592Z"}
{"node": "expand_graph", "reason": "disabled_or_empty", "event": "skip", "query_preview": "Quels paquets sont install\u00e9s dans la configuration pfSense pr\u00e9sent\u00e9e ?", "correlation_id": "01KTYNJT2VA4KBS68CBZYZA1WF", "level": "info", "timestamp": "2026-06-12T19:40:13.878964Z"}
{"node": "rerank", "candidate_count": 50, "event": "start", "query_preview": "Quels paquets sont install\u00e9s dans la configuration pfSense pr\u00e9sent\u00e9e ?", "correlation_id": "01KTYNJT2VA4KBS68CBZYZA1WF", "level": "info", "timestamp": "2026-06-12T19:40:13.879432Z"}
{"node": "rerank", "top_k": 5, "source": "mode", "event": "top_k_resolved", "query_preview": "Quels paquets sont install\u00e9s dans la configuration pfSense pr\u00e9sent\u00e9e ?", "correlation_id": "01KTYNJT2VA4KBS68CBZYZA1WF", "level": "info", "timestamp": "2026-06-12T19:40:13.879481Z"}
{"candidates": 50, "top_k": 5, "backend": "cross_encoder", "event": "rerank.start", "query_preview": "Quels paquets sont install\u00e9s dans la configuration pfSense pr\u00e9sent\u00e9e ?", "correlation_id": "01KTYNJT2VA4KBS68CBZYZA1WF", "level": "info", "timestamp": "2026-06-12T19:40:13.879509Z"}
{"candidates": 50, "top_k": 5, "backend": "cross_encoder", "returned": 5, "event": "rerank.done", "query_preview": "Quels paquets sont install\u00e9s dans la configuration pfSense pr\u00e9sent\u00e9e ?", "correlation_id": "01KTYNJT2VA4KBS68CBZYZA1WF", "level": "info", "timestamp": "2026-06-12T19:40:30.151251Z"}
{"node": "rerank", "reranked_count": 5, "event": "done", "query_preview": "Quels paquets sont install\u00e9s dans la configuration pfSense pr\u00e9sent\u00e9e ?", "correlation_id": "01KTYNJT2VA4KBS68CBZYZA1WF", "level": "info", "timestamp": "2026-06-12T19:40:30.151351Z"}
{"node": "query_tables", "reason": "empty_or_not_table_shaped", "event": "skip", "query_preview": "Quels paquets sont install\u00e9s dans la configuration pfSense pr\u00e9sent\u00e9e ?", "correlation_id": "01KTYNJT2VA4KBS68CBZYZA1WF", "level": "info", "timestamp": "2026-06-12T19:40:30.153297Z"}
{"node": "assess", "reranked_count": 5, "event": "start", "query_preview": "Quels paquets sont install\u00e9s dans la configuration pfSense pr\u00e9sent\u00e9e ?", "correlation_id": "01KTYNJT2VA4KBS68CBZYZA1WF", "level": "info", "timestamp": "2026-06-12T19:40:30.154056Z"}
{"prompt_tag": "assess_sufficiency@v4", "schema": "SufficiencyAssessment", "model": "cyankiwi/Qwen3.5-4B-AWQ-4bit", "max_tokens": 1024, "temperature": 0.1, "top_p": 0.8, "presence_penalty": 1.0, "seed": 42, "message_count": 1, "event": "model_call.start", "query_preview": "Quels paquets sont install\u00e9s dans la configuration pfSense pr\u00e9sent\u00e9e ?", "correlation_id": "01KTYNJT2VA4KBS68CBZYZA1WF", "level": "info", "timestamp": "2026-06-12T19:40:30.155974Z"}
Authentication error: Langfuse client initialized without public_key. Client will be disabled. Provide a public_key parameter or set LANGFUSE_PUBLIC_KEY environment variable. 
{"prompt_tag": "assess_sufficiency@v4", "schema": "SufficiencyAssessment", "tokens": 2475, "event": "model_call.done", "query_preview": "Quels paquets sont install\u00e9s dans la configuration pfSense pr\u00e9sent\u00e9e ?", "correlation_id": "01KTYNJT2VA4KBS68CBZYZA1WF", "level": "info", "timestamp": "2026-06-12T19:40:30.975036Z"}
{"node": "answer", "regenerate_attempt": 0, "event": "start", "query_preview": "Quels paquets sont install\u00e9s dans la configuration pfSense pr\u00e9sent\u00e9e ?", "correlation_id": "01KTYNJT2VA4KBS68CBZYZA1WF", "level": "info", "timestamp": "2026-06-12T19:40:30.976142Z"}
{"prompt_tag": "answer@v5", "schema": "DraftAnswer", "model": "cyankiwi/Qwen3.5-4B-AWQ-4bit", "max_tokens": 1800, "temperature": 0.1, "top_p": 0.8, "presence_penalty": 1.0, "seed": 42, "message_count": 2, "event": "model_call.start", "query_preview": "Quels paquets sont install\u00e9s dans la configuration pfSense pr\u00e9sent\u00e9e ?", "correlation_id": "01KTYNJT2VA4KBS68CBZYZA1WF", "level": "info", "timestamp": "2026-06-12T19:40:30.978148Z"}
Authentication error: Langfuse client initialized without public_key. Client will be disabled. Provide a public_key parameter or set LANGFUSE_PUBLIC_KEY environment variable. 
{"prompt_tag": "answer@v5", "schema": "DraftAnswer", "tokens": 4405, "event": "model_call.done", "query_preview": "Quels paquets sont install\u00e9s dans la configuration pfSense pr\u00e9sent\u00e9e ?", "correlation_id": "01KTYNJT2VA4KBS68CBZYZA1WF", "level": "info", "timestamp": "2026-06-12T19:40:35.114442Z"}
{"node": "answer", "exact": 0, "suffix": 0, "fuzzy": 0, "unresolved": 4, "event": "chunk_id_repair", "query_preview": "Quels paquets sont install\u00e9s dans la configuration pfSense pr\u00e9sent\u00e9e ?", "correlation_id": "01KTYNJT2VA4KBS68CBZYZA1WF", "level": "info", "timestamp": "2026-06-12T19:40:35.114752Z"}
{"node": "verify", "claim_count": 4, "event": "start", "query_preview": "Quels paquets sont install\u00e9s dans la configuration pfSense pr\u00e9sent\u00e9e ?", "correlation_id": "01KTYNJT2VA4KBS68CBZYZA1WF", "level": "info", "timestamp": "2026-06-12T19:40:35.115507Z"}
{"prompt_tag": "verify_grounding@v2", "schema": "VerificationResult", "model": "cyankiwi/Qwen3.5-4B-AWQ-4bit", "max_tokens": 1024, "temperature": 0.1, "top_p": 0.8, "presence_penalty": 1.0, "seed": 42, "message_count": 1, "event": "model_call.start", "query_preview": "Quels paquets sont install\u00e9s dans la configuration pfSense pr\u00e9sent\u00e9e ?", "correlation_id": "01KTYNJT2VA4KBS68CBZYZA1WF", "level": "info", "timestamp": "2026-06-12T19:40:35.118529Z"}
Authentication error: Langfuse client initialized without public_key. Client will be disabled. Provide a public_key parameter or set LANGFUSE_PUBLIC_KEY environment variable. 
{"prompt_tag": "verify_grounding@v2", "schema": "VerificationResult", "tokens": 2650, "event": "model_call.done", "query_preview": "Quels paquets sont install\u00e9s dans la configuration pfSense pr\u00e9sent\u00e9e ?", "correlation_id": "01KTYNJT2VA4KBS68CBZYZA1WF", "level": "info", "timestamp": "2026-06-12T19:40:35.785129Z"}
{"node": "assess_relevance", "event": "start", "query_preview": "Quels paquets sont install\u00e9s dans la configuration pfSense pr\u00e9sent\u00e9e ?", "correlation_id": "01KTYNJT2VA4KBS68CBZYZA1WF", "level": "info", "timestamp": "2026-06-12T19:40:35.786246Z"}
{"prompt_tag": "assess_relevance@v3", "schema": "RelevanceAssessment", "model": "cyankiwi/Qwen3.5-4B-AWQ-4bit", "max_tokens": 1024, "temperature": 0.1, "top_p": 0.8, "presence_penalty": 1.0, "seed": 42, "message_count": 1, "event": "model_call.start", "query_preview": "Quels paquets sont install\u00e9s dans la configuration pfSense pr\u00e9sent\u00e9e ?", "correlation_id": "01KTYNJT2VA4KBS68CBZYZA1WF", "level": "info", "timestamp": "2026-06-12T19:40:35.787265Z"}
Authentication error: Langfuse client initialized without public_key. Client will be disabled. Provide a public_key parameter or set LANGFUSE_PUBLIC_KEY environment variable. 
{"prompt_tag": "assess_relevance@v3", "schema": "RelevanceAssessment", "tokens": 917, "event": "model_call.done", "query_preview": "Quels paquets sont install\u00e9s dans la configuration pfSense pr\u00e9sent\u00e9e ?", "correlation_id": "01KTYNJT2VA4KBS68CBZYZA1WF", "level": "info", "timestamp": "2026-06-12T19:40:36.136988Z"}
{"node": "assess_relevance", "responsive": true, "event": "relevance", "query_preview": "Quels paquets sont install\u00e9s dans la configuration pfSense pr\u00e9sent\u00e9e ?", "correlation_id": "01KTYNJT2VA4KBS68CBZYZA1WF", "level": "info", "timestamp": "2026-06-12T19:40:36.137037Z"}
{"node": "compose", "event": "start", "query_preview": "Quels paquets sont install\u00e9s dans la configuration pfSense pr\u00e9sent\u00e9e ?", "correlation_id": "01KTYNJT2VA4KBS68CBZYZA1WF", "level": "info", "timestamp": "2026-06-12T19:40:36.138085Z"}
Authentication error: Langfuse client initialized without public_key. Client will be disabled. Provide a public_key parameter or set LANGFUSE_PUBLIC_KEY environment variable. 
{"node": "retrieve", "query_len": 52, "event": "start", "query_preview": "Dans quelle cat\u00e9gorie le paquet nmap est-il class\u00e9 ?", "correlation_id": "01KTYNKFXAJNJQ52EEQETZWSBA", "level": "info", "timestamp": "2026-06-12T19:40:36.139801Z"}
{"query_len": 52, "k": 50, "event": "hybrid.start", "query_preview": "Dans quelle cat\u00e9gorie le paquet nmap est-il class\u00e9 ?", "correlation_id": "01KTYNKFXAJNJQ52EEQETZWSBA", "level": "info", "timestamp": "2026-06-12T19:40:36.139836Z"}
{"query_len": 52, "k": 50, "dense": 50, "bm25": 0, "fused": 50, "term": false, "event": "hybrid.done", "query_preview": "Dans quelle cat\u00e9gorie le paquet nmap est-il class\u00e9 ?", "correlation_id": "01KTYNKFXAJNJQ52EEQETZWSBA", "level": "info", "timestamp": "2026-06-12T19:40:36.210942Z"}
{"node": "retrieve", "candidate_count": 50, "event": "done", "query_preview": "Dans quelle cat\u00e9gorie le paquet nmap est-il class\u00e9 ?", "correlation_id": "01KTYNKFXAJNJQ52EEQETZWSBA", "level": "info", "timestamp": "2026-06-12T19:40:36.211862Z"}
{"node": "expand_graph", "reason": "disabled_or_empty", "event": "skip", "query_preview": "Dans quelle cat\u00e9gorie le paquet nmap est-il class\u00e9 ?", "correlation_id": "01KTYNKFXAJNJQ52EEQETZWSBA", "level": "info", "timestamp": "2026-06-12T19:40:36.213318Z"}
{"node": "rerank", "candidate_count": 50, "event": "start", "query_preview": "Dans quelle cat\u00e9gorie le paquet nmap est-il class\u00e9 ?", "correlation_id": "01KTYNKFXAJNJQ52EEQETZWSBA", "level": "info", "timestamp": "2026-06-12T19:40:36.213802Z"}
{"node": "rerank", "top_k": 5, "source": "mode", "event": "top_k_resolved", "query_preview": "Dans quelle cat\u00e9gorie le paquet nmap est-il class\u00e9 ?", "correlation_id": "01KTYNKFXAJNJQ52EEQETZWSBA", "level": "info", "timestamp": "2026-06-12T19:40:36.213848Z"}
{"candidates": 50, "top_k": 5, "backend": "cross_encoder", "event": "rerank.start", "query_preview": "Dans quelle cat\u00e9gorie le paquet nmap est-il class\u00e9 ?", "correlation_id": "01KTYNKFXAJNJQ52EEQETZWSBA", "level": "info", "timestamp": "2026-06-12T19:40:36.213874Z"}
{"candidates": 50, "top_k": 5, "backend": "cross_encoder", "returned": 5, "event": "rerank.done", "query_preview": "Dans quelle cat\u00e9gorie le paquet nmap est-il class\u00e9 ?", "correlation_id": "01KTYNKFXAJNJQ52EEQETZWSBA", "level": "info", "timestamp": "2026-06-12T19:40:56.929099Z"}
{"node": "rerank", "reranked_count": 5, "event": "done", "query_preview": "Dans quelle cat\u00e9gorie le paquet nmap est-il class\u00e9 ?", "correlation_id": "01KTYNKFXAJNJQ52EEQETZWSBA", "level": "info", "timestamp": "2026-06-12T19:40:56.929193Z"}
{"node": "query_tables", "reason": "empty_or_not_table_shaped", "event": "skip", "query_preview": "Dans quelle cat\u00e9gorie le paquet nmap est-il class\u00e9 ?", "correlation_id": "01KTYNKFXAJNJQ52EEQETZWSBA", "level": "info", "timestamp": "2026-06-12T19:40:56.931223Z"}
{"node": "assess", "reranked_count": 5, "event": "start", "query_preview": "Dans quelle cat\u00e9gorie le paquet nmap est-il class\u00e9 ?", "correlation_id": "01KTYNKFXAJNJQ52EEQETZWSBA", "level": "info", "timestamp": "2026-06-12T19:40:56.931944Z"}
{"prompt_tag": "assess_sufficiency@v4", "schema": "SufficiencyAssessment", "model": "cyankiwi/Qwen3.5-4B-AWQ-4bit", "max_tokens": 1024, "temperature": 0.1, "top_p": 0.8, "presence_penalty": 1.0, "seed": 42, "message_count": 1, "event": "model_call.start", "query_preview": "Dans quelle cat\u00e9gorie le paquet nmap est-il class\u00e9 ?", "correlation_id": "01KTYNKFXAJNJQ52EEQETZWSBA", "level": "info", "timestamp": "2026-06-12T19:40:56.933849Z"}
Authentication error: Langfuse client initialized without public_key. Client will be disabled. Provide a public_key parameter or set LANGFUSE_PUBLIC_KEY environment variable. 
{"prompt_tag": "assess_sufficiency@v4", "schema": "SufficiencyAssessment", "tokens": 1888, "event": "model_call.done", "query_preview": "Dans quelle cat\u00e9gorie le paquet nmap est-il class\u00e9 ?", "correlation_id": "01KTYNKFXAJNJQ52EEQETZWSBA", "level": "info", "timestamp": "2026-06-12T19:40:57.591596Z"}
{"node": "answer", "regenerate_attempt": 0, "event": "start", "query_preview": "Dans quelle cat\u00e9gorie le paquet nmap est-il class\u00e9 ?", "correlation_id": "01KTYNKFXAJNJQ52EEQETZWSBA", "level": "info", "timestamp": "2026-06-12T19:40:57.592875Z"}
{"prompt_tag": "answer@v5", "schema": "DraftAnswer", "model": "cyankiwi/Qwen3.5-4B-AWQ-4bit", "max_tokens": 1800, "temperature": 0.1, "top_p": 0.8, "presence_penalty": 1.0, "seed": 42, "message_count": 2, "event": "model_call.start", "query_preview": "Dans quelle cat\u00e9gorie le paquet nmap est-il class\u00e9 ?", "correlation_id": "01KTYNKFXAJNJQ52EEQETZWSBA", "level": "info", "timestamp": "2026-06-12T19:40:57.595041Z"}
Authentication error: Langfuse client initialized without public_key. Client will be disabled. Provide a public_key parameter or set LANGFUSE_PUBLIC_KEY environment variable. 
{"prompt_tag": "answer@v5", "schema": "DraftAnswer", "tokens": 3535, "event": "model_call.done", "query_preview": "Dans quelle cat\u00e9gorie le paquet nmap est-il class\u00e9 ?", "correlation_id": "01KTYNKFXAJNJQ52EEQETZWSBA", "level": "info", "timestamp": "2026-06-12T19:40:58.997898Z"}
{"node": "answer", "exact": 0, "suffix": 0, "fuzzy": 0, "unresolved": 1, "event": "chunk_id_repair", "query_preview": "Dans quelle cat\u00e9gorie le paquet nmap est-il class\u00e9 ?", "correlation_id": "01KTYNKFXAJNJQ52EEQETZWSBA", "level": "info", "timestamp": "2026-06-12T19:40:58.998082Z"}
{"node": "verify", "claim_count": 1, "event": "start", "query_preview": "Dans quelle cat\u00e9gorie le paquet nmap est-il class\u00e9 ?", "correlation_id": "01KTYNKFXAJNJQ52EEQETZWSBA", "level": "info", "timestamp": "2026-06-12T19:40:58.998966Z"}
{"prompt_tag": "verify_grounding@v2", "schema": "VerificationResult", "model": "cyankiwi/Qwen3.5-4B-AWQ-4bit", "max_tokens": 1024, "temperature": 0.1, "top_p": 0.8, "presence_penalty": 1.0, "seed": 42, "message_count": 1, "event": "model_call.start", "query_preview": "Dans quelle cat\u00e9gorie le paquet nmap est-il class\u00e9 ?", "correlation_id": "01KTYNKFXAJNJQ52EEQETZWSBA", "level": "info", "timestamp": "2026-06-12T19:40:59.002209Z"}
Authentication error: Langfuse client initialized without public_key. Client will be disabled. Provide a public_key parameter or set LANGFUSE_PUBLIC_KEY environment variable. 
{"prompt_tag": "verify_grounding@v2", "schema": "VerificationResult", "tokens": 1829, "event": "model_call.done", "query_preview": "Dans quelle cat\u00e9gorie le paquet nmap est-il class\u00e9 ?", "correlation_id": "01KTYNKFXAJNJQ52EEQETZWSBA", "level": "info", "timestamp": "2026-06-12T19:40:59.462134Z"}
{"node": "assess_relevance", "event": "start", "query_preview": "Dans quelle cat\u00e9gorie le paquet nmap est-il class\u00e9 ?", "correlation_id": "01KTYNKFXAJNJQ52EEQETZWSBA", "level": "info", "timestamp": "2026-06-12T19:40:59.463253Z"}
{"prompt_tag": "assess_relevance@v3", "schema": "RelevanceAssessment", "model": "cyankiwi/Qwen3.5-4B-AWQ-4bit", "max_tokens": 1024, "temperature": 0.1, "top_p": 0.8, "presence_penalty": 1.0, "seed": 42, "message_count": 1, "event": "model_call.start", "query_preview": "Dans quelle cat\u00e9gorie le paquet nmap est-il class\u00e9 ?", "correlation_id": "01KTYNKFXAJNJQ52EEQETZWSBA", "level": "info", "timestamp": "2026-06-12T19:40:59.464232Z"}
Authentication error: Langfuse client initialized without public_key. Client will be disabled. Provide a public_key parameter or set LANGFUSE_PUBLIC_KEY environment variable. 
{"prompt_tag": "assess_relevance@v3", "schema": "RelevanceAssessment", "tokens": 829, "event": "model_call.done", "query_preview": "Dans quelle cat\u00e9gorie le paquet nmap est-il class\u00e9 ?", "correlation_id": "01KTYNKFXAJNJQ52EEQETZWSBA", "level": "info", "timestamp": "2026-06-12T19:40:59.844858Z"}
{"node": "assess_relevance", "responsive": true, "event": "relevance", "query_preview": "Dans quelle cat\u00e9gorie le paquet nmap est-il class\u00e9 ?", "correlation_id": "01KTYNKFXAJNJQ52EEQETZWSBA", "level": "info", "timestamp": "2026-06-12T19:40:59.844924Z"}
{"node": "compose", "event": "start", "query_preview": "Dans quelle cat\u00e9gorie le paquet nmap est-il class\u00e9 ?", "correlation_id": "01KTYNKFXAJNJQ52EEQETZWSBA", "level": "info", "timestamp": "2026-06-12T19:40:59.846120Z"}
Authentication error: Langfuse client initialized without public_key. Client will be disabled. Provide a public_key parameter or set LANGFUSE_PUBLIC_KEY environment variable. 
{"node": "retrieve", "query_len": 86, "event": "start", "query_preview": "Dans quelle cat\u00e9gorie le paquet bandwidthd est-il class\u00e9 d'apr\u00e8s l'interface pfS", "correlation_id": "01KTYNM7265BDTMT3YJP6Q35JG", "level": "info", "timestamp": "2026-06-12T19:40:59.847558Z"}
{"query_len": 86, "k": 50, "event": "hybrid.start", "query_preview": "Dans quelle cat\u00e9gorie le paquet bandwidthd est-il class\u00e9 d'apr\u00e8s l'interface pfS", "correlation_id": "01KTYNM7265BDTMT3YJP6Q35JG", "level": "info", "timestamp": "2026-06-12T19:40:59.847592Z"}
{"query_len": 86, "k": 50, "dense": 50, "bm25": 50, "fused": 50, "term": true, "event": "hybrid.done", "query_preview": "Dans quelle cat\u00e9gorie le paquet bandwidthd est-il class\u00e9 d'apr\u00e8s l'interface pfS", "correlation_id": "01KTYNM7265BDTMT3YJP6Q35JG", "level": "info", "timestamp": "2026-06-12T19:40:59.927051Z"}
{"node": "retrieve", "candidate_count": 50, "event": "done", "query_preview": "Dans quelle cat\u00e9gorie le paquet bandwidthd est-il class\u00e9 d'apr\u00e8s l'interface pfS", "correlation_id": "01KTYNM7265BDTMT3YJP6Q35JG", "level": "info", "timestamp": "2026-06-12T19:40:59.927879Z"}
{"node": "expand_graph", "reason": "disabled_or_empty", "event": "skip", "query_preview": "Dans quelle cat\u00e9gorie le paquet bandwidthd est-il class\u00e9 d'apr\u00e8s l'interface pfS", "correlation_id": "01KTYNM7265BDTMT3YJP6Q35JG", "level": "info", "timestamp": "2026-06-12T19:40:59.929134Z"}
{"node": "rerank", "candidate_count": 50, "event": "start", "query_preview": "Dans quelle cat\u00e9gorie le paquet bandwidthd est-il class\u00e9 d'apr\u00e8s l'interface pfS", "correlation_id": "01KTYNM7265BDTMT3YJP6Q35JG", "level": "info", "timestamp": "2026-06-12T19:40:59.929587Z"}
{"node": "rerank", "top_k": 5, "source": "mode", "event": "top_k_resolved", "query_preview": "Dans quelle cat\u00e9gorie le paquet bandwidthd est-il class\u00e9 d'apr\u00e8s l'interface pfS", "correlation_id": "01KTYNM7265BDTMT3YJP6Q35JG", "level": "info", "timestamp": "2026-06-12T19:40:59.929630Z"}
{"candidates": 50, "top_k": 5, "backend": "cross_encoder", "event": "rerank.start", "query_preview": "Dans quelle cat\u00e9gorie le paquet bandwidthd est-il class\u00e9 d'apr\u00e8s l'interface pfS", "correlation_id": "01KTYNM7265BDTMT3YJP6Q35JG", "level": "info", "timestamp": "2026-06-12T19:40:59.929652Z"}
{"candidates": 50, "top_k": 5, "backend": "cross_encoder", "returned": 5, "event": "rerank.done", "query_preview": "Dans quelle cat\u00e9gorie le paquet bandwidthd est-il class\u00e9 d'apr\u00e8s l'interface pfS", "correlation_id": "01KTYNM7265BDTMT3YJP6Q35JG", "level": "info", "timestamp": "2026-06-12T19:41:19.965293Z"}
{"node": "rerank", "reranked_count": 5, "event": "done", "query_preview": "Dans quelle cat\u00e9gorie le paquet bandwidthd est-il class\u00e9 d'apr\u00e8s l'interface pfS", "correlation_id": "01KTYNM7265BDTMT3YJP6Q35JG", "level": "info", "timestamp": "2026-06-12T19:41:19.965391Z"}
{"node": "query_tables", "reason": "empty_or_not_table_shaped", "event": "skip", "query_preview": "Dans quelle cat\u00e9gorie le paquet bandwidthd est-il class\u00e9 d'apr\u00e8s l'interface pfS", "correlation_id": "01KTYNM7265BDTMT3YJP6Q35JG", "level": "info", "timestamp": "2026-06-12T19:41:19.967188Z"}
{"node": "assess", "reranked_count": 5, "event": "start", "query_preview": "Dans quelle cat\u00e9gorie le paquet bandwidthd est-il class\u00e9 d'apr\u00e8s l'interface pfS", "correlation_id": "01KTYNM7265BDTMT3YJP6Q35JG", "level": "info", "timestamp": "2026-06-12T19:41:19.967870Z"}
{"prompt_tag": "assess_sufficiency@v4", "schema": "SufficiencyAssessment", "model": "cyankiwi/Qwen3.5-4B-AWQ-4bit", "max_tokens": 1024, "temperature": 0.1, "top_p": 0.8, "presence_penalty": 1.0, "seed": 42, "message_count": 1, "event": "model_call.start", "query_preview": "Dans quelle cat\u00e9gorie le paquet bandwidthd est-il class\u00e9 d'apr\u00e8s l'interface pfS", "correlation_id": "01KTYNM7265BDTMT3YJP6Q35JG", "level": "info", "timestamp": "2026-06-12T19:41:19.969799Z"}
Authentication error: Langfuse client initialized without public_key. Client will be disabled. Provide a public_key parameter or set LANGFUSE_PUBLIC_KEY environment variable. 
{"prompt_tag": "assess_sufficiency@v4", "schema": "SufficiencyAssessment", "tokens": 2297, "event": "model_call.done", "query_preview": "Dans quelle cat\u00e9gorie le paquet bandwidthd est-il class\u00e9 d'apr\u00e8s l'interface pfS", "correlation_id": "01KTYNM7265BDTMT3YJP6Q35JG", "level": "info", "timestamp": "2026-06-12T19:41:20.738359Z"}
{"node": "answer", "regenerate_attempt": 0, "event": "start", "query_preview": "Dans quelle cat\u00e9gorie le paquet bandwidthd est-il class\u00e9 d'apr\u00e8s l'interface pfS", "correlation_id": "01KTYNM7265BDTMT3YJP6Q35JG", "level": "info", "timestamp": "2026-06-12T19:41:20.739513Z"}
{"prompt_tag": "answer@v5", "schema": "DraftAnswer", "model": "cyankiwi/Qwen3.5-4B-AWQ-4bit", "max_tokens": 1800, "temperature": 0.1, "top_p": 0.8, "presence_penalty": 1.0, "seed": 42, "message_count": 2, "event": "model_call.start", "query_preview": "Dans quelle cat\u00e9gorie le paquet bandwidthd est-il class\u00e9 d'apr\u00e8s l'interface pfS", "correlation_id": "01KTYNM7265BDTMT3YJP6Q35JG", "level": "info", "timestamp": "2026-06-12T19:41:20.741489Z"}
Authentication error: Langfuse client initialized without public_key. Client will be disabled. Provide a public_key parameter or set LANGFUSE_PUBLIC_KEY environment variable. 
{"prompt_tag": "answer@v5", "schema": "DraftAnswer", "tokens": 3935, "event": "model_call.done", "query_preview": "Dans quelle cat\u00e9gorie le paquet bandwidthd est-il class\u00e9 d'apr\u00e8s l'interface pfS", "correlation_id": "01KTYNM7265BDTMT3YJP6Q35JG", "level": "info", "timestamp": "2026-06-12T19:41:22.303102Z"}
{"node": "answer", "exact": 0, "suffix": 0, "fuzzy": 0, "unresolved": 1, "event": "chunk_id_repair", "query_preview": "Dans quelle cat\u00e9gorie le paquet bandwidthd est-il class\u00e9 d'apr\u00e8s l'interface pfS", "correlation_id": "01KTYNM7265BDTMT3YJP6Q35JG", "level": "info", "timestamp": "2026-06-12T19:41:22.303276Z"}
{"node": "verify", "claim_count": 1, "event": "start", "query_preview": "Dans quelle cat\u00e9gorie le paquet bandwidthd est-il class\u00e9 d'apr\u00e8s l'interface pfS", "correlation_id": "01KTYNM7265BDTMT3YJP6Q35JG", "level": "info", "timestamp": "2026-06-12T19:41:22.304241Z"}
{"prompt_tag": "verify_grounding@v2", "schema": "VerificationResult", "model": "cyankiwi/Qwen3.5-4B-AWQ-4bit", "max_tokens": 1024, "temperature": 0.1, "top_p": 0.8, "presence_penalty": 1.0, "seed": 42, "message_count": 1, "event": "model_call.start", "query_preview": "Dans quelle cat\u00e9gorie le paquet bandwidthd est-il class\u00e9 d'apr\u00e8s l'interface pfS", "correlation_id": "01KTYNM7265BDTMT3YJP6Q35JG", "level": "info", "timestamp": "2026-06-12T19:41:22.307351Z"}
Authentication error: Langfuse client initialized without public_key. Client will be disabled. Provide a public_key parameter or set LANGFUSE_PUBLIC_KEY environment variable. 
{"prompt_tag": "verify_grounding@v2", "schema": "VerificationResult", "tokens": 2210, "event": "model_call.done", "query_preview": "Dans quelle cat\u00e9gorie le paquet bandwidthd est-il class\u00e9 d'apr\u00e8s l'interface pfS", "correlation_id": "01KTYNM7265BDTMT3YJP6Q35JG", "level": "info", "timestamp": "2026-06-12T19:41:22.849314Z"}
{"node": "assess_relevance", "event": "start", "query_preview": "Dans quelle cat\u00e9gorie le paquet bandwidthd est-il class\u00e9 d'apr\u00e8s l'interface pfS", "correlation_id": "01KTYNM7265BDTMT3YJP6Q35JG", "level": "info", "timestamp": "2026-06-12T19:41:22.850454Z"}
{"prompt_tag": "assess_relevance@v3", "schema": "RelevanceAssessment", "model": "cyankiwi/Qwen3.5-4B-AWQ-4bit", "max_tokens": 1024, "temperature": 0.1, "top_p": 0.8, "presence_penalty": 1.0, "seed": 42, "message_count": 1, "event": "model_call.start", "query_preview": "Dans quelle cat\u00e9gorie le paquet bandwidthd est-il class\u00e9 d'apr\u00e8s l'interface pfS", "correlation_id": "01KTYNM7265BDTMT3YJP6Q35JG", "level": "info", "timestamp": "2026-06-12T19:41:22.851455Z"}
Authentication error: Langfuse client initialized without public_key. Client will be disabled. Provide a public_key parameter or set LANGFUSE_PUBLIC_KEY environment variable. 
{"prompt_tag": "assess_relevance@v3", "schema": "RelevanceAssessment", "tokens": 848, "event": "model_call.done", "query_preview": "Dans quelle cat\u00e9gorie le paquet bandwidthd est-il class\u00e9 d'apr\u00e8s l'interface pfS", "correlation_id": "01KTYNM7265BDTMT3YJP6Q35JG", "level": "info", "timestamp": "2026-06-12T19:41:23.226906Z"}
{"node": "assess_relevance", "responsive": true, "event": "relevance", "query_preview": "Dans quelle cat\u00e9gorie le paquet bandwidthd est-il class\u00e9 d'apr\u00e8s l'interface pfS", "correlation_id": "01KTYNM7265BDTMT3YJP6Q35JG", "level": "info", "timestamp": "2026-06-12T19:41:23.226957Z"}
{"node": "compose", "event": "start", "query_preview": "Dans quelle cat\u00e9gorie le paquet bandwidthd est-il class\u00e9 d'apr\u00e8s l'interface pfS", "correlation_id": "01KTYNM7265BDTMT3YJP6Q35JG", "level": "info", "timestamp": "2026-06-12T19:41:23.228068Z"}
Authentication error: Langfuse client initialized without public_key. Client will be disabled. Provide a public_key parameter or set LANGFUSE_PUBLIC_KEY environment variable. 
{"node": "retrieve", "query_len": 75, "event": "start", "query_preview": "Quelles sont les trois composantes du processus d'authentification 802.1X ?", "correlation_id": "01KTYNMXWW0029MJZECVV49TYX", "level": "info", "timestamp": "2026-06-12T19:41:23.229530Z"}
{"query_len": 75, "k": 50, "event": "hybrid.start", "query_preview": "Quelles sont les trois composantes du processus d'authentification 802.1X ?", "correlation_id": "01KTYNMXWW0029MJZECVV49TYX", "level": "info", "timestamp": "2026-06-12T19:41:23.229566Z"}
{"query_len": 75, "k": 50, "dense": 50, "bm25": 0, "fused": 50, "term": false, "event": "hybrid.done", "query_preview": "Quelles sont les trois composantes du processus d'authentification 802.1X ?", "correlation_id": "01KTYNMXWW0029MJZECVV49TYX", "level": "info", "timestamp": "2026-06-12T19:41:23.309195Z"}
{"node": "retrieve", "candidate_count": 50, "event": "done", "query_preview": "Quelles sont les trois composantes du processus d'authentification 802.1X ?", "correlation_id": "01KTYNMXWW0029MJZECVV49TYX", "level": "info", "timestamp": "2026-06-12T19:41:23.310495Z"}
{"node": "expand_graph", "reason": "disabled_or_empty", "event": "skip", "query_preview": "Quelles sont les trois composantes du processus d'authentification 802.1X ?", "correlation_id": "01KTYNMXWW0029MJZECVV49TYX", "level": "info", "timestamp": "2026-06-12T19:41:23.312262Z"}
{"node": "rerank", "candidate_count": 50, "event": "start", "query_preview": "Quelles sont les trois composantes du processus d'authentification 802.1X ?", "correlation_id": "01KTYNMXWW0029MJZECVV49TYX", "level": "info", "timestamp": "2026-06-12T19:41:23.312909Z"}
{"node": "rerank", "top_k": 5, "source": "mode", "event": "top_k_resolved", "query_preview": "Quelles sont les trois composantes du processus d'authentification 802.1X ?", "correlation_id": "01KTYNMXWW0029MJZECVV49TYX", "level": "info", "timestamp": "2026-06-12T19:41:23.312976Z"}
{"candidates": 50, "top_k": 5, "backend": "cross_encoder", "event": "rerank.start", "query_preview": "Quelles sont les trois composantes du processus d'authentification 802.1X ?", "correlation_id": "01KTYNMXWW0029MJZECVV49TYX", "level": "info", "timestamp": "2026-06-12T19:41:23.313012Z"}
{"candidates": 50, "top_k": 5, "backend": "cross_encoder", "returned": 5, "event": "rerank.done", "query_preview": "Quelles sont les trois composantes du processus d'authentification 802.1X ?", "correlation_id": "01KTYNMXWW0029MJZECVV49TYX", "level": "info", "timestamp": "2026-06-12T19:41:40.412992Z"}
{"node": "rerank", "reranked_count": 5, "event": "done", "query_preview": "Quelles sont les trois composantes du processus d'authentification 802.1X ?", "correlation_id": "01KTYNMXWW0029MJZECVV49TYX", "level": "info", "timestamp": "2026-06-12T19:41:40.413092Z"}
{"node": "query_tables", "reason": "empty_or_not_table_shaped", "event": "skip", "query_preview": "Quelles sont les trois composantes du processus d'authentification 802.1X ?", "correlation_id": "01KTYNMXWW0029MJZECVV49TYX", "level": "info", "timestamp": "2026-06-12T19:41:40.415016Z"}
{"node": "assess", "reranked_count": 5, "event": "start", "query_preview": "Quelles sont les trois composantes du processus d'authentification 802.1X ?", "correlation_id": "01KTYNMXWW0029MJZECVV49TYX", "level": "info", "timestamp": "2026-06-12T19:41:40.415795Z"}
{"prompt_tag": "assess_sufficiency@v4", "schema": "SufficiencyAssessment", "model": "cyankiwi/Qwen3.5-4B-AWQ-4bit", "max_tokens": 1024, "temperature": 0.1, "top_p": 0.8, "presence_penalty": 1.0, "seed": 42, "message_count": 1, "event": "model_call.start", "query_preview": "Quelles sont les trois composantes du processus d'authentification 802.1X ?", "correlation_id": "01KTYNMXWW0029MJZECVV49TYX", "level": "info", "timestamp": "2026-06-12T19:41:40.417772Z"}
Authentication error: Langfuse client initialized without public_key. Client will be disabled. Provide a public_key parameter or set LANGFUSE_PUBLIC_KEY environment variable. 
{"prompt_tag": "assess_sufficiency@v4", "schema": "SufficiencyAssessment", "tokens": 1352, "event": "model_call.done", "query_preview": "Quelles sont les trois composantes du processus d'authentification 802.1X ?", "correlation_id": "01KTYNMXWW0029MJZECVV49TYX", "level": "info", "timestamp": "2026-06-12T19:41:41.143043Z"}
{"node": "answer", "regenerate_attempt": 0, "event": "start", "query_preview": "Quelles sont les trois composantes du processus d'authentification 802.1X ?", "correlation_id": "01KTYNMXWW0029MJZECVV49TYX", "level": "info", "timestamp": "2026-06-12T19:41:41.144979Z"}
{"prompt_tag": "answer@v5", "schema": "DraftAnswer", "model": "cyankiwi/Qwen3.5-4B-AWQ-4bit", "max_tokens": 1800, "temperature": 0.1, "top_p": 0.8, "presence_penalty": 1.0, "seed": 42, "message_count": 2, "event": "model_call.start", "query_preview": "Quelles sont les trois composantes du processus d'authentification 802.1X ?", "correlation_id": "01KTYNMXWW0029MJZECVV49TYX", "level": "info", "timestamp": "2026-06-12T19:41:41.147015Z"}
Authentication error: Langfuse client initialized without public_key. Client will be disabled. Provide a public_key parameter or set LANGFUSE_PUBLIC_KEY environment variable. 
{"prompt_tag": "answer@v5", "schema": "DraftAnswer", "tokens": 3075, "event": "model_call.done", "query_preview": "Quelles sont les trois composantes du processus d'authentification 802.1X ?", "correlation_id": "01KTYNMXWW0029MJZECVV49TYX", "level": "info", "timestamp": "2026-06-12T19:41:43.313122Z"}
{"node": "answer", "exact": 0, "suffix": 0, "fuzzy": 1, "unresolved": 0, "event": "chunk_id_repair", "query_preview": "Quelles sont les trois composantes du processus d'authentification 802.1X ?", "correlation_id": "01KTYNMXWW0029MJZECVV49TYX", "level": "info", "timestamp": "2026-06-12T19:41:43.313248Z"}
{"node": "verify", "claim_count": 1, "event": "start", "query_preview": "Quelles sont les trois composantes du processus d'authentification 802.1X ?", "correlation_id": "01KTYNMXWW0029MJZECVV49TYX", "level": "info", "timestamp": "2026-06-12T19:41:43.314122Z"}
{"prompt_tag": "verify_grounding@v2", "schema": "VerificationResult", "model": "cyankiwi/Qwen3.5-4B-AWQ-4bit", "max_tokens": 1024, "temperature": 0.1, "top_p": 0.8, "presence_penalty": 1.0, "seed": 42, "message_count": 1, "event": "model_call.start", "query_preview": "Quelles sont les trois composantes du processus d'authentification 802.1X ?", "correlation_id": "01KTYNMXWW0029MJZECVV49TYX", "level": "info", "timestamp": "2026-06-12T19:41:43.317096Z"}
Authentication error: Langfuse client initialized without public_key. Client will be disabled. Provide a public_key parameter or set LANGFUSE_PUBLIC_KEY environment variable. 
{"prompt_tag": "verify_grounding@v2", "schema": "VerificationResult", "tokens": 1281, "event": "model_call.done", "query_preview": "Quelles sont les trois composantes du processus d'authentification 802.1X ?", "correlation_id": "01KTYNMXWW0029MJZECVV49TYX", "level": "info", "timestamp": "2026-06-12T19:41:43.693519Z"}
{"node": "assess_relevance", "event": "start", "query_preview": "Quelles sont les trois composantes du processus d'authentification 802.1X ?", "correlation_id": "01KTYNMXWW0029MJZECVV49TYX", "level": "info", "timestamp": "2026-06-12T19:41:43.694643Z"}
{"prompt_tag": "assess_relevance@v3", "schema": "RelevanceAssessment", "model": "cyankiwi/Qwen3.5-4B-AWQ-4bit", "max_tokens": 1024, "temperature": 0.1, "top_p": 0.8, "presence_penalty": 1.0, "seed": 42, "message_count": 1, "event": "model_call.start", "query_preview": "Quelles sont les trois composantes du processus d'authentification 802.1X ?", "correlation_id": "01KTYNMXWW0029MJZECVV49TYX", "level": "info", "timestamp": "2026-06-12T19:41:43.695623Z"}
Authentication error: Langfuse client initialized without public_key. Client will be disabled. Provide a public_key parameter or set LANGFUSE_PUBLIC_KEY environment variable. 
{"prompt_tag": "assess_relevance@v3", "schema": "RelevanceAssessment", "tokens": 946, "event": "model_call.done", "query_preview": "Quelles sont les trois composantes du processus d'authentification 802.1X ?", "correlation_id": "01KTYNMXWW0029MJZECVV49TYX", "level": "info", "timestamp": "2026-06-12T19:41:44.118374Z"}
{"node": "assess_relevance", "responsive": true, "event": "relevance", "query_preview": "Quelles sont les trois composantes du processus d'authentification 802.1X ?", "correlation_id": "01KTYNMXWW0029MJZECVV49TYX", "level": "info", "timestamp": "2026-06-12T19:41:44.118423Z"}
{"node": "compose", "event": "start", "query_preview": "Quelles sont les trois composantes du processus d'authentification 802.1X ?", "correlation_id": "01KTYNMXWW0029MJZECVV49TYX", "level": "info", "timestamp": "2026-06-12T19:41:44.119940Z"}
Authentication error: Langfuse client initialized without public_key. Client will be disabled. Provide a public_key parameter or set LANGFUSE_PUBLIC_KEY environment variable. 
{"node": "retrieve", "query_len": 75, "event": "start", "query_preview": "Quel message le client envoie-t-il pour amorcer l'authentification 802.1X ?", "correlation_id": "01KTYNNJ9R8V1QZ7HA2SX3A2R5", "level": "info", "timestamp": "2026-06-12T19:41:44.121672Z"}
{"query_len": 75, "k": 50, "event": "hybrid.start", "query_preview": "Quel message le client envoie-t-il pour amorcer l'authentification 802.1X ?", "correlation_id": "01KTYNNJ9R8V1QZ7HA2SX3A2R5", "level": "info", "timestamp": "2026-06-12T19:41:44.121704Z"}
{"query_len": 75, "k": 50, "dense": 50, "bm25": 0, "fused": 50, "term": false, "event": "hybrid.done", "query_preview": "Quel message le client envoie-t-il pour amorcer l'authentification 802.1X ?", "correlation_id": "01KTYNNJ9R8V1QZ7HA2SX3A2R5", "level": "info", "timestamp": "2026-06-12T19:41:44.200688Z"}
{"node": "retrieve", "candidate_count": 50, "event": "done", "query_preview": "Quel message le client envoie-t-il pour amorcer l'authentification 802.1X ?", "correlation_id": "01KTYNNJ9R8V1QZ7HA2SX3A2R5", "level": "info", "timestamp": "2026-06-12T19:41:44.201626Z"}
{"node": "expand_graph", "reason": "disabled_or_empty", "event": "skip", "query_preview": "Quel message le client envoie-t-il pour amorcer l'authentification 802.1X ?", "correlation_id": "01KTYNNJ9R8V1QZ7HA2SX3A2R5", "level": "info", "timestamp": "2026-06-12T19:41:44.202837Z"}
{"node": "rerank", "candidate_count": 50, "event": "start", "query_preview": "Quel message le client envoie-t-il pour amorcer l'authentification 802.1X ?", "correlation_id": "01KTYNNJ9R8V1QZ7HA2SX3A2R5", "level": "info", "timestamp": "2026-06-12T19:41:44.203294Z"}
{"node": "rerank", "top_k": 5, "source": "mode", "event": "top_k_resolved", "query_preview": "Quel message le client envoie-t-il pour amorcer l'authentification 802.1X ?", "correlation_id": "01KTYNNJ9R8V1QZ7HA2SX3A2R5", "level": "info", "timestamp": "2026-06-12T19:41:44.203342Z"}
{"candidates": 50, "top_k": 5, "backend": "cross_encoder", "event": "rerank.start", "query_preview": "Quel message le client envoie-t-il pour amorcer l'authentification 802.1X ?", "correlation_id": "01KTYNNJ9R8V1QZ7HA2SX3A2R5", "level": "info", "timestamp": "2026-06-12T19:41:44.203365Z"}
{"candidates": 50, "top_k": 5, "backend": "cross_encoder", "returned": 5, "event": "rerank.done", "query_preview": "Quel message le client envoie-t-il pour amorcer l'authentification 802.1X ?", "correlation_id": "01KTYNNJ9R8V1QZ7HA2SX3A2R5", "level": "info", "timestamp": "2026-06-12T19:42:03.400505Z"}
{"node": "rerank", "reranked_count": 5, "event": "done", "query_preview": "Quel message le client envoie-t-il pour amorcer l'authentification 802.1X ?", "correlation_id": "01KTYNNJ9R8V1QZ7HA2SX3A2R5", "level": "info", "timestamp": "2026-06-12T19:42:03.400602Z"}
{"node": "query_tables", "reason": "empty_or_not_table_shaped", "event": "skip", "query_preview": "Quel message le client envoie-t-il pour amorcer l'authentification 802.1X ?", "correlation_id": "01KTYNNJ9R8V1QZ7HA2SX3A2R5", "level": "info", "timestamp": "2026-06-12T19:42:03.402654Z"}
{"node": "assess", "reranked_count": 5, "event": "start", "query_preview": "Quel message le client envoie-t-il pour amorcer l'authentification 802.1X ?", "correlation_id": "01KTYNNJ9R8V1QZ7HA2SX3A2R5", "level": "info", "timestamp": "2026-06-12T19:42:03.403477Z"}
{"prompt_tag": "assess_sufficiency@v4", "schema": "SufficiencyAssessment", "model": "cyankiwi/Qwen3.5-4B-AWQ-4bit", "max_tokens": 1024, "temperature": 0.1, "top_p": 0.8, "presence_penalty": 1.0, "seed": 42, "message_count": 1, "event": "model_call.start", "query_preview": "Quel message le client envoie-t-il pour amorcer l'authentification 802.1X ?", "correlation_id": "01KTYNNJ9R8V1QZ7HA2SX3A2R5", "level": "info", "timestamp": "2026-06-12T19:42:03.405102Z"}
Authentication error: Langfuse client initialized without public_key. Client will be disabled. Provide a public_key parameter or set LANGFUSE_PUBLIC_KEY environment variable. 
{"prompt_tag": "assess_sufficiency@v4", "schema": "SufficiencyAssessment", "tokens": 2193, "event": "model_call.done", "query_preview": "Quel message le client envoie-t-il pour amorcer l'authentification 802.1X ?", "correlation_id": "01KTYNNJ9R8V1QZ7HA2SX3A2R5", "level": "info", "timestamp": "2026-06-12T19:42:04.158780Z"}
{"node": "answer", "regenerate_attempt": 0, "event": "start", "query_preview": "Quel message le client envoie-t-il pour amorcer l'authentification 802.1X ?", "correlation_id": "01KTYNNJ9R8V1QZ7HA2SX3A2R5", "level": "info", "timestamp": "2026-06-12T19:42:04.159912Z"}
{"prompt_tag": "answer@v5", "schema": "DraftAnswer", "model": "cyankiwi/Qwen3.5-4B-AWQ-4bit", "max_tokens": 1800, "temperature": 0.1, "top_p": 0.8, "presence_penalty": 1.0, "seed": 42, "message_count": 2, "event": "model_call.start", "query_preview": "Quel message le client envoie-t-il pour amorcer l'authentification 802.1X ?", "correlation_id": "01KTYNNJ9R8V1QZ7HA2SX3A2R5", "level": "info", "timestamp": "2026-06-12T19:42:04.161951Z"}
Authentication error: Langfuse client initialized without public_key. Client will be disabled. Provide a public_key parameter or set LANGFUSE_PUBLIC_KEY environment variable. 
{"prompt_tag": "answer@v5", "schema": "DraftAnswer", "tokens": 3847, "event": "model_call.done", "query_preview": "Quel message le client envoie-t-il pour amorcer l'authentification 802.1X ?", "correlation_id": "01KTYNNJ9R8V1QZ7HA2SX3A2R5", "level": "info", "timestamp": "2026-06-12T19:42:05.737776Z"}
{"node": "answer", "exact": 0, "suffix": 0, "fuzzy": 0, "unresolved": 1, "event": "chunk_id_repair", "query_preview": "Quel message le client envoie-t-il pour amorcer l'authentification 802.1X ?", "correlation_id": "01KTYNNJ9R8V1QZ7HA2SX3A2R5", "level": "info", "timestamp": "2026-06-12T19:42:05.737902Z"}
{"node": "verify", "claim_count": 1, "event": "start", "query_preview": "Quel message le client envoie-t-il pour amorcer l'authentification 802.1X ?", "correlation_id": "01KTYNNJ9R8V1QZ7HA2SX3A2R5", "level": "info", "timestamp": "2026-06-12T19:42:05.738662Z"}
{"prompt_tag": "verify_grounding@v2", "schema": "VerificationResult", "model": "cyankiwi/Qwen3.5-4B-AWQ-4bit", "max_tokens": 1024, "temperature": 0.1, "top_p": 0.8, "presence_penalty": 1.0, "seed": 42, "message_count": 1, "event": "model_call.start", "query_preview": "Quel message le client envoie-t-il pour amorcer l'authentification 802.1X ?", "correlation_id": "01KTYNNJ9R8V1QZ7HA2SX3A2R5", "level": "info", "timestamp": "2026-06-12T19:42:05.741689Z"}
Authentication error: Langfuse client initialized without public_key. Client will be disabled. Provide a public_key parameter or set LANGFUSE_PUBLIC_KEY environment variable. 
{"prompt_tag": "verify_grounding@v2", "schema": "VerificationResult", "tokens": 2118, "event": "model_call.done", "query_preview": "Quel message le client envoie-t-il pour amorcer l'authentification 802.1X ?", "correlation_id": "01KTYNNJ9R8V1QZ7HA2SX3A2R5", "level": "info", "timestamp": "2026-06-12T19:42:06.243157Z"}
{"node": "assess_relevance", "event": "start", "query_preview": "Quel message le client envoie-t-il pour amorcer l'authentification 802.1X ?", "correlation_id": "01KTYNNJ9R8V1QZ7HA2SX3A2R5", "level": "info", "timestamp": "2026-06-12T19:42:06.244299Z"}
{"prompt_tag": "assess_relevance@v3", "schema": "RelevanceAssessment", "model": "cyankiwi/Qwen3.5-4B-AWQ-4bit", "max_tokens": 1024, "temperature": 0.1, "top_p": 0.8, "presence_penalty": 1.0, "seed": 42, "message_count": 1, "event": "model_call.start", "query_preview": "Quel message le client envoie-t-il pour amorcer l'authentification 802.1X ?", "correlation_id": "01KTYNNJ9R8V1QZ7HA2SX3A2R5", "level": "info", "timestamp": "2026-06-12T19:42:06.245307Z"}
Authentication error: Langfuse client initialized without public_key. Client will be disabled. Provide a public_key parameter or set LANGFUSE_PUBLIC_KEY environment variable. 
{"prompt_tag": "assess_relevance@v3", "schema": "RelevanceAssessment", "tokens": 865, "event": "model_call.done", "query_preview": "Quel message le client envoie-t-il pour amorcer l'authentification 802.1X ?", "correlation_id": "01KTYNNJ9R8V1QZ7HA2SX3A2R5", "level": "info", "timestamp": "2026-06-12T19:42:06.718189Z"}
{"node": "assess_relevance", "responsive": true, "event": "relevance", "query_preview": "Quel message le client envoie-t-il pour amorcer l'authentification 802.1X ?", "correlation_id": "01KTYNNJ9R8V1QZ7HA2SX3A2R5", "level": "info", "timestamp": "2026-06-12T19:42:06.718243Z"}
{"node": "compose", "event": "start", "query_preview": "Quel message le client envoie-t-il pour amorcer l'authentification 802.1X ?", "correlation_id": "01KTYNNJ9R8V1QZ7HA2SX3A2R5", "level": "info", "timestamp": "2026-06-12T19:42:06.719347Z"}
Authentication error: Langfuse client initialized without public_key. Client will be disabled. Provide a public_key parameter or set LANGFUSE_PUBLIC_KEY environment variable. 
{"node": "retrieve", "query_len": 74, "event": "start", "query_preview": "Quel type de serveur r\u00e9alise l'authentification dans le processus 802.1X ?", "correlation_id": "01KTYNP8BZP98HWDZYYTNYYGXP", "level": "info", "timestamp": "2026-06-12T19:42:06.720793Z"}
{"query_len": 74, "k": 50, "event": "hybrid.start", "query_preview": "Quel type de serveur r\u00e9alise l'authentification dans le processus 802.1X ?", "correlation_id": "01KTYNP8BZP98HWDZYYTNYYGXP", "level": "info", "timestamp": "2026-06-12T19:42:06.720829Z"}
{"query_len": 74, "k": 50, "dense": 50, "bm25": 0, "fused": 50, "term": false, "event": "hybrid.done", "query_preview": "Quel type de serveur r\u00e9alise l'authentification dans le processus 802.1X ?", "correlation_id": "01KTYNP8BZP98HWDZYYTNYYGXP", "level": "info", "timestamp": "2026-06-12T19:42:06.792157Z"}
{"node": "retrieve", "candidate_count": 50, "event": "done", "query_preview": "Quel type de serveur r\u00e9alise l'authentification dans le processus 802.1X ?", "correlation_id": "01KTYNP8BZP98HWDZYYTNYYGXP", "level": "info", "timestamp": "2026-06-12T19:42:06.793074Z"}
{"node": "expand_graph", "reason": "disabled_or_empty", "event": "skip", "query_preview": "Quel type de serveur r\u00e9alise l'authentification dans le processus 802.1X ?", "correlation_id": "01KTYNP8BZP98HWDZYYTNYYGXP", "level": "info", "timestamp": "2026-06-12T19:42:06.794339Z"}
{"node": "rerank", "candidate_count": 50, "event": "start", "query_preview": "Quel type de serveur r\u00e9alise l'authentification dans le processus 802.1X ?", "correlation_id": "01KTYNP8BZP98HWDZYYTNYYGXP", "level": "info", "timestamp": "2026-06-12T19:42:06.794810Z"}
{"node": "rerank", "top_k": 5, "source": "mode", "event": "top_k_resolved", "query_preview": "Quel type de serveur r\u00e9alise l'authentification dans le processus 802.1X ?", "correlation_id": "01KTYNP8BZP98HWDZYYTNYYGXP", "level": "info", "timestamp": "2026-06-12T19:42:06.794859Z"}
{"candidates": 50, "top_k": 5, "backend": "cross_encoder", "event": "rerank.start", "query_preview": "Quel type de serveur r\u00e9alise l'authentification dans le processus 802.1X ?", "correlation_id": "01KTYNP8BZP98HWDZYYTNYYGXP", "level": "info", "timestamp": "2026-06-12T19:42:06.794883Z"}
{"candidates": 50, "top_k": 5, "backend": "cross_encoder", "returned": 5, "event": "rerank.done", "query_preview": "Quel type de serveur r\u00e9alise l'authentification dans le processus 802.1X ?", "correlation_id": "01KTYNP8BZP98HWDZYYTNYYGXP", "level": "info", "timestamp": "2026-06-12T19:42:22.618159Z"}
{"node": "rerank", "reranked_count": 5, "event": "done", "query_preview": "Quel type de serveur r\u00e9alise l'authentification dans le processus 802.1X ?", "correlation_id": "01KTYNP8BZP98HWDZYYTNYYGXP", "level": "info", "timestamp": "2026-06-12T19:42:22.618254Z"}
{"node": "query_tables", "reason": "empty_or_not_table_shaped", "event": "skip", "query_preview": "Quel type de serveur r\u00e9alise l'authentification dans le processus 802.1X ?", "correlation_id": "01KTYNP8BZP98HWDZYYTNYYGXP", "level": "info", "timestamp": "2026-06-12T19:42:22.619940Z"}
{"node": "assess", "reranked_count": 5, "event": "start", "query_preview": "Quel type de serveur r\u00e9alise l'authentification dans le processus 802.1X ?", "correlation_id": "01KTYNP8BZP98HWDZYYTNYYGXP", "level": "info", "timestamp": "2026-06-12T19:42:22.620663Z"}
{"prompt_tag": "assess_sufficiency@v4", "schema": "SufficiencyAssessment", "model": "cyankiwi/Qwen3.5-4B-AWQ-4bit", "max_tokens": 1024, "temperature": 0.1, "top_p": 0.8, "presence_penalty": 1.0, "seed": 42, "message_count": 1, "event": "model_call.start", "query_preview": "Quel type de serveur r\u00e9alise l'authentification dans le processus 802.1X ?", "correlation_id": "01KTYNP8BZP98HWDZYYTNYYGXP", "level": "info", "timestamp": "2026-06-12T19:42:22.622482Z"}
Authentication error: Langfuse client initialized without public_key. Client will be disabled. Provide a public_key parameter or set LANGFUSE_PUBLIC_KEY environment variable. 
{"prompt_tag": "assess_sufficiency@v4", "schema": "SufficiencyAssessment", "tokens": 1487, "event": "model_call.done", "query_preview": "Quel type de serveur r\u00e9alise l'authentification dans le processus 802.1X ?", "correlation_id": "01KTYNP8BZP98HWDZYYTNYYGXP", "level": "info", "timestamp": "2026-06-12T19:42:23.273106Z"}
{"node": "answer", "regenerate_attempt": 0, "event": "start", "query_preview": "Quel type de serveur r\u00e9alise l'authentification dans le processus 802.1X ?", "correlation_id": "01KTYNP8BZP98HWDZYYTNYYGXP", "level": "info", "timestamp": "2026-06-12T19:42:23.274191Z"}
{"prompt_tag": "answer@v5", "schema": "DraftAnswer", "model": "cyankiwi/Qwen3.5-4B-AWQ-4bit", "max_tokens": 1800, "temperature": 0.1, "top_p": 0.8, "presence_penalty": 1.0, "seed": 42, "message_count": 2, "event": "model_call.start", "query_preview": "Quel type de serveur r\u00e9alise l'authentification dans le processus 802.1X ?", "correlation_id": "01KTYNP8BZP98HWDZYYTNYYGXP", "level": "info", "timestamp": "2026-06-12T19:42:23.276132Z"}
Authentication error: Langfuse client initialized without public_key. Client will be disabled. Provide a public_key parameter or set LANGFUSE_PUBLIC_KEY environment variable. 
{"prompt_tag": "answer@v5", "schema": "DraftAnswer", "tokens": 3152, "event": "model_call.done", "query_preview": "Quel type de serveur r\u00e9alise l'authentification dans le processus 802.1X ?", "correlation_id": "01KTYNP8BZP98HWDZYYTNYYGXP", "level": "info", "timestamp": "2026-06-12T19:42:24.849490Z"}
{"node": "answer", "exact": 0, "suffix": 0, "fuzzy": 1, "unresolved": 0, "event": "chunk_id_repair", "query_preview": "Quel type de serveur r\u00e9alise l'authentification dans le processus 802.1X ?", "correlation_id": "01KTYNP8BZP98HWDZYYTNYYGXP", "level": "info", "timestamp": "2026-06-12T19:42:24.849618Z"}
{"node": "verify", "claim_count": 1, "event": "start", "query_preview": "Quel type de serveur r\u00e9alise l'authentification dans le processus 802.1X ?", "correlation_id": "01KTYNP8BZP98HWDZYYTNYYGXP", "level": "info", "timestamp": "2026-06-12T19:42:24.850367Z"}
{"prompt_tag": "verify_grounding@v2", "schema": "VerificationResult", "model": "cyankiwi/Qwen3.5-4B-AWQ-4bit", "max_tokens": 1024, "temperature": 0.1, "top_p": 0.8, "presence_penalty": 1.0, "seed": 42, "message_count": 1, "event": "model_call.start", "query_preview": "Quel type de serveur r\u00e9alise l'authentification dans le processus 802.1X ?", "correlation_id": "01KTYNP8BZP98HWDZYYTNYYGXP", "level": "info", "timestamp": "2026-06-12T19:42:24.853411Z"}
Authentication error: Langfuse client initialized without public_key. Client will be disabled. Provide a public_key parameter or set LANGFUSE_PUBLIC_KEY environment variable. 
{"prompt_tag": "verify_grounding@v2", "schema": "VerificationResult", "tokens": 1422, "event": "model_call.done", "query_preview": "Quel type de serveur r\u00e9alise l'authentification dans le processus 802.1X ?", "correlation_id": "01KTYNP8BZP98HWDZYYTNYYGXP", "level": "info", "timestamp": "2026-06-12T19:42:25.250970Z"}
{"node": "assess_relevance", "event": "start", "query_preview": "Quel type de serveur r\u00e9alise l'authentification dans le processus 802.1X ?", "correlation_id": "01KTYNP8BZP98HWDZYYTNYYGXP", "level": "info", "timestamp": "2026-06-12T19:42:25.252151Z"}
{"prompt_tag": "assess_relevance@v3", "schema": "RelevanceAssessment", "model": "cyankiwi/Qwen3.5-4B-AWQ-4bit", "max_tokens": 1024, "temperature": 0.1, "top_p": 0.8, "presence_penalty": 1.0, "seed": 42, "message_count": 1, "event": "model_call.start", "query_preview": "Quel type de serveur r\u00e9alise l'authentification dans le processus 802.1X ?", "correlation_id": "01KTYNP8BZP98HWDZYYTNYYGXP", "level": "info", "timestamp": "2026-06-12T19:42:25.253130Z"}
Authentication error: Langfuse client initialized without public_key. Client will be disabled. Provide a public_key parameter or set LANGFUSE_PUBLIC_KEY environment variable. 
{"prompt_tag": "assess_relevance@v3", "schema": "RelevanceAssessment", "tokens": 883, "event": "model_call.done", "query_preview": "Quel type de serveur r\u00e9alise l'authentification dans le processus 802.1X ?", "correlation_id": "01KTYNP8BZP98HWDZYYTNYYGXP", "level": "info", "timestamp": "2026-06-12T19:42:25.769976Z"}
{"node": "assess_relevance", "responsive": true, "event": "relevance", "query_preview": "Quel type de serveur r\u00e9alise l'authentification dans le processus 802.1X ?", "correlation_id": "01KTYNP8BZP98HWDZYYTNYYGXP", "level": "info", "timestamp": "2026-06-12T19:42:25.771702Z"}
{"node": "compose", "event": "start", "query_preview": "Quel type de serveur r\u00e9alise l'authentification dans le processus 802.1X ?", "correlation_id": "01KTYNP8BZP98HWDZYYTNYYGXP", "level": "info", "timestamp": "2026-06-12T19:42:25.772865Z"}
Authentication error: Langfuse client initialized without public_key. Client will be disabled. Provide a public_key parameter or set LANGFUSE_PUBLIC_KEY environment variable. 
{"node": "retrieve", "query_len": 82, "event": "start", "query_preview": "Quel message provoque la d\u00e9connexion (logoff) du client dans le processus 802.1X", "correlation_id": "01KTYNPTZDXH8KEFACCG22WVMW", "level": "info", "timestamp": "2026-06-12T19:42:25.774372Z"}
{"query_len": 82, "k": 50, "event": "hybrid.start", "query_preview": "Quel message provoque la d\u00e9connexion (logoff) du client dans le processus 802.1X", "correlation_id": "01KTYNPTZDXH8KEFACCG22WVMW", "level": "info", "timestamp": "2026-06-12T19:42:25.774408Z"}
{"query_len": 82, "k": 50, "dense": 50, "bm25": 0, "fused": 50, "term": false, "event": "hybrid.done", "query_preview": "Quel message provoque la d\u00e9connexion (logoff) du client dans le processus 802.1X", "correlation_id": "01KTYNPTZDXH8KEFACCG22WVMW", "level": "info", "timestamp": "2026-06-12T19:42:25.847541Z"}
{"node": "retrieve", "candidate_count": 50, "event": "done", "query_preview": "Quel message provoque la d\u00e9connexion (logoff) du client dans le processus 802.1X", "correlation_id": "01KTYNPTZDXH8KEFACCG22WVMW", "level": "info", "timestamp": "2026-06-12T19:42:25.848512Z"}
{"node": "expand_graph", "reason": "disabled_or_empty", "event": "skip", "query_preview": "Quel message provoque la d\u00e9connexion (logoff) du client dans le processus 802.1X", "correlation_id": "01KTYNPTZDXH8KEFACCG22WVMW", "level": "info", "timestamp": "2026-06-12T19:42:25.849833Z"}
{"node": "rerank", "candidate_count": 50, "event": "start", "query_preview": "Quel message provoque la d\u00e9connexion (logoff) du client dans le processus 802.1X", "correlation_id": "01KTYNPTZDXH8KEFACCG22WVMW", "level": "info", "timestamp": "2026-06-12T19:42:25.850352Z"}
{"node": "rerank", "top_k": 5, "source": "mode", "event": "top_k_resolved", "query_preview": "Quel message provoque la d\u00e9connexion (logoff) du client dans le processus 802.1X", "correlation_id": "01KTYNPTZDXH8KEFACCG22WVMW", "level": "info", "timestamp": "2026-06-12T19:42:25.850400Z"}
{"candidates": 50, "top_k": 5, "backend": "cross_encoder", "event": "rerank.start", "query_preview": "Quel message provoque la d\u00e9connexion (logoff) du client dans le processus 802.1X", "correlation_id": "01KTYNPTZDXH8KEFACCG22WVMW", "level": "info", "timestamp": "2026-06-12T19:42:25.850424Z"}
{"candidates": 50, "top_k": 5, "backend": "cross_encoder", "returned": 5, "event": "rerank.done", "query_preview": "Quel message provoque la d\u00e9connexion (logoff) du client dans le processus 802.1X", "correlation_id": "01KTYNPTZDXH8KEFACCG22WVMW", "level": "info", "timestamp": "2026-06-12T19:42:44.335399Z"}
{"node": "rerank", "reranked_count": 5, "event": "done", "query_preview": "Quel message provoque la d\u00e9connexion (logoff) du client dans le processus 802.1X", "correlation_id": "01KTYNPTZDXH8KEFACCG22WVMW", "level": "info", "timestamp": "2026-06-12T19:42:44.335494Z"}
{"node": "query_tables", "reason": "empty_or_not_table_shaped", "event": "skip", "query_preview": "Quel message provoque la d\u00e9connexion (logoff) du client dans le processus 802.1X", "correlation_id": "01KTYNPTZDXH8KEFACCG22WVMW", "level": "info", "timestamp": "2026-06-12T19:42:44.337232Z"}
{"node": "assess", "reranked_count": 5, "event": "start", "query_preview": "Quel message provoque la d\u00e9connexion (logoff) du client dans le processus 802.1X", "correlation_id": "01KTYNPTZDXH8KEFACCG22WVMW", "level": "info", "timestamp": "2026-06-12T19:42:44.337903Z"}
{"prompt_tag": "assess_sufficiency@v4", "schema": "SufficiencyAssessment", "model": "cyankiwi/Qwen3.5-4B-AWQ-4bit", "max_tokens": 1024, "temperature": 0.1, "top_p": 0.8, "presence_penalty": 1.0, "seed": 42, "message_count": 1, "event": "model_call.start", "query_preview": "Quel message provoque la d\u00e9connexion (logoff) du client dans le processus 802.1X", "correlation_id": "01KTYNPTZDXH8KEFACCG22WVMW", "level": "info", "timestamp": "2026-06-12T19:42:44.339766Z"}
Authentication error: Langfuse client initialized without public_key. Client will be disabled. Provide a public_key parameter or set LANGFUSE_PUBLIC_KEY environment variable. 
{"prompt_tag": "assess_sufficiency@v4", "schema": "SufficiencyAssessment", "tokens": 2191, "event": "model_call.done", "query_preview": "Quel message provoque la d\u00e9connexion (logoff) du client dans le processus 802.1X", "correlation_id": "01KTYNPTZDXH8KEFACCG22WVMW", "level": "info", "timestamp": "2026-06-12T19:42:45.089729Z"}
{"node": "answer", "regenerate_attempt": 0, "event": "start", "query_preview": "Quel message provoque la d\u00e9connexion (logoff) du client dans le processus 802.1X", "correlation_id": "01KTYNPTZDXH8KEFACCG22WVMW", "level": "info", "timestamp": "2026-06-12T19:42:45.091081Z"}
{"prompt_tag": "answer@v5", "schema": "DraftAnswer", "model": "cyankiwi/Qwen3.5-4B-AWQ-4bit", "max_tokens": 1800, "temperature": 0.1, "top_p": 0.8, "presence_penalty": 1.0, "seed": 42, "message_count": 2, "event": "model_call.start", "query_preview": "Quel message provoque la d\u00e9connexion (logoff) du client dans le processus 802.1X", "correlation_id": "01KTYNPTZDXH8KEFACCG22WVMW", "level": "info", "timestamp": "2026-06-12T19:42:45.094021Z"}
Authentication error: Langfuse client initialized without public_key. Client will be disabled. Provide a public_key parameter or set LANGFUSE_PUBLIC_KEY environment variable. 
{"prompt_tag": "answer@v5", "schema": "DraftAnswer", "tokens": 3845, "event": "model_call.done", "query_preview": "Quel message provoque la d\u00e9connexion (logoff) du client dans le processus 802.1X", "correlation_id": "01KTYNPTZDXH8KEFACCG22WVMW", "level": "info", "timestamp": "2026-06-12T19:42:46.651844Z"}
{"node": "answer", "exact": 0, "suffix": 0, "fuzzy": 0, "unresolved": 1, "event": "chunk_id_repair", "query_preview": "Quel message provoque la d\u00e9connexion (logoff) du client dans le processus 802.1X", "correlation_id": "01KTYNPTZDXH8KEFACCG22WVMW", "level": "info", "timestamp": "2026-06-12T19:42:46.651977Z"}
{"node": "verify", "claim_count": 1, "event": "start", "query_preview": "Quel message provoque la d\u00e9connexion (logoff) du client dans le processus 802.1X", "correlation_id": "01KTYNPTZDXH8KEFACCG22WVMW", "level": "info", "timestamp": "2026-06-12T19:42:46.652874Z"}
{"prompt_tag": "verify_grounding@v2", "schema": "VerificationResult", "model": "cyankiwi/Qwen3.5-4B-AWQ-4bit", "max_tokens": 1024, "temperature": 0.1, "top_p": 0.8, "presence_penalty": 1.0, "seed": 42, "message_count": 1, "event": "model_call.start", "query_preview": "Quel message provoque la d\u00e9connexion (logoff) du client dans le processus 802.1X", "correlation_id": "01KTYNPTZDXH8KEFACCG22WVMW", "level": "info", "timestamp": "2026-06-12T19:42:46.655850Z"}
Authentication error: Langfuse client initialized without public_key. Client will be disabled. Provide a public_key parameter or set LANGFUSE_PUBLIC_KEY environment variable. 
{"prompt_tag": "verify_grounding@v2", "schema": "VerificationResult", "tokens": 2097, "event": "model_call.done", "query_preview": "Quel message provoque la d\u00e9connexion (logoff) du client dans le processus 802.1X", "correlation_id": "01KTYNPTZDXH8KEFACCG22WVMW", "level": "info", "timestamp": "2026-06-12T19:42:47.154057Z"}
{"node": "assess_relevance", "event": "start", "query_preview": "Quel message provoque la d\u00e9connexion (logoff) du client dans le processus 802.1X", "correlation_id": "01KTYNPTZDXH8KEFACCG22WVMW", "level": "info", "timestamp": "2026-06-12T19:42:47.155354Z"}
{"prompt_tag": "assess_relevance@v3", "schema": "RelevanceAssessment", "model": "cyankiwi/Qwen3.5-4B-AWQ-4bit", "max_tokens": 1024, "temperature": 0.1, "top_p": 0.8, "presence_penalty": 1.0, "seed": 42, "message_count": 1, "event": "model_call.start", "query_preview": "Quel message provoque la d\u00e9connexion (logoff) du client dans le processus 802.1X", "correlation_id": "01KTYNPTZDXH8KEFACCG22WVMW", "level": "info", "timestamp": "2026-06-12T19:42:47.156344Z"}
Authentication error: Langfuse client initialized without public_key. Client will be disabled. Provide a public_key parameter or set LANGFUSE_PUBLIC_KEY environment variable. 
{"prompt_tag": "assess_relevance@v3", "schema": "RelevanceAssessment", "tokens": 874, "event": "model_call.done", "query_preview": "Quel message provoque la d\u00e9connexion (logoff) du client dans le processus 802.1X", "correlation_id": "01KTYNPTZDXH8KEFACCG22WVMW", "level": "info", "timestamp": "2026-06-12T19:42:47.576252Z"}
{"node": "assess_relevance", "responsive": true, "event": "relevance", "query_preview": "Quel message provoque la d\u00e9connexion (logoff) du client dans le processus 802.1X", "correlation_id": "01KTYNPTZDXH8KEFACCG22WVMW", "level": "info", "timestamp": "2026-06-12T19:42:47.576303Z"}
{"node": "compose", "event": "start", "query_preview": "Quel message provoque la d\u00e9connexion (logoff) du client dans le processus 802.1X", "correlation_id": "01KTYNPTZDXH8KEFACCG22WVMW", "level": "info", "timestamp": "2026-06-12T19:42:47.577350Z"}
Authentication error: Langfuse client initialized without public_key. Client will be disabled. Provide a public_key parameter or set LANGFUSE_PUBLIC_KEY environment variable. 
{"node": "retrieve", "query_len": 79, "event": "start", "query_preview": "Quelle est la plage d'adresses VLAN configur\u00e9e dans le diagramme de coupe-feu ?", "correlation_id": "01KTYNQG8SMB4W24X9EGN1RG8D", "level": "info", "timestamp": "2026-06-12T19:42:47.578782Z"}
{"query_len": 79, "k": 50, "event": "hybrid.start", "query_preview": "Quelle est la plage d'adresses VLAN configur\u00e9e dans le diagramme de coupe-feu ?", "correlation_id": "01KTYNQG8SMB4W24X9EGN1RG8D", "level": "info", "timestamp": "2026-06-12T19:42:47.578818Z"}
{"query_len": 79, "k": 50, "dense": 50, "bm25": 0, "fused": 50, "term": false, "event": "hybrid.done", "query_preview": "Quelle est la plage d'adresses VLAN configur\u00e9e dans le diagramme de coupe-feu ?", "correlation_id": "01KTYNQG8SMB4W24X9EGN1RG8D", "level": "info", "timestamp": "2026-06-12T19:42:47.649933Z"}
{"node": "retrieve", "candidate_count": 50, "event": "done", "query_preview": "Quelle est la plage d'adresses VLAN configur\u00e9e dans le diagramme de coupe-feu ?", "correlation_id": "01KTYNQG8SMB4W24X9EGN1RG8D", "level": "info", "timestamp": "2026-06-12T19:42:47.650838Z"}
{"query_len": 79, "doc_ids": 1, "k": 50, "event": "hybrid_in_docs.start", "query_preview": "Quelle est la plage d'adresses VLAN configur\u00e9e dans le diagramme de coupe-feu ?", "correlation_id": "01KTYNQG8SMB4W24X9EGN1RG8D", "level": "info", "timestamp": "2026-06-12T19:42:47.654781Z"}
{"query_len": 79, "doc_ids": 1, "k": 50, "dense": 50, "bm25": 0, "fused": 50, "term": false, "event": "hybrid_in_docs.done", "query_preview": "Quelle est la plage d'adresses VLAN configur\u00e9e dans le diagramme de coupe-feu ?", "correlation_id": "01KTYNQG8SMB4W24X9EGN1RG8D", "level": "info", "timestamp": "2026-06-12T19:42:47.720850Z"}
{"node": "resolve_artifact_scope", "via": "dominant", "arttype": "diagramme", "doc_ids": ["499c900d-cr350-cours-6-coupe-feu-serveurs-mandataires-d-t"], "scoped_count": 50, "replaced_from": 50, "event": "scoped", "query_preview": "Quelle est la plage d'adresses VLAN configur\u00e9e dans le diagramme de coupe-feu ?", "correlation_id": "01KTYNQG8SMB4W24X9EGN1RG8D", "level": "info", "timestamp": "2026-06-12T19:42:47.721796Z"}
{"node": "expand_graph", "reason": "disabled_or_empty", "event": "skip", "query_preview": "Quelle est la plage d'adresses VLAN configur\u00e9e dans le diagramme de coupe-feu ?", "correlation_id": "01KTYNQG8SMB4W24X9EGN1RG8D", "level": "info", "timestamp": "2026-06-12T19:42:47.722621Z"}
{"node": "rerank", "candidate_count": 50, "event": "start", "query_preview": "Quelle est la plage d'adresses VLAN configur\u00e9e dans le diagramme de coupe-feu ?", "correlation_id": "01KTYNQG8SMB4W24X9EGN1RG8D", "level": "info", "timestamp": "2026-06-12T19:42:47.723154Z"}
{"node": "rerank", "top_k": 5, "source": "mode", "event": "top_k_resolved", "query_preview": "Quelle est la plage d'adresses VLAN configur\u00e9e dans le diagramme de coupe-feu ?", "correlation_id": "01KTYNQG8SMB4W24X9EGN1RG8D", "level": "info", "timestamp": "2026-06-12T19:42:47.723208Z"}
{"candidates": 50, "top_k": 5, "backend": "cross_encoder", "event": "rerank.start", "query_preview": "Quelle est la plage d'adresses VLAN configur\u00e9e dans le diagramme de coupe-feu ?", "correlation_id": "01KTYNQG8SMB4W24X9EGN1RG8D", "level": "info", "timestamp": "2026-06-12T19:42:47.723237Z"}
{"candidates": 50, "top_k": 5, "backend": "cross_encoder", "returned": 5, "event": "rerank.done", "query_preview": "Quelle est la plage d'adresses VLAN configur\u00e9e dans le diagramme de coupe-feu ?", "correlation_id": "01KTYNQG8SMB4W24X9EGN1RG8D", "level": "info", "timestamp": "2026-06-12T19:43:07.104880Z"}
{"node": "rerank", "reranked_count": 5, "event": "done", "query_preview": "Quelle est la plage d'adresses VLAN configur\u00e9e dans le diagramme de coupe-feu ?", "correlation_id": "01KTYNQG8SMB4W24X9EGN1RG8D", "level": "info", "timestamp": "2026-06-12T19:43:07.104975Z"}
{"node": "query_tables", "reason": "empty_or_not_table_shaped", "event": "skip", "query_preview": "Quelle est la plage d'adresses VLAN configur\u00e9e dans le diagramme de coupe-feu ?", "correlation_id": "01KTYNQG8SMB4W24X9EGN1RG8D", "level": "info", "timestamp": "2026-06-12T19:43:07.106695Z"}
{"node": "assess", "reranked_count": 5, "event": "start", "query_preview": "Quelle est la plage d'adresses VLAN configur\u00e9e dans le diagramme de coupe-feu ?", "correlation_id": "01KTYNQG8SMB4W24X9EGN1RG8D", "level": "info", "timestamp": "2026-06-12T19:43:07.107375Z"}
{"prompt_tag": "assess_sufficiency@v4", "schema": "SufficiencyAssessment", "model": "cyankiwi/Qwen3.5-4B-AWQ-4bit", "max_tokens": 1024, "temperature": 0.1, "top_p": 0.8, "presence_penalty": 1.0, "seed": 42, "message_count": 1, "event": "model_call.start", "query_preview": "Quelle est la plage d'adresses VLAN configur\u00e9e dans le diagramme de coupe-feu ?", "correlation_id": "01KTYNQG8SMB4W24X9EGN1RG8D", "level": "info", "timestamp": "2026-06-12T19:43:07.109283Z"}
Authentication error: Langfuse client initialized without public_key. Client will be disabled. Provide a public_key parameter or set LANGFUSE_PUBLIC_KEY environment variable. 
{"prompt_tag": "assess_sufficiency@v4", "schema": "SufficiencyAssessment", "tokens": 2259, "event": "model_call.done", "query_preview": "Quelle est la plage d'adresses VLAN configur\u00e9e dans le diagramme de coupe-feu ?", "correlation_id": "01KTYNQG8SMB4W24X9EGN1RG8D", "level": "info", "timestamp": "2026-06-12T19:43:07.908390Z"}
{"node": "refuse", "event": "start", "query_preview": "Quelle est la plage d'adresses VLAN configur\u00e9e dans le diagramme de coupe-feu ?", "correlation_id": "01KTYNQG8SMB4W24X9EGN1RG8D", "level": "info", "timestamp": "2026-06-12T19:43:07.909632Z"}
Authentication error: Langfuse client initialized without public_key. Client will be disabled. Provide a public_key parameter or set LANGFUSE_PUBLIC_KEY environment variable. 
{"node": "retrieve", "query_len": 83, "event": "start", "query_preview": "Combien d'utilisateurs sont connect\u00e9s au serveur RADIUS selon le diagramme 802.1", "correlation_id": "01KTYNR446B55K80FNW36MCV5C", "level": "info", "timestamp": "2026-06-12T19:43:07.911134Z"}
{"query_len": 83, "k": 50, "event": "hybrid.start", "query_preview": "Combien d'utilisateurs sont connect\u00e9s au serveur RADIUS selon le diagramme 802.1", "correlation_id": "01KTYNR446B55K80FNW36MCV5C", "level": "info", "timestamp": "2026-06-12T19:43:07.911170Z"}
{"query_len": 83, "k": 50, "dense": 50, "bm25": 0, "fused": 50, "term": false, "event": "hybrid.done", "query_preview": "Combien d'utilisateurs sont connect\u00e9s au serveur RADIUS selon le diagramme 802.1", "correlation_id": "01KTYNR446B55K80FNW36MCV5C", "level": "info", "timestamp": "2026-06-12T19:43:08.423360Z"}
{"node": "retrieve", "candidate_count": 50, "event": "done", "query_preview": "Combien d'utilisateurs sont connect\u00e9s au serveur RADIUS selon le diagramme 802.1", "correlation_id": "01KTYNR446B55K80FNW36MCV5C", "level": "info", "timestamp": "2026-06-12T19:43:08.424383Z"}
{"node": "resolve_artifact_scope", "via": "none-no-qualifier", "arttype": "diagramme", "event": "no_scope", "query_preview": "Combien d'utilisateurs sont connect\u00e9s au serveur RADIUS selon le diagramme 802.1", "correlation_id": "01KTYNR446B55K80FNW36MCV5C", "level": "info", "timestamp": "2026-06-12T19:43:08.426042Z"}
{"node": "expand_graph", "reason": "disabled_or_empty", "event": "skip", "query_preview": "Combien d'utilisateurs sont connect\u00e9s au serveur RADIUS selon le diagramme 802.1", "correlation_id": "01KTYNR446B55K80FNW36MCV5C", "level": "info", "timestamp": "2026-06-12T19:43:08.426830Z"}
{"node": "rerank", "candidate_count": 50, "event": "start", "query_preview": "Combien d'utilisateurs sont connect\u00e9s au serveur RADIUS selon le diagramme 802.1", "correlation_id": "01KTYNR446B55K80FNW36MCV5C", "level": "info", "timestamp": "2026-06-12T19:43:08.427376Z"}
{"node": "rerank", "top_k": 5, "source": "mode", "event": "top_k_resolved", "query_preview": "Combien d'utilisateurs sont connect\u00e9s au serveur RADIUS selon le diagramme 802.1", "correlation_id": "01KTYNR446B55K80FNW36MCV5C", "level": "info", "timestamp": "2026-06-12T19:43:08.427427Z"}
{"candidates": 50, "top_k": 5, "backend": "cross_encoder", "event": "rerank.start", "query_preview": "Combien d'utilisateurs sont connect\u00e9s au serveur RADIUS selon le diagramme 802.1", "correlation_id": "01KTYNR446B55K80FNW36MCV5C", "level": "info", "timestamp": "2026-06-12T19:43:08.427450Z"}
{"candidates": 50, "top_k": 5, "backend": "cross_encoder", "returned": 5, "event": "rerank.done", "query_preview": "Combien d'utilisateurs sont connect\u00e9s au serveur RADIUS selon le diagramme 802.1", "correlation_id": "01KTYNR446B55K80FNW36MCV5C", "level": "info", "timestamp": "2026-06-12T19:43:32.571063Z"}
{"node": "rerank", "reranked_count": 5, "event": "done", "query_preview": "Combien d'utilisateurs sont connect\u00e9s au serveur RADIUS selon le diagramme 802.1", "correlation_id": "01KTYNR446B55K80FNW36MCV5C", "level": "info", "timestamp": "2026-06-12T19:43:32.571182Z"}
{"node": "query_tables", "reason": "empty_or_not_table_shaped", "event": "skip", "query_preview": "Combien d'utilisateurs sont connect\u00e9s au serveur RADIUS selon le diagramme 802.1", "correlation_id": "01KTYNR446B55K80FNW36MCV5C", "level": "info", "timestamp": "2026-06-12T19:43:32.573103Z"}
{"node": "assess", "reranked_count": 5, "event": "start", "query_preview": "Combien d'utilisateurs sont connect\u00e9s au serveur RADIUS selon le diagramme 802.1", "correlation_id": "01KTYNR446B55K80FNW36MCV5C", "level": "info", "timestamp": "2026-06-12T19:43:32.573842Z"}
{"prompt_tag": "assess_sufficiency@v4", "schema": "SufficiencyAssessment", "model": "cyankiwi/Qwen3.5-4B-AWQ-4bit", "max_tokens": 1024, "temperature": 0.1, "top_p": 0.8, "presence_penalty": 1.0, "seed": 42, "message_count": 1, "event": "model_call.start", "query_preview": "Combien d'utilisateurs sont connect\u00e9s au serveur RADIUS selon le diagramme 802.1", "correlation_id": "01KTYNR446B55K80FNW36MCV5C", "level": "info", "timestamp": "2026-06-12T19:43:32.575824Z"}
Authentication error: Langfuse client initialized without public_key. Client will be disabled. Provide a public_key parameter or set LANGFUSE_PUBLIC_KEY environment variable. 
{"prompt_tag": "assess_sufficiency@v4", "schema": "SufficiencyAssessment", "tokens": 2009, "event": "model_call.done", "query_preview": "Combien d'utilisateurs sont connect\u00e9s au serveur RADIUS selon le diagramme 802.1", "correlation_id": "01KTYNR446B55K80FNW36MCV5C", "level": "info", "timestamp": "2026-06-12T19:43:33.448000Z"}
{"node": "refuse", "event": "start", "query_preview": "Combien d'utilisateurs sont connect\u00e9s au serveur RADIUS selon le diagramme 802.1", "correlation_id": "01KTYNR446B55K80FNW36MCV5C", "level": "info", "timestamp": "2026-06-12T19:43:33.449467Z"}
Authentication error: Langfuse client initialized without public_key. Client will be disabled. Provide a public_key parameter or set LANGFUSE_PUBLIC_KEY environment variable. 
{"node": "retrieve", "query_len": 75, "event": "start", "query_preview": "Quelle version du logiciel Snort est install\u00e9e d'apr\u00e8s la capture pfSense ?", "correlation_id": "01KTYNRX29ZDZ1GT6AWV0790RT", "level": "info", "timestamp": "2026-06-12T19:43:33.450869Z"}
{"query_len": 75, "k": 50, "event": "hybrid.start", "query_preview": "Quelle version du logiciel Snort est install\u00e9e d'apr\u00e8s la capture pfSense ?", "correlation_id": "01KTYNRX29ZDZ1GT6AWV0790RT", "level": "info", "timestamp": "2026-06-12T19:43:33.450903Z"}
{"query_len": 75, "k": 50, "dense": 50, "bm25": 50, "fused": 50, "term": true, "event": "hybrid.done", "query_preview": "Quelle version du logiciel Snort est install\u00e9e d'apr\u00e8s la capture pfSense ?", "correlation_id": "01KTYNRX29ZDZ1GT6AWV0790RT", "level": "info", "timestamp": "2026-06-12T19:43:33.521796Z"}
{"node": "retrieve", "candidate_count": 50, "event": "done", "query_preview": "Quelle version du logiciel Snort est install\u00e9e d'apr\u00e8s la capture pfSense ?", "correlation_id": "01KTYNRX29ZDZ1GT6AWV0790RT", "level": "info", "timestamp": "2026-06-12T19:43:33.522678Z"}
{"node": "expand_graph", "reason": "disabled_or_empty", "event": "skip", "query_preview": "Quelle version du logiciel Snort est install\u00e9e d'apr\u00e8s la capture pfSense ?", "correlation_id": "01KTYNRX29ZDZ1GT6AWV0790RT", "level": "info", "timestamp": "2026-06-12T19:43:33.523893Z"}
{"node": "rerank", "candidate_count": 50, "event": "start", "query_preview": "Quelle version du logiciel Snort est install\u00e9e d'apr\u00e8s la capture pfSense ?", "correlation_id": "01KTYNRX29ZDZ1GT6AWV0790RT", "level": "info", "timestamp": "2026-06-12T19:43:33.524355Z"}
{"node": "rerank", "top_k": 5, "source": "mode", "event": "top_k_resolved", "query_preview": "Quelle version du logiciel Snort est install\u00e9e d'apr\u00e8s la capture pfSense ?", "correlation_id": "01KTYNRX29ZDZ1GT6AWV0790RT", "level": "info", "timestamp": "2026-06-12T19:43:33.524407Z"}
{"candidates": 50, "top_k": 5, "backend": "cross_encoder", "event": "rerank.start", "query_preview": "Quelle version du logiciel Snort est install\u00e9e d'apr\u00e8s la capture pfSense ?", "correlation_id": "01KTYNRX29ZDZ1GT6AWV0790RT", "level": "info", "timestamp": "2026-06-12T19:43:33.524430Z"}
{"candidates": 50, "top_k": 5, "backend": "cross_encoder", "returned": 5, "event": "rerank.done", "query_preview": "Quelle version du logiciel Snort est install\u00e9e d'apr\u00e8s la capture pfSense ?", "correlation_id": "01KTYNRX29ZDZ1GT6AWV0790RT", "level": "info", "timestamp": "2026-06-12T19:43:55.119268Z"}
{"node": "rerank", "reranked_count": 5, "event": "done", "query_preview": "Quelle version du logiciel Snort est install\u00e9e d'apr\u00e8s la capture pfSense ?", "correlation_id": "01KTYNRX29ZDZ1GT6AWV0790RT", "level": "info", "timestamp": "2026-06-12T19:43:55.119372Z"}
{"node": "query_tables", "reason": "empty_or_not_table_shaped", "event": "skip", "query_preview": "Quelle version du logiciel Snort est install\u00e9e d'apr\u00e8s la capture pfSense ?", "correlation_id": "01KTYNRX29ZDZ1GT6AWV0790RT", "level": "info", "timestamp": "2026-06-12T19:43:55.121193Z"}
{"node": "assess", "reranked_count": 5, "event": "start", "query_preview": "Quelle version du logiciel Snort est install\u00e9e d'apr\u00e8s la capture pfSense ?", "correlation_id": "01KTYNRX29ZDZ1GT6AWV0790RT", "level": "info", "timestamp": "2026-06-12T19:43:55.121875Z"}
{"prompt_tag": "assess_sufficiency@v4", "schema": "SufficiencyAssessment", "model": "cyankiwi/Qwen3.5-4B-AWQ-4bit", "max_tokens": 1024, "temperature": 0.1, "top_p": 0.8, "presence_penalty": 1.0, "seed": 42, "message_count": 1, "event": "model_call.start", "query_preview": "Quelle version du logiciel Snort est install\u00e9e d'apr\u00e8s la capture pfSense ?", "correlation_id": "01KTYNRX29ZDZ1GT6AWV0790RT", "level": "info", "timestamp": "2026-06-12T19:43:55.123800Z"}
Authentication error: Langfuse client initialized without public_key. Client will be disabled. Provide a public_key parameter or set LANGFUSE_PUBLIC_KEY environment variable. 
{"prompt_tag": "assess_sufficiency@v4", "schema": "SufficiencyAssessment", "tokens": 1850, "event": "model_call.done", "query_preview": "Quelle version du logiciel Snort est install\u00e9e d'apr\u00e8s la capture pfSense ?", "correlation_id": "01KTYNRX29ZDZ1GT6AWV0790RT", "level": "info", "timestamp": "2026-06-12T19:43:55.760427Z"}
{"node": "refuse", "event": "start", "query_preview": "Quelle version du logiciel Snort est install\u00e9e d'apr\u00e8s la capture pfSense ?", "correlation_id": "01KTYNRX29ZDZ1GT6AWV0790RT", "level": "info", "timestamp": "2026-06-12T19:43:55.762101Z"}
Authentication error: Langfuse client initialized without public_key. Client will be disabled. Provide a public_key parameter or set LANGFUSE_PUBLIC_KEY environment variable. 
{"node": "retrieve", "query_len": 66, "event": "start", "query_preview": "Quelle est l'adresse IP de la DMZ dans l'architecture three-tier ?", "correlation_id": "01KTYNSJVJC5KV8RGH5XK835HD", "level": "info", "timestamp": "2026-06-12T19:43:55.763950Z"}
{"query_len": 66, "k": 50, "event": "hybrid.start", "query_preview": "Quelle est l'adresse IP de la DMZ dans l'architecture three-tier ?", "correlation_id": "01KTYNSJVJC5KV8RGH5XK835HD", "level": "info", "timestamp": "2026-06-12T19:43:55.763993Z"}
{"query_len": 66, "k": 50, "dense": 50, "bm25": 0, "fused": 50, "term": false, "event": "hybrid.done", "query_preview": "Quelle est l'adresse IP de la DMZ dans l'architecture three-tier ?", "correlation_id": "01KTYNSJVJC5KV8RGH5XK835HD", "level": "info", "timestamp": "2026-06-12T19:43:55.830856Z"}
{"node": "retrieve", "candidate_count": 50, "event": "done", "query_preview": "Quelle est l'adresse IP de la DMZ dans l'architecture three-tier ?", "correlation_id": "01KTYNSJVJC5KV8RGH5XK835HD", "level": "info", "timestamp": "2026-06-12T19:43:55.832150Z"}
{"node": "expand_graph", "reason": "disabled_or_empty", "event": "skip", "query_preview": "Quelle est l'adresse IP de la DMZ dans l'architecture three-tier ?", "correlation_id": "01KTYNSJVJC5KV8RGH5XK835HD", "level": "info", "timestamp": "2026-06-12T19:43:55.833717Z"}
{"node": "rerank", "candidate_count": 50, "event": "start", "query_preview": "Quelle est l'adresse IP de la DMZ dans l'architecture three-tier ?", "correlation_id": "01KTYNSJVJC5KV8RGH5XK835HD", "level": "info", "timestamp": "2026-06-12T19:43:55.834335Z"}
{"node": "rerank", "top_k": 5, "source": "mode", "event": "top_k_resolved", "query_preview": "Quelle est l'adresse IP de la DMZ dans l'architecture three-tier ?", "correlation_id": "01KTYNSJVJC5KV8RGH5XK835HD", "level": "info", "timestamp": "2026-06-12T19:43:55.834396Z"}
{"candidates": 50, "top_k": 5, "backend": "cross_encoder", "event": "rerank.start", "query_preview": "Quelle est l'adresse IP de la DMZ dans l'architecture three-tier ?", "correlation_id": "01KTYNSJVJC5KV8RGH5XK835HD", "level": "info", "timestamp": "2026-06-12T19:43:55.834431Z"}
{"candidates": 50, "top_k": 5, "backend": "cross_encoder", "returned": 5, "event": "rerank.done", "query_preview": "Quelle est l'adresse IP de la DMZ dans l'architecture three-tier ?", "correlation_id": "01KTYNSJVJC5KV8RGH5XK835HD", "level": "info", "timestamp": "2026-06-12T19:44:13.194856Z"}
{"node": "rerank", "reranked_count": 5, "event": "done", "query_preview": "Quelle est l'adresse IP de la DMZ dans l'architecture three-tier ?", "correlation_id": "01KTYNSJVJC5KV8RGH5XK835HD", "level": "info", "timestamp": "2026-06-12T19:44:13.194947Z"}
{"node": "query_tables", "reason": "empty_or_not_table_shaped", "event": "skip", "query_preview": "Quelle est l'adresse IP de la DMZ dans l'architecture three-tier ?", "correlation_id": "01KTYNSJVJC5KV8RGH5XK835HD", "level": "info", "timestamp": "2026-06-12T19:44:13.196867Z"}
{"node": "assess", "reranked_count": 5, "event": "start", "query_preview": "Quelle est l'adresse IP de la DMZ dans l'architecture three-tier ?", "correlation_id": "01KTYNSJVJC5KV8RGH5XK835HD", "level": "info", "timestamp": "2026-06-12T19:44:13.197612Z"}
{"prompt_tag": "assess_sufficiency@v4", "schema": "SufficiencyAssessment", "model": "cyankiwi/Qwen3.5-4B-AWQ-4bit", "max_tokens": 1024, "temperature": 0.1, "top_p": 0.8, "presence_penalty": 1.0, "seed": 42, "message_count": 1, "event": "model_call.start", "query_preview": "Quelle est l'adresse IP de la DMZ dans l'architecture three-tier ?", "correlation_id": "01KTYNSJVJC5KV8RGH5XK835HD", "level": "info", "timestamp": "2026-06-12T19:44:13.199534Z"}
Authentication error: Langfuse client initialized without public_key. Client will be disabled. Provide a public_key parameter or set LANGFUSE_PUBLIC_KEY environment variable. 
{"prompt_tag": "assess_sufficiency@v4", "schema": "SufficiencyAssessment", "tokens": 1317, "event": "model_call.done", "query_preview": "Quelle est l'adresse IP de la DMZ dans l'architecture three-tier ?", "correlation_id": "01KTYNSJVJC5KV8RGH5XK835HD", "level": "info", "timestamp": "2026-06-12T19:44:13.885463Z"}
{"node": "answer", "regenerate_attempt": 0, "event": "start", "query_preview": "Quelle est l'adresse IP de la DMZ dans l'architecture three-tier ?", "correlation_id": "01KTYNSJVJC5KV8RGH5XK835HD", "level": "info", "timestamp": "2026-06-12T19:44:13.886660Z"}
{"prompt_tag": "answer@v5", "schema": "DraftAnswer", "model": "cyankiwi/Qwen3.5-4B-AWQ-4bit", "max_tokens": 1800, "temperature": 0.1, "top_p": 0.8, "presence_penalty": 1.0, "seed": 42, "message_count": 2, "event": "model_call.start", "query_preview": "Quelle est l'adresse IP de la DMZ dans l'architecture three-tier ?", "correlation_id": "01KTYNSJVJC5KV8RGH5XK835HD", "level": "info", "timestamp": "2026-06-12T19:44:13.888708Z"}
Authentication error: Langfuse client initialized without public_key. Client will be disabled. Provide a public_key parameter or set LANGFUSE_PUBLIC_KEY environment variable. 
{"prompt_tag": "answer@v5", "schema": "DraftAnswer", "tokens": 2884, "event": "model_call.done", "query_preview": "Quelle est l'adresse IP de la DMZ dans l'architecture three-tier ?", "correlation_id": "01KTYNSJVJC5KV8RGH5XK835HD", "level": "info", "timestamp": "2026-06-12T19:44:14.605617Z"}
{"node": "verify", "claim_count": 0, "event": "start", "query_preview": "Quelle est l'adresse IP de la DMZ dans l'architecture three-tier ?", "correlation_id": "01KTYNSJVJC5KV8RGH5XK835HD", "level": "info", "timestamp": "2026-06-12T19:44:14.606449Z"}
{"node": "verify", "event": "empty_draft_shortcircuit", "query_preview": "Quelle est l'adresse IP de la DMZ dans l'architecture three-tier ?", "correlation_id": "01KTYNSJVJC5KV8RGH5XK835HD", "level": "info", "timestamp": "2026-06-12T19:44:14.606486Z"}
{"node": "assess_relevance", "event": "start", "query_preview": "Quelle est l'adresse IP de la DMZ dans l'architecture three-tier ?", "correlation_id": "01KTYNSJVJC5KV8RGH5XK835HD", "level": "info", "timestamp": "2026-06-12T19:44:14.607361Z"}
{"prompt_tag": "assess_relevance@v3", "schema": "RelevanceAssessment", "model": "cyankiwi/Qwen3.5-4B-AWQ-4bit", "max_tokens": 1024, "temperature": 0.1, "top_p": 0.8, "presence_penalty": 1.0, "seed": 42, "message_count": 1, "event": "model_call.start", "query_preview": "Quelle est l'adresse IP de la DMZ dans l'architecture three-tier ?", "correlation_id": "01KTYNSJVJC5KV8RGH5XK835HD", "level": "info", "timestamp": "2026-06-12T19:44:14.608395Z"}
Authentication error: Langfuse client initialized without public_key. Client will be disabled. Provide a public_key parameter or set LANGFUSE_PUBLIC_KEY environment variable. 
{"prompt_tag": "assess_relevance@v3", "schema": "RelevanceAssessment", "tokens": 840, "event": "model_call.done", "query_preview": "Quelle est l'adresse IP de la DMZ dans l'architecture three-tier ?", "correlation_id": "01KTYNSJVJC5KV8RGH5XK835HD", "level": "info", "timestamp": "2026-06-12T19:44:14.999573Z"}
{"node": "assess_relevance", "responsive": false, "event": "relevance", "query_preview": "Quelle est l'adresse IP de la DMZ dans l'architecture three-tier ?", "correlation_id": "01KTYNSJVJC5KV8RGH5XK835HD", "level": "info", "timestamp": "2026-06-12T19:44:14.999653Z"}
{"node": "refuse", "event": "start", "query_preview": "Quelle est l'adresse IP de la DMZ dans l'architecture three-tier ?", "correlation_id": "01KTYNSJVJC5KV8RGH5XK835HD", "level": "info", "timestamp": "2026-06-12T19:44:15.000848Z"}
Authentication error: Langfuse client initialized without public_key. Client will be disabled. Provide a public_key parameter or set LANGFUSE_PUBLIC_KEY environment variable. 
{"node": "retrieve", "query_len": 90, "event": "start", "query_preview": "Quel algorithme de chiffrement le coupe-feu utilise-t-il dans l'architecture sin", "correlation_id": "01KTYNT5MS9CYH683F49KNTRXT", "level": "info", "timestamp": "2026-06-12T19:44:15.002403Z"}
{"query_len": 90, "k": 50, "event": "hybrid.start", "query_preview": "Quel algorithme de chiffrement le coupe-feu utilise-t-il dans l'architecture sin", "correlation_id": "01KTYNT5MS9CYH683F49KNTRXT", "level": "info", "timestamp": "2026-06-12T19:44:15.002440Z"}
{"query_len": 90, "k": 50, "dense": 50, "bm25": 0, "fused": 50, "term": false, "event": "hybrid.done", "query_preview": "Quel algorithme de chiffrement le coupe-feu utilise-t-il dans l'architecture sin", "correlation_id": "01KTYNT5MS9CYH683F49KNTRXT", "level": "info", "timestamp": "2026-06-12T19:44:15.078218Z"}
{"node": "retrieve", "candidate_count": 50, "event": "done", "query_preview": "Quel algorithme de chiffrement le coupe-feu utilise-t-il dans l'architecture sin", "correlation_id": "01KTYNT5MS9CYH683F49KNTRXT", "level": "info", "timestamp": "2026-06-12T19:44:15.079187Z"}
{"node": "expand_graph", "reason": "disabled_or_empty", "event": "skip", "query_preview": "Quel algorithme de chiffrement le coupe-feu utilise-t-il dans l'architecture sin", "correlation_id": "01KTYNT5MS9CYH683F49KNTRXT", "level": "info", "timestamp": "2026-06-12T19:44:15.080552Z"}
{"node": "rerank", "candidate_count": 50, "event": "start", "query_preview": "Quel algorithme de chiffrement le coupe-feu utilise-t-il dans l'architecture sin", "correlation_id": "01KTYNT5MS9CYH683F49KNTRXT", "level": "info", "timestamp": "2026-06-12T19:44:15.081047Z"}
{"node": "rerank", "top_k": 5, "source": "mode", "event": "top_k_resolved", "query_preview": "Quel algorithme de chiffrement le coupe-feu utilise-t-il dans l'architecture sin", "correlation_id": "01KTYNT5MS9CYH683F49KNTRXT", "level": "info", "timestamp": "2026-06-12T19:44:15.081101Z"}
{"candidates": 50, "top_k": 5, "backend": "cross_encoder", "event": "rerank.start", "query_preview": "Quel algorithme de chiffrement le coupe-feu utilise-t-il dans l'architecture sin", "correlation_id": "01KTYNT5MS9CYH683F49KNTRXT", "level": "info", "timestamp": "2026-06-12T19:44:15.081126Z"}
{"candidates": 50, "top_k": 5, "backend": "cross_encoder", "returned": 5, "event": "rerank.done", "query_preview": "Quel algorithme de chiffrement le coupe-feu utilise-t-il dans l'architecture sin", "correlation_id": "01KTYNT5MS9CYH683F49KNTRXT", "level": "info", "timestamp": "2026-06-12T19:44:42.027770Z"}
{"node": "rerank", "reranked_count": 5, "event": "done", "query_preview": "Quel algorithme de chiffrement le coupe-feu utilise-t-il dans l'architecture sin", "correlation_id": "01KTYNT5MS9CYH683F49KNTRXT", "level": "info", "timestamp": "2026-06-12T19:44:42.027865Z"}
{"node": "query_tables", "reason": "empty_or_not_table_shaped", "event": "skip", "query_preview": "Quel algorithme de chiffrement le coupe-feu utilise-t-il dans l'architecture sin", "correlation_id": "01KTYNT5MS9CYH683F49KNTRXT", "level": "info", "timestamp": "2026-06-12T19:44:42.029710Z"}
{"node": "assess", "reranked_count": 5, "event": "start", "query_preview": "Quel algorithme de chiffrement le coupe-feu utilise-t-il dans l'architecture sin", "correlation_id": "01KTYNT5MS9CYH683F49KNTRXT", "level": "info", "timestamp": "2026-06-12T19:44:42.030588Z"}
{"prompt_tag": "assess_sufficiency@v4", "schema": "SufficiencyAssessment", "model": "cyankiwi/Qwen3.5-4B-AWQ-4bit", "max_tokens": 1024, "temperature": 0.1, "top_p": 0.8, "presence_penalty": 1.0, "seed": 42, "message_count": 1, "event": "model_call.start", "query_preview": "Quel algorithme de chiffrement le coupe-feu utilise-t-il dans l'architecture sin", "correlation_id": "01KTYNT5MS9CYH683F49KNTRXT", "level": "info", "timestamp": "2026-06-12T19:44:42.032594Z"}
Authentication error: Langfuse client initialized without public_key. Client will be disabled. Provide a public_key parameter or set LANGFUSE_PUBLIC_KEY environment variable. 
{"prompt_tag": "assess_sufficiency@v4", "schema": "SufficiencyAssessment", "tokens": 2200, "event": "model_call.done", "query_preview": "Quel algorithme de chiffrement le coupe-feu utilise-t-il dans l'architecture sin", "correlation_id": "01KTYNT5MS9CYH683F49KNTRXT", "level": "info", "timestamp": "2026-06-12T19:44:42.770936Z"}
{"node": "answer", "regenerate_attempt": 0, "event": "start", "query_preview": "Quel algorithme de chiffrement le coupe-feu utilise-t-il dans l'architecture sin", "correlation_id": "01KTYNT5MS9CYH683F49KNTRXT", "level": "info", "timestamp": "2026-06-12T19:44:42.772641Z"}
{"prompt_tag": "answer@v5", "schema": "DraftAnswer", "model": "cyankiwi/Qwen3.5-4B-AWQ-4bit", "max_tokens": 1800, "temperature": 0.1, "top_p": 0.8, "presence_penalty": 1.0, "seed": 42, "message_count": 2, "event": "model_call.start", "query_preview": "Quel algorithme de chiffrement le coupe-feu utilise-t-il dans l'architecture sin", "correlation_id": "01KTYNT5MS9CYH683F49KNTRXT", "level": "info", "timestamp": "2026-06-12T19:44:42.774641Z"}
Authentication error: Langfuse client initialized without public_key. Client will be disabled. Provide a public_key parameter or set LANGFUSE_PUBLIC_KEY environment variable. 
{"prompt_tag": "answer@v5", "schema": "DraftAnswer", "tokens": 3770, "event": "model_call.done", "query_preview": "Quel algorithme de chiffrement le coupe-feu utilise-t-il dans l'architecture sin", "correlation_id": "01KTYNT5MS9CYH683F49KNTRXT", "level": "info", "timestamp": "2026-06-12T19:44:43.568844Z"}
{"node": "verify", "claim_count": 0, "event": "start", "query_preview": "Quel algorithme de chiffrement le coupe-feu utilise-t-il dans l'architecture sin", "correlation_id": "01KTYNT5MS9CYH683F49KNTRXT", "level": "info", "timestamp": "2026-06-12T19:44:43.569846Z"}
{"node": "verify", "event": "empty_draft_shortcircuit", "query_preview": "Quel algorithme de chiffrement le coupe-feu utilise-t-il dans l'architecture sin", "correlation_id": "01KTYNT5MS9CYH683F49KNTRXT", "level": "info", "timestamp": "2026-06-12T19:44:43.569897Z"}
{"node": "assess_relevance", "event": "start", "query_preview": "Quel algorithme de chiffrement le coupe-feu utilise-t-il dans l'architecture sin", "correlation_id": "01KTYNT5MS9CYH683F49KNTRXT", "level": "info", "timestamp": "2026-06-12T19:44:43.571355Z"}
{"prompt_tag": "assess_relevance@v3", "schema": "RelevanceAssessment", "model": "cyankiwi/Qwen3.5-4B-AWQ-4bit", "max_tokens": 1024, "temperature": 0.1, "top_p": 0.8, "presence_penalty": 1.0, "seed": 42, "message_count": 1, "event": "model_call.start", "query_preview": "Quel algorithme de chiffrement le coupe-feu utilise-t-il dans l'architecture sin", "correlation_id": "01KTYNT5MS9CYH683F49KNTRXT", "level": "info", "timestamp": "2026-06-12T19:44:43.572354Z"}
Authentication error: Langfuse client initialized without public_key. Client will be disabled. Provide a public_key parameter or set LANGFUSE_PUBLIC_KEY environment variable. 
{"prompt_tag": "assess_relevance@v3", "schema": "RelevanceAssessment", "tokens": 849, "event": "model_call.done", "query_preview": "Quel algorithme de chiffrement le coupe-feu utilise-t-il dans l'architecture sin", "correlation_id": "01KTYNT5MS9CYH683F49KNTRXT", "level": "info", "timestamp": "2026-06-12T19:44:44.066958Z"}
{"node": "assess_relevance", "responsive": false, "event": "relevance", "query_preview": "Quel algorithme de chiffrement le coupe-feu utilise-t-il dans l'architecture sin", "correlation_id": "01KTYNT5MS9CYH683F49KNTRXT", "level": "info", "timestamp": "2026-06-12T19:44:44.067045Z"}
{"node": "refuse", "event": "start", "query_preview": "Quel algorithme de chiffrement le coupe-feu utilise-t-il dans l'architecture sin", "correlation_id": "01KTYNT5MS9CYH683F49KNTRXT", "level": "info", "timestamp": "2026-06-12T19:44:44.068545Z"}
Authentication error: Langfuse client initialized without public_key. Client will be disabled. Provide a public_key parameter or set LANGFUSE_PUBLIC_KEY environment variable. 
{"node": "retrieve", "query_len": 69, "event": "start", "query_preview": "Quelle valeur de bande passante le paquet bandwidthd a-t-il mesur\u00e9e ?", "correlation_id": "01KTYNV215G2WG4H4WSX14S83R", "level": "info", "timestamp": "2026-06-12T19:44:44.070182Z"}
{"query_len": 69, "k": 50, "event": "hybrid.start", "query_preview": "Quelle valeur de bande passante le paquet bandwidthd a-t-il mesur\u00e9e ?", "correlation_id": "01KTYNV215G2WG4H4WSX14S83R", "level": "info", "timestamp": "2026-06-12T19:44:44.070220Z"}
{"query_len": 69, "k": 50, "dense": 50, "bm25": 0, "fused": 50, "term": false, "event": "hybrid.done", "query_preview": "Quelle valeur de bande passante le paquet bandwidthd a-t-il mesur\u00e9e ?", "correlation_id": "01KTYNV215G2WG4H4WSX14S83R", "level": "info", "timestamp": "2026-06-12T19:44:44.151092Z"}
{"node": "retrieve", "candidate_count": 50, "event": "done", "query_preview": "Quelle valeur de bande passante le paquet bandwidthd a-t-il mesur\u00e9e ?", "correlation_id": "01KTYNV215G2WG4H4WSX14S83R", "level": "info", "timestamp": "2026-06-12T19:44:44.152120Z"}
{"node": "expand_graph", "reason": "disabled_or_empty", "event": "skip", "query_preview": "Quelle valeur de bande passante le paquet bandwidthd a-t-il mesur\u00e9e ?", "correlation_id": "01KTYNV215G2WG4H4WSX14S83R", "level": "info", "timestamp": "2026-06-12T19:44:44.153598Z"}
{"node": "rerank", "candidate_count": 50, "event": "start", "query_preview": "Quelle valeur de bande passante le paquet bandwidthd a-t-il mesur\u00e9e ?", "correlation_id": "01KTYNV215G2WG4H4WSX14S83R", "level": "info", "timestamp": "2026-06-12T19:44:44.154123Z"}
{"node": "rerank", "top_k": 5, "source": "mode", "event": "top_k_resolved", "query_preview": "Quelle valeur de bande passante le paquet bandwidthd a-t-il mesur\u00e9e ?", "correlation_id": "01KTYNV215G2WG4H4WSX14S83R", "level": "info", "timestamp": "2026-06-12T19:44:44.154184Z"}
{"candidates": 50, "top_k": 5, "backend": "cross_encoder", "event": "rerank.start", "query_preview": "Quelle valeur de bande passante le paquet bandwidthd a-t-il mesur\u00e9e ?", "correlation_id": "01KTYNV215G2WG4H4WSX14S83R", "level": "info", "timestamp": "2026-06-12T19:44:44.154212Z"}
{"candidates": 50, "top_k": 5, "backend": "cross_encoder", "returned": 5, "event": "rerank.done", "query_preview": "Quelle valeur de bande passante le paquet bandwidthd a-t-il mesur\u00e9e ?", "correlation_id": "01KTYNV215G2WG4H4WSX14S83R", "level": "info", "timestamp": "2026-06-12T19:45:02.469106Z"}
{"node": "rerank", "reranked_count": 5, "event": "done", "query_preview": "Quelle valeur de bande passante le paquet bandwidthd a-t-il mesur\u00e9e ?", "correlation_id": "01KTYNV215G2WG4H4WSX14S83R", "level": "info", "timestamp": "2026-06-12T19:45:02.469201Z"}
{"node": "query_tables", "reason": "empty_or_not_table_shaped", "event": "skip", "query_preview": "Quelle valeur de bande passante le paquet bandwidthd a-t-il mesur\u00e9e ?", "correlation_id": "01KTYNV215G2WG4H4WSX14S83R", "level": "info", "timestamp": "2026-06-12T19:45:02.470934Z"}
{"node": "assess", "reranked_count": 5, "event": "start", "query_preview": "Quelle valeur de bande passante le paquet bandwidthd a-t-il mesur\u00e9e ?", "correlation_id": "01KTYNV215G2WG4H4WSX14S83R", "level": "info", "timestamp": "2026-06-12T19:45:02.471611Z"}
{"prompt_tag": "assess_sufficiency@v4", "schema": "SufficiencyAssessment", "model": "cyankiwi/Qwen3.5-4B-AWQ-4bit", "max_tokens": 1024, "temperature": 0.1, "top_p": 0.8, "presence_penalty": 1.0, "seed": 42, "message_count": 1, "event": "model_call.start", "query_preview": "Quelle valeur de bande passante le paquet bandwidthd a-t-il mesur\u00e9e ?", "correlation_id": "01KTYNV215G2WG4H4WSX14S83R", "level": "info", "timestamp": "2026-06-12T19:45:02.473526Z"}
Authentication error: Langfuse client initialized without public_key. Client will be disabled. Provide a public_key parameter or set LANGFUSE_PUBLIC_KEY environment variable. 
{"prompt_tag": "assess_sufficiency@v4", "schema": "SufficiencyAssessment", "tokens": 1766, "event": "model_call.done", "query_preview": "Quelle valeur de bande passante le paquet bandwidthd a-t-il mesur\u00e9e ?", "correlation_id": "01KTYNV215G2WG4H4WSX14S83R", "level": "info", "timestamp": "2026-06-12T19:45:03.321338Z"}
{"node": "answer", "regenerate_attempt": 0, "event": "start", "query_preview": "Quelle valeur de bande passante le paquet bandwidthd a-t-il mesur\u00e9e ?", "correlation_id": "01KTYNV215G2WG4H4WSX14S83R", "level": "info", "timestamp": "2026-06-12T19:45:03.322500Z"}
{"prompt_tag": "answer@v5", "schema": "DraftAnswer", "model": "cyankiwi/Qwen3.5-4B-AWQ-4bit", "max_tokens": 1800, "temperature": 0.1, "top_p": 0.8, "presence_penalty": 1.0, "seed": 42, "message_count": 2, "event": "model_call.start", "query_preview": "Quelle valeur de bande passante le paquet bandwidthd a-t-il mesur\u00e9e ?", "correlation_id": "01KTYNV215G2WG4H4WSX14S83R", "level": "info", "timestamp": "2026-06-12T19:45:03.324485Z"}
Authentication error: Langfuse client initialized without public_key. Client will be disabled. Provide a public_key parameter or set LANGFUSE_PUBLIC_KEY environment variable. 
{"prompt_tag": "answer@v5", "schema": "DraftAnswer", "tokens": 3342, "event": "model_call.done", "query_preview": "Quelle valeur de bande passante le paquet bandwidthd a-t-il mesur\u00e9e ?", "correlation_id": "01KTYNV215G2WG4H4WSX14S83R", "level": "info", "timestamp": "2026-06-12T19:45:04.281749Z"}
{"node": "verify", "claim_count": 0, "event": "start", "query_preview": "Quelle valeur de bande passante le paquet bandwidthd a-t-il mesur\u00e9e ?", "correlation_id": "01KTYNV215G2WG4H4WSX14S83R", "level": "info", "timestamp": "2026-06-12T19:45:04.282692Z"}
{"node": "verify", "event": "empty_draft_shortcircuit", "query_preview": "Quelle valeur de bande passante le paquet bandwidthd a-t-il mesur\u00e9e ?", "correlation_id": "01KTYNV215G2WG4H4WSX14S83R", "level": "info", "timestamp": "2026-06-12T19:45:04.282733Z"}
{"node": "assess_relevance", "event": "start", "query_preview": "Quelle valeur de bande passante le paquet bandwidthd a-t-il mesur\u00e9e ?", "correlation_id": "01KTYNV215G2WG4H4WSX14S83R", "level": "info", "timestamp": "2026-06-12T19:45:04.283901Z"}
{"prompt_tag": "assess_relevance@v3", "schema": "RelevanceAssessment", "model": "cyankiwi/Qwen3.5-4B-AWQ-4bit", "max_tokens": 1024, "temperature": 0.1, "top_p": 0.8, "presence_penalty": 1.0, "seed": 42, "message_count": 1, "event": "model_call.start", "query_preview": "Quelle valeur de bande passante le paquet bandwidthd a-t-il mesur\u00e9e ?", "correlation_id": "01KTYNV215G2WG4H4WSX14S83R", "level": "info", "timestamp": "2026-06-12T19:45:04.284876Z"}
Authentication error: Langfuse client initialized without public_key. Client will be disabled. Provide a public_key parameter or set LANGFUSE_PUBLIC_KEY environment variable. 
{"prompt_tag": "assess_relevance@v3", "schema": "RelevanceAssessment", "tokens": 865, "event": "model_call.done", "query_preview": "Quelle valeur de bande passante le paquet bandwidthd a-t-il mesur\u00e9e ?", "correlation_id": "01KTYNV215G2WG4H4WSX14S83R", "level": "info", "timestamp": "2026-06-12T19:45:04.731163Z"}
{"node": "assess_relevance", "responsive": true, "event": "relevance", "query_preview": "Quelle valeur de bande passante le paquet bandwidthd a-t-il mesur\u00e9e ?", "correlation_id": "01KTYNV215G2WG4H4WSX14S83R", "level": "info", "timestamp": "2026-06-12T19:45:04.731213Z"}
{"node": "compose", "event": "start", "query_preview": "Quelle valeur de bande passante le paquet bandwidthd a-t-il mesur\u00e9e ?", "correlation_id": "01KTYNV215G2WG4H4WSX14S83R", "level": "info", "timestamp": "2026-06-12T19:45:04.732383Z"}
{"query_count": 17, "quick": false, "error_count": 0, "mean_citation_precision": 0.35294117647058826, "mean_citation_precision_answered_only": 0.0, "answer_text_checked": 0, "answer_text_correct_count": 0, "mean_answer_mention_recall": null, "event": "eval.done", "level": "info", "timestamp": "2026-06-12T19:45:04.733022Z"}
