{"vault_path": "/home/drei/.memex/vault", "event": "bootstrap", "level": "info", "timestamp": "2026-06-12T17:09:48.352757Z"}
{"estimated_gb": 11.8, "budget_gb": 9.8, "total_gb": 11.6, "gpu": "NVIDIA GeForce RTX 4070", "vlm_counted": false, "co_residence_mode": "manual", "embedder_device": "cpu", "reranker_device": "cpu", "fix": "lower hardware.gpu_memory_fraction, switch to a lighter co-residence mode (MEMEX_MODELS__CO_RESIDENCE_MODE=full puts the reranker on CPU), switch to a smaller VLM variant (vlm_quantization=awq_int4), or reduce the orchestrator quant tier", "event": "vram.budget.tight", "level": "warning", "timestamp": "2026-06-12T17:09:49.091554Z"}
{"component": "bootstrap.gpu", "total_gb": 11.56, "free_gb": 4.47, "holders": ["pid 382037: VLLM::EngineCore (6170 MiB)", "pid 1111385: /home/drei/project/Doc_Flo/.venv/bin/python3 (154 MiB)"], "event": "gpu.preflight", "level": "info", "timestamp": "2026-06-12T17:09:49.193746Z"}
{"query_count": 17, "quick": false, "event": "eval.start", "level": "info", "timestamp": "2026-06-12T17:09:49.232908Z"}
Authentication error: Langfuse client initialized without public_key. Client will be disabled. Provide a public_key parameter or set LANGFUSE_PUBLIC_KEY environment variable. 
{"node": "retrieve", "query_len": 70, "event": "start", "correlation_id": "01KTYCZD1GRHP3TZAWCH8Q3RW4", "query_preview": "Quelles architectures de coupe-feu (firewall) le cours pr\u00e9sente-t-il ?", "level": "info", "timestamp": "2026-06-12T17:09:49.260966Z"}
{"query_len": 70, "k": 50, "event": "hybrid.start", "correlation_id": "01KTYCZD1GRHP3TZAWCH8Q3RW4", "query_preview": "Quelles architectures de coupe-feu (firewall) le cours pr\u00e9sente-t-il ?", "level": "info", "timestamp": "2026-06-12T17:09:49.261025Z"}
{"name": "embedder", "event": "model.load.start", "correlation_id": "01KTYCZD1GRHP3TZAWCH8Q3RW4", "query_preview": "Quelles architectures de coupe-feu (firewall) le cours pr\u00e9sente-t-il ?", "level": "info", "timestamp": "2026-06-12T17:09:49.264887Z"}
`torch_dtype` is deprecated! Use `dtype` instead!
{"name": "embedder", "event": "model.load.done", "correlation_id": "01KTYCZD1GRHP3TZAWCH8Q3RW4", "query_preview": "Quelles architectures de coupe-feu (firewall) le cours pr\u00e9sente-t-il ?", "level": "info", "timestamp": "2026-06-12T17:09:53.000411Z"}
{"query_len": 70, "k": 50, "dense": 50, "bm25": 0, "fused": 50, "term": false, "event": "hybrid.done", "correlation_id": "01KTYCZD1GRHP3TZAWCH8Q3RW4", "query_preview": "Quelles architectures de coupe-feu (firewall) le cours pr\u00e9sente-t-il ?", "level": "info", "timestamp": "2026-06-12T17:09:53.183500Z"}
{"node": "retrieve", "candidate_count": 50, "event": "done", "correlation_id": "01KTYCZD1GRHP3TZAWCH8Q3RW4", "query_preview": "Quelles architectures de coupe-feu (firewall) le cours pr\u00e9sente-t-il ?", "level": "info", "timestamp": "2026-06-12T17:09:53.184313Z"}
{"node": "expand_graph", "reason": "disabled_or_empty", "event": "skip", "correlation_id": "01KTYCZD1GRHP3TZAWCH8Q3RW4", "query_preview": "Quelles architectures de coupe-feu (firewall) le cours pr\u00e9sente-t-il ?", "level": "info", "timestamp": "2026-06-12T17:09:53.185958Z"}
{"node": "rerank", "candidate_count": 50, "event": "start", "correlation_id": "01KTYCZD1GRHP3TZAWCH8Q3RW4", "query_preview": "Quelles architectures de coupe-feu (firewall) le cours pr\u00e9sente-t-il ?", "level": "info", "timestamp": "2026-06-12T17:09:53.186489Z"}
{"node": "rerank", "top_k": 5, "source": "mode", "event": "top_k_resolved", "correlation_id": "01KTYCZD1GRHP3TZAWCH8Q3RW4", "query_preview": "Quelles architectures de coupe-feu (firewall) le cours pr\u00e9sente-t-il ?", "level": "info", "timestamp": "2026-06-12T17:09:53.186542Z"}
{"candidates": 50, "top_k": 5, "backend": "cross_encoder", "event": "rerank.start", "correlation_id": "01KTYCZD1GRHP3TZAWCH8Q3RW4", "query_preview": "Quelles architectures de coupe-feu (firewall) le cours pr\u00e9sente-t-il ?", "level": "info", "timestamp": "2026-06-12T17:09:53.186574Z"}
{"name": "reranker", "event": "model.load.start", "correlation_id": "01KTYCZD1GRHP3TZAWCH8Q3RW4", "query_preview": "Quelles architectures de coupe-feu (firewall) le cours pr\u00e9sente-t-il ?", "level": "info", "timestamp": "2026-06-12T17:09:53.186606Z"}
{"name": "reranker", "event": "model.load.done", "correlation_id": "01KTYCZD1GRHP3TZAWCH8Q3RW4", "query_preview": "Quelles architectures de coupe-feu (firewall) le cours pr\u00e9sente-t-il ?", "level": "info", "timestamp": "2026-06-12T17:09:54.173047Z"}
{"candidates": 50, "top_k": 5, "backend": "cross_encoder", "returned": 5, "event": "rerank.done", "correlation_id": "01KTYCZD1GRHP3TZAWCH8Q3RW4", "query_preview": "Quelles architectures de coupe-feu (firewall) le cours pr\u00e9sente-t-il ?", "level": "info", "timestamp": "2026-06-12T17:10:18.668620Z"}
{"node": "rerank", "reranked_count": 5, "event": "done", "correlation_id": "01KTYCZD1GRHP3TZAWCH8Q3RW4", "query_preview": "Quelles architectures de coupe-feu (firewall) le cours pr\u00e9sente-t-il ?", "level": "info", "timestamp": "2026-06-12T17:10:18.668724Z"}
{"node": "query_tables", "reason": "empty_or_not_table_shaped", "event": "skip", "correlation_id": "01KTYCZD1GRHP3TZAWCH8Q3RW4", "query_preview": "Quelles architectures de coupe-feu (firewall) le cours pr\u00e9sente-t-il ?", "level": "info", "timestamp": "2026-06-12T17:10:18.671216Z"}
{"node": "assess", "reranked_count": 5, "event": "start", "correlation_id": "01KTYCZD1GRHP3TZAWCH8Q3RW4", "query_preview": "Quelles architectures de coupe-feu (firewall) le cours pr\u00e9sente-t-il ?", "level": "info", "timestamp": "2026-06-12T17:10:18.672199Z"}
{"prompt_tag": "assess_sufficiency@v4", "schema": "SufficiencyAssessment", "model": "cyankiwi/Qwen3.5-4B-AWQ-4bit", "max_tokens": 1024, "temperature": 0.1, "top_p": 0.8, "presence_penalty": 1.0, "seed": 42, "message_count": 1, "event": "model_call.start", "correlation_id": "01KTYCZD1GRHP3TZAWCH8Q3RW4", "query_preview": "Quelles architectures de coupe-feu (firewall) le cours pr\u00e9sente-t-il ?", "level": "info", "timestamp": "2026-06-12T17:10:18.676114Z"}
Authentication error: Langfuse client initialized without public_key. Client will be disabled. Provide a public_key parameter or set LANGFUSE_PUBLIC_KEY environment variable. 
{"prompt_tag": "assess_sufficiency@v4", "schema": "SufficiencyAssessment", "tokens": 2640, "event": "model_call.done", "correlation_id": "01KTYCZD1GRHP3TZAWCH8Q3RW4", "query_preview": "Quelles architectures de coupe-feu (firewall) le cours pr\u00e9sente-t-il ?", "level": "info", "timestamp": "2026-06-12T17:10:19.587565Z"}
{"node": "answer", "regenerate_attempt": 0, "event": "start", "correlation_id": "01KTYCZD1GRHP3TZAWCH8Q3RW4", "query_preview": "Quelles architectures de coupe-feu (firewall) le cours pr\u00e9sente-t-il ?", "level": "info", "timestamp": "2026-06-12T17:10:19.589840Z"}
{"prompt_tag": "answer@v5", "schema": "DraftAnswer", "model": "cyankiwi/Qwen3.5-4B-AWQ-4bit", "max_tokens": 1800, "temperature": 0.1, "top_p": 0.8, "presence_penalty": 1.0, "seed": 42, "message_count": 2, "event": "model_call.start", "correlation_id": "01KTYCZD1GRHP3TZAWCH8Q3RW4", "query_preview": "Quelles architectures de coupe-feu (firewall) le cours pr\u00e9sente-t-il ?", "level": "info", "timestamp": "2026-06-12T17:10:19.592899Z"}
Authentication error: Langfuse client initialized without public_key. Client will be disabled. Provide a public_key parameter or set LANGFUSE_PUBLIC_KEY environment variable. 
{"prompt_tag": "answer@v5", "schema": "DraftAnswer", "tokens": 4303, "event": "model_call.done", "correlation_id": "01KTYCZD1GRHP3TZAWCH8Q3RW4", "query_preview": "Quelles architectures de coupe-feu (firewall) le cours pr\u00e9sente-t-il ?", "level": "info", "timestamp": "2026-06-12T17:10:21.368961Z"}
{"node": "answer", "exact": 0, "suffix": 0, "fuzzy": 1, "unresolved": 0, "event": "chunk_id_repair", "correlation_id": "01KTYCZD1GRHP3TZAWCH8Q3RW4", "query_preview": "Quelles architectures de coupe-feu (firewall) le cours pr\u00e9sente-t-il ?", "level": "info", "timestamp": "2026-06-12T17:10:21.369121Z"}
{"node": "verify", "claim_count": 1, "event": "start", "correlation_id": "01KTYCZD1GRHP3TZAWCH8Q3RW4", "query_preview": "Quelles architectures de coupe-feu (firewall) le cours pr\u00e9sente-t-il ?", "level": "info", "timestamp": "2026-06-12T17:10:21.370267Z"}
{"prompt_tag": "verify_grounding@v2", "schema": "VerificationResult", "model": "cyankiwi/Qwen3.5-4B-AWQ-4bit", "max_tokens": 1024, "temperature": 0.1, "top_p": 0.8, "presence_penalty": 1.0, "seed": 42, "message_count": 1, "event": "model_call.start", "correlation_id": "01KTYCZD1GRHP3TZAWCH8Q3RW4", "query_preview": "Quelles architectures de coupe-feu (firewall) le cours pr\u00e9sente-t-il ?", "level": "info", "timestamp": "2026-06-12T17:10:21.374761Z"}
Authentication error: Langfuse client initialized without public_key. Client will be disabled. Provide a public_key parameter or set LANGFUSE_PUBLIC_KEY environment variable. 
{"prompt_tag": "verify_grounding@v2", "schema": "VerificationResult", "tokens": 2153, "event": "model_call.done", "correlation_id": "01KTYCZD1GRHP3TZAWCH8Q3RW4", "query_preview": "Quelles architectures de coupe-feu (firewall) le cours pr\u00e9sente-t-il ?", "level": "info", "timestamp": "2026-06-12T17:10:21.892120Z"}
{"node": "assess_relevance", "event": "start", "correlation_id": "01KTYCZD1GRHP3TZAWCH8Q3RW4", "query_preview": "Quelles architectures de coupe-feu (firewall) le cours pr\u00e9sente-t-il ?", "level": "info", "timestamp": "2026-06-12T17:10:21.894264Z"}
{"prompt_tag": "assess_relevance@v3", "schema": "RelevanceAssessment", "model": "cyankiwi/Qwen3.5-4B-AWQ-4bit", "max_tokens": 1024, "temperature": 0.1, "top_p": 0.8, "presence_penalty": 1.0, "seed": 42, "message_count": 1, "event": "model_call.start", "correlation_id": "01KTYCZD1GRHP3TZAWCH8Q3RW4", "query_preview": "Quelles architectures de coupe-feu (firewall) le cours pr\u00e9sente-t-il ?", "level": "info", "timestamp": "2026-06-12T17:10:21.895854Z"}
Authentication error: Langfuse client initialized without public_key. Client will be disabled. Provide a public_key parameter or set LANGFUSE_PUBLIC_KEY environment variable. 
{"prompt_tag": "assess_relevance@v3", "schema": "RelevanceAssessment", "tokens": 858, "event": "model_call.done", "correlation_id": "01KTYCZD1GRHP3TZAWCH8Q3RW4", "query_preview": "Quelles architectures de coupe-feu (firewall) le cours pr\u00e9sente-t-il ?", "level": "info", "timestamp": "2026-06-12T17:10:22.246832Z"}
{"node": "assess_relevance", "responsive": true, "event": "relevance", "correlation_id": "01KTYCZD1GRHP3TZAWCH8Q3RW4", "query_preview": "Quelles architectures de coupe-feu (firewall) le cours pr\u00e9sente-t-il ?", "level": "info", "timestamp": "2026-06-12T17:10:22.246890Z"}
{"node": "compose", "event": "start", "correlation_id": "01KTYCZD1GRHP3TZAWCH8Q3RW4", "query_preview": "Quelles architectures de coupe-feu (firewall) le cours pr\u00e9sente-t-il ?", "level": "info", "timestamp": "2026-06-12T17:10:22.248779Z"}
Authentication error: Langfuse client initialized without public_key. Client will be disabled. Provide a public_key parameter or set LANGFUSE_PUBLIC_KEY environment variable. 
{"node": "retrieve", "query_len": 85, "event": "start", "correlation_id": "01KTYD0D99THH59RVV7347HW3H", "query_preview": "Dans l'architecture single-tier, quels \u00e9quipements relient Internet au r\u00e9seau pr", "level": "info", "timestamp": "2026-06-12T17:10:22.251430Z"}
{"query_len": 85, "k": 50, "event": "hybrid.start", "correlation_id": "01KTYD0D99THH59RVV7347HW3H", "query_preview": "Dans l'architecture single-tier, quels \u00e9quipements relient Internet au r\u00e9seau pr", "level": "info", "timestamp": "2026-06-12T17:10:22.251482Z"}
{"query_len": 85, "k": 50, "dense": 50, "bm25": 0, "fused": 50, "term": false, "event": "hybrid.done", "correlation_id": "01KTYD0D99THH59RVV7347HW3H", "query_preview": "Dans l'architecture single-tier, quels \u00e9quipements relient Internet au r\u00e9seau pr", "level": "info", "timestamp": "2026-06-12T17:10:22.339111Z"}
{"node": "retrieve", "candidate_count": 50, "event": "done", "correlation_id": "01KTYD0D99THH59RVV7347HW3H", "query_preview": "Dans l'architecture single-tier, quels \u00e9quipements relient Internet au r\u00e9seau pr", "level": "info", "timestamp": "2026-06-12T17:10:22.340267Z"}
{"node": "expand_graph", "reason": "disabled_or_empty", "event": "skip", "correlation_id": "01KTYD0D99THH59RVV7347HW3H", "query_preview": "Dans l'architecture single-tier, quels \u00e9quipements relient Internet au r\u00e9seau pr", "level": "info", "timestamp": "2026-06-12T17:10:22.341822Z"}
{"node": "rerank", "candidate_count": 50, "event": "start", "correlation_id": "01KTYD0D99THH59RVV7347HW3H", "query_preview": "Dans l'architecture single-tier, quels \u00e9quipements relient Internet au r\u00e9seau pr", "level": "info", "timestamp": "2026-06-12T17:10:22.342443Z"}
{"node": "rerank", "top_k": 5, "source": "mode", "event": "top_k_resolved", "correlation_id": "01KTYD0D99THH59RVV7347HW3H", "query_preview": "Dans l'architecture single-tier, quels \u00e9quipements relient Internet au r\u00e9seau pr", "level": "info", "timestamp": "2026-06-12T17:10:22.342509Z"}
{"candidates": 50, "top_k": 5, "backend": "cross_encoder", "event": "rerank.start", "correlation_id": "01KTYD0D99THH59RVV7347HW3H", "query_preview": "Dans l'architecture single-tier, quels \u00e9quipements relient Internet au r\u00e9seau pr", "level": "info", "timestamp": "2026-06-12T17:10:22.342548Z"}
{"candidates": 50, "top_k": 5, "backend": "cross_encoder", "returned": 5, "event": "rerank.done", "correlation_id": "01KTYD0D99THH59RVV7347HW3H", "query_preview": "Dans l'architecture single-tier, quels \u00e9quipements relient Internet au r\u00e9seau pr", "level": "info", "timestamp": "2026-06-12T17:10:42.395019Z"}
{"node": "rerank", "reranked_count": 5, "event": "done", "correlation_id": "01KTYD0D99THH59RVV7347HW3H", "query_preview": "Dans l'architecture single-tier, quels \u00e9quipements relient Internet au r\u00e9seau pr", "level": "info", "timestamp": "2026-06-12T17:10:42.395207Z"}
{"node": "query_tables", "reason": "empty_or_not_table_shaped", "event": "skip", "correlation_id": "01KTYD0D99THH59RVV7347HW3H", "query_preview": "Dans l'architecture single-tier, quels \u00e9quipements relient Internet au r\u00e9seau pr", "level": "info", "timestamp": "2026-06-12T17:10:42.397173Z"}
{"node": "assess", "reranked_count": 5, "event": "start", "correlation_id": "01KTYD0D99THH59RVV7347HW3H", "query_preview": "Dans l'architecture single-tier, quels \u00e9quipements relient Internet au r\u00e9seau pr", "level": "info", "timestamp": "2026-06-12T17:10:42.397942Z"}
{"prompt_tag": "assess_sufficiency@v4", "schema": "SufficiencyAssessment", "model": "cyankiwi/Qwen3.5-4B-AWQ-4bit", "max_tokens": 1024, "temperature": 0.1, "top_p": 0.8, "presence_penalty": 1.0, "seed": 42, "message_count": 1, "event": "model_call.start", "correlation_id": "01KTYD0D99THH59RVV7347HW3H", "query_preview": "Dans l'architecture single-tier, quels \u00e9quipements relient Internet au r\u00e9seau pr", "level": "info", "timestamp": "2026-06-12T17:10:42.399824Z"}
Authentication error: Langfuse client initialized without public_key. Client will be disabled. Provide a public_key parameter or set LANGFUSE_PUBLIC_KEY environment variable. 
{"prompt_tag": "assess_sufficiency@v4", "schema": "SufficiencyAssessment", "tokens": 1283, "event": "model_call.done", "correlation_id": "01KTYD0D99THH59RVV7347HW3H", "query_preview": "Dans l'architecture single-tier, quels \u00e9quipements relient Internet au r\u00e9seau pr", "level": "info", "timestamp": "2026-06-12T17:10:43.078841Z"}
{"node": "answer", "regenerate_attempt": 0, "event": "start", "correlation_id": "01KTYD0D99THH59RVV7347HW3H", "query_preview": "Dans l'architecture single-tier, quels \u00e9quipements relient Internet au r\u00e9seau pr", "level": "info", "timestamp": "2026-06-12T17:10:43.079975Z"}
{"prompt_tag": "answer@v5", "schema": "DraftAnswer", "model": "cyankiwi/Qwen3.5-4B-AWQ-4bit", "max_tokens": 1800, "temperature": 0.1, "top_p": 0.8, "presence_penalty": 1.0, "seed": 42, "message_count": 2, "event": "model_call.start", "correlation_id": "01KTYD0D99THH59RVV7347HW3H", "query_preview": "Dans l'architecture single-tier, quels \u00e9quipements relient Internet au r\u00e9seau pr", "level": "info", "timestamp": "2026-06-12T17:10:43.081994Z"}
Authentication error: Langfuse client initialized without public_key. Client will be disabled. Provide a public_key parameter or set LANGFUSE_PUBLIC_KEY environment variable. 
{"prompt_tag": "answer@v5", "schema": "DraftAnswer", "tokens": 3008, "event": "model_call.done", "correlation_id": "01KTYD0D99THH59RVV7347HW3H", "query_preview": "Dans l'architecture single-tier, quels \u00e9quipements relient Internet au r\u00e9seau pr", "level": "info", "timestamp": "2026-06-12T17:10:45.197681Z"}
{"node": "answer", "exact": 0, "suffix": 0, "fuzzy": 1, "unresolved": 1, "event": "chunk_id_repair", "correlation_id": "01KTYD0D99THH59RVV7347HW3H", "query_preview": "Dans l'architecture single-tier, quels \u00e9quipements relient Internet au r\u00e9seau pr", "level": "info", "timestamp": "2026-06-12T17:10:45.197868Z"}
{"node": "verify", "claim_count": 2, "event": "start", "correlation_id": "01KTYD0D99THH59RVV7347HW3H", "query_preview": "Dans l'architecture single-tier, quels \u00e9quipements relient Internet au r\u00e9seau pr", "level": "info", "timestamp": "2026-06-12T17:10:45.198634Z"}
{"prompt_tag": "verify_grounding@v2", "schema": "VerificationResult", "model": "cyankiwi/Qwen3.5-4B-AWQ-4bit", "max_tokens": 1024, "temperature": 0.1, "top_p": 0.8, "presence_penalty": 1.0, "seed": 42, "message_count": 1, "event": "model_call.start", "correlation_id": "01KTYD0D99THH59RVV7347HW3H", "query_preview": "Dans l'architecture single-tier, quels \u00e9quipements relient Internet au r\u00e9seau pr", "level": "info", "timestamp": "2026-06-12T17:10:45.201886Z"}
Authentication error: Langfuse client initialized without public_key. Client will be disabled. Provide a public_key parameter or set LANGFUSE_PUBLIC_KEY environment variable. 
{"prompt_tag": "verify_grounding@v2", "schema": "VerificationResult", "tokens": 1256, "event": "model_call.done", "correlation_id": "01KTYD0D99THH59RVV7347HW3H", "query_preview": "Dans l'architecture single-tier, quels \u00e9quipements relient Internet au r\u00e9seau pr", "level": "info", "timestamp": "2026-06-12T17:10:45.606537Z"}
{"node": "assess_relevance", "event": "start", "correlation_id": "01KTYD0D99THH59RVV7347HW3H", "query_preview": "Dans l'architecture single-tier, quels \u00e9quipements relient Internet au r\u00e9seau pr", "level": "info", "timestamp": "2026-06-12T17:10:45.607715Z"}
{"prompt_tag": "assess_relevance@v3", "schema": "RelevanceAssessment", "model": "cyankiwi/Qwen3.5-4B-AWQ-4bit", "max_tokens": 1024, "temperature": 0.1, "top_p": 0.8, "presence_penalty": 1.0, "seed": 42, "message_count": 1, "event": "model_call.start", "correlation_id": "01KTYD0D99THH59RVV7347HW3H", "query_preview": "Dans l'architecture single-tier, quels \u00e9quipements relient Internet au r\u00e9seau pr", "level": "info", "timestamp": "2026-06-12T17:10:45.608746Z"}
Authentication error: Langfuse client initialized without public_key. Client will be disabled. Provide a public_key parameter or set LANGFUSE_PUBLIC_KEY environment variable. 
{"prompt_tag": "assess_relevance@v3", "schema": "RelevanceAssessment", "tokens": 897, "event": "model_call.done", "correlation_id": "01KTYD0D99THH59RVV7347HW3H", "query_preview": "Dans l'architecture single-tier, quels \u00e9quipements relient Internet au r\u00e9seau pr", "level": "info", "timestamp": "2026-06-12T17:10:46.054652Z"}
{"node": "assess_relevance", "responsive": true, "event": "relevance", "correlation_id": "01KTYD0D99THH59RVV7347HW3H", "query_preview": "Dans l'architecture single-tier, quels \u00e9quipements relient Internet au r\u00e9seau pr", "level": "info", "timestamp": "2026-06-12T17:10:46.054704Z"}
{"node": "compose", "event": "start", "correlation_id": "01KTYD0D99THH59RVV7347HW3H", "query_preview": "Dans l'architecture single-tier, quels \u00e9quipements relient Internet au r\u00e9seau pr", "level": "info", "timestamp": "2026-06-12T17:10:46.055784Z"}
Authentication error: Langfuse client initialized without public_key. Client will be disabled. Provide a public_key parameter or set LANGFUSE_PUBLIC_KEY environment variable. 
{"node": "retrieve", "query_len": 93, "event": "start", "correlation_id": "01KTYD14H8RF5FNQ9XEY1MJC3R", "query_preview": "Quel segment r\u00e9seau appara\u00eet uniquement dans les architectures \u00e0 trois niveaux (", "level": "info", "timestamp": "2026-06-12T17:10:46.057229Z"}
{"query_len": 93, "k": 50, "event": "hybrid.start", "correlation_id": "01KTYD14H8RF5FNQ9XEY1MJC3R", "query_preview": "Quel segment r\u00e9seau appara\u00eet uniquement dans les architectures \u00e0 trois niveaux (", "level": "info", "timestamp": "2026-06-12T17:10:46.057270Z"}
{"query_len": 93, "k": 50, "dense": 50, "bm25": 0, "fused": 50, "term": false, "event": "hybrid.done", "correlation_id": "01KTYD14H8RF5FNQ9XEY1MJC3R", "query_preview": "Quel segment r\u00e9seau appara\u00eet uniquement dans les architectures \u00e0 trois niveaux (", "level": "info", "timestamp": "2026-06-12T17:10:46.135679Z"}
{"node": "retrieve", "candidate_count": 50, "event": "done", "correlation_id": "01KTYD14H8RF5FNQ9XEY1MJC3R", "query_preview": "Quel segment r\u00e9seau appara\u00eet uniquement dans les architectures \u00e0 trois niveaux (", "level": "info", "timestamp": "2026-06-12T17:10:46.136541Z"}
{"node": "expand_graph", "reason": "disabled_or_empty", "event": "skip", "correlation_id": "01KTYD14H8RF5FNQ9XEY1MJC3R", "query_preview": "Quel segment r\u00e9seau appara\u00eet uniquement dans les architectures \u00e0 trois niveaux (", "level": "info", "timestamp": "2026-06-12T17:10:46.137862Z"}
{"node": "rerank", "candidate_count": 50, "event": "start", "correlation_id": "01KTYD14H8RF5FNQ9XEY1MJC3R", "query_preview": "Quel segment r\u00e9seau appara\u00eet uniquement dans les architectures \u00e0 trois niveaux (", "level": "info", "timestamp": "2026-06-12T17:10:46.138409Z"}
{"node": "rerank", "top_k": 5, "source": "mode", "event": "top_k_resolved", "correlation_id": "01KTYD14H8RF5FNQ9XEY1MJC3R", "query_preview": "Quel segment r\u00e9seau appara\u00eet uniquement dans les architectures \u00e0 trois niveaux (", "level": "info", "timestamp": "2026-06-12T17:10:46.138460Z"}
{"candidates": 50, "top_k": 5, "backend": "cross_encoder", "event": "rerank.start", "correlation_id": "01KTYD14H8RF5FNQ9XEY1MJC3R", "query_preview": "Quel segment r\u00e9seau appara\u00eet uniquement dans les architectures \u00e0 trois niveaux (", "level": "info", "timestamp": "2026-06-12T17:10:46.138483Z"}
{"candidates": 50, "top_k": 5, "backend": "cross_encoder", "returned": 5, "event": "rerank.done", "correlation_id": "01KTYD14H8RF5FNQ9XEY1MJC3R", "query_preview": "Quel segment r\u00e9seau appara\u00eet uniquement dans les architectures \u00e0 trois niveaux (", "level": "info", "timestamp": "2026-06-12T17:11:05.217208Z"}
{"node": "rerank", "reranked_count": 5, "event": "done", "correlation_id": "01KTYD14H8RF5FNQ9XEY1MJC3R", "query_preview": "Quel segment r\u00e9seau appara\u00eet uniquement dans les architectures \u00e0 trois niveaux (", "level": "info", "timestamp": "2026-06-12T17:11:05.217311Z"}
{"node": "query_tables", "reason": "empty_or_not_table_shaped", "event": "skip", "correlation_id": "01KTYD14H8RF5FNQ9XEY1MJC3R", "query_preview": "Quel segment r\u00e9seau appara\u00eet uniquement dans les architectures \u00e0 trois niveaux (", "level": "info", "timestamp": "2026-06-12T17:11:05.219109Z"}
{"node": "assess", "reranked_count": 5, "event": "start", "correlation_id": "01KTYD14H8RF5FNQ9XEY1MJC3R", "query_preview": "Quel segment r\u00e9seau appara\u00eet uniquement dans les architectures \u00e0 trois niveaux (", "level": "info", "timestamp": "2026-06-12T17:11:05.219842Z"}
{"prompt_tag": "assess_sufficiency@v4", "schema": "SufficiencyAssessment", "model": "cyankiwi/Qwen3.5-4B-AWQ-4bit", "max_tokens": 1024, "temperature": 0.1, "top_p": 0.8, "presence_penalty": 1.0, "seed": 42, "message_count": 1, "event": "model_call.start", "correlation_id": "01KTYD14H8RF5FNQ9XEY1MJC3R", "query_preview": "Quel segment r\u00e9seau appara\u00eet uniquement dans les architectures \u00e0 trois niveaux (", "level": "info", "timestamp": "2026-06-12T17:11:05.221809Z"}
Authentication error: Langfuse client initialized without public_key. Client will be disabled. Provide a public_key parameter or set LANGFUSE_PUBLIC_KEY environment variable. 
{"prompt_tag": "assess_sufficiency@v4", "schema": "SufficiencyAssessment", "tokens": 1326, "event": "model_call.done", "correlation_id": "01KTYD14H8RF5FNQ9XEY1MJC3R", "query_preview": "Quel segment r\u00e9seau appara\u00eet uniquement dans les architectures \u00e0 trois niveaux (", "level": "info", "timestamp": "2026-06-12T17:11:05.873641Z"}
{"node": "answer", "regenerate_attempt": 0, "event": "start", "correlation_id": "01KTYD14H8RF5FNQ9XEY1MJC3R", "query_preview": "Quel segment r\u00e9seau appara\u00eet uniquement dans les architectures \u00e0 trois niveaux (", "level": "info", "timestamp": "2026-06-12T17:11:05.874784Z"}
{"prompt_tag": "answer@v5", "schema": "DraftAnswer", "model": "cyankiwi/Qwen3.5-4B-AWQ-4bit", "max_tokens": 1800, "temperature": 0.1, "top_p": 0.8, "presence_penalty": 1.0, "seed": 42, "message_count": 2, "event": "model_call.start", "correlation_id": "01KTYD14H8RF5FNQ9XEY1MJC3R", "query_preview": "Quel segment r\u00e9seau appara\u00eet uniquement dans les architectures \u00e0 trois niveaux (", "level": "info", "timestamp": "2026-06-12T17:11:05.876809Z"}
Authentication error: Langfuse client initialized without public_key. Client will be disabled. Provide a public_key parameter or set LANGFUSE_PUBLIC_KEY environment variable. 
{"prompt_tag": "answer@v5", "schema": "DraftAnswer", "tokens": 3068, "event": "model_call.done", "correlation_id": "01KTYD14H8RF5FNQ9XEY1MJC3R", "query_preview": "Quel segment r\u00e9seau appara\u00eet uniquement dans les architectures \u00e0 trois niveaux (", "level": "info", "timestamp": "2026-06-12T17:11:08.125026Z"}
{"node": "answer", "exact": 0, "suffix": 0, "fuzzy": 1, "unresolved": 1, "event": "chunk_id_repair", "correlation_id": "01KTYD14H8RF5FNQ9XEY1MJC3R", "query_preview": "Quel segment r\u00e9seau appara\u00eet uniquement dans les architectures \u00e0 trois niveaux (", "level": "info", "timestamp": "2026-06-12T17:11:08.125218Z"}
{"node": "verify", "claim_count": 2, "event": "start", "correlation_id": "01KTYD14H8RF5FNQ9XEY1MJC3R", "query_preview": "Quel segment r\u00e9seau appara\u00eet uniquement dans les architectures \u00e0 trois niveaux (", "level": "info", "timestamp": "2026-06-12T17:11:08.126066Z"}
{"prompt_tag": "verify_grounding@v2", "schema": "VerificationResult", "model": "cyankiwi/Qwen3.5-4B-AWQ-4bit", "max_tokens": 1024, "temperature": 0.1, "top_p": 0.8, "presence_penalty": 1.0, "seed": 42, "message_count": 1, "event": "model_call.start", "correlation_id": "01KTYD14H8RF5FNQ9XEY1MJC3R", "query_preview": "Quel segment r\u00e9seau appara\u00eet uniquement dans les architectures \u00e0 trois niveaux (", "level": "info", "timestamp": "2026-06-12T17:11:08.129064Z"}
Authentication error: Langfuse client initialized without public_key. Client will be disabled. Provide a public_key parameter or set LANGFUSE_PUBLIC_KEY environment variable. 
{"prompt_tag": "verify_grounding@v2", "schema": "VerificationResult", "tokens": 1311, "event": "model_call.done", "correlation_id": "01KTYD14H8RF5FNQ9XEY1MJC3R", "query_preview": "Quel segment r\u00e9seau appara\u00eet uniquement dans les architectures \u00e0 trois niveaux (", "level": "info", "timestamp": "2026-06-12T17:11:08.536741Z"}
{"node": "assess_relevance", "event": "start", "correlation_id": "01KTYD14H8RF5FNQ9XEY1MJC3R", "query_preview": "Quel segment r\u00e9seau appara\u00eet uniquement dans les architectures \u00e0 trois niveaux (", "level": "info", "timestamp": "2026-06-12T17:11:08.537973Z"}
{"prompt_tag": "assess_relevance@v3", "schema": "RelevanceAssessment", "model": "cyankiwi/Qwen3.5-4B-AWQ-4bit", "max_tokens": 1024, "temperature": 0.1, "top_p": 0.8, "presence_penalty": 1.0, "seed": 42, "message_count": 1, "event": "model_call.start", "correlation_id": "01KTYD14H8RF5FNQ9XEY1MJC3R", "query_preview": "Quel segment r\u00e9seau appara\u00eet uniquement dans les architectures \u00e0 trois niveaux (", "level": "info", "timestamp": "2026-06-12T17:11:08.538956Z"}
Authentication error: Langfuse client initialized without public_key. Client will be disabled. Provide a public_key parameter or set LANGFUSE_PUBLIC_KEY environment variable. 
{"prompt_tag": "assess_relevance@v3", "schema": "RelevanceAssessment", "tokens": 877, "event": "model_call.done", "correlation_id": "01KTYD14H8RF5FNQ9XEY1MJC3R", "query_preview": "Quel segment r\u00e9seau appara\u00eet uniquement dans les architectures \u00e0 trois niveaux (", "level": "info", "timestamp": "2026-06-12T17:11:08.943406Z"}
{"node": "assess_relevance", "responsive": true, "event": "relevance", "correlation_id": "01KTYD14H8RF5FNQ9XEY1MJC3R", "query_preview": "Quel segment r\u00e9seau appara\u00eet uniquement dans les architectures \u00e0 trois niveaux (", "level": "info", "timestamp": "2026-06-12T17:11:08.943458Z"}
{"node": "compose", "event": "start", "correlation_id": "01KTYD14H8RF5FNQ9XEY1MJC3R", "query_preview": "Quel segment r\u00e9seau appara\u00eet uniquement dans les architectures \u00e0 trois niveaux (", "level": "info", "timestamp": "2026-06-12T17:11:08.944511Z"}
Authentication error: Langfuse client initialized without public_key. Client will be disabled. Provide a public_key parameter or set LANGFUSE_PUBLIC_KEY environment variable. 
{"node": "retrieve", "query_len": 73, "event": "start", "correlation_id": "01KTYD1TWHT7DX92F23004A096", "query_preview": "Quel logiciel de d\u00e9tection d'intrusion (IDS) est pr\u00e9sent\u00e9 dans le cours ?", "level": "info", "timestamp": "2026-06-12T17:11:08.945961Z"}
{"query_len": 73, "k": 50, "event": "hybrid.start", "correlation_id": "01KTYD1TWHT7DX92F23004A096", "query_preview": "Quel logiciel de d\u00e9tection d'intrusion (IDS) est pr\u00e9sent\u00e9 dans le cours ?", "level": "info", "timestamp": "2026-06-12T17:11:08.945995Z"}
{"query_len": 73, "k": 50, "dense": 50, "bm25": 0, "fused": 50, "term": false, "event": "hybrid.done", "correlation_id": "01KTYD1TWHT7DX92F23004A096", "query_preview": "Quel logiciel de d\u00e9tection d'intrusion (IDS) est pr\u00e9sent\u00e9 dans le cours ?", "level": "info", "timestamp": "2026-06-12T17:11:09.031345Z"}
{"node": "retrieve", "candidate_count": 50, "event": "done", "correlation_id": "01KTYD1TWHT7DX92F23004A096", "query_preview": "Quel logiciel de d\u00e9tection d'intrusion (IDS) est pr\u00e9sent\u00e9 dans le cours ?", "level": "info", "timestamp": "2026-06-12T17:11:09.032541Z"}
{"node": "expand_graph", "reason": "disabled_or_empty", "event": "skip", "correlation_id": "01KTYD1TWHT7DX92F23004A096", "query_preview": "Quel logiciel de d\u00e9tection d'intrusion (IDS) est pr\u00e9sent\u00e9 dans le cours ?", "level": "info", "timestamp": "2026-06-12T17:11:09.034236Z"}
{"node": "rerank", "candidate_count": 50, "event": "start", "correlation_id": "01KTYD1TWHT7DX92F23004A096", "query_preview": "Quel logiciel de d\u00e9tection d'intrusion (IDS) est pr\u00e9sent\u00e9 dans le cours ?", "level": "info", "timestamp": "2026-06-12T17:11:09.034868Z"}
{"node": "rerank", "top_k": 5, "source": "mode", "event": "top_k_resolved", "correlation_id": "01KTYD1TWHT7DX92F23004A096", "query_preview": "Quel logiciel de d\u00e9tection d'intrusion (IDS) est pr\u00e9sent\u00e9 dans le cours ?", "level": "info", "timestamp": "2026-06-12T17:11:09.034929Z"}
{"candidates": 50, "top_k": 5, "backend": "cross_encoder", "event": "rerank.start", "correlation_id": "01KTYD1TWHT7DX92F23004A096", "query_preview": "Quel logiciel de d\u00e9tection d'intrusion (IDS) est pr\u00e9sent\u00e9 dans le cours ?", "level": "info", "timestamp": "2026-06-12T17:11:09.034964Z"}
{"candidates": 50, "top_k": 5, "backend": "cross_encoder", "returned": 5, "event": "rerank.done", "correlation_id": "01KTYD1TWHT7DX92F23004A096", "query_preview": "Quel logiciel de d\u00e9tection d'intrusion (IDS) est pr\u00e9sent\u00e9 dans le cours ?", "level": "info", "timestamp": "2026-06-12T17:11:32.564505Z"}
{"node": "rerank", "reranked_count": 5, "event": "done", "correlation_id": "01KTYD1TWHT7DX92F23004A096", "query_preview": "Quel logiciel de d\u00e9tection d'intrusion (IDS) est pr\u00e9sent\u00e9 dans le cours ?", "level": "info", "timestamp": "2026-06-12T17:11:32.564608Z"}
{"node": "query_tables", "reason": "empty_or_not_table_shaped", "event": "skip", "correlation_id": "01KTYD1TWHT7DX92F23004A096", "query_preview": "Quel logiciel de d\u00e9tection d'intrusion (IDS) est pr\u00e9sent\u00e9 dans le cours ?", "level": "info", "timestamp": "2026-06-12T17:11:32.566467Z"}
{"node": "assess", "reranked_count": 5, "event": "start", "correlation_id": "01KTYD1TWHT7DX92F23004A096", "query_preview": "Quel logiciel de d\u00e9tection d'intrusion (IDS) est pr\u00e9sent\u00e9 dans le cours ?", "level": "info", "timestamp": "2026-06-12T17:11:32.567284Z"}
{"prompt_tag": "assess_sufficiency@v4", "schema": "SufficiencyAssessment", "model": "cyankiwi/Qwen3.5-4B-AWQ-4bit", "max_tokens": 1024, "temperature": 0.1, "top_p": 0.8, "presence_penalty": 1.0, "seed": 42, "message_count": 1, "event": "model_call.start", "correlation_id": "01KTYD1TWHT7DX92F23004A096", "query_preview": "Quel logiciel de d\u00e9tection d'intrusion (IDS) est pr\u00e9sent\u00e9 dans le cours ?", "level": "info", "timestamp": "2026-06-12T17:11:32.569658Z"}
Authentication error: Langfuse client initialized without public_key. Client will be disabled. Provide a public_key parameter or set LANGFUSE_PUBLIC_KEY environment variable. 
{"prompt_tag": "assess_sufficiency@v4", "schema": "SufficiencyAssessment", "tokens": 2863, "event": "model_call.done", "correlation_id": "01KTYD1TWHT7DX92F23004A096", "query_preview": "Quel logiciel de d\u00e9tection d'intrusion (IDS) est pr\u00e9sent\u00e9 dans le cours ?", "level": "info", "timestamp": "2026-06-12T17:11:33.482312Z"}
{"node": "answer", "regenerate_attempt": 0, "event": "start", "correlation_id": "01KTYD1TWHT7DX92F23004A096", "query_preview": "Quel logiciel de d\u00e9tection d'intrusion (IDS) est pr\u00e9sent\u00e9 dans le cours ?", "level": "info", "timestamp": "2026-06-12T17:11:33.483427Z"}
{"prompt_tag": "answer@v5", "schema": "DraftAnswer", "model": "cyankiwi/Qwen3.5-4B-AWQ-4bit", "max_tokens": 1800, "temperature": 0.1, "top_p": 0.8, "presence_penalty": 1.0, "seed": 42, "message_count": 2, "event": "model_call.start", "correlation_id": "01KTYD1TWHT7DX92F23004A096", "query_preview": "Quel logiciel de d\u00e9tection d'intrusion (IDS) est pr\u00e9sent\u00e9 dans le cours ?", "level": "info", "timestamp": "2026-06-12T17:11:33.485457Z"}
Authentication error: Langfuse client initialized without public_key. Client will be disabled. Provide a public_key parameter or set LANGFUSE_PUBLIC_KEY environment variable. 
{"prompt_tag": "answer@v5", "schema": "DraftAnswer", "tokens": 4594, "event": "model_call.done", "correlation_id": "01KTYD1TWHT7DX92F23004A096", "query_preview": "Quel logiciel de d\u00e9tection d'intrusion (IDS) est pr\u00e9sent\u00e9 dans le cours ?", "level": "info", "timestamp": "2026-06-12T17:11:35.904914Z"}
{"node": "answer", "exact": 0, "suffix": 0, "fuzzy": 1, "unresolved": 0, "event": "chunk_id_repair", "correlation_id": "01KTYD1TWHT7DX92F23004A096", "query_preview": "Quel logiciel de d\u00e9tection d'intrusion (IDS) est pr\u00e9sent\u00e9 dans le cours ?", "level": "info", "timestamp": "2026-06-12T17:11:35.905043Z"}
{"node": "verify", "claim_count": 1, "event": "start", "correlation_id": "01KTYD1TWHT7DX92F23004A096", "query_preview": "Quel logiciel de d\u00e9tection d'intrusion (IDS) est pr\u00e9sent\u00e9 dans le cours ?", "level": "info", "timestamp": "2026-06-12T17:11:35.905824Z"}
{"prompt_tag": "verify_grounding@v2", "schema": "VerificationResult", "model": "cyankiwi/Qwen3.5-4B-AWQ-4bit", "max_tokens": 1024, "temperature": 0.1, "top_p": 0.8, "presence_penalty": 1.0, "seed": 42, "message_count": 1, "event": "model_call.start", "correlation_id": "01KTYD1TWHT7DX92F23004A096", "query_preview": "Quel logiciel de d\u00e9tection d'intrusion (IDS) est pr\u00e9sent\u00e9 dans le cours ?", "level": "info", "timestamp": "2026-06-12T17:11:35.909052Z"}
Authentication error: Langfuse client initialized without public_key. Client will be disabled. Provide a public_key parameter or set LANGFUSE_PUBLIC_KEY environment variable. 
{"prompt_tag": "verify_grounding@v2", "schema": "VerificationResult", "tokens": 2363, "event": "model_call.done", "correlation_id": "01KTYD1TWHT7DX92F23004A096", "query_preview": "Quel logiciel de d\u00e9tection d'intrusion (IDS) est pr\u00e9sent\u00e9 dans le cours ?", "level": "info", "timestamp": "2026-06-12T17:11:36.461430Z"}
{"node": "assess_relevance", "event": "start", "correlation_id": "01KTYD1TWHT7DX92F23004A096", "query_preview": "Quel logiciel de d\u00e9tection d'intrusion (IDS) est pr\u00e9sent\u00e9 dans le cours ?", "level": "info", "timestamp": "2026-06-12T17:11:36.462602Z"}
{"prompt_tag": "assess_relevance@v3", "schema": "RelevanceAssessment", "model": "cyankiwi/Qwen3.5-4B-AWQ-4bit", "max_tokens": 1024, "temperature": 0.1, "top_p": 0.8, "presence_penalty": 1.0, "seed": 42, "message_count": 1, "event": "model_call.start", "correlation_id": "01KTYD1TWHT7DX92F23004A096", "query_preview": "Quel logiciel de d\u00e9tection d'intrusion (IDS) est pr\u00e9sent\u00e9 dans le cours ?", "level": "info", "timestamp": "2026-06-12T17:11:36.463581Z"}
Authentication error: Langfuse client initialized without public_key. Client will be disabled. Provide a public_key parameter or set LANGFUSE_PUBLIC_KEY environment variable. 
{"prompt_tag": "assess_relevance@v3", "schema": "RelevanceAssessment", "tokens": 928, "event": "model_call.done", "correlation_id": "01KTYD1TWHT7DX92F23004A096", "query_preview": "Quel logiciel de d\u00e9tection d'intrusion (IDS) est pr\u00e9sent\u00e9 dans le cours ?", "level": "info", "timestamp": "2026-06-12T17:11:36.825525Z"}
{"node": "assess_relevance", "responsive": true, "event": "relevance", "correlation_id": "01KTYD1TWHT7DX92F23004A096", "query_preview": "Quel logiciel de d\u00e9tection d'intrusion (IDS) est pr\u00e9sent\u00e9 dans le cours ?", "level": "info", "timestamp": "2026-06-12T17:11:36.825577Z"}
{"node": "compose", "event": "start", "correlation_id": "01KTYD1TWHT7DX92F23004A096", "query_preview": "Quel logiciel de d\u00e9tection d'intrusion (IDS) est pr\u00e9sent\u00e9 dans le cours ?", "level": "info", "timestamp": "2026-06-12T17:11:36.826705Z"}
Authentication error: Langfuse client initialized without public_key. Client will be disabled. Provide a public_key parameter or set LANGFUSE_PUBLIC_KEY environment variable. 
{"node": "retrieve", "query_len": 70, "event": "start", "correlation_id": "01KTYD2P3V8X7FXDNG1DYTZM7T", "query_preview": "Quels paquets sont install\u00e9s dans la configuration pfSense pr\u00e9sent\u00e9e ?", "level": "info", "timestamp": "2026-06-12T17:11:36.828196Z"}
{"query_len": 70, "k": 50, "event": "hybrid.start", "correlation_id": "01KTYD2P3V8X7FXDNG1DYTZM7T", "query_preview": "Quels paquets sont install\u00e9s dans la configuration pfSense pr\u00e9sent\u00e9e ?", "level": "info", "timestamp": "2026-06-12T17:11:36.828234Z"}
{"query_len": 70, "k": 50, "dense": 50, "bm25": 50, "fused": 50, "term": true, "event": "hybrid.done", "correlation_id": "01KTYD2P3V8X7FXDNG1DYTZM7T", "query_preview": "Quels paquets sont install\u00e9s dans la configuration pfSense pr\u00e9sent\u00e9e ?", "level": "info", "timestamp": "2026-06-12T17:11:36.899055Z"}
{"node": "retrieve", "candidate_count": 50, "event": "done", "correlation_id": "01KTYD2P3V8X7FXDNG1DYTZM7T", "query_preview": "Quels paquets sont install\u00e9s dans la configuration pfSense pr\u00e9sent\u00e9e ?", "level": "info", "timestamp": "2026-06-12T17:11:36.900041Z"}
{"node": "expand_graph", "reason": "disabled_or_empty", "event": "skip", "correlation_id": "01KTYD2P3V8X7FXDNG1DYTZM7T", "query_preview": "Quels paquets sont install\u00e9s dans la configuration pfSense pr\u00e9sent\u00e9e ?", "level": "info", "timestamp": "2026-06-12T17:11:36.901361Z"}
{"node": "rerank", "candidate_count": 50, "event": "start", "correlation_id": "01KTYD2P3V8X7FXDNG1DYTZM7T", "query_preview": "Quels paquets sont install\u00e9s dans la configuration pfSense pr\u00e9sent\u00e9e ?", "level": "info", "timestamp": "2026-06-12T17:11:36.901846Z"}
{"node": "rerank", "top_k": 5, "source": "mode", "event": "top_k_resolved", "correlation_id": "01KTYD2P3V8X7FXDNG1DYTZM7T", "query_preview": "Quels paquets sont install\u00e9s dans la configuration pfSense pr\u00e9sent\u00e9e ?", "level": "info", "timestamp": "2026-06-12T17:11:36.901893Z"}
{"candidates": 50, "top_k": 5, "backend": "cross_encoder", "event": "rerank.start", "correlation_id": "01KTYD2P3V8X7FXDNG1DYTZM7T", "query_preview": "Quels paquets sont install\u00e9s dans la configuration pfSense pr\u00e9sent\u00e9e ?", "level": "info", "timestamp": "2026-06-12T17:11:36.901923Z"}
{"candidates": 50, "top_k": 5, "backend": "cross_encoder", "returned": 5, "event": "rerank.done", "correlation_id": "01KTYD2P3V8X7FXDNG1DYTZM7T", "query_preview": "Quels paquets sont install\u00e9s dans la configuration pfSense pr\u00e9sent\u00e9e ?", "level": "info", "timestamp": "2026-06-12T17:11:53.178693Z"}
{"node": "rerank", "reranked_count": 5, "event": "done", "correlation_id": "01KTYD2P3V8X7FXDNG1DYTZM7T", "query_preview": "Quels paquets sont install\u00e9s dans la configuration pfSense pr\u00e9sent\u00e9e ?", "level": "info", "timestamp": "2026-06-12T17:11:53.178793Z"}
{"node": "query_tables", "reason": "empty_or_not_table_shaped", "event": "skip", "correlation_id": "01KTYD2P3V8X7FXDNG1DYTZM7T", "query_preview": "Quels paquets sont install\u00e9s dans la configuration pfSense pr\u00e9sent\u00e9e ?", "level": "info", "timestamp": "2026-06-12T17:11:53.180579Z"}
{"node": "assess", "reranked_count": 5, "event": "start", "correlation_id": "01KTYD2P3V8X7FXDNG1DYTZM7T", "query_preview": "Quels paquets sont install\u00e9s dans la configuration pfSense pr\u00e9sent\u00e9e ?", "level": "info", "timestamp": "2026-06-12T17:11:53.181279Z"}
{"prompt_tag": "assess_sufficiency@v4", "schema": "SufficiencyAssessment", "model": "cyankiwi/Qwen3.5-4B-AWQ-4bit", "max_tokens": 1024, "temperature": 0.1, "top_p": 0.8, "presence_penalty": 1.0, "seed": 42, "message_count": 1, "event": "model_call.start", "correlation_id": "01KTYD2P3V8X7FXDNG1DYTZM7T", "query_preview": "Quels paquets sont install\u00e9s dans la configuration pfSense pr\u00e9sent\u00e9e ?", "level": "info", "timestamp": "2026-06-12T17:11:53.183363Z"}
Authentication error: Langfuse client initialized without public_key. Client will be disabled. Provide a public_key parameter or set LANGFUSE_PUBLIC_KEY environment variable. 
{"prompt_tag": "assess_sufficiency@v4", "schema": "SufficiencyAssessment", "tokens": 2475, "event": "model_call.done", "correlation_id": "01KTYD2P3V8X7FXDNG1DYTZM7T", "query_preview": "Quels paquets sont install\u00e9s dans la configuration pfSense pr\u00e9sent\u00e9e ?", "level": "info", "timestamp": "2026-06-12T17:11:54.016977Z"}
{"node": "answer", "regenerate_attempt": 0, "event": "start", "correlation_id": "01KTYD2P3V8X7FXDNG1DYTZM7T", "query_preview": "Quels paquets sont install\u00e9s dans la configuration pfSense pr\u00e9sent\u00e9e ?", "level": "info", "timestamp": "2026-06-12T17:11:54.018434Z"}
{"prompt_tag": "answer@v5", "schema": "DraftAnswer", "model": "cyankiwi/Qwen3.5-4B-AWQ-4bit", "max_tokens": 1800, "temperature": 0.1, "top_p": 0.8, "presence_penalty": 1.0, "seed": 42, "message_count": 2, "event": "model_call.start", "correlation_id": "01KTYD2P3V8X7FXDNG1DYTZM7T", "query_preview": "Quels paquets sont install\u00e9s dans la configuration pfSense pr\u00e9sent\u00e9e ?", "level": "info", "timestamp": "2026-06-12T17:11:54.021057Z"}
Authentication error: Langfuse client initialized without public_key. Client will be disabled. Provide a public_key parameter or set LANGFUSE_PUBLIC_KEY environment variable. 
{"prompt_tag": "answer@v5", "schema": "DraftAnswer", "tokens": 4405, "event": "model_call.done", "correlation_id": "01KTYD2P3V8X7FXDNG1DYTZM7T", "query_preview": "Quels paquets sont install\u00e9s dans la configuration pfSense pr\u00e9sent\u00e9e ?", "level": "info", "timestamp": "2026-06-12T17:11:58.165130Z"}
{"node": "answer", "exact": 0, "suffix": 0, "fuzzy": 0, "unresolved": 4, "event": "chunk_id_repair", "correlation_id": "01KTYD2P3V8X7FXDNG1DYTZM7T", "query_preview": "Quels paquets sont install\u00e9s dans la configuration pfSense pr\u00e9sent\u00e9e ?", "level": "info", "timestamp": "2026-06-12T17:11:58.165582Z"}
{"node": "verify", "claim_count": 4, "event": "start", "correlation_id": "01KTYD2P3V8X7FXDNG1DYTZM7T", "query_preview": "Quels paquets sont install\u00e9s dans la configuration pfSense pr\u00e9sent\u00e9e ?", "level": "info", "timestamp": "2026-06-12T17:11:58.166652Z"}
{"prompt_tag": "verify_grounding@v2", "schema": "VerificationResult", "model": "cyankiwi/Qwen3.5-4B-AWQ-4bit", "max_tokens": 1024, "temperature": 0.1, "top_p": 0.8, "presence_penalty": 1.0, "seed": 42, "message_count": 1, "event": "model_call.start", "correlation_id": "01KTYD2P3V8X7FXDNG1DYTZM7T", "query_preview": "Quels paquets sont install\u00e9s dans la configuration pfSense pr\u00e9sent\u00e9e ?", "level": "info", "timestamp": "2026-06-12T17:11:58.169809Z"}
Authentication error: Langfuse client initialized without public_key. Client will be disabled. Provide a public_key parameter or set LANGFUSE_PUBLIC_KEY environment variable. 
{"prompt_tag": "verify_grounding@v2", "schema": "VerificationResult", "tokens": 2650, "event": "model_call.done", "correlation_id": "01KTYD2P3V8X7FXDNG1DYTZM7T", "query_preview": "Quels paquets sont install\u00e9s dans la configuration pfSense pr\u00e9sent\u00e9e ?", "level": "info", "timestamp": "2026-06-12T17:11:58.837744Z"}
{"node": "assess_relevance", "event": "start", "correlation_id": "01KTYD2P3V8X7FXDNG1DYTZM7T", "query_preview": "Quels paquets sont install\u00e9s dans la configuration pfSense pr\u00e9sent\u00e9e ?", "level": "info", "timestamp": "2026-06-12T17:11:58.839110Z"}
{"prompt_tag": "assess_relevance@v3", "schema": "RelevanceAssessment", "model": "cyankiwi/Qwen3.5-4B-AWQ-4bit", "max_tokens": 1024, "temperature": 0.1, "top_p": 0.8, "presence_penalty": 1.0, "seed": 42, "message_count": 1, "event": "model_call.start", "correlation_id": "01KTYD2P3V8X7FXDNG1DYTZM7T", "query_preview": "Quels paquets sont install\u00e9s dans la configuration pfSense pr\u00e9sent\u00e9e ?", "level": "info", "timestamp": "2026-06-12T17:11:58.840107Z"}
Authentication error: Langfuse client initialized without public_key. Client will be disabled. Provide a public_key parameter or set LANGFUSE_PUBLIC_KEY environment variable. 
{"prompt_tag": "assess_relevance@v3", "schema": "RelevanceAssessment", "tokens": 917, "event": "model_call.done", "correlation_id": "01KTYD2P3V8X7FXDNG1DYTZM7T", "query_preview": "Quels paquets sont install\u00e9s dans la configuration pfSense pr\u00e9sent\u00e9e ?", "level": "info", "timestamp": "2026-06-12T17:11:59.189995Z"}
{"node": "assess_relevance", "responsive": true, "event": "relevance", "correlation_id": "01KTYD2P3V8X7FXDNG1DYTZM7T", "query_preview": "Quels paquets sont install\u00e9s dans la configuration pfSense pr\u00e9sent\u00e9e ?", "level": "info", "timestamp": "2026-06-12T17:11:59.190045Z"}
{"node": "compose", "event": "start", "correlation_id": "01KTYD2P3V8X7FXDNG1DYTZM7T", "query_preview": "Quels paquets sont install\u00e9s dans la configuration pfSense pr\u00e9sent\u00e9e ?", "level": "info", "timestamp": "2026-06-12T17:11:59.191150Z"}
Authentication error: Langfuse client initialized without public_key. Client will be disabled. Provide a public_key parameter or set LANGFUSE_PUBLIC_KEY environment variable. 
{"node": "retrieve", "query_len": 52, "event": "start", "correlation_id": "01KTYD3BYQKPJ9D0GB9CS93MQP", "query_preview": "Dans quelle cat\u00e9gorie le paquet nmap est-il class\u00e9 ?", "level": "info", "timestamp": "2026-06-12T17:11:59.192567Z"}
{"query_len": 52, "k": 50, "event": "hybrid.start", "correlation_id": "01KTYD3BYQKPJ9D0GB9CS93MQP", "query_preview": "Dans quelle cat\u00e9gorie le paquet nmap est-il class\u00e9 ?", "level": "info", "timestamp": "2026-06-12T17:11:59.192603Z"}
{"query_len": 52, "k": 50, "dense": 50, "bm25": 0, "fused": 50, "term": false, "event": "hybrid.done", "correlation_id": "01KTYD3BYQKPJ9D0GB9CS93MQP", "query_preview": "Dans quelle cat\u00e9gorie le paquet nmap est-il class\u00e9 ?", "level": "info", "timestamp": "2026-06-12T17:11:59.266077Z"}
{"node": "retrieve", "candidate_count": 50, "event": "done", "correlation_id": "01KTYD3BYQKPJ9D0GB9CS93MQP", "query_preview": "Dans quelle cat\u00e9gorie le paquet nmap est-il class\u00e9 ?", "level": "info", "timestamp": "2026-06-12T17:11:59.267135Z"}
{"node": "expand_graph", "reason": "disabled_or_empty", "event": "skip", "correlation_id": "01KTYD3BYQKPJ9D0GB9CS93MQP", "query_preview": "Dans quelle cat\u00e9gorie le paquet nmap est-il class\u00e9 ?", "level": "info", "timestamp": "2026-06-12T17:11:59.268418Z"}
{"node": "rerank", "candidate_count": 50, "event": "start", "correlation_id": "01KTYD3BYQKPJ9D0GB9CS93MQP", "query_preview": "Dans quelle cat\u00e9gorie le paquet nmap est-il class\u00e9 ?", "level": "info", "timestamp": "2026-06-12T17:11:59.268919Z"}
{"node": "rerank", "top_k": 5, "source": "mode", "event": "top_k_resolved", "correlation_id": "01KTYD3BYQKPJ9D0GB9CS93MQP", "query_preview": "Dans quelle cat\u00e9gorie le paquet nmap est-il class\u00e9 ?", "level": "info", "timestamp": "2026-06-12T17:11:59.268965Z"}
{"candidates": 50, "top_k": 5, "backend": "cross_encoder", "event": "rerank.start", "correlation_id": "01KTYD3BYQKPJ9D0GB9CS93MQP", "query_preview": "Dans quelle cat\u00e9gorie le paquet nmap est-il class\u00e9 ?", "level": "info", "timestamp": "2026-06-12T17:11:59.268989Z"}
{"candidates": 50, "top_k": 5, "backend": "cross_encoder", "returned": 5, "event": "rerank.done", "correlation_id": "01KTYD3BYQKPJ9D0GB9CS93MQP", "query_preview": "Dans quelle cat\u00e9gorie le paquet nmap est-il class\u00e9 ?", "level": "info", "timestamp": "2026-06-12T17:12:38.950175Z"}
{"node": "rerank", "reranked_count": 5, "event": "done", "correlation_id": "01KTYD3BYQKPJ9D0GB9CS93MQP", "query_preview": "Dans quelle cat\u00e9gorie le paquet nmap est-il class\u00e9 ?", "level": "info", "timestamp": "2026-06-12T17:12:38.950356Z"}
{"node": "query_tables", "reason": "empty_or_not_table_shaped", "event": "skip", "correlation_id": "01KTYD3BYQKPJ9D0GB9CS93MQP", "query_preview": "Dans quelle cat\u00e9gorie le paquet nmap est-il class\u00e9 ?", "level": "info", "timestamp": "2026-06-12T17:12:38.954071Z"}
{"node": "assess", "reranked_count": 5, "event": "start", "correlation_id": "01KTYD3BYQKPJ9D0GB9CS93MQP", "query_preview": "Dans quelle cat\u00e9gorie le paquet nmap est-il class\u00e9 ?", "level": "info", "timestamp": "2026-06-12T17:12:38.955613Z"}
{"prompt_tag": "assess_sufficiency@v4", "schema": "SufficiencyAssessment", "model": "cyankiwi/Qwen3.5-4B-AWQ-4bit", "max_tokens": 1024, "temperature": 0.1, "top_p": 0.8, "presence_penalty": 1.0, "seed": 42, "message_count": 1, "event": "model_call.start", "correlation_id": "01KTYD3BYQKPJ9D0GB9CS93MQP", "query_preview": "Dans quelle cat\u00e9gorie le paquet nmap est-il class\u00e9 ?", "level": "info", "timestamp": "2026-06-12T17:12:38.959667Z"}
Authentication error: Langfuse client initialized without public_key. Client will be disabled. Provide a public_key parameter or set LANGFUSE_PUBLIC_KEY environment variable. 
{"prompt_tag": "assess_sufficiency@v4", "schema": "SufficiencyAssessment", "tokens": 1888, "event": "model_call.done", "correlation_id": "01KTYD3BYQKPJ9D0GB9CS93MQP", "query_preview": "Dans quelle cat\u00e9gorie le paquet nmap est-il class\u00e9 ?", "level": "info", "timestamp": "2026-06-12T17:12:39.630208Z"}
{"node": "answer", "regenerate_attempt": 0, "event": "start", "correlation_id": "01KTYD3BYQKPJ9D0GB9CS93MQP", "query_preview": "Dans quelle cat\u00e9gorie le paquet nmap est-il class\u00e9 ?", "level": "info", "timestamp": "2026-06-12T17:12:39.631653Z"}
{"prompt_tag": "answer@v5", "schema": "DraftAnswer", "model": "cyankiwi/Qwen3.5-4B-AWQ-4bit", "max_tokens": 1800, "temperature": 0.1, "top_p": 0.8, "presence_penalty": 1.0, "seed": 42, "message_count": 2, "event": "model_call.start", "correlation_id": "01KTYD3BYQKPJ9D0GB9CS93MQP", "query_preview": "Dans quelle cat\u00e9gorie le paquet nmap est-il class\u00e9 ?", "level": "info", "timestamp": "2026-06-12T17:12:39.634403Z"}
Authentication error: Langfuse client initialized without public_key. Client will be disabled. Provide a public_key parameter or set LANGFUSE_PUBLIC_KEY environment variable. 
{"prompt_tag": "answer@v5", "schema": "DraftAnswer", "tokens": 3535, "event": "model_call.done", "correlation_id": "01KTYD3BYQKPJ9D0GB9CS93MQP", "query_preview": "Dans quelle cat\u00e9gorie le paquet nmap est-il class\u00e9 ?", "level": "info", "timestamp": "2026-06-12T17:12:41.036250Z"}
{"node": "answer", "exact": 0, "suffix": 0, "fuzzy": 0, "unresolved": 1, "event": "chunk_id_repair", "correlation_id": "01KTYD3BYQKPJ9D0GB9CS93MQP", "query_preview": "Dans quelle cat\u00e9gorie le paquet nmap est-il class\u00e9 ?", "level": "info", "timestamp": "2026-06-12T17:12:41.036390Z"}
{"node": "verify", "claim_count": 1, "event": "start", "correlation_id": "01KTYD3BYQKPJ9D0GB9CS93MQP", "query_preview": "Dans quelle cat\u00e9gorie le paquet nmap est-il class\u00e9 ?", "level": "info", "timestamp": "2026-06-12T17:12:41.037436Z"}
{"prompt_tag": "verify_grounding@v2", "schema": "VerificationResult", "model": "cyankiwi/Qwen3.5-4B-AWQ-4bit", "max_tokens": 1024, "temperature": 0.1, "top_p": 0.8, "presence_penalty": 1.0, "seed": 42, "message_count": 1, "event": "model_call.start", "correlation_id": "01KTYD3BYQKPJ9D0GB9CS93MQP", "query_preview": "Dans quelle cat\u00e9gorie le paquet nmap est-il class\u00e9 ?", "level": "info", "timestamp": "2026-06-12T17:12:41.041395Z"}
Authentication error: Langfuse client initialized without public_key. Client will be disabled. Provide a public_key parameter or set LANGFUSE_PUBLIC_KEY environment variable. 
{"prompt_tag": "verify_grounding@v2", "schema": "VerificationResult", "tokens": 1829, "event": "model_call.done", "correlation_id": "01KTYD3BYQKPJ9D0GB9CS93MQP", "query_preview": "Dans quelle cat\u00e9gorie le paquet nmap est-il class\u00e9 ?", "level": "info", "timestamp": "2026-06-12T17:12:41.502658Z"}
{"node": "assess_relevance", "event": "start", "correlation_id": "01KTYD3BYQKPJ9D0GB9CS93MQP", "query_preview": "Dans quelle cat\u00e9gorie le paquet nmap est-il class\u00e9 ?", "level": "info", "timestamp": "2026-06-12T17:12:41.504645Z"}
{"prompt_tag": "assess_relevance@v3", "schema": "RelevanceAssessment", "model": "cyankiwi/Qwen3.5-4B-AWQ-4bit", "max_tokens": 1024, "temperature": 0.1, "top_p": 0.8, "presence_penalty": 1.0, "seed": 42, "message_count": 1, "event": "model_call.start", "correlation_id": "01KTYD3BYQKPJ9D0GB9CS93MQP", "query_preview": "Dans quelle cat\u00e9gorie le paquet nmap est-il class\u00e9 ?", "level": "info", "timestamp": "2026-06-12T17:12:41.505941Z"}
Authentication error: Langfuse client initialized without public_key. Client will be disabled. Provide a public_key parameter or set LANGFUSE_PUBLIC_KEY environment variable. 
{"prompt_tag": "assess_relevance@v3", "schema": "RelevanceAssessment", "tokens": 829, "event": "model_call.done", "correlation_id": "01KTYD3BYQKPJ9D0GB9CS93MQP", "query_preview": "Dans quelle cat\u00e9gorie le paquet nmap est-il class\u00e9 ?", "level": "info", "timestamp": "2026-06-12T17:12:41.888966Z"}
{"node": "assess_relevance", "responsive": true, "event": "relevance", "correlation_id": "01KTYD3BYQKPJ9D0GB9CS93MQP", "query_preview": "Dans quelle cat\u00e9gorie le paquet nmap est-il class\u00e9 ?", "level": "info", "timestamp": "2026-06-12T17:12:41.889034Z"}
{"node": "compose", "event": "start", "correlation_id": "01KTYD3BYQKPJ9D0GB9CS93MQP", "query_preview": "Dans quelle cat\u00e9gorie le paquet nmap est-il class\u00e9 ?", "level": "info", "timestamp": "2026-06-12T17:12:41.890966Z"}
Authentication error: Langfuse client initialized without public_key. Client will be disabled. Provide a public_key parameter or set LANGFUSE_PUBLIC_KEY environment variable. 
{"node": "retrieve", "query_len": 86, "event": "start", "correlation_id": "01KTYD4NN3FMM2D3134V4K35H5", "query_preview": "Dans quelle cat\u00e9gorie le paquet bandwidthd est-il class\u00e9 d'apr\u00e8s l'interface pfS", "level": "info", "timestamp": "2026-06-12T17:12:41.893186Z"}
{"query_len": 86, "k": 50, "event": "hybrid.start", "correlation_id": "01KTYD4NN3FMM2D3134V4K35H5", "query_preview": "Dans quelle cat\u00e9gorie le paquet bandwidthd est-il class\u00e9 d'apr\u00e8s l'interface pfS", "level": "info", "timestamp": "2026-06-12T17:12:41.893229Z"}
{"query_len": 86, "k": 50, "dense": 50, "bm25": 50, "fused": 50, "term": true, "event": "hybrid.done", "correlation_id": "01KTYD4NN3FMM2D3134V4K35H5", "query_preview": "Dans quelle cat\u00e9gorie le paquet bandwidthd est-il class\u00e9 d'apr\u00e8s l'interface pfS", "level": "info", "timestamp": "2026-06-12T17:12:41.974732Z"}
{"node": "retrieve", "candidate_count": 50, "event": "done", "correlation_id": "01KTYD4NN3FMM2D3134V4K35H5", "query_preview": "Dans quelle cat\u00e9gorie le paquet bandwidthd est-il class\u00e9 d'apr\u00e8s l'interface pfS", "level": "info", "timestamp": "2026-06-12T17:12:41.975677Z"}
{"node": "expand_graph", "reason": "disabled_or_empty", "event": "skip", "correlation_id": "01KTYD4NN3FMM2D3134V4K35H5", "query_preview": "Dans quelle cat\u00e9gorie le paquet bandwidthd est-il class\u00e9 d'apr\u00e8s l'interface pfS", "level": "info", "timestamp": "2026-06-12T17:12:41.977353Z"}
{"node": "rerank", "candidate_count": 50, "event": "start", "correlation_id": "01KTYD4NN3FMM2D3134V4K35H5", "query_preview": "Dans quelle cat\u00e9gorie le paquet bandwidthd est-il class\u00e9 d'apr\u00e8s l'interface pfS", "level": "info", "timestamp": "2026-06-12T17:12:41.977882Z"}
{"node": "rerank", "top_k": 5, "source": "mode", "event": "top_k_resolved", "correlation_id": "01KTYD4NN3FMM2D3134V4K35H5", "query_preview": "Dans quelle cat\u00e9gorie le paquet bandwidthd est-il class\u00e9 d'apr\u00e8s l'interface pfS", "level": "info", "timestamp": "2026-06-12T17:12:41.977928Z"}
{"candidates": 50, "top_k": 5, "backend": "cross_encoder", "event": "rerank.start", "correlation_id": "01KTYD4NN3FMM2D3134V4K35H5", "query_preview": "Dans quelle cat\u00e9gorie le paquet bandwidthd est-il class\u00e9 d'apr\u00e8s l'interface pfS", "level": "info", "timestamp": "2026-06-12T17:12:41.977951Z"}
{"candidates": 50, "top_k": 5, "backend": "cross_encoder", "returned": 5, "event": "rerank.done", "correlation_id": "01KTYD4NN3FMM2D3134V4K35H5", "query_preview": "Dans quelle cat\u00e9gorie le paquet bandwidthd est-il class\u00e9 d'apr\u00e8s l'interface pfS", "level": "info", "timestamp": "2026-06-12T17:13:02.110857Z"}
{"node": "rerank", "reranked_count": 5, "event": "done", "correlation_id": "01KTYD4NN3FMM2D3134V4K35H5", "query_preview": "Dans quelle cat\u00e9gorie le paquet bandwidthd est-il class\u00e9 d'apr\u00e8s l'interface pfS", "level": "info", "timestamp": "2026-06-12T17:13:02.110965Z"}
{"node": "query_tables", "reason": "empty_or_not_table_shaped", "event": "skip", "correlation_id": "01KTYD4NN3FMM2D3134V4K35H5", "query_preview": "Dans quelle cat\u00e9gorie le paquet bandwidthd est-il class\u00e9 d'apr\u00e8s l'interface pfS", "level": "info", "timestamp": "2026-06-12T17:13:02.113313Z"}
{"node": "assess", "reranked_count": 5, "event": "start", "correlation_id": "01KTYD4NN3FMM2D3134V4K35H5", "query_preview": "Dans quelle cat\u00e9gorie le paquet bandwidthd est-il class\u00e9 d'apr\u00e8s l'interface pfS", "level": "info", "timestamp": "2026-06-12T17:13:02.114285Z"}
{"prompt_tag": "assess_sufficiency@v4", "schema": "SufficiencyAssessment", "model": "cyankiwi/Qwen3.5-4B-AWQ-4bit", "max_tokens": 1024, "temperature": 0.1, "top_p": 0.8, "presence_penalty": 1.0, "seed": 42, "message_count": 1, "event": "model_call.start", "correlation_id": "01KTYD4NN3FMM2D3134V4K35H5", "query_preview": "Dans quelle cat\u00e9gorie le paquet bandwidthd est-il class\u00e9 d'apr\u00e8s l'interface pfS", "level": "info", "timestamp": "2026-06-12T17:13:02.116417Z"}
Authentication error: Langfuse client initialized without public_key. Client will be disabled. Provide a public_key parameter or set LANGFUSE_PUBLIC_KEY environment variable. 
{"prompt_tag": "assess_sufficiency@v4", "schema": "SufficiencyAssessment", "tokens": 2297, "event": "model_call.done", "correlation_id": "01KTYD4NN3FMM2D3134V4K35H5", "query_preview": "Dans quelle cat\u00e9gorie le paquet bandwidthd est-il class\u00e9 d'apr\u00e8s l'interface pfS", "level": "info", "timestamp": "2026-06-12T17:13:02.896382Z"}
{"node": "answer", "regenerate_attempt": 0, "event": "start", "correlation_id": "01KTYD4NN3FMM2D3134V4K35H5", "query_preview": "Dans quelle cat\u00e9gorie le paquet bandwidthd est-il class\u00e9 d'apr\u00e8s l'interface pfS", "level": "info", "timestamp": "2026-06-12T17:13:02.898397Z"}
{"prompt_tag": "answer@v5", "schema": "DraftAnswer", "model": "cyankiwi/Qwen3.5-4B-AWQ-4bit", "max_tokens": 1800, "temperature": 0.1, "top_p": 0.8, "presence_penalty": 1.0, "seed": 42, "message_count": 2, "event": "model_call.start", "correlation_id": "01KTYD4NN3FMM2D3134V4K35H5", "query_preview": "Dans quelle cat\u00e9gorie le paquet bandwidthd est-il class\u00e9 d'apr\u00e8s l'interface pfS", "level": "info", "timestamp": "2026-06-12T17:13:02.900577Z"}
Authentication error: Langfuse client initialized without public_key. Client will be disabled. Provide a public_key parameter or set LANGFUSE_PUBLIC_KEY environment variable. 
{"prompt_tag": "answer@v5", "schema": "DraftAnswer", "tokens": 3935, "event": "model_call.done", "correlation_id": "01KTYD4NN3FMM2D3134V4K35H5", "query_preview": "Dans quelle cat\u00e9gorie le paquet bandwidthd est-il class\u00e9 d'apr\u00e8s l'interface pfS", "level": "info", "timestamp": "2026-06-12T17:13:04.350398Z"}
{"node": "answer", "exact": 0, "suffix": 0, "fuzzy": 0, "unresolved": 1, "event": "chunk_id_repair", "correlation_id": "01KTYD4NN3FMM2D3134V4K35H5", "query_preview": "Dans quelle cat\u00e9gorie le paquet bandwidthd est-il class\u00e9 d'apr\u00e8s l'interface pfS", "level": "info", "timestamp": "2026-06-12T17:13:04.350531Z"}
{"node": "verify", "claim_count": 1, "event": "start", "correlation_id": "01KTYD4NN3FMM2D3134V4K35H5", "query_preview": "Dans quelle cat\u00e9gorie le paquet bandwidthd est-il class\u00e9 d'apr\u00e8s l'interface pfS", "level": "info", "timestamp": "2026-06-12T17:13:04.351680Z"}
{"prompt_tag": "verify_grounding@v2", "schema": "VerificationResult", "model": "cyankiwi/Qwen3.5-4B-AWQ-4bit", "max_tokens": 1024, "temperature": 0.1, "top_p": 0.8, "presence_penalty": 1.0, "seed": 42, "message_count": 1, "event": "model_call.start", "correlation_id": "01KTYD4NN3FMM2D3134V4K35H5", "query_preview": "Dans quelle cat\u00e9gorie le paquet bandwidthd est-il class\u00e9 d'apr\u00e8s l'interface pfS", "level": "info", "timestamp": "2026-06-12T17:13:04.355627Z"}
Authentication error: Langfuse client initialized without public_key. Client will be disabled. Provide a public_key parameter or set LANGFUSE_PUBLIC_KEY environment variable. 
{"prompt_tag": "verify_grounding@v2", "schema": "VerificationResult", "tokens": 2210, "event": "model_call.done", "correlation_id": "01KTYD4NN3FMM2D3134V4K35H5", "query_preview": "Dans quelle cat\u00e9gorie le paquet bandwidthd est-il class\u00e9 d'apr\u00e8s l'interface pfS", "level": "info", "timestamp": "2026-06-12T17:13:04.879347Z"}
{"node": "assess_relevance", "event": "start", "correlation_id": "01KTYD4NN3FMM2D3134V4K35H5", "query_preview": "Dans quelle cat\u00e9gorie le paquet bandwidthd est-il class\u00e9 d'apr\u00e8s l'interface pfS", "level": "info", "timestamp": "2026-06-12T17:13:04.881072Z"}
{"prompt_tag": "assess_relevance@v3", "schema": "RelevanceAssessment", "model": "cyankiwi/Qwen3.5-4B-AWQ-4bit", "max_tokens": 1024, "temperature": 0.1, "top_p": 0.8, "presence_penalty": 1.0, "seed": 42, "message_count": 1, "event": "model_call.start", "correlation_id": "01KTYD4NN3FMM2D3134V4K35H5", "query_preview": "Dans quelle cat\u00e9gorie le paquet bandwidthd est-il class\u00e9 d'apr\u00e8s l'interface pfS", "level": "info", "timestamp": "2026-06-12T17:13:04.882371Z"}
Authentication error: Langfuse client initialized without public_key. Client will be disabled. Provide a public_key parameter or set LANGFUSE_PUBLIC_KEY environment variable. 
{"prompt_tag": "assess_relevance@v3", "schema": "RelevanceAssessment", "tokens": 848, "event": "model_call.done", "correlation_id": "01KTYD4NN3FMM2D3134V4K35H5", "query_preview": "Dans quelle cat\u00e9gorie le paquet bandwidthd est-il class\u00e9 d'apr\u00e8s l'interface pfS", "level": "info", "timestamp": "2026-06-12T17:13:05.246803Z"}
{"node": "assess_relevance", "responsive": true, "event": "relevance", "correlation_id": "01KTYD4NN3FMM2D3134V4K35H5", "query_preview": "Dans quelle cat\u00e9gorie le paquet bandwidthd est-il class\u00e9 d'apr\u00e8s l'interface pfS", "level": "info", "timestamp": "2026-06-12T17:13:05.246852Z"}
{"node": "compose", "event": "start", "correlation_id": "01KTYD4NN3FMM2D3134V4K35H5", "query_preview": "Dans quelle cat\u00e9gorie le paquet bandwidthd est-il class\u00e9 d'apr\u00e8s l'interface pfS", "level": "info", "timestamp": "2026-06-12T17:13:05.248500Z"}
Authentication error: Langfuse client initialized without public_key. Client will be disabled. Provide a public_key parameter or set LANGFUSE_PUBLIC_KEY environment variable. 
{"node": "retrieve", "query_len": 75, "event": "start", "correlation_id": "01KTYD5CF1XAJF07W5Y318RA5B", "query_preview": "Quelles sont les trois composantes du processus d'authentification 802.1X ?", "level": "info", "timestamp": "2026-06-12T17:13:05.250462Z"}
{"query_len": 75, "k": 50, "event": "hybrid.start", "correlation_id": "01KTYD5CF1XAJF07W5Y318RA5B", "query_preview": "Quelles sont les trois composantes du processus d'authentification 802.1X ?", "level": "info", "timestamp": "2026-06-12T17:13:05.250505Z"}
{"query_len": 75, "k": 50, "dense": 50, "bm25": 0, "fused": 50, "term": false, "event": "hybrid.done", "correlation_id": "01KTYD5CF1XAJF07W5Y318RA5B", "query_preview": "Quelles sont les trois composantes du processus d'authentification 802.1X ?", "level": "info", "timestamp": "2026-06-12T17:13:05.332451Z"}
{"node": "retrieve", "candidate_count": 50, "event": "done", "correlation_id": "01KTYD5CF1XAJF07W5Y318RA5B", "query_preview": "Quelles sont les trois composantes du processus d'authentification 802.1X ?", "level": "info", "timestamp": "2026-06-12T17:13:05.333534Z"}
{"node": "expand_graph", "reason": "disabled_or_empty", "event": "skip", "correlation_id": "01KTYD5CF1XAJF07W5Y318RA5B", "query_preview": "Quelles sont les trois composantes du processus d'authentification 802.1X ?", "level": "info", "timestamp": "2026-06-12T17:13:05.334893Z"}
{"node": "rerank", "candidate_count": 50, "event": "start", "correlation_id": "01KTYD5CF1XAJF07W5Y318RA5B", "query_preview": "Quelles sont les trois composantes du processus d'authentification 802.1X ?", "level": "info", "timestamp": "2026-06-12T17:13:05.335553Z"}
{"node": "rerank", "top_k": 5, "source": "mode", "event": "top_k_resolved", "correlation_id": "01KTYD5CF1XAJF07W5Y318RA5B", "query_preview": "Quelles sont les trois composantes du processus d'authentification 802.1X ?", "level": "info", "timestamp": "2026-06-12T17:13:05.335610Z"}
{"candidates": 50, "top_k": 5, "backend": "cross_encoder", "event": "rerank.start", "correlation_id": "01KTYD5CF1XAJF07W5Y318RA5B", "query_preview": "Quelles sont les trois composantes du processus d'authentification 802.1X ?", "level": "info", "timestamp": "2026-06-12T17:13:05.335635Z"}
{"candidates": 50, "top_k": 5, "backend": "cross_encoder", "returned": 5, "event": "rerank.done", "correlation_id": "01KTYD5CF1XAJF07W5Y318RA5B", "query_preview": "Quelles sont les trois composantes du processus d'authentification 802.1X ?", "level": "info", "timestamp": "2026-06-12T17:13:22.503571Z"}
{"node": "rerank", "reranked_count": 5, "event": "done", "correlation_id": "01KTYD5CF1XAJF07W5Y318RA5B", "query_preview": "Quelles sont les trois composantes du processus d'authentification 802.1X ?", "level": "info", "timestamp": "2026-06-12T17:13:22.503659Z"}
{"node": "query_tables", "reason": "empty_or_not_table_shaped", "event": "skip", "correlation_id": "01KTYD5CF1XAJF07W5Y318RA5B", "query_preview": "Quelles sont les trois composantes du processus d'authentification 802.1X ?", "level": "info", "timestamp": "2026-06-12T17:13:22.505436Z"}
{"node": "assess", "reranked_count": 5, "event": "start", "correlation_id": "01KTYD5CF1XAJF07W5Y318RA5B", "query_preview": "Quelles sont les trois composantes du processus d'authentification 802.1X ?", "level": "info", "timestamp": "2026-06-12T17:13:22.506235Z"}
{"prompt_tag": "assess_sufficiency@v4", "schema": "SufficiencyAssessment", "model": "cyankiwi/Qwen3.5-4B-AWQ-4bit", "max_tokens": 1024, "temperature": 0.1, "top_p": 0.8, "presence_penalty": 1.0, "seed": 42, "message_count": 1, "event": "model_call.start", "correlation_id": "01KTYD5CF1XAJF07W5Y318RA5B", "query_preview": "Quelles sont les trois composantes du processus d'authentification 802.1X ?", "level": "info", "timestamp": "2026-06-12T17:13:22.508071Z"}
Authentication error: Langfuse client initialized without public_key. Client will be disabled. Provide a public_key parameter or set LANGFUSE_PUBLIC_KEY environment variable. 
{"prompt_tag": "assess_sufficiency@v4", "schema": "SufficiencyAssessment", "tokens": 1352, "event": "model_call.done", "correlation_id": "01KTYD5CF1XAJF07W5Y318RA5B", "query_preview": "Quelles sont les trois composantes du processus d'authentification 802.1X ?", "level": "info", "timestamp": "2026-06-12T17:13:23.250839Z"}
{"node": "answer", "regenerate_attempt": 0, "event": "start", "correlation_id": "01KTYD5CF1XAJF07W5Y318RA5B", "query_preview": "Quelles sont les trois composantes du processus d'authentification 802.1X ?", "level": "info", "timestamp": "2026-06-12T17:13:23.252733Z"}
{"prompt_tag": "answer@v5", "schema": "DraftAnswer", "model": "cyankiwi/Qwen3.5-4B-AWQ-4bit", "max_tokens": 1800, "temperature": 0.1, "top_p": 0.8, "presence_penalty": 1.0, "seed": 42, "message_count": 2, "event": "model_call.start", "correlation_id": "01KTYD5CF1XAJF07W5Y318RA5B", "query_preview": "Quelles sont les trois composantes du processus d'authentification 802.1X ?", "level": "info", "timestamp": "2026-06-12T17:13:23.255361Z"}
Authentication error: Langfuse client initialized without public_key. Client will be disabled. Provide a public_key parameter or set LANGFUSE_PUBLIC_KEY environment variable. 
{"prompt_tag": "answer@v5", "schema": "DraftAnswer", "tokens": 3075, "event": "model_call.done", "correlation_id": "01KTYD5CF1XAJF07W5Y318RA5B", "query_preview": "Quelles sont les trois composantes du processus d'authentification 802.1X ?", "level": "info", "timestamp": "2026-06-12T17:13:25.426092Z"}
{"node": "answer", "exact": 0, "suffix": 0, "fuzzy": 1, "unresolved": 0, "event": "chunk_id_repair", "correlation_id": "01KTYD5CF1XAJF07W5Y318RA5B", "query_preview": "Quelles sont les trois composantes du processus d'authentification 802.1X ?", "level": "info", "timestamp": "2026-06-12T17:13:25.426254Z"}
{"node": "verify", "claim_count": 1, "event": "start", "correlation_id": "01KTYD5CF1XAJF07W5Y318RA5B", "query_preview": "Quelles sont les trois composantes du processus d'authentification 802.1X ?", "level": "info", "timestamp": "2026-06-12T17:13:25.427188Z"}
{"prompt_tag": "verify_grounding@v2", "schema": "VerificationResult", "model": "cyankiwi/Qwen3.5-4B-AWQ-4bit", "max_tokens": 1024, "temperature": 0.1, "top_p": 0.8, "presence_penalty": 1.0, "seed": 42, "message_count": 1, "event": "model_call.start", "correlation_id": "01KTYD5CF1XAJF07W5Y318RA5B", "query_preview": "Quelles sont les trois composantes du processus d'authentification 802.1X ?", "level": "info", "timestamp": "2026-06-12T17:13:25.431111Z"}
Authentication error: Langfuse client initialized without public_key. Client will be disabled. Provide a public_key parameter or set LANGFUSE_PUBLIC_KEY environment variable. 
{"prompt_tag": "verify_grounding@v2", "schema": "VerificationResult", "tokens": 1281, "event": "model_call.done", "correlation_id": "01KTYD5CF1XAJF07W5Y318RA5B", "query_preview": "Quelles sont les trois composantes du processus d'authentification 802.1X ?", "level": "info", "timestamp": "2026-06-12T17:13:25.811383Z"}
{"node": "assess_relevance", "event": "start", "correlation_id": "01KTYD5CF1XAJF07W5Y318RA5B", "query_preview": "Quelles sont les trois composantes du processus d'authentification 802.1X ?", "level": "info", "timestamp": "2026-06-12T17:13:25.812885Z"}
{"prompt_tag": "assess_relevance@v3", "schema": "RelevanceAssessment", "model": "cyankiwi/Qwen3.5-4B-AWQ-4bit", "max_tokens": 1024, "temperature": 0.1, "top_p": 0.8, "presence_penalty": 1.0, "seed": 42, "message_count": 1, "event": "model_call.start", "correlation_id": "01KTYD5CF1XAJF07W5Y318RA5B", "query_preview": "Quelles sont les trois composantes du processus d'authentification 802.1X ?", "level": "info", "timestamp": "2026-06-12T17:13:25.813891Z"}
Authentication error: Langfuse client initialized without public_key. Client will be disabled. Provide a public_key parameter or set LANGFUSE_PUBLIC_KEY environment variable. 
{"prompt_tag": "assess_relevance@v3", "schema": "RelevanceAssessment", "tokens": 946, "event": "model_call.done", "correlation_id": "01KTYD5CF1XAJF07W5Y318RA5B", "query_preview": "Quelles sont les trois composantes du processus d'authentification 802.1X ?", "level": "info", "timestamp": "2026-06-12T17:13:26.237370Z"}
{"node": "assess_relevance", "responsive": true, "event": "relevance", "correlation_id": "01KTYD5CF1XAJF07W5Y318RA5B", "query_preview": "Quelles sont les trois composantes du processus d'authentification 802.1X ?", "level": "info", "timestamp": "2026-06-12T17:13:26.237423Z"}
{"node": "compose", "event": "start", "correlation_id": "01KTYD5CF1XAJF07W5Y318RA5B", "query_preview": "Quelles sont les trois composantes du processus d'authentification 802.1X ?", "level": "info", "timestamp": "2026-06-12T17:13:26.238497Z"}
Authentication error: Langfuse client initialized without public_key. Client will be disabled. Provide a public_key parameter or set LANGFUSE_PUBLIC_KEY environment variable. 
{"node": "retrieve", "query_len": 75, "event": "start", "correlation_id": "01KTYD60YZCRTY7DFPREW4TFWX", "query_preview": "Quel message le client envoie-t-il pour amorcer l'authentification 802.1X ?", "level": "info", "timestamp": "2026-06-12T17:13:26.239918Z"}
{"query_len": 75, "k": 50, "event": "hybrid.start", "correlation_id": "01KTYD60YZCRTY7DFPREW4TFWX", "query_preview": "Quel message le client envoie-t-il pour amorcer l'authentification 802.1X ?", "level": "info", "timestamp": "2026-06-12T17:13:26.239951Z"}
{"query_len": 75, "k": 50, "dense": 50, "bm25": 0, "fused": 50, "term": false, "event": "hybrid.done", "correlation_id": "01KTYD60YZCRTY7DFPREW4TFWX", "query_preview": "Quel message le client envoie-t-il pour amorcer l'authentification 802.1X ?", "level": "info", "timestamp": "2026-06-12T17:13:26.312029Z"}
{"node": "retrieve", "candidate_count": 50, "event": "done", "correlation_id": "01KTYD60YZCRTY7DFPREW4TFWX", "query_preview": "Quel message le client envoie-t-il pour amorcer l'authentification 802.1X ?", "level": "info", "timestamp": "2026-06-12T17:13:26.312945Z"}
{"node": "expand_graph", "reason": "disabled_or_empty", "event": "skip", "correlation_id": "01KTYD60YZCRTY7DFPREW4TFWX", "query_preview": "Quel message le client envoie-t-il pour amorcer l'authentification 802.1X ?", "level": "info", "timestamp": "2026-06-12T17:13:26.314656Z"}
{"node": "rerank", "candidate_count": 50, "event": "start", "correlation_id": "01KTYD60YZCRTY7DFPREW4TFWX", "query_preview": "Quel message le client envoie-t-il pour amorcer l'authentification 802.1X ?", "level": "info", "timestamp": "2026-06-12T17:13:26.315189Z"}
{"node": "rerank", "top_k": 5, "source": "mode", "event": "top_k_resolved", "correlation_id": "01KTYD60YZCRTY7DFPREW4TFWX", "query_preview": "Quel message le client envoie-t-il pour amorcer l'authentification 802.1X ?", "level": "info", "timestamp": "2026-06-12T17:13:26.315236Z"}
{"candidates": 50, "top_k": 5, "backend": "cross_encoder", "event": "rerank.start", "correlation_id": "01KTYD60YZCRTY7DFPREW4TFWX", "query_preview": "Quel message le client envoie-t-il pour amorcer l'authentification 802.1X ?", "level": "info", "timestamp": "2026-06-12T17:13:26.315258Z"}
{"candidates": 50, "top_k": 5, "backend": "cross_encoder", "returned": 5, "event": "rerank.done", "correlation_id": "01KTYD60YZCRTY7DFPREW4TFWX", "query_preview": "Quel message le client envoie-t-il pour amorcer l'authentification 802.1X ?", "level": "info", "timestamp": "2026-06-12T17:13:44.191280Z"}
{"node": "rerank", "reranked_count": 5, "event": "done", "correlation_id": "01KTYD60YZCRTY7DFPREW4TFWX", "query_preview": "Quel message le client envoie-t-il pour amorcer l'authentification 802.1X ?", "level": "info", "timestamp": "2026-06-12T17:13:44.191378Z"}
{"node": "query_tables", "reason": "empty_or_not_table_shaped", "event": "skip", "correlation_id": "01KTYD60YZCRTY7DFPREW4TFWX", "query_preview": "Quel message le client envoie-t-il pour amorcer l'authentification 802.1X ?", "level": "info", "timestamp": "2026-06-12T17:13:44.193167Z"}
{"node": "assess", "reranked_count": 5, "event": "start", "correlation_id": "01KTYD60YZCRTY7DFPREW4TFWX", "query_preview": "Quel message le client envoie-t-il pour amorcer l'authentification 802.1X ?", "level": "info", "timestamp": "2026-06-12T17:13:44.193866Z"}
{"prompt_tag": "assess_sufficiency@v4", "schema": "SufficiencyAssessment", "model": "cyankiwi/Qwen3.5-4B-AWQ-4bit", "max_tokens": 1024, "temperature": 0.1, "top_p": 0.8, "presence_penalty": 1.0, "seed": 42, "message_count": 1, "event": "model_call.start", "correlation_id": "01KTYD60YZCRTY7DFPREW4TFWX", "query_preview": "Quel message le client envoie-t-il pour amorcer l'authentification 802.1X ?", "level": "info", "timestamp": "2026-06-12T17:13:44.195873Z"}
Authentication error: Langfuse client initialized without public_key. Client will be disabled. Provide a public_key parameter or set LANGFUSE_PUBLIC_KEY environment variable. 
{"prompt_tag": "assess_sufficiency@v4", "schema": "SufficiencyAssessment", "tokens": 2193, "event": "model_call.done", "correlation_id": "01KTYD60YZCRTY7DFPREW4TFWX", "query_preview": "Quel message le client envoie-t-il pour amorcer l'authentification 802.1X ?", "level": "info", "timestamp": "2026-06-12T17:13:44.951658Z"}
{"node": "answer", "regenerate_attempt": 0, "event": "start", "correlation_id": "01KTYD60YZCRTY7DFPREW4TFWX", "query_preview": "Quel message le client envoie-t-il pour amorcer l'authentification 802.1X ?", "level": "info", "timestamp": "2026-06-12T17:13:44.952932Z"}
{"prompt_tag": "answer@v5", "schema": "DraftAnswer", "model": "cyankiwi/Qwen3.5-4B-AWQ-4bit", "max_tokens": 1800, "temperature": 0.1, "top_p": 0.8, "presence_penalty": 1.0, "seed": 42, "message_count": 2, "event": "model_call.start", "correlation_id": "01KTYD60YZCRTY7DFPREW4TFWX", "query_preview": "Quel message le client envoie-t-il pour amorcer l'authentification 802.1X ?", "level": "info", "timestamp": "2026-06-12T17:13:44.954935Z"}
Authentication error: Langfuse client initialized without public_key. Client will be disabled. Provide a public_key parameter or set LANGFUSE_PUBLIC_KEY environment variable. 
{"prompt_tag": "answer@v5", "schema": "DraftAnswer", "tokens": 3847, "event": "model_call.done", "correlation_id": "01KTYD60YZCRTY7DFPREW4TFWX", "query_preview": "Quel message le client envoie-t-il pour amorcer l'authentification 802.1X ?", "level": "info", "timestamp": "2026-06-12T17:13:46.536861Z"}
{"node": "answer", "exact": 0, "suffix": 0, "fuzzy": 0, "unresolved": 1, "event": "chunk_id_repair", "correlation_id": "01KTYD60YZCRTY7DFPREW4TFWX", "query_preview": "Quel message le client envoie-t-il pour amorcer l'authentification 802.1X ?", "level": "info", "timestamp": "2026-06-12T17:13:46.536995Z"}
{"node": "verify", "claim_count": 1, "event": "start", "correlation_id": "01KTYD60YZCRTY7DFPREW4TFWX", "query_preview": "Quel message le client envoie-t-il pour amorcer l'authentification 802.1X ?", "level": "info", "timestamp": "2026-06-12T17:13:46.537769Z"}
{"prompt_tag": "verify_grounding@v2", "schema": "VerificationResult", "model": "cyankiwi/Qwen3.5-4B-AWQ-4bit", "max_tokens": 1024, "temperature": 0.1, "top_p": 0.8, "presence_penalty": 1.0, "seed": 42, "message_count": 1, "event": "model_call.start", "correlation_id": "01KTYD60YZCRTY7DFPREW4TFWX", "query_preview": "Quel message le client envoie-t-il pour amorcer l'authentification 802.1X ?", "level": "info", "timestamp": "2026-06-12T17:13:46.540887Z"}
Authentication error: Langfuse client initialized without public_key. Client will be disabled. Provide a public_key parameter or set LANGFUSE_PUBLIC_KEY environment variable. 
{"prompt_tag": "verify_grounding@v2", "schema": "VerificationResult", "tokens": 2118, "event": "model_call.done", "correlation_id": "01KTYD60YZCRTY7DFPREW4TFWX", "query_preview": "Quel message le client envoie-t-il pour amorcer l'authentification 802.1X ?", "level": "info", "timestamp": "2026-06-12T17:13:47.043709Z"}
{"node": "assess_relevance", "event": "start", "correlation_id": "01KTYD60YZCRTY7DFPREW4TFWX", "query_preview": "Quel message le client envoie-t-il pour amorcer l'authentification 802.1X ?", "level": "info", "timestamp": "2026-06-12T17:13:47.044820Z"}
{"prompt_tag": "assess_relevance@v3", "schema": "RelevanceAssessment", "model": "cyankiwi/Qwen3.5-4B-AWQ-4bit", "max_tokens": 1024, "temperature": 0.1, "top_p": 0.8, "presence_penalty": 1.0, "seed": 42, "message_count": 1, "event": "model_call.start", "correlation_id": "01KTYD60YZCRTY7DFPREW4TFWX", "query_preview": "Quel message le client envoie-t-il pour amorcer l'authentification 802.1X ?", "level": "info", "timestamp": "2026-06-12T17:13:47.045797Z"}
Authentication error: Langfuse client initialized without public_key. Client will be disabled. Provide a public_key parameter or set LANGFUSE_PUBLIC_KEY environment variable. 
{"prompt_tag": "assess_relevance@v3", "schema": "RelevanceAssessment", "tokens": 865, "event": "model_call.done", "correlation_id": "01KTYD60YZCRTY7DFPREW4TFWX", "query_preview": "Quel message le client envoie-t-il pour amorcer l'authentification 802.1X ?", "level": "info", "timestamp": "2026-06-12T17:13:47.521986Z"}
{"node": "assess_relevance", "responsive": true, "event": "relevance", "correlation_id": "01KTYD60YZCRTY7DFPREW4TFWX", "query_preview": "Quel message le client envoie-t-il pour amorcer l'authentification 802.1X ?", "level": "info", "timestamp": "2026-06-12T17:13:47.522036Z"}
{"node": "compose", "event": "start", "correlation_id": "01KTYD60YZCRTY7DFPREW4TFWX", "query_preview": "Quel message le client envoie-t-il pour amorcer l'authentification 802.1X ?", "level": "info", "timestamp": "2026-06-12T17:13:47.523084Z"}
Authentication error: Langfuse client initialized without public_key. Client will be disabled. Provide a public_key parameter or set LANGFUSE_PUBLIC_KEY environment variable. 
{"node": "retrieve", "query_len": 74, "event": "start", "correlation_id": "01KTYD6NR3KHRGRPKX7QQ168H5", "query_preview": "Quel type de serveur r\u00e9alise l'authentification dans le processus 802.1X ?", "level": "info", "timestamp": "2026-06-12T17:13:47.524473Z"}
{"query_len": 74, "k": 50, "event": "hybrid.start", "correlation_id": "01KTYD6NR3KHRGRPKX7QQ168H5", "query_preview": "Quel type de serveur r\u00e9alise l'authentification dans le processus 802.1X ?", "level": "info", "timestamp": "2026-06-12T17:13:47.524508Z"}
{"query_len": 74, "k": 50, "dense": 50, "bm25": 0, "fused": 50, "term": false, "event": "hybrid.done", "correlation_id": "01KTYD6NR3KHRGRPKX7QQ168H5", "query_preview": "Quel type de serveur r\u00e9alise l'authentification dans le processus 802.1X ?", "level": "info", "timestamp": "2026-06-12T17:13:47.604646Z"}
{"node": "retrieve", "candidate_count": 50, "event": "done", "correlation_id": "01KTYD6NR3KHRGRPKX7QQ168H5", "query_preview": "Quel type de serveur r\u00e9alise l'authentification dans le processus 802.1X ?", "level": "info", "timestamp": "2026-06-12T17:13:47.606084Z"}
{"node": "expand_graph", "reason": "disabled_or_empty", "event": "skip", "correlation_id": "01KTYD6NR3KHRGRPKX7QQ168H5", "query_preview": "Quel type de serveur r\u00e9alise l'authentification dans le processus 802.1X ?", "level": "info", "timestamp": "2026-06-12T17:13:47.608481Z"}
{"node": "rerank", "candidate_count": 50, "event": "start", "correlation_id": "01KTYD6NR3KHRGRPKX7QQ168H5", "query_preview": "Quel type de serveur r\u00e9alise l'authentification dans le processus 802.1X ?", "level": "info", "timestamp": "2026-06-12T17:13:47.609238Z"}
{"node": "rerank", "top_k": 5, "source": "mode", "event": "top_k_resolved", "correlation_id": "01KTYD6NR3KHRGRPKX7QQ168H5", "query_preview": "Quel type de serveur r\u00e9alise l'authentification dans le processus 802.1X ?", "level": "info", "timestamp": "2026-06-12T17:13:47.609307Z"}
{"candidates": 50, "top_k": 5, "backend": "cross_encoder", "event": "rerank.start", "correlation_id": "01KTYD6NR3KHRGRPKX7QQ168H5", "query_preview": "Quel type de serveur r\u00e9alise l'authentification dans le processus 802.1X ?", "level": "info", "timestamp": "2026-06-12T17:13:47.609342Z"}
{"candidates": 50, "top_k": 5, "backend": "cross_encoder", "returned": 5, "event": "rerank.done", "correlation_id": "01KTYD6NR3KHRGRPKX7QQ168H5", "query_preview": "Quel type de serveur r\u00e9alise l'authentification dans le processus 802.1X ?", "level": "info", "timestamp": "2026-06-12T17:14:03.366041Z"}
{"node": "rerank", "reranked_count": 5, "event": "done", "correlation_id": "01KTYD6NR3KHRGRPKX7QQ168H5", "query_preview": "Quel type de serveur r\u00e9alise l'authentification dans le processus 802.1X ?", "level": "info", "timestamp": "2026-06-12T17:14:03.366139Z"}
{"node": "query_tables", "reason": "empty_or_not_table_shaped", "event": "skip", "correlation_id": "01KTYD6NR3KHRGRPKX7QQ168H5", "query_preview": "Quel type de serveur r\u00e9alise l'authentification dans le processus 802.1X ?", "level": "info", "timestamp": "2026-06-12T17:14:03.367870Z"}
{"node": "assess", "reranked_count": 5, "event": "start", "correlation_id": "01KTYD6NR3KHRGRPKX7QQ168H5", "query_preview": "Quel type de serveur r\u00e9alise l'authentification dans le processus 802.1X ?", "level": "info", "timestamp": "2026-06-12T17:14:03.368530Z"}
{"prompt_tag": "assess_sufficiency@v4", "schema": "SufficiencyAssessment", "model": "cyankiwi/Qwen3.5-4B-AWQ-4bit", "max_tokens": 1024, "temperature": 0.1, "top_p": 0.8, "presence_penalty": 1.0, "seed": 42, "message_count": 1, "event": "model_call.start", "correlation_id": "01KTYD6NR3KHRGRPKX7QQ168H5", "query_preview": "Quel type de serveur r\u00e9alise l'authentification dans le processus 802.1X ?", "level": "info", "timestamp": "2026-06-12T17:14:03.370508Z"}
Authentication error: Langfuse client initialized without public_key. Client will be disabled. Provide a public_key parameter or set LANGFUSE_PUBLIC_KEY environment variable. 
{"prompt_tag": "assess_sufficiency@v4", "schema": "SufficiencyAssessment", "tokens": 1487, "event": "model_call.done", "correlation_id": "01KTYD6NR3KHRGRPKX7QQ168H5", "query_preview": "Quel type de serveur r\u00e9alise l'authentification dans le processus 802.1X ?", "level": "info", "timestamp": "2026-06-12T17:14:04.036342Z"}
{"node": "answer", "regenerate_attempt": 0, "event": "start", "correlation_id": "01KTYD6NR3KHRGRPKX7QQ168H5", "query_preview": "Quel type de serveur r\u00e9alise l'authentification dans le processus 802.1X ?", "level": "info", "timestamp": "2026-06-12T17:14:04.037640Z"}
{"prompt_tag": "answer@v5", "schema": "DraftAnswer", "model": "cyankiwi/Qwen3.5-4B-AWQ-4bit", "max_tokens": 1800, "temperature": 0.1, "top_p": 0.8, "presence_penalty": 1.0, "seed": 42, "message_count": 2, "event": "model_call.start", "correlation_id": "01KTYD6NR3KHRGRPKX7QQ168H5", "query_preview": "Quel type de serveur r\u00e9alise l'authentification dans le processus 802.1X ?", "level": "info", "timestamp": "2026-06-12T17:14:04.039721Z"}
Authentication error: Langfuse client initialized without public_key. Client will be disabled. Provide a public_key parameter or set LANGFUSE_PUBLIC_KEY environment variable. 
{"prompt_tag": "answer@v5", "schema": "DraftAnswer", "tokens": 3152, "event": "model_call.done", "correlation_id": "01KTYD6NR3KHRGRPKX7QQ168H5", "query_preview": "Quel type de serveur r\u00e9alise l'authentification dans le processus 802.1X ?", "level": "info", "timestamp": "2026-06-12T17:14:05.616920Z"}
{"node": "answer", "exact": 0, "suffix": 0, "fuzzy": 1, "unresolved": 0, "event": "chunk_id_repair", "correlation_id": "01KTYD6NR3KHRGRPKX7QQ168H5", "query_preview": "Quel type de serveur r\u00e9alise l'authentification dans le processus 802.1X ?", "level": "info", "timestamp": "2026-06-12T17:14:05.617044Z"}
{"node": "verify", "claim_count": 1, "event": "start", "correlation_id": "01KTYD6NR3KHRGRPKX7QQ168H5", "query_preview": "Quel type de serveur r\u00e9alise l'authentification dans le processus 802.1X ?", "level": "info", "timestamp": "2026-06-12T17:14:05.618091Z"}
{"prompt_tag": "verify_grounding@v2", "schema": "VerificationResult", "model": "cyankiwi/Qwen3.5-4B-AWQ-4bit", "max_tokens": 1024, "temperature": 0.1, "top_p": 0.8, "presence_penalty": 1.0, "seed": 42, "message_count": 1, "event": "model_call.start", "correlation_id": "01KTYD6NR3KHRGRPKX7QQ168H5", "query_preview": "Quel type de serveur r\u00e9alise l'authentification dans le processus 802.1X ?", "level": "info", "timestamp": "2026-06-12T17:14:05.621032Z"}
Authentication error: Langfuse client initialized without public_key. Client will be disabled. Provide a public_key parameter or set LANGFUSE_PUBLIC_KEY environment variable. 
{"prompt_tag": "verify_grounding@v2", "schema": "VerificationResult", "tokens": 1422, "event": "model_call.done", "correlation_id": "01KTYD6NR3KHRGRPKX7QQ168H5", "query_preview": "Quel type de serveur r\u00e9alise l'authentification dans le processus 802.1X ?", "level": "info", "timestamp": "2026-06-12T17:14:06.018489Z"}
{"node": "assess_relevance", "event": "start", "correlation_id": "01KTYD6NR3KHRGRPKX7QQ168H5", "query_preview": "Quel type de serveur r\u00e9alise l'authentification dans le processus 802.1X ?", "level": "info", "timestamp": "2026-06-12T17:14:06.020351Z"}
{"prompt_tag": "assess_relevance@v3", "schema": "RelevanceAssessment", "model": "cyankiwi/Qwen3.5-4B-AWQ-4bit", "max_tokens": 1024, "temperature": 0.1, "top_p": 0.8, "presence_penalty": 1.0, "seed": 42, "message_count": 1, "event": "model_call.start", "correlation_id": "01KTYD6NR3KHRGRPKX7QQ168H5", "query_preview": "Quel type de serveur r\u00e9alise l'authentification dans le processus 802.1X ?", "level": "info", "timestamp": "2026-06-12T17:14:06.021319Z"}
Authentication error: Langfuse client initialized without public_key. Client will be disabled. Provide a public_key parameter or set LANGFUSE_PUBLIC_KEY environment variable. 
{"prompt_tag": "assess_relevance@v3", "schema": "RelevanceAssessment", "tokens": 883, "event": "model_call.done", "correlation_id": "01KTYD6NR3KHRGRPKX7QQ168H5", "query_preview": "Quel type de serveur r\u00e9alise l'authentification dans le processus 802.1X ?", "level": "info", "timestamp": "2026-06-12T17:14:06.537021Z"}
{"node": "assess_relevance", "responsive": true, "event": "relevance", "correlation_id": "01KTYD6NR3KHRGRPKX7QQ168H5", "query_preview": "Quel type de serveur r\u00e9alise l'authentification dans le processus 802.1X ?", "level": "info", "timestamp": "2026-06-12T17:14:06.537093Z"}
{"node": "compose", "event": "start", "correlation_id": "01KTYD6NR3KHRGRPKX7QQ168H5", "query_preview": "Quel type de serveur r\u00e9alise l'authentification dans le processus 802.1X ?", "level": "info", "timestamp": "2026-06-12T17:14:06.538436Z"}
Authentication error: Langfuse client initialized without public_key. Client will be disabled. Provide a public_key parameter or set LANGFUSE_PUBLIC_KEY environment variable. 
{"node": "retrieve", "query_len": 82, "event": "start", "correlation_id": "01KTYD78AB810JMFGE24Y689KJ", "query_preview": "Quel message provoque la d\u00e9connexion (logoff) du client dans le processus 802.1X", "level": "info", "timestamp": "2026-06-12T17:14:06.540046Z"}
{"query_len": 82, "k": 50, "event": "hybrid.start", "correlation_id": "01KTYD78AB810JMFGE24Y689KJ", "query_preview": "Quel message provoque la d\u00e9connexion (logoff) du client dans le processus 802.1X", "level": "info", "timestamp": "2026-06-12T17:14:06.540086Z"}
{"query_len": 82, "k": 50, "dense": 50, "bm25": 0, "fused": 50, "term": false, "event": "hybrid.done", "correlation_id": "01KTYD78AB810JMFGE24Y689KJ", "query_preview": "Quel message provoque la d\u00e9connexion (logoff) du client dans le processus 802.1X", "level": "info", "timestamp": "2026-06-12T17:14:06.828869Z"}
{"node": "retrieve", "candidate_count": 50, "event": "done", "correlation_id": "01KTYD78AB810JMFGE24Y689KJ", "query_preview": "Quel message provoque la d\u00e9connexion (logoff) du client dans le processus 802.1X", "level": "info", "timestamp": "2026-06-12T17:14:06.829758Z"}
{"node": "expand_graph", "reason": "disabled_or_empty", "event": "skip", "correlation_id": "01KTYD78AB810JMFGE24Y689KJ", "query_preview": "Quel message provoque la d\u00e9connexion (logoff) du client dans le processus 802.1X", "level": "info", "timestamp": "2026-06-12T17:14:06.831003Z"}
{"node": "rerank", "candidate_count": 50, "event": "start", "correlation_id": "01KTYD78AB810JMFGE24Y689KJ", "query_preview": "Quel message provoque la d\u00e9connexion (logoff) du client dans le processus 802.1X", "level": "info", "timestamp": "2026-06-12T17:14:06.831540Z"}
{"node": "rerank", "top_k": 5, "source": "mode", "event": "top_k_resolved", "correlation_id": "01KTYD78AB810JMFGE24Y689KJ", "query_preview": "Quel message provoque la d\u00e9connexion (logoff) du client dans le processus 802.1X", "level": "info", "timestamp": "2026-06-12T17:14:06.831588Z"}
{"candidates": 50, "top_k": 5, "backend": "cross_encoder", "event": "rerank.start", "correlation_id": "01KTYD78AB810JMFGE24Y689KJ", "query_preview": "Quel message provoque la d\u00e9connexion (logoff) du client dans le processus 802.1X", "level": "info", "timestamp": "2026-06-12T17:14:06.831611Z"}
{"candidates": 50, "top_k": 5, "backend": "cross_encoder", "returned": 5, "event": "rerank.done", "correlation_id": "01KTYD78AB810JMFGE24Y689KJ", "query_preview": "Quel message provoque la d\u00e9connexion (logoff) du client dans le processus 802.1X", "level": "info", "timestamp": "2026-06-12T17:14:25.401463Z"}
{"node": "rerank", "reranked_count": 5, "event": "done", "correlation_id": "01KTYD78AB810JMFGE24Y689KJ", "query_preview": "Quel message provoque la d\u00e9connexion (logoff) du client dans le processus 802.1X", "level": "info", "timestamp": "2026-06-12T17:14:25.401571Z"}
{"node": "query_tables", "reason": "empty_or_not_table_shaped", "event": "skip", "correlation_id": "01KTYD78AB810JMFGE24Y689KJ", "query_preview": "Quel message provoque la d\u00e9connexion (logoff) du client dans le processus 802.1X", "level": "info", "timestamp": "2026-06-12T17:14:25.403298Z"}
{"node": "assess", "reranked_count": 5, "event": "start", "correlation_id": "01KTYD78AB810JMFGE24Y689KJ", "query_preview": "Quel message provoque la d\u00e9connexion (logoff) du client dans le processus 802.1X", "level": "info", "timestamp": "2026-06-12T17:14:25.403972Z"}
{"prompt_tag": "assess_sufficiency@v4", "schema": "SufficiencyAssessment", "model": "cyankiwi/Qwen3.5-4B-AWQ-4bit", "max_tokens": 1024, "temperature": 0.1, "top_p": 0.8, "presence_penalty": 1.0, "seed": 42, "message_count": 1, "event": "model_call.start", "correlation_id": "01KTYD78AB810JMFGE24Y689KJ", "query_preview": "Quel message provoque la d\u00e9connexion (logoff) du client dans le processus 802.1X", "level": "info", "timestamp": "2026-06-12T17:14:25.405932Z"}
Authentication error: Langfuse client initialized without public_key. Client will be disabled. Provide a public_key parameter or set LANGFUSE_PUBLIC_KEY environment variable. 
{"prompt_tag": "assess_sufficiency@v4", "schema": "SufficiencyAssessment", "tokens": 2191, "event": "model_call.done", "correlation_id": "01KTYD78AB810JMFGE24Y689KJ", "query_preview": "Quel message provoque la d\u00e9connexion (logoff) du client dans le processus 802.1X", "level": "info", "timestamp": "2026-06-12T17:14:26.148280Z"}
{"node": "answer", "regenerate_attempt": 0, "event": "start", "correlation_id": "01KTYD78AB810JMFGE24Y689KJ", "query_preview": "Quel message provoque la d\u00e9connexion (logoff) du client dans le processus 802.1X", "level": "info", "timestamp": "2026-06-12T17:14:26.149600Z"}
{"prompt_tag": "answer@v5", "schema": "DraftAnswer", "model": "cyankiwi/Qwen3.5-4B-AWQ-4bit", "max_tokens": 1800, "temperature": 0.1, "top_p": 0.8, "presence_penalty": 1.0, "seed": 42, "message_count": 2, "event": "model_call.start", "correlation_id": "01KTYD78AB810JMFGE24Y689KJ", "query_preview": "Quel message provoque la d\u00e9connexion (logoff) du client dans le processus 802.1X", "level": "info", "timestamp": "2026-06-12T17:14:26.151570Z"}
Authentication error: Langfuse client initialized without public_key. Client will be disabled. Provide a public_key parameter or set LANGFUSE_PUBLIC_KEY environment variable. 
{"prompt_tag": "answer@v5", "schema": "DraftAnswer", "tokens": 3845, "event": "model_call.done", "correlation_id": "01KTYD78AB810JMFGE24Y689KJ", "query_preview": "Quel message provoque la d\u00e9connexion (logoff) du client dans le processus 802.1X", "level": "info", "timestamp": "2026-06-12T17:14:27.710678Z"}
{"node": "answer", "exact": 0, "suffix": 0, "fuzzy": 0, "unresolved": 1, "event": "chunk_id_repair", "correlation_id": "01KTYD78AB810JMFGE24Y689KJ", "query_preview": "Quel message provoque la d\u00e9connexion (logoff) du client dans le processus 802.1X", "level": "info", "timestamp": "2026-06-12T17:14:27.710827Z"}
{"node": "verify", "claim_count": 1, "event": "start", "correlation_id": "01KTYD78AB810JMFGE24Y689KJ", "query_preview": "Quel message provoque la d\u00e9connexion (logoff) du client dans le processus 802.1X", "level": "info", "timestamp": "2026-06-12T17:14:27.711604Z"}
{"prompt_tag": "verify_grounding@v2", "schema": "VerificationResult", "model": "cyankiwi/Qwen3.5-4B-AWQ-4bit", "max_tokens": 1024, "temperature": 0.1, "top_p": 0.8, "presence_penalty": 1.0, "seed": 42, "message_count": 1, "event": "model_call.start", "correlation_id": "01KTYD78AB810JMFGE24Y689KJ", "query_preview": "Quel message provoque la d\u00e9connexion (logoff) du client dans le processus 802.1X", "level": "info", "timestamp": "2026-06-12T17:14:27.714724Z"}
Authentication error: Langfuse client initialized without public_key. Client will be disabled. Provide a public_key parameter or set LANGFUSE_PUBLIC_KEY environment variable. 
{"prompt_tag": "verify_grounding@v2", "schema": "VerificationResult", "tokens": 2097, "event": "model_call.done", "correlation_id": "01KTYD78AB810JMFGE24Y689KJ", "query_preview": "Quel message provoque la d\u00e9connexion (logoff) du client dans le processus 802.1X", "level": "info", "timestamp": "2026-06-12T17:14:28.211255Z"}
{"node": "assess_relevance", "event": "start", "correlation_id": "01KTYD78AB810JMFGE24Y689KJ", "query_preview": "Quel message provoque la d\u00e9connexion (logoff) du client dans le processus 802.1X", "level": "info", "timestamp": "2026-06-12T17:14:28.212390Z"}
{"prompt_tag": "assess_relevance@v3", "schema": "RelevanceAssessment", "model": "cyankiwi/Qwen3.5-4B-AWQ-4bit", "max_tokens": 1024, "temperature": 0.1, "top_p": 0.8, "presence_penalty": 1.0, "seed": 42, "message_count": 1, "event": "model_call.start", "correlation_id": "01KTYD78AB810JMFGE24Y689KJ", "query_preview": "Quel message provoque la d\u00e9connexion (logoff) du client dans le processus 802.1X", "level": "info", "timestamp": "2026-06-12T17:14:28.213457Z"}
Authentication error: Langfuse client initialized without public_key. Client will be disabled. Provide a public_key parameter or set LANGFUSE_PUBLIC_KEY environment variable. 
{"prompt_tag": "assess_relevance@v3", "schema": "RelevanceAssessment", "tokens": 874, "event": "model_call.done", "correlation_id": "01KTYD78AB810JMFGE24Y689KJ", "query_preview": "Quel message provoque la d\u00e9connexion (logoff) du client dans le processus 802.1X", "level": "info", "timestamp": "2026-06-12T17:14:28.633561Z"}
{"node": "assess_relevance", "responsive": true, "event": "relevance", "correlation_id": "01KTYD78AB810JMFGE24Y689KJ", "query_preview": "Quel message provoque la d\u00e9connexion (logoff) du client dans le processus 802.1X", "level": "info", "timestamp": "2026-06-12T17:14:28.633623Z"}
{"node": "compose", "event": "start", "correlation_id": "01KTYD78AB810JMFGE24Y689KJ", "query_preview": "Quel message provoque la d\u00e9connexion (logoff) du client dans le processus 802.1X", "level": "info", "timestamp": "2026-06-12T17:14:28.634753Z"}
Authentication error: Langfuse client initialized without public_key. Client will be disabled. Provide a public_key parameter or set LANGFUSE_PUBLIC_KEY environment variable. 
{"node": "retrieve", "query_len": 79, "event": "start", "correlation_id": "01KTYD7XWVXY0E1GGW0DMDJ6A2", "query_preview": "Quelle est la plage d'adresses VLAN configur\u00e9e dans le diagramme de coupe-feu ?", "level": "info", "timestamp": "2026-06-12T17:14:28.636605Z"}
{"query_len": 79, "k": 50, "event": "hybrid.start", "correlation_id": "01KTYD7XWVXY0E1GGW0DMDJ6A2", "query_preview": "Quelle est la plage d'adresses VLAN configur\u00e9e dans le diagramme de coupe-feu ?", "level": "info", "timestamp": "2026-06-12T17:14:28.636650Z"}
{"query_len": 79, "k": 50, "dense": 50, "bm25": 0, "fused": 50, "term": false, "event": "hybrid.done", "correlation_id": "01KTYD7XWVXY0E1GGW0DMDJ6A2", "query_preview": "Quelle est la plage d'adresses VLAN configur\u00e9e dans le diagramme de coupe-feu ?", "level": "info", "timestamp": "2026-06-12T17:14:28.707479Z"}
{"node": "retrieve", "candidate_count": 50, "event": "done", "correlation_id": "01KTYD7XWVXY0E1GGW0DMDJ6A2", "query_preview": "Quelle est la plage d'adresses VLAN configur\u00e9e dans le diagramme de coupe-feu ?", "level": "info", "timestamp": "2026-06-12T17:14:28.708505Z"}
{"query_len": 79, "doc_ids": 1, "k": 50, "event": "hybrid_in_docs.start", "correlation_id": "01KTYD7XWVXY0E1GGW0DMDJ6A2", "query_preview": "Quelle est la plage d'adresses VLAN configur\u00e9e dans le diagramme de coupe-feu ?", "level": "info", "timestamp": "2026-06-12T17:14:28.711895Z"}
{"query_len": 79, "doc_ids": 1, "k": 50, "dense": 50, "bm25": 0, "fused": 50, "term": false, "event": "hybrid_in_docs.done", "correlation_id": "01KTYD7XWVXY0E1GGW0DMDJ6A2", "query_preview": "Quelle est la plage d'adresses VLAN configur\u00e9e dans le diagramme de coupe-feu ?", "level": "info", "timestamp": "2026-06-12T17:14:28.777608Z"}
{"node": "resolve_artifact_scope", "via": "dominant", "arttype": "diagramme", "doc_ids": ["499c900d-cr350-cours-6-coupe-feu-serveurs-mandataires-d-t"], "scoped_count": 50, "replaced_from": 50, "event": "scoped", "correlation_id": "01KTYD7XWVXY0E1GGW0DMDJ6A2", "query_preview": "Quelle est la plage d'adresses VLAN configur\u00e9e dans le diagramme de coupe-feu ?", "level": "info", "timestamp": "2026-06-12T17:14:28.778610Z"}
{"node": "expand_graph", "reason": "disabled_or_empty", "event": "skip", "correlation_id": "01KTYD7XWVXY0E1GGW0DMDJ6A2", "query_preview": "Quelle est la plage d'adresses VLAN configur\u00e9e dans le diagramme de coupe-feu ?", "level": "info", "timestamp": "2026-06-12T17:14:28.779586Z"}
{"node": "rerank", "candidate_count": 50, "event": "start", "correlation_id": "01KTYD7XWVXY0E1GGW0DMDJ6A2", "query_preview": "Quelle est la plage d'adresses VLAN configur\u00e9e dans le diagramme de coupe-feu ?", "level": "info", "timestamp": "2026-06-12T17:14:28.780383Z"}
{"node": "rerank", "top_k": 5, "source": "mode", "event": "top_k_resolved", "correlation_id": "01KTYD7XWVXY0E1GGW0DMDJ6A2", "query_preview": "Quelle est la plage d'adresses VLAN configur\u00e9e dans le diagramme de coupe-feu ?", "level": "info", "timestamp": "2026-06-12T17:14:28.780443Z"}
{"candidates": 50, "top_k": 5, "backend": "cross_encoder", "event": "rerank.start", "correlation_id": "01KTYD7XWVXY0E1GGW0DMDJ6A2", "query_preview": "Quelle est la plage d'adresses VLAN configur\u00e9e dans le diagramme de coupe-feu ?", "level": "info", "timestamp": "2026-06-12T17:14:28.780468Z"}
{"candidates": 50, "top_k": 5, "backend": "cross_encoder", "returned": 5, "event": "rerank.done", "correlation_id": "01KTYD7XWVXY0E1GGW0DMDJ6A2", "query_preview": "Quelle est la plage d'adresses VLAN configur\u00e9e dans le diagramme de coupe-feu ?", "level": "info", "timestamp": "2026-06-12T17:14:47.555728Z"}
{"node": "rerank", "reranked_count": 5, "event": "done", "correlation_id": "01KTYD7XWVXY0E1GGW0DMDJ6A2", "query_preview": "Quelle est la plage d'adresses VLAN configur\u00e9e dans le diagramme de coupe-feu ?", "level": "info", "timestamp": "2026-06-12T17:14:47.555827Z"}
{"node": "query_tables", "reason": "empty_or_not_table_shaped", "event": "skip", "correlation_id": "01KTYD7XWVXY0E1GGW0DMDJ6A2", "query_preview": "Quelle est la plage d'adresses VLAN configur\u00e9e dans le diagramme de coupe-feu ?", "level": "info", "timestamp": "2026-06-12T17:14:47.557627Z"}
{"node": "assess", "reranked_count": 5, "event": "start", "correlation_id": "01KTYD7XWVXY0E1GGW0DMDJ6A2", "query_preview": "Quelle est la plage d'adresses VLAN configur\u00e9e dans le diagramme de coupe-feu ?", "level": "info", "timestamp": "2026-06-12T17:14:47.558372Z"}
{"prompt_tag": "assess_sufficiency@v4", "schema": "SufficiencyAssessment", "model": "cyankiwi/Qwen3.5-4B-AWQ-4bit", "max_tokens": 1024, "temperature": 0.1, "top_p": 0.8, "presence_penalty": 1.0, "seed": 42, "message_count": 1, "event": "model_call.start", "correlation_id": "01KTYD7XWVXY0E1GGW0DMDJ6A2", "query_preview": "Quelle est la plage d'adresses VLAN configur\u00e9e dans le diagramme de coupe-feu ?", "level": "info", "timestamp": "2026-06-12T17:14:47.560404Z"}
Authentication error: Langfuse client initialized without public_key. Client will be disabled. Provide a public_key parameter or set LANGFUSE_PUBLIC_KEY environment variable. 
{"prompt_tag": "assess_sufficiency@v4", "schema": "SufficiencyAssessment", "tokens": 2259, "event": "model_call.done", "correlation_id": "01KTYD7XWVXY0E1GGW0DMDJ6A2", "query_preview": "Quelle est la plage d'adresses VLAN configur\u00e9e dans le diagramme de coupe-feu ?", "level": "info", "timestamp": "2026-06-12T17:14:48.364153Z"}
{"node": "refuse", "event": "start", "correlation_id": "01KTYD7XWVXY0E1GGW0DMDJ6A2", "query_preview": "Quelle est la plage d'adresses VLAN configur\u00e9e dans le diagramme de coupe-feu ?", "level": "info", "timestamp": "2026-06-12T17:14:48.366063Z"}
Authentication error: Langfuse client initialized without public_key. Client will be disabled. Provide a public_key parameter or set LANGFUSE_PUBLIC_KEY environment variable. 
{"node": "retrieve", "query_len": 83, "event": "start", "correlation_id": "01KTYD8H5EQ42M19Z69Z9J5C8W", "query_preview": "Combien d'utilisateurs sont connect\u00e9s au serveur RADIUS selon le diagramme 802.1", "level": "info", "timestamp": "2026-06-12T17:14:48.368089Z"}
{"query_len": 83, "k": 50, "event": "hybrid.start", "correlation_id": "01KTYD8H5EQ42M19Z69Z9J5C8W", "query_preview": "Combien d'utilisateurs sont connect\u00e9s au serveur RADIUS selon le diagramme 802.1", "level": "info", "timestamp": "2026-06-12T17:14:48.368133Z"}
{"query_len": 83, "k": 50, "dense": 50, "bm25": 0, "fused": 50, "term": false, "event": "hybrid.done", "correlation_id": "01KTYD8H5EQ42M19Z69Z9J5C8W", "query_preview": "Combien d'utilisateurs sont connect\u00e9s au serveur RADIUS selon le diagramme 802.1", "level": "info", "timestamp": "2026-06-12T17:14:48.448690Z"}
{"node": "retrieve", "candidate_count": 50, "event": "done", "correlation_id": "01KTYD8H5EQ42M19Z69Z9J5C8W", "query_preview": "Combien d'utilisateurs sont connect\u00e9s au serveur RADIUS selon le diagramme 802.1", "level": "info", "timestamp": "2026-06-12T17:14:48.450135Z"}
{"node": "resolve_artifact_scope", "via": "none-no-qualifier", "arttype": "diagramme", "event": "no_scope", "correlation_id": "01KTYD8H5EQ42M19Z69Z9J5C8W", "query_preview": "Combien d'utilisateurs sont connect\u00e9s au serveur RADIUS selon le diagramme 802.1", "level": "info", "timestamp": "2026-06-12T17:14:48.451874Z"}
{"node": "expand_graph", "reason": "disabled_or_empty", "event": "skip", "correlation_id": "01KTYD8H5EQ42M19Z69Z9J5C8W", "query_preview": "Combien d'utilisateurs sont connect\u00e9s au serveur RADIUS selon le diagramme 802.1", "level": "info", "timestamp": "2026-06-12T17:14:48.452571Z"}
{"node": "rerank", "candidate_count": 50, "event": "start", "correlation_id": "01KTYD8H5EQ42M19Z69Z9J5C8W", "query_preview": "Combien d'utilisateurs sont connect\u00e9s au serveur RADIUS selon le diagramme 802.1", "level": "info", "timestamp": "2026-06-12T17:14:48.453189Z"}
{"node": "rerank", "top_k": 5, "source": "mode", "event": "top_k_resolved", "correlation_id": "01KTYD8H5EQ42M19Z69Z9J5C8W", "query_preview": "Combien d'utilisateurs sont connect\u00e9s au serveur RADIUS selon le diagramme 802.1", "level": "info", "timestamp": "2026-06-12T17:14:48.453250Z"}
{"candidates": 50, "top_k": 5, "backend": "cross_encoder", "event": "rerank.start", "correlation_id": "01KTYD8H5EQ42M19Z69Z9J5C8W", "query_preview": "Combien d'utilisateurs sont connect\u00e9s au serveur RADIUS selon le diagramme 802.1", "level": "info", "timestamp": "2026-06-12T17:14:48.453286Z"}
{"candidates": 50, "top_k": 5, "backend": "cross_encoder", "returned": 5, "event": "rerank.done", "correlation_id": "01KTYD8H5EQ42M19Z69Z9J5C8W", "query_preview": "Combien d'utilisateurs sont connect\u00e9s au serveur RADIUS selon le diagramme 802.1", "level": "info", "timestamp": "2026-06-12T17:15:12.106263Z"}
{"node": "rerank", "reranked_count": 5, "event": "done", "correlation_id": "01KTYD8H5EQ42M19Z69Z9J5C8W", "query_preview": "Combien d'utilisateurs sont connect\u00e9s au serveur RADIUS selon le diagramme 802.1", "level": "info", "timestamp": "2026-06-12T17:15:12.106374Z"}
{"node": "query_tables", "reason": "empty_or_not_table_shaped", "event": "skip", "correlation_id": "01KTYD8H5EQ42M19Z69Z9J5C8W", "query_preview": "Combien d'utilisateurs sont connect\u00e9s au serveur RADIUS selon le diagramme 802.1", "level": "info", "timestamp": "2026-06-12T17:15:12.108228Z"}
{"node": "assess", "reranked_count": 5, "event": "start", "correlation_id": "01KTYD8H5EQ42M19Z69Z9J5C8W", "query_preview": "Combien d'utilisateurs sont connect\u00e9s au serveur RADIUS selon le diagramme 802.1", "level": "info", "timestamp": "2026-06-12T17:15:12.108956Z"}
{"prompt_tag": "assess_sufficiency@v4", "schema": "SufficiencyAssessment", "model": "cyankiwi/Qwen3.5-4B-AWQ-4bit", "max_tokens": 1024, "temperature": 0.1, "top_p": 0.8, "presence_penalty": 1.0, "seed": 42, "message_count": 1, "event": "model_call.start", "correlation_id": "01KTYD8H5EQ42M19Z69Z9J5C8W", "query_preview": "Combien d'utilisateurs sont connect\u00e9s au serveur RADIUS selon le diagramme 802.1", "level": "info", "timestamp": "2026-06-12T17:15:12.111021Z"}
Authentication error: Langfuse client initialized without public_key. Client will be disabled. Provide a public_key parameter or set LANGFUSE_PUBLIC_KEY environment variable. 
{"prompt_tag": "assess_sufficiency@v4", "schema": "SufficiencyAssessment", "tokens": 2009, "event": "model_call.done", "correlation_id": "01KTYD8H5EQ42M19Z69Z9J5C8W", "query_preview": "Combien d'utilisateurs sont connect\u00e9s au serveur RADIUS selon le diagramme 802.1", "level": "info", "timestamp": "2026-06-12T17:15:12.968598Z"}
{"node": "refuse", "event": "start", "correlation_id": "01KTYD8H5EQ42M19Z69Z9J5C8W", "query_preview": "Combien d'utilisateurs sont connect\u00e9s au serveur RADIUS selon le diagramme 802.1", "level": "info", "timestamp": "2026-06-12T17:15:12.969928Z"}
Authentication error: Langfuse client initialized without public_key. Client will be disabled. Provide a public_key parameter or set LANGFUSE_PUBLIC_KEY environment variable. 
{"node": "retrieve", "query_len": 75, "event": "start", "correlation_id": "01KTYD996A2JAFMGT9DR80AVFT", "query_preview": "Quelle version du logiciel Snort est install\u00e9e d'apr\u00e8s la capture pfSense ?", "level": "info", "timestamp": "2026-06-12T17:15:12.971674Z"}
{"query_len": 75, "k": 50, "event": "hybrid.start", "correlation_id": "01KTYD996A2JAFMGT9DR80AVFT", "query_preview": "Quelle version du logiciel Snort est install\u00e9e d'apr\u00e8s la capture pfSense ?", "level": "info", "timestamp": "2026-06-12T17:15:12.971710Z"}
{"query_len": 75, "k": 50, "dense": 50, "bm25": 50, "fused": 50, "term": true, "event": "hybrid.done", "correlation_id": "01KTYD996A2JAFMGT9DR80AVFT", "query_preview": "Quelle version du logiciel Snort est install\u00e9e d'apr\u00e8s la capture pfSense ?", "level": "info", "timestamp": "2026-06-12T17:15:13.044800Z"}
{"node": "retrieve", "candidate_count": 50, "event": "done", "correlation_id": "01KTYD996A2JAFMGT9DR80AVFT", "query_preview": "Quelle version du logiciel Snort est install\u00e9e d'apr\u00e8s la capture pfSense ?", "level": "info", "timestamp": "2026-06-12T17:15:13.045786Z"}
{"node": "expand_graph", "reason": "disabled_or_empty", "event": "skip", "correlation_id": "01KTYD996A2JAFMGT9DR80AVFT", "query_preview": "Quelle version du logiciel Snort est install\u00e9e d'apr\u00e8s la capture pfSense ?", "level": "info", "timestamp": "2026-06-12T17:15:13.047073Z"}
{"node": "rerank", "candidate_count": 50, "event": "start", "correlation_id": "01KTYD996A2JAFMGT9DR80AVFT", "query_preview": "Quelle version du logiciel Snort est install\u00e9e d'apr\u00e8s la capture pfSense ?", "level": "info", "timestamp": "2026-06-12T17:15:13.047565Z"}
{"node": "rerank", "top_k": 5, "source": "mode", "event": "top_k_resolved", "correlation_id": "01KTYD996A2JAFMGT9DR80AVFT", "query_preview": "Quelle version du logiciel Snort est install\u00e9e d'apr\u00e8s la capture pfSense ?", "level": "info", "timestamp": "2026-06-12T17:15:13.047615Z"}
{"candidates": 50, "top_k": 5, "backend": "cross_encoder", "event": "rerank.start", "correlation_id": "01KTYD996A2JAFMGT9DR80AVFT", "query_preview": "Quelle version du logiciel Snort est install\u00e9e d'apr\u00e8s la capture pfSense ?", "level": "info", "timestamp": "2026-06-12T17:15:13.047639Z"}
{"candidates": 50, "top_k": 5, "backend": "cross_encoder", "returned": 5, "event": "rerank.done", "correlation_id": "01KTYD996A2JAFMGT9DR80AVFT", "query_preview": "Quelle version du logiciel Snort est install\u00e9e d'apr\u00e8s la capture pfSense ?", "level": "info", "timestamp": "2026-06-12T17:15:33.269263Z"}
{"node": "rerank", "reranked_count": 5, "event": "done", "correlation_id": "01KTYD996A2JAFMGT9DR80AVFT", "query_preview": "Quelle version du logiciel Snort est install\u00e9e d'apr\u00e8s la capture pfSense ?", "level": "info", "timestamp": "2026-06-12T17:15:33.269336Z"}
{"node": "query_tables", "reason": "empty_or_not_table_shaped", "event": "skip", "correlation_id": "01KTYD996A2JAFMGT9DR80AVFT", "query_preview": "Quelle version du logiciel Snort est install\u00e9e d'apr\u00e8s la capture pfSense ?", "level": "info", "timestamp": "2026-06-12T17:15:33.270767Z"}
{"node": "assess", "reranked_count": 5, "event": "start", "correlation_id": "01KTYD996A2JAFMGT9DR80AVFT", "query_preview": "Quelle version du logiciel Snort est install\u00e9e d'apr\u00e8s la capture pfSense ?", "level": "info", "timestamp": "2026-06-12T17:15:33.271325Z"}
{"prompt_tag": "assess_sufficiency@v4", "schema": "SufficiencyAssessment", "model": "cyankiwi/Qwen3.5-4B-AWQ-4bit", "max_tokens": 1024, "temperature": 0.1, "top_p": 0.8, "presence_penalty": 1.0, "seed": 42, "message_count": 1, "event": "model_call.start", "correlation_id": "01KTYD996A2JAFMGT9DR80AVFT", "query_preview": "Quelle version du logiciel Snort est install\u00e9e d'apr\u00e8s la capture pfSense ?", "level": "info", "timestamp": "2026-06-12T17:15:33.272873Z"}
Authentication error: Langfuse client initialized without public_key. Client will be disabled. Provide a public_key parameter or set LANGFUSE_PUBLIC_KEY environment variable. 
{"prompt_tag": "assess_sufficiency@v4", "schema": "SufficiencyAssessment", "tokens": 1850, "event": "model_call.done", "correlation_id": "01KTYD996A2JAFMGT9DR80AVFT", "query_preview": "Quelle version du logiciel Snort est install\u00e9e d'apr\u00e8s la capture pfSense ?", "level": "info", "timestamp": "2026-06-12T17:15:33.911857Z"}
{"node": "refuse", "event": "start", "correlation_id": "01KTYD996A2JAFMGT9DR80AVFT", "query_preview": "Quelle version du logiciel Snort est install\u00e9e d'apr\u00e8s la capture pfSense ?", "level": "info", "timestamp": "2026-06-12T17:15:33.913434Z"}
Authentication error: Langfuse client initialized without public_key. Client will be disabled. Provide a public_key parameter or set LANGFUSE_PUBLIC_KEY environment variable. 
{"node": "retrieve", "query_len": 66, "event": "start", "correlation_id": "01KTYD9XMSMPYDDKQ8X5SAG7AZ", "query_preview": "Quelle est l'adresse IP de la DMZ dans l'architecture three-tier ?", "level": "info", "timestamp": "2026-06-12T17:15:33.914924Z"}
{"query_len": 66, "k": 50, "event": "hybrid.start", "correlation_id": "01KTYD9XMSMPYDDKQ8X5SAG7AZ", "query_preview": "Quelle est l'adresse IP de la DMZ dans l'architecture three-tier ?", "level": "info", "timestamp": "2026-06-12T17:15:33.914960Z"}
{"query_len": 66, "k": 50, "dense": 50, "bm25": 0, "fused": 50, "term": false, "event": "hybrid.done", "correlation_id": "01KTYD9XMSMPYDDKQ8X5SAG7AZ", "query_preview": "Quelle est l'adresse IP de la DMZ dans l'architecture three-tier ?", "level": "info", "timestamp": "2026-06-12T17:15:33.987288Z"}
{"node": "retrieve", "candidate_count": 50, "event": "done", "correlation_id": "01KTYD9XMSMPYDDKQ8X5SAG7AZ", "query_preview": "Quelle est l'adresse IP de la DMZ dans l'architecture three-tier ?", "level": "info", "timestamp": "2026-06-12T17:15:33.988209Z"}
{"node": "expand_graph", "reason": "disabled_or_empty", "event": "skip", "correlation_id": "01KTYD9XMSMPYDDKQ8X5SAG7AZ", "query_preview": "Quelle est l'adresse IP de la DMZ dans l'architecture three-tier ?", "level": "info", "timestamp": "2026-06-12T17:15:33.989504Z"}
{"node": "rerank", "candidate_count": 50, "event": "start", "correlation_id": "01KTYD9XMSMPYDDKQ8X5SAG7AZ", "query_preview": "Quelle est l'adresse IP de la DMZ dans l'architecture three-tier ?", "level": "info", "timestamp": "2026-06-12T17:15:33.990002Z"}
{"node": "rerank", "top_k": 5, "source": "mode", "event": "top_k_resolved", "correlation_id": "01KTYD9XMSMPYDDKQ8X5SAG7AZ", "query_preview": "Quelle est l'adresse IP de la DMZ dans l'architecture three-tier ?", "level": "info", "timestamp": "2026-06-12T17:15:33.990046Z"}
{"candidates": 50, "top_k": 5, "backend": "cross_encoder", "event": "rerank.start", "correlation_id": "01KTYD9XMSMPYDDKQ8X5SAG7AZ", "query_preview": "Quelle est l'adresse IP de la DMZ dans l'architecture three-tier ?", "level": "info", "timestamp": "2026-06-12T17:15:33.990073Z"}
{"candidates": 50, "top_k": 5, "backend": "cross_encoder", "returned": 5, "event": "rerank.done", "correlation_id": "01KTYD9XMSMPYDDKQ8X5SAG7AZ", "query_preview": "Quelle est l'adresse IP de la DMZ dans l'architecture three-tier ?", "level": "info", "timestamp": "2026-06-12T17:15:50.562355Z"}
{"node": "rerank", "reranked_count": 5, "event": "done", "correlation_id": "01KTYD9XMSMPYDDKQ8X5SAG7AZ", "query_preview": "Quelle est l'adresse IP de la DMZ dans l'architecture three-tier ?", "level": "info", "timestamp": "2026-06-12T17:15:50.562432Z"}
{"node": "query_tables", "reason": "empty_or_not_table_shaped", "event": "skip", "correlation_id": "01KTYD9XMSMPYDDKQ8X5SAG7AZ", "query_preview": "Quelle est l'adresse IP de la DMZ dans l'architecture three-tier ?", "level": "info", "timestamp": "2026-06-12T17:15:50.563980Z"}
{"node": "assess", "reranked_count": 5, "event": "start", "correlation_id": "01KTYD9XMSMPYDDKQ8X5SAG7AZ", "query_preview": "Quelle est l'adresse IP de la DMZ dans l'architecture three-tier ?", "level": "info", "timestamp": "2026-06-12T17:15:50.564575Z"}
{"prompt_tag": "assess_sufficiency@v4", "schema": "SufficiencyAssessment", "model": "cyankiwi/Qwen3.5-4B-AWQ-4bit", "max_tokens": 1024, "temperature": 0.1, "top_p": 0.8, "presence_penalty": 1.0, "seed": 42, "message_count": 1, "event": "model_call.start", "correlation_id": "01KTYD9XMSMPYDDKQ8X5SAG7AZ", "query_preview": "Quelle est l'adresse IP de la DMZ dans l'architecture three-tier ?", "level": "info", "timestamp": "2026-06-12T17:15:50.566129Z"}
Authentication error: Langfuse client initialized without public_key. Client will be disabled. Provide a public_key parameter or set LANGFUSE_PUBLIC_KEY environment variable. 
{"prompt_tag": "assess_sufficiency@v4", "schema": "SufficiencyAssessment", "tokens": 1317, "event": "model_call.done", "correlation_id": "01KTYD9XMSMPYDDKQ8X5SAG7AZ", "query_preview": "Quelle est l'adresse IP de la DMZ dans l'architecture three-tier ?", "level": "info", "timestamp": "2026-06-12T17:15:51.241069Z"}
{"node": "answer", "regenerate_attempt": 0, "event": "start", "correlation_id": "01KTYD9XMSMPYDDKQ8X5SAG7AZ", "query_preview": "Quelle est l'adresse IP de la DMZ dans l'architecture three-tier ?", "level": "info", "timestamp": "2026-06-12T17:15:51.242502Z"}
{"prompt_tag": "answer@v5", "schema": "DraftAnswer", "model": "cyankiwi/Qwen3.5-4B-AWQ-4bit", "max_tokens": 1800, "temperature": 0.1, "top_p": 0.8, "presence_penalty": 1.0, "seed": 42, "message_count": 2, "event": "model_call.start", "correlation_id": "01KTYD9XMSMPYDDKQ8X5SAG7AZ", "query_preview": "Quelle est l'adresse IP de la DMZ dans l'architecture three-tier ?", "level": "info", "timestamp": "2026-06-12T17:15:51.244843Z"}
Authentication error: Langfuse client initialized without public_key. Client will be disabled. Provide a public_key parameter or set LANGFUSE_PUBLIC_KEY environment variable. 
{"prompt_tag": "answer@v5", "schema": "DraftAnswer", "tokens": 2884, "event": "model_call.done", "correlation_id": "01KTYD9XMSMPYDDKQ8X5SAG7AZ", "query_preview": "Quelle est l'adresse IP de la DMZ dans l'architecture three-tier ?", "level": "info", "timestamp": "2026-06-12T17:15:51.964916Z"}
{"node": "verify", "claim_count": 0, "event": "start", "correlation_id": "01KTYD9XMSMPYDDKQ8X5SAG7AZ", "query_preview": "Quelle est l'adresse IP de la DMZ dans l'architecture three-tier ?", "level": "info", "timestamp": "2026-06-12T17:15:51.965759Z"}
{"node": "verify", "event": "empty_draft_shortcircuit", "correlation_id": "01KTYD9XMSMPYDDKQ8X5SAG7AZ", "query_preview": "Quelle est l'adresse IP de la DMZ dans l'architecture three-tier ?", "level": "info", "timestamp": "2026-06-12T17:15:51.965794Z"}
{"node": "assess_relevance", "event": "start", "correlation_id": "01KTYD9XMSMPYDDKQ8X5SAG7AZ", "query_preview": "Quelle est l'adresse IP de la DMZ dans l'architecture three-tier ?", "level": "info", "timestamp": "2026-06-12T17:15:51.966661Z"}
{"prompt_tag": "assess_relevance@v3", "schema": "RelevanceAssessment", "model": "cyankiwi/Qwen3.5-4B-AWQ-4bit", "max_tokens": 1024, "temperature": 0.1, "top_p": 0.8, "presence_penalty": 1.0, "seed": 42, "message_count": 1, "event": "model_call.start", "correlation_id": "01KTYD9XMSMPYDDKQ8X5SAG7AZ", "query_preview": "Quelle est l'adresse IP de la DMZ dans l'architecture three-tier ?", "level": "info", "timestamp": "2026-06-12T17:15:51.967634Z"}
Authentication error: Langfuse client initialized without public_key. Client will be disabled. Provide a public_key parameter or set LANGFUSE_PUBLIC_KEY environment variable. 
{"prompt_tag": "assess_relevance@v3", "schema": "RelevanceAssessment", "tokens": 840, "event": "model_call.done", "correlation_id": "01KTYD9XMSMPYDDKQ8X5SAG7AZ", "query_preview": "Quelle est l'adresse IP de la DMZ dans l'architecture three-tier ?", "level": "info", "timestamp": "2026-06-12T17:15:52.361677Z"}
{"node": "assess_relevance", "responsive": false, "event": "relevance", "correlation_id": "01KTYD9XMSMPYDDKQ8X5SAG7AZ", "query_preview": "Quelle est l'adresse IP de la DMZ dans l'architecture three-tier ?", "level": "info", "timestamp": "2026-06-12T17:15:52.361742Z"}
{"node": "refuse", "event": "start", "correlation_id": "01KTYD9XMSMPYDDKQ8X5SAG7AZ", "query_preview": "Quelle est l'adresse IP de la DMZ dans l'architecture three-tier ?", "level": "info", "timestamp": "2026-06-12T17:15:52.362996Z"}
Authentication error: Langfuse client initialized without public_key. Client will be disabled. Provide a public_key parameter or set LANGFUSE_PUBLIC_KEY environment variable. 
{"node": "retrieve", "query_len": 90, "event": "start", "correlation_id": "01KTYDAFNBZGTDW85KNHGZFYDT", "query_preview": "Quel algorithme de chiffrement le coupe-feu utilise-t-il dans l'architecture sin", "level": "info", "timestamp": "2026-06-12T17:15:52.364501Z"}
{"query_len": 90, "k": 50, "event": "hybrid.start", "correlation_id": "01KTYDAFNBZGTDW85KNHGZFYDT", "query_preview": "Quel algorithme de chiffrement le coupe-feu utilise-t-il dans l'architecture sin", "level": "info", "timestamp": "2026-06-12T17:15:52.364538Z"}
{"query_len": 90, "k": 50, "dense": 50, "bm25": 0, "fused": 50, "term": false, "event": "hybrid.done", "correlation_id": "01KTYDAFNBZGTDW85KNHGZFYDT", "query_preview": "Quel algorithme de chiffrement le coupe-feu utilise-t-il dans l'architecture sin", "level": "info", "timestamp": "2026-06-12T17:15:52.435739Z"}
{"node": "retrieve", "candidate_count": 50, "event": "done", "correlation_id": "01KTYDAFNBZGTDW85KNHGZFYDT", "query_preview": "Quel algorithme de chiffrement le coupe-feu utilise-t-il dans l'architecture sin", "level": "info", "timestamp": "2026-06-12T17:15:52.436680Z"}
{"node": "expand_graph", "reason": "disabled_or_empty", "event": "skip", "correlation_id": "01KTYDAFNBZGTDW85KNHGZFYDT", "query_preview": "Quel algorithme de chiffrement le coupe-feu utilise-t-il dans l'architecture sin", "level": "info", "timestamp": "2026-06-12T17:15:52.437990Z"}
{"node": "rerank", "candidate_count": 50, "event": "start", "correlation_id": "01KTYDAFNBZGTDW85KNHGZFYDT", "query_preview": "Quel algorithme de chiffrement le coupe-feu utilise-t-il dans l'architecture sin", "level": "info", "timestamp": "2026-06-12T17:15:52.438489Z"}
{"node": "rerank", "top_k": 5, "source": "mode", "event": "top_k_resolved", "correlation_id": "01KTYDAFNBZGTDW85KNHGZFYDT", "query_preview": "Quel algorithme de chiffrement le coupe-feu utilise-t-il dans l'architecture sin", "level": "info", "timestamp": "2026-06-12T17:15:52.438536Z"}
{"candidates": 50, "top_k": 5, "backend": "cross_encoder", "event": "rerank.start", "correlation_id": "01KTYDAFNBZGTDW85KNHGZFYDT", "query_preview": "Quel algorithme de chiffrement le coupe-feu utilise-t-il dans l'architecture sin", "level": "info", "timestamp": "2026-06-12T17:15:52.438558Z"}
{"candidates": 50, "top_k": 5, "backend": "cross_encoder", "returned": 5, "event": "rerank.done", "correlation_id": "01KTYDAFNBZGTDW85KNHGZFYDT", "query_preview": "Quel algorithme de chiffrement le coupe-feu utilise-t-il dans l'architecture sin", "level": "info", "timestamp": "2026-06-12T17:16:17.861718Z"}
{"node": "rerank", "reranked_count": 5, "event": "done", "correlation_id": "01KTYDAFNBZGTDW85KNHGZFYDT", "query_preview": "Quel algorithme de chiffrement le coupe-feu utilise-t-il dans l'architecture sin", "level": "info", "timestamp": "2026-06-12T17:16:17.861795Z"}
{"node": "query_tables", "reason": "empty_or_not_table_shaped", "event": "skip", "correlation_id": "01KTYDAFNBZGTDW85KNHGZFYDT", "query_preview": "Quel algorithme de chiffrement le coupe-feu utilise-t-il dans l'architecture sin", "level": "info", "timestamp": "2026-06-12T17:16:17.863299Z"}
{"node": "assess", "reranked_count": 5, "event": "start", "correlation_id": "01KTYDAFNBZGTDW85KNHGZFYDT", "query_preview": "Quel algorithme de chiffrement le coupe-feu utilise-t-il dans l'architecture sin", "level": "info", "timestamp": "2026-06-12T17:16:17.863846Z"}
{"prompt_tag": "assess_sufficiency@v4", "schema": "SufficiencyAssessment", "model": "cyankiwi/Qwen3.5-4B-AWQ-4bit", "max_tokens": 1024, "temperature": 0.1, "top_p": 0.8, "presence_penalty": 1.0, "seed": 42, "message_count": 1, "event": "model_call.start", "correlation_id": "01KTYDAFNBZGTDW85KNHGZFYDT", "query_preview": "Quel algorithme de chiffrement le coupe-feu utilise-t-il dans l'architecture sin", "level": "info", "timestamp": "2026-06-12T17:16:17.865449Z"}
Authentication error: Langfuse client initialized without public_key. Client will be disabled. Provide a public_key parameter or set LANGFUSE_PUBLIC_KEY environment variable. 
{"prompt_tag": "assess_sufficiency@v4", "schema": "SufficiencyAssessment", "tokens": 2200, "event": "model_call.done", "correlation_id": "01KTYDAFNBZGTDW85KNHGZFYDT", "query_preview": "Quel algorithme de chiffrement le coupe-feu utilise-t-il dans l'architecture sin", "level": "info", "timestamp": "2026-06-12T17:16:18.604738Z"}
{"node": "answer", "regenerate_attempt": 0, "event": "start", "correlation_id": "01KTYDAFNBZGTDW85KNHGZFYDT", "query_preview": "Quel algorithme de chiffrement le coupe-feu utilise-t-il dans l'architecture sin", "level": "info", "timestamp": "2026-06-12T17:16:18.606270Z"}
{"prompt_tag": "answer@v5", "schema": "DraftAnswer", "model": "cyankiwi/Qwen3.5-4B-AWQ-4bit", "max_tokens": 1800, "temperature": 0.1, "top_p": 0.8, "presence_penalty": 1.0, "seed": 42, "message_count": 2, "event": "model_call.start", "correlation_id": "01KTYDAFNBZGTDW85KNHGZFYDT", "query_preview": "Quel algorithme de chiffrement le coupe-feu utilise-t-il dans l'architecture sin", "level": "info", "timestamp": "2026-06-12T17:16:18.609021Z"}
Authentication error: Langfuse client initialized without public_key. Client will be disabled. Provide a public_key parameter or set LANGFUSE_PUBLIC_KEY environment variable. 
{"prompt_tag": "answer@v5", "schema": "DraftAnswer", "tokens": 3770, "event": "model_call.done", "correlation_id": "01KTYDAFNBZGTDW85KNHGZFYDT", "query_preview": "Quel algorithme de chiffrement le coupe-feu utilise-t-il dans l'architecture sin", "level": "info", "timestamp": "2026-06-12T17:16:19.407421Z"}
{"node": "verify", "claim_count": 0, "event": "start", "correlation_id": "01KTYDAFNBZGTDW85KNHGZFYDT", "query_preview": "Quel algorithme de chiffrement le coupe-feu utilise-t-il dans l'architecture sin", "level": "info", "timestamp": "2026-06-12T17:16:19.408397Z"}
{"node": "verify", "event": "empty_draft_shortcircuit", "correlation_id": "01KTYDAFNBZGTDW85KNHGZFYDT", "query_preview": "Quel algorithme de chiffrement le coupe-feu utilise-t-il dans l'architecture sin", "level": "info", "timestamp": "2026-06-12T17:16:19.408444Z"}
{"node": "assess_relevance", "event": "start", "correlation_id": "01KTYDAFNBZGTDW85KNHGZFYDT", "query_preview": "Quel algorithme de chiffrement le coupe-feu utilise-t-il dans l'architecture sin", "level": "info", "timestamp": "2026-06-12T17:16:19.409364Z"}
{"prompt_tag": "assess_relevance@v3", "schema": "RelevanceAssessment", "model": "cyankiwi/Qwen3.5-4B-AWQ-4bit", "max_tokens": 1024, "temperature": 0.1, "top_p": 0.8, "presence_penalty": 1.0, "seed": 42, "message_count": 1, "event": "model_call.start", "correlation_id": "01KTYDAFNBZGTDW85KNHGZFYDT", "query_preview": "Quel algorithme de chiffrement le coupe-feu utilise-t-il dans l'architecture sin", "level": "info", "timestamp": "2026-06-12T17:16:19.410333Z"}
Authentication error: Langfuse client initialized without public_key. Client will be disabled. Provide a public_key parameter or set LANGFUSE_PUBLIC_KEY environment variable. 
{"prompt_tag": "assess_relevance@v3", "schema": "RelevanceAssessment", "tokens": 849, "event": "model_call.done", "correlation_id": "01KTYDAFNBZGTDW85KNHGZFYDT", "query_preview": "Quel algorithme de chiffrement le coupe-feu utilise-t-il dans l'architecture sin", "level": "info", "timestamp": "2026-06-12T17:16:19.905309Z"}
{"node": "assess_relevance", "responsive": false, "event": "relevance", "correlation_id": "01KTYDAFNBZGTDW85KNHGZFYDT", "query_preview": "Quel algorithme de chiffrement le coupe-feu utilise-t-il dans l'architecture sin", "level": "info", "timestamp": "2026-06-12T17:16:19.905378Z"}
{"node": "refuse", "event": "start", "correlation_id": "01KTYDAFNBZGTDW85KNHGZFYDT", "query_preview": "Quel algorithme de chiffrement le coupe-feu utilise-t-il dans l'architecture sin", "level": "info", "timestamp": "2026-06-12T17:16:19.906541Z"}
Authentication error: Langfuse client initialized without public_key. Client will be disabled. Provide a public_key parameter or set LANGFUSE_PUBLIC_KEY environment variable. 
{"node": "retrieve", "query_len": 69, "event": "start", "correlation_id": "01KTYDBAJ3J3YJXRNN20SXJETR", "query_preview": "Quelle valeur de bande passante le paquet bandwidthd a-t-il mesur\u00e9e ?", "level": "info", "timestamp": "2026-06-12T17:16:19.908141Z"}
{"query_len": 69, "k": 50, "event": "hybrid.start", "correlation_id": "01KTYDBAJ3J3YJXRNN20SXJETR", "query_preview": "Quelle valeur de bande passante le paquet bandwidthd a-t-il mesur\u00e9e ?", "level": "info", "timestamp": "2026-06-12T17:16:19.908179Z"}
{"query_len": 69, "k": 50, "dense": 50, "bm25": 0, "fused": 50, "term": false, "event": "hybrid.done", "correlation_id": "01KTYDBAJ3J3YJXRNN20SXJETR", "query_preview": "Quelle valeur de bande passante le paquet bandwidthd a-t-il mesur\u00e9e ?", "level": "info", "timestamp": "2026-06-12T17:16:19.978529Z"}
{"node": "retrieve", "candidate_count": 50, "event": "done", "correlation_id": "01KTYDBAJ3J3YJXRNN20SXJETR", "query_preview": "Quelle valeur de bande passante le paquet bandwidthd a-t-il mesur\u00e9e ?", "level": "info", "timestamp": "2026-06-12T17:16:19.979431Z"}
{"node": "expand_graph", "reason": "disabled_or_empty", "event": "skip", "correlation_id": "01KTYDBAJ3J3YJXRNN20SXJETR", "query_preview": "Quelle valeur de bande passante le paquet bandwidthd a-t-il mesur\u00e9e ?", "level": "info", "timestamp": "2026-06-12T17:16:19.980711Z"}
{"node": "rerank", "candidate_count": 50, "event": "start", "correlation_id": "01KTYDBAJ3J3YJXRNN20SXJETR", "query_preview": "Quelle valeur de bande passante le paquet bandwidthd a-t-il mesur\u00e9e ?", "level": "info", "timestamp": "2026-06-12T17:16:19.981213Z"}
{"node": "rerank", "top_k": 5, "source": "mode", "event": "top_k_resolved", "correlation_id": "01KTYDBAJ3J3YJXRNN20SXJETR", "query_preview": "Quelle valeur de bande passante le paquet bandwidthd a-t-il mesur\u00e9e ?", "level": "info", "timestamp": "2026-06-12T17:16:19.981266Z"}
{"candidates": 50, "top_k": 5, "backend": "cross_encoder", "event": "rerank.start", "correlation_id": "01KTYDBAJ3J3YJXRNN20SXJETR", "query_preview": "Quelle valeur de bande passante le paquet bandwidthd a-t-il mesur\u00e9e ?", "level": "info", "timestamp": "2026-06-12T17:16:19.981289Z"}
{"candidates": 50, "top_k": 5, "backend": "cross_encoder", "returned": 5, "event": "rerank.done", "correlation_id": "01KTYDBAJ3J3YJXRNN20SXJETR", "query_preview": "Quelle valeur de bande passante le paquet bandwidthd a-t-il mesur\u00e9e ?", "level": "info", "timestamp": "2026-06-12T17:16:37.688497Z"}
{"node": "rerank", "reranked_count": 5, "event": "done", "correlation_id": "01KTYDBAJ3J3YJXRNN20SXJETR", "query_preview": "Quelle valeur de bande passante le paquet bandwidthd a-t-il mesur\u00e9e ?", "level": "info", "timestamp": "2026-06-12T17:16:37.688588Z"}
{"node": "query_tables", "reason": "empty_or_not_table_shaped", "event": "skip", "correlation_id": "01KTYDBAJ3J3YJXRNN20SXJETR", "query_preview": "Quelle valeur de bande passante le paquet bandwidthd a-t-il mesur\u00e9e ?", "level": "info", "timestamp": "2026-06-12T17:16:37.690094Z"}
{"node": "assess", "reranked_count": 5, "event": "start", "correlation_id": "01KTYDBAJ3J3YJXRNN20SXJETR", "query_preview": "Quelle valeur de bande passante le paquet bandwidthd a-t-il mesur\u00e9e ?", "level": "info", "timestamp": "2026-06-12T17:16:37.690695Z"}
{"prompt_tag": "assess_sufficiency@v4", "schema": "SufficiencyAssessment", "model": "cyankiwi/Qwen3.5-4B-AWQ-4bit", "max_tokens": 1024, "temperature": 0.1, "top_p": 0.8, "presence_penalty": 1.0, "seed": 42, "message_count": 1, "event": "model_call.start", "correlation_id": "01KTYDBAJ3J3YJXRNN20SXJETR", "query_preview": "Quelle valeur de bande passante le paquet bandwidthd a-t-il mesur\u00e9e ?", "level": "info", "timestamp": "2026-06-12T17:16:37.692299Z"}
Authentication error: Langfuse client initialized without public_key. Client will be disabled. Provide a public_key parameter or set LANGFUSE_PUBLIC_KEY environment variable. 
{"prompt_tag": "assess_sufficiency@v4", "schema": "SufficiencyAssessment", "tokens": 1766, "event": "model_call.done", "correlation_id": "01KTYDBAJ3J3YJXRNN20SXJETR", "query_preview": "Quelle valeur de bande passante le paquet bandwidthd a-t-il mesur\u00e9e ?", "level": "info", "timestamp": "2026-06-12T17:16:38.531801Z"}
{"node": "answer", "regenerate_attempt": 0, "event": "start", "correlation_id": "01KTYDBAJ3J3YJXRNN20SXJETR", "query_preview": "Quelle valeur de bande passante le paquet bandwidthd a-t-il mesur\u00e9e ?", "level": "info", "timestamp": "2026-06-12T17:16:38.533230Z"}
{"prompt_tag": "answer@v5", "schema": "DraftAnswer", "model": "cyankiwi/Qwen3.5-4B-AWQ-4bit", "max_tokens": 1800, "temperature": 0.1, "top_p": 0.8, "presence_penalty": 1.0, "seed": 42, "message_count": 2, "event": "model_call.start", "correlation_id": "01KTYDBAJ3J3YJXRNN20SXJETR", "query_preview": "Quelle valeur de bande passante le paquet bandwidthd a-t-il mesur\u00e9e ?", "level": "info", "timestamp": "2026-06-12T17:16:38.535234Z"}
Authentication error: Langfuse client initialized without public_key. Client will be disabled. Provide a public_key parameter or set LANGFUSE_PUBLIC_KEY environment variable. 
{"prompt_tag": "answer@v5", "schema": "DraftAnswer", "tokens": 3342, "event": "model_call.done", "correlation_id": "01KTYDBAJ3J3YJXRNN20SXJETR", "query_preview": "Quelle valeur de bande passante le paquet bandwidthd a-t-il mesur\u00e9e ?", "level": "info", "timestamp": "2026-06-12T17:16:39.495451Z"}
{"node": "verify", "claim_count": 0, "event": "start", "correlation_id": "01KTYDBAJ3J3YJXRNN20SXJETR", "query_preview": "Quelle valeur de bande passante le paquet bandwidthd a-t-il mesur\u00e9e ?", "level": "info", "timestamp": "2026-06-12T17:16:39.496383Z"}
{"node": "verify", "event": "empty_draft_shortcircuit", "correlation_id": "01KTYDBAJ3J3YJXRNN20SXJETR", "query_preview": "Quelle valeur de bande passante le paquet bandwidthd a-t-il mesur\u00e9e ?", "level": "info", "timestamp": "2026-06-12T17:16:39.496433Z"}
{"node": "assess_relevance", "event": "start", "correlation_id": "01KTYDBAJ3J3YJXRNN20SXJETR", "query_preview": "Quelle valeur de bande passante le paquet bandwidthd a-t-il mesur\u00e9e ?", "level": "info", "timestamp": "2026-06-12T17:16:39.497549Z"}
{"prompt_tag": "assess_relevance@v3", "schema": "RelevanceAssessment", "model": "cyankiwi/Qwen3.5-4B-AWQ-4bit", "max_tokens": 1024, "temperature": 0.1, "top_p": 0.8, "presence_penalty": 1.0, "seed": 42, "message_count": 1, "event": "model_call.start", "correlation_id": "01KTYDBAJ3J3YJXRNN20SXJETR", "query_preview": "Quelle valeur de bande passante le paquet bandwidthd a-t-il mesur\u00e9e ?", "level": "info", "timestamp": "2026-06-12T17:16:39.498517Z"}
Authentication error: Langfuse client initialized without public_key. Client will be disabled. Provide a public_key parameter or set LANGFUSE_PUBLIC_KEY environment variable. 
{"prompt_tag": "assess_relevance@v3", "schema": "RelevanceAssessment", "tokens": 865, "event": "model_call.done", "correlation_id": "01KTYDBAJ3J3YJXRNN20SXJETR", "query_preview": "Quelle valeur de bande passante le paquet bandwidthd a-t-il mesur\u00e9e ?", "level": "info", "timestamp": "2026-06-12T17:16:39.943827Z"}
{"node": "assess_relevance", "responsive": true, "event": "relevance", "correlation_id": "01KTYDBAJ3J3YJXRNN20SXJETR", "query_preview": "Quelle valeur de bande passante le paquet bandwidthd a-t-il mesur\u00e9e ?", "level": "info", "timestamp": "2026-06-12T17:16:39.943876Z"}
{"node": "compose", "event": "start", "correlation_id": "01KTYDBAJ3J3YJXRNN20SXJETR", "query_preview": "Quelle valeur de bande passante le paquet bandwidthd a-t-il mesur\u00e9e ?", "level": "info", "timestamp": "2026-06-12T17:16:39.945421Z"}
{"query_count": 17, "quick": false, "error_count": 0, "mean_citation_precision": 0.35294117647058826, "mean_citation_precision_answered_only": 0.0, "answer_text_checked": 0, "answer_text_correct_count": 0, "mean_answer_mention_recall": null, "event": "eval.done", "level": "info", "timestamp": "2026-06-12T17:16:39.946121Z"}
