{"vault_path": "/home/drei/.memex/vault", "event": "bootstrap", "level": "info", "timestamp": "2026-06-12T17:41:47.857343Z"}
{"estimated_gb": 11.8, "budget_gb": 9.8, "total_gb": 11.6, "gpu": "NVIDIA GeForce RTX 4070", "vlm_counted": false, "co_residence_mode": "manual", "embedder_device": "cpu", "reranker_device": "cpu", "fix": "lower hardware.gpu_memory_fraction, switch to a lighter co-residence mode (MEMEX_MODELS__CO_RESIDENCE_MODE=full puts the reranker on CPU), switch to a smaller VLM variant (vlm_quantization=awq_int4), or reduce the orchestrator quant tier", "event": "vram.budget.tight", "level": "warning", "timestamp": "2026-06-12T17:41:48.716541Z"}
{"component": "bootstrap.gpu", "total_gb": 11.56, "free_gb": 4.48, "holders": ["pid 382037: VLLM::EngineCore (6170 MiB)", "pid 1118076: /home/drei/project/Doc_Flo/.venv/bin/python3 (154 MiB)"], "event": "gpu.preflight", "level": "info", "timestamp": "2026-06-12T17:41:48.814255Z"}
{"query_count": 18, "quick": false, "event": "eval.start", "level": "info", "timestamp": "2026-06-12T17:41:48.854416Z"}
Authentication error: Langfuse client initialized without public_key. Client will be disabled. Provide a public_key parameter or set LANGFUSE_PUBLIC_KEY environment variable. 
{"node": "retrieve", "query_len": 77, "event": "start", "query_preview": "Which Linux command is used to change the permissions on a file or directory?", "correlation_id": "01KTYESZNPRK1GRZZRB5816JVB", "level": "info", "timestamp": "2026-06-12T17:41:48.881860Z"}
{"query_len": 77, "k": 50, "event": "hybrid.start", "query_preview": "Which Linux command is used to change the permissions on a file or directory?", "correlation_id": "01KTYESZNPRK1GRZZRB5816JVB", "level": "info", "timestamp": "2026-06-12T17:41:48.881924Z"}
{"name": "embedder", "event": "model.load.start", "query_preview": "Which Linux command is used to change the permissions on a file or directory?", "correlation_id": "01KTYESZNPRK1GRZZRB5816JVB", "level": "info", "timestamp": "2026-06-12T17:41:48.885230Z"}
`torch_dtype` is deprecated! Use `dtype` instead!
{"name": "embedder", "event": "model.load.done", "query_preview": "Which Linux command is used to change the permissions on a file or directory?", "correlation_id": "01KTYESZNPRK1GRZZRB5816JVB", "level": "info", "timestamp": "2026-06-12T17:41:53.080251Z"}
{"query_len": 77, "k": 50, "dense": 50, "bm25": 0, "fused": 50, "term": false, "event": "hybrid.done", "query_preview": "Which Linux command is used to change the permissions on a file or directory?", "correlation_id": "01KTYESZNPRK1GRZZRB5816JVB", "level": "info", "timestamp": "2026-06-12T17:41:53.392089Z"}
{"node": "retrieve", "candidate_count": 50, "event": "done", "query_preview": "Which Linux command is used to change the permissions on a file or directory?", "correlation_id": "01KTYESZNPRK1GRZZRB5816JVB", "level": "info", "timestamp": "2026-06-12T17:41:53.392916Z"}
{"node": "expand_graph", "reason": "disabled_or_empty", "event": "skip", "query_preview": "Which Linux command is used to change the permissions on a file or directory?", "correlation_id": "01KTYESZNPRK1GRZZRB5816JVB", "level": "info", "timestamp": "2026-06-12T17:41:53.394663Z"}
{"node": "rerank", "candidate_count": 50, "event": "start", "query_preview": "Which Linux command is used to change the permissions on a file or directory?", "correlation_id": "01KTYESZNPRK1GRZZRB5816JVB", "level": "info", "timestamp": "2026-06-12T17:41:53.395264Z"}
{"node": "rerank", "top_k": 5, "source": "mode", "event": "top_k_resolved", "query_preview": "Which Linux command is used to change the permissions on a file or directory?", "correlation_id": "01KTYESZNPRK1GRZZRB5816JVB", "level": "info", "timestamp": "2026-06-12T17:41:53.395320Z"}
{"candidates": 50, "top_k": 5, "backend": "cross_encoder", "event": "rerank.start", "query_preview": "Which Linux command is used to change the permissions on a file or directory?", "correlation_id": "01KTYESZNPRK1GRZZRB5816JVB", "level": "info", "timestamp": "2026-06-12T17:41:53.395357Z"}
{"name": "reranker", "event": "model.load.start", "query_preview": "Which Linux command is used to change the permissions on a file or directory?", "correlation_id": "01KTYESZNPRK1GRZZRB5816JVB", "level": "info", "timestamp": "2026-06-12T17:41:53.395391Z"}
{"name": "reranker", "event": "model.load.done", "query_preview": "Which Linux command is used to change the permissions on a file or directory?", "correlation_id": "01KTYESZNPRK1GRZZRB5816JVB", "level": "info", "timestamp": "2026-06-12T17:41:54.376230Z"}
{"candidates": 50, "top_k": 5, "backend": "cross_encoder", "returned": 5, "event": "rerank.done", "query_preview": "Which Linux command is used to change the permissions on a file or directory?", "correlation_id": "01KTYESZNPRK1GRZZRB5816JVB", "level": "info", "timestamp": "2026-06-12T17:42:06.976854Z"}
{"node": "rerank", "reranked_count": 5, "event": "done", "query_preview": "Which Linux command is used to change the permissions on a file or directory?", "correlation_id": "01KTYESZNPRK1GRZZRB5816JVB", "level": "info", "timestamp": "2026-06-12T17:42:06.976958Z"}
{"node": "query_tables", "reason": "empty_or_not_table_shaped", "event": "skip", "query_preview": "Which Linux command is used to change the permissions on a file or directory?", "correlation_id": "01KTYESZNPRK1GRZZRB5816JVB", "level": "info", "timestamp": "2026-06-12T17:42:06.979299Z"}
{"node": "assess", "reranked_count": 5, "event": "start", "query_preview": "Which Linux command is used to change the permissions on a file or directory?", "correlation_id": "01KTYESZNPRK1GRZZRB5816JVB", "level": "info", "timestamp": "2026-06-12T17:42:06.980288Z"}
{"prompt_tag": "assess_sufficiency@v4", "schema": "SufficiencyAssessment", "model": "cyankiwi/Qwen3.5-4B-AWQ-4bit", "max_tokens": 1024, "temperature": 0.1, "top_p": 0.8, "presence_penalty": 1.0, "seed": 42, "message_count": 1, "event": "model_call.start", "query_preview": "Which Linux command is used to change the permissions on a file or directory?", "correlation_id": "01KTYESZNPRK1GRZZRB5816JVB", "level": "info", "timestamp": "2026-06-12T17:42:06.984395Z"}
Authentication error: Langfuse client initialized without public_key. Client will be disabled. Provide a public_key parameter or set LANGFUSE_PUBLIC_KEY environment variable. 
{"prompt_tag": "assess_sufficiency@v4", "schema": "SufficiencyAssessment", "tokens": 1412, "event": "model_call.done", "query_preview": "Which Linux command is used to change the permissions on a file or directory?", "correlation_id": "01KTYESZNPRK1GRZZRB5816JVB", "level": "info", "timestamp": "2026-06-12T17:42:07.561449Z"}
{"node": "answer", "regenerate_attempt": 0, "event": "start", "query_preview": "Which Linux command is used to change the permissions on a file or directory?", "correlation_id": "01KTYESZNPRK1GRZZRB5816JVB", "level": "info", "timestamp": "2026-06-12T17:42:07.563457Z"}
{"prompt_tag": "answer@v5", "schema": "DraftAnswer", "model": "cyankiwi/Qwen3.5-4B-AWQ-4bit", "max_tokens": 1800, "temperature": 0.1, "top_p": 0.8, "presence_penalty": 1.0, "seed": 42, "message_count": 2, "event": "model_call.start", "query_preview": "Which Linux command is used to change the permissions on a file or directory?", "correlation_id": "01KTYESZNPRK1GRZZRB5816JVB", "level": "info", "timestamp": "2026-06-12T17:42:07.566280Z"}
Authentication error: Langfuse client initialized without public_key. Client will be disabled. Provide a public_key parameter or set LANGFUSE_PUBLIC_KEY environment variable. 
{"prompt_tag": "answer@v5", "schema": "DraftAnswer", "tokens": 3041, "event": "model_call.done", "query_preview": "Which Linux command is used to change the permissions on a file or directory?", "correlation_id": "01KTYESZNPRK1GRZZRB5816JVB", "level": "info", "timestamp": "2026-06-12T17:42:08.716641Z"}
{"node": "verify", "claim_count": 1, "event": "start", "query_preview": "Which Linux command is used to change the permissions on a file or directory?", "correlation_id": "01KTYESZNPRK1GRZZRB5816JVB", "level": "info", "timestamp": "2026-06-12T17:42:08.717832Z"}
{"prompt_tag": "verify_grounding@v2", "schema": "VerificationResult", "model": "cyankiwi/Qwen3.5-4B-AWQ-4bit", "max_tokens": 1024, "temperature": 0.1, "top_p": 0.8, "presence_penalty": 1.0, "seed": 42, "message_count": 1, "event": "model_call.start", "query_preview": "Which Linux command is used to change the permissions on a file or directory?", "correlation_id": "01KTYESZNPRK1GRZZRB5816JVB", "level": "info", "timestamp": "2026-06-12T17:42:08.722211Z"}
Authentication error: Langfuse client initialized without public_key. Client will be disabled. Provide a public_key parameter or set LANGFUSE_PUBLIC_KEY environment variable. 
{"prompt_tag": "verify_grounding@v2", "schema": "VerificationResult", "tokens": 1330, "event": "model_call.done", "query_preview": "Which Linux command is used to change the permissions on a file or directory?", "correlation_id": "01KTYESZNPRK1GRZZRB5816JVB", "level": "info", "timestamp": "2026-06-12T17:42:09.105497Z"}
{"node": "assess_relevance", "event": "start", "query_preview": "Which Linux command is used to change the permissions on a file or directory?", "correlation_id": "01KTYESZNPRK1GRZZRB5816JVB", "level": "info", "timestamp": "2026-06-12T17:42:09.107375Z"}
{"prompt_tag": "assess_relevance@v3", "schema": "RelevanceAssessment", "model": "cyankiwi/Qwen3.5-4B-AWQ-4bit", "max_tokens": 1024, "temperature": 0.1, "top_p": 0.8, "presence_penalty": 1.0, "seed": 42, "message_count": 1, "event": "model_call.start", "query_preview": "Which Linux command is used to change the permissions on a file or directory?", "correlation_id": "01KTYESZNPRK1GRZZRB5816JVB", "level": "info", "timestamp": "2026-06-12T17:42:09.108937Z"}
Authentication error: Langfuse client initialized without public_key. Client will be disabled. Provide a public_key parameter or set LANGFUSE_PUBLIC_KEY environment variable. 
{"prompt_tag": "assess_relevance@v3", "schema": "RelevanceAssessment", "tokens": 825, "event": "model_call.done", "query_preview": "Which Linux command is used to change the permissions on a file or directory?", "correlation_id": "01KTYESZNPRK1GRZZRB5816JVB", "level": "info", "timestamp": "2026-06-12T17:42:09.453666Z"}
{"node": "assess_relevance", "responsive": true, "event": "relevance", "query_preview": "Which Linux command is used to change the permissions on a file or directory?", "correlation_id": "01KTYESZNPRK1GRZZRB5816JVB", "level": "info", "timestamp": "2026-06-12T17:42:09.453719Z"}
{"node": "compose", "event": "start", "query_preview": "Which Linux command is used to change the permissions on a file or directory?", "correlation_id": "01KTYESZNPRK1GRZZRB5816JVB", "level": "info", "timestamp": "2026-06-12T17:42:09.454873Z"}
Authentication error: Langfuse client initialized without public_key. Client will be disabled. Provide a public_key parameter or set LANGFUSE_PUBLIC_KEY environment variable. 
{"node": "retrieve", "query_len": 95, "event": "start", "query_preview": "In the Linux octal permission system, what numeric value is assigned to the exec", "correlation_id": "01KTYETKSFXKQD0KM2WZAKZ62Y", "level": "info", "timestamp": "2026-06-12T17:42:09.456487Z"}
{"query_len": 95, "k": 50, "event": "hybrid.start", "query_preview": "In the Linux octal permission system, what numeric value is assigned to the exec", "correlation_id": "01KTYETKSFXKQD0KM2WZAKZ62Y", "level": "info", "timestamp": "2026-06-12T17:42:09.456524Z"}
{"query_len": 95, "k": 50, "dense": 50, "bm25": 0, "fused": 50, "term": false, "event": "hybrid.done", "query_preview": "In the Linux octal permission system, what numeric value is assigned to the exec", "correlation_id": "01KTYETKSFXKQD0KM2WZAKZ62Y", "level": "info", "timestamp": "2026-06-12T17:42:09.538395Z"}
{"node": "retrieve", "candidate_count": 50, "event": "done", "query_preview": "In the Linux octal permission system, what numeric value is assigned to the exec", "correlation_id": "01KTYETKSFXKQD0KM2WZAKZ62Y", "level": "info", "timestamp": "2026-06-12T17:42:09.539273Z"}
{"node": "expand_graph", "reason": "disabled_or_empty", "event": "skip", "query_preview": "In the Linux octal permission system, what numeric value is assigned to the exec", "correlation_id": "01KTYETKSFXKQD0KM2WZAKZ62Y", "level": "info", "timestamp": "2026-06-12T17:42:09.540635Z"}
{"node": "rerank", "candidate_count": 50, "event": "start", "query_preview": "In the Linux octal permission system, what numeric value is assigned to the exec", "correlation_id": "01KTYETKSFXKQD0KM2WZAKZ62Y", "level": "info", "timestamp": "2026-06-12T17:42:09.541257Z"}
{"node": "rerank", "top_k": 5, "source": "mode", "event": "top_k_resolved", "query_preview": "In the Linux octal permission system, what numeric value is assigned to the exec", "correlation_id": "01KTYETKSFXKQD0KM2WZAKZ62Y", "level": "info", "timestamp": "2026-06-12T17:42:09.541344Z"}
{"candidates": 50, "top_k": 5, "backend": "cross_encoder", "event": "rerank.start", "query_preview": "In the Linux octal permission system, what numeric value is assigned to the exec", "correlation_id": "01KTYETKSFXKQD0KM2WZAKZ62Y", "level": "info", "timestamp": "2026-06-12T17:42:09.541383Z"}
{"candidates": 50, "top_k": 5, "backend": "cross_encoder", "returned": 5, "event": "rerank.done", "query_preview": "In the Linux octal permission system, what numeric value is assigned to the exec", "correlation_id": "01KTYETKSFXKQD0KM2WZAKZ62Y", "level": "info", "timestamp": "2026-06-12T17:42:27.614206Z"}
{"node": "rerank", "reranked_count": 5, "event": "done", "query_preview": "In the Linux octal permission system, what numeric value is assigned to the exec", "correlation_id": "01KTYETKSFXKQD0KM2WZAKZ62Y", "level": "info", "timestamp": "2026-06-12T17:42:27.614303Z"}
{"node": "query_tables", "reason": "empty_or_not_table_shaped", "event": "skip", "query_preview": "In the Linux octal permission system, what numeric value is assigned to the exec", "correlation_id": "01KTYETKSFXKQD0KM2WZAKZ62Y", "level": "info", "timestamp": "2026-06-12T17:42:27.616210Z"}
{"node": "assess", "reranked_count": 5, "event": "start", "query_preview": "In the Linux octal permission system, what numeric value is assigned to the exec", "correlation_id": "01KTYETKSFXKQD0KM2WZAKZ62Y", "level": "info", "timestamp": "2026-06-12T17:42:27.616861Z"}
{"prompt_tag": "assess_sufficiency@v4", "schema": "SufficiencyAssessment", "model": "cyankiwi/Qwen3.5-4B-AWQ-4bit", "max_tokens": 1024, "temperature": 0.1, "top_p": 0.8, "presence_penalty": 1.0, "seed": 42, "message_count": 1, "event": "model_call.start", "query_preview": "In the Linux octal permission system, what numeric value is assigned to the exec", "correlation_id": "01KTYETKSFXKQD0KM2WZAKZ62Y", "level": "info", "timestamp": "2026-06-12T17:42:27.618794Z"}
Authentication error: Langfuse client initialized without public_key. Client will be disabled. Provide a public_key parameter or set LANGFUSE_PUBLIC_KEY environment variable. 
{"prompt_tag": "assess_sufficiency@v4", "schema": "SufficiencyAssessment", "tokens": 1527, "event": "model_call.done", "query_preview": "In the Linux octal permission system, what numeric value is assigned to the exec", "correlation_id": "01KTYETKSFXKQD0KM2WZAKZ62Y", "level": "info", "timestamp": "2026-06-12T17:42:28.453115Z"}
{"node": "answer", "regenerate_attempt": 0, "event": "start", "query_preview": "In the Linux octal permission system, what numeric value is assigned to the exec", "correlation_id": "01KTYETKSFXKQD0KM2WZAKZ62Y", "level": "info", "timestamp": "2026-06-12T17:42:28.454217Z"}
{"prompt_tag": "answer@v5", "schema": "DraftAnswer", "model": "cyankiwi/Qwen3.5-4B-AWQ-4bit", "max_tokens": 1800, "temperature": 0.1, "top_p": 0.8, "presence_penalty": 1.0, "seed": 42, "message_count": 2, "event": "model_call.start", "query_preview": "In the Linux octal permission system, what numeric value is assigned to the exec", "correlation_id": "01KTYETKSFXKQD0KM2WZAKZ62Y", "level": "info", "timestamp": "2026-06-12T17:42:28.456294Z"}
Authentication error: Langfuse client initialized without public_key. Client will be disabled. Provide a public_key parameter or set LANGFUSE_PUBLIC_KEY environment variable. 
{"prompt_tag": "answer@v5", "schema": "DraftAnswer", "tokens": 3146, "event": "model_call.done", "query_preview": "In the Linux octal permission system, what numeric value is assigned to the exec", "correlation_id": "01KTYETKSFXKQD0KM2WZAKZ62Y", "level": "info", "timestamp": "2026-06-12T17:42:29.771979Z"}
{"node": "verify", "claim_count": 1, "event": "start", "query_preview": "In the Linux octal permission system, what numeric value is assigned to the exec", "correlation_id": "01KTYETKSFXKQD0KM2WZAKZ62Y", "level": "info", "timestamp": "2026-06-12T17:42:29.772920Z"}
{"prompt_tag": "verify_grounding@v2", "schema": "VerificationResult", "model": "cyankiwi/Qwen3.5-4B-AWQ-4bit", "max_tokens": 1024, "temperature": 0.1, "top_p": 0.8, "presence_penalty": 1.0, "seed": 42, "message_count": 1, "event": "model_call.start", "query_preview": "In the Linux octal permission system, what numeric value is assigned to the exec", "correlation_id": "01KTYETKSFXKQD0KM2WZAKZ62Y", "level": "info", "timestamp": "2026-06-12T17:42:29.776152Z"}
Authentication error: Langfuse client initialized without public_key. Client will be disabled. Provide a public_key parameter or set LANGFUSE_PUBLIC_KEY environment variable. 
{"prompt_tag": "verify_grounding@v2", "schema": "VerificationResult", "tokens": 1428, "event": "model_call.done", "query_preview": "In the Linux octal permission system, what numeric value is assigned to the exec", "correlation_id": "01KTYETKSFXKQD0KM2WZAKZ62Y", "level": "info", "timestamp": "2026-06-12T17:42:30.174255Z"}
{"node": "assess_relevance", "event": "start", "query_preview": "In the Linux octal permission system, what numeric value is assigned to the exec", "correlation_id": "01KTYETKSFXKQD0KM2WZAKZ62Y", "level": "info", "timestamp": "2026-06-12T17:42:30.175781Z"}
{"prompt_tag": "assess_relevance@v3", "schema": "RelevanceAssessment", "model": "cyankiwi/Qwen3.5-4B-AWQ-4bit", "max_tokens": 1024, "temperature": 0.1, "top_p": 0.8, "presence_penalty": 1.0, "seed": 42, "message_count": 1, "event": "model_call.start", "query_preview": "In the Linux octal permission system, what numeric value is assigned to the exec", "correlation_id": "01KTYETKSFXKQD0KM2WZAKZ62Y", "level": "info", "timestamp": "2026-06-12T17:42:30.176780Z"}
Authentication error: Langfuse client initialized without public_key. Client will be disabled. Provide a public_key parameter or set LANGFUSE_PUBLIC_KEY environment variable. 
{"prompt_tag": "assess_relevance@v3", "schema": "RelevanceAssessment", "tokens": 849, "event": "model_call.done", "query_preview": "In the Linux octal permission system, what numeric value is assigned to the exec", "correlation_id": "01KTYETKSFXKQD0KM2WZAKZ62Y", "level": "info", "timestamp": "2026-06-12T17:42:30.560507Z"}
{"node": "assess_relevance", "responsive": true, "event": "relevance", "query_preview": "In the Linux octal permission system, what numeric value is assigned to the exec", "correlation_id": "01KTYETKSFXKQD0KM2WZAKZ62Y", "level": "info", "timestamp": "2026-06-12T17:42:30.560580Z"}
{"node": "compose", "event": "start", "query_preview": "In the Linux octal permission system, what numeric value is assigned to the exec", "correlation_id": "01KTYETKSFXKQD0KM2WZAKZ62Y", "level": "info", "timestamp": "2026-06-12T17:42:30.561825Z"}
Authentication error: Langfuse client initialized without public_key. Client will be disabled. Provide a public_key parameter or set LANGFUSE_PUBLIC_KEY environment variable. 
{"node": "retrieve", "query_len": 64, "event": "start", "query_preview": "What character does an absolute path in Linux always begin with?", "correlation_id": "01KTYEV8D2EYRHZDA2H7REH5VJ", "level": "info", "timestamp": "2026-06-12T17:42:30.563304Z"}
{"query_len": 64, "k": 50, "event": "hybrid.start", "query_preview": "What character does an absolute path in Linux always begin with?", "correlation_id": "01KTYEV8D2EYRHZDA2H7REH5VJ", "level": "info", "timestamp": "2026-06-12T17:42:30.563339Z"}
{"query_len": 64, "k": 50, "dense": 50, "bm25": 0, "fused": 50, "term": false, "event": "hybrid.done", "query_preview": "What character does an absolute path in Linux always begin with?", "correlation_id": "01KTYEV8D2EYRHZDA2H7REH5VJ", "level": "info", "timestamp": "2026-06-12T17:42:30.641156Z"}
{"node": "retrieve", "candidate_count": 50, "event": "done", "query_preview": "What character does an absolute path in Linux always begin with?", "correlation_id": "01KTYEV8D2EYRHZDA2H7REH5VJ", "level": "info", "timestamp": "2026-06-12T17:42:30.642092Z"}
{"node": "expand_graph", "reason": "disabled_or_empty", "event": "skip", "query_preview": "What character does an absolute path in Linux always begin with?", "correlation_id": "01KTYEV8D2EYRHZDA2H7REH5VJ", "level": "info", "timestamp": "2026-06-12T17:42:30.643361Z"}
{"node": "rerank", "candidate_count": 50, "event": "start", "query_preview": "What character does an absolute path in Linux always begin with?", "correlation_id": "01KTYEV8D2EYRHZDA2H7REH5VJ", "level": "info", "timestamp": "2026-06-12T17:42:30.643831Z"}
{"node": "rerank", "top_k": 5, "source": "mode", "event": "top_k_resolved", "query_preview": "What character does an absolute path in Linux always begin with?", "correlation_id": "01KTYEV8D2EYRHZDA2H7REH5VJ", "level": "info", "timestamp": "2026-06-12T17:42:30.643878Z"}
{"candidates": 50, "top_k": 5, "backend": "cross_encoder", "event": "rerank.start", "query_preview": "What character does an absolute path in Linux always begin with?", "correlation_id": "01KTYEV8D2EYRHZDA2H7REH5VJ", "level": "info", "timestamp": "2026-06-12T17:42:30.643904Z"}
{"candidates": 50, "top_k": 5, "backend": "cross_encoder", "returned": 5, "event": "rerank.done", "query_preview": "What character does an absolute path in Linux always begin with?", "correlation_id": "01KTYEV8D2EYRHZDA2H7REH5VJ", "level": "info", "timestamp": "2026-06-12T17:42:45.251304Z"}
{"node": "rerank", "reranked_count": 5, "event": "done", "query_preview": "What character does an absolute path in Linux always begin with?", "correlation_id": "01KTYEV8D2EYRHZDA2H7REH5VJ", "level": "info", "timestamp": "2026-06-12T17:42:45.251427Z"}
{"node": "query_tables", "reason": "empty_or_not_table_shaped", "event": "skip", "query_preview": "What character does an absolute path in Linux always begin with?", "correlation_id": "01KTYEV8D2EYRHZDA2H7REH5VJ", "level": "info", "timestamp": "2026-06-12T17:42:45.253204Z"}
{"node": "assess", "reranked_count": 5, "event": "start", "query_preview": "What character does an absolute path in Linux always begin with?", "correlation_id": "01KTYEV8D2EYRHZDA2H7REH5VJ", "level": "info", "timestamp": "2026-06-12T17:42:45.253905Z"}
{"prompt_tag": "assess_sufficiency@v4", "schema": "SufficiencyAssessment", "model": "cyankiwi/Qwen3.5-4B-AWQ-4bit", "max_tokens": 1024, "temperature": 0.1, "top_p": 0.8, "presence_penalty": 1.0, "seed": 42, "message_count": 1, "event": "model_call.start", "query_preview": "What character does an absolute path in Linux always begin with?", "correlation_id": "01KTYEV8D2EYRHZDA2H7REH5VJ", "level": "info", "timestamp": "2026-06-12T17:42:45.255910Z"}
Authentication error: Langfuse client initialized without public_key. Client will be disabled. Provide a public_key parameter or set LANGFUSE_PUBLIC_KEY environment variable. 
{"prompt_tag": "assess_sufficiency@v4", "schema": "SufficiencyAssessment", "tokens": 1460, "event": "model_call.done", "query_preview": "What character does an absolute path in Linux always begin with?", "correlation_id": "01KTYEV8D2EYRHZDA2H7REH5VJ", "level": "info", "timestamp": "2026-06-12T17:42:45.787337Z"}
{"node": "answer", "regenerate_attempt": 0, "event": "start", "query_preview": "What character does an absolute path in Linux always begin with?", "correlation_id": "01KTYEV8D2EYRHZDA2H7REH5VJ", "level": "info", "timestamp": "2026-06-12T17:42:45.788813Z"}
{"prompt_tag": "answer@v5", "schema": "DraftAnswer", "model": "cyankiwi/Qwen3.5-4B-AWQ-4bit", "max_tokens": 1800, "temperature": 0.1, "top_p": 0.8, "presence_penalty": 1.0, "seed": 42, "message_count": 2, "event": "model_call.start", "query_preview": "What character does an absolute path in Linux always begin with?", "correlation_id": "01KTYEV8D2EYRHZDA2H7REH5VJ", "level": "info", "timestamp": "2026-06-12T17:42:45.790788Z"}
Authentication error: Langfuse client initialized without public_key. Client will be disabled. Provide a public_key parameter or set LANGFUSE_PUBLIC_KEY environment variable. 
{"prompt_tag": "answer@v5", "schema": "DraftAnswer", "tokens": 3102, "event": "model_call.done", "query_preview": "What character does an absolute path in Linux always begin with?", "correlation_id": "01KTYEV8D2EYRHZDA2H7REH5VJ", "level": "info", "timestamp": "2026-06-12T17:42:47.034469Z"}
{"node": "verify", "claim_count": 1, "event": "start", "query_preview": "What character does an absolute path in Linux always begin with?", "correlation_id": "01KTYEV8D2EYRHZDA2H7REH5VJ", "level": "info", "timestamp": "2026-06-12T17:42:47.035347Z"}
{"prompt_tag": "verify_grounding@v2", "schema": "VerificationResult", "model": "cyankiwi/Qwen3.5-4B-AWQ-4bit", "max_tokens": 1024, "temperature": 0.1, "top_p": 0.8, "presence_penalty": 1.0, "seed": 42, "message_count": 1, "event": "model_call.start", "query_preview": "What character does an absolute path in Linux always begin with?", "correlation_id": "01KTYEV8D2EYRHZDA2H7REH5VJ", "level": "info", "timestamp": "2026-06-12T17:42:47.038293Z"}
Authentication error: Langfuse client initialized without public_key. Client will be disabled. Provide a public_key parameter or set LANGFUSE_PUBLIC_KEY environment variable. 
{"prompt_tag": "verify_grounding@v2", "schema": "VerificationResult", "tokens": 1394, "event": "model_call.done", "query_preview": "What character does an absolute path in Linux always begin with?", "correlation_id": "01KTYEV8D2EYRHZDA2H7REH5VJ", "level": "info", "timestamp": "2026-06-12T17:42:47.429808Z"}
{"node": "assess_relevance", "event": "start", "query_preview": "What character does an absolute path in Linux always begin with?", "correlation_id": "01KTYEV8D2EYRHZDA2H7REH5VJ", "level": "info", "timestamp": "2026-06-12T17:42:47.431448Z"}
{"prompt_tag": "assess_relevance@v3", "schema": "RelevanceAssessment", "model": "cyankiwi/Qwen3.5-4B-AWQ-4bit", "max_tokens": 1024, "temperature": 0.1, "top_p": 0.8, "presence_penalty": 1.0, "seed": 42, "message_count": 1, "event": "model_call.start", "query_preview": "What character does an absolute path in Linux always begin with?", "correlation_id": "01KTYEV8D2EYRHZDA2H7REH5VJ", "level": "info", "timestamp": "2026-06-12T17:42:47.432425Z"}
Authentication error: Langfuse client initialized without public_key. Client will be disabled. Provide a public_key parameter or set LANGFUSE_PUBLIC_KEY environment variable. 
{"prompt_tag": "assess_relevance@v3", "schema": "RelevanceAssessment", "tokens": 826, "event": "model_call.done", "query_preview": "What character does an absolute path in Linux always begin with?", "correlation_id": "01KTYEV8D2EYRHZDA2H7REH5VJ", "level": "info", "timestamp": "2026-06-12T17:42:47.796093Z"}
{"node": "assess_relevance", "responsive": true, "event": "relevance", "query_preview": "What character does an absolute path in Linux always begin with?", "correlation_id": "01KTYEV8D2EYRHZDA2H7REH5VJ", "level": "info", "timestamp": "2026-06-12T17:42:47.796157Z"}
{"node": "compose", "event": "start", "query_preview": "What character does an absolute path in Linux always begin with?", "correlation_id": "01KTYEV8D2EYRHZDA2H7REH5VJ", "level": "info", "timestamp": "2026-06-12T17:42:47.797267Z"}
Authentication error: Langfuse client initialized without public_key. Client will be disabled. Provide a public_key parameter or set LANGFUSE_PUBLIC_KEY environment variable. 
{"node": "retrieve", "query_len": 44, "event": "start", "query_preview": "In Linux, what does compression do to files?", "correlation_id": "01KTYEVS7NCJBDK48PM26CTFZ5", "level": "info", "timestamp": "2026-06-12T17:42:47.798686Z"}
{"query_len": 44, "k": 50, "event": "hybrid.start", "query_preview": "In Linux, what does compression do to files?", "correlation_id": "01KTYEVS7NCJBDK48PM26CTFZ5", "level": "info", "timestamp": "2026-06-12T17:42:47.798722Z"}
{"query_len": 44, "k": 50, "dense": 50, "bm25": 0, "fused": 50, "term": false, "event": "hybrid.done", "query_preview": "In Linux, what does compression do to files?", "correlation_id": "01KTYEVS7NCJBDK48PM26CTFZ5", "level": "info", "timestamp": "2026-06-12T17:42:47.880727Z"}
{"node": "retrieve", "candidate_count": 50, "event": "done", "query_preview": "In Linux, what does compression do to files?", "correlation_id": "01KTYEVS7NCJBDK48PM26CTFZ5", "level": "info", "timestamp": "2026-06-12T17:42:47.881793Z"}
{"node": "expand_graph", "reason": "disabled_or_empty", "event": "skip", "query_preview": "In Linux, what does compression do to files?", "correlation_id": "01KTYEVS7NCJBDK48PM26CTFZ5", "level": "info", "timestamp": "2026-06-12T17:42:47.883374Z"}
{"node": "rerank", "candidate_count": 50, "event": "start", "query_preview": "In Linux, what does compression do to files?", "correlation_id": "01KTYEVS7NCJBDK48PM26CTFZ5", "level": "info", "timestamp": "2026-06-12T17:42:47.883987Z"}
{"node": "rerank", "top_k": 5, "source": "mode", "event": "top_k_resolved", "query_preview": "In Linux, what does compression do to files?", "correlation_id": "01KTYEVS7NCJBDK48PM26CTFZ5", "level": "info", "timestamp": "2026-06-12T17:42:47.884047Z"}
{"candidates": 50, "top_k": 5, "backend": "cross_encoder", "event": "rerank.start", "query_preview": "In Linux, what does compression do to files?", "correlation_id": "01KTYEVS7NCJBDK48PM26CTFZ5", "level": "info", "timestamp": "2026-06-12T17:42:47.884090Z"}
{"candidates": 50, "top_k": 5, "backend": "cross_encoder", "returned": 5, "event": "rerank.done", "query_preview": "In Linux, what does compression do to files?", "correlation_id": "01KTYEVS7NCJBDK48PM26CTFZ5", "level": "info", "timestamp": "2026-06-12T17:43:02.636825Z"}
{"node": "rerank", "reranked_count": 5, "event": "done", "query_preview": "In Linux, what does compression do to files?", "correlation_id": "01KTYEVS7NCJBDK48PM26CTFZ5", "level": "info", "timestamp": "2026-06-12T17:43:02.636933Z"}
{"node": "query_tables", "reason": "empty_or_not_table_shaped", "event": "skip", "query_preview": "In Linux, what does compression do to files?", "correlation_id": "01KTYEVS7NCJBDK48PM26CTFZ5", "level": "info", "timestamp": "2026-06-12T17:43:02.639018Z"}
{"node": "assess", "reranked_count": 5, "event": "start", "query_preview": "In Linux, what does compression do to files?", "correlation_id": "01KTYEVS7NCJBDK48PM26CTFZ5", "level": "info", "timestamp": "2026-06-12T17:43:02.639917Z"}
{"prompt_tag": "assess_sufficiency@v4", "schema": "SufficiencyAssessment", "model": "cyankiwi/Qwen3.5-4B-AWQ-4bit", "max_tokens": 1024, "temperature": 0.1, "top_p": 0.8, "presence_penalty": 1.0, "seed": 42, "message_count": 1, "event": "model_call.start", "query_preview": "In Linux, what does compression do to files?", "correlation_id": "01KTYEVS7NCJBDK48PM26CTFZ5", "level": "info", "timestamp": "2026-06-12T17:43:02.642243Z"}
Authentication error: Langfuse client initialized without public_key. Client will be disabled. Provide a public_key parameter or set LANGFUSE_PUBLIC_KEY environment variable. 
{"prompt_tag": "assess_sufficiency@v4", "schema": "SufficiencyAssessment", "tokens": 1423, "event": "model_call.done", "query_preview": "In Linux, what does compression do to files?", "correlation_id": "01KTYEVS7NCJBDK48PM26CTFZ5", "level": "info", "timestamp": "2026-06-12T17:43:03.202211Z"}
{"node": "answer", "regenerate_attempt": 0, "event": "start", "query_preview": "In Linux, what does compression do to files?", "correlation_id": "01KTYEVS7NCJBDK48PM26CTFZ5", "level": "info", "timestamp": "2026-06-12T17:43:03.203603Z"}
{"prompt_tag": "answer@v5", "schema": "DraftAnswer", "model": "cyankiwi/Qwen3.5-4B-AWQ-4bit", "max_tokens": 1800, "temperature": 0.1, "top_p": 0.8, "presence_penalty": 1.0, "seed": 42, "message_count": 2, "event": "model_call.start", "query_preview": "In Linux, what does compression do to files?", "correlation_id": "01KTYEVS7NCJBDK48PM26CTFZ5", "level": "info", "timestamp": "2026-06-12T17:43:03.206264Z"}
Authentication error: Langfuse client initialized without public_key. Client will be disabled. Provide a public_key parameter or set LANGFUSE_PUBLIC_KEY environment variable. 
{"prompt_tag": "answer@v5", "schema": "DraftAnswer", "tokens": 3337, "event": "model_call.done", "query_preview": "In Linux, what does compression do to files?", "correlation_id": "01KTYEVS7NCJBDK48PM26CTFZ5", "level": "info", "timestamp": "2026-06-12T17:43:06.907332Z"}
{"node": "verify", "claim_count": 4, "event": "start", "query_preview": "In Linux, what does compression do to files?", "correlation_id": "01KTYEVS7NCJBDK48PM26CTFZ5", "level": "info", "timestamp": "2026-06-12T17:43:06.908651Z"}
{"prompt_tag": "verify_grounding@v2", "schema": "VerificationResult", "model": "cyankiwi/Qwen3.5-4B-AWQ-4bit", "max_tokens": 1024, "temperature": 0.1, "top_p": 0.8, "presence_penalty": 1.0, "seed": 42, "message_count": 1, "event": "model_call.start", "query_preview": "In Linux, what does compression do to files?", "correlation_id": "01KTYEVS7NCJBDK48PM26CTFZ5", "level": "info", "timestamp": "2026-06-12T17:43:06.912555Z"}
Authentication error: Langfuse client initialized without public_key. Client will be disabled. Provide a public_key parameter or set LANGFUSE_PUBLIC_KEY environment variable. 
{"prompt_tag": "verify_grounding@v2", "schema": "VerificationResult", "tokens": 1547, "event": "model_call.done", "query_preview": "In Linux, what does compression do to files?", "correlation_id": "01KTYEVS7NCJBDK48PM26CTFZ5", "level": "info", "timestamp": "2026-06-12T17:43:07.405012Z"}
{"node": "assess_relevance", "event": "start", "query_preview": "In Linux, what does compression do to files?", "correlation_id": "01KTYEVS7NCJBDK48PM26CTFZ5", "level": "info", "timestamp": "2026-06-12T17:43:07.406779Z"}
{"prompt_tag": "assess_relevance@v3", "schema": "RelevanceAssessment", "model": "cyankiwi/Qwen3.5-4B-AWQ-4bit", "max_tokens": 1024, "temperature": 0.1, "top_p": 0.8, "presence_penalty": 1.0, "seed": 42, "message_count": 1, "event": "model_call.start", "query_preview": "In Linux, what does compression do to files?", "correlation_id": "01KTYEVS7NCJBDK48PM26CTFZ5", "level": "info", "timestamp": "2026-06-12T17:43:07.408082Z"}
Authentication error: Langfuse client initialized without public_key. Client will be disabled. Provide a public_key parameter or set LANGFUSE_PUBLIC_KEY environment variable. 
{"prompt_tag": "assess_relevance@v3", "schema": "RelevanceAssessment", "tokens": 936, "event": "model_call.done", "query_preview": "In Linux, what does compression do to files?", "correlation_id": "01KTYEVS7NCJBDK48PM26CTFZ5", "level": "info", "timestamp": "2026-06-12T17:43:07.908450Z"}
{"node": "assess_relevance", "responsive": true, "event": "relevance", "query_preview": "In Linux, what does compression do to files?", "correlation_id": "01KTYEVS7NCJBDK48PM26CTFZ5", "level": "info", "timestamp": "2026-06-12T17:43:07.908504Z"}
{"node": "compose", "event": "start", "query_preview": "In Linux, what does compression do to files?", "correlation_id": "01KTYEVS7NCJBDK48PM26CTFZ5", "level": "info", "timestamp": "2026-06-12T17:43:07.910214Z"}
Authentication error: Langfuse client initialized without public_key. Client will be disabled. Provide a public_key parameter or set LANGFUSE_PUBLIC_KEY environment variable. 
{"node": "retrieve", "query_len": 72, "event": "start", "query_preview": "Which two files store Linux user account and authentication information?", "correlation_id": "01KTYEWCW72K4BDP6MF3JHPBRT", "level": "info", "timestamp": "2026-06-12T17:43:07.912189Z"}
{"query_len": 72, "k": 50, "event": "hybrid.start", "query_preview": "Which two files store Linux user account and authentication information?", "correlation_id": "01KTYEWCW72K4BDP6MF3JHPBRT", "level": "info", "timestamp": "2026-06-12T17:43:07.912233Z"}
{"query_len": 72, "k": 50, "dense": 50, "bm25": 0, "fused": 50, "term": false, "event": "hybrid.done", "query_preview": "Which two files store Linux user account and authentication information?", "correlation_id": "01KTYEWCW72K4BDP6MF3JHPBRT", "level": "info", "timestamp": "2026-06-12T17:43:08.000084Z"}
{"node": "retrieve", "candidate_count": 50, "event": "done", "query_preview": "Which two files store Linux user account and authentication information?", "correlation_id": "01KTYEWCW72K4BDP6MF3JHPBRT", "level": "info", "timestamp": "2026-06-12T17:43:08.001411Z"}
{"node": "expand_graph", "reason": "disabled_or_empty", "event": "skip", "query_preview": "Which two files store Linux user account and authentication information?", "correlation_id": "01KTYEWCW72K4BDP6MF3JHPBRT", "level": "info", "timestamp": "2026-06-12T17:43:08.003051Z"}
{"node": "rerank", "candidate_count": 50, "event": "start", "query_preview": "Which two files store Linux user account and authentication information?", "correlation_id": "01KTYEWCW72K4BDP6MF3JHPBRT", "level": "info", "timestamp": "2026-06-12T17:43:08.003688Z"}
{"node": "rerank", "top_k": 5, "source": "mode", "event": "top_k_resolved", "query_preview": "Which two files store Linux user account and authentication information?", "correlation_id": "01KTYEWCW72K4BDP6MF3JHPBRT", "level": "info", "timestamp": "2026-06-12T17:43:08.003749Z"}
{"candidates": 50, "top_k": 5, "backend": "cross_encoder", "event": "rerank.start", "query_preview": "Which two files store Linux user account and authentication information?", "correlation_id": "01KTYEWCW72K4BDP6MF3JHPBRT", "level": "info", "timestamp": "2026-06-12T17:43:08.003785Z"}
{"candidates": 50, "top_k": 5, "backend": "cross_encoder", "returned": 5, "event": "rerank.done", "query_preview": "Which two files store Linux user account and authentication information?", "correlation_id": "01KTYEWCW72K4BDP6MF3JHPBRT", "level": "info", "timestamp": "2026-06-12T17:43:19.838683Z"}
{"node": "rerank", "reranked_count": 5, "event": "done", "query_preview": "Which two files store Linux user account and authentication information?", "correlation_id": "01KTYEWCW72K4BDP6MF3JHPBRT", "level": "info", "timestamp": "2026-06-12T17:43:19.838785Z"}
{"prompt_tag": "generate_table_sql@v1", "schema": "GeneratedSQL", "model": "cyankiwi/Qwen3.5-4B-AWQ-4bit", "max_tokens": 1024, "temperature": 0.1, "top_p": 0.8, "presence_penalty": 1.0, "seed": 42, "message_count": 1, "event": "model_call.start", "query_preview": "Which two files store Linux user account and authentication information?", "correlation_id": "01KTYEWCW72K4BDP6MF3JHPBRT", "level": "info", "timestamp": "2026-06-12T17:43:19.845411Z"}
Authentication error: Langfuse client initialized without public_key. Client will be disabled. Provide a public_key parameter or set LANGFUSE_PUBLIC_KEY environment variable. 
{"prompt_tag": "generate_table_sql@v1", "schema": "GeneratedSQL", "tokens": 955, "event": "model_call.done", "query_preview": "Which two files store Linux user account and authentication information?", "correlation_id": "01KTYEWCW72K4BDP6MF3JHPBRT", "level": "info", "timestamp": "2026-06-12T17:43:20.531297Z"}
{"node": "query_doc_tables", "sql": "SELECT * FROM b9ec9c6e63 WHERE col1 LIKE '%Linux%' AND shareable = 'True'", "target": "b9ec9c6e63", "event": "table_sql.generated", "query_preview": "Which two files store Linux user account and authentication information?", "correlation_id": "01KTYEWCW72K4BDP6MF3JHPBRT", "level": "info", "timestamp": "2026-06-12T17:43:20.531353Z"}
{"node": "query_doc_tables", "target": "b9ec9c6e63", "event": "table_sql.no_result", "query_preview": "Which two files store Linux user account and authentication information?", "correlation_id": "01KTYEWCW72K4BDP6MF3JHPBRT", "level": "info", "timestamp": "2026-06-12T17:43:20.531916Z"}
{"node": "query_tables", "event": "no_table_answer", "query_preview": "Which two files store Linux user account and authentication information?", "correlation_id": "01KTYEWCW72K4BDP6MF3JHPBRT", "level": "info", "timestamp": "2026-06-12T17:43:20.532112Z"}
{"node": "assess", "reranked_count": 5, "event": "start", "query_preview": "Which two files store Linux user account and authentication information?", "correlation_id": "01KTYEWCW72K4BDP6MF3JHPBRT", "level": "info", "timestamp": "2026-06-12T17:43:20.532808Z"}
{"prompt_tag": "assess_sufficiency@v4", "schema": "SufficiencyAssessment", "model": "cyankiwi/Qwen3.5-4B-AWQ-4bit", "max_tokens": 1024, "temperature": 0.1, "top_p": 0.8, "presence_penalty": 1.0, "seed": 42, "message_count": 1, "event": "model_call.start", "query_preview": "Which two files store Linux user account and authentication information?", "correlation_id": "01KTYEWCW72K4BDP6MF3JHPBRT", "level": "info", "timestamp": "2026-06-12T17:43:20.534081Z"}
Authentication error: Langfuse client initialized without public_key. Client will be disabled. Provide a public_key parameter or set LANGFUSE_PUBLIC_KEY environment variable. 
{"prompt_tag": "assess_sufficiency@v4", "schema": "SufficiencyAssessment", "tokens": 1391, "event": "model_call.done", "query_preview": "Which two files store Linux user account and authentication information?", "correlation_id": "01KTYEWCW72K4BDP6MF3JHPBRT", "level": "info", "timestamp": "2026-06-12T17:43:21.190652Z"}
{"node": "answer", "regenerate_attempt": 0, "event": "start", "query_preview": "Which two files store Linux user account and authentication information?", "correlation_id": "01KTYEWCW72K4BDP6MF3JHPBRT", "level": "info", "timestamp": "2026-06-12T17:43:21.191911Z"}
{"prompt_tag": "answer@v5", "schema": "DraftAnswer", "model": "cyankiwi/Qwen3.5-4B-AWQ-4bit", "max_tokens": 1800, "temperature": 0.1, "top_p": 0.8, "presence_penalty": 1.0, "seed": 42, "message_count": 2, "event": "model_call.start", "query_preview": "Which two files store Linux user account and authentication information?", "correlation_id": "01KTYEWCW72K4BDP6MF3JHPBRT", "level": "info", "timestamp": "2026-06-12T17:43:21.193864Z"}
Authentication error: Langfuse client initialized without public_key. Client will be disabled. Provide a public_key parameter or set LANGFUSE_PUBLIC_KEY environment variable. 
{"prompt_tag": "answer@v5", "schema": "DraftAnswer", "tokens": 3020, "event": "model_call.done", "query_preview": "Which two files store Linux user account and authentication information?", "correlation_id": "01KTYEWCW72K4BDP6MF3JHPBRT", "level": "info", "timestamp": "2026-06-12T17:43:22.468900Z"}
{"node": "verify", "claim_count": 1, "event": "start", "query_preview": "Which two files store Linux user account and authentication information?", "correlation_id": "01KTYEWCW72K4BDP6MF3JHPBRT", "level": "info", "timestamp": "2026-06-12T17:43:22.469706Z"}
{"prompt_tag": "verify_grounding@v2", "schema": "VerificationResult", "model": "cyankiwi/Qwen3.5-4B-AWQ-4bit", "max_tokens": 1024, "temperature": 0.1, "top_p": 0.8, "presence_penalty": 1.0, "seed": 42, "message_count": 1, "event": "model_call.start", "query_preview": "Which two files store Linux user account and authentication information?", "correlation_id": "01KTYEWCW72K4BDP6MF3JHPBRT", "level": "info", "timestamp": "2026-06-12T17:43:22.472755Z"}
Authentication error: Langfuse client initialized without public_key. Client will be disabled. Provide a public_key parameter or set LANGFUSE_PUBLIC_KEY environment variable. 
{"prompt_tag": "verify_grounding@v2", "schema": "VerificationResult", "tokens": 1307, "event": "model_call.done", "query_preview": "Which two files store Linux user account and authentication information?", "correlation_id": "01KTYEWCW72K4BDP6MF3JHPBRT", "level": "info", "timestamp": "2026-06-12T17:43:22.855049Z"}
{"node": "assess_relevance", "event": "start", "query_preview": "Which two files store Linux user account and authentication information?", "correlation_id": "01KTYEWCW72K4BDP6MF3JHPBRT", "level": "info", "timestamp": "2026-06-12T17:43:22.856254Z"}
{"prompt_tag": "assess_relevance@v3", "schema": "RelevanceAssessment", "model": "cyankiwi/Qwen3.5-4B-AWQ-4bit", "max_tokens": 1024, "temperature": 0.1, "top_p": 0.8, "presence_penalty": 1.0, "seed": 42, "message_count": 1, "event": "model_call.start", "query_preview": "Which two files store Linux user account and authentication information?", "correlation_id": "01KTYEWCW72K4BDP6MF3JHPBRT", "level": "info", "timestamp": "2026-06-12T17:43:22.857262Z"}
Authentication error: Langfuse client initialized without public_key. Client will be disabled. Provide a public_key parameter or set LANGFUSE_PUBLIC_KEY environment variable. 
{"prompt_tag": "assess_relevance@v3", "schema": "RelevanceAssessment", "tokens": 836, "event": "model_call.done", "query_preview": "Which two files store Linux user account and authentication information?", "correlation_id": "01KTYEWCW72K4BDP6MF3JHPBRT", "level": "info", "timestamp": "2026-06-12T17:43:23.237348Z"}
{"node": "assess_relevance", "responsive": true, "event": "relevance", "query_preview": "Which two files store Linux user account and authentication information?", "correlation_id": "01KTYEWCW72K4BDP6MF3JHPBRT", "level": "info", "timestamp": "2026-06-12T17:43:23.237405Z"}
{"node": "compose", "event": "start", "query_preview": "Which two files store Linux user account and authentication information?", "correlation_id": "01KTYEWCW72K4BDP6MF3JHPBRT", "level": "info", "timestamp": "2026-06-12T17:43:23.238447Z"}
Authentication error: Langfuse client initialized without public_key. Client will be disabled. Provide a public_key parameter or set LANGFUSE_PUBLIC_KEY environment variable. 
{"node": "retrieve", "query_len": 28, "event": "start", "query_preview": "What is a man page in Linux?", "correlation_id": "01KTYEWVV6Q8FV1NBY05PV105P", "level": "info", "timestamp": "2026-06-12T17:43:23.239877Z"}
{"query_len": 28, "k": 50, "event": "hybrid.start", "query_preview": "What is a man page in Linux?", "correlation_id": "01KTYEWVV6Q8FV1NBY05PV105P", "level": "info", "timestamp": "2026-06-12T17:43:23.239913Z"}
{"query_len": 28, "k": 50, "dense": 50, "bm25": 0, "fused": 50, "term": false, "event": "hybrid.done", "query_preview": "What is a man page in Linux?", "correlation_id": "01KTYEWVV6Q8FV1NBY05PV105P", "level": "info", "timestamp": "2026-06-12T17:43:23.308925Z"}
{"node": "retrieve", "candidate_count": 50, "event": "done", "query_preview": "What is a man page in Linux?", "correlation_id": "01KTYEWVV6Q8FV1NBY05PV105P", "level": "info", "timestamp": "2026-06-12T17:43:23.309852Z"}
{"node": "expand_graph", "reason": "disabled_or_empty", "event": "skip", "query_preview": "What is a man page in Linux?", "correlation_id": "01KTYEWVV6Q8FV1NBY05PV105P", "level": "info", "timestamp": "2026-06-12T17:43:23.311152Z"}
{"node": "rerank", "candidate_count": 50, "event": "start", "query_preview": "What is a man page in Linux?", "correlation_id": "01KTYEWVV6Q8FV1NBY05PV105P", "level": "info", "timestamp": "2026-06-12T17:43:23.311653Z"}
{"node": "rerank", "top_k": 5, "source": "mode", "event": "top_k_resolved", "query_preview": "What is a man page in Linux?", "correlation_id": "01KTYEWVV6Q8FV1NBY05PV105P", "level": "info", "timestamp": "2026-06-12T17:43:23.311701Z"}
{"candidates": 50, "top_k": 5, "backend": "cross_encoder", "event": "rerank.start", "query_preview": "What is a man page in Linux?", "correlation_id": "01KTYEWVV6Q8FV1NBY05PV105P", "level": "info", "timestamp": "2026-06-12T17:43:23.311723Z"}
{"candidates": 50, "top_k": 5, "backend": "cross_encoder", "returned": 5, "event": "rerank.done", "query_preview": "What is a man page in Linux?", "correlation_id": "01KTYEWVV6Q8FV1NBY05PV105P", "level": "info", "timestamp": "2026-06-12T17:43:33.772848Z"}
{"node": "rerank", "reranked_count": 5, "event": "done", "query_preview": "What is a man page in Linux?", "correlation_id": "01KTYEWVV6Q8FV1NBY05PV105P", "level": "info", "timestamp": "2026-06-12T17:43:33.772943Z"}
{"node": "query_tables", "reason": "empty_or_not_table_shaped", "event": "skip", "query_preview": "What is a man page in Linux?", "correlation_id": "01KTYEWVV6Q8FV1NBY05PV105P", "level": "info", "timestamp": "2026-06-12T17:43:33.774678Z"}
{"node": "assess", "reranked_count": 5, "event": "start", "query_preview": "What is a man page in Linux?", "correlation_id": "01KTYEWVV6Q8FV1NBY05PV105P", "level": "info", "timestamp": "2026-06-12T17:43:33.775365Z"}
{"prompt_tag": "assess_sufficiency@v4", "schema": "SufficiencyAssessment", "model": "cyankiwi/Qwen3.5-4B-AWQ-4bit", "max_tokens": 1024, "temperature": 0.1, "top_p": 0.8, "presence_penalty": 1.0, "seed": 42, "message_count": 1, "event": "model_call.start", "query_preview": "What is a man page in Linux?", "correlation_id": "01KTYEWVV6Q8FV1NBY05PV105P", "level": "info", "timestamp": "2026-06-12T17:43:33.777209Z"}
Authentication error: Langfuse client initialized without public_key. Client will be disabled. Provide a public_key parameter or set LANGFUSE_PUBLIC_KEY environment variable. 
{"prompt_tag": "assess_sufficiency@v4", "schema": "SufficiencyAssessment", "tokens": 1280, "event": "model_call.done", "query_preview": "What is a man page in Linux?", "correlation_id": "01KTYEWVV6Q8FV1NBY05PV105P", "level": "info", "timestamp": "2026-06-12T17:43:34.331497Z"}
{"node": "answer", "regenerate_attempt": 0, "event": "start", "query_preview": "What is a man page in Linux?", "correlation_id": "01KTYEWVV6Q8FV1NBY05PV105P", "level": "info", "timestamp": "2026-06-12T17:43:34.332857Z"}
{"prompt_tag": "answer@v5", "schema": "DraftAnswer", "model": "cyankiwi/Qwen3.5-4B-AWQ-4bit", "max_tokens": 1800, "temperature": 0.1, "top_p": 0.8, "presence_penalty": 1.0, "seed": 42, "message_count": 2, "event": "model_call.start", "query_preview": "What is a man page in Linux?", "correlation_id": "01KTYEWVV6Q8FV1NBY05PV105P", "level": "info", "timestamp": "2026-06-12T17:43:34.334970Z"}
Authentication error: Langfuse client initialized without public_key. Client will be disabled. Provide a public_key parameter or set LANGFUSE_PUBLIC_KEY environment variable. 
{"prompt_tag": "answer@v5", "schema": "DraftAnswer", "tokens": 3033, "event": "model_call.done", "query_preview": "What is a man page in Linux?", "correlation_id": "01KTYEWVV6Q8FV1NBY05PV105P", "level": "info", "timestamp": "2026-06-12T17:43:36.589108Z"}
{"node": "verify", "claim_count": 2, "event": "start", "query_preview": "What is a man page in Linux?", "correlation_id": "01KTYEWVV6Q8FV1NBY05PV105P", "level": "info", "timestamp": "2026-06-12T17:43:36.589987Z"}
{"prompt_tag": "verify_grounding@v2", "schema": "VerificationResult", "model": "cyankiwi/Qwen3.5-4B-AWQ-4bit", "max_tokens": 1024, "temperature": 0.1, "top_p": 0.8, "presence_penalty": 1.0, "seed": 42, "message_count": 1, "event": "model_call.start", "query_preview": "What is a man page in Linux?", "correlation_id": "01KTYEWVV6Q8FV1NBY05PV105P", "level": "info", "timestamp": "2026-06-12T17:43:36.592943Z"}
Authentication error: Langfuse client initialized without public_key. Client will be disabled. Provide a public_key parameter or set LANGFUSE_PUBLIC_KEY environment variable. 
{"prompt_tag": "verify_grounding@v2", "schema": "VerificationResult", "tokens": 1292, "event": "model_call.done", "query_preview": "What is a man page in Linux?", "correlation_id": "01KTYEWVV6Q8FV1NBY05PV105P", "level": "info", "timestamp": "2026-06-12T17:43:36.998282Z"}
{"node": "assess_relevance", "event": "start", "query_preview": "What is a man page in Linux?", "correlation_id": "01KTYEWVV6Q8FV1NBY05PV105P", "level": "info", "timestamp": "2026-06-12T17:43:36.999435Z"}
{"prompt_tag": "assess_relevance@v3", "schema": "RelevanceAssessment", "model": "cyankiwi/Qwen3.5-4B-AWQ-4bit", "max_tokens": 1024, "temperature": 0.1, "top_p": 0.8, "presence_penalty": 1.0, "seed": 42, "message_count": 1, "event": "model_call.start", "query_preview": "What is a man page in Linux?", "correlation_id": "01KTYEWVV6Q8FV1NBY05PV105P", "level": "info", "timestamp": "2026-06-12T17:43:37.000434Z"}
Authentication error: Langfuse client initialized without public_key. Client will be disabled. Provide a public_key parameter or set LANGFUSE_PUBLIC_KEY environment variable. 
{"prompt_tag": "assess_relevance@v3", "schema": "RelevanceAssessment", "tokens": 879, "event": "model_call.done", "query_preview": "What is a man page in Linux?", "correlation_id": "01KTYEWVV6Q8FV1NBY05PV105P", "level": "info", "timestamp": "2026-06-12T17:43:37.319212Z"}
{"node": "assess_relevance", "responsive": true, "event": "relevance", "query_preview": "What is a man page in Linux?", "correlation_id": "01KTYEWVV6Q8FV1NBY05PV105P", "level": "info", "timestamp": "2026-06-12T17:43:37.319262Z"}
{"node": "compose", "event": "start", "query_preview": "What is a man page in Linux?", "correlation_id": "01KTYEWVV6Q8FV1NBY05PV105P", "level": "info", "timestamp": "2026-06-12T17:43:37.320331Z"}
Authentication error: Langfuse client initialized without public_key. Client will be disabled. Provide a public_key parameter or set LANGFUSE_PUBLIC_KEY environment variable. 
{"node": "retrieve", "query_len": 36, "event": "start", "query_preview": "What does the Linux sort command do?", "correlation_id": "01KTYEX9K8Q90J9CQDT9Z92EVM", "level": "info", "timestamp": "2026-06-12T17:43:37.322153Z"}
{"query_len": 36, "k": 50, "event": "hybrid.start", "query_preview": "What does the Linux sort command do?", "correlation_id": "01KTYEX9K8Q90J9CQDT9Z92EVM", "level": "info", "timestamp": "2026-06-12T17:43:37.322219Z"}
{"query_len": 36, "k": 50, "dense": 50, "bm25": 0, "fused": 50, "term": false, "event": "hybrid.done", "query_preview": "What does the Linux sort command do?", "correlation_id": "01KTYEX9K8Q90J9CQDT9Z92EVM", "level": "info", "timestamp": "2026-06-12T17:43:37.405498Z"}
{"node": "retrieve", "candidate_count": 50, "event": "done", "query_preview": "What does the Linux sort command do?", "correlation_id": "01KTYEX9K8Q90J9CQDT9Z92EVM", "level": "info", "timestamp": "2026-06-12T17:43:37.406644Z"}
{"node": "expand_graph", "reason": "disabled_or_empty", "event": "skip", "query_preview": "What does the Linux sort command do?", "correlation_id": "01KTYEX9K8Q90J9CQDT9Z92EVM", "level": "info", "timestamp": "2026-06-12T17:43:37.408139Z"}
{"node": "rerank", "candidate_count": 50, "event": "start", "query_preview": "What does the Linux sort command do?", "correlation_id": "01KTYEX9K8Q90J9CQDT9Z92EVM", "level": "info", "timestamp": "2026-06-12T17:43:37.408707Z"}
{"node": "rerank", "top_k": 5, "source": "mode", "event": "top_k_resolved", "query_preview": "What does the Linux sort command do?", "correlation_id": "01KTYEX9K8Q90J9CQDT9Z92EVM", "level": "info", "timestamp": "2026-06-12T17:43:37.408761Z"}
{"candidates": 50, "top_k": 5, "backend": "cross_encoder", "event": "rerank.start", "query_preview": "What does the Linux sort command do?", "correlation_id": "01KTYEX9K8Q90J9CQDT9Z92EVM", "level": "info", "timestamp": "2026-06-12T17:43:37.408788Z"}
{"candidates": 50, "top_k": 5, "backend": "cross_encoder", "returned": 5, "event": "rerank.done", "query_preview": "What does the Linux sort command do?", "correlation_id": "01KTYEX9K8Q90J9CQDT9Z92EVM", "level": "info", "timestamp": "2026-06-12T17:43:54.089114Z"}
{"node": "rerank", "reranked_count": 5, "event": "done", "query_preview": "What does the Linux sort command do?", "correlation_id": "01KTYEX9K8Q90J9CQDT9Z92EVM", "level": "info", "timestamp": "2026-06-12T17:43:54.089200Z"}
{"node": "query_tables", "reason": "empty_or_not_table_shaped", "event": "skip", "query_preview": "What does the Linux sort command do?", "correlation_id": "01KTYEX9K8Q90J9CQDT9Z92EVM", "level": "info", "timestamp": "2026-06-12T17:43:54.091355Z"}
{"node": "assess", "reranked_count": 5, "event": "start", "query_preview": "What does the Linux sort command do?", "correlation_id": "01KTYEX9K8Q90J9CQDT9Z92EVM", "level": "info", "timestamp": "2026-06-12T17:43:54.092187Z"}
{"prompt_tag": "assess_sufficiency@v4", "schema": "SufficiencyAssessment", "model": "cyankiwi/Qwen3.5-4B-AWQ-4bit", "max_tokens": 1024, "temperature": 0.1, "top_p": 0.8, "presence_penalty": 1.0, "seed": 42, "message_count": 1, "event": "model_call.start", "query_preview": "What does the Linux sort command do?", "correlation_id": "01KTYEX9K8Q90J9CQDT9Z92EVM", "level": "info", "timestamp": "2026-06-12T17:43:54.093788Z"}
Authentication error: Langfuse client initialized without public_key. Client will be disabled. Provide a public_key parameter or set LANGFUSE_PUBLIC_KEY environment variable. 
{"prompt_tag": "assess_sufficiency@v4", "schema": "SufficiencyAssessment", "tokens": 1704, "event": "model_call.done", "query_preview": "What does the Linux sort command do?", "correlation_id": "01KTYEX9K8Q90J9CQDT9Z92EVM", "level": "info", "timestamp": "2026-06-12T17:43:54.697590Z"}
{"node": "answer", "regenerate_attempt": 0, "event": "start", "query_preview": "What does the Linux sort command do?", "correlation_id": "01KTYEX9K8Q90J9CQDT9Z92EVM", "level": "info", "timestamp": "2026-06-12T17:43:54.698753Z"}
{"prompt_tag": "answer@v5", "schema": "DraftAnswer", "model": "cyankiwi/Qwen3.5-4B-AWQ-4bit", "max_tokens": 1800, "temperature": 0.1, "top_p": 0.8, "presence_penalty": 1.0, "seed": 42, "message_count": 2, "event": "model_call.start", "query_preview": "What does the Linux sort command do?", "correlation_id": "01KTYEX9K8Q90J9CQDT9Z92EVM", "level": "info", "timestamp": "2026-06-12T17:43:54.700720Z"}
Authentication error: Langfuse client initialized without public_key. Client will be disabled. Provide a public_key parameter or set LANGFUSE_PUBLIC_KEY environment variable. 
{"prompt_tag": "answer@v5", "schema": "DraftAnswer", "tokens": 3701, "event": "model_call.done", "query_preview": "What does the Linux sort command do?", "correlation_id": "01KTYEX9K8Q90J9CQDT9Z92EVM", "level": "info", "timestamp": "2026-06-12T17:43:59.196087Z"}
{"node": "verify", "claim_count": 6, "event": "start", "query_preview": "What does the Linux sort command do?", "correlation_id": "01KTYEX9K8Q90J9CQDT9Z92EVM", "level": "info", "timestamp": "2026-06-12T17:43:59.196939Z"}
{"prompt_tag": "verify_grounding@v2", "schema": "VerificationResult", "model": "cyankiwi/Qwen3.5-4B-AWQ-4bit", "max_tokens": 1024, "temperature": 0.1, "top_p": 0.8, "presence_penalty": 1.0, "seed": 42, "message_count": 1, "event": "model_call.start", "query_preview": "What does the Linux sort command do?", "correlation_id": "01KTYEX9K8Q90J9CQDT9Z92EVM", "level": "info", "timestamp": "2026-06-12T17:43:59.200044Z"}
Authentication error: Langfuse client initialized without public_key. Client will be disabled. Provide a public_key parameter or set LANGFUSE_PUBLIC_KEY environment variable. 
{"prompt_tag": "verify_grounding@v2", "schema": "VerificationResult", "tokens": 1890, "event": "model_call.done", "query_preview": "What does the Linux sort command do?", "correlation_id": "01KTYEX9K8Q90J9CQDT9Z92EVM", "level": "info", "timestamp": "2026-06-12T17:43:59.799509Z"}
{"node": "assess_relevance", "event": "start", "query_preview": "What does the Linux sort command do?", "correlation_id": "01KTYEX9K8Q90J9CQDT9Z92EVM", "level": "info", "timestamp": "2026-06-12T17:43:59.800778Z"}
{"prompt_tag": "assess_relevance@v3", "schema": "RelevanceAssessment", "model": "cyankiwi/Qwen3.5-4B-AWQ-4bit", "max_tokens": 1024, "temperature": 0.1, "top_p": 0.8, "presence_penalty": 1.0, "seed": 42, "message_count": 1, "event": "model_call.start", "query_preview": "What does the Linux sort command do?", "correlation_id": "01KTYEX9K8Q90J9CQDT9Z92EVM", "level": "info", "timestamp": "2026-06-12T17:43:59.801794Z"}
Authentication error: Langfuse client initialized without public_key. Client will be disabled. Provide a public_key parameter or set LANGFUSE_PUBLIC_KEY environment variable. 
{"prompt_tag": "assess_relevance@v3", "schema": "RelevanceAssessment", "tokens": 932, "event": "model_call.done", "query_preview": "What does the Linux sort command do?", "correlation_id": "01KTYEX9K8Q90J9CQDT9Z92EVM", "level": "info", "timestamp": "2026-06-12T17:44:00.154818Z"}
{"node": "assess_relevance", "responsive": true, "event": "relevance", "query_preview": "What does the Linux sort command do?", "correlation_id": "01KTYEX9K8Q90J9CQDT9Z92EVM", "level": "info", "timestamp": "2026-06-12T17:44:00.154869Z"}
{"node": "compose", "event": "start", "query_preview": "What does the Linux sort command do?", "correlation_id": "01KTYEX9K8Q90J9CQDT9Z92EVM", "level": "info", "timestamp": "2026-06-12T17:44:00.155949Z"}
Authentication error: Langfuse client initialized without public_key. Client will be disabled. Provide a public_key parameter or set LANGFUSE_PUBLIC_KEY environment variable. 
{"node": "retrieve", "query_len": 53, "event": "start", "query_preview": "According to the course, what is an operating system?", "correlation_id": "01KTYEXZWWBRVHWEX9SJKGHBGE", "level": "info", "timestamp": "2026-06-12T17:44:00.157386Z"}
{"query_len": 53, "k": 50, "event": "hybrid.start", "query_preview": "According to the course, what is an operating system?", "correlation_id": "01KTYEXZWWBRVHWEX9SJKGHBGE", "level": "info", "timestamp": "2026-06-12T17:44:00.157422Z"}
{"query_len": 53, "k": 50, "dense": 50, "bm25": 0, "fused": 50, "term": false, "event": "hybrid.done", "query_preview": "According to the course, what is an operating system?", "correlation_id": "01KTYEXZWWBRVHWEX9SJKGHBGE", "level": "info", "timestamp": "2026-06-12T17:44:00.231805Z"}
{"node": "retrieve", "candidate_count": 50, "event": "done", "query_preview": "According to the course, what is an operating system?", "correlation_id": "01KTYEXZWWBRVHWEX9SJKGHBGE", "level": "info", "timestamp": "2026-06-12T17:44:00.232780Z"}
{"node": "expand_graph", "reason": "disabled_or_empty", "event": "skip", "query_preview": "According to the course, what is an operating system?", "correlation_id": "01KTYEXZWWBRVHWEX9SJKGHBGE", "level": "info", "timestamp": "2026-06-12T17:44:00.234376Z"}
{"node": "rerank", "candidate_count": 50, "event": "start", "query_preview": "According to the course, what is an operating system?", "correlation_id": "01KTYEXZWWBRVHWEX9SJKGHBGE", "level": "info", "timestamp": "2026-06-12T17:44:00.234903Z"}
{"node": "rerank", "top_k": 5, "source": "mode", "event": "top_k_resolved", "query_preview": "According to the course, what is an operating system?", "correlation_id": "01KTYEXZWWBRVHWEX9SJKGHBGE", "level": "info", "timestamp": "2026-06-12T17:44:00.234948Z"}
{"candidates": 50, "top_k": 5, "backend": "cross_encoder", "event": "rerank.start", "query_preview": "According to the course, what is an operating system?", "correlation_id": "01KTYEXZWWBRVHWEX9SJKGHBGE", "level": "info", "timestamp": "2026-06-12T17:44:00.234971Z"}
{"candidates": 50, "top_k": 5, "backend": "cross_encoder", "returned": 5, "event": "rerank.done", "query_preview": "According to the course, what is an operating system?", "correlation_id": "01KTYEXZWWBRVHWEX9SJKGHBGE", "level": "info", "timestamp": "2026-06-12T17:44:20.763976Z"}
{"node": "rerank", "reranked_count": 5, "event": "done", "query_preview": "According to the course, what is an operating system?", "correlation_id": "01KTYEXZWWBRVHWEX9SJKGHBGE", "level": "info", "timestamp": "2026-06-12T17:44:20.764076Z"}
{"node": "query_tables", "reason": "empty_or_not_table_shaped", "event": "skip", "query_preview": "According to the course, what is an operating system?", "correlation_id": "01KTYEXZWWBRVHWEX9SJKGHBGE", "level": "info", "timestamp": "2026-06-12T17:44:20.766004Z"}
{"node": "assess", "reranked_count": 5, "event": "start", "query_preview": "According to the course, what is an operating system?", "correlation_id": "01KTYEXZWWBRVHWEX9SJKGHBGE", "level": "info", "timestamp": "2026-06-12T17:44:20.766723Z"}
{"prompt_tag": "assess_sufficiency@v4", "schema": "SufficiencyAssessment", "model": "cyankiwi/Qwen3.5-4B-AWQ-4bit", "max_tokens": 1024, "temperature": 0.1, "top_p": 0.8, "presence_penalty": 1.0, "seed": 42, "message_count": 1, "event": "model_call.start", "query_preview": "According to the course, what is an operating system?", "correlation_id": "01KTYEXZWWBRVHWEX9SJKGHBGE", "level": "info", "timestamp": "2026-06-12T17:44:20.768731Z"}
Authentication error: Langfuse client initialized without public_key. Client will be disabled. Provide a public_key parameter or set LANGFUSE_PUBLIC_KEY environment variable. 
{"prompt_tag": "assess_sufficiency@v4", "schema": "SufficiencyAssessment", "tokens": 1636, "event": "model_call.done", "query_preview": "According to the course, what is an operating system?", "correlation_id": "01KTYEXZWWBRVHWEX9SJKGHBGE", "level": "info", "timestamp": "2026-06-12T17:44:21.463310Z"}
{"node": "answer", "regenerate_attempt": 0, "event": "start", "query_preview": "According to the course, what is an operating system?", "correlation_id": "01KTYEXZWWBRVHWEX9SJKGHBGE", "level": "info", "timestamp": "2026-06-12T17:44:21.464917Z"}
{"prompt_tag": "answer@v5", "schema": "DraftAnswer", "model": "cyankiwi/Qwen3.5-4B-AWQ-4bit", "max_tokens": 1800, "temperature": 0.1, "top_p": 0.8, "presence_penalty": 1.0, "seed": 42, "message_count": 2, "event": "model_call.start", "query_preview": "According to the course, what is an operating system?", "correlation_id": "01KTYEXZWWBRVHWEX9SJKGHBGE", "level": "info", "timestamp": "2026-06-12T17:44:21.466912Z"}
Authentication error: Langfuse client initialized without public_key. Client will be disabled. Provide a public_key parameter or set LANGFUSE_PUBLIC_KEY environment variable. 
{"prompt_tag": "answer@v5", "schema": "DraftAnswer", "tokens": 3352, "event": "model_call.done", "query_preview": "According to the course, what is an operating system?", "correlation_id": "01KTYEXZWWBRVHWEX9SJKGHBGE", "level": "info", "timestamp": "2026-06-12T17:44:23.517755Z"}
{"node": "verify", "claim_count": 2, "event": "start", "query_preview": "According to the course, what is an operating system?", "correlation_id": "01KTYEXZWWBRVHWEX9SJKGHBGE", "level": "info", "timestamp": "2026-06-12T17:44:23.518886Z"}
{"prompt_tag": "verify_grounding@v2", "schema": "VerificationResult", "model": "cyankiwi/Qwen3.5-4B-AWQ-4bit", "max_tokens": 1024, "temperature": 0.1, "top_p": 0.8, "presence_penalty": 1.0, "seed": 42, "message_count": 1, "event": "model_call.start", "query_preview": "According to the course, what is an operating system?", "correlation_id": "01KTYEXZWWBRVHWEX9SJKGHBGE", "level": "info", "timestamp": "2026-06-12T17:44:23.521922Z"}
Authentication error: Langfuse client initialized without public_key. Client will be disabled. Provide a public_key parameter or set LANGFUSE_PUBLIC_KEY environment variable. 
{"prompt_tag": "verify_grounding@v2", "schema": "VerificationResult", "tokens": 1230, "event": "model_call.done", "query_preview": "According to the course, what is an operating system?", "correlation_id": "01KTYEXZWWBRVHWEX9SJKGHBGE", "level": "info", "timestamp": "2026-06-12T17:44:23.919219Z"}
{"node": "assess_relevance", "event": "start", "query_preview": "According to the course, what is an operating system?", "correlation_id": "01KTYEXZWWBRVHWEX9SJKGHBGE", "level": "info", "timestamp": "2026-06-12T17:44:23.920674Z"}
{"prompt_tag": "assess_relevance@v3", "schema": "RelevanceAssessment", "model": "cyankiwi/Qwen3.5-4B-AWQ-4bit", "max_tokens": 1024, "temperature": 0.1, "top_p": 0.8, "presence_penalty": 1.0, "seed": 42, "message_count": 1, "event": "model_call.start", "query_preview": "According to the course, what is an operating system?", "correlation_id": "01KTYEXZWWBRVHWEX9SJKGHBGE", "level": "info", "timestamp": "2026-06-12T17:44:23.921684Z"}
Authentication error: Langfuse client initialized without public_key. Client will be disabled. Provide a public_key parameter or set LANGFUSE_PUBLIC_KEY environment variable. 
{"prompt_tag": "assess_relevance@v3", "schema": "RelevanceAssessment", "tokens": 870, "event": "model_call.done", "query_preview": "According to the course, what is an operating system?", "correlation_id": "01KTYEXZWWBRVHWEX9SJKGHBGE", "level": "info", "timestamp": "2026-06-12T17:44:24.299695Z"}
{"node": "assess_relevance", "responsive": true, "event": "relevance", "query_preview": "According to the course, what is an operating system?", "correlation_id": "01KTYEXZWWBRVHWEX9SJKGHBGE", "level": "info", "timestamp": "2026-06-12T17:44:24.299749Z"}
{"node": "compose", "event": "start", "query_preview": "According to the course, what is an operating system?", "correlation_id": "01KTYEXZWWBRVHWEX9SJKGHBGE", "level": "info", "timestamp": "2026-06-12T17:44:24.301338Z"}
Authentication error: Langfuse client initialized without public_key. Client will be disabled. Provide a public_key parameter or set LANGFUSE_PUBLIC_KEY environment variable. 
{"node": "retrieve", "query_len": 112, "event": "start", "query_preview": "Instead of logging in as root, what does the course recommend for running comman", "correlation_id": "01KTYEYQFE1TM9290MBNWPWWFB", "level": "info", "timestamp": "2026-06-12T17:44:24.302962Z"}
{"query_len": 112, "k": 50, "event": "hybrid.start", "query_preview": "Instead of logging in as root, what does the course recommend for running comman", "correlation_id": "01KTYEYQFE1TM9290MBNWPWWFB", "level": "info", "timestamp": "2026-06-12T17:44:24.302995Z"}
{"query_len": 112, "k": 50, "dense": 50, "bm25": 0, "fused": 50, "term": false, "event": "hybrid.done", "query_preview": "Instead of logging in as root, what does the course recommend for running comman", "correlation_id": "01KTYEYQFE1TM9290MBNWPWWFB", "level": "info", "timestamp": "2026-06-12T17:44:24.380013Z"}
{"node": "retrieve", "candidate_count": 50, "event": "done", "query_preview": "Instead of logging in as root, what does the course recommend for running comman", "correlation_id": "01KTYEYQFE1TM9290MBNWPWWFB", "level": "info", "timestamp": "2026-06-12T17:44:24.381022Z"}
{"node": "expand_graph", "reason": "disabled_or_empty", "event": "skip", "query_preview": "Instead of logging in as root, what does the course recommend for running comman", "correlation_id": "01KTYEYQFE1TM9290MBNWPWWFB", "level": "info", "timestamp": "2026-06-12T17:44:24.382402Z"}
{"node": "rerank", "candidate_count": 50, "event": "start", "query_preview": "Instead of logging in as root, what does the course recommend for running comman", "correlation_id": "01KTYEYQFE1TM9290MBNWPWWFB", "level": "info", "timestamp": "2026-06-12T17:44:24.382877Z"}
{"node": "rerank", "top_k": 5, "source": "mode", "event": "top_k_resolved", "query_preview": "Instead of logging in as root, what does the course recommend for running comman", "correlation_id": "01KTYEYQFE1TM9290MBNWPWWFB", "level": "info", "timestamp": "2026-06-12T17:44:24.382922Z"}
{"candidates": 50, "top_k": 5, "backend": "cross_encoder", "event": "rerank.start", "query_preview": "Instead of logging in as root, what does the course recommend for running comman", "correlation_id": "01KTYEYQFE1TM9290MBNWPWWFB", "level": "info", "timestamp": "2026-06-12T17:44:24.382946Z"}
{"candidates": 50, "top_k": 5, "backend": "cross_encoder", "returned": 5, "event": "rerank.done", "query_preview": "Instead of logging in as root, what does the course recommend for running comman", "correlation_id": "01KTYEYQFE1TM9290MBNWPWWFB", "level": "info", "timestamp": "2026-06-12T17:44:42.203981Z"}
{"node": "rerank", "reranked_count": 5, "event": "done", "query_preview": "Instead of logging in as root, what does the course recommend for running comman", "correlation_id": "01KTYEYQFE1TM9290MBNWPWWFB", "level": "info", "timestamp": "2026-06-12T17:44:42.204087Z"}
{"node": "query_tables", "reason": "empty_or_not_table_shaped", "event": "skip", "query_preview": "Instead of logging in as root, what does the course recommend for running comman", "correlation_id": "01KTYEYQFE1TM9290MBNWPWWFB", "level": "info", "timestamp": "2026-06-12T17:44:42.205929Z"}
{"node": "assess", "reranked_count": 5, "event": "start", "query_preview": "Instead of logging in as root, what does the course recommend for running comman", "correlation_id": "01KTYEYQFE1TM9290MBNWPWWFB", "level": "info", "timestamp": "2026-06-12T17:44:42.206662Z"}
{"prompt_tag": "assess_sufficiency@v4", "schema": "SufficiencyAssessment", "model": "cyankiwi/Qwen3.5-4B-AWQ-4bit", "max_tokens": 1024, "temperature": 0.1, "top_p": 0.8, "presence_penalty": 1.0, "seed": 42, "message_count": 1, "event": "model_call.start", "query_preview": "Instead of logging in as root, what does the course recommend for running comman", "correlation_id": "01KTYEYQFE1TM9290MBNWPWWFB", "level": "info", "timestamp": "2026-06-12T17:44:42.208650Z"}
Authentication error: Langfuse client initialized without public_key. Client will be disabled. Provide a public_key parameter or set LANGFUSE_PUBLIC_KEY environment variable. 
{"prompt_tag": "assess_sufficiency@v4", "schema": "SufficiencyAssessment", "tokens": 1263, "event": "model_call.done", "query_preview": "Instead of logging in as root, what does the course recommend for running comman", "correlation_id": "01KTYEYQFE1TM9290MBNWPWWFB", "level": "info", "timestamp": "2026-06-12T17:44:42.770343Z"}
{"node": "answer", "regenerate_attempt": 0, "event": "start", "query_preview": "Instead of logging in as root, what does the course recommend for running comman", "correlation_id": "01KTYEYQFE1TM9290MBNWPWWFB", "level": "info", "timestamp": "2026-06-12T17:44:42.771908Z"}
{"prompt_tag": "answer@v5", "schema": "DraftAnswer", "model": "cyankiwi/Qwen3.5-4B-AWQ-4bit", "max_tokens": 1800, "temperature": 0.1, "top_p": 0.8, "presence_penalty": 1.0, "seed": 42, "message_count": 2, "event": "model_call.start", "query_preview": "Instead of logging in as root, what does the course recommend for running comman", "correlation_id": "01KTYEYQFE1TM9290MBNWPWWFB", "level": "info", "timestamp": "2026-06-12T17:44:42.773869Z"}
Authentication error: Langfuse client initialized without public_key. Client will be disabled. Provide a public_key parameter or set LANGFUSE_PUBLIC_KEY environment variable. 
{"prompt_tag": "answer@v5", "schema": "DraftAnswer", "tokens": 2902, "event": "model_call.done", "query_preview": "Instead of logging in as root, what does the course recommend for running comman", "correlation_id": "01KTYEYQFE1TM9290MBNWPWWFB", "level": "info", "timestamp": "2026-06-12T17:44:44.012134Z"}
{"node": "verify", "claim_count": 1, "event": "start", "query_preview": "Instead of logging in as root, what does the course recommend for running comman", "correlation_id": "01KTYEYQFE1TM9290MBNWPWWFB", "level": "info", "timestamp": "2026-06-12T17:44:44.013075Z"}
{"prompt_tag": "verify_grounding@v2", "schema": "VerificationResult", "model": "cyankiwi/Qwen3.5-4B-AWQ-4bit", "max_tokens": 1024, "temperature": 0.1, "top_p": 0.8, "presence_penalty": 1.0, "seed": 42, "message_count": 1, "event": "model_call.start", "query_preview": "Instead of logging in as root, what does the course recommend for running comman", "correlation_id": "01KTYEYQFE1TM9290MBNWPWWFB", "level": "info", "timestamp": "2026-06-12T17:44:44.016119Z"}
Authentication error: Langfuse client initialized without public_key. Client will be disabled. Provide a public_key parameter or set LANGFUSE_PUBLIC_KEY environment variable. 
{"prompt_tag": "verify_grounding@v2", "schema": "VerificationResult", "tokens": 1178, "event": "model_call.done", "query_preview": "Instead of logging in as root, what does the course recommend for running comman", "correlation_id": "01KTYEYQFE1TM9290MBNWPWWFB", "level": "info", "timestamp": "2026-06-12T17:44:44.379411Z"}
{"node": "assess_relevance", "event": "start", "query_preview": "Instead of logging in as root, what does the course recommend for running comman", "correlation_id": "01KTYEYQFE1TM9290MBNWPWWFB", "level": "info", "timestamp": "2026-06-12T17:44:44.380858Z"}
{"prompt_tag": "assess_relevance@v3", "schema": "RelevanceAssessment", "model": "cyankiwi/Qwen3.5-4B-AWQ-4bit", "max_tokens": 1024, "temperature": 0.1, "top_p": 0.8, "presence_penalty": 1.0, "seed": 42, "message_count": 1, "event": "model_call.start", "query_preview": "Instead of logging in as root, what does the course recommend for running comman", "correlation_id": "01KTYEYQFE1TM9290MBNWPWWFB", "level": "info", "timestamp": "2026-06-12T17:44:44.381839Z"}
Authentication error: Langfuse client initialized without public_key. Client will be disabled. Provide a public_key parameter or set LANGFUSE_PUBLIC_KEY environment variable. 
{"prompt_tag": "assess_relevance@v3", "schema": "RelevanceAssessment", "tokens": 845, "event": "model_call.done", "query_preview": "Instead of logging in as root, what does the course recommend for running comman", "correlation_id": "01KTYEYQFE1TM9290MBNWPWWFB", "level": "info", "timestamp": "2026-06-12T17:44:44.768840Z"}
{"node": "assess_relevance", "responsive": true, "event": "relevance", "query_preview": "Instead of logging in as root, what does the course recommend for running comman", "correlation_id": "01KTYEYQFE1TM9290MBNWPWWFB", "level": "info", "timestamp": "2026-06-12T17:44:44.768891Z"}
{"node": "compose", "event": "start", "query_preview": "Instead of logging in as root, what does the course recommend for running comman", "correlation_id": "01KTYEYQFE1TM9290MBNWPWWFB", "level": "info", "timestamp": "2026-06-12T17:44:44.770388Z"}
Authentication error: Langfuse client initialized without public_key. Client will be disabled. Provide a public_key parameter or set LANGFUSE_PUBLIC_KEY environment variable. 
{"node": "retrieve", "query_len": 53, "event": "start", "query_preview": "Are file and directory names case sensitive in Linux?", "correlation_id": "01KTYEZBF3GBSR321JAB2FZK4W", "level": "info", "timestamp": "2026-06-12T17:44:44.772143Z"}
{"query_len": 53, "k": 50, "event": "hybrid.start", "query_preview": "Are file and directory names case sensitive in Linux?", "correlation_id": "01KTYEZBF3GBSR321JAB2FZK4W", "level": "info", "timestamp": "2026-06-12T17:44:44.772179Z"}
{"query_len": 53, "k": 50, "dense": 50, "bm25": 0, "fused": 50, "term": false, "event": "hybrid.done", "query_preview": "Are file and directory names case sensitive in Linux?", "correlation_id": "01KTYEZBF3GBSR321JAB2FZK4W", "level": "info", "timestamp": "2026-06-12T17:44:44.849414Z"}
{"node": "retrieve", "candidate_count": 50, "event": "done", "query_preview": "Are file and directory names case sensitive in Linux?", "correlation_id": "01KTYEZBF3GBSR321JAB2FZK4W", "level": "info", "timestamp": "2026-06-12T17:44:44.850382Z"}
{"node": "expand_graph", "reason": "disabled_or_empty", "event": "skip", "query_preview": "Are file and directory names case sensitive in Linux?", "correlation_id": "01KTYEZBF3GBSR321JAB2FZK4W", "level": "info", "timestamp": "2026-06-12T17:44:44.851652Z"}
{"node": "rerank", "candidate_count": 50, "event": "start", "query_preview": "Are file and directory names case sensitive in Linux?", "correlation_id": "01KTYEZBF3GBSR321JAB2FZK4W", "level": "info", "timestamp": "2026-06-12T17:44:44.852141Z"}
{"node": "rerank", "top_k": 5, "source": "mode", "event": "top_k_resolved", "query_preview": "Are file and directory names case sensitive in Linux?", "correlation_id": "01KTYEZBF3GBSR321JAB2FZK4W", "level": "info", "timestamp": "2026-06-12T17:44:44.852188Z"}
{"candidates": 50, "top_k": 5, "backend": "cross_encoder", "event": "rerank.start", "query_preview": "Are file and directory names case sensitive in Linux?", "correlation_id": "01KTYEZBF3GBSR321JAB2FZK4W", "level": "info", "timestamp": "2026-06-12T17:44:44.852211Z"}
{"candidates": 50, "top_k": 5, "backend": "cross_encoder", "returned": 5, "event": "rerank.done", "query_preview": "Are file and directory names case sensitive in Linux?", "correlation_id": "01KTYEZBF3GBSR321JAB2FZK4W", "level": "info", "timestamp": "2026-06-12T17:44:58.436102Z"}
{"node": "rerank", "reranked_count": 5, "event": "done", "query_preview": "Are file and directory names case sensitive in Linux?", "correlation_id": "01KTYEZBF3GBSR321JAB2FZK4W", "level": "info", "timestamp": "2026-06-12T17:44:58.436195Z"}
{"node": "query_tables", "reason": "empty_or_not_table_shaped", "event": "skip", "query_preview": "Are file and directory names case sensitive in Linux?", "correlation_id": "01KTYEZBF3GBSR321JAB2FZK4W", "level": "info", "timestamp": "2026-06-12T17:44:58.438061Z"}
{"node": "assess", "reranked_count": 5, "event": "start", "query_preview": "Are file and directory names case sensitive in Linux?", "correlation_id": "01KTYEZBF3GBSR321JAB2FZK4W", "level": "info", "timestamp": "2026-06-12T17:44:58.438789Z"}
{"prompt_tag": "assess_sufficiency@v4", "schema": "SufficiencyAssessment", "model": "cyankiwi/Qwen3.5-4B-AWQ-4bit", "max_tokens": 1024, "temperature": 0.1, "top_p": 0.8, "presence_penalty": 1.0, "seed": 42, "message_count": 1, "event": "model_call.start", "query_preview": "Are file and directory names case sensitive in Linux?", "correlation_id": "01KTYEZBF3GBSR321JAB2FZK4W", "level": "info", "timestamp": "2026-06-12T17:44:58.440716Z"}
Authentication error: Langfuse client initialized without public_key. Client will be disabled. Provide a public_key parameter or set LANGFUSE_PUBLIC_KEY environment variable. 
{"prompt_tag": "assess_sufficiency@v4", "schema": "SufficiencyAssessment", "tokens": 1256, "event": "model_call.done", "query_preview": "Are file and directory names case sensitive in Linux?", "correlation_id": "01KTYEZBF3GBSR321JAB2FZK4W", "level": "info", "timestamp": "2026-06-12T17:44:59.039984Z"}
{"node": "answer", "regenerate_attempt": 0, "event": "start", "query_preview": "Are file and directory names case sensitive in Linux?", "correlation_id": "01KTYEZBF3GBSR321JAB2FZK4W", "level": "info", "timestamp": "2026-06-12T17:44:59.041548Z"}
{"prompt_tag": "answer@v5", "schema": "DraftAnswer", "model": "cyankiwi/Qwen3.5-4B-AWQ-4bit", "max_tokens": 1800, "temperature": 0.1, "top_p": 0.8, "presence_penalty": 1.0, "seed": 42, "message_count": 2, "event": "model_call.start", "query_preview": "Are file and directory names case sensitive in Linux?", "correlation_id": "01KTYEZBF3GBSR321JAB2FZK4W", "level": "info", "timestamp": "2026-06-12T17:44:59.043549Z"}
Authentication error: Langfuse client initialized without public_key. Client will be disabled. Provide a public_key parameter or set LANGFUSE_PUBLIC_KEY environment variable. 
{"prompt_tag": "answer@v5", "schema": "DraftAnswer", "tokens": 2917, "event": "model_call.done", "query_preview": "Are file and directory names case sensitive in Linux?", "correlation_id": "01KTYEZBF3GBSR321JAB2FZK4W", "level": "info", "timestamp": "2026-06-12T17:45:00.528456Z"}
{"node": "verify", "claim_count": 1, "event": "start", "query_preview": "Are file and directory names case sensitive in Linux?", "correlation_id": "01KTYEZBF3GBSR321JAB2FZK4W", "level": "info", "timestamp": "2026-06-12T17:45:00.529254Z"}
{"prompt_tag": "verify_grounding@v2", "schema": "VerificationResult", "model": "cyankiwi/Qwen3.5-4B-AWQ-4bit", "max_tokens": 1024, "temperature": 0.1, "top_p": 0.8, "presence_penalty": 1.0, "seed": 42, "message_count": 1, "event": "model_call.start", "query_preview": "Are file and directory names case sensitive in Linux?", "correlation_id": "01KTYEZBF3GBSR321JAB2FZK4W", "level": "info", "timestamp": "2026-06-12T17:45:00.532306Z"}
Authentication error: Langfuse client initialized without public_key. Client will be disabled. Provide a public_key parameter or set LANGFUSE_PUBLIC_KEY environment variable. 
{"prompt_tag": "verify_grounding@v2", "schema": "VerificationResult", "tokens": 1187, "event": "model_call.done", "query_preview": "Are file and directory names case sensitive in Linux?", "correlation_id": "01KTYEZBF3GBSR321JAB2FZK4W", "level": "info", "timestamp": "2026-06-12T17:45:00.895740Z"}
{"node": "assess_relevance", "event": "start", "query_preview": "Are file and directory names case sensitive in Linux?", "correlation_id": "01KTYEZBF3GBSR321JAB2FZK4W", "level": "info", "timestamp": "2026-06-12T17:45:00.896962Z"}
{"prompt_tag": "assess_relevance@v3", "schema": "RelevanceAssessment", "model": "cyankiwi/Qwen3.5-4B-AWQ-4bit", "max_tokens": 1024, "temperature": 0.1, "top_p": 0.8, "presence_penalty": 1.0, "seed": 42, "message_count": 1, "event": "model_call.start", "query_preview": "Are file and directory names case sensitive in Linux?", "correlation_id": "01KTYEZBF3GBSR321JAB2FZK4W", "level": "info", "timestamp": "2026-06-12T17:45:00.897999Z"}
Authentication error: Langfuse client initialized without public_key. Client will be disabled. Provide a public_key parameter or set LANGFUSE_PUBLIC_KEY environment variable. 
{"prompt_tag": "assess_relevance@v3", "schema": "RelevanceAssessment", "tokens": 855, "event": "model_call.done", "query_preview": "Are file and directory names case sensitive in Linux?", "correlation_id": "01KTYEZBF3GBSR321JAB2FZK4W", "level": "info", "timestamp": "2026-06-12T17:45:01.274032Z"}
{"node": "assess_relevance", "responsive": true, "event": "relevance", "query_preview": "Are file and directory names case sensitive in Linux?", "correlation_id": "01KTYEZBF3GBSR321JAB2FZK4W", "level": "info", "timestamp": "2026-06-12T17:45:01.274092Z"}
{"node": "compose", "event": "start", "query_preview": "Are file and directory names case sensitive in Linux?", "correlation_id": "01KTYEZBF3GBSR321JAB2FZK4W", "level": "info", "timestamp": "2026-06-12T17:45:01.275141Z"}
Authentication error: Langfuse client initialized without public_key. Client will be disabled. Provide a public_key parameter or set LANGFUSE_PUBLIC_KEY environment variable. 
{"node": "retrieve", "query_len": 41, "event": "start", "query_preview": "What are the two kinds of links in Linux?", "correlation_id": "01KTYEZVJV1ZZHW1AYX5CY004A", "level": "info", "timestamp": "2026-06-12T17:45:01.276635Z"}
{"query_len": 41, "k": 50, "event": "hybrid.start", "query_preview": "What are the two kinds of links in Linux?", "correlation_id": "01KTYEZVJV1ZZHW1AYX5CY004A", "level": "info", "timestamp": "2026-06-12T17:45:01.276671Z"}
{"query_len": 41, "k": 50, "dense": 50, "bm25": 0, "fused": 50, "term": false, "event": "hybrid.done", "query_preview": "What are the two kinds of links in Linux?", "correlation_id": "01KTYEZVJV1ZZHW1AYX5CY004A", "level": "info", "timestamp": "2026-06-12T17:45:01.352295Z"}
{"node": "retrieve", "candidate_count": 50, "event": "done", "query_preview": "What are the two kinds of links in Linux?", "correlation_id": "01KTYEZVJV1ZZHW1AYX5CY004A", "level": "info", "timestamp": "2026-06-12T17:45:01.353600Z"}
{"node": "expand_graph", "reason": "disabled_or_empty", "event": "skip", "query_preview": "What are the two kinds of links in Linux?", "correlation_id": "01KTYEZVJV1ZZHW1AYX5CY004A", "level": "info", "timestamp": "2026-06-12T17:45:01.355166Z"}
{"node": "rerank", "candidate_count": 50, "event": "start", "query_preview": "What are the two kinds of links in Linux?", "correlation_id": "01KTYEZVJV1ZZHW1AYX5CY004A", "level": "info", "timestamp": "2026-06-12T17:45:01.355784Z"}
{"node": "rerank", "top_k": 5, "source": "mode", "event": "top_k_resolved", "query_preview": "What are the two kinds of links in Linux?", "correlation_id": "01KTYEZVJV1ZZHW1AYX5CY004A", "level": "info", "timestamp": "2026-06-12T17:45:01.355844Z"}
{"candidates": 50, "top_k": 5, "backend": "cross_encoder", "event": "rerank.start", "query_preview": "What are the two kinds of links in Linux?", "correlation_id": "01KTYEZVJV1ZZHW1AYX5CY004A", "level": "info", "timestamp": "2026-06-12T17:45:01.355879Z"}
{"candidates": 50, "top_k": 5, "backend": "cross_encoder", "returned": 5, "event": "rerank.done", "query_preview": "What are the two kinds of links in Linux?", "correlation_id": "01KTYEZVJV1ZZHW1AYX5CY004A", "level": "info", "timestamp": "2026-06-12T17:45:18.244194Z"}
{"node": "rerank", "reranked_count": 5, "event": "done", "query_preview": "What are the two kinds of links in Linux?", "correlation_id": "01KTYEZVJV1ZZHW1AYX5CY004A", "level": "info", "timestamp": "2026-06-12T17:45:18.244300Z"}
{"node": "query_tables", "reason": "empty_or_not_table_shaped", "event": "skip", "query_preview": "What are the two kinds of links in Linux?", "correlation_id": "01KTYEZVJV1ZZHW1AYX5CY004A", "level": "info", "timestamp": "2026-06-12T17:45:18.246589Z"}
{"node": "assess", "reranked_count": 5, "event": "start", "query_preview": "What are the two kinds of links in Linux?", "correlation_id": "01KTYEZVJV1ZZHW1AYX5CY004A", "level": "info", "timestamp": "2026-06-12T17:45:18.247337Z"}
{"prompt_tag": "assess_sufficiency@v4", "schema": "SufficiencyAssessment", "model": "cyankiwi/Qwen3.5-4B-AWQ-4bit", "max_tokens": 1024, "temperature": 0.1, "top_p": 0.8, "presence_penalty": 1.0, "seed": 42, "message_count": 1, "event": "model_call.start", "query_preview": "What are the two kinds of links in Linux?", "correlation_id": "01KTYEZVJV1ZZHW1AYX5CY004A", "level": "info", "timestamp": "2026-06-12T17:45:18.249290Z"}
Authentication error: Langfuse client initialized without public_key. Client will be disabled. Provide a public_key parameter or set LANGFUSE_PUBLIC_KEY environment variable. 
{"prompt_tag": "assess_sufficiency@v4", "schema": "SufficiencyAssessment", "tokens": 1436, "event": "model_call.done", "query_preview": "What are the two kinds of links in Linux?", "correlation_id": "01KTYEZVJV1ZZHW1AYX5CY004A", "level": "info", "timestamp": "2026-06-12T17:45:18.866662Z"}
{"node": "answer", "regenerate_attempt": 0, "event": "start", "query_preview": "What are the two kinds of links in Linux?", "correlation_id": "01KTYEZVJV1ZZHW1AYX5CY004A", "level": "info", "timestamp": "2026-06-12T17:45:18.867776Z"}
{"prompt_tag": "answer@v5", "schema": "DraftAnswer", "model": "cyankiwi/Qwen3.5-4B-AWQ-4bit", "max_tokens": 1800, "temperature": 0.1, "top_p": 0.8, "presence_penalty": 1.0, "seed": 42, "message_count": 2, "event": "model_call.start", "query_preview": "What are the two kinds of links in Linux?", "correlation_id": "01KTYEZVJV1ZZHW1AYX5CY004A", "level": "info", "timestamp": "2026-06-12T17:45:18.869752Z"}
Authentication error: Langfuse client initialized without public_key. Client will be disabled. Provide a public_key parameter or set LANGFUSE_PUBLIC_KEY environment variable. 
{"prompt_tag": "answer@v5", "schema": "DraftAnswer", "tokens": 3062, "event": "model_call.done", "query_preview": "What are the two kinds of links in Linux?", "correlation_id": "01KTYEZVJV1ZZHW1AYX5CY004A", "level": "info", "timestamp": "2026-06-12T17:45:20.043846Z"}
{"node": "verify", "claim_count": 1, "event": "start", "query_preview": "What are the two kinds of links in Linux?", "correlation_id": "01KTYEZVJV1ZZHW1AYX5CY004A", "level": "info", "timestamp": "2026-06-12T17:45:20.044727Z"}
{"prompt_tag": "verify_grounding@v2", "schema": "VerificationResult", "model": "cyankiwi/Qwen3.5-4B-AWQ-4bit", "max_tokens": 1024, "temperature": 0.1, "top_p": 0.8, "presence_penalty": 1.0, "seed": 42, "message_count": 1, "event": "model_call.start", "query_preview": "What are the two kinds of links in Linux?", "correlation_id": "01KTYEZVJV1ZZHW1AYX5CY004A", "level": "info", "timestamp": "2026-06-12T17:45:20.047729Z"}
Authentication error: Langfuse client initialized without public_key. Client will be disabled. Provide a public_key parameter or set LANGFUSE_PUBLIC_KEY environment variable. 
{"prompt_tag": "verify_grounding@v2", "schema": "VerificationResult", "tokens": 1352, "event": "model_call.done", "query_preview": "What are the two kinds of links in Linux?", "correlation_id": "01KTYEZVJV1ZZHW1AYX5CY004A", "level": "info", "timestamp": "2026-06-12T17:45:20.434790Z"}
{"node": "assess_relevance", "event": "start", "query_preview": "What are the two kinds of links in Linux?", "correlation_id": "01KTYEZVJV1ZZHW1AYX5CY004A", "level": "info", "timestamp": "2026-06-12T17:45:20.435986Z"}
{"prompt_tag": "assess_relevance@v3", "schema": "RelevanceAssessment", "model": "cyankiwi/Qwen3.5-4B-AWQ-4bit", "max_tokens": 1024, "temperature": 0.1, "top_p": 0.8, "presence_penalty": 1.0, "seed": 42, "message_count": 1, "event": "model_call.start", "query_preview": "What are the two kinds of links in Linux?", "correlation_id": "01KTYEZVJV1ZZHW1AYX5CY004A", "level": "info", "timestamp": "2026-06-12T17:45:20.436972Z"}
Authentication error: Langfuse client initialized without public_key. Client will be disabled. Provide a public_key parameter or set LANGFUSE_PUBLIC_KEY environment variable. 
{"prompt_tag": "assess_relevance@v3", "schema": "RelevanceAssessment", "tokens": 829, "event": "model_call.done", "query_preview": "What are the two kinds of links in Linux?", "correlation_id": "01KTYEZVJV1ZZHW1AYX5CY004A", "level": "info", "timestamp": "2026-06-12T17:45:20.834222Z"}
{"node": "assess_relevance", "responsive": true, "event": "relevance", "query_preview": "What are the two kinds of links in Linux?", "correlation_id": "01KTYEZVJV1ZZHW1AYX5CY004A", "level": "info", "timestamp": "2026-06-12T17:45:20.834273Z"}
{"node": "compose", "event": "start", "query_preview": "What are the two kinds of links in Linux?", "correlation_id": "01KTYEZVJV1ZZHW1AYX5CY004A", "level": "info", "timestamp": "2026-06-12T17:45:20.835411Z"}
Authentication error: Langfuse client initialized without public_key. Client will be disabled. Provide a public_key parameter or set LANGFUSE_PUBLIC_KEY environment variable. 
{"node": "retrieve", "query_len": 89, "event": "start", "query_preview": "What does the GNU General Public License version 2 (GPLv2) require regarding sou", "correlation_id": "01KTYF0EP30T23NGKTW2SVT41N", "level": "info", "timestamp": "2026-06-12T17:45:20.836979Z"}
{"query_len": 89, "k": 50, "event": "hybrid.start", "query_preview": "What does the GNU General Public License version 2 (GPLv2) require regarding sou", "correlation_id": "01KTYF0EP30T23NGKTW2SVT41N", "level": "info", "timestamp": "2026-06-12T17:45:20.837025Z"}
{"query_len": 89, "k": 50, "dense": 50, "bm25": 0, "fused": 50, "term": false, "event": "hybrid.done", "query_preview": "What does the GNU General Public License version 2 (GPLv2) require regarding sou", "correlation_id": "01KTYF0EP30T23NGKTW2SVT41N", "level": "info", "timestamp": "2026-06-12T17:45:20.905502Z"}
{"node": "retrieve", "candidate_count": 50, "event": "done", "query_preview": "What does the GNU General Public License version 2 (GPLv2) require regarding sou", "correlation_id": "01KTYF0EP30T23NGKTW2SVT41N", "level": "info", "timestamp": "2026-06-12T17:45:20.906396Z"}
{"node": "expand_graph", "reason": "disabled_or_empty", "event": "skip", "query_preview": "What does the GNU General Public License version 2 (GPLv2) require regarding sou", "correlation_id": "01KTYF0EP30T23NGKTW2SVT41N", "level": "info", "timestamp": "2026-06-12T17:45:20.907654Z"}
{"node": "rerank", "candidate_count": 50, "event": "start", "query_preview": "What does the GNU General Public License version 2 (GPLv2) require regarding sou", "correlation_id": "01KTYF0EP30T23NGKTW2SVT41N", "level": "info", "timestamp": "2026-06-12T17:45:20.908137Z"}
{"node": "rerank", "top_k": 5, "source": "mode", "event": "top_k_resolved", "query_preview": "What does the GNU General Public License version 2 (GPLv2) require regarding sou", "correlation_id": "01KTYF0EP30T23NGKTW2SVT41N", "level": "info", "timestamp": "2026-06-12T17:45:20.908183Z"}
{"candidates": 50, "top_k": 5, "backend": "cross_encoder", "event": "rerank.start", "query_preview": "What does the GNU General Public License version 2 (GPLv2) require regarding sou", "correlation_id": "01KTYF0EP30T23NGKTW2SVT41N", "level": "info", "timestamp": "2026-06-12T17:45:20.908205Z"}
{"candidates": 50, "top_k": 5, "backend": "cross_encoder", "returned": 5, "event": "rerank.done", "query_preview": "What does the GNU General Public License version 2 (GPLv2) require regarding sou", "correlation_id": "01KTYF0EP30T23NGKTW2SVT41N", "level": "info", "timestamp": "2026-06-12T17:45:40.846249Z"}
{"node": "rerank", "reranked_count": 5, "event": "done", "query_preview": "What does the GNU General Public License version 2 (GPLv2) require regarding sou", "correlation_id": "01KTYF0EP30T23NGKTW2SVT41N", "level": "info", "timestamp": "2026-06-12T17:45:40.846325Z"}
{"node": "query_tables", "reason": "empty_or_not_table_shaped", "event": "skip", "query_preview": "What does the GNU General Public License version 2 (GPLv2) require regarding sou", "correlation_id": "01KTYF0EP30T23NGKTW2SVT41N", "level": "info", "timestamp": "2026-06-12T17:45:40.847729Z"}
{"node": "assess", "reranked_count": 5, "event": "start", "query_preview": "What does the GNU General Public License version 2 (GPLv2) require regarding sou", "correlation_id": "01KTYF0EP30T23NGKTW2SVT41N", "level": "info", "timestamp": "2026-06-12T17:45:40.848260Z"}
{"prompt_tag": "assess_sufficiency@v4", "schema": "SufficiencyAssessment", "model": "cyankiwi/Qwen3.5-4B-AWQ-4bit", "max_tokens": 1024, "temperature": 0.1, "top_p": 0.8, "presence_penalty": 1.0, "seed": 42, "message_count": 1, "event": "model_call.start", "query_preview": "What does the GNU General Public License version 2 (GPLv2) require regarding sou", "correlation_id": "01KTYF0EP30T23NGKTW2SVT41N", "level": "info", "timestamp": "2026-06-12T17:45:40.849749Z"}
Authentication error: Langfuse client initialized without public_key. Client will be disabled. Provide a public_key parameter or set LANGFUSE_PUBLIC_KEY environment variable. 
{"prompt_tag": "assess_sufficiency@v4", "schema": "SufficiencyAssessment", "tokens": 1606, "event": "model_call.done", "query_preview": "What does the GNU General Public License version 2 (GPLv2) require regarding sou", "correlation_id": "01KTYF0EP30T23NGKTW2SVT41N", "level": "info", "timestamp": "2026-06-12T17:45:41.481030Z"}
{"node": "answer", "regenerate_attempt": 0, "event": "start", "query_preview": "What does the GNU General Public License version 2 (GPLv2) require regarding sou", "correlation_id": "01KTYF0EP30T23NGKTW2SVT41N", "level": "info", "timestamp": "2026-06-12T17:45:41.482212Z"}
{"prompt_tag": "answer@v5", "schema": "DraftAnswer", "model": "cyankiwi/Qwen3.5-4B-AWQ-4bit", "max_tokens": 1800, "temperature": 0.1, "top_p": 0.8, "presence_penalty": 1.0, "seed": 42, "message_count": 2, "event": "model_call.start", "query_preview": "What does the GNU General Public License version 2 (GPLv2) require regarding sou", "correlation_id": "01KTYF0EP30T23NGKTW2SVT41N", "level": "info", "timestamp": "2026-06-12T17:45:41.484247Z"}
Authentication error: Langfuse client initialized without public_key. Client will be disabled. Provide a public_key parameter or set LANGFUSE_PUBLIC_KEY environment variable. 
{"prompt_tag": "answer@v5", "schema": "DraftAnswer", "tokens": 3291, "event": "model_call.done", "query_preview": "What does the GNU General Public License version 2 (GPLv2) require regarding sou", "correlation_id": "01KTYF0EP30T23NGKTW2SVT41N", "level": "info", "timestamp": "2026-06-12T17:45:43.192724Z"}
{"node": "verify", "claim_count": 1, "event": "start", "query_preview": "What does the GNU General Public License version 2 (GPLv2) require regarding sou", "correlation_id": "01KTYF0EP30T23NGKTW2SVT41N", "level": "info", "timestamp": "2026-06-12T17:45:43.193586Z"}
{"prompt_tag": "verify_grounding@v2", "schema": "VerificationResult", "model": "cyankiwi/Qwen3.5-4B-AWQ-4bit", "max_tokens": 1024, "temperature": 0.1, "top_p": 0.8, "presence_penalty": 1.0, "seed": 42, "message_count": 1, "event": "model_call.start", "query_preview": "What does the GNU General Public License version 2 (GPLv2) require regarding sou", "correlation_id": "01KTYF0EP30T23NGKTW2SVT41N", "level": "info", "timestamp": "2026-06-12T17:45:43.196572Z"}
Authentication error: Langfuse client initialized without public_key. Client will be disabled. Provide a public_key parameter or set LANGFUSE_PUBLIC_KEY environment variable. 
{"prompt_tag": "verify_grounding@v2", "schema": "VerificationResult", "tokens": 1550, "event": "model_call.done", "query_preview": "What does the GNU General Public License version 2 (GPLv2) require regarding sou", "correlation_id": "01KTYF0EP30T23NGKTW2SVT41N", "level": "info", "timestamp": "2026-06-12T17:45:43.612628Z"}
{"node": "assess_relevance", "event": "start", "query_preview": "What does the GNU General Public License version 2 (GPLv2) require regarding sou", "correlation_id": "01KTYF0EP30T23NGKTW2SVT41N", "level": "info", "timestamp": "2026-06-12T17:45:43.613780Z"}
{"prompt_tag": "assess_relevance@v3", "schema": "RelevanceAssessment", "model": "cyankiwi/Qwen3.5-4B-AWQ-4bit", "max_tokens": 1024, "temperature": 0.1, "top_p": 0.8, "presence_penalty": 1.0, "seed": 42, "message_count": 1, "event": "model_call.start", "query_preview": "What does the GNU General Public License version 2 (GPLv2) require regarding sou", "correlation_id": "01KTYF0EP30T23NGKTW2SVT41N", "level": "info", "timestamp": "2026-06-12T17:45:43.614755Z"}
Authentication error: Langfuse client initialized without public_key. Client will be disabled. Provide a public_key parameter or set LANGFUSE_PUBLIC_KEY environment variable. 
{"prompt_tag": "assess_relevance@v3", "schema": "RelevanceAssessment", "tokens": 881, "event": "model_call.done", "query_preview": "What does the GNU General Public License version 2 (GPLv2) require regarding sou", "correlation_id": "01KTYF0EP30T23NGKTW2SVT41N", "level": "info", "timestamp": "2026-06-12T17:45:43.984759Z"}
{"node": "assess_relevance", "responsive": true, "event": "relevance", "query_preview": "What does the GNU General Public License version 2 (GPLv2) require regarding sou", "correlation_id": "01KTYF0EP30T23NGKTW2SVT41N", "level": "info", "timestamp": "2026-06-12T17:45:43.984811Z"}
{"node": "compose", "event": "start", "query_preview": "What does the GNU General Public License version 2 (GPLv2) require regarding sou", "correlation_id": "01KTYF0EP30T23NGKTW2SVT41N", "level": "info", "timestamp": "2026-06-12T17:45:43.986333Z"}
Authentication error: Langfuse client initialized without public_key. Client will be disabled. Provide a public_key parameter or set LANGFUSE_PUBLIC_KEY environment variable. 
{"node": "retrieve", "query_len": 72, "event": "start", "query_preview": "Which commands does the course list as reading from the /proc directory?", "correlation_id": "01KTYF159JZCZDCQ1801KQXTV4", "level": "info", "timestamp": "2026-06-12T17:45:43.987962Z"}
{"query_len": 72, "k": 50, "event": "hybrid.start", "query_preview": "Which commands does the course list as reading from the /proc directory?", "correlation_id": "01KTYF159JZCZDCQ1801KQXTV4", "level": "info", "timestamp": "2026-06-12T17:45:43.987996Z"}
{"query_len": 72, "k": 50, "dense": 50, "bm25": 0, "fused": 50, "term": false, "event": "hybrid.done", "query_preview": "Which commands does the course list as reading from the /proc directory?", "correlation_id": "01KTYF159JZCZDCQ1801KQXTV4", "level": "info", "timestamp": "2026-06-12T17:45:44.057528Z"}
{"node": "retrieve", "candidate_count": 50, "event": "done", "query_preview": "Which commands does the course list as reading from the /proc directory?", "correlation_id": "01KTYF159JZCZDCQ1801KQXTV4", "level": "info", "timestamp": "2026-06-12T17:45:44.058861Z"}
{"node": "expand_graph", "reason": "disabled_or_empty", "event": "skip", "query_preview": "Which commands does the course list as reading from the /proc directory?", "correlation_id": "01KTYF159JZCZDCQ1801KQXTV4", "level": "info", "timestamp": "2026-06-12T17:45:44.060432Z"}
{"node": "rerank", "candidate_count": 50, "event": "start", "query_preview": "Which commands does the course list as reading from the /proc directory?", "correlation_id": "01KTYF159JZCZDCQ1801KQXTV4", "level": "info", "timestamp": "2026-06-12T17:45:44.061020Z"}
{"node": "rerank", "top_k": 5, "source": "mode", "event": "top_k_resolved", "query_preview": "Which commands does the course list as reading from the /proc directory?", "correlation_id": "01KTYF159JZCZDCQ1801KQXTV4", "level": "info", "timestamp": "2026-06-12T17:45:44.061080Z"}
{"candidates": 50, "top_k": 5, "backend": "cross_encoder", "event": "rerank.start", "query_preview": "Which commands does the course list as reading from the /proc directory?", "correlation_id": "01KTYF159JZCZDCQ1801KQXTV4", "level": "info", "timestamp": "2026-06-12T17:45:44.061114Z"}
{"candidates": 50, "top_k": 5, "backend": "cross_encoder", "returned": 5, "event": "rerank.done", "query_preview": "Which commands does the course list as reading from the /proc directory?", "correlation_id": "01KTYF159JZCZDCQ1801KQXTV4", "level": "info", "timestamp": "2026-06-12T17:46:01.934667Z"}
{"node": "rerank", "reranked_count": 5, "event": "done", "query_preview": "Which commands does the course list as reading from the /proc directory?", "correlation_id": "01KTYF159JZCZDCQ1801KQXTV4", "level": "info", "timestamp": "2026-06-12T17:46:01.934774Z"}
{"node": "query_tables", "reason": "empty_or_not_table_shaped", "event": "skip", "query_preview": "Which commands does the course list as reading from the /proc directory?", "correlation_id": "01KTYF159JZCZDCQ1801KQXTV4", "level": "info", "timestamp": "2026-06-12T17:46:01.936723Z"}
{"node": "assess", "reranked_count": 5, "event": "start", "query_preview": "Which commands does the course list as reading from the /proc directory?", "correlation_id": "01KTYF159JZCZDCQ1801KQXTV4", "level": "info", "timestamp": "2026-06-12T17:46:01.937324Z"}
{"prompt_tag": "assess_sufficiency@v4", "schema": "SufficiencyAssessment", "model": "cyankiwi/Qwen3.5-4B-AWQ-4bit", "max_tokens": 1024, "temperature": 0.1, "top_p": 0.8, "presence_penalty": 1.0, "seed": 42, "message_count": 1, "event": "model_call.start", "query_preview": "Which commands does the course list as reading from the /proc directory?", "correlation_id": "01KTYF159JZCZDCQ1801KQXTV4", "level": "info", "timestamp": "2026-06-12T17:46:01.938776Z"}
Authentication error: Langfuse client initialized without public_key. Client will be disabled. Provide a public_key parameter or set LANGFUSE_PUBLIC_KEY environment variable. 
{"prompt_tag": "assess_sufficiency@v4", "schema": "SufficiencyAssessment", "tokens": 1652, "event": "model_call.done", "query_preview": "Which commands does the course list as reading from the /proc directory?", "correlation_id": "01KTYF159JZCZDCQ1801KQXTV4", "level": "info", "timestamp": "2026-06-12T17:46:02.633569Z"}
{"node": "answer", "regenerate_attempt": 0, "event": "start", "query_preview": "Which commands does the course list as reading from the /proc directory?", "correlation_id": "01KTYF159JZCZDCQ1801KQXTV4", "level": "info", "timestamp": "2026-06-12T17:46:02.634809Z"}
{"prompt_tag": "answer@v5", "schema": "DraftAnswer", "model": "cyankiwi/Qwen3.5-4B-AWQ-4bit", "max_tokens": 1800, "temperature": 0.1, "top_p": 0.8, "presence_penalty": 1.0, "seed": 42, "message_count": 2, "event": "model_call.start", "query_preview": "Which commands does the course list as reading from the /proc directory?", "correlation_id": "01KTYF159JZCZDCQ1801KQXTV4", "level": "info", "timestamp": "2026-06-12T17:46:02.636799Z"}
Authentication error: Langfuse client initialized without public_key. Client will be disabled. Provide a public_key parameter or set LANGFUSE_PUBLIC_KEY environment variable. 
{"prompt_tag": "answer@v5", "schema": "DraftAnswer", "tokens": 3284, "event": "model_call.done", "query_preview": "Which commands does the course list as reading from the /proc directory?", "correlation_id": "01KTYF159JZCZDCQ1801KQXTV4", "level": "info", "timestamp": "2026-06-12T17:46:03.942031Z"}
{"node": "verify", "claim_count": 1, "event": "start", "query_preview": "Which commands does the course list as reading from the /proc directory?", "correlation_id": "01KTYF159JZCZDCQ1801KQXTV4", "level": "info", "timestamp": "2026-06-12T17:46:03.942925Z"}
{"prompt_tag": "verify_grounding@v2", "schema": "VerificationResult", "model": "cyankiwi/Qwen3.5-4B-AWQ-4bit", "max_tokens": 1024, "temperature": 0.1, "top_p": 0.8, "presence_penalty": 1.0, "seed": 42, "message_count": 1, "event": "model_call.start", "query_preview": "Which commands does the course list as reading from the /proc directory?", "correlation_id": "01KTYF159JZCZDCQ1801KQXTV4", "level": "info", "timestamp": "2026-06-12T17:46:03.945929Z"}
Authentication error: Langfuse client initialized without public_key. Client will be disabled. Provide a public_key parameter or set LANGFUSE_PUBLIC_KEY environment variable. 
{"prompt_tag": "verify_grounding@v2", "schema": "VerificationResult", "tokens": 1567, "event": "model_call.done", "query_preview": "Which commands does the course list as reading from the /proc directory?", "correlation_id": "01KTYF159JZCZDCQ1801KQXTV4", "level": "info", "timestamp": "2026-06-12T17:46:04.363481Z"}
{"node": "assess_relevance", "event": "start", "query_preview": "Which commands does the course list as reading from the /proc directory?", "correlation_id": "01KTYF159JZCZDCQ1801KQXTV4", "level": "info", "timestamp": "2026-06-12T17:46:04.366480Z"}
{"prompt_tag": "assess_relevance@v3", "schema": "RelevanceAssessment", "model": "cyankiwi/Qwen3.5-4B-AWQ-4bit", "max_tokens": 1024, "temperature": 0.1, "top_p": 0.8, "presence_penalty": 1.0, "seed": 42, "message_count": 1, "event": "model_call.start", "query_preview": "Which commands does the course list as reading from the /proc directory?", "correlation_id": "01KTYF159JZCZDCQ1801KQXTV4", "level": "info", "timestamp": "2026-06-12T17:46:04.367479Z"}
Authentication error: Langfuse client initialized without public_key. Client will be disabled. Provide a public_key parameter or set LANGFUSE_PUBLIC_KEY environment variable. 
{"prompt_tag": "assess_relevance@v3", "schema": "RelevanceAssessment", "tokens": 834, "event": "model_call.done", "query_preview": "Which commands does the course list as reading from the /proc directory?", "correlation_id": "01KTYF159JZCZDCQ1801KQXTV4", "level": "info", "timestamp": "2026-06-12T17:46:04.713928Z"}
{"node": "assess_relevance", "responsive": true, "event": "relevance", "query_preview": "Which commands does the course list as reading from the /proc directory?", "correlation_id": "01KTYF159JZCZDCQ1801KQXTV4", "level": "info", "timestamp": "2026-06-12T17:46:04.713981Z"}
{"node": "compose", "event": "start", "query_preview": "Which commands does the course list as reading from the /proc directory?", "correlation_id": "01KTYF159JZCZDCQ1801KQXTV4", "level": "info", "timestamp": "2026-06-12T17:46:04.715469Z"}
Authentication error: Langfuse client initialized without public_key. Client will be disabled. Provide a public_key parameter or set LANGFUSE_PUBLIC_KEY environment variable. 
{"node": "retrieve", "query_len": 61, "event": "start", "query_preview": "What is the recommended daily dosage of vitamin D for adults?", "correlation_id": "01KTYF1SHC3FZMW5VQTQK86HZK", "level": "info", "timestamp": "2026-06-12T17:46:04.717004Z"}
{"query_len": 61, "k": 50, "event": "hybrid.start", "query_preview": "What is the recommended daily dosage of vitamin D for adults?", "correlation_id": "01KTYF1SHC3FZMW5VQTQK86HZK", "level": "info", "timestamp": "2026-06-12T17:46:04.717044Z"}
{"query_len": 61, "k": 50, "dense": 50, "bm25": 0, "fused": 50, "term": false, "event": "hybrid.done", "query_preview": "What is the recommended daily dosage of vitamin D for adults?", "correlation_id": "01KTYF1SHC3FZMW5VQTQK86HZK", "level": "info", "timestamp": "2026-06-12T17:46:04.783528Z"}
{"node": "retrieve", "candidate_count": 50, "event": "done", "query_preview": "What is the recommended daily dosage of vitamin D for adults?", "correlation_id": "01KTYF1SHC3FZMW5VQTQK86HZK", "level": "info", "timestamp": "2026-06-12T17:46:04.784545Z"}
{"node": "expand_graph", "reason": "disabled_or_empty", "event": "skip", "query_preview": "What is the recommended daily dosage of vitamin D for adults?", "correlation_id": "01KTYF1SHC3FZMW5VQTQK86HZK", "level": "info", "timestamp": "2026-06-12T17:46:04.785840Z"}
{"node": "rerank", "candidate_count": 50, "event": "start", "query_preview": "What is the recommended daily dosage of vitamin D for adults?", "correlation_id": "01KTYF1SHC3FZMW5VQTQK86HZK", "level": "info", "timestamp": "2026-06-12T17:46:04.786318Z"}
{"node": "rerank", "top_k": 5, "source": "mode", "event": "top_k_resolved", "query_preview": "What is the recommended daily dosage of vitamin D for adults?", "correlation_id": "01KTYF1SHC3FZMW5VQTQK86HZK", "level": "info", "timestamp": "2026-06-12T17:46:04.786364Z"}
{"candidates": 50, "top_k": 5, "backend": "cross_encoder", "event": "rerank.start", "query_preview": "What is the recommended daily dosage of vitamin D for adults?", "correlation_id": "01KTYF1SHC3FZMW5VQTQK86HZK", "level": "info", "timestamp": "2026-06-12T17:46:04.786387Z"}
{"candidates": 50, "top_k": 5, "backend": "cross_encoder", "returned": 5, "event": "rerank.done", "query_preview": "What is the recommended daily dosage of vitamin D for adults?", "correlation_id": "01KTYF1SHC3FZMW5VQTQK86HZK", "level": "info", "timestamp": "2026-06-12T17:46:26.833028Z"}
{"node": "rerank", "reranked_count": 5, "event": "done", "query_preview": "What is the recommended daily dosage of vitamin D for adults?", "correlation_id": "01KTYF1SHC3FZMW5VQTQK86HZK", "level": "info", "timestamp": "2026-06-12T17:46:26.833120Z"}
{"prompt_tag": "generate_table_sql@v1", "schema": "GeneratedSQL", "model": "cyankiwi/Qwen3.5-4B-AWQ-4bit", "max_tokens": 1024, "temperature": 0.1, "top_p": 0.8, "presence_penalty": 1.0, "seed": 42, "message_count": 1, "event": "model_call.start", "query_preview": "What is the recommended daily dosage of vitamin D for adults?", "correlation_id": "01KTYF1SHC3FZMW5VQTQK86HZK", "level": "info", "timestamp": "2026-06-12T17:46:26.838616Z"}
Authentication error: Langfuse client initialized without public_key. Client will be disabled. Provide a public_key parameter or set LANGFUSE_PUBLIC_KEY environment variable. 
{"prompt_tag": "generate_table_sql@v1", "schema": "GeneratedSQL", "tokens": 1674, "event": "model_call.done", "query_preview": "What is the recommended daily dosage of vitamin D for adults?", "correlation_id": "01KTYF1SHC3FZMW5VQTQK86HZK", "level": "info", "timestamp": "2026-06-12T17:46:27.292653Z"}
{"node": "query_doc_tables", "sql": "", "target": "", "event": "table_sql.generated", "query_preview": "What is the recommended daily dosage of vitamin D for adults?", "correlation_id": "01KTYF1SHC3FZMW5VQTQK86HZK", "level": "info", "timestamp": "2026-06-12T17:46:27.292710Z"}
{"node": "query_doc_tables", "sql": "", "event": "table_sql.rejected_not_select", "query_preview": "What is the recommended daily dosage of vitamin D for adults?", "correlation_id": "01KTYF1SHC3FZMW5VQTQK86HZK", "level": "info", "timestamp": "2026-06-12T17:46:27.292731Z"}
{"node": "query_tables", "event": "no_table_answer", "query_preview": "What is the recommended daily dosage of vitamin D for adults?", "correlation_id": "01KTYF1SHC3FZMW5VQTQK86HZK", "level": "info", "timestamp": "2026-06-12T17:46:27.293055Z"}
{"node": "assess", "reranked_count": 5, "event": "start", "query_preview": "What is the recommended daily dosage of vitamin D for adults?", "correlation_id": "01KTYF1SHC3FZMW5VQTQK86HZK", "level": "info", "timestamp": "2026-06-12T17:46:27.293866Z"}
{"prompt_tag": "assess_sufficiency@v4", "schema": "SufficiencyAssessment", "model": "cyankiwi/Qwen3.5-4B-AWQ-4bit", "max_tokens": 1024, "temperature": 0.1, "top_p": 0.8, "presence_penalty": 1.0, "seed": 42, "message_count": 1, "event": "model_call.start", "query_preview": "What is the recommended daily dosage of vitamin D for adults?", "correlation_id": "01KTYF1SHC3FZMW5VQTQK86HZK", "level": "info", "timestamp": "2026-06-12T17:46:27.295174Z"}
Authentication error: Langfuse client initialized without public_key. Client will be disabled. Provide a public_key parameter or set LANGFUSE_PUBLIC_KEY environment variable. 
{"prompt_tag": "assess_sufficiency@v4", "schema": "SufficiencyAssessment", "tokens": 2130, "event": "model_call.done", "query_preview": "What is the recommended daily dosage of vitamin D for adults?", "correlation_id": "01KTYF1SHC3FZMW5VQTQK86HZK", "level": "info", "timestamp": "2026-06-12T17:46:28.038675Z"}
{"node": "refuse", "event": "start", "query_preview": "What is the recommended daily dosage of vitamin D for adults?", "correlation_id": "01KTYF1SHC3FZMW5VQTQK86HZK", "level": "info", "timestamp": "2026-06-12T17:46:28.040488Z"}
Authentication error: Langfuse client initialized without public_key. Client will be disabled. Provide a public_key parameter or set LANGFUSE_PUBLIC_KEY environment variable. 
{"node": "retrieve", "query_len": 47, "event": "start", "query_preview": "What does the `flibberize` command do in Linux?", "correlation_id": "01KTYF2GA9FMNB0DZESJV942CE", "level": "info", "timestamp": "2026-06-12T17:46:28.042375Z"}
{"query_len": 47, "k": 50, "event": "hybrid.start", "query_preview": "What does the `flibberize` command do in Linux?", "correlation_id": "01KTYF2GA9FMNB0DZESJV942CE", "level": "info", "timestamp": "2026-06-12T17:46:28.042417Z"}
{"query_len": 47, "k": 50, "dense": 50, "bm25": 0, "fused": 50, "term": false, "event": "hybrid.done", "query_preview": "What does the `flibberize` command do in Linux?", "correlation_id": "01KTYF2GA9FMNB0DZESJV942CE", "level": "info", "timestamp": "2026-06-12T17:46:28.108564Z"}
{"node": "retrieve", "candidate_count": 50, "event": "done", "query_preview": "What does the `flibberize` command do in Linux?", "correlation_id": "01KTYF2GA9FMNB0DZESJV942CE", "level": "info", "timestamp": "2026-06-12T17:46:28.109452Z"}
{"node": "expand_graph", "reason": "disabled_or_empty", "event": "skip", "query_preview": "What does the `flibberize` command do in Linux?", "correlation_id": "01KTYF2GA9FMNB0DZESJV942CE", "level": "info", "timestamp": "2026-06-12T17:46:28.110760Z"}
{"node": "rerank", "candidate_count": 50, "event": "start", "query_preview": "What does the `flibberize` command do in Linux?", "correlation_id": "01KTYF2GA9FMNB0DZESJV942CE", "level": "info", "timestamp": "2026-06-12T17:46:28.111258Z"}
{"node": "rerank", "top_k": 5, "source": "mode", "event": "top_k_resolved", "query_preview": "What does the `flibberize` command do in Linux?", "correlation_id": "01KTYF2GA9FMNB0DZESJV942CE", "level": "info", "timestamp": "2026-06-12T17:46:28.111304Z"}
{"candidates": 50, "top_k": 5, "backend": "cross_encoder", "event": "rerank.start", "query_preview": "What does the `flibberize` command do in Linux?", "correlation_id": "01KTYF2GA9FMNB0DZESJV942CE", "level": "info", "timestamp": "2026-06-12T17:46:28.111327Z"}
{"candidates": 50, "top_k": 5, "backend": "cross_encoder", "returned": 5, "event": "rerank.done", "query_preview": "What does the `flibberize` command do in Linux?", "correlation_id": "01KTYF2GA9FMNB0DZESJV942CE", "level": "info", "timestamp": "2026-06-12T17:46:40.996417Z"}
{"node": "rerank", "reranked_count": 5, "event": "done", "query_preview": "What does the `flibberize` command do in Linux?", "correlation_id": "01KTYF2GA9FMNB0DZESJV942CE", "level": "info", "timestamp": "2026-06-12T17:46:40.996495Z"}
{"node": "query_tables", "reason": "empty_or_not_table_shaped", "event": "skip", "query_preview": "What does the `flibberize` command do in Linux?", "correlation_id": "01KTYF2GA9FMNB0DZESJV942CE", "level": "info", "timestamp": "2026-06-12T17:46:40.997997Z"}
{"node": "assess", "reranked_count": 5, "event": "start", "query_preview": "What does the `flibberize` command do in Linux?", "correlation_id": "01KTYF2GA9FMNB0DZESJV942CE", "level": "info", "timestamp": "2026-06-12T17:46:40.998566Z"}
{"prompt_tag": "assess_sufficiency@v4", "schema": "SufficiencyAssessment", "model": "cyankiwi/Qwen3.5-4B-AWQ-4bit", "max_tokens": 1024, "temperature": 0.1, "top_p": 0.8, "presence_penalty": 1.0, "seed": 42, "message_count": 1, "event": "model_call.start", "query_preview": "What does the `flibberize` command do in Linux?", "correlation_id": "01KTYF2GA9FMNB0DZESJV942CE", "level": "info", "timestamp": "2026-06-12T17:46:41.000178Z"}
Authentication error: Langfuse client initialized without public_key. Client will be disabled. Provide a public_key parameter or set LANGFUSE_PUBLIC_KEY environment variable. 
{"prompt_tag": "assess_sufficiency@v4", "schema": "SufficiencyAssessment", "tokens": 1586, "event": "model_call.done", "query_preview": "What does the `flibberize` command do in Linux?", "correlation_id": "01KTYF2GA9FMNB0DZESJV942CE", "level": "info", "timestamp": "2026-06-12T17:46:41.569070Z"}
{"node": "refuse", "event": "start", "query_preview": "What does the `flibberize` command do in Linux?", "correlation_id": "01KTYF2GA9FMNB0DZESJV942CE", "level": "info", "timestamp": "2026-06-12T17:46:41.570638Z"}
Authentication error: Langfuse client initialized without public_key. Client will be disabled. Provide a public_key parameter or set LANGFUSE_PUBLIC_KEY environment variable. 
{"node": "retrieve", "query_len": 68, "event": "start", "query_preview": "Describe the 'Dawson Linux Security Protocol' taught in this course.", "correlation_id": "01KTYF2XH3786S458G5WWH4DXA", "level": "info", "timestamp": "2026-06-12T17:46:41.572429Z"}
{"query_len": 68, "k": 50, "event": "hybrid.start", "query_preview": "Describe the 'Dawson Linux Security Protocol' taught in this course.", "correlation_id": "01KTYF2XH3786S458G5WWH4DXA", "level": "info", "timestamp": "2026-06-12T17:46:41.572471Z"}
{"query_len": 68, "k": 50, "dense": 50, "bm25": 0, "fused": 50, "term": false, "event": "hybrid.done", "query_preview": "Describe the 'Dawson Linux Security Protocol' taught in this course.", "correlation_id": "01KTYF2XH3786S458G5WWH4DXA", "level": "info", "timestamp": "2026-06-12T17:46:41.645182Z"}
{"node": "retrieve", "candidate_count": 50, "event": "done", "query_preview": "Describe the 'Dawson Linux Security Protocol' taught in this course.", "correlation_id": "01KTYF2XH3786S458G5WWH4DXA", "level": "info", "timestamp": "2026-06-12T17:46:41.646057Z"}
{"node": "expand_graph", "reason": "disabled_or_empty", "event": "skip", "query_preview": "Describe the 'Dawson Linux Security Protocol' taught in this course.", "correlation_id": "01KTYF2XH3786S458G5WWH4DXA", "level": "info", "timestamp": "2026-06-12T17:46:41.647366Z"}
{"node": "rerank", "candidate_count": 50, "event": "start", "query_preview": "Describe the 'Dawson Linux Security Protocol' taught in this course.", "correlation_id": "01KTYF2XH3786S458G5WWH4DXA", "level": "info", "timestamp": "2026-06-12T17:46:41.647863Z"}
{"node": "rerank", "top_k": 5, "source": "mode", "event": "top_k_resolved", "query_preview": "Describe the 'Dawson Linux Security Protocol' taught in this course.", "correlation_id": "01KTYF2XH3786S458G5WWH4DXA", "level": "info", "timestamp": "2026-06-12T17:46:41.647908Z"}
{"candidates": 50, "top_k": 5, "backend": "cross_encoder", "event": "rerank.start", "query_preview": "Describe the 'Dawson Linux Security Protocol' taught in this course.", "correlation_id": "01KTYF2XH3786S458G5WWH4DXA", "level": "info", "timestamp": "2026-06-12T17:46:41.647930Z"}
{"candidates": 50, "top_k": 5, "backend": "cross_encoder", "returned": 5, "event": "rerank.done", "query_preview": "Describe the 'Dawson Linux Security Protocol' taught in this course.", "correlation_id": "01KTYF2XH3786S458G5WWH4DXA", "level": "info", "timestamp": "2026-06-12T17:47:08.252663Z"}
{"node": "rerank", "reranked_count": 5, "event": "done", "query_preview": "Describe the 'Dawson Linux Security Protocol' taught in this course.", "correlation_id": "01KTYF2XH3786S458G5WWH4DXA", "level": "info", "timestamp": "2026-06-12T17:47:08.252753Z"}
{"node": "query_tables", "reason": "empty_or_not_table_shaped", "event": "skip", "query_preview": "Describe the 'Dawson Linux Security Protocol' taught in this course.", "correlation_id": "01KTYF2XH3786S458G5WWH4DXA", "level": "info", "timestamp": "2026-06-12T17:47:08.254246Z"}
{"node": "assess", "reranked_count": 5, "event": "start", "query_preview": "Describe the 'Dawson Linux Security Protocol' taught in this course.", "correlation_id": "01KTYF2XH3786S458G5WWH4DXA", "level": "info", "timestamp": "2026-06-12T17:47:08.254822Z"}
{"prompt_tag": "assess_sufficiency@v4", "schema": "SufficiencyAssessment", "model": "cyankiwi/Qwen3.5-4B-AWQ-4bit", "max_tokens": 1024, "temperature": 0.1, "top_p": 0.8, "presence_penalty": 1.0, "seed": 42, "message_count": 1, "event": "model_call.start", "query_preview": "Describe the 'Dawson Linux Security Protocol' taught in this course.", "correlation_id": "01KTYF2XH3786S458G5WWH4DXA", "level": "info", "timestamp": "2026-06-12T17:47:08.256462Z"}
Authentication error: Langfuse client initialized without public_key. Client will be disabled. Provide a public_key parameter or set LANGFUSE_PUBLIC_KEY environment variable. 
{"prompt_tag": "assess_sufficiency@v4", "schema": "SufficiencyAssessment", "tokens": 4051, "event": "model_call.done", "query_preview": "Describe the 'Dawson Linux Security Protocol' taught in this course.", "correlation_id": "01KTYF2XH3786S458G5WWH4DXA", "level": "info", "timestamp": "2026-06-12T17:47:09.290169Z"}
{"node": "refuse", "event": "start", "query_preview": "Describe the 'Dawson Linux Security Protocol' taught in this course.", "correlation_id": "01KTYF2XH3786S458G5WWH4DXA", "level": "info", "timestamp": "2026-06-12T17:47:09.291475Z"}
Authentication error: Langfuse client initialized without public_key. Client will be disabled. Provide a public_key parameter or set LANGFUSE_PUBLIC_KEY environment variable. 
{"node": "retrieve", "query_len": 42, "event": "start", "query_preview": "Which country won the 2018 FIFA World Cup?", "correlation_id": "01KTYF3RKCMG69X2Q9AW0NQPTH", "level": "info", "timestamp": "2026-06-12T17:47:09.293002Z"}
{"query_len": 42, "k": 50, "event": "hybrid.start", "query_preview": "Which country won the 2018 FIFA World Cup?", "correlation_id": "01KTYF3RKCMG69X2Q9AW0NQPTH", "level": "info", "timestamp": "2026-06-12T17:47:09.293040Z"}
{"query_len": 42, "k": 50, "dense": 50, "bm25": 0, "fused": 50, "term": false, "event": "hybrid.done", "query_preview": "Which country won the 2018 FIFA World Cup?", "correlation_id": "01KTYF3RKCMG69X2Q9AW0NQPTH", "level": "info", "timestamp": "2026-06-12T17:47:09.373578Z"}
{"node": "retrieve", "candidate_count": 50, "event": "done", "query_preview": "Which country won the 2018 FIFA World Cup?", "correlation_id": "01KTYF3RKCMG69X2Q9AW0NQPTH", "level": "info", "timestamp": "2026-06-12T17:47:09.374516Z"}
{"node": "expand_graph", "reason": "disabled_or_empty", "event": "skip", "query_preview": "Which country won the 2018 FIFA World Cup?", "correlation_id": "01KTYF3RKCMG69X2Q9AW0NQPTH", "level": "info", "timestamp": "2026-06-12T17:47:09.375783Z"}
{"node": "rerank", "candidate_count": 50, "event": "start", "query_preview": "Which country won the 2018 FIFA World Cup?", "correlation_id": "01KTYF3RKCMG69X2Q9AW0NQPTH", "level": "info", "timestamp": "2026-06-12T17:47:09.376270Z"}
{"node": "rerank", "top_k": 5, "source": "mode", "event": "top_k_resolved", "query_preview": "Which country won the 2018 FIFA World Cup?", "correlation_id": "01KTYF3RKCMG69X2Q9AW0NQPTH", "level": "info", "timestamp": "2026-06-12T17:47:09.376324Z"}
{"candidates": 50, "top_k": 5, "backend": "cross_encoder", "event": "rerank.start", "query_preview": "Which country won the 2018 FIFA World Cup?", "correlation_id": "01KTYF3RKCMG69X2Q9AW0NQPTH", "level": "info", "timestamp": "2026-06-12T17:47:09.376348Z"}
{"candidates": 50, "top_k": 5, "backend": "cross_encoder", "returned": 5, "event": "rerank.done", "query_preview": "Which country won the 2018 FIFA World Cup?", "correlation_id": "01KTYF3RKCMG69X2Q9AW0NQPTH", "level": "info", "timestamp": "2026-06-12T17:47:30.006744Z"}
{"node": "rerank", "reranked_count": 5, "event": "done", "query_preview": "Which country won the 2018 FIFA World Cup?", "correlation_id": "01KTYF3RKCMG69X2Q9AW0NQPTH", "level": "info", "timestamp": "2026-06-12T17:47:30.006822Z"}
{"node": "query_tables", "reason": "no_relevant_tables", "event": "skip", "query_preview": "Which country won the 2018 FIFA World Cup?", "correlation_id": "01KTYF3RKCMG69X2Q9AW0NQPTH", "level": "info", "timestamp": "2026-06-12T17:47:30.010708Z"}
{"node": "assess", "reranked_count": 5, "event": "start", "query_preview": "Which country won the 2018 FIFA World Cup?", "correlation_id": "01KTYF3RKCMG69X2Q9AW0NQPTH", "level": "info", "timestamp": "2026-06-12T17:47:30.011666Z"}
{"prompt_tag": "assess_sufficiency@v4", "schema": "SufficiencyAssessment", "model": "cyankiwi/Qwen3.5-4B-AWQ-4bit", "max_tokens": 1024, "temperature": 0.1, "top_p": 0.8, "presence_penalty": 1.0, "seed": 42, "message_count": 1, "event": "model_call.start", "query_preview": "Which country won the 2018 FIFA World Cup?", "correlation_id": "01KTYF3RKCMG69X2Q9AW0NQPTH", "level": "info", "timestamp": "2026-06-12T17:47:30.013118Z"}
Authentication error: Langfuse client initialized without public_key. Client will be disabled. Provide a public_key parameter or set LANGFUSE_PUBLIC_KEY environment variable. 
{"prompt_tag": "assess_sufficiency@v4", "schema": "SufficiencyAssessment", "tokens": 2049, "event": "model_call.done", "query_preview": "Which country won the 2018 FIFA World Cup?", "correlation_id": "01KTYF3RKCMG69X2Q9AW0NQPTH", "level": "info", "timestamp": "2026-06-12T17:47:30.918958Z"}
{"node": "refuse", "event": "start", "query_preview": "Which country won the 2018 FIFA World Cup?", "correlation_id": "01KTYF3RKCMG69X2Q9AW0NQPTH", "level": "info", "timestamp": "2026-06-12T17:47:30.920118Z"}
Authentication error: Langfuse client initialized without public_key. Client will be disabled. Provide a public_key parameter or set LANGFUSE_PUBLIC_KEY environment variable. 
{"node": "retrieve", "query_len": 81, "event": "start", "query_preview": "What exact compression ratio does the archiving chapter state that gzip achieves", "correlation_id": "01KTYF4DQ8E14QCSAH4JR1XJCB", "level": "info", "timestamp": "2026-06-12T17:47:30.921553Z"}
{"query_len": 81, "k": 50, "event": "hybrid.start", "query_preview": "What exact compression ratio does the archiving chapter state that gzip achieves", "correlation_id": "01KTYF4DQ8E14QCSAH4JR1XJCB", "level": "info", "timestamp": "2026-06-12T17:47:30.921590Z"}
{"query_len": 81, "k": 50, "dense": 50, "bm25": 0, "fused": 50, "term": false, "event": "hybrid.done", "query_preview": "What exact compression ratio does the archiving chapter state that gzip achieves", "correlation_id": "01KTYF4DQ8E14QCSAH4JR1XJCB", "level": "info", "timestamp": "2026-06-12T17:47:30.993108Z"}
{"node": "retrieve", "candidate_count": 50, "event": "done", "query_preview": "What exact compression ratio does the archiving chapter state that gzip achieves", "correlation_id": "01KTYF4DQ8E14QCSAH4JR1XJCB", "level": "info", "timestamp": "2026-06-12T17:47:30.994002Z"}
{"node": "expand_graph", "reason": "disabled_or_empty", "event": "skip", "query_preview": "What exact compression ratio does the archiving chapter state that gzip achieves", "correlation_id": "01KTYF4DQ8E14QCSAH4JR1XJCB", "level": "info", "timestamp": "2026-06-12T17:47:30.995277Z"}
{"node": "rerank", "candidate_count": 50, "event": "start", "query_preview": "What exact compression ratio does the archiving chapter state that gzip achieves", "correlation_id": "01KTYF4DQ8E14QCSAH4JR1XJCB", "level": "info", "timestamp": "2026-06-12T17:47:30.995751Z"}
{"node": "rerank", "top_k": 5, "source": "mode", "event": "top_k_resolved", "query_preview": "What exact compression ratio does the archiving chapter state that gzip achieves", "correlation_id": "01KTYF4DQ8E14QCSAH4JR1XJCB", "level": "info", "timestamp": "2026-06-12T17:47:30.995801Z"}
{"candidates": 50, "top_k": 5, "backend": "cross_encoder", "event": "rerank.start", "query_preview": "What exact compression ratio does the archiving chapter state that gzip achieves", "correlation_id": "01KTYF4DQ8E14QCSAH4JR1XJCB", "level": "info", "timestamp": "2026-06-12T17:47:30.995824Z"}
{"candidates": 50, "top_k": 5, "backend": "cross_encoder", "returned": 5, "event": "rerank.done", "query_preview": "What exact compression ratio does the archiving chapter state that gzip achieves", "correlation_id": "01KTYF4DQ8E14QCSAH4JR1XJCB", "level": "info", "timestamp": "2026-06-12T17:47:46.897790Z"}
{"node": "rerank", "reranked_count": 5, "event": "done", "query_preview": "What exact compression ratio does the archiving chapter state that gzip achieves", "correlation_id": "01KTYF4DQ8E14QCSAH4JR1XJCB", "level": "info", "timestamp": "2026-06-12T17:47:46.897888Z"}
{"node": "query_tables", "reason": "empty_or_not_table_shaped", "event": "skip", "query_preview": "What exact compression ratio does the archiving chapter state that gzip achieves", "correlation_id": "01KTYF4DQ8E14QCSAH4JR1XJCB", "level": "info", "timestamp": "2026-06-12T17:47:46.899841Z"}
{"node": "assess", "reranked_count": 5, "event": "start", "query_preview": "What exact compression ratio does the archiving chapter state that gzip achieves", "correlation_id": "01KTYF4DQ8E14QCSAH4JR1XJCB", "level": "info", "timestamp": "2026-06-12T17:47:46.900620Z"}
{"prompt_tag": "assess_sufficiency@v4", "schema": "SufficiencyAssessment", "model": "cyankiwi/Qwen3.5-4B-AWQ-4bit", "max_tokens": 1024, "temperature": 0.1, "top_p": 0.8, "presence_penalty": 1.0, "seed": 42, "message_count": 1, "event": "model_call.start", "query_preview": "What exact compression ratio does the archiving chapter state that gzip achieves", "correlation_id": "01KTYF4DQ8E14QCSAH4JR1XJCB", "level": "info", "timestamp": "2026-06-12T17:47:46.902376Z"}
Authentication error: Langfuse client initialized without public_key. Client will be disabled. Provide a public_key parameter or set LANGFUSE_PUBLIC_KEY environment variable. 
{"prompt_tag": "assess_sufficiency@v4", "schema": "SufficiencyAssessment", "tokens": 1565, "event": "model_call.done", "query_preview": "What exact compression ratio does the archiving chapter state that gzip achieves", "correlation_id": "01KTYF4DQ8E14QCSAH4JR1XJCB", "level": "info", "timestamp": "2026-06-12T17:47:47.660129Z"}
{"node": "answer", "regenerate_attempt": 0, "event": "start", "query_preview": "What exact compression ratio does the archiving chapter state that gzip achieves", "correlation_id": "01KTYF4DQ8E14QCSAH4JR1XJCB", "level": "info", "timestamp": "2026-06-12T17:47:47.662088Z"}
{"prompt_tag": "answer@v5", "schema": "DraftAnswer", "model": "cyankiwi/Qwen3.5-4B-AWQ-4bit", "max_tokens": 1800, "temperature": 0.1, "top_p": 0.8, "presence_penalty": 1.0, "seed": 42, "message_count": 2, "event": "model_call.start", "query_preview": "What exact compression ratio does the archiving chapter state that gzip achieves", "correlation_id": "01KTYF4DQ8E14QCSAH4JR1XJCB", "level": "info", "timestamp": "2026-06-12T17:47:47.664736Z"}
Authentication error: Langfuse client initialized without public_key. Client will be disabled. Provide a public_key parameter or set LANGFUSE_PUBLIC_KEY environment variable. 
{"prompt_tag": "answer@v5", "schema": "DraftAnswer", "tokens": 3169, "event": "model_call.done", "query_preview": "What exact compression ratio does the archiving chapter state that gzip achieves", "correlation_id": "01KTYF4DQ8E14QCSAH4JR1XJCB", "level": "info", "timestamp": "2026-06-12T17:47:49.021649Z"}
{"node": "answer", "summary_head": "The chunks do not state an exact compression ratio that gzip achieves. While chunk [18122ef0-ndg-lev2-ch09-archiving-and", "event": "answer.denial_reframe_retry", "query_preview": "What exact compression ratio does the archiving chapter state that gzip achieves", "correlation_id": "01KTYF4DQ8E14QCSAH4JR1XJCB", "level": "info", "timestamp": "2026-06-12T17:47:49.021708Z"}
{"prompt_tag": "answer@v5", "schema": "DraftAnswer", "model": "cyankiwi/Qwen3.5-4B-AWQ-4bit", "max_tokens": 1800, "temperature": 0.1, "top_p": 0.8, "presence_penalty": 1.0, "seed": 42, "message_count": 2, "event": "model_call.start", "query_preview": "What exact compression ratio does the archiving chapter state that gzip achieves", "correlation_id": "01KTYF4DQ8E14QCSAH4JR1XJCB", "level": "info", "timestamp": "2026-06-12T17:47:49.023665Z"}
Authentication error: Langfuse client initialized without public_key. Client will be disabled. Provide a public_key parameter or set LANGFUSE_PUBLIC_KEY environment variable. 
{"prompt_tag": "answer@v5", "schema": "DraftAnswer", "tokens": 3296, "event": "model_call.done", "query_preview": "What exact compression ratio does the archiving chapter state that gzip achieves", "correlation_id": "01KTYF4DQ8E14QCSAH4JR1XJCB", "level": "info", "timestamp": "2026-06-12T17:47:49.642335Z"}
{"node": "verify", "claim_count": 0, "event": "start", "query_preview": "What exact compression ratio does the archiving chapter state that gzip achieves", "correlation_id": "01KTYF4DQ8E14QCSAH4JR1XJCB", "level": "info", "timestamp": "2026-06-12T17:47:49.643126Z"}
{"node": "verify", "event": "empty_draft_shortcircuit", "query_preview": "What exact compression ratio does the archiving chapter state that gzip achieves", "correlation_id": "01KTYF4DQ8E14QCSAH4JR1XJCB", "level": "info", "timestamp": "2026-06-12T17:47:49.643161Z"}
{"node": "assess_relevance", "event": "start", "query_preview": "What exact compression ratio does the archiving chapter state that gzip achieves", "correlation_id": "01KTYF4DQ8E14QCSAH4JR1XJCB", "level": "info", "timestamp": "2026-06-12T17:47:49.644065Z"}
{"prompt_tag": "assess_relevance@v3", "schema": "RelevanceAssessment", "model": "cyankiwi/Qwen3.5-4B-AWQ-4bit", "max_tokens": 1024, "temperature": 0.1, "top_p": 0.8, "presence_penalty": 1.0, "seed": 42, "message_count": 1, "event": "model_call.start", "query_preview": "What exact compression ratio does the archiving chapter state that gzip achieves", "correlation_id": "01KTYF4DQ8E14QCSAH4JR1XJCB", "level": "info", "timestamp": "2026-06-12T17:47:49.645030Z"}
Authentication error: Langfuse client initialized without public_key. Client will be disabled. Provide a public_key parameter or set LANGFUSE_PUBLIC_KEY environment variable. 
{"prompt_tag": "assess_relevance@v3", "schema": "RelevanceAssessment", "tokens": 882, "event": "model_call.done", "query_preview": "What exact compression ratio does the archiving chapter state that gzip achieves", "correlation_id": "01KTYF4DQ8E14QCSAH4JR1XJCB", "level": "info", "timestamp": "2026-06-12T17:47:50.144553Z"}
{"node": "assess_relevance", "responsive": true, "event": "relevance", "query_preview": "What exact compression ratio does the archiving chapter state that gzip achieves", "correlation_id": "01KTYF4DQ8E14QCSAH4JR1XJCB", "level": "info", "timestamp": "2026-06-12T17:47:50.144606Z"}
{"node": "compose", "event": "start", "query_preview": "What exact compression ratio does the archiving chapter state that gzip achieves", "correlation_id": "01KTYF4DQ8E14QCSAH4JR1XJCB", "level": "info", "timestamp": "2026-06-12T17:47:50.145906Z"}
{"query_count": 18, "quick": false, "error_count": 0, "mean_citation_precision": 0.8703703703703703, "mean_citation_precision_answered_only": 0.8205128205128205, "answer_text_checked": 0, "answer_text_correct_count": 0, "mean_answer_mention_recall": null, "event": "eval.done", "level": "info", "timestamp": "2026-06-12T17:47:50.146454Z"}
