{"vault_path": "/home/drei/.memex/vault", "event": "bootstrap", "level": "info", "timestamp": "2026-06-12T20:10:16.064408Z"}
{"estimated_gb": 11.8, "budget_gb": 9.8, "total_gb": 11.6, "gpu": "NVIDIA GeForce RTX 4070", "vlm_counted": false, "co_residence_mode": "manual", "embedder_device": "cpu", "reranker_device": "cpu", "fix": "lower hardware.gpu_memory_fraction, switch to a lighter co-residence mode (MEMEX_MODELS__CO_RESIDENCE_MODE=full puts the reranker on CPU), switch to a smaller VLM variant (vlm_quantization=awq_int4), or reduce the orchestrator quant tier", "event": "vram.budget.tight", "level": "warning", "timestamp": "2026-06-12T20:10:16.940167Z"}
{"component": "bootstrap.gpu", "total_gb": 11.56, "free_gb": 4.46, "holders": ["pid 382037: VLLM::EngineCore (6170 MiB)", "pid 1145226: /home/drei/project/Doc_Flo/.venv/bin/python3 (154 MiB)"], "event": "gpu.preflight", "level": "info", "timestamp": "2026-06-12T20:10:17.036509Z"}
{"query_count": 18, "quick": false, "event": "eval.start", "level": "info", "timestamp": "2026-06-12T20:10:17.081866Z"}
Authentication error: Langfuse client initialized without public_key. Client will be disabled. Provide a public_key parameter or set LANGFUSE_PUBLIC_KEY environment variable. 
{"node": "retrieve", "query_len": 77, "event": "start", "correlation_id": "01KTYQ9V3SPQHGHC39W5F90J0G", "query_preview": "Which Linux command is used to change the permissions on a file or directory?", "level": "info", "timestamp": "2026-06-12T20:10:17.109777Z"}
{"query_len": 77, "k": 50, "event": "hybrid.start", "correlation_id": "01KTYQ9V3SPQHGHC39W5F90J0G", "query_preview": "Which Linux command is used to change the permissions on a file or directory?", "level": "info", "timestamp": "2026-06-12T20:10:17.109842Z"}
{"name": "embedder", "event": "model.load.start", "correlation_id": "01KTYQ9V3SPQHGHC39W5F90J0G", "query_preview": "Which Linux command is used to change the permissions on a file or directory?", "level": "info", "timestamp": "2026-06-12T20:10:17.113771Z"}
`torch_dtype` is deprecated! Use `dtype` instead!
{"name": "embedder", "event": "model.load.done", "correlation_id": "01KTYQ9V3SPQHGHC39W5F90J0G", "query_preview": "Which Linux command is used to change the permissions on a file or directory?", "level": "info", "timestamp": "2026-06-12T20:10:21.504859Z"}
{"query_len": 77, "k": 50, "dense": 50, "bm25": 0, "fused": 50, "term": false, "event": "hybrid.done", "correlation_id": "01KTYQ9V3SPQHGHC39W5F90J0G", "query_preview": "Which Linux command is used to change the permissions on a file or directory?", "level": "info", "timestamp": "2026-06-12T20:10:21.651423Z"}
{"node": "retrieve", "candidate_count": 50, "event": "done", "correlation_id": "01KTYQ9V3SPQHGHC39W5F90J0G", "query_preview": "Which Linux command is used to change the permissions on a file or directory?", "level": "info", "timestamp": "2026-06-12T20:10:21.652214Z"}
{"node": "expand_graph", "reason": "disabled_or_empty", "event": "skip", "correlation_id": "01KTYQ9V3SPQHGHC39W5F90J0G", "query_preview": "Which Linux command is used to change the permissions on a file or directory?", "level": "info", "timestamp": "2026-06-12T20:10:21.653873Z"}
{"node": "rerank", "candidate_count": 50, "event": "start", "correlation_id": "01KTYQ9V3SPQHGHC39W5F90J0G", "query_preview": "Which Linux command is used to change the permissions on a file or directory?", "level": "info", "timestamp": "2026-06-12T20:10:21.654579Z"}
{"node": "rerank", "top_k": 5, "source": "mode", "event": "top_k_resolved", "correlation_id": "01KTYQ9V3SPQHGHC39W5F90J0G", "query_preview": "Which Linux command is used to change the permissions on a file or directory?", "level": "info", "timestamp": "2026-06-12T20:10:21.654646Z"}
{"candidates": 50, "top_k": 5, "backend": "cross_encoder", "event": "rerank.start", "correlation_id": "01KTYQ9V3SPQHGHC39W5F90J0G", "query_preview": "Which Linux command is used to change the permissions on a file or directory?", "level": "info", "timestamp": "2026-06-12T20:10:21.654684Z"}
{"name": "reranker", "event": "model.load.start", "correlation_id": "01KTYQ9V3SPQHGHC39W5F90J0G", "query_preview": "Which Linux command is used to change the permissions on a file or directory?", "level": "info", "timestamp": "2026-06-12T20:10:21.654723Z"}
{"name": "reranker", "event": "model.load.done", "correlation_id": "01KTYQ9V3SPQHGHC39W5F90J0G", "query_preview": "Which Linux command is used to change the permissions on a file or directory?", "level": "info", "timestamp": "2026-06-12T20:10:22.909220Z"}
{"candidates": 50, "top_k": 5, "backend": "cross_encoder", "returned": 5, "event": "rerank.done", "correlation_id": "01KTYQ9V3SPQHGHC39W5F90J0G", "query_preview": "Which Linux command is used to change the permissions on a file or directory?", "level": "info", "timestamp": "2026-06-12T20:10:35.829568Z"}
{"node": "rerank", "reranked_count": 5, "event": "done", "correlation_id": "01KTYQ9V3SPQHGHC39W5F90J0G", "query_preview": "Which Linux command is used to change the permissions on a file or directory?", "level": "info", "timestamp": "2026-06-12T20:10:35.829664Z"}
{"node": "query_tables", "reason": "empty_or_not_table_shaped", "event": "skip", "correlation_id": "01KTYQ9V3SPQHGHC39W5F90J0G", "query_preview": "Which Linux command is used to change the permissions on a file or directory?", "level": "info", "timestamp": "2026-06-12T20:10:35.831545Z"}
{"node": "assess", "reranked_count": 5, "event": "start", "correlation_id": "01KTYQ9V3SPQHGHC39W5F90J0G", "query_preview": "Which Linux command is used to change the permissions on a file or directory?", "level": "info", "timestamp": "2026-06-12T20:10:35.832265Z"}
{"prompt_tag": "assess_sufficiency@v4", "schema": "SufficiencyAssessment", "model": "cyankiwi/Qwen3.5-4B-AWQ-4bit", "max_tokens": 1024, "temperature": 0.1, "top_p": 0.8, "presence_penalty": 1.0, "seed": 42, "message_count": 1, "event": "model_call.start", "correlation_id": "01KTYQ9V3SPQHGHC39W5F90J0G", "query_preview": "Which Linux command is used to change the permissions on a file or directory?", "level": "info", "timestamp": "2026-06-12T20:10:35.835501Z"}
Authentication error: Langfuse client initialized without public_key. Client will be disabled. Provide a public_key parameter or set LANGFUSE_PUBLIC_KEY environment variable. 
{"prompt_tag": "assess_sufficiency@v4", "schema": "SufficiencyAssessment", "tokens": 1412, "event": "model_call.done", "correlation_id": "01KTYQ9V3SPQHGHC39W5F90J0G", "query_preview": "Which Linux command is used to change the permissions on a file or directory?", "level": "info", "timestamp": "2026-06-12T20:10:36.408344Z"}
{"node": "answer", "regenerate_attempt": 0, "event": "start", "correlation_id": "01KTYQ9V3SPQHGHC39W5F90J0G", "query_preview": "Which Linux command is used to change the permissions on a file or directory?", "level": "info", "timestamp": "2026-06-12T20:10:36.410373Z"}
{"prompt_tag": "answer@v5", "schema": "DraftAnswer", "model": "cyankiwi/Qwen3.5-4B-AWQ-4bit", "max_tokens": 1800, "temperature": 0.1, "top_p": 0.8, "presence_penalty": 1.0, "seed": 42, "message_count": 2, "event": "model_call.start", "correlation_id": "01KTYQ9V3SPQHGHC39W5F90J0G", "query_preview": "Which Linux command is used to change the permissions on a file or directory?", "level": "info", "timestamp": "2026-06-12T20:10:36.413149Z"}
Authentication error: Langfuse client initialized without public_key. Client will be disabled. Provide a public_key parameter or set LANGFUSE_PUBLIC_KEY environment variable. 
{"prompt_tag": "answer@v5", "schema": "DraftAnswer", "tokens": 3041, "event": "model_call.done", "correlation_id": "01KTYQ9V3SPQHGHC39W5F90J0G", "query_preview": "Which Linux command is used to change the permissions on a file or directory?", "level": "info", "timestamp": "2026-06-12T20:10:37.564070Z"}
{"node": "verify", "claim_count": 1, "event": "start", "correlation_id": "01KTYQ9V3SPQHGHC39W5F90J0G", "query_preview": "Which Linux command is used to change the permissions on a file or directory?", "level": "info", "timestamp": "2026-06-12T20:10:37.565330Z"}
{"prompt_tag": "verify_grounding@v2", "schema": "VerificationResult", "model": "cyankiwi/Qwen3.5-4B-AWQ-4bit", "max_tokens": 1024, "temperature": 0.1, "top_p": 0.8, "presence_penalty": 1.0, "seed": 42, "message_count": 1, "event": "model_call.start", "correlation_id": "01KTYQ9V3SPQHGHC39W5F90J0G", "query_preview": "Which Linux command is used to change the permissions on a file or directory?", "level": "info", "timestamp": "2026-06-12T20:10:37.569732Z"}
Authentication error: Langfuse client initialized without public_key. Client will be disabled. Provide a public_key parameter or set LANGFUSE_PUBLIC_KEY environment variable. 
{"prompt_tag": "verify_grounding@v2", "schema": "VerificationResult", "tokens": 1330, "event": "model_call.done", "correlation_id": "01KTYQ9V3SPQHGHC39W5F90J0G", "query_preview": "Which Linux command is used to change the permissions on a file or directory?", "level": "info", "timestamp": "2026-06-12T20:10:37.953866Z"}
{"node": "assess_relevance", "event": "start", "correlation_id": "01KTYQ9V3SPQHGHC39W5F90J0G", "query_preview": "Which Linux command is used to change the permissions on a file or directory?", "level": "info", "timestamp": "2026-06-12T20:10:37.955848Z"}
{"prompt_tag": "assess_relevance@v3", "schema": "RelevanceAssessment", "model": "cyankiwi/Qwen3.5-4B-AWQ-4bit", "max_tokens": 1024, "temperature": 0.1, "top_p": 0.8, "presence_penalty": 1.0, "seed": 42, "message_count": 1, "event": "model_call.start", "correlation_id": "01KTYQ9V3SPQHGHC39W5F90J0G", "query_preview": "Which Linux command is used to change the permissions on a file or directory?", "level": "info", "timestamp": "2026-06-12T20:10:37.957416Z"}
Authentication error: Langfuse client initialized without public_key. Client will be disabled. Provide a public_key parameter or set LANGFUSE_PUBLIC_KEY environment variable. 
{"prompt_tag": "assess_relevance@v3", "schema": "RelevanceAssessment", "tokens": 825, "event": "model_call.done", "correlation_id": "01KTYQ9V3SPQHGHC39W5F90J0G", "query_preview": "Which Linux command is used to change the permissions on a file or directory?", "level": "info", "timestamp": "2026-06-12T20:10:38.303753Z"}
{"node": "assess_relevance", "responsive": true, "event": "relevance", "correlation_id": "01KTYQ9V3SPQHGHC39W5F90J0G", "query_preview": "Which Linux command is used to change the permissions on a file or directory?", "level": "info", "timestamp": "2026-06-12T20:10:38.303803Z"}
{"node": "compose", "event": "start", "correlation_id": "01KTYQ9V3SPQHGHC39W5F90J0G", "query_preview": "Which Linux command is used to change the permissions on a file or directory?", "level": "info", "timestamp": "2026-06-12T20:10:38.305567Z"}
Authentication error: Langfuse client initialized without public_key. Client will be disabled. Provide a public_key parameter or set LANGFUSE_PUBLIC_KEY environment variable. 
{"node": "retrieve", "query_len": 95, "event": "start", "correlation_id": "01KTYQAFV2AQYAPCX42DDSXGTZ", "query_preview": "In the Linux octal permission system, what numeric value is assigned to the exec", "level": "info", "timestamp": "2026-06-12T20:10:38.307842Z"}
{"query_len": 95, "k": 50, "event": "hybrid.start", "correlation_id": "01KTYQAFV2AQYAPCX42DDSXGTZ", "query_preview": "In the Linux octal permission system, what numeric value is assigned to the exec", "level": "info", "timestamp": "2026-06-12T20:10:38.307887Z"}
{"query_len": 95, "k": 50, "dense": 50, "bm25": 0, "fused": 50, "term": false, "event": "hybrid.done", "correlation_id": "01KTYQAFV2AQYAPCX42DDSXGTZ", "query_preview": "In the Linux octal permission system, what numeric value is assigned to the exec", "level": "info", "timestamp": "2026-06-12T20:10:38.388447Z"}
{"node": "retrieve", "candidate_count": 50, "event": "done", "correlation_id": "01KTYQAFV2AQYAPCX42DDSXGTZ", "query_preview": "In the Linux octal permission system, what numeric value is assigned to the exec", "level": "info", "timestamp": "2026-06-12T20:10:38.389312Z"}
{"node": "expand_graph", "reason": "disabled_or_empty", "event": "skip", "correlation_id": "01KTYQAFV2AQYAPCX42DDSXGTZ", "query_preview": "In the Linux octal permission system, what numeric value is assigned to the exec", "level": "info", "timestamp": "2026-06-12T20:10:38.390578Z"}
{"node": "rerank", "candidate_count": 50, "event": "start", "correlation_id": "01KTYQAFV2AQYAPCX42DDSXGTZ", "query_preview": "In the Linux octal permission system, what numeric value is assigned to the exec", "level": "info", "timestamp": "2026-06-12T20:10:38.391040Z"}
{"node": "rerank", "top_k": 5, "source": "mode", "event": "top_k_resolved", "correlation_id": "01KTYQAFV2AQYAPCX42DDSXGTZ", "query_preview": "In the Linux octal permission system, what numeric value is assigned to the exec", "level": "info", "timestamp": "2026-06-12T20:10:38.391096Z"}
{"candidates": 50, "top_k": 5, "backend": "cross_encoder", "event": "rerank.start", "correlation_id": "01KTYQAFV2AQYAPCX42DDSXGTZ", "query_preview": "In the Linux octal permission system, what numeric value is assigned to the exec", "level": "info", "timestamp": "2026-06-12T20:10:38.391122Z"}
{"candidates": 50, "top_k": 5, "backend": "cross_encoder", "returned": 5, "event": "rerank.done", "correlation_id": "01KTYQAFV2AQYAPCX42DDSXGTZ", "query_preview": "In the Linux octal permission system, what numeric value is assigned to the exec", "level": "info", "timestamp": "2026-06-12T20:10:56.192913Z"}
{"node": "rerank", "reranked_count": 5, "event": "done", "correlation_id": "01KTYQAFV2AQYAPCX42DDSXGTZ", "query_preview": "In the Linux octal permission system, what numeric value is assigned to the exec", "level": "info", "timestamp": "2026-06-12T20:10:56.193012Z"}
{"node": "query_tables", "reason": "empty_or_not_table_shaped", "event": "skip", "correlation_id": "01KTYQAFV2AQYAPCX42DDSXGTZ", "query_preview": "In the Linux octal permission system, what numeric value is assigned to the exec", "level": "info", "timestamp": "2026-06-12T20:10:56.194753Z"}
{"node": "assess", "reranked_count": 5, "event": "start", "correlation_id": "01KTYQAFV2AQYAPCX42DDSXGTZ", "query_preview": "In the Linux octal permission system, what numeric value is assigned to the exec", "level": "info", "timestamp": "2026-06-12T20:10:56.195446Z"}
{"prompt_tag": "assess_sufficiency@v4", "schema": "SufficiencyAssessment", "model": "cyankiwi/Qwen3.5-4B-AWQ-4bit", "max_tokens": 1024, "temperature": 0.1, "top_p": 0.8, "presence_penalty": 1.0, "seed": 42, "message_count": 1, "event": "model_call.start", "correlation_id": "01KTYQAFV2AQYAPCX42DDSXGTZ", "query_preview": "In the Linux octal permission system, what numeric value is assigned to the exec", "level": "info", "timestamp": "2026-06-12T20:10:56.197361Z"}
Authentication error: Langfuse client initialized without public_key. Client will be disabled. Provide a public_key parameter or set LANGFUSE_PUBLIC_KEY environment variable. 
{"prompt_tag": "assess_sufficiency@v4", "schema": "SufficiencyAssessment", "tokens": 1527, "event": "model_call.done", "correlation_id": "01KTYQAFV2AQYAPCX42DDSXGTZ", "query_preview": "In the Linux octal permission system, what numeric value is assigned to the exec", "level": "info", "timestamp": "2026-06-12T20:10:57.015909Z"}
{"node": "answer", "regenerate_attempt": 0, "event": "start", "correlation_id": "01KTYQAFV2AQYAPCX42DDSXGTZ", "query_preview": "In the Linux octal permission system, what numeric value is assigned to the exec", "level": "info", "timestamp": "2026-06-12T20:10:57.017894Z"}
{"prompt_tag": "answer@v5", "schema": "DraftAnswer", "model": "cyankiwi/Qwen3.5-4B-AWQ-4bit", "max_tokens": 1800, "temperature": 0.1, "top_p": 0.8, "presence_penalty": 1.0, "seed": 42, "message_count": 2, "event": "model_call.start", "correlation_id": "01KTYQAFV2AQYAPCX42DDSXGTZ", "query_preview": "In the Linux octal permission system, what numeric value is assigned to the exec", "level": "info", "timestamp": "2026-06-12T20:10:57.020529Z"}
Authentication error: Langfuse client initialized without public_key. Client will be disabled. Provide a public_key parameter or set LANGFUSE_PUBLIC_KEY environment variable. 
{"prompt_tag": "answer@v5", "schema": "DraftAnswer", "tokens": 3146, "event": "model_call.done", "correlation_id": "01KTYQAFV2AQYAPCX42DDSXGTZ", "query_preview": "In the Linux octal permission system, what numeric value is assigned to the exec", "level": "info", "timestamp": "2026-06-12T20:10:58.335429Z"}
{"node": "verify", "claim_count": 1, "event": "start", "correlation_id": "01KTYQAFV2AQYAPCX42DDSXGTZ", "query_preview": "In the Linux octal permission system, what numeric value is assigned to the exec", "level": "info", "timestamp": "2026-06-12T20:10:58.336732Z"}
{"prompt_tag": "verify_grounding@v2", "schema": "VerificationResult", "model": "cyankiwi/Qwen3.5-4B-AWQ-4bit", "max_tokens": 1024, "temperature": 0.1, "top_p": 0.8, "presence_penalty": 1.0, "seed": 42, "message_count": 1, "event": "model_call.start", "correlation_id": "01KTYQAFV2AQYAPCX42DDSXGTZ", "query_preview": "In the Linux octal permission system, what numeric value is assigned to the exec", "level": "info", "timestamp": "2026-06-12T20:10:58.340486Z"}
Authentication error: Langfuse client initialized without public_key. Client will be disabled. Provide a public_key parameter or set LANGFUSE_PUBLIC_KEY environment variable. 
{"prompt_tag": "verify_grounding@v2", "schema": "VerificationResult", "tokens": 1428, "event": "model_call.done", "correlation_id": "01KTYQAFV2AQYAPCX42DDSXGTZ", "query_preview": "In the Linux octal permission system, what numeric value is assigned to the exec", "level": "info", "timestamp": "2026-06-12T20:10:58.737463Z"}
{"node": "assess_relevance", "event": "start", "correlation_id": "01KTYQAFV2AQYAPCX42DDSXGTZ", "query_preview": "In the Linux octal permission system, what numeric value is assigned to the exec", "level": "info", "timestamp": "2026-06-12T20:10:58.739252Z"}
{"prompt_tag": "assess_relevance@v3", "schema": "RelevanceAssessment", "model": "cyankiwi/Qwen3.5-4B-AWQ-4bit", "max_tokens": 1024, "temperature": 0.1, "top_p": 0.8, "presence_penalty": 1.0, "seed": 42, "message_count": 1, "event": "model_call.start", "correlation_id": "01KTYQAFV2AQYAPCX42DDSXGTZ", "query_preview": "In the Linux octal permission system, what numeric value is assigned to the exec", "level": "info", "timestamp": "2026-06-12T20:10:58.740521Z"}
Authentication error: Langfuse client initialized without public_key. Client will be disabled. Provide a public_key parameter or set LANGFUSE_PUBLIC_KEY environment variable. 
{"prompt_tag": "assess_relevance@v3", "schema": "RelevanceAssessment", "tokens": 849, "event": "model_call.done", "correlation_id": "01KTYQAFV2AQYAPCX42DDSXGTZ", "query_preview": "In the Linux octal permission system, what numeric value is assigned to the exec", "level": "info", "timestamp": "2026-06-12T20:10:59.122830Z"}
{"node": "assess_relevance", "responsive": true, "event": "relevance", "correlation_id": "01KTYQAFV2AQYAPCX42DDSXGTZ", "query_preview": "In the Linux octal permission system, what numeric value is assigned to the exec", "level": "info", "timestamp": "2026-06-12T20:10:59.122882Z"}
{"node": "compose", "event": "start", "correlation_id": "01KTYQAFV2AQYAPCX42DDSXGTZ", "query_preview": "In the Linux octal permission system, what numeric value is assigned to the exec", "level": "info", "timestamp": "2026-06-12T20:10:59.124778Z"}
Authentication error: Langfuse client initialized without public_key. Client will be disabled. Provide a public_key parameter or set LANGFUSE_PUBLIC_KEY environment variable. 
{"node": "retrieve", "query_len": 64, "event": "start", "correlation_id": "01KTYQB45NTKK6RG44PNXGB5DS", "query_preview": "What character does an absolute path in Linux always begin with?", "level": "info", "timestamp": "2026-06-12T20:10:59.127051Z"}
{"query_len": 64, "k": 50, "event": "hybrid.start", "correlation_id": "01KTYQB45NTKK6RG44PNXGB5DS", "query_preview": "What character does an absolute path in Linux always begin with?", "level": "info", "timestamp": "2026-06-12T20:10:59.127098Z"}
{"query_len": 64, "k": 50, "dense": 50, "bm25": 0, "fused": 50, "term": false, "event": "hybrid.done", "correlation_id": "01KTYQB45NTKK6RG44PNXGB5DS", "query_preview": "What character does an absolute path in Linux always begin with?", "level": "info", "timestamp": "2026-06-12T20:10:59.214944Z"}
{"node": "retrieve", "candidate_count": 50, "event": "done", "correlation_id": "01KTYQB45NTKK6RG44PNXGB5DS", "query_preview": "What character does an absolute path in Linux always begin with?", "level": "info", "timestamp": "2026-06-12T20:10:59.215844Z"}
{"node": "expand_graph", "reason": "disabled_or_empty", "event": "skip", "correlation_id": "01KTYQB45NTKK6RG44PNXGB5DS", "query_preview": "What character does an absolute path in Linux always begin with?", "level": "info", "timestamp": "2026-06-12T20:10:59.217360Z"}
{"node": "rerank", "candidate_count": 50, "event": "start", "correlation_id": "01KTYQB45NTKK6RG44PNXGB5DS", "query_preview": "What character does an absolute path in Linux always begin with?", "level": "info", "timestamp": "2026-06-12T20:10:59.217838Z"}
{"node": "rerank", "top_k": 5, "source": "mode", "event": "top_k_resolved", "correlation_id": "01KTYQB45NTKK6RG44PNXGB5DS", "query_preview": "What character does an absolute path in Linux always begin with?", "level": "info", "timestamp": "2026-06-12T20:10:59.217882Z"}
{"candidates": 50, "top_k": 5, "backend": "cross_encoder", "event": "rerank.start", "correlation_id": "01KTYQB45NTKK6RG44PNXGB5DS", "query_preview": "What character does an absolute path in Linux always begin with?", "level": "info", "timestamp": "2026-06-12T20:10:59.217905Z"}
{"candidates": 50, "top_k": 5, "backend": "cross_encoder", "returned": 5, "event": "rerank.done", "correlation_id": "01KTYQB45NTKK6RG44PNXGB5DS", "query_preview": "What character does an absolute path in Linux always begin with?", "level": "info", "timestamp": "2026-06-12T20:11:13.476284Z"}
{"node": "rerank", "reranked_count": 5, "event": "done", "correlation_id": "01KTYQB45NTKK6RG44PNXGB5DS", "query_preview": "What character does an absolute path in Linux always begin with?", "level": "info", "timestamp": "2026-06-12T20:11:13.476380Z"}
{"node": "query_tables", "reason": "empty_or_not_table_shaped", "event": "skip", "correlation_id": "01KTYQB45NTKK6RG44PNXGB5DS", "query_preview": "What character does an absolute path in Linux always begin with?", "level": "info", "timestamp": "2026-06-12T20:11:13.478643Z"}
{"node": "assess", "reranked_count": 5, "event": "start", "correlation_id": "01KTYQB45NTKK6RG44PNXGB5DS", "query_preview": "What character does an absolute path in Linux always begin with?", "level": "info", "timestamp": "2026-06-12T20:11:13.479561Z"}
{"prompt_tag": "assess_sufficiency@v4", "schema": "SufficiencyAssessment", "model": "cyankiwi/Qwen3.5-4B-AWQ-4bit", "max_tokens": 1024, "temperature": 0.1, "top_p": 0.8, "presence_penalty": 1.0, "seed": 42, "message_count": 1, "event": "model_call.start", "correlation_id": "01KTYQB45NTKK6RG44PNXGB5DS", "query_preview": "What character does an absolute path in Linux always begin with?", "level": "info", "timestamp": "2026-06-12T20:11:13.481831Z"}
Authentication error: Langfuse client initialized without public_key. Client will be disabled. Provide a public_key parameter or set LANGFUSE_PUBLIC_KEY environment variable. 
{"prompt_tag": "assess_sufficiency@v4", "schema": "SufficiencyAssessment", "tokens": 1460, "event": "model_call.done", "correlation_id": "01KTYQB45NTKK6RG44PNXGB5DS", "query_preview": "What character does an absolute path in Linux always begin with?", "level": "info", "timestamp": "2026-06-12T20:11:14.008482Z"}
{"node": "answer", "regenerate_attempt": 0, "event": "start", "correlation_id": "01KTYQB45NTKK6RG44PNXGB5DS", "query_preview": "What character does an absolute path in Linux always begin with?", "level": "info", "timestamp": "2026-06-12T20:11:14.009840Z"}
{"prompt_tag": "answer@v5", "schema": "DraftAnswer", "model": "cyankiwi/Qwen3.5-4B-AWQ-4bit", "max_tokens": 1800, "temperature": 0.1, "top_p": 0.8, "presence_penalty": 1.0, "seed": 42, "message_count": 2, "event": "model_call.start", "correlation_id": "01KTYQB45NTKK6RG44PNXGB5DS", "query_preview": "What character does an absolute path in Linux always begin with?", "level": "info", "timestamp": "2026-06-12T20:11:14.012033Z"}
Authentication error: Langfuse client initialized without public_key. Client will be disabled. Provide a public_key parameter or set LANGFUSE_PUBLIC_KEY environment variable. 
{"prompt_tag": "answer@v5", "schema": "DraftAnswer", "tokens": 3102, "event": "model_call.done", "correlation_id": "01KTYQB45NTKK6RG44PNXGB5DS", "query_preview": "What character does an absolute path in Linux always begin with?", "level": "info", "timestamp": "2026-06-12T20:11:15.251174Z"}
{"node": "verify", "claim_count": 1, "event": "start", "correlation_id": "01KTYQB45NTKK6RG44PNXGB5DS", "query_preview": "What character does an absolute path in Linux always begin with?", "level": "info", "timestamp": "2026-06-12T20:11:15.251980Z"}
{"prompt_tag": "verify_grounding@v2", "schema": "VerificationResult", "model": "cyankiwi/Qwen3.5-4B-AWQ-4bit", "max_tokens": 1024, "temperature": 0.1, "top_p": 0.8, "presence_penalty": 1.0, "seed": 42, "message_count": 1, "event": "model_call.start", "correlation_id": "01KTYQB45NTKK6RG44PNXGB5DS", "query_preview": "What character does an absolute path in Linux always begin with?", "level": "info", "timestamp": "2026-06-12T20:11:15.255080Z"}
Authentication error: Langfuse client initialized without public_key. Client will be disabled. Provide a public_key parameter or set LANGFUSE_PUBLIC_KEY environment variable. 
{"prompt_tag": "verify_grounding@v2", "schema": "VerificationResult", "tokens": 1394, "event": "model_call.done", "correlation_id": "01KTYQB45NTKK6RG44PNXGB5DS", "query_preview": "What character does an absolute path in Linux always begin with?", "level": "info", "timestamp": "2026-06-12T20:11:15.646416Z"}
{"node": "assess_relevance", "event": "start", "correlation_id": "01KTYQB45NTKK6RG44PNXGB5DS", "query_preview": "What character does an absolute path in Linux always begin with?", "level": "info", "timestamp": "2026-06-12T20:11:15.647568Z"}
{"prompt_tag": "assess_relevance@v3", "schema": "RelevanceAssessment", "model": "cyankiwi/Qwen3.5-4B-AWQ-4bit", "max_tokens": 1024, "temperature": 0.1, "top_p": 0.8, "presence_penalty": 1.0, "seed": 42, "message_count": 1, "event": "model_call.start", "correlation_id": "01KTYQB45NTKK6RG44PNXGB5DS", "query_preview": "What character does an absolute path in Linux always begin with?", "level": "info", "timestamp": "2026-06-12T20:11:15.648585Z"}
Authentication error: Langfuse client initialized without public_key. Client will be disabled. Provide a public_key parameter or set LANGFUSE_PUBLIC_KEY environment variable. 
{"prompt_tag": "assess_relevance@v3", "schema": "RelevanceAssessment", "tokens": 826, "event": "model_call.done", "correlation_id": "01KTYQB45NTKK6RG44PNXGB5DS", "query_preview": "What character does an absolute path in Linux always begin with?", "level": "info", "timestamp": "2026-06-12T20:11:16.011252Z"}
{"node": "assess_relevance", "responsive": true, "event": "relevance", "correlation_id": "01KTYQB45NTKK6RG44PNXGB5DS", "query_preview": "What character does an absolute path in Linux always begin with?", "level": "info", "timestamp": "2026-06-12T20:11:16.011309Z"}
{"node": "compose", "event": "start", "correlation_id": "01KTYQB45NTKK6RG44PNXGB5DS", "query_preview": "What character does an absolute path in Linux always begin with?", "level": "info", "timestamp": "2026-06-12T20:11:16.012522Z"}
Authentication error: Langfuse client initialized without public_key. Client will be disabled. Provide a public_key parameter or set LANGFUSE_PUBLIC_KEY environment variable. 
{"node": "retrieve", "query_len": 44, "event": "start", "correlation_id": "01KTYQBMNDYDY0TJ7ETMQSFNGD", "query_preview": "In Linux, what does compression do to files?", "level": "info", "timestamp": "2026-06-12T20:11:16.013963Z"}
{"query_len": 44, "k": 50, "event": "hybrid.start", "correlation_id": "01KTYQBMNDYDY0TJ7ETMQSFNGD", "query_preview": "In Linux, what does compression do to files?", "level": "info", "timestamp": "2026-06-12T20:11:16.013997Z"}
{"query_len": 44, "k": 50, "dense": 50, "bm25": 0, "fused": 50, "term": false, "event": "hybrid.done", "correlation_id": "01KTYQBMNDYDY0TJ7ETMQSFNGD", "query_preview": "In Linux, what does compression do to files?", "level": "info", "timestamp": "2026-06-12T20:11:16.084032Z"}
{"node": "retrieve", "candidate_count": 50, "event": "done", "correlation_id": "01KTYQBMNDYDY0TJ7ETMQSFNGD", "query_preview": "In Linux, what does compression do to files?", "level": "info", "timestamp": "2026-06-12T20:11:16.084954Z"}
{"node": "expand_graph", "reason": "disabled_or_empty", "event": "skip", "correlation_id": "01KTYQBMNDYDY0TJ7ETMQSFNGD", "query_preview": "In Linux, what does compression do to files?", "level": "info", "timestamp": "2026-06-12T20:11:16.086195Z"}
{"node": "rerank", "candidate_count": 50, "event": "start", "correlation_id": "01KTYQBMNDYDY0TJ7ETMQSFNGD", "query_preview": "In Linux, what does compression do to files?", "level": "info", "timestamp": "2026-06-12T20:11:16.086695Z"}
{"node": "rerank", "top_k": 5, "source": "mode", "event": "top_k_resolved", "correlation_id": "01KTYQBMNDYDY0TJ7ETMQSFNGD", "query_preview": "In Linux, what does compression do to files?", "level": "info", "timestamp": "2026-06-12T20:11:16.086742Z"}
{"candidates": 50, "top_k": 5, "backend": "cross_encoder", "event": "rerank.start", "correlation_id": "01KTYQBMNDYDY0TJ7ETMQSFNGD", "query_preview": "In Linux, what does compression do to files?", "level": "info", "timestamp": "2026-06-12T20:11:16.086765Z"}
{"candidates": 50, "top_k": 5, "backend": "cross_encoder", "returned": 5, "event": "rerank.done", "correlation_id": "01KTYQBMNDYDY0TJ7ETMQSFNGD", "query_preview": "In Linux, what does compression do to files?", "level": "info", "timestamp": "2026-06-12T20:11:31.072033Z"}
{"node": "rerank", "reranked_count": 5, "event": "done", "correlation_id": "01KTYQBMNDYDY0TJ7ETMQSFNGD", "query_preview": "In Linux, what does compression do to files?", "level": "info", "timestamp": "2026-06-12T20:11:31.072137Z"}
{"node": "query_tables", "reason": "empty_or_not_table_shaped", "event": "skip", "correlation_id": "01KTYQBMNDYDY0TJ7ETMQSFNGD", "query_preview": "In Linux, what does compression do to files?", "level": "info", "timestamp": "2026-06-12T20:11:31.073871Z"}
{"node": "assess", "reranked_count": 5, "event": "start", "correlation_id": "01KTYQBMNDYDY0TJ7ETMQSFNGD", "query_preview": "In Linux, what does compression do to files?", "level": "info", "timestamp": "2026-06-12T20:11:31.074554Z"}
{"prompt_tag": "assess_sufficiency@v4", "schema": "SufficiencyAssessment", "model": "cyankiwi/Qwen3.5-4B-AWQ-4bit", "max_tokens": 1024, "temperature": 0.1, "top_p": 0.8, "presence_penalty": 1.0, "seed": 42, "message_count": 1, "event": "model_call.start", "correlation_id": "01KTYQBMNDYDY0TJ7ETMQSFNGD", "query_preview": "In Linux, what does compression do to files?", "level": "info", "timestamp": "2026-06-12T20:11:31.076461Z"}
Authentication error: Langfuse client initialized without public_key. Client will be disabled. Provide a public_key parameter or set LANGFUSE_PUBLIC_KEY environment variable. 
{"prompt_tag": "assess_sufficiency@v4", "schema": "SufficiencyAssessment", "tokens": 1423, "event": "model_call.done", "correlation_id": "01KTYQBMNDYDY0TJ7ETMQSFNGD", "query_preview": "In Linux, what does compression do to files?", "level": "info", "timestamp": "2026-06-12T20:11:31.632814Z"}
{"node": "answer", "regenerate_attempt": 0, "event": "start", "correlation_id": "01KTYQBMNDYDY0TJ7ETMQSFNGD", "query_preview": "In Linux, what does compression do to files?", "level": "info", "timestamp": "2026-06-12T20:11:31.634153Z"}
{"prompt_tag": "answer@v5", "schema": "DraftAnswer", "model": "cyankiwi/Qwen3.5-4B-AWQ-4bit", "max_tokens": 1800, "temperature": 0.1, "top_p": 0.8, "presence_penalty": 1.0, "seed": 42, "message_count": 2, "event": "model_call.start", "correlation_id": "01KTYQBMNDYDY0TJ7ETMQSFNGD", "query_preview": "In Linux, what does compression do to files?", "level": "info", "timestamp": "2026-06-12T20:11:31.636164Z"}
Authentication error: Langfuse client initialized without public_key. Client will be disabled. Provide a public_key parameter or set LANGFUSE_PUBLIC_KEY environment variable. 
{"prompt_tag": "answer@v5", "schema": "DraftAnswer", "tokens": 3337, "event": "model_call.done", "correlation_id": "01KTYQBMNDYDY0TJ7ETMQSFNGD", "query_preview": "In Linux, what does compression do to files?", "level": "info", "timestamp": "2026-06-12T20:11:35.336107Z"}
{"node": "verify", "claim_count": 4, "event": "start", "correlation_id": "01KTYQBMNDYDY0TJ7ETMQSFNGD", "query_preview": "In Linux, what does compression do to files?", "level": "info", "timestamp": "2026-06-12T20:11:35.337047Z"}
{"prompt_tag": "verify_grounding@v2", "schema": "VerificationResult", "model": "cyankiwi/Qwen3.5-4B-AWQ-4bit", "max_tokens": 1024, "temperature": 0.1, "top_p": 0.8, "presence_penalty": 1.0, "seed": 42, "message_count": 1, "event": "model_call.start", "correlation_id": "01KTYQBMNDYDY0TJ7ETMQSFNGD", "query_preview": "In Linux, what does compression do to files?", "level": "info", "timestamp": "2026-06-12T20:11:35.340171Z"}
Authentication error: Langfuse client initialized without public_key. Client will be disabled. Provide a public_key parameter or set LANGFUSE_PUBLIC_KEY environment variable. 
{"prompt_tag": "verify_grounding@v2", "schema": "VerificationResult", "tokens": 1547, "event": "model_call.done", "correlation_id": "01KTYQBMNDYDY0TJ7ETMQSFNGD", "query_preview": "In Linux, what does compression do to files?", "level": "info", "timestamp": "2026-06-12T20:11:35.833725Z"}
{"node": "assess_relevance", "event": "start", "correlation_id": "01KTYQBMNDYDY0TJ7ETMQSFNGD", "query_preview": "In Linux, what does compression do to files?", "level": "info", "timestamp": "2026-06-12T20:11:35.834946Z"}
{"prompt_tag": "assess_relevance@v3", "schema": "RelevanceAssessment", "model": "cyankiwi/Qwen3.5-4B-AWQ-4bit", "max_tokens": 1024, "temperature": 0.1, "top_p": 0.8, "presence_penalty": 1.0, "seed": 42, "message_count": 1, "event": "model_call.start", "correlation_id": "01KTYQBMNDYDY0TJ7ETMQSFNGD", "query_preview": "In Linux, what does compression do to files?", "level": "info", "timestamp": "2026-06-12T20:11:35.835983Z"}
Authentication error: Langfuse client initialized without public_key. Client will be disabled. Provide a public_key parameter or set LANGFUSE_PUBLIC_KEY environment variable. 
{"prompt_tag": "assess_relevance@v3", "schema": "RelevanceAssessment", "tokens": 936, "event": "model_call.done", "correlation_id": "01KTYQBMNDYDY0TJ7ETMQSFNGD", "query_preview": "In Linux, what does compression do to files?", "level": "info", "timestamp": "2026-06-12T20:11:36.336137Z"}
{"node": "assess_relevance", "responsive": true, "event": "relevance", "correlation_id": "01KTYQBMNDYDY0TJ7ETMQSFNGD", "query_preview": "In Linux, what does compression do to files?", "level": "info", "timestamp": "2026-06-12T20:11:36.336190Z"}
{"node": "compose", "event": "start", "correlation_id": "01KTYQBMNDYDY0TJ7ETMQSFNGD", "query_preview": "In Linux, what does compression do to files?", "level": "info", "timestamp": "2026-06-12T20:11:36.337649Z"}
Authentication error: Langfuse client initialized without public_key. Client will be disabled. Provide a public_key parameter or set LANGFUSE_PUBLIC_KEY environment variable. 
{"node": "retrieve", "query_len": 72, "event": "start", "correlation_id": "01KTYQC8GJZ7S6RMNTF2QEXNAA", "query_preview": "Which two files store Linux user account and authentication information?", "level": "info", "timestamp": "2026-06-12T20:11:36.339381Z"}
{"query_len": 72, "k": 50, "event": "hybrid.start", "correlation_id": "01KTYQC8GJZ7S6RMNTF2QEXNAA", "query_preview": "Which two files store Linux user account and authentication information?", "level": "info", "timestamp": "2026-06-12T20:11:36.339418Z"}
{"query_len": 72, "k": 50, "dense": 50, "bm25": 0, "fused": 50, "term": false, "event": "hybrid.done", "correlation_id": "01KTYQC8GJZ7S6RMNTF2QEXNAA", "query_preview": "Which two files store Linux user account and authentication information?", "level": "info", "timestamp": "2026-06-12T20:11:36.403998Z"}
{"node": "retrieve", "candidate_count": 50, "event": "done", "correlation_id": "01KTYQC8GJZ7S6RMNTF2QEXNAA", "query_preview": "Which two files store Linux user account and authentication information?", "level": "info", "timestamp": "2026-06-12T20:11:36.404979Z"}
{"node": "expand_graph", "reason": "disabled_or_empty", "event": "skip", "correlation_id": "01KTYQC8GJZ7S6RMNTF2QEXNAA", "query_preview": "Which two files store Linux user account and authentication information?", "level": "info", "timestamp": "2026-06-12T20:11:36.406459Z"}
{"node": "rerank", "candidate_count": 50, "event": "start", "correlation_id": "01KTYQC8GJZ7S6RMNTF2QEXNAA", "query_preview": "Which two files store Linux user account and authentication information?", "level": "info", "timestamp": "2026-06-12T20:11:36.407196Z"}
{"node": "rerank", "top_k": 5, "source": "mode", "event": "top_k_resolved", "correlation_id": "01KTYQC8GJZ7S6RMNTF2QEXNAA", "query_preview": "Which two files store Linux user account and authentication information?", "level": "info", "timestamp": "2026-06-12T20:11:36.407252Z"}
{"candidates": 50, "top_k": 5, "backend": "cross_encoder", "event": "rerank.start", "correlation_id": "01KTYQC8GJZ7S6RMNTF2QEXNAA", "query_preview": "Which two files store Linux user account and authentication information?", "level": "info", "timestamp": "2026-06-12T20:11:36.407277Z"}
{"candidates": 50, "top_k": 5, "backend": "cross_encoder", "returned": 5, "event": "rerank.done", "correlation_id": "01KTYQC8GJZ7S6RMNTF2QEXNAA", "query_preview": "Which two files store Linux user account and authentication information?", "level": "info", "timestamp": "2026-06-12T20:11:48.358223Z"}
{"node": "rerank", "reranked_count": 5, "event": "done", "correlation_id": "01KTYQC8GJZ7S6RMNTF2QEXNAA", "query_preview": "Which two files store Linux user account and authentication information?", "level": "info", "timestamp": "2026-06-12T20:11:48.358310Z"}
{"prompt_tag": "generate_table_sql@v1", "schema": "GeneratedSQL", "model": "cyankiwi/Qwen3.5-4B-AWQ-4bit", "max_tokens": 1024, "temperature": 0.1, "top_p": 0.8, "presence_penalty": 1.0, "seed": 42, "message_count": 1, "event": "model_call.start", "correlation_id": "01KTYQC8GJZ7S6RMNTF2QEXNAA", "query_preview": "Which two files store Linux user account and authentication information?", "level": "info", "timestamp": "2026-06-12T20:11:48.364041Z"}
Authentication error: Langfuse client initialized without public_key. Client will be disabled. Provide a public_key parameter or set LANGFUSE_PUBLIC_KEY environment variable. 
{"prompt_tag": "generate_table_sql@v1", "schema": "GeneratedSQL", "tokens": 955, "event": "model_call.done", "correlation_id": "01KTYQC8GJZ7S6RMNTF2QEXNAA", "query_preview": "Which two files store Linux user account and authentication information?", "level": "info", "timestamp": "2026-06-12T20:11:49.043949Z"}
{"node": "query_doc_tables", "sql": "SELECT * FROM b9ec9c6e63 WHERE col1 LIKE '%Linux%' AND shareable = 'True'", "target": "b9ec9c6e63", "event": "table_sql.generated", "correlation_id": "01KTYQC8GJZ7S6RMNTF2QEXNAA", "query_preview": "Which two files store Linux user account and authentication information?", "level": "info", "timestamp": "2026-06-12T20:11:49.044007Z"}
{"node": "query_doc_tables", "target": "b9ec9c6e63", "event": "table_sql.no_result", "correlation_id": "01KTYQC8GJZ7S6RMNTF2QEXNAA", "query_preview": "Which two files store Linux user account and authentication information?", "level": "info", "timestamp": "2026-06-12T20:11:49.044582Z"}
{"node": "query_tables", "event": "no_table_answer", "correlation_id": "01KTYQC8GJZ7S6RMNTF2QEXNAA", "query_preview": "Which two files store Linux user account and authentication information?", "level": "info", "timestamp": "2026-06-12T20:11:49.044795Z"}
{"node": "assess", "reranked_count": 5, "event": "start", "correlation_id": "01KTYQC8GJZ7S6RMNTF2QEXNAA", "query_preview": "Which two files store Linux user account and authentication information?", "level": "info", "timestamp": "2026-06-12T20:11:49.045482Z"}
{"prompt_tag": "assess_sufficiency@v4", "schema": "SufficiencyAssessment", "model": "cyankiwi/Qwen3.5-4B-AWQ-4bit", "max_tokens": 1024, "temperature": 0.1, "top_p": 0.8, "presence_penalty": 1.0, "seed": 42, "message_count": 1, "event": "model_call.start", "correlation_id": "01KTYQC8GJZ7S6RMNTF2QEXNAA", "query_preview": "Which two files store Linux user account and authentication information?", "level": "info", "timestamp": "2026-06-12T20:11:49.046799Z"}
Authentication error: Langfuse client initialized without public_key. Client will be disabled. Provide a public_key parameter or set LANGFUSE_PUBLIC_KEY environment variable. 
{"prompt_tag": "assess_sufficiency@v4", "schema": "SufficiencyAssessment", "tokens": 1391, "event": "model_call.done", "correlation_id": "01KTYQC8GJZ7S6RMNTF2QEXNAA", "query_preview": "Which two files store Linux user account and authentication information?", "level": "info", "timestamp": "2026-06-12T20:11:49.696705Z"}
{"node": "answer", "regenerate_attempt": 0, "event": "start", "correlation_id": "01KTYQC8GJZ7S6RMNTF2QEXNAA", "query_preview": "Which two files store Linux user account and authentication information?", "level": "info", "timestamp": "2026-06-12T20:11:49.697854Z"}
{"prompt_tag": "answer@v5", "schema": "DraftAnswer", "model": "cyankiwi/Qwen3.5-4B-AWQ-4bit", "max_tokens": 1800, "temperature": 0.1, "top_p": 0.8, "presence_penalty": 1.0, "seed": 42, "message_count": 2, "event": "model_call.start", "correlation_id": "01KTYQC8GJZ7S6RMNTF2QEXNAA", "query_preview": "Which two files store Linux user account and authentication information?", "level": "info", "timestamp": "2026-06-12T20:11:49.699806Z"}
Authentication error: Langfuse client initialized without public_key. Client will be disabled. Provide a public_key parameter or set LANGFUSE_PUBLIC_KEY environment variable. 
{"prompt_tag": "answer@v5", "schema": "DraftAnswer", "tokens": 3020, "event": "model_call.done", "correlation_id": "01KTYQC8GJZ7S6RMNTF2QEXNAA", "query_preview": "Which two files store Linux user account and authentication information?", "level": "info", "timestamp": "2026-06-12T20:11:50.971366Z"}
{"node": "verify", "claim_count": 1, "event": "start", "correlation_id": "01KTYQC8GJZ7S6RMNTF2QEXNAA", "query_preview": "Which two files store Linux user account and authentication information?", "level": "info", "timestamp": "2026-06-12T20:11:50.972116Z"}
{"prompt_tag": "verify_grounding@v2", "schema": "VerificationResult", "model": "cyankiwi/Qwen3.5-4B-AWQ-4bit", "max_tokens": 1024, "temperature": 0.1, "top_p": 0.8, "presence_penalty": 1.0, "seed": 42, "message_count": 1, "event": "model_call.start", "correlation_id": "01KTYQC8GJZ7S6RMNTF2QEXNAA", "query_preview": "Which two files store Linux user account and authentication information?", "level": "info", "timestamp": "2026-06-12T20:11:50.975169Z"}
Authentication error: Langfuse client initialized without public_key. Client will be disabled. Provide a public_key parameter or set LANGFUSE_PUBLIC_KEY environment variable. 
{"prompt_tag": "verify_grounding@v2", "schema": "VerificationResult", "tokens": 1307, "event": "model_call.done", "correlation_id": "01KTYQC8GJZ7S6RMNTF2QEXNAA", "query_preview": "Which two files store Linux user account and authentication information?", "level": "info", "timestamp": "2026-06-12T20:11:51.355705Z"}
{"node": "assess_relevance", "event": "start", "correlation_id": "01KTYQC8GJZ7S6RMNTF2QEXNAA", "query_preview": "Which two files store Linux user account and authentication information?", "level": "info", "timestamp": "2026-06-12T20:11:51.356761Z"}
{"prompt_tag": "assess_relevance@v3", "schema": "RelevanceAssessment", "model": "cyankiwi/Qwen3.5-4B-AWQ-4bit", "max_tokens": 1024, "temperature": 0.1, "top_p": 0.8, "presence_penalty": 1.0, "seed": 42, "message_count": 1, "event": "model_call.start", "correlation_id": "01KTYQC8GJZ7S6RMNTF2QEXNAA", "query_preview": "Which two files store Linux user account and authentication information?", "level": "info", "timestamp": "2026-06-12T20:11:51.357737Z"}
Authentication error: Langfuse client initialized without public_key. Client will be disabled. Provide a public_key parameter or set LANGFUSE_PUBLIC_KEY environment variable. 
{"prompt_tag": "assess_relevance@v3", "schema": "RelevanceAssessment", "tokens": 836, "event": "model_call.done", "correlation_id": "01KTYQC8GJZ7S6RMNTF2QEXNAA", "query_preview": "Which two files store Linux user account and authentication information?", "level": "info", "timestamp": "2026-06-12T20:11:51.737933Z"}
{"node": "assess_relevance", "responsive": true, "event": "relevance", "correlation_id": "01KTYQC8GJZ7S6RMNTF2QEXNAA", "query_preview": "Which two files store Linux user account and authentication information?", "level": "info", "timestamp": "2026-06-12T20:11:51.737992Z"}
{"node": "compose", "event": "start", "correlation_id": "01KTYQC8GJZ7S6RMNTF2QEXNAA", "query_preview": "Which two files store Linux user account and authentication information?", "level": "info", "timestamp": "2026-06-12T20:11:51.739042Z"}
Authentication error: Langfuse client initialized without public_key. Client will be disabled. Provide a public_key parameter or set LANGFUSE_PUBLIC_KEY environment variable. 
{"node": "retrieve", "query_len": 28, "event": "start", "correlation_id": "01KTYQCQHVG1ZCZ3RYZDCQ2KCX", "query_preview": "What is a man page in Linux?", "level": "info", "timestamp": "2026-06-12T20:11:51.740460Z"}
{"query_len": 28, "k": 50, "event": "hybrid.start", "correlation_id": "01KTYQCQHVG1ZCZ3RYZDCQ2KCX", "query_preview": "What is a man page in Linux?", "level": "info", "timestamp": "2026-06-12T20:11:51.740496Z"}
{"query_len": 28, "k": 50, "dense": 50, "bm25": 0, "fused": 50, "term": false, "event": "hybrid.done", "correlation_id": "01KTYQCQHVG1ZCZ3RYZDCQ2KCX", "query_preview": "What is a man page in Linux?", "level": "info", "timestamp": "2026-06-12T20:11:51.809455Z"}
{"node": "retrieve", "candidate_count": 50, "event": "done", "correlation_id": "01KTYQCQHVG1ZCZ3RYZDCQ2KCX", "query_preview": "What is a man page in Linux?", "level": "info", "timestamp": "2026-06-12T20:11:51.810384Z"}
{"node": "expand_graph", "reason": "disabled_or_empty", "event": "skip", "correlation_id": "01KTYQCQHVG1ZCZ3RYZDCQ2KCX", "query_preview": "What is a man page in Linux?", "level": "info", "timestamp": "2026-06-12T20:11:51.811606Z"}
{"node": "rerank", "candidate_count": 50, "event": "start", "correlation_id": "01KTYQCQHVG1ZCZ3RYZDCQ2KCX", "query_preview": "What is a man page in Linux?", "level": "info", "timestamp": "2026-06-12T20:11:51.812074Z"}
{"node": "rerank", "top_k": 5, "source": "mode", "event": "top_k_resolved", "correlation_id": "01KTYQCQHVG1ZCZ3RYZDCQ2KCX", "query_preview": "What is a man page in Linux?", "level": "info", "timestamp": "2026-06-12T20:11:51.812121Z"}
{"candidates": 50, "top_k": 5, "backend": "cross_encoder", "event": "rerank.start", "correlation_id": "01KTYQCQHVG1ZCZ3RYZDCQ2KCX", "query_preview": "What is a man page in Linux?", "level": "info", "timestamp": "2026-06-12T20:11:51.812144Z"}
{"candidates": 50, "top_k": 5, "backend": "cross_encoder", "returned": 5, "event": "rerank.done", "correlation_id": "01KTYQCQHVG1ZCZ3RYZDCQ2KCX", "query_preview": "What is a man page in Linux?", "level": "info", "timestamp": "2026-06-12T20:12:02.062182Z"}
{"node": "rerank", "reranked_count": 5, "event": "done", "correlation_id": "01KTYQCQHVG1ZCZ3RYZDCQ2KCX", "query_preview": "What is a man page in Linux?", "level": "info", "timestamp": "2026-06-12T20:12:02.062279Z"}
{"node": "query_tables", "reason": "empty_or_not_table_shaped", "event": "skip", "correlation_id": "01KTYQCQHVG1ZCZ3RYZDCQ2KCX", "query_preview": "What is a man page in Linux?", "level": "info", "timestamp": "2026-06-12T20:12:02.064118Z"}
{"node": "assess", "reranked_count": 5, "event": "start", "correlation_id": "01KTYQCQHVG1ZCZ3RYZDCQ2KCX", "query_preview": "What is a man page in Linux?", "level": "info", "timestamp": "2026-06-12T20:12:02.064955Z"}
{"prompt_tag": "assess_sufficiency@v4", "schema": "SufficiencyAssessment", "model": "cyankiwi/Qwen3.5-4B-AWQ-4bit", "max_tokens": 1024, "temperature": 0.1, "top_p": 0.8, "presence_penalty": 1.0, "seed": 42, "message_count": 1, "event": "model_call.start", "correlation_id": "01KTYQCQHVG1ZCZ3RYZDCQ2KCX", "query_preview": "What is a man page in Linux?", "level": "info", "timestamp": "2026-06-12T20:12:02.066935Z"}
Authentication error: Langfuse client initialized without public_key. Client will be disabled. Provide a public_key parameter or set LANGFUSE_PUBLIC_KEY environment variable. 
{"prompt_tag": "assess_sufficiency@v4", "schema": "SufficiencyAssessment", "tokens": 1280, "event": "model_call.done", "correlation_id": "01KTYQCQHVG1ZCZ3RYZDCQ2KCX", "query_preview": "What is a man page in Linux?", "level": "info", "timestamp": "2026-06-12T20:12:02.610830Z"}
{"node": "answer", "regenerate_attempt": 0, "event": "start", "correlation_id": "01KTYQCQHVG1ZCZ3RYZDCQ2KCX", "query_preview": "What is a man page in Linux?", "level": "info", "timestamp": "2026-06-12T20:12:02.612019Z"}
{"prompt_tag": "answer@v5", "schema": "DraftAnswer", "model": "cyankiwi/Qwen3.5-4B-AWQ-4bit", "max_tokens": 1800, "temperature": 0.1, "top_p": 0.8, "presence_penalty": 1.0, "seed": 42, "message_count": 2, "event": "model_call.start", "correlation_id": "01KTYQCQHVG1ZCZ3RYZDCQ2KCX", "query_preview": "What is a man page in Linux?", "level": "info", "timestamp": "2026-06-12T20:12:02.614008Z"}
Authentication error: Langfuse client initialized without public_key. Client will be disabled. Provide a public_key parameter or set LANGFUSE_PUBLIC_KEY environment variable. 
{"prompt_tag": "answer@v5", "schema": "DraftAnswer", "tokens": 3033, "event": "model_call.done", "correlation_id": "01KTYQCQHVG1ZCZ3RYZDCQ2KCX", "query_preview": "What is a man page in Linux?", "level": "info", "timestamp": "2026-06-12T20:12:04.863122Z"}
{"node": "verify", "claim_count": 2, "event": "start", "correlation_id": "01KTYQCQHVG1ZCZ3RYZDCQ2KCX", "query_preview": "What is a man page in Linux?", "level": "info", "timestamp": "2026-06-12T20:12:04.863924Z"}
{"prompt_tag": "verify_grounding@v2", "schema": "VerificationResult", "model": "cyankiwi/Qwen3.5-4B-AWQ-4bit", "max_tokens": 1024, "temperature": 0.1, "top_p": 0.8, "presence_penalty": 1.0, "seed": 42, "message_count": 1, "event": "model_call.start", "correlation_id": "01KTYQCQHVG1ZCZ3RYZDCQ2KCX", "query_preview": "What is a man page in Linux?", "level": "info", "timestamp": "2026-06-12T20:12:04.867033Z"}
Authentication error: Langfuse client initialized without public_key. Client will be disabled. Provide a public_key parameter or set LANGFUSE_PUBLIC_KEY environment variable. 
{"prompt_tag": "verify_grounding@v2", "schema": "VerificationResult", "tokens": 1292, "event": "model_call.done", "correlation_id": "01KTYQCQHVG1ZCZ3RYZDCQ2KCX", "query_preview": "What is a man page in Linux?", "level": "info", "timestamp": "2026-06-12T20:12:05.271719Z"}
{"node": "assess_relevance", "event": "start", "correlation_id": "01KTYQCQHVG1ZCZ3RYZDCQ2KCX", "query_preview": "What is a man page in Linux?", "level": "info", "timestamp": "2026-06-12T20:12:05.272982Z"}
{"prompt_tag": "assess_relevance@v3", "schema": "RelevanceAssessment", "model": "cyankiwi/Qwen3.5-4B-AWQ-4bit", "max_tokens": 1024, "temperature": 0.1, "top_p": 0.8, "presence_penalty": 1.0, "seed": 42, "message_count": 1, "event": "model_call.start", "correlation_id": "01KTYQCQHVG1ZCZ3RYZDCQ2KCX", "query_preview": "What is a man page in Linux?", "level": "info", "timestamp": "2026-06-12T20:12:05.274089Z"}
Authentication error: Langfuse client initialized without public_key. Client will be disabled. Provide a public_key parameter or set LANGFUSE_PUBLIC_KEY environment variable. 
{"prompt_tag": "assess_relevance@v3", "schema": "RelevanceAssessment", "tokens": 879, "event": "model_call.done", "correlation_id": "01KTYQCQHVG1ZCZ3RYZDCQ2KCX", "query_preview": "What is a man page in Linux?", "level": "info", "timestamp": "2026-06-12T20:12:05.594460Z"}
{"node": "assess_relevance", "responsive": true, "event": "relevance", "correlation_id": "01KTYQCQHVG1ZCZ3RYZDCQ2KCX", "query_preview": "What is a man page in Linux?", "level": "info", "timestamp": "2026-06-12T20:12:05.594513Z"}
{"node": "compose", "event": "start", "correlation_id": "01KTYQCQHVG1ZCZ3RYZDCQ2KCX", "query_preview": "What is a man page in Linux?", "level": "info", "timestamp": "2026-06-12T20:12:05.595589Z"}
Authentication error: Langfuse client initialized without public_key. Client will be disabled. Provide a public_key parameter or set LANGFUSE_PUBLIC_KEY environment variable. 
{"node": "retrieve", "query_len": 36, "event": "start", "correlation_id": "01KTYQD52WB59MGNWY120CZ15T", "query_preview": "What does the Linux sort command do?", "level": "info", "timestamp": "2026-06-12T20:12:05.597052Z"}
{"query_len": 36, "k": 50, "event": "hybrid.start", "correlation_id": "01KTYQD52WB59MGNWY120CZ15T", "query_preview": "What does the Linux sort command do?", "level": "info", "timestamp": "2026-06-12T20:12:05.597101Z"}
{"query_len": 36, "k": 50, "dense": 50, "bm25": 0, "fused": 50, "term": false, "event": "hybrid.done", "correlation_id": "01KTYQD52WB59MGNWY120CZ15T", "query_preview": "What does the Linux sort command do?", "level": "info", "timestamp": "2026-06-12T20:12:05.662032Z"}
{"node": "retrieve", "candidate_count": 50, "event": "done", "correlation_id": "01KTYQD52WB59MGNWY120CZ15T", "query_preview": "What does the Linux sort command do?", "level": "info", "timestamp": "2026-06-12T20:12:05.663007Z"}
{"node": "expand_graph", "reason": "disabled_or_empty", "event": "skip", "correlation_id": "01KTYQD52WB59MGNWY120CZ15T", "query_preview": "What does the Linux sort command do?", "level": "info", "timestamp": "2026-06-12T20:12:05.664259Z"}
{"node": "rerank", "candidate_count": 50, "event": "start", "correlation_id": "01KTYQD52WB59MGNWY120CZ15T", "query_preview": "What does the Linux sort command do?", "level": "info", "timestamp": "2026-06-12T20:12:05.664741Z"}
{"node": "rerank", "top_k": 5, "source": "mode", "event": "top_k_resolved", "correlation_id": "01KTYQD52WB59MGNWY120CZ15T", "query_preview": "What does the Linux sort command do?", "level": "info", "timestamp": "2026-06-12T20:12:05.664786Z"}
{"candidates": 50, "top_k": 5, "backend": "cross_encoder", "event": "rerank.start", "correlation_id": "01KTYQD52WB59MGNWY120CZ15T", "query_preview": "What does the Linux sort command do?", "level": "info", "timestamp": "2026-06-12T20:12:05.664809Z"}
{"candidates": 50, "top_k": 5, "backend": "cross_encoder", "returned": 5, "event": "rerank.done", "correlation_id": "01KTYQD52WB59MGNWY120CZ15T", "query_preview": "What does the Linux sort command do?", "level": "info", "timestamp": "2026-06-12T20:12:22.476863Z"}
{"node": "rerank", "reranked_count": 5, "event": "done", "correlation_id": "01KTYQD52WB59MGNWY120CZ15T", "query_preview": "What does the Linux sort command do?", "level": "info", "timestamp": "2026-06-12T20:12:22.476962Z"}
{"node": "query_tables", "reason": "empty_or_not_table_shaped", "event": "skip", "correlation_id": "01KTYQD52WB59MGNWY120CZ15T", "query_preview": "What does the Linux sort command do?", "level": "info", "timestamp": "2026-06-12T20:12:22.478731Z"}
{"node": "assess", "reranked_count": 5, "event": "start", "correlation_id": "01KTYQD52WB59MGNWY120CZ15T", "query_preview": "What does the Linux sort command do?", "level": "info", "timestamp": "2026-06-12T20:12:22.479439Z"}
{"prompt_tag": "assess_sufficiency@v4", "schema": "SufficiencyAssessment", "model": "cyankiwi/Qwen3.5-4B-AWQ-4bit", "max_tokens": 1024, "temperature": 0.1, "top_p": 0.8, "presence_penalty": 1.0, "seed": 42, "message_count": 1, "event": "model_call.start", "correlation_id": "01KTYQD52WB59MGNWY120CZ15T", "query_preview": "What does the Linux sort command do?", "level": "info", "timestamp": "2026-06-12T20:12:22.481369Z"}
Authentication error: Langfuse client initialized without public_key. Client will be disabled. Provide a public_key parameter or set LANGFUSE_PUBLIC_KEY environment variable. 
{"prompt_tag": "assess_sufficiency@v4", "schema": "SufficiencyAssessment", "tokens": 1704, "event": "model_call.done", "correlation_id": "01KTYQD52WB59MGNWY120CZ15T", "query_preview": "What does the Linux sort command do?", "level": "info", "timestamp": "2026-06-12T20:12:23.084772Z"}
{"node": "answer", "regenerate_attempt": 0, "event": "start", "correlation_id": "01KTYQD52WB59MGNWY120CZ15T", "query_preview": "What does the Linux sort command do?", "level": "info", "timestamp": "2026-06-12T20:12:23.086361Z"}
{"prompt_tag": "answer@v5", "schema": "DraftAnswer", "model": "cyankiwi/Qwen3.5-4B-AWQ-4bit", "max_tokens": 1800, "temperature": 0.1, "top_p": 0.8, "presence_penalty": 1.0, "seed": 42, "message_count": 2, "event": "model_call.start", "correlation_id": "01KTYQD52WB59MGNWY120CZ15T", "query_preview": "What does the Linux sort command do?", "level": "info", "timestamp": "2026-06-12T20:12:23.089039Z"}
Authentication error: Langfuse client initialized without public_key. Client will be disabled. Provide a public_key parameter or set LANGFUSE_PUBLIC_KEY environment variable. 
{"prompt_tag": "answer@v5", "schema": "DraftAnswer", "tokens": 3701, "event": "model_call.done", "correlation_id": "01KTYQD52WB59MGNWY120CZ15T", "query_preview": "What does the Linux sort command do?", "level": "info", "timestamp": "2026-06-12T20:12:27.581638Z"}
{"node": "verify", "claim_count": 6, "event": "start", "correlation_id": "01KTYQD52WB59MGNWY120CZ15T", "query_preview": "What does the Linux sort command do?", "level": "info", "timestamp": "2026-06-12T20:12:27.582834Z"}
{"prompt_tag": "verify_grounding@v2", "schema": "VerificationResult", "model": "cyankiwi/Qwen3.5-4B-AWQ-4bit", "max_tokens": 1024, "temperature": 0.1, "top_p": 0.8, "presence_penalty": 1.0, "seed": 42, "message_count": 1, "event": "model_call.start", "correlation_id": "01KTYQD52WB59MGNWY120CZ15T", "query_preview": "What does the Linux sort command do?", "level": "info", "timestamp": "2026-06-12T20:12:27.586723Z"}
Authentication error: Langfuse client initialized without public_key. Client will be disabled. Provide a public_key parameter or set LANGFUSE_PUBLIC_KEY environment variable. 
{"prompt_tag": "verify_grounding@v2", "schema": "VerificationResult", "tokens": 1890, "event": "model_call.done", "correlation_id": "01KTYQD52WB59MGNWY120CZ15T", "query_preview": "What does the Linux sort command do?", "level": "info", "timestamp": "2026-06-12T20:12:28.186913Z"}
{"node": "assess_relevance", "event": "start", "correlation_id": "01KTYQD52WB59MGNWY120CZ15T", "query_preview": "What does the Linux sort command do?", "level": "info", "timestamp": "2026-06-12T20:12:28.188675Z"}
{"prompt_tag": "assess_relevance@v3", "schema": "RelevanceAssessment", "model": "cyankiwi/Qwen3.5-4B-AWQ-4bit", "max_tokens": 1024, "temperature": 0.1, "top_p": 0.8, "presence_penalty": 1.0, "seed": 42, "message_count": 1, "event": "model_call.start", "correlation_id": "01KTYQD52WB59MGNWY120CZ15T", "query_preview": "What does the Linux sort command do?", "level": "info", "timestamp": "2026-06-12T20:12:28.189875Z"}
Authentication error: Langfuse client initialized without public_key. Client will be disabled. Provide a public_key parameter or set LANGFUSE_PUBLIC_KEY environment variable. 
{"prompt_tag": "assess_relevance@v3", "schema": "RelevanceAssessment", "tokens": 932, "event": "model_call.done", "correlation_id": "01KTYQD52WB59MGNWY120CZ15T", "query_preview": "What does the Linux sort command do?", "level": "info", "timestamp": "2026-06-12T20:12:28.542971Z"}
{"node": "assess_relevance", "responsive": true, "event": "relevance", "correlation_id": "01KTYQD52WB59MGNWY120CZ15T", "query_preview": "What does the Linux sort command do?", "level": "info", "timestamp": "2026-06-12T20:12:28.543022Z"}
{"node": "compose", "event": "start", "correlation_id": "01KTYQD52WB59MGNWY120CZ15T", "query_preview": "What does the Linux sort command do?", "level": "info", "timestamp": "2026-06-12T20:12:28.544933Z"}
Authentication error: Langfuse client initialized without public_key. Client will be disabled. Provide a public_key parameter or set LANGFUSE_PUBLIC_KEY environment variable. 
{"node": "retrieve", "query_len": 53, "event": "start", "correlation_id": "01KTYQDVG1HNEJGNA1RDKN0YY6", "query_preview": "According to the course, what is an operating system?", "level": "info", "timestamp": "2026-06-12T20:12:28.547096Z"}
{"query_len": 53, "k": 50, "event": "hybrid.start", "correlation_id": "01KTYQDVG1HNEJGNA1RDKN0YY6", "query_preview": "According to the course, what is an operating system?", "level": "info", "timestamp": "2026-06-12T20:12:28.547141Z"}
{"query_len": 53, "k": 50, "dense": 50, "bm25": 0, "fused": 50, "term": false, "event": "hybrid.done", "correlation_id": "01KTYQDVG1HNEJGNA1RDKN0YY6", "query_preview": "According to the course, what is an operating system?", "level": "info", "timestamp": "2026-06-12T20:12:28.626522Z"}
{"node": "retrieve", "candidate_count": 50, "event": "done", "correlation_id": "01KTYQDVG1HNEJGNA1RDKN0YY6", "query_preview": "According to the course, what is an operating system?", "level": "info", "timestamp": "2026-06-12T20:12:28.627542Z"}
{"node": "expand_graph", "reason": "disabled_or_empty", "event": "skip", "correlation_id": "01KTYQDVG1HNEJGNA1RDKN0YY6", "query_preview": "According to the course, what is an operating system?", "level": "info", "timestamp": "2026-06-12T20:12:28.629081Z"}
{"node": "rerank", "candidate_count": 50, "event": "start", "correlation_id": "01KTYQDVG1HNEJGNA1RDKN0YY6", "query_preview": "According to the course, what is an operating system?", "level": "info", "timestamp": "2026-06-12T20:12:28.629736Z"}
{"node": "rerank", "top_k": 5, "source": "mode", "event": "top_k_resolved", "correlation_id": "01KTYQDVG1HNEJGNA1RDKN0YY6", "query_preview": "According to the course, what is an operating system?", "level": "info", "timestamp": "2026-06-12T20:12:28.629788Z"}
{"candidates": 50, "top_k": 5, "backend": "cross_encoder", "event": "rerank.start", "correlation_id": "01KTYQDVG1HNEJGNA1RDKN0YY6", "query_preview": "According to the course, what is an operating system?", "level": "info", "timestamp": "2026-06-12T20:12:28.629812Z"}
{"candidates": 50, "top_k": 5, "backend": "cross_encoder", "returned": 5, "event": "rerank.done", "correlation_id": "01KTYQDVG1HNEJGNA1RDKN0YY6", "query_preview": "According to the course, what is an operating system?", "level": "info", "timestamp": "2026-06-12T20:12:49.230974Z"}
{"node": "rerank", "reranked_count": 5, "event": "done", "correlation_id": "01KTYQDVG1HNEJGNA1RDKN0YY6", "query_preview": "According to the course, what is an operating system?", "level": "info", "timestamp": "2026-06-12T20:12:49.231090Z"}
{"node": "query_tables", "reason": "empty_or_not_table_shaped", "event": "skip", "correlation_id": "01KTYQDVG1HNEJGNA1RDKN0YY6", "query_preview": "According to the course, what is an operating system?", "level": "info", "timestamp": "2026-06-12T20:12:49.232991Z"}
{"node": "assess", "reranked_count": 5, "event": "start", "correlation_id": "01KTYQDVG1HNEJGNA1RDKN0YY6", "query_preview": "According to the course, what is an operating system?", "level": "info", "timestamp": "2026-06-12T20:12:49.233755Z"}
{"prompt_tag": "assess_sufficiency@v4", "schema": "SufficiencyAssessment", "model": "cyankiwi/Qwen3.5-4B-AWQ-4bit", "max_tokens": 1024, "temperature": 0.1, "top_p": 0.8, "presence_penalty": 1.0, "seed": 42, "message_count": 1, "event": "model_call.start", "correlation_id": "01KTYQDVG1HNEJGNA1RDKN0YY6", "query_preview": "According to the course, what is an operating system?", "level": "info", "timestamp": "2026-06-12T20:12:49.235862Z"}
Authentication error: Langfuse client initialized without public_key. Client will be disabled. Provide a public_key parameter or set LANGFUSE_PUBLIC_KEY environment variable. 
{"prompt_tag": "assess_sufficiency@v4", "schema": "SufficiencyAssessment", "tokens": 1636, "event": "model_call.done", "correlation_id": "01KTYQDVG1HNEJGNA1RDKN0YY6", "query_preview": "According to the course, what is an operating system?", "level": "info", "timestamp": "2026-06-12T20:12:49.928531Z"}
{"node": "answer", "regenerate_attempt": 0, "event": "start", "correlation_id": "01KTYQDVG1HNEJGNA1RDKN0YY6", "query_preview": "According to the course, what is an operating system?", "level": "info", "timestamp": "2026-06-12T20:12:49.929974Z"}
{"prompt_tag": "answer@v5", "schema": "DraftAnswer", "model": "cyankiwi/Qwen3.5-4B-AWQ-4bit", "max_tokens": 1800, "temperature": 0.1, "top_p": 0.8, "presence_penalty": 1.0, "seed": 42, "message_count": 2, "event": "model_call.start", "correlation_id": "01KTYQDVG1HNEJGNA1RDKN0YY6", "query_preview": "According to the course, what is an operating system?", "level": "info", "timestamp": "2026-06-12T20:12:49.932972Z"}
Authentication error: Langfuse client initialized without public_key. Client will be disabled. Provide a public_key parameter or set LANGFUSE_PUBLIC_KEY environment variable. 
{"prompt_tag": "answer@v5", "schema": "DraftAnswer", "tokens": 3352, "event": "model_call.done", "correlation_id": "01KTYQDVG1HNEJGNA1RDKN0YY6", "query_preview": "According to the course, what is an operating system?", "level": "info", "timestamp": "2026-06-12T20:12:51.982231Z"}
{"node": "verify", "claim_count": 2, "event": "start", "correlation_id": "01KTYQDVG1HNEJGNA1RDKN0YY6", "query_preview": "According to the course, what is an operating system?", "level": "info", "timestamp": "2026-06-12T20:12:51.983245Z"}
{"prompt_tag": "verify_grounding@v2", "schema": "VerificationResult", "model": "cyankiwi/Qwen3.5-4B-AWQ-4bit", "max_tokens": 1024, "temperature": 0.1, "top_p": 0.8, "presence_penalty": 1.0, "seed": 42, "message_count": 1, "event": "model_call.start", "correlation_id": "01KTYQDVG1HNEJGNA1RDKN0YY6", "query_preview": "According to the course, what is an operating system?", "level": "info", "timestamp": "2026-06-12T20:12:51.987647Z"}
Authentication error: Langfuse client initialized without public_key. Client will be disabled. Provide a public_key parameter or set LANGFUSE_PUBLIC_KEY environment variable. 
{"prompt_tag": "verify_grounding@v2", "schema": "VerificationResult", "tokens": 1230, "event": "model_call.done", "correlation_id": "01KTYQDVG1HNEJGNA1RDKN0YY6", "query_preview": "According to the course, what is an operating system?", "level": "info", "timestamp": "2026-06-12T20:12:52.384088Z"}
{"node": "assess_relevance", "event": "start", "correlation_id": "01KTYQDVG1HNEJGNA1RDKN0YY6", "query_preview": "According to the course, what is an operating system?", "level": "info", "timestamp": "2026-06-12T20:12:52.385288Z"}
{"prompt_tag": "assess_relevance@v3", "schema": "RelevanceAssessment", "model": "cyankiwi/Qwen3.5-4B-AWQ-4bit", "max_tokens": 1024, "temperature": 0.1, "top_p": 0.8, "presence_penalty": 1.0, "seed": 42, "message_count": 1, "event": "model_call.start", "correlation_id": "01KTYQDVG1HNEJGNA1RDKN0YY6", "query_preview": "According to the course, what is an operating system?", "level": "info", "timestamp": "2026-06-12T20:12:52.386307Z"}
Authentication error: Langfuse client initialized without public_key. Client will be disabled. Provide a public_key parameter or set LANGFUSE_PUBLIC_KEY environment variable. 
{"prompt_tag": "assess_relevance@v3", "schema": "RelevanceAssessment", "tokens": 870, "event": "model_call.done", "correlation_id": "01KTYQDVG1HNEJGNA1RDKN0YY6", "query_preview": "According to the course, what is an operating system?", "level": "info", "timestamp": "2026-06-12T20:12:52.764713Z"}
{"node": "assess_relevance", "responsive": true, "event": "relevance", "correlation_id": "01KTYQDVG1HNEJGNA1RDKN0YY6", "query_preview": "According to the course, what is an operating system?", "level": "info", "timestamp": "2026-06-12T20:12:52.764766Z"}
{"node": "compose", "event": "start", "correlation_id": "01KTYQDVG1HNEJGNA1RDKN0YY6", "query_preview": "According to the course, what is an operating system?", "level": "info", "timestamp": "2026-06-12T20:12:52.765907Z"}
Authentication error: Langfuse client initialized without public_key. Client will be disabled. Provide a public_key parameter or set LANGFUSE_PUBLIC_KEY environment variable. 
{"node": "retrieve", "query_len": 112, "event": "start", "correlation_id": "01KTYQEK4YF31MPEB4BSY2RK53", "query_preview": "Instead of logging in as root, what does the course recommend for running comman", "level": "info", "timestamp": "2026-06-12T20:12:52.767458Z"}
{"query_len": 112, "k": 50, "event": "hybrid.start", "correlation_id": "01KTYQEK4YF31MPEB4BSY2RK53", "query_preview": "Instead of logging in as root, what does the course recommend for running comman", "level": "info", "timestamp": "2026-06-12T20:12:52.767496Z"}
{"query_len": 112, "k": 50, "dense": 50, "bm25": 0, "fused": 50, "term": false, "event": "hybrid.done", "correlation_id": "01KTYQEK4YF31MPEB4BSY2RK53", "query_preview": "Instead of logging in as root, what does the course recommend for running comman", "level": "info", "timestamp": "2026-06-12T20:12:52.843824Z"}
{"node": "retrieve", "candidate_count": 50, "event": "done", "correlation_id": "01KTYQEK4YF31MPEB4BSY2RK53", "query_preview": "Instead of logging in as root, what does the course recommend for running comman", "level": "info", "timestamp": "2026-06-12T20:12:52.844855Z"}
{"node": "expand_graph", "reason": "disabled_or_empty", "event": "skip", "correlation_id": "01KTYQEK4YF31MPEB4BSY2RK53", "query_preview": "Instead of logging in as root, what does the course recommend for running comman", "level": "info", "timestamp": "2026-06-12T20:12:52.846140Z"}
{"node": "rerank", "candidate_count": 50, "event": "start", "correlation_id": "01KTYQEK4YF31MPEB4BSY2RK53", "query_preview": "Instead of logging in as root, what does the course recommend for running comman", "level": "info", "timestamp": "2026-06-12T20:12:52.846602Z"}
{"node": "rerank", "top_k": 5, "source": "mode", "event": "top_k_resolved", "correlation_id": "01KTYQEK4YF31MPEB4BSY2RK53", "query_preview": "Instead of logging in as root, what does the course recommend for running comman", "level": "info", "timestamp": "2026-06-12T20:12:52.846648Z"}
{"candidates": 50, "top_k": 5, "backend": "cross_encoder", "event": "rerank.start", "correlation_id": "01KTYQEK4YF31MPEB4BSY2RK53", "query_preview": "Instead of logging in as root, what does the course recommend for running comman", "level": "info", "timestamp": "2026-06-12T20:12:52.846673Z"}
{"candidates": 50, "top_k": 5, "backend": "cross_encoder", "returned": 5, "event": "rerank.done", "correlation_id": "01KTYQEK4YF31MPEB4BSY2RK53", "query_preview": "Instead of logging in as root, what does the course recommend for running comman", "level": "info", "timestamp": "2026-06-12T20:13:11.207610Z"}
{"node": "rerank", "reranked_count": 5, "event": "done", "correlation_id": "01KTYQEK4YF31MPEB4BSY2RK53", "query_preview": "Instead of logging in as root, what does the course recommend for running comman", "level": "info", "timestamp": "2026-06-12T20:13:11.207707Z"}
{"node": "query_tables", "reason": "empty_or_not_table_shaped", "event": "skip", "correlation_id": "01KTYQEK4YF31MPEB4BSY2RK53", "query_preview": "Instead of logging in as root, what does the course recommend for running comman", "level": "info", "timestamp": "2026-06-12T20:13:11.209479Z"}
{"node": "assess", "reranked_count": 5, "event": "start", "correlation_id": "01KTYQEK4YF31MPEB4BSY2RK53", "query_preview": "Instead of logging in as root, what does the course recommend for running comman", "level": "info", "timestamp": "2026-06-12T20:13:11.210152Z"}
{"prompt_tag": "assess_sufficiency@v4", "schema": "SufficiencyAssessment", "model": "cyankiwi/Qwen3.5-4B-AWQ-4bit", "max_tokens": 1024, "temperature": 0.1, "top_p": 0.8, "presence_penalty": 1.0, "seed": 42, "message_count": 1, "event": "model_call.start", "correlation_id": "01KTYQEK4YF31MPEB4BSY2RK53", "query_preview": "Instead of logging in as root, what does the course recommend for running comman", "level": "info", "timestamp": "2026-06-12T20:13:11.212004Z"}
Authentication error: Langfuse client initialized without public_key. Client will be disabled. Provide a public_key parameter or set LANGFUSE_PUBLIC_KEY environment variable. 
{"prompt_tag": "assess_sufficiency@v4", "schema": "SufficiencyAssessment", "tokens": 1263, "event": "model_call.done", "correlation_id": "01KTYQEK4YF31MPEB4BSY2RK53", "query_preview": "Instead of logging in as root, what does the course recommend for running comman", "level": "info", "timestamp": "2026-06-12T20:13:11.770396Z"}
{"node": "answer", "regenerate_attempt": 0, "event": "start", "correlation_id": "01KTYQEK4YF31MPEB4BSY2RK53", "query_preview": "Instead of logging in as root, what does the course recommend for running comman", "level": "info", "timestamp": "2026-06-12T20:13:11.772461Z"}
{"prompt_tag": "answer@v5", "schema": "DraftAnswer", "model": "cyankiwi/Qwen3.5-4B-AWQ-4bit", "max_tokens": 1800, "temperature": 0.1, "top_p": 0.8, "presence_penalty": 1.0, "seed": 42, "message_count": 2, "event": "model_call.start", "correlation_id": "01KTYQEK4YF31MPEB4BSY2RK53", "query_preview": "Instead of logging in as root, what does the course recommend for running comman", "level": "info", "timestamp": "2026-06-12T20:13:11.775053Z"}
Authentication error: Langfuse client initialized without public_key. Client will be disabled. Provide a public_key parameter or set LANGFUSE_PUBLIC_KEY environment variable. 
{"prompt_tag": "answer@v5", "schema": "DraftAnswer", "tokens": 2902, "event": "model_call.done", "correlation_id": "01KTYQEK4YF31MPEB4BSY2RK53", "query_preview": "Instead of logging in as root, what does the course recommend for running comman", "level": "info", "timestamp": "2026-06-12T20:13:13.014417Z"}
{"node": "verify", "claim_count": 1, "event": "start", "correlation_id": "01KTYQEK4YF31MPEB4BSY2RK53", "query_preview": "Instead of logging in as root, what does the course recommend for running comman", "level": "info", "timestamp": "2026-06-12T20:13:13.015236Z"}
{"prompt_tag": "verify_grounding@v2", "schema": "VerificationResult", "model": "cyankiwi/Qwen3.5-4B-AWQ-4bit", "max_tokens": 1024, "temperature": 0.1, "top_p": 0.8, "presence_penalty": 1.0, "seed": 42, "message_count": 1, "event": "model_call.start", "correlation_id": "01KTYQEK4YF31MPEB4BSY2RK53", "query_preview": "Instead of logging in as root, what does the course recommend for running comman", "level": "info", "timestamp": "2026-06-12T20:13:13.018337Z"}
Authentication error: Langfuse client initialized without public_key. Client will be disabled. Provide a public_key parameter or set LANGFUSE_PUBLIC_KEY environment variable. 
{"prompt_tag": "verify_grounding@v2", "schema": "VerificationResult", "tokens": 1178, "event": "model_call.done", "correlation_id": "01KTYQEK4YF31MPEB4BSY2RK53", "query_preview": "Instead of logging in as root, what does the course recommend for running comman", "level": "info", "timestamp": "2026-06-12T20:13:13.380783Z"}
{"node": "assess_relevance", "event": "start", "correlation_id": "01KTYQEK4YF31MPEB4BSY2RK53", "query_preview": "Instead of logging in as root, what does the course recommend for running comman", "level": "info", "timestamp": "2026-06-12T20:13:13.381883Z"}
{"prompt_tag": "assess_relevance@v3", "schema": "RelevanceAssessment", "model": "cyankiwi/Qwen3.5-4B-AWQ-4bit", "max_tokens": 1024, "temperature": 0.1, "top_p": 0.8, "presence_penalty": 1.0, "seed": 42, "message_count": 1, "event": "model_call.start", "correlation_id": "01KTYQEK4YF31MPEB4BSY2RK53", "query_preview": "Instead of logging in as root, what does the course recommend for running comman", "level": "info", "timestamp": "2026-06-12T20:13:13.382852Z"}
Authentication error: Langfuse client initialized without public_key. Client will be disabled. Provide a public_key parameter or set LANGFUSE_PUBLIC_KEY environment variable. 
{"prompt_tag": "assess_relevance@v3", "schema": "RelevanceAssessment", "tokens": 845, "event": "model_call.done", "correlation_id": "01KTYQEK4YF31MPEB4BSY2RK53", "query_preview": "Instead of logging in as root, what does the course recommend for running comman", "level": "info", "timestamp": "2026-06-12T20:13:13.765923Z"}
{"node": "assess_relevance", "responsive": true, "event": "relevance", "correlation_id": "01KTYQEK4YF31MPEB4BSY2RK53", "query_preview": "Instead of logging in as root, what does the course recommend for running comman", "level": "info", "timestamp": "2026-06-12T20:13:13.765973Z"}
{"node": "compose", "event": "start", "correlation_id": "01KTYQEK4YF31MPEB4BSY2RK53", "query_preview": "Instead of logging in as root, what does the course recommend for running comman", "level": "info", "timestamp": "2026-06-12T20:13:13.767025Z"}
Authentication error: Langfuse client initialized without public_key. Client will be disabled. Provide a public_key parameter or set LANGFUSE_PUBLIC_KEY environment variable. 
{"node": "retrieve", "query_len": 53, "event": "start", "correlation_id": "01KTYQF7N7DKZA1QP2XYYMQQHV", "query_preview": "Are file and directory names case sensitive in Linux?", "level": "info", "timestamp": "2026-06-12T20:13:13.768431Z"}
{"query_len": 53, "k": 50, "event": "hybrid.start", "correlation_id": "01KTYQF7N7DKZA1QP2XYYMQQHV", "query_preview": "Are file and directory names case sensitive in Linux?", "level": "info", "timestamp": "2026-06-12T20:13:13.768467Z"}
{"query_len": 53, "k": 50, "dense": 50, "bm25": 0, "fused": 50, "term": false, "event": "hybrid.done", "correlation_id": "01KTYQF7N7DKZA1QP2XYYMQQHV", "query_preview": "Are file and directory names case sensitive in Linux?", "level": "info", "timestamp": "2026-06-12T20:13:13.845542Z"}
{"node": "retrieve", "candidate_count": 50, "event": "done", "correlation_id": "01KTYQF7N7DKZA1QP2XYYMQQHV", "query_preview": "Are file and directory names case sensitive in Linux?", "level": "info", "timestamp": "2026-06-12T20:13:13.846589Z"}
{"node": "expand_graph", "reason": "disabled_or_empty", "event": "skip", "correlation_id": "01KTYQF7N7DKZA1QP2XYYMQQHV", "query_preview": "Are file and directory names case sensitive in Linux?", "level": "info", "timestamp": "2026-06-12T20:13:13.848319Z"}
{"node": "rerank", "candidate_count": 50, "event": "start", "correlation_id": "01KTYQF7N7DKZA1QP2XYYMQQHV", "query_preview": "Are file and directory names case sensitive in Linux?", "level": "info", "timestamp": "2026-06-12T20:13:13.848992Z"}
{"node": "rerank", "top_k": 5, "source": "mode", "event": "top_k_resolved", "correlation_id": "01KTYQF7N7DKZA1QP2XYYMQQHV", "query_preview": "Are file and directory names case sensitive in Linux?", "level": "info", "timestamp": "2026-06-12T20:13:13.849045Z"}
{"candidates": 50, "top_k": 5, "backend": "cross_encoder", "event": "rerank.start", "correlation_id": "01KTYQF7N7DKZA1QP2XYYMQQHV", "query_preview": "Are file and directory names case sensitive in Linux?", "level": "info", "timestamp": "2026-06-12T20:13:13.849076Z"}
{"candidates": 50, "top_k": 5, "backend": "cross_encoder", "returned": 5, "event": "rerank.done", "correlation_id": "01KTYQF7N7DKZA1QP2XYYMQQHV", "query_preview": "Are file and directory names case sensitive in Linux?", "level": "info", "timestamp": "2026-06-12T20:13:33.773789Z"}
{"node": "rerank", "reranked_count": 5, "event": "done", "correlation_id": "01KTYQF7N7DKZA1QP2XYYMQQHV", "query_preview": "Are file and directory names case sensitive in Linux?", "level": "info", "timestamp": "2026-06-12T20:13:33.773942Z"}
{"node": "query_tables", "reason": "empty_or_not_table_shaped", "event": "skip", "correlation_id": "01KTYQF7N7DKZA1QP2XYYMQQHV", "query_preview": "Are file and directory names case sensitive in Linux?", "level": "info", "timestamp": "2026-06-12T20:13:33.777344Z"}
{"node": "assess", "reranked_count": 5, "event": "start", "correlation_id": "01KTYQF7N7DKZA1QP2XYYMQQHV", "query_preview": "Are file and directory names case sensitive in Linux?", "level": "info", "timestamp": "2026-06-12T20:13:33.778790Z"}
{"prompt_tag": "assess_sufficiency@v4", "schema": "SufficiencyAssessment", "model": "cyankiwi/Qwen3.5-4B-AWQ-4bit", "max_tokens": 1024, "temperature": 0.1, "top_p": 0.8, "presence_penalty": 1.0, "seed": 42, "message_count": 1, "event": "model_call.start", "correlation_id": "01KTYQF7N7DKZA1QP2XYYMQQHV", "query_preview": "Are file and directory names case sensitive in Linux?", "level": "info", "timestamp": "2026-06-12T20:13:33.782708Z"}
Authentication error: Langfuse client initialized without public_key. Client will be disabled. Provide a public_key parameter or set LANGFUSE_PUBLIC_KEY environment variable. 
{"prompt_tag": "assess_sufficiency@v4", "schema": "SufficiencyAssessment", "tokens": 1256, "event": "model_call.done", "correlation_id": "01KTYQF7N7DKZA1QP2XYYMQQHV", "query_preview": "Are file and directory names case sensitive in Linux?", "level": "info", "timestamp": "2026-06-12T20:13:34.413026Z"}
{"node": "answer", "regenerate_attempt": 0, "event": "start", "correlation_id": "01KTYQF7N7DKZA1QP2XYYMQQHV", "query_preview": "Are file and directory names case sensitive in Linux?", "level": "info", "timestamp": "2026-06-12T20:13:34.414477Z"}
{"prompt_tag": "answer@v5", "schema": "DraftAnswer", "model": "cyankiwi/Qwen3.5-4B-AWQ-4bit", "max_tokens": 1800, "temperature": 0.1, "top_p": 0.8, "presence_penalty": 1.0, "seed": 42, "message_count": 2, "event": "model_call.start", "correlation_id": "01KTYQF7N7DKZA1QP2XYYMQQHV", "query_preview": "Are file and directory names case sensitive in Linux?", "level": "info", "timestamp": "2026-06-12T20:13:34.417361Z"}
Authentication error: Langfuse client initialized without public_key. Client will be disabled. Provide a public_key parameter or set LANGFUSE_PUBLIC_KEY environment variable. 
{"prompt_tag": "answer@v5", "schema": "DraftAnswer", "tokens": 2917, "event": "model_call.done", "correlation_id": "01KTYQF7N7DKZA1QP2XYYMQQHV", "query_preview": "Are file and directory names case sensitive in Linux?", "level": "info", "timestamp": "2026-06-12T20:13:35.909902Z"}
{"node": "verify", "claim_count": 1, "event": "start", "correlation_id": "01KTYQF7N7DKZA1QP2XYYMQQHV", "query_preview": "Are file and directory names case sensitive in Linux?", "level": "info", "timestamp": "2026-06-12T20:13:35.910826Z"}
{"prompt_tag": "verify_grounding@v2", "schema": "VerificationResult", "model": "cyankiwi/Qwen3.5-4B-AWQ-4bit", "max_tokens": 1024, "temperature": 0.1, "top_p": 0.8, "presence_penalty": 1.0, "seed": 42, "message_count": 1, "event": "model_call.start", "correlation_id": "01KTYQF7N7DKZA1QP2XYYMQQHV", "query_preview": "Are file and directory names case sensitive in Linux?", "level": "info", "timestamp": "2026-06-12T20:13:35.913908Z"}
Authentication error: Langfuse client initialized without public_key. Client will be disabled. Provide a public_key parameter or set LANGFUSE_PUBLIC_KEY environment variable. 
{"prompt_tag": "verify_grounding@v2", "schema": "VerificationResult", "tokens": 1187, "event": "model_call.done", "correlation_id": "01KTYQF7N7DKZA1QP2XYYMQQHV", "query_preview": "Are file and directory names case sensitive in Linux?", "level": "info", "timestamp": "2026-06-12T20:13:36.278407Z"}
{"node": "assess_relevance", "event": "start", "correlation_id": "01KTYQF7N7DKZA1QP2XYYMQQHV", "query_preview": "Are file and directory names case sensitive in Linux?", "level": "info", "timestamp": "2026-06-12T20:13:36.279831Z"}
{"prompt_tag": "assess_relevance@v3", "schema": "RelevanceAssessment", "model": "cyankiwi/Qwen3.5-4B-AWQ-4bit", "max_tokens": 1024, "temperature": 0.1, "top_p": 0.8, "presence_penalty": 1.0, "seed": 42, "message_count": 1, "event": "model_call.start", "correlation_id": "01KTYQF7N7DKZA1QP2XYYMQQHV", "query_preview": "Are file and directory names case sensitive in Linux?", "level": "info", "timestamp": "2026-06-12T20:13:36.281155Z"}
Authentication error: Langfuse client initialized without public_key. Client will be disabled. Provide a public_key parameter or set LANGFUSE_PUBLIC_KEY environment variable. 
{"prompt_tag": "assess_relevance@v3", "schema": "RelevanceAssessment", "tokens": 855, "event": "model_call.done", "correlation_id": "01KTYQF7N7DKZA1QP2XYYMQQHV", "query_preview": "Are file and directory names case sensitive in Linux?", "level": "info", "timestamp": "2026-06-12T20:13:36.687244Z"}
{"node": "assess_relevance", "responsive": true, "event": "relevance", "correlation_id": "01KTYQF7N7DKZA1QP2XYYMQQHV", "query_preview": "Are file and directory names case sensitive in Linux?", "level": "info", "timestamp": "2026-06-12T20:13:36.687310Z"}
{"node": "compose", "event": "start", "correlation_id": "01KTYQF7N7DKZA1QP2XYYMQQHV", "query_preview": "Are file and directory names case sensitive in Linux?", "level": "info", "timestamp": "2026-06-12T20:13:36.688684Z"}
Authentication error: Langfuse client initialized without public_key. Client will be disabled. Provide a public_key parameter or set LANGFUSE_PUBLIC_KEY environment variable. 
{"node": "retrieve", "query_len": 41, "event": "start", "correlation_id": "01KTYQFY1HZH8V0SPJZ78C4V1E", "query_preview": "What are the two kinds of links in Linux?", "level": "info", "timestamp": "2026-06-12T20:13:36.690303Z"}
{"query_len": 41, "k": 50, "event": "hybrid.start", "correlation_id": "01KTYQFY1HZH8V0SPJZ78C4V1E", "query_preview": "What are the two kinds of links in Linux?", "level": "info", "timestamp": "2026-06-12T20:13:36.690337Z"}
{"query_len": 41, "k": 50, "dense": 50, "bm25": 0, "fused": 50, "term": false, "event": "hybrid.done", "correlation_id": "01KTYQFY1HZH8V0SPJZ78C4V1E", "query_preview": "What are the two kinds of links in Linux?", "level": "info", "timestamp": "2026-06-12T20:13:36.766403Z"}
{"node": "retrieve", "candidate_count": 50, "event": "done", "correlation_id": "01KTYQFY1HZH8V0SPJZ78C4V1E", "query_preview": "What are the two kinds of links in Linux?", "level": "info", "timestamp": "2026-06-12T20:13:36.767287Z"}
{"node": "expand_graph", "reason": "disabled_or_empty", "event": "skip", "correlation_id": "01KTYQFY1HZH8V0SPJZ78C4V1E", "query_preview": "What are the two kinds of links in Linux?", "level": "info", "timestamp": "2026-06-12T20:13:36.768519Z"}
{"node": "rerank", "candidate_count": 50, "event": "start", "correlation_id": "01KTYQFY1HZH8V0SPJZ78C4V1E", "query_preview": "What are the two kinds of links in Linux?", "level": "info", "timestamp": "2026-06-12T20:13:36.768976Z"}
{"node": "rerank", "top_k": 5, "source": "mode", "event": "top_k_resolved", "correlation_id": "01KTYQFY1HZH8V0SPJZ78C4V1E", "query_preview": "What are the two kinds of links in Linux?", "level": "info", "timestamp": "2026-06-12T20:13:36.769021Z"}
{"candidates": 50, "top_k": 5, "backend": "cross_encoder", "event": "rerank.start", "correlation_id": "01KTYQFY1HZH8V0SPJZ78C4V1E", "query_preview": "What are the two kinds of links in Linux?", "level": "info", "timestamp": "2026-06-12T20:13:36.769044Z"}
{"candidates": 50, "top_k": 5, "backend": "cross_encoder", "returned": 5, "event": "rerank.done", "correlation_id": "01KTYQFY1HZH8V0SPJZ78C4V1E", "query_preview": "What are the two kinds of links in Linux?", "level": "info", "timestamp": "2026-06-12T20:13:53.831260Z"}
{"node": "rerank", "reranked_count": 5, "event": "done", "correlation_id": "01KTYQFY1HZH8V0SPJZ78C4V1E", "query_preview": "What are the two kinds of links in Linux?", "level": "info", "timestamp": "2026-06-12T20:13:53.831355Z"}
{"node": "query_tables", "reason": "empty_or_not_table_shaped", "event": "skip", "correlation_id": "01KTYQFY1HZH8V0SPJZ78C4V1E", "query_preview": "What are the two kinds of links in Linux?", "level": "info", "timestamp": "2026-06-12T20:13:53.833088Z"}
{"node": "assess", "reranked_count": 5, "event": "start", "correlation_id": "01KTYQFY1HZH8V0SPJZ78C4V1E", "query_preview": "What are the two kinds of links in Linux?", "level": "info", "timestamp": "2026-06-12T20:13:53.833818Z"}
{"prompt_tag": "assess_sufficiency@v4", "schema": "SufficiencyAssessment", "model": "cyankiwi/Qwen3.5-4B-AWQ-4bit", "max_tokens": 1024, "temperature": 0.1, "top_p": 0.8, "presence_penalty": 1.0, "seed": 42, "message_count": 1, "event": "model_call.start", "correlation_id": "01KTYQFY1HZH8V0SPJZ78C4V1E", "query_preview": "What are the two kinds of links in Linux?", "level": "info", "timestamp": "2026-06-12T20:13:53.835646Z"}
Authentication error: Langfuse client initialized without public_key. Client will be disabled. Provide a public_key parameter or set LANGFUSE_PUBLIC_KEY environment variable. 
{"prompt_tag": "assess_sufficiency@v4", "schema": "SufficiencyAssessment", "tokens": 1436, "event": "model_call.done", "correlation_id": "01KTYQFY1HZH8V0SPJZ78C4V1E", "query_preview": "What are the two kinds of links in Linux?", "level": "info", "timestamp": "2026-06-12T20:13:54.451185Z"}
{"node": "answer", "regenerate_attempt": 0, "event": "start", "correlation_id": "01KTYQFY1HZH8V0SPJZ78C4V1E", "query_preview": "What are the two kinds of links in Linux?", "level": "info", "timestamp": "2026-06-12T20:13:54.452797Z"}
{"prompt_tag": "answer@v5", "schema": "DraftAnswer", "model": "cyankiwi/Qwen3.5-4B-AWQ-4bit", "max_tokens": 1800, "temperature": 0.1, "top_p": 0.8, "presence_penalty": 1.0, "seed": 42, "message_count": 2, "event": "model_call.start", "correlation_id": "01KTYQFY1HZH8V0SPJZ78C4V1E", "query_preview": "What are the two kinds of links in Linux?", "level": "info", "timestamp": "2026-06-12T20:13:54.454844Z"}
Authentication error: Langfuse client initialized without public_key. Client will be disabled. Provide a public_key parameter or set LANGFUSE_PUBLIC_KEY environment variable. 
{"prompt_tag": "answer@v5", "schema": "DraftAnswer", "tokens": 3062, "event": "model_call.done", "correlation_id": "01KTYQFY1HZH8V0SPJZ78C4V1E", "query_preview": "What are the two kinds of links in Linux?", "level": "info", "timestamp": "2026-06-12T20:13:55.626261Z"}
{"node": "verify", "claim_count": 1, "event": "start", "correlation_id": "01KTYQFY1HZH8V0SPJZ78C4V1E", "query_preview": "What are the two kinds of links in Linux?", "level": "info", "timestamp": "2026-06-12T20:13:55.627330Z"}
{"prompt_tag": "verify_grounding@v2", "schema": "VerificationResult", "model": "cyankiwi/Qwen3.5-4B-AWQ-4bit", "max_tokens": 1024, "temperature": 0.1, "top_p": 0.8, "presence_penalty": 1.0, "seed": 42, "message_count": 1, "event": "model_call.start", "correlation_id": "01KTYQFY1HZH8V0SPJZ78C4V1E", "query_preview": "What are the two kinds of links in Linux?", "level": "info", "timestamp": "2026-06-12T20:13:55.631325Z"}
Authentication error: Langfuse client initialized without public_key. Client will be disabled. Provide a public_key parameter or set LANGFUSE_PUBLIC_KEY environment variable. 
{"prompt_tag": "verify_grounding@v2", "schema": "VerificationResult", "tokens": 1352, "event": "model_call.done", "correlation_id": "01KTYQFY1HZH8V0SPJZ78C4V1E", "query_preview": "What are the two kinds of links in Linux?", "level": "info", "timestamp": "2026-06-12T20:13:56.019499Z"}
{"node": "assess_relevance", "event": "start", "correlation_id": "01KTYQFY1HZH8V0SPJZ78C4V1E", "query_preview": "What are the two kinds of links in Linux?", "level": "info", "timestamp": "2026-06-12T20:13:56.021135Z"}
{"prompt_tag": "assess_relevance@v3", "schema": "RelevanceAssessment", "model": "cyankiwi/Qwen3.5-4B-AWQ-4bit", "max_tokens": 1024, "temperature": 0.1, "top_p": 0.8, "presence_penalty": 1.0, "seed": 42, "message_count": 1, "event": "model_call.start", "correlation_id": "01KTYQFY1HZH8V0SPJZ78C4V1E", "query_preview": "What are the two kinds of links in Linux?", "level": "info", "timestamp": "2026-06-12T20:13:56.022426Z"}
Authentication error: Langfuse client initialized without public_key. Client will be disabled. Provide a public_key parameter or set LANGFUSE_PUBLIC_KEY environment variable. 
{"prompt_tag": "assess_relevance@v3", "schema": "RelevanceAssessment", "tokens": 829, "event": "model_call.done", "correlation_id": "01KTYQFY1HZH8V0SPJZ78C4V1E", "query_preview": "What are the two kinds of links in Linux?", "level": "info", "timestamp": "2026-06-12T20:13:56.419701Z"}
{"node": "assess_relevance", "responsive": true, "event": "relevance", "correlation_id": "01KTYQFY1HZH8V0SPJZ78C4V1E", "query_preview": "What are the two kinds of links in Linux?", "level": "info", "timestamp": "2026-06-12T20:13:56.419752Z"}
{"node": "compose", "event": "start", "correlation_id": "01KTYQFY1HZH8V0SPJZ78C4V1E", "query_preview": "What are the two kinds of links in Linux?", "level": "info", "timestamp": "2026-06-12T20:13:56.421581Z"}
Authentication error: Langfuse client initialized without public_key. Client will be disabled. Provide a public_key parameter or set LANGFUSE_PUBLIC_KEY environment variable. 
{"node": "retrieve", "query_len": 89, "event": "start", "correlation_id": "01KTYQGHA6GBXN4JC8SXQ5M2V1", "query_preview": "What does the GNU General Public License version 2 (GPLv2) require regarding sou", "level": "info", "timestamp": "2026-06-12T20:13:56.423769Z"}
{"query_len": 89, "k": 50, "event": "hybrid.start", "correlation_id": "01KTYQGHA6GBXN4JC8SXQ5M2V1", "query_preview": "What does the GNU General Public License version 2 (GPLv2) require regarding sou", "level": "info", "timestamp": "2026-06-12T20:13:56.423811Z"}
{"query_len": 89, "k": 50, "dense": 50, "bm25": 0, "fused": 50, "term": false, "event": "hybrid.done", "correlation_id": "01KTYQGHA6GBXN4JC8SXQ5M2V1", "query_preview": "What does the GNU General Public License version 2 (GPLv2) require regarding sou", "level": "info", "timestamp": "2026-06-12T20:13:56.504566Z"}
{"node": "retrieve", "candidate_count": 50, "event": "done", "correlation_id": "01KTYQGHA6GBXN4JC8SXQ5M2V1", "query_preview": "What does the GNU General Public License version 2 (GPLv2) require regarding sou", "level": "info", "timestamp": "2026-06-12T20:13:56.505530Z"}
{"node": "expand_graph", "reason": "disabled_or_empty", "event": "skip", "correlation_id": "01KTYQGHA6GBXN4JC8SXQ5M2V1", "query_preview": "What does the GNU General Public License version 2 (GPLv2) require regarding sou", "level": "info", "timestamp": "2026-06-12T20:13:56.506813Z"}
{"node": "rerank", "candidate_count": 50, "event": "start", "correlation_id": "01KTYQGHA6GBXN4JC8SXQ5M2V1", "query_preview": "What does the GNU General Public License version 2 (GPLv2) require regarding sou", "level": "info", "timestamp": "2026-06-12T20:13:56.507299Z"}
{"node": "rerank", "top_k": 5, "source": "mode", "event": "top_k_resolved", "correlation_id": "01KTYQGHA6GBXN4JC8SXQ5M2V1", "query_preview": "What does the GNU General Public License version 2 (GPLv2) require regarding sou", "level": "info", "timestamp": "2026-06-12T20:13:56.507347Z"}
{"candidates": 50, "top_k": 5, "backend": "cross_encoder", "event": "rerank.start", "correlation_id": "01KTYQGHA6GBXN4JC8SXQ5M2V1", "query_preview": "What does the GNU General Public License version 2 (GPLv2) require regarding sou", "level": "info", "timestamp": "2026-06-12T20:13:56.507369Z"}
{"candidates": 50, "top_k": 5, "backend": "cross_encoder", "returned": 5, "event": "rerank.done", "correlation_id": "01KTYQGHA6GBXN4JC8SXQ5M2V1", "query_preview": "What does the GNU General Public License version 2 (GPLv2) require regarding sou", "level": "info", "timestamp": "2026-06-12T20:14:16.528670Z"}
{"node": "rerank", "reranked_count": 5, "event": "done", "correlation_id": "01KTYQGHA6GBXN4JC8SXQ5M2V1", "query_preview": "What does the GNU General Public License version 2 (GPLv2) require regarding sou", "level": "info", "timestamp": "2026-06-12T20:14:16.528762Z"}
{"node": "query_tables", "reason": "empty_or_not_table_shaped", "event": "skip", "correlation_id": "01KTYQGHA6GBXN4JC8SXQ5M2V1", "query_preview": "What does the GNU General Public License version 2 (GPLv2) require regarding sou", "level": "info", "timestamp": "2026-06-12T20:14:16.530713Z"}
{"node": "assess", "reranked_count": 5, "event": "start", "correlation_id": "01KTYQGHA6GBXN4JC8SXQ5M2V1", "query_preview": "What does the GNU General Public License version 2 (GPLv2) require regarding sou", "level": "info", "timestamp": "2026-06-12T20:14:16.531462Z"}
{"prompt_tag": "assess_sufficiency@v4", "schema": "SufficiencyAssessment", "model": "cyankiwi/Qwen3.5-4B-AWQ-4bit", "max_tokens": 1024, "temperature": 0.1, "top_p": 0.8, "presence_penalty": 1.0, "seed": 42, "message_count": 1, "event": "model_call.start", "correlation_id": "01KTYQGHA6GBXN4JC8SXQ5M2V1", "query_preview": "What does the GNU General Public License version 2 (GPLv2) require regarding sou", "level": "info", "timestamp": "2026-06-12T20:14:16.533432Z"}
Authentication error: Langfuse client initialized without public_key. Client will be disabled. Provide a public_key parameter or set LANGFUSE_PUBLIC_KEY environment variable. 
{"prompt_tag": "assess_sufficiency@v4", "schema": "SufficiencyAssessment", "tokens": 1606, "event": "model_call.done", "correlation_id": "01KTYQGHA6GBXN4JC8SXQ5M2V1", "query_preview": "What does the GNU General Public License version 2 (GPLv2) require regarding sou", "level": "info", "timestamp": "2026-06-12T20:14:17.164763Z"}
{"node": "answer", "regenerate_attempt": 0, "event": "start", "correlation_id": "01KTYQGHA6GBXN4JC8SXQ5M2V1", "query_preview": "What does the GNU General Public License version 2 (GPLv2) require regarding sou", "level": "info", "timestamp": "2026-06-12T20:14:17.166618Z"}
{"prompt_tag": "answer@v5", "schema": "DraftAnswer", "model": "cyankiwi/Qwen3.5-4B-AWQ-4bit", "max_tokens": 1800, "temperature": 0.1, "top_p": 0.8, "presence_penalty": 1.0, "seed": 42, "message_count": 2, "event": "model_call.start", "correlation_id": "01KTYQGHA6GBXN4JC8SXQ5M2V1", "query_preview": "What does the GNU General Public License version 2 (GPLv2) require regarding sou", "level": "info", "timestamp": "2026-06-12T20:14:17.169242Z"}
Authentication error: Langfuse client initialized without public_key. Client will be disabled. Provide a public_key parameter or set LANGFUSE_PUBLIC_KEY environment variable. 
{"prompt_tag": "answer@v5", "schema": "DraftAnswer", "tokens": 3291, "event": "model_call.done", "correlation_id": "01KTYQGHA6GBXN4JC8SXQ5M2V1", "query_preview": "What does the GNU General Public License version 2 (GPLv2) require regarding sou", "level": "info", "timestamp": "2026-06-12T20:14:18.877541Z"}
{"node": "verify", "claim_count": 1, "event": "start", "correlation_id": "01KTYQGHA6GBXN4JC8SXQ5M2V1", "query_preview": "What does the GNU General Public License version 2 (GPLv2) require regarding sou", "level": "info", "timestamp": "2026-06-12T20:14:18.878584Z"}
{"prompt_tag": "verify_grounding@v2", "schema": "VerificationResult", "model": "cyankiwi/Qwen3.5-4B-AWQ-4bit", "max_tokens": 1024, "temperature": 0.1, "top_p": 0.8, "presence_penalty": 1.0, "seed": 42, "message_count": 1, "event": "model_call.start", "correlation_id": "01KTYQGHA6GBXN4JC8SXQ5M2V1", "query_preview": "What does the GNU General Public License version 2 (GPLv2) require regarding sou", "level": "info", "timestamp": "2026-06-12T20:14:18.882536Z"}
Authentication error: Langfuse client initialized without public_key. Client will be disabled. Provide a public_key parameter or set LANGFUSE_PUBLIC_KEY environment variable. 
{"prompt_tag": "verify_grounding@v2", "schema": "VerificationResult", "tokens": 1550, "event": "model_call.done", "correlation_id": "01KTYQGHA6GBXN4JC8SXQ5M2V1", "query_preview": "What does the GNU General Public License version 2 (GPLv2) require regarding sou", "level": "info", "timestamp": "2026-06-12T20:14:19.299337Z"}
{"node": "assess_relevance", "event": "start", "correlation_id": "01KTYQGHA6GBXN4JC8SXQ5M2V1", "query_preview": "What does the GNU General Public License version 2 (GPLv2) require regarding sou", "level": "info", "timestamp": "2026-06-12T20:14:19.300996Z"}
{"prompt_tag": "assess_relevance@v3", "schema": "RelevanceAssessment", "model": "cyankiwi/Qwen3.5-4B-AWQ-4bit", "max_tokens": 1024, "temperature": 0.1, "top_p": 0.8, "presence_penalty": 1.0, "seed": 42, "message_count": 1, "event": "model_call.start", "correlation_id": "01KTYQGHA6GBXN4JC8SXQ5M2V1", "query_preview": "What does the GNU General Public License version 2 (GPLv2) require regarding sou", "level": "info", "timestamp": "2026-06-12T20:14:19.302333Z"}
Authentication error: Langfuse client initialized without public_key. Client will be disabled. Provide a public_key parameter or set LANGFUSE_PUBLIC_KEY environment variable. 
{"prompt_tag": "assess_relevance@v3", "schema": "RelevanceAssessment", "tokens": 881, "event": "model_call.done", "correlation_id": "01KTYQGHA6GBXN4JC8SXQ5M2V1", "query_preview": "What does the GNU General Public License version 2 (GPLv2) require regarding sou", "level": "info", "timestamp": "2026-06-12T20:14:19.674136Z"}
{"node": "assess_relevance", "responsive": true, "event": "relevance", "correlation_id": "01KTYQGHA6GBXN4JC8SXQ5M2V1", "query_preview": "What does the GNU General Public License version 2 (GPLv2) require regarding sou", "level": "info", "timestamp": "2026-06-12T20:14:19.674201Z"}
{"node": "compose", "event": "start", "correlation_id": "01KTYQGHA6GBXN4JC8SXQ5M2V1", "query_preview": "What does the GNU General Public License version 2 (GPLv2) require regarding sou", "level": "info", "timestamp": "2026-06-12T20:14:19.675777Z"}
Authentication error: Langfuse client initialized without public_key. Client will be disabled. Provide a public_key parameter or set LANGFUSE_PUBLIC_KEY environment variable. 
{"node": "retrieve", "query_len": 72, "event": "start", "correlation_id": "01KTYQH80W7640YDMHC1HZE2TY", "query_preview": "Which commands does the course list as reading from the /proc directory?", "level": "info", "timestamp": "2026-06-12T20:14:19.677668Z"}
{"query_len": 72, "k": 50, "event": "hybrid.start", "correlation_id": "01KTYQH80W7640YDMHC1HZE2TY", "query_preview": "Which commands does the course list as reading from the /proc directory?", "level": "info", "timestamp": "2026-06-12T20:14:19.677711Z"}
{"query_len": 72, "k": 50, "dense": 50, "bm25": 0, "fused": 50, "term": false, "event": "hybrid.done", "correlation_id": "01KTYQH80W7640YDMHC1HZE2TY", "query_preview": "Which commands does the course list as reading from the /proc directory?", "level": "info", "timestamp": "2026-06-12T20:14:19.750648Z"}
{"node": "retrieve", "candidate_count": 50, "event": "done", "correlation_id": "01KTYQH80W7640YDMHC1HZE2TY", "query_preview": "Which commands does the course list as reading from the /proc directory?", "level": "info", "timestamp": "2026-06-12T20:14:19.751604Z"}
{"node": "expand_graph", "reason": "disabled_or_empty", "event": "skip", "correlation_id": "01KTYQH80W7640YDMHC1HZE2TY", "query_preview": "Which commands does the course list as reading from the /proc directory?", "level": "info", "timestamp": "2026-06-12T20:14:19.752964Z"}
{"node": "rerank", "candidate_count": 50, "event": "start", "correlation_id": "01KTYQH80W7640YDMHC1HZE2TY", "query_preview": "Which commands does the course list as reading from the /proc directory?", "level": "info", "timestamp": "2026-06-12T20:14:19.753464Z"}
{"node": "rerank", "top_k": 5, "source": "mode", "event": "top_k_resolved", "correlation_id": "01KTYQH80W7640YDMHC1HZE2TY", "query_preview": "Which commands does the course list as reading from the /proc directory?", "level": "info", "timestamp": "2026-06-12T20:14:19.753512Z"}
{"candidates": 50, "top_k": 5, "backend": "cross_encoder", "event": "rerank.start", "correlation_id": "01KTYQH80W7640YDMHC1HZE2TY", "query_preview": "Which commands does the course list as reading from the /proc directory?", "level": "info", "timestamp": "2026-06-12T20:14:19.753536Z"}
{"candidates": 50, "top_k": 5, "backend": "cross_encoder", "returned": 5, "event": "rerank.done", "correlation_id": "01KTYQH80W7640YDMHC1HZE2TY", "query_preview": "Which commands does the course list as reading from the /proc directory?", "level": "info", "timestamp": "2026-06-12T20:14:38.387576Z"}
{"node": "rerank", "reranked_count": 5, "event": "done", "correlation_id": "01KTYQH80W7640YDMHC1HZE2TY", "query_preview": "Which commands does the course list as reading from the /proc directory?", "level": "info", "timestamp": "2026-06-12T20:14:38.387678Z"}
{"node": "query_tables", "reason": "empty_or_not_table_shaped", "event": "skip", "correlation_id": "01KTYQH80W7640YDMHC1HZE2TY", "query_preview": "Which commands does the course list as reading from the /proc directory?", "level": "info", "timestamp": "2026-06-12T20:14:38.389505Z"}
{"node": "assess", "reranked_count": 5, "event": "start", "correlation_id": "01KTYQH80W7640YDMHC1HZE2TY", "query_preview": "Which commands does the course list as reading from the /proc directory?", "level": "info", "timestamp": "2026-06-12T20:14:38.391229Z"}
{"prompt_tag": "assess_sufficiency@v4", "schema": "SufficiencyAssessment", "model": "cyankiwi/Qwen3.5-4B-AWQ-4bit", "max_tokens": 1024, "temperature": 0.1, "top_p": 0.8, "presence_penalty": 1.0, "seed": 42, "message_count": 1, "event": "model_call.start", "correlation_id": "01KTYQH80W7640YDMHC1HZE2TY", "query_preview": "Which commands does the course list as reading from the /proc directory?", "level": "info", "timestamp": "2026-06-12T20:14:38.393208Z"}
Authentication error: Langfuse client initialized without public_key. Client will be disabled. Provide a public_key parameter or set LANGFUSE_PUBLIC_KEY environment variable. 
{"prompt_tag": "assess_sufficiency@v4", "schema": "SufficiencyAssessment", "tokens": 1652, "event": "model_call.done", "correlation_id": "01KTYQH80W7640YDMHC1HZE2TY", "query_preview": "Which commands does the course list as reading from the /proc directory?", "level": "info", "timestamp": "2026-06-12T20:14:39.087200Z"}
{"node": "answer", "regenerate_attempt": 0, "event": "start", "correlation_id": "01KTYQH80W7640YDMHC1HZE2TY", "query_preview": "Which commands does the course list as reading from the /proc directory?", "level": "info", "timestamp": "2026-06-12T20:14:39.088769Z"}
{"prompt_tag": "answer@v5", "schema": "DraftAnswer", "model": "cyankiwi/Qwen3.5-4B-AWQ-4bit", "max_tokens": 1800, "temperature": 0.1, "top_p": 0.8, "presence_penalty": 1.0, "seed": 42, "message_count": 2, "event": "model_call.start", "correlation_id": "01KTYQH80W7640YDMHC1HZE2TY", "query_preview": "Which commands does the course list as reading from the /proc directory?", "level": "info", "timestamp": "2026-06-12T20:14:39.090715Z"}
Authentication error: Langfuse client initialized without public_key. Client will be disabled. Provide a public_key parameter or set LANGFUSE_PUBLIC_KEY environment variable. 
{"prompt_tag": "answer@v5", "schema": "DraftAnswer", "tokens": 3284, "event": "model_call.done", "correlation_id": "01KTYQH80W7640YDMHC1HZE2TY", "query_preview": "Which commands does the course list as reading from the /proc directory?", "level": "info", "timestamp": "2026-06-12T20:14:40.393302Z"}
{"node": "verify", "claim_count": 1, "event": "start", "correlation_id": "01KTYQH80W7640YDMHC1HZE2TY", "query_preview": "Which commands does the course list as reading from the /proc directory?", "level": "info", "timestamp": "2026-06-12T20:14:40.394107Z"}
{"prompt_tag": "verify_grounding@v2", "schema": "VerificationResult", "model": "cyankiwi/Qwen3.5-4B-AWQ-4bit", "max_tokens": 1024, "temperature": 0.1, "top_p": 0.8, "presence_penalty": 1.0, "seed": 42, "message_count": 1, "event": "model_call.start", "correlation_id": "01KTYQH80W7640YDMHC1HZE2TY", "query_preview": "Which commands does the course list as reading from the /proc directory?", "level": "info", "timestamp": "2026-06-12T20:14:40.397129Z"}
Authentication error: Langfuse client initialized without public_key. Client will be disabled. Provide a public_key parameter or set LANGFUSE_PUBLIC_KEY environment variable. 
{"prompt_tag": "verify_grounding@v2", "schema": "VerificationResult", "tokens": 1567, "event": "model_call.done", "correlation_id": "01KTYQH80W7640YDMHC1HZE2TY", "query_preview": "Which commands does the course list as reading from the /proc directory?", "level": "info", "timestamp": "2026-06-12T20:14:40.814760Z"}
{"node": "assess_relevance", "event": "start", "correlation_id": "01KTYQH80W7640YDMHC1HZE2TY", "query_preview": "Which commands does the course list as reading from the /proc directory?", "level": "info", "timestamp": "2026-06-12T20:14:40.815887Z"}
{"prompt_tag": "assess_relevance@v3", "schema": "RelevanceAssessment", "model": "cyankiwi/Qwen3.5-4B-AWQ-4bit", "max_tokens": 1024, "temperature": 0.1, "top_p": 0.8, "presence_penalty": 1.0, "seed": 42, "message_count": 1, "event": "model_call.start", "correlation_id": "01KTYQH80W7640YDMHC1HZE2TY", "query_preview": "Which commands does the course list as reading from the /proc directory?", "level": "info", "timestamp": "2026-06-12T20:14:40.816868Z"}
Authentication error: Langfuse client initialized without public_key. Client will be disabled. Provide a public_key parameter or set LANGFUSE_PUBLIC_KEY environment variable. 
{"prompt_tag": "assess_relevance@v3", "schema": "RelevanceAssessment", "tokens": 834, "event": "model_call.done", "correlation_id": "01KTYQH80W7640YDMHC1HZE2TY", "query_preview": "Which commands does the course list as reading from the /proc directory?", "level": "info", "timestamp": "2026-06-12T20:14:41.162842Z"}
{"node": "assess_relevance", "responsive": true, "event": "relevance", "correlation_id": "01KTYQH80W7640YDMHC1HZE2TY", "query_preview": "Which commands does the course list as reading from the /proc directory?", "level": "info", "timestamp": "2026-06-12T20:14:41.162894Z"}
{"node": "compose", "event": "start", "correlation_id": "01KTYQH80W7640YDMHC1HZE2TY", "query_preview": "Which commands does the course list as reading from the /proc directory?", "level": "info", "timestamp": "2026-06-12T20:14:41.164107Z"}
Authentication error: Langfuse client initialized without public_key. Client will be disabled. Provide a public_key parameter or set LANGFUSE_PUBLIC_KEY environment variable. 
{"node": "retrieve", "query_len": 61, "event": "start", "correlation_id": "01KTYQHX0CCCPB2WN0C44BVB9G", "query_preview": "What is the recommended daily dosage of vitamin D for adults?", "level": "info", "timestamp": "2026-06-12T20:14:41.165540Z"}
{"query_len": 61, "k": 50, "event": "hybrid.start", "correlation_id": "01KTYQHX0CCCPB2WN0C44BVB9G", "query_preview": "What is the recommended daily dosage of vitamin D for adults?", "level": "info", "timestamp": "2026-06-12T20:14:41.165584Z"}
{"query_len": 61, "k": 50, "dense": 50, "bm25": 0, "fused": 50, "term": false, "event": "hybrid.done", "correlation_id": "01KTYQHX0CCCPB2WN0C44BVB9G", "query_preview": "What is the recommended daily dosage of vitamin D for adults?", "level": "info", "timestamp": "2026-06-12T20:14:41.244714Z"}
{"node": "retrieve", "candidate_count": 50, "event": "done", "correlation_id": "01KTYQHX0CCCPB2WN0C44BVB9G", "query_preview": "What is the recommended daily dosage of vitamin D for adults?", "level": "info", "timestamp": "2026-06-12T20:14:41.245654Z"}
{"node": "expand_graph", "reason": "disabled_or_empty", "event": "skip", "correlation_id": "01KTYQHX0CCCPB2WN0C44BVB9G", "query_preview": "What is the recommended daily dosage of vitamin D for adults?", "level": "info", "timestamp": "2026-06-12T20:14:41.247335Z"}
{"node": "rerank", "candidate_count": 50, "event": "start", "correlation_id": "01KTYQHX0CCCPB2WN0C44BVB9G", "query_preview": "What is the recommended daily dosage of vitamin D for adults?", "level": "info", "timestamp": "2026-06-12T20:14:41.247987Z"}
{"node": "rerank", "top_k": 5, "source": "mode", "event": "top_k_resolved", "correlation_id": "01KTYQHX0CCCPB2WN0C44BVB9G", "query_preview": "What is the recommended daily dosage of vitamin D for adults?", "level": "info", "timestamp": "2026-06-12T20:14:41.248038Z"}
{"candidates": 50, "top_k": 5, "backend": "cross_encoder", "event": "rerank.start", "correlation_id": "01KTYQHX0CCCPB2WN0C44BVB9G", "query_preview": "What is the recommended daily dosage of vitamin D for adults?", "level": "info", "timestamp": "2026-06-12T20:14:41.248066Z"}
{"candidates": 50, "top_k": 5, "backend": "cross_encoder", "returned": 5, "event": "rerank.done", "correlation_id": "01KTYQHX0CCCPB2WN0C44BVB9G", "query_preview": "What is the recommended daily dosage of vitamin D for adults?", "level": "info", "timestamp": "2026-06-12T20:15:03.482408Z"}
{"node": "rerank", "reranked_count": 5, "event": "done", "correlation_id": "01KTYQHX0CCCPB2WN0C44BVB9G", "query_preview": "What is the recommended daily dosage of vitamin D for adults?", "level": "info", "timestamp": "2026-06-12T20:15:03.482511Z"}
{"prompt_tag": "generate_table_sql@v1", "schema": "GeneratedSQL", "model": "cyankiwi/Qwen3.5-4B-AWQ-4bit", "max_tokens": 1024, "temperature": 0.1, "top_p": 0.8, "presence_penalty": 1.0, "seed": 42, "message_count": 1, "event": "model_call.start", "correlation_id": "01KTYQHX0CCCPB2WN0C44BVB9G", "query_preview": "What is the recommended daily dosage of vitamin D for adults?", "level": "info", "timestamp": "2026-06-12T20:15:03.489268Z"}
Authentication error: Langfuse client initialized without public_key. Client will be disabled. Provide a public_key parameter or set LANGFUSE_PUBLIC_KEY environment variable. 
{"prompt_tag": "generate_table_sql@v1", "schema": "GeneratedSQL", "tokens": 1674, "event": "model_call.done", "correlation_id": "01KTYQHX0CCCPB2WN0C44BVB9G", "query_preview": "What is the recommended daily dosage of vitamin D for adults?", "level": "info", "timestamp": "2026-06-12T20:15:03.940985Z"}
{"node": "query_doc_tables", "sql": "", "target": "", "event": "table_sql.generated", "correlation_id": "01KTYQHX0CCCPB2WN0C44BVB9G", "query_preview": "What is the recommended daily dosage of vitamin D for adults?", "level": "info", "timestamp": "2026-06-12T20:15:03.941055Z"}
{"node": "query_doc_tables", "sql": "", "event": "table_sql.rejected_not_select", "correlation_id": "01KTYQHX0CCCPB2WN0C44BVB9G", "query_preview": "What is the recommended daily dosage of vitamin D for adults?", "level": "info", "timestamp": "2026-06-12T20:15:03.941094Z"}
{"node": "query_tables", "event": "no_table_answer", "correlation_id": "01KTYQHX0CCCPB2WN0C44BVB9G", "query_preview": "What is the recommended daily dosage of vitamin D for adults?", "level": "info", "timestamp": "2026-06-12T20:15:03.941381Z"}
{"node": "assess", "reranked_count": 5, "event": "start", "correlation_id": "01KTYQHX0CCCPB2WN0C44BVB9G", "query_preview": "What is the recommended daily dosage of vitamin D for adults?", "level": "info", "timestamp": "2026-06-12T20:15:03.942248Z"}
{"prompt_tag": "assess_sufficiency@v4", "schema": "SufficiencyAssessment", "model": "cyankiwi/Qwen3.5-4B-AWQ-4bit", "max_tokens": 1024, "temperature": 0.1, "top_p": 0.8, "presence_penalty": 1.0, "seed": 42, "message_count": 1, "event": "model_call.start", "correlation_id": "01KTYQHX0CCCPB2WN0C44BVB9G", "query_preview": "What is the recommended daily dosage of vitamin D for adults?", "level": "info", "timestamp": "2026-06-12T20:15:03.943552Z"}
Authentication error: Langfuse client initialized without public_key. Client will be disabled. Provide a public_key parameter or set LANGFUSE_PUBLIC_KEY environment variable. 
{"prompt_tag": "assess_sufficiency@v4", "schema": "SufficiencyAssessment", "tokens": 2130, "event": "model_call.done", "correlation_id": "01KTYQHX0CCCPB2WN0C44BVB9G", "query_preview": "What is the recommended daily dosage of vitamin D for adults?", "level": "info", "timestamp": "2026-06-12T20:15:04.683771Z"}
{"node": "refuse", "event": "start", "correlation_id": "01KTYQHX0CCCPB2WN0C44BVB9G", "query_preview": "What is the recommended daily dosage of vitamin D for adults?", "level": "info", "timestamp": "2026-06-12T20:15:04.685105Z"}
Authentication error: Langfuse client initialized without public_key. Client will be disabled. Provide a public_key parameter or set LANGFUSE_PUBLIC_KEY environment variable. 
{"node": "retrieve", "query_len": 47, "event": "start", "correlation_id": "01KTYQJKZDK7XGT59CE6A8DT1Y", "query_preview": "What does the `flibberize` command do in Linux?", "level": "info", "timestamp": "2026-06-12T20:15:04.686555Z"}
{"query_len": 47, "k": 50, "event": "hybrid.start", "correlation_id": "01KTYQJKZDK7XGT59CE6A8DT1Y", "query_preview": "What does the `flibberize` command do in Linux?", "level": "info", "timestamp": "2026-06-12T20:15:04.686590Z"}
{"query_len": 47, "k": 50, "dense": 50, "bm25": 0, "fused": 50, "term": false, "event": "hybrid.done", "correlation_id": "01KTYQJKZDK7XGT59CE6A8DT1Y", "query_preview": "What does the `flibberize` command do in Linux?", "level": "info", "timestamp": "2026-06-12T20:15:04.759388Z"}
{"node": "retrieve", "candidate_count": 50, "event": "done", "correlation_id": "01KTYQJKZDK7XGT59CE6A8DT1Y", "query_preview": "What does the `flibberize` command do in Linux?", "level": "info", "timestamp": "2026-06-12T20:15:04.760377Z"}
{"node": "expand_graph", "reason": "disabled_or_empty", "event": "skip", "correlation_id": "01KTYQJKZDK7XGT59CE6A8DT1Y", "query_preview": "What does the `flibberize` command do in Linux?", "level": "info", "timestamp": "2026-06-12T20:15:04.761644Z"}
{"node": "rerank", "candidate_count": 50, "event": "start", "correlation_id": "01KTYQJKZDK7XGT59CE6A8DT1Y", "query_preview": "What does the `flibberize` command do in Linux?", "level": "info", "timestamp": "2026-06-12T20:15:04.762117Z"}
{"node": "rerank", "top_k": 5, "source": "mode", "event": "top_k_resolved", "correlation_id": "01KTYQJKZDK7XGT59CE6A8DT1Y", "query_preview": "What does the `flibberize` command do in Linux?", "level": "info", "timestamp": "2026-06-12T20:15:04.762164Z"}
{"candidates": 50, "top_k": 5, "backend": "cross_encoder", "event": "rerank.start", "correlation_id": "01KTYQJKZDK7XGT59CE6A8DT1Y", "query_preview": "What does the `flibberize` command do in Linux?", "level": "info", "timestamp": "2026-06-12T20:15:04.762187Z"}
{"candidates": 50, "top_k": 5, "backend": "cross_encoder", "returned": 5, "event": "rerank.done", "correlation_id": "01KTYQJKZDK7XGT59CE6A8DT1Y", "query_preview": "What does the `flibberize` command do in Linux?", "level": "info", "timestamp": "2026-06-12T20:15:17.606717Z"}
{"node": "rerank", "reranked_count": 5, "event": "done", "correlation_id": "01KTYQJKZDK7XGT59CE6A8DT1Y", "query_preview": "What does the `flibberize` command do in Linux?", "level": "info", "timestamp": "2026-06-12T20:15:17.606796Z"}
{"node": "query_tables", "reason": "empty_or_not_table_shaped", "event": "skip", "correlation_id": "01KTYQJKZDK7XGT59CE6A8DT1Y", "query_preview": "What does the `flibberize` command do in Linux?", "level": "info", "timestamp": "2026-06-12T20:15:17.608366Z"}
{"node": "assess", "reranked_count": 5, "event": "start", "correlation_id": "01KTYQJKZDK7XGT59CE6A8DT1Y", "query_preview": "What does the `flibberize` command do in Linux?", "level": "info", "timestamp": "2026-06-12T20:15:17.608921Z"}
{"prompt_tag": "assess_sufficiency@v4", "schema": "SufficiencyAssessment", "model": "cyankiwi/Qwen3.5-4B-AWQ-4bit", "max_tokens": 1024, "temperature": 0.1, "top_p": 0.8, "presence_penalty": 1.0, "seed": 42, "message_count": 1, "event": "model_call.start", "correlation_id": "01KTYQJKZDK7XGT59CE6A8DT1Y", "query_preview": "What does the `flibberize` command do in Linux?", "level": "info", "timestamp": "2026-06-12T20:15:17.610530Z"}
Authentication error: Langfuse client initialized without public_key. Client will be disabled. Provide a public_key parameter or set LANGFUSE_PUBLIC_KEY environment variable. 
{"prompt_tag": "assess_sufficiency@v4", "schema": "SufficiencyAssessment", "tokens": 1586, "event": "model_call.done", "correlation_id": "01KTYQJKZDK7XGT59CE6A8DT1Y", "query_preview": "What does the `flibberize` command do in Linux?", "level": "info", "timestamp": "2026-06-12T20:15:18.177460Z"}
{"node": "refuse", "event": "start", "correlation_id": "01KTYQJKZDK7XGT59CE6A8DT1Y", "query_preview": "What does the `flibberize` command do in Linux?", "level": "info", "timestamp": "2026-06-12T20:15:18.179073Z"}
Authentication error: Langfuse client initialized without public_key. Client will be disabled. Provide a public_key parameter or set LANGFUSE_PUBLIC_KEY environment variable. 
{"node": "retrieve", "query_len": 68, "event": "start", "correlation_id": "01KTYQK15330SFM3223MFGY0JK", "query_preview": "Describe the 'Dawson Linux Security Protocol' taught in this course.", "level": "info", "timestamp": "2026-06-12T20:15:18.180661Z"}
{"query_len": 68, "k": 50, "event": "hybrid.start", "correlation_id": "01KTYQK15330SFM3223MFGY0JK", "query_preview": "Describe the 'Dawson Linux Security Protocol' taught in this course.", "level": "info", "timestamp": "2026-06-12T20:15:18.180698Z"}
{"query_len": 68, "k": 50, "dense": 50, "bm25": 0, "fused": 50, "term": false, "event": "hybrid.done", "correlation_id": "01KTYQK15330SFM3223MFGY0JK", "query_preview": "Describe the 'Dawson Linux Security Protocol' taught in this course.", "level": "info", "timestamp": "2026-06-12T20:15:18.241920Z"}
{"node": "retrieve", "candidate_count": 50, "event": "done", "correlation_id": "01KTYQK15330SFM3223MFGY0JK", "query_preview": "Describe the 'Dawson Linux Security Protocol' taught in this course.", "level": "info", "timestamp": "2026-06-12T20:15:18.242832Z"}
{"node": "expand_graph", "reason": "disabled_or_empty", "event": "skip", "correlation_id": "01KTYQK15330SFM3223MFGY0JK", "query_preview": "Describe the 'Dawson Linux Security Protocol' taught in this course.", "level": "info", "timestamp": "2026-06-12T20:15:18.244156Z"}
{"node": "rerank", "candidate_count": 50, "event": "start", "correlation_id": "01KTYQK15330SFM3223MFGY0JK", "query_preview": "Describe the 'Dawson Linux Security Protocol' taught in this course.", "level": "info", "timestamp": "2026-06-12T20:15:18.244673Z"}
{"node": "rerank", "top_k": 5, "source": "mode", "event": "top_k_resolved", "correlation_id": "01KTYQK15330SFM3223MFGY0JK", "query_preview": "Describe the 'Dawson Linux Security Protocol' taught in this course.", "level": "info", "timestamp": "2026-06-12T20:15:18.244719Z"}
{"candidates": 50, "top_k": 5, "backend": "cross_encoder", "event": "rerank.start", "correlation_id": "01KTYQK15330SFM3223MFGY0JK", "query_preview": "Describe the 'Dawson Linux Security Protocol' taught in this course.", "level": "info", "timestamp": "2026-06-12T20:15:18.244741Z"}
{"candidates": 50, "top_k": 5, "backend": "cross_encoder", "returned": 5, "event": "rerank.done", "correlation_id": "01KTYQK15330SFM3223MFGY0JK", "query_preview": "Describe the 'Dawson Linux Security Protocol' taught in this course.", "level": "info", "timestamp": "2026-06-12T20:15:44.711111Z"}
{"node": "rerank", "reranked_count": 5, "event": "done", "correlation_id": "01KTYQK15330SFM3223MFGY0JK", "query_preview": "Describe the 'Dawson Linux Security Protocol' taught in this course.", "level": "info", "timestamp": "2026-06-12T20:15:44.711200Z"}
{"node": "query_tables", "reason": "empty_or_not_table_shaped", "event": "skip", "correlation_id": "01KTYQK15330SFM3223MFGY0JK", "query_preview": "Describe the 'Dawson Linux Security Protocol' taught in this course.", "level": "info", "timestamp": "2026-06-12T20:15:44.712906Z"}
{"node": "assess", "reranked_count": 5, "event": "start", "correlation_id": "01KTYQK15330SFM3223MFGY0JK", "query_preview": "Describe the 'Dawson Linux Security Protocol' taught in this course.", "level": "info", "timestamp": "2026-06-12T20:15:44.713526Z"}
{"prompt_tag": "assess_sufficiency@v4", "schema": "SufficiencyAssessment", "model": "cyankiwi/Qwen3.5-4B-AWQ-4bit", "max_tokens": 1024, "temperature": 0.1, "top_p": 0.8, "presence_penalty": 1.0, "seed": 42, "message_count": 1, "event": "model_call.start", "correlation_id": "01KTYQK15330SFM3223MFGY0JK", "query_preview": "Describe the 'Dawson Linux Security Protocol' taught in this course.", "level": "info", "timestamp": "2026-06-12T20:15:44.715099Z"}
Authentication error: Langfuse client initialized without public_key. Client will be disabled. Provide a public_key parameter or set LANGFUSE_PUBLIC_KEY environment variable. 
{"prompt_tag": "assess_sufficiency@v4", "schema": "SufficiencyAssessment", "tokens": 4051, "event": "model_call.done", "correlation_id": "01KTYQK15330SFM3223MFGY0JK", "query_preview": "Describe the 'Dawson Linux Security Protocol' taught in this course.", "level": "info", "timestamp": "2026-06-12T20:15:45.728475Z"}
{"node": "refuse", "event": "start", "correlation_id": "01KTYQK15330SFM3223MFGY0JK", "query_preview": "Describe the 'Dawson Linux Security Protocol' taught in this course.", "level": "info", "timestamp": "2026-06-12T20:15:45.730074Z"}
Authentication error: Langfuse client initialized without public_key. Client will be disabled. Provide a public_key parameter or set LANGFUSE_PUBLIC_KEY environment variable. 
{"node": "retrieve", "query_len": 42, "event": "start", "correlation_id": "01KTYQKW22F5J7RBQVYFBVKYFM", "query_preview": "Which country won the 2018 FIFA World Cup?", "level": "info", "timestamp": "2026-06-12T20:15:45.732089Z"}
{"query_len": 42, "k": 50, "event": "hybrid.start", "correlation_id": "01KTYQKW22F5J7RBQVYFBVKYFM", "query_preview": "Which country won the 2018 FIFA World Cup?", "level": "info", "timestamp": "2026-06-12T20:15:45.732135Z"}
{"query_len": 42, "k": 50, "dense": 50, "bm25": 0, "fused": 50, "term": false, "event": "hybrid.done", "correlation_id": "01KTYQKW22F5J7RBQVYFBVKYFM", "query_preview": "Which country won the 2018 FIFA World Cup?", "level": "info", "timestamp": "2026-06-12T20:15:45.802584Z"}
{"node": "retrieve", "candidate_count": 50, "event": "done", "correlation_id": "01KTYQKW22F5J7RBQVYFBVKYFM", "query_preview": "Which country won the 2018 FIFA World Cup?", "level": "info", "timestamp": "2026-06-12T20:15:45.803879Z"}
{"node": "expand_graph", "reason": "disabled_or_empty", "event": "skip", "correlation_id": "01KTYQKW22F5J7RBQVYFBVKYFM", "query_preview": "Which country won the 2018 FIFA World Cup?", "level": "info", "timestamp": "2026-06-12T20:15:45.805351Z"}
{"node": "rerank", "candidate_count": 50, "event": "start", "correlation_id": "01KTYQKW22F5J7RBQVYFBVKYFM", "query_preview": "Which country won the 2018 FIFA World Cup?", "level": "info", "timestamp": "2026-06-12T20:15:45.805868Z"}
{"node": "rerank", "top_k": 5, "source": "mode", "event": "top_k_resolved", "correlation_id": "01KTYQKW22F5J7RBQVYFBVKYFM", "query_preview": "Which country won the 2018 FIFA World Cup?", "level": "info", "timestamp": "2026-06-12T20:15:45.805913Z"}
{"candidates": 50, "top_k": 5, "backend": "cross_encoder", "event": "rerank.start", "correlation_id": "01KTYQKW22F5J7RBQVYFBVKYFM", "query_preview": "Which country won the 2018 FIFA World Cup?", "level": "info", "timestamp": "2026-06-12T20:15:45.805934Z"}
{"candidates": 50, "top_k": 5, "backend": "cross_encoder", "returned": 5, "event": "rerank.done", "correlation_id": "01KTYQKW22F5J7RBQVYFBVKYFM", "query_preview": "Which country won the 2018 FIFA World Cup?", "level": "info", "timestamp": "2026-06-12T20:16:05.733549Z"}
{"node": "rerank", "reranked_count": 5, "event": "done", "correlation_id": "01KTYQKW22F5J7RBQVYFBVKYFM", "query_preview": "Which country won the 2018 FIFA World Cup?", "level": "info", "timestamp": "2026-06-12T20:16:05.733623Z"}
{"node": "query_tables", "reason": "no_relevant_tables", "event": "skip", "correlation_id": "01KTYQKW22F5J7RBQVYFBVKYFM", "query_preview": "Which country won the 2018 FIFA World Cup?", "level": "info", "timestamp": "2026-06-12T20:16:05.741620Z"}
{"node": "assess", "reranked_count": 5, "event": "start", "correlation_id": "01KTYQKW22F5J7RBQVYFBVKYFM", "query_preview": "Which country won the 2018 FIFA World Cup?", "level": "info", "timestamp": "2026-06-12T20:16:05.742704Z"}
{"prompt_tag": "assess_sufficiency@v4", "schema": "SufficiencyAssessment", "model": "cyankiwi/Qwen3.5-4B-AWQ-4bit", "max_tokens": 1024, "temperature": 0.1, "top_p": 0.8, "presence_penalty": 1.0, "seed": 42, "message_count": 1, "event": "model_call.start", "correlation_id": "01KTYQKW22F5J7RBQVYFBVKYFM", "query_preview": "Which country won the 2018 FIFA World Cup?", "level": "info", "timestamp": "2026-06-12T20:16:05.744781Z"}
Authentication error: Langfuse client initialized without public_key. Client will be disabled. Provide a public_key parameter or set LANGFUSE_PUBLIC_KEY environment variable. 
{"prompt_tag": "assess_sufficiency@v4", "schema": "SufficiencyAssessment", "tokens": 2049, "event": "model_call.done", "correlation_id": "01KTYQKW22F5J7RBQVYFBVKYFM", "query_preview": "Which country won the 2018 FIFA World Cup?", "level": "info", "timestamp": "2026-06-12T20:16:06.638054Z"}
{"node": "refuse", "event": "start", "correlation_id": "01KTYQKW22F5J7RBQVYFBVKYFM", "query_preview": "Which country won the 2018 FIFA World Cup?", "level": "info", "timestamp": "2026-06-12T20:16:06.639832Z"}
Authentication error: Langfuse client initialized without public_key. Client will be disabled. Provide a public_key parameter or set LANGFUSE_PUBLIC_KEY environment variable. 
{"node": "retrieve", "query_len": 81, "event": "start", "correlation_id": "01KTYQMGFG3SKBM0Z6FFNC7SMT", "query_preview": "What exact compression ratio does the archiving chapter state that gzip achieves", "level": "info", "timestamp": "2026-06-12T20:16:06.641402Z"}
{"query_len": 81, "k": 50, "event": "hybrid.start", "correlation_id": "01KTYQMGFG3SKBM0Z6FFNC7SMT", "query_preview": "What exact compression ratio does the archiving chapter state that gzip achieves", "level": "info", "timestamp": "2026-06-12T20:16:06.641435Z"}
{"query_len": 81, "k": 50, "dense": 50, "bm25": 0, "fused": 50, "term": false, "event": "hybrid.done", "correlation_id": "01KTYQMGFG3SKBM0Z6FFNC7SMT", "query_preview": "What exact compression ratio does the archiving chapter state that gzip achieves", "level": "info", "timestamp": "2026-06-12T20:16:06.710601Z"}
{"node": "retrieve", "candidate_count": 50, "event": "done", "correlation_id": "01KTYQMGFG3SKBM0Z6FFNC7SMT", "query_preview": "What exact compression ratio does the archiving chapter state that gzip achieves", "level": "info", "timestamp": "2026-06-12T20:16:06.711441Z"}
{"node": "expand_graph", "reason": "disabled_or_empty", "event": "skip", "correlation_id": "01KTYQMGFG3SKBM0Z6FFNC7SMT", "query_preview": "What exact compression ratio does the archiving chapter state that gzip achieves", "level": "info", "timestamp": "2026-06-12T20:16:06.712709Z"}
{"node": "rerank", "candidate_count": 50, "event": "start", "correlation_id": "01KTYQMGFG3SKBM0Z6FFNC7SMT", "query_preview": "What exact compression ratio does the archiving chapter state that gzip achieves", "level": "info", "timestamp": "2026-06-12T20:16:06.713181Z"}
{"node": "rerank", "top_k": 5, "source": "mode", "event": "top_k_resolved", "correlation_id": "01KTYQMGFG3SKBM0Z6FFNC7SMT", "query_preview": "What exact compression ratio does the archiving chapter state that gzip achieves", "level": "info", "timestamp": "2026-06-12T20:16:06.713232Z"}
{"candidates": 50, "top_k": 5, "backend": "cross_encoder", "event": "rerank.start", "correlation_id": "01KTYQMGFG3SKBM0Z6FFNC7SMT", "query_preview": "What exact compression ratio does the archiving chapter state that gzip achieves", "level": "info", "timestamp": "2026-06-12T20:16:06.713255Z"}
{"candidates": 50, "top_k": 5, "backend": "cross_encoder", "returned": 5, "event": "rerank.done", "correlation_id": "01KTYQMGFG3SKBM0Z6FFNC7SMT", "query_preview": "What exact compression ratio does the archiving chapter state that gzip achieves", "level": "info", "timestamp": "2026-06-12T20:16:22.419340Z"}
{"node": "rerank", "reranked_count": 5, "event": "done", "correlation_id": "01KTYQMGFG3SKBM0Z6FFNC7SMT", "query_preview": "What exact compression ratio does the archiving chapter state that gzip achieves", "level": "info", "timestamp": "2026-06-12T20:16:22.419416Z"}
{"node": "query_tables", "reason": "empty_or_not_table_shaped", "event": "skip", "correlation_id": "01KTYQMGFG3SKBM0Z6FFNC7SMT", "query_preview": "What exact compression ratio does the archiving chapter state that gzip achieves", "level": "info", "timestamp": "2026-06-12T20:16:22.420931Z"}
{"node": "assess", "reranked_count": 5, "event": "start", "correlation_id": "01KTYQMGFG3SKBM0Z6FFNC7SMT", "query_preview": "What exact compression ratio does the archiving chapter state that gzip achieves", "level": "info", "timestamp": "2026-06-12T20:16:22.421483Z"}
{"prompt_tag": "assess_sufficiency@v4", "schema": "SufficiencyAssessment", "model": "cyankiwi/Qwen3.5-4B-AWQ-4bit", "max_tokens": 1024, "temperature": 0.1, "top_p": 0.8, "presence_penalty": 1.0, "seed": 42, "message_count": 1, "event": "model_call.start", "correlation_id": "01KTYQMGFG3SKBM0Z6FFNC7SMT", "query_preview": "What exact compression ratio does the archiving chapter state that gzip achieves", "level": "info", "timestamp": "2026-06-12T20:16:22.423157Z"}
Authentication error: Langfuse client initialized without public_key. Client will be disabled. Provide a public_key parameter or set LANGFUSE_PUBLIC_KEY environment variable. 
{"prompt_tag": "assess_sufficiency@v4", "schema": "SufficiencyAssessment", "tokens": 1565, "event": "model_call.done", "correlation_id": "01KTYQMGFG3SKBM0Z6FFNC7SMT", "query_preview": "What exact compression ratio does the archiving chapter state that gzip achieves", "level": "info", "timestamp": "2026-06-12T20:16:23.182069Z"}
{"node": "answer", "regenerate_attempt": 0, "event": "start", "correlation_id": "01KTYQMGFG3SKBM0Z6FFNC7SMT", "query_preview": "What exact compression ratio does the archiving chapter state that gzip achieves", "level": "info", "timestamp": "2026-06-12T20:16:23.183339Z"}
{"prompt_tag": "answer@v5", "schema": "DraftAnswer", "model": "cyankiwi/Qwen3.5-4B-AWQ-4bit", "max_tokens": 1800, "temperature": 0.1, "top_p": 0.8, "presence_penalty": 1.0, "seed": 42, "message_count": 2, "event": "model_call.start", "correlation_id": "01KTYQMGFG3SKBM0Z6FFNC7SMT", "query_preview": "What exact compression ratio does the archiving chapter state that gzip achieves", "level": "info", "timestamp": "2026-06-12T20:16:23.185355Z"}
Authentication error: Langfuse client initialized without public_key. Client will be disabled. Provide a public_key parameter or set LANGFUSE_PUBLIC_KEY environment variable. 
{"prompt_tag": "answer@v5", "schema": "DraftAnswer", "tokens": 3169, "event": "model_call.done", "correlation_id": "01KTYQMGFG3SKBM0Z6FFNC7SMT", "query_preview": "What exact compression ratio does the archiving chapter state that gzip achieves", "level": "info", "timestamp": "2026-06-12T20:16:24.543736Z"}
{"node": "answer", "summary_head": "The chunks do not state an exact compression ratio that gzip achieves. While chunk [18122ef0-ndg-lev2-ch09-archiving-and", "event": "answer.denial_reframe_retry", "correlation_id": "01KTYQMGFG3SKBM0Z6FFNC7SMT", "query_preview": "What exact compression ratio does the archiving chapter state that gzip achieves", "level": "info", "timestamp": "2026-06-12T20:16:24.543795Z"}
{"prompt_tag": "answer@v5", "schema": "DraftAnswer", "model": "cyankiwi/Qwen3.5-4B-AWQ-4bit", "max_tokens": 1800, "temperature": 0.1, "top_p": 0.8, "presence_penalty": 1.0, "seed": 42, "message_count": 2, "event": "model_call.start", "correlation_id": "01KTYQMGFG3SKBM0Z6FFNC7SMT", "query_preview": "What exact compression ratio does the archiving chapter state that gzip achieves", "level": "info", "timestamp": "2026-06-12T20:16:24.545763Z"}
Authentication error: Langfuse client initialized without public_key. Client will be disabled. Provide a public_key parameter or set LANGFUSE_PUBLIC_KEY environment variable. 
{"prompt_tag": "answer@v5", "schema": "DraftAnswer", "tokens": 3296, "event": "model_call.done", "correlation_id": "01KTYQMGFG3SKBM0Z6FFNC7SMT", "query_preview": "What exact compression ratio does the archiving chapter state that gzip achieves", "level": "info", "timestamp": "2026-06-12T20:16:25.165597Z"}
{"node": "verify", "claim_count": 0, "event": "start", "correlation_id": "01KTYQMGFG3SKBM0Z6FFNC7SMT", "query_preview": "What exact compression ratio does the archiving chapter state that gzip achieves", "level": "info", "timestamp": "2026-06-12T20:16:25.166447Z"}
{"node": "verify", "event": "empty_draft_shortcircuit", "correlation_id": "01KTYQMGFG3SKBM0Z6FFNC7SMT", "query_preview": "What exact compression ratio does the archiving chapter state that gzip achieves", "level": "info", "timestamp": "2026-06-12T20:16:25.166481Z"}
{"node": "assess_relevance", "event": "start", "correlation_id": "01KTYQMGFG3SKBM0Z6FFNC7SMT", "query_preview": "What exact compression ratio does the archiving chapter state that gzip achieves", "level": "info", "timestamp": "2026-06-12T20:16:25.167375Z"}
{"prompt_tag": "assess_relevance@v3", "schema": "RelevanceAssessment", "model": "cyankiwi/Qwen3.5-4B-AWQ-4bit", "max_tokens": 1024, "temperature": 0.1, "top_p": 0.8, "presence_penalty": 1.0, "seed": 42, "message_count": 1, "event": "model_call.start", "correlation_id": "01KTYQMGFG3SKBM0Z6FFNC7SMT", "query_preview": "What exact compression ratio does the archiving chapter state that gzip achieves", "level": "info", "timestamp": "2026-06-12T20:16:25.168351Z"}
Authentication error: Langfuse client initialized without public_key. Client will be disabled. Provide a public_key parameter or set LANGFUSE_PUBLIC_KEY environment variable. 
{"prompt_tag": "assess_relevance@v3", "schema": "RelevanceAssessment", "tokens": 882, "event": "model_call.done", "correlation_id": "01KTYQMGFG3SKBM0Z6FFNC7SMT", "query_preview": "What exact compression ratio does the archiving chapter state that gzip achieves", "level": "info", "timestamp": "2026-06-12T20:16:25.667838Z"}
{"node": "assess_relevance", "responsive": true, "event": "relevance", "correlation_id": "01KTYQMGFG3SKBM0Z6FFNC7SMT", "query_preview": "What exact compression ratio does the archiving chapter state that gzip achieves", "level": "info", "timestamp": "2026-06-12T20:16:25.667889Z"}
{"node": "compose", "event": "start", "correlation_id": "01KTYQMGFG3SKBM0Z6FFNC7SMT", "query_preview": "What exact compression ratio does the archiving chapter state that gzip achieves", "level": "info", "timestamp": "2026-06-12T20:16:25.669223Z"}
{"query_count": 18, "quick": false, "error_count": 0, "mean_citation_precision": 0.8703703703703703, "mean_citation_precision_answered_only": 0.8205128205128205, "answer_text_checked": 0, "answer_text_correct_count": 0, "mean_answer_mention_recall": null, "event": "eval.done", "level": "info", "timestamp": "2026-06-12T20:16:25.669994Z"}
