{"vault_path": "/home/drei/.memex/vault", "event": "bootstrap", "level": "info", "timestamp": "2026-06-12T16:21:59.494388Z"}
{"estimated_gb": 11.8, "budget_gb": 9.8, "total_gb": 11.6, "gpu": "NVIDIA GeForce RTX 4070", "vlm_counted": false, "co_residence_mode": "manual", "embedder_device": "cpu", "reranker_device": "cpu", "fix": "lower hardware.gpu_memory_fraction, switch to a lighter co-residence mode (MEMEX_MODELS__CO_RESIDENCE_MODE=full puts the reranker on CPU), switch to a smaller VLM variant (vlm_quantization=awq_int4), or reduce the orchestrator quant tier", "event": "vram.budget.tight", "level": "warning", "timestamp": "2026-06-12T16:22:00.378314Z"}
{"component": "bootstrap.gpu", "total_gb": 11.56, "free_gb": 4.45, "holders": ["pid 382037: VLLM::EngineCore (6170 MiB)", "pid 1098677: /home/drei/project/Doc_Flo/.venv/bin/python3 (154 MiB)"], "event": "gpu.preflight", "level": "info", "timestamp": "2026-06-12T16:22:00.484035Z"}
Authentication error: Langfuse client initialized without public_key. Client will be disabled. Provide a public_key parameter or set LANGFUSE_PUBLIC_KEY environment variable. 
{"node": "retrieve", "query_len": 47, "event": "start", "query_preview": "What was NVIDIA's total revenue in fiscal 2026?", "correlation_id": "01KTYA7VJD1B82DR88W8MKHT98", "level": "info", "timestamp": "2026-06-12T16:22:00.552692Z"}
{"query_len": 47, "k": 50, "event": "hybrid.start", "query_preview": "What was NVIDIA's total revenue in fiscal 2026?", "correlation_id": "01KTYA7VJD1B82DR88W8MKHT98", "level": "info", "timestamp": "2026-06-12T16:22:00.552750Z"}
{"name": "embedder", "event": "model.load.start", "query_preview": "What was NVIDIA's total revenue in fiscal 2026?", "correlation_id": "01KTYA7VJD1B82DR88W8MKHT98", "level": "info", "timestamp": "2026-06-12T16:22:00.556147Z"}
`torch_dtype` is deprecated! Use `dtype` instead!
{"name": "embedder", "event": "model.load.done", "query_preview": "What was NVIDIA's total revenue in fiscal 2026?", "correlation_id": "01KTYA7VJD1B82DR88W8MKHT98", "level": "info", "timestamp": "2026-06-12T16:22:04.459754Z"}
{"query_len": 47, "k": 50, "dense": 50, "bm25": 0, "fused": 50, "term": false, "event": "hybrid.done", "query_preview": "What was NVIDIA's total revenue in fiscal 2026?", "correlation_id": "01KTYA7VJD1B82DR88W8MKHT98", "level": "info", "timestamp": "2026-06-12T16:22:04.652380Z"}
{"node": "retrieve", "candidate_count": 50, "event": "done", "query_preview": "What was NVIDIA's total revenue in fiscal 2026?", "correlation_id": "01KTYA7VJD1B82DR88W8MKHT98", "level": "info", "timestamp": "2026-06-12T16:22:04.653313Z"}
{"node": "expand_graph", "reason": "disabled_or_empty", "event": "skip", "query_preview": "What was NVIDIA's total revenue in fiscal 2026?", "correlation_id": "01KTYA7VJD1B82DR88W8MKHT98", "level": "info", "timestamp": "2026-06-12T16:22:04.655032Z"}
{"node": "rerank", "candidate_count": 50, "event": "start", "query_preview": "What was NVIDIA's total revenue in fiscal 2026?", "correlation_id": "01KTYA7VJD1B82DR88W8MKHT98", "level": "info", "timestamp": "2026-06-12T16:22:04.655581Z"}
{"node": "rerank", "top_k": 5, "source": "mode", "event": "top_k_resolved", "query_preview": "What was NVIDIA's total revenue in fiscal 2026?", "correlation_id": "01KTYA7VJD1B82DR88W8MKHT98", "level": "info", "timestamp": "2026-06-12T16:22:04.655635Z"}
{"candidates": 50, "top_k": 5, "backend": "cross_encoder", "event": "rerank.start", "query_preview": "What was NVIDIA's total revenue in fiscal 2026?", "correlation_id": "01KTYA7VJD1B82DR88W8MKHT98", "level": "info", "timestamp": "2026-06-12T16:22:04.655668Z"}
{"name": "reranker", "event": "model.load.start", "query_preview": "What was NVIDIA's total revenue in fiscal 2026?", "correlation_id": "01KTYA7VJD1B82DR88W8MKHT98", "level": "info", "timestamp": "2026-06-12T16:22:04.655703Z"}
{"name": "reranker", "event": "model.load.done", "query_preview": "What was NVIDIA's total revenue in fiscal 2026?", "correlation_id": "01KTYA7VJD1B82DR88W8MKHT98", "level": "info", "timestamp": "2026-06-12T16:22:05.692126Z"}
{"candidates": 50, "top_k": 5, "backend": "cross_encoder", "returned": 5, "event": "rerank.done", "query_preview": "What was NVIDIA's total revenue in fiscal 2026?", "correlation_id": "01KTYA7VJD1B82DR88W8MKHT98", "level": "info", "timestamp": "2026-06-12T16:22:56.796009Z"}
{"node": "rerank", "reranked_count": 5, "event": "done", "query_preview": "What was NVIDIA's total revenue in fiscal 2026?", "correlation_id": "01KTYA7VJD1B82DR88W8MKHT98", "level": "info", "timestamp": "2026-06-12T16:22:56.796121Z"}
{"prompt_tag": "generate_table_sql@v1", "schema": "GeneratedSQL", "model": "cyankiwi/Qwen3.5-4B-AWQ-4bit", "max_tokens": 1024, "temperature": 0.1, "top_p": 0.8, "presence_penalty": 1.0, "seed": 42, "message_count": 1, "event": "model_call.start", "query_preview": "What was NVIDIA's total revenue in fiscal 2026?", "correlation_id": "01KTYA7VJD1B82DR88W8MKHT98", "level": "info", "timestamp": "2026-06-12T16:22:56.807624Z"}
Authentication error: Langfuse client initialized without public_key. Client will be disabled. Provide a public_key parameter or set LANGFUSE_PUBLIC_KEY environment variable. 
{"prompt_tag": "generate_table_sql@v1", "schema": "GeneratedSQL", "tokens": 3537, "event": "model_call.done", "query_preview": "What was NVIDIA's total revenue in fiscal 2026?", "correlation_id": "01KTYA7VJD1B82DR88W8MKHT98", "level": "info", "timestamp": "2026-06-12T16:22:57.102923Z"}
{"node": "query_doc_tables", "sql": "", "target": "", "event": "table_sql.generated", "query_preview": "What was NVIDIA's total revenue in fiscal 2026?", "correlation_id": "01KTYA7VJD1B82DR88W8MKHT98", "level": "info", "timestamp": "2026-06-12T16:22:57.102986Z"}
{"node": "query_doc_tables", "sql": "", "event": "table_sql.rejected_not_select", "query_preview": "What was NVIDIA's total revenue in fiscal 2026?", "correlation_id": "01KTYA7VJD1B82DR88W8MKHT98", "level": "info", "timestamp": "2026-06-12T16:22:57.103009Z"}
{"node": "query_tables", "event": "no_table_answer", "query_preview": "What was NVIDIA's total revenue in fiscal 2026?", "correlation_id": "01KTYA7VJD1B82DR88W8MKHT98", "level": "info", "timestamp": "2026-06-12T16:22:57.103481Z"}
{"node": "assess", "reranked_count": 5, "event": "start", "query_preview": "What was NVIDIA's total revenue in fiscal 2026?", "correlation_id": "01KTYA7VJD1B82DR88W8MKHT98", "level": "info", "timestamp": "2026-06-12T16:22:57.104804Z"}
{"prompt_tag": "assess_sufficiency@v4", "schema": "SufficiencyAssessment", "model": "cyankiwi/Qwen3.5-4B-AWQ-4bit", "max_tokens": 1024, "temperature": 0.1, "top_p": 0.8, "presence_penalty": 1.0, "seed": 42, "message_count": 1, "event": "model_call.start", "query_preview": "What was NVIDIA's total revenue in fiscal 2026?", "correlation_id": "01KTYA7VJD1B82DR88W8MKHT98", "level": "info", "timestamp": "2026-06-12T16:22:57.107352Z"}
Authentication error: Langfuse client initialized without public_key. Client will be disabled. Provide a public_key parameter or set LANGFUSE_PUBLIC_KEY environment variable. 
{"prompt_tag": "assess_sufficiency@v4", "schema": "SufficiencyAssessment", "tokens": 3185, "event": "model_call.done", "query_preview": "What was NVIDIA's total revenue in fiscal 2026?", "correlation_id": "01KTYA7VJD1B82DR88W8MKHT98", "level": "info", "timestamp": "2026-06-12T16:22:57.632524Z"}
{"node": "answer", "regenerate_attempt": 0, "event": "start", "query_preview": "What was NVIDIA's total revenue in fiscal 2026?", "correlation_id": "01KTYA7VJD1B82DR88W8MKHT98", "level": "info", "timestamp": "2026-06-12T16:22:57.634182Z"}
{"prompt_tag": "answer@v5", "schema": "DraftAnswer", "model": "cyankiwi/Qwen3.5-4B-AWQ-4bit", "max_tokens": 1800, "temperature": 0.1, "top_p": 0.8, "presence_penalty": 1.0, "seed": 42, "message_count": 2, "event": "model_call.start", "query_preview": "What was NVIDIA's total revenue in fiscal 2026?", "correlation_id": "01KTYA7VJD1B82DR88W8MKHT98", "level": "info", "timestamp": "2026-06-12T16:22:57.637219Z"}
Authentication error: Langfuse client initialized without public_key. Client will be disabled. Provide a public_key parameter or set LANGFUSE_PUBLIC_KEY environment variable. 
{"prompt_tag": "answer@v5", "schema": "DraftAnswer", "tokens": 4835, "event": "model_call.done", "query_preview": "What was NVIDIA's total revenue in fiscal 2026?", "correlation_id": "01KTYA7VJD1B82DR88W8MKHT98", "level": "info", "timestamp": "2026-06-12T16:22:58.995292Z"}
{"node": "verify", "claim_count": 1, "event": "start", "query_preview": "What was NVIDIA's total revenue in fiscal 2026?", "correlation_id": "01KTYA7VJD1B82DR88W8MKHT98", "level": "info", "timestamp": "2026-06-12T16:22:58.996466Z"}
{"prompt_tag": "verify_grounding@v2", "schema": "VerificationResult", "model": "cyankiwi/Qwen3.5-4B-AWQ-4bit", "max_tokens": 1024, "temperature": 0.1, "top_p": 0.8, "presence_penalty": 1.0, "seed": 42, "message_count": 1, "event": "model_call.start", "query_preview": "What was NVIDIA's total revenue in fiscal 2026?", "correlation_id": "01KTYA7VJD1B82DR88W8MKHT98", "level": "info", "timestamp": "2026-06-12T16:22:59.000879Z"}
Authentication error: Langfuse client initialized without public_key. Client will be disabled. Provide a public_key parameter or set LANGFUSE_PUBLIC_KEY environment variable. 
{"prompt_tag": "verify_grounding@v2", "schema": "VerificationResult", "tokens": 3100, "event": "model_call.done", "query_preview": "What was NVIDIA's total revenue in fiscal 2026?", "correlation_id": "01KTYA7VJD1B82DR88W8MKHT98", "level": "info", "timestamp": "2026-06-12T16:22:59.273152Z"}
{"node": "assess_relevance", "event": "start", "query_preview": "What was NVIDIA's total revenue in fiscal 2026?", "correlation_id": "01KTYA7VJD1B82DR88W8MKHT98", "level": "info", "timestamp": "2026-06-12T16:22:59.275224Z"}
{"prompt_tag": "assess_relevance@v3", "schema": "RelevanceAssessment", "model": "cyankiwi/Qwen3.5-4B-AWQ-4bit", "max_tokens": 1024, "temperature": 0.1, "top_p": 0.8, "presence_penalty": 1.0, "seed": 42, "message_count": 1, "event": "model_call.start", "query_preview": "What was NVIDIA's total revenue in fiscal 2026?", "correlation_id": "01KTYA7VJD1B82DR88W8MKHT98", "level": "info", "timestamp": "2026-06-12T16:22:59.276771Z"}
Authentication error: Langfuse client initialized without public_key. Client will be disabled. Provide a public_key parameter or set LANGFUSE_PUBLIC_KEY environment variable. 
{"prompt_tag": "assess_relevance@v3", "schema": "RelevanceAssessment", "tokens": 857, "event": "model_call.done", "query_preview": "What was NVIDIA's total revenue in fiscal 2026?", "correlation_id": "01KTYA7VJD1B82DR88W8MKHT98", "level": "info", "timestamp": "2026-06-12T16:22:59.692455Z"}
{"node": "assess_relevance", "responsive": true, "event": "relevance", "query_preview": "What was NVIDIA's total revenue in fiscal 2026?", "correlation_id": "01KTYA7VJD1B82DR88W8MKHT98", "level": "info", "timestamp": "2026-06-12T16:22:59.692517Z"}
{"node": "compose", "event": "start", "query_preview": "What was NVIDIA's total revenue in fiscal 2026?", "correlation_id": "01KTYA7VJD1B82DR88W8MKHT98", "level": "info", "timestamp": "2026-06-12T16:22:59.694175Z"}
[mini] annual-report-01         answered=True base=True ok (59.2s)
Authentication error: Langfuse client initialized without public_key. Client will be disabled. Provide a public_key parameter or set LANGFUSE_PUBLIC_KEY environment variable. 
{"node": "retrieve", "query_len": 60, "event": "start", "query_preview": "What was NVIDIA's diluted earnings per share in fiscal 2026?", "correlation_id": "01KTYA9NBFNTQGW4JM4YHDTR52", "level": "info", "timestamp": "2026-06-12T16:22:59.696352Z"}
{"query_len": 60, "k": 50, "event": "hybrid.start", "query_preview": "What was NVIDIA's diluted earnings per share in fiscal 2026?", "correlation_id": "01KTYA9NBFNTQGW4JM4YHDTR52", "level": "info", "timestamp": "2026-06-12T16:22:59.696399Z"}
{"query_len": 60, "k": 50, "dense": 50, "bm25": 0, "fused": 50, "term": false, "event": "hybrid.done", "query_preview": "What was NVIDIA's diluted earnings per share in fiscal 2026?", "correlation_id": "01KTYA9NBFNTQGW4JM4YHDTR52", "level": "info", "timestamp": "2026-06-12T16:22:59.777876Z"}
{"node": "retrieve", "candidate_count": 50, "event": "done", "query_preview": "What was NVIDIA's diluted earnings per share in fiscal 2026?", "correlation_id": "01KTYA9NBFNTQGW4JM4YHDTR52", "level": "info", "timestamp": "2026-06-12T16:22:59.778747Z"}
{"node": "expand_graph", "reason": "disabled_or_empty", "event": "skip", "query_preview": "What was NVIDIA's diluted earnings per share in fiscal 2026?", "correlation_id": "01KTYA9NBFNTQGW4JM4YHDTR52", "level": "info", "timestamp": "2026-06-12T16:22:59.780164Z"}
{"node": "rerank", "candidate_count": 50, "event": "start", "query_preview": "What was NVIDIA's diluted earnings per share in fiscal 2026?", "correlation_id": "01KTYA9NBFNTQGW4JM4YHDTR52", "level": "info", "timestamp": "2026-06-12T16:22:59.780761Z"}
{"node": "rerank", "top_k": 5, "source": "mode", "event": "top_k_resolved", "query_preview": "What was NVIDIA's diluted earnings per share in fiscal 2026?", "correlation_id": "01KTYA9NBFNTQGW4JM4YHDTR52", "level": "info", "timestamp": "2026-06-12T16:22:59.780821Z"}
{"candidates": 50, "top_k": 5, "backend": "cross_encoder", "event": "rerank.start", "query_preview": "What was NVIDIA's diluted earnings per share in fiscal 2026?", "correlation_id": "01KTYA9NBFNTQGW4JM4YHDTR52", "level": "info", "timestamp": "2026-06-12T16:22:59.780849Z"}
{"candidates": 50, "top_k": 5, "backend": "cross_encoder", "returned": 5, "event": "rerank.done", "query_preview": "What was NVIDIA's diluted earnings per share in fiscal 2026?", "correlation_id": "01KTYA9NBFNTQGW4JM4YHDTR52", "level": "info", "timestamp": "2026-06-12T16:23:53.440789Z"}
{"node": "rerank", "reranked_count": 5, "event": "done", "query_preview": "What was NVIDIA's diluted earnings per share in fiscal 2026?", "correlation_id": "01KTYA9NBFNTQGW4JM4YHDTR52", "level": "info", "timestamp": "2026-06-12T16:23:53.440896Z"}
{"node": "query_tables", "reason": "empty_or_not_table_shaped", "event": "skip", "query_preview": "What was NVIDIA's diluted earnings per share in fiscal 2026?", "correlation_id": "01KTYA9NBFNTQGW4JM4YHDTR52", "level": "info", "timestamp": "2026-06-12T16:23:53.442758Z"}
{"node": "assess", "reranked_count": 5, "event": "start", "query_preview": "What was NVIDIA's diluted earnings per share in fiscal 2026?", "correlation_id": "01KTYA9NBFNTQGW4JM4YHDTR52", "level": "info", "timestamp": "2026-06-12T16:23:53.443492Z"}
{"prompt_tag": "assess_sufficiency@v4", "schema": "SufficiencyAssessment", "model": "cyankiwi/Qwen3.5-4B-AWQ-4bit", "max_tokens": 1024, "temperature": 0.1, "top_p": 0.8, "presence_penalty": 1.0, "seed": 42, "message_count": 1, "event": "model_call.start", "query_preview": "What was NVIDIA's diluted earnings per share in fiscal 2026?", "correlation_id": "01KTYA9NBFNTQGW4JM4YHDTR52", "level": "info", "timestamp": "2026-06-12T16:23:53.445519Z"}
Authentication error: Langfuse client initialized without public_key. Client will be disabled. Provide a public_key parameter or set LANGFUSE_PUBLIC_KEY environment variable. 
{"prompt_tag": "assess_sufficiency@v4", "schema": "SufficiencyAssessment", "tokens": 4156, "event": "model_call.done", "query_preview": "What was NVIDIA's diluted earnings per share in fiscal 2026?", "correlation_id": "01KTYA9NBFNTQGW4JM4YHDTR52", "level": "info", "timestamp": "2026-06-12T16:23:54.759641Z"}
{"node": "answer", "regenerate_attempt": 0, "event": "start", "query_preview": "What was NVIDIA's diluted earnings per share in fiscal 2026?", "correlation_id": "01KTYA9NBFNTQGW4JM4YHDTR52", "level": "info", "timestamp": "2026-06-12T16:23:54.761077Z"}
{"prompt_tag": "answer@v5", "schema": "DraftAnswer", "model": "cyankiwi/Qwen3.5-4B-AWQ-4bit", "max_tokens": 1800, "temperature": 0.1, "top_p": 0.8, "presence_penalty": 1.0, "seed": 42, "message_count": 2, "event": "model_call.start", "query_preview": "What was NVIDIA's diluted earnings per share in fiscal 2026?", "correlation_id": "01KTYA9NBFNTQGW4JM4YHDTR52", "level": "info", "timestamp": "2026-06-12T16:23:54.763776Z"}
Authentication error: Langfuse client initialized without public_key. Client will be disabled. Provide a public_key parameter or set LANGFUSE_PUBLIC_KEY environment variable. 
{"prompt_tag": "answer@v5", "schema": "DraftAnswer", "tokens": 5788, "event": "model_call.done", "query_preview": "What was NVIDIA's diluted earnings per share in fiscal 2026?", "correlation_id": "01KTYA9NBFNTQGW4JM4YHDTR52", "level": "info", "timestamp": "2026-06-12T16:23:56.936752Z"}
{"node": "verify", "claim_count": 1, "event": "start", "query_preview": "What was NVIDIA's diluted earnings per share in fiscal 2026?", "correlation_id": "01KTYA9NBFNTQGW4JM4YHDTR52", "level": "info", "timestamp": "2026-06-12T16:23:56.937794Z"}
{"prompt_tag": "verify_grounding@v2", "schema": "VerificationResult", "model": "cyankiwi/Qwen3.5-4B-AWQ-4bit", "max_tokens": 1024, "temperature": 0.1, "top_p": 0.8, "presence_penalty": 1.0, "seed": 42, "message_count": 1, "event": "model_call.start", "query_preview": "What was NVIDIA's diluted earnings per share in fiscal 2026?", "correlation_id": "01KTYA9NBFNTQGW4JM4YHDTR52", "level": "info", "timestamp": "2026-06-12T16:23:56.941618Z"}
Authentication error: Langfuse client initialized without public_key. Client will be disabled. Provide a public_key parameter or set LANGFUSE_PUBLIC_KEY environment variable. 
{"prompt_tag": "verify_grounding@v2", "schema": "VerificationResult", "tokens": 4051, "event": "model_call.done", "query_preview": "What was NVIDIA's diluted earnings per share in fiscal 2026?", "correlation_id": "01KTYA9NBFNTQGW4JM4YHDTR52", "level": "info", "timestamp": "2026-06-12T16:23:57.761163Z"}
{"node": "assess_relevance", "event": "start", "query_preview": "What was NVIDIA's diluted earnings per share in fiscal 2026?", "correlation_id": "01KTYA9NBFNTQGW4JM4YHDTR52", "level": "info", "timestamp": "2026-06-12T16:23:57.762676Z"}
{"prompt_tag": "assess_relevance@v3", "schema": "RelevanceAssessment", "model": "cyankiwi/Qwen3.5-4B-AWQ-4bit", "max_tokens": 1024, "temperature": 0.1, "top_p": 0.8, "presence_penalty": 1.0, "seed": 42, "message_count": 1, "event": "model_call.start", "query_preview": "What was NVIDIA's diluted earnings per share in fiscal 2026?", "correlation_id": "01KTYA9NBFNTQGW4JM4YHDTR52", "level": "info", "timestamp": "2026-06-12T16:23:57.764023Z"}
Authentication error: Langfuse client initialized without public_key. Client will be disabled. Provide a public_key parameter or set LANGFUSE_PUBLIC_KEY environment variable. 
{"prompt_tag": "assess_relevance@v3", "schema": "RelevanceAssessment", "tokens": 866, "event": "model_call.done", "query_preview": "What was NVIDIA's diluted earnings per share in fiscal 2026?", "correlation_id": "01KTYA9NBFNTQGW4JM4YHDTR52", "level": "info", "timestamp": "2026-06-12T16:23:58.200422Z"}
{"node": "assess_relevance", "responsive": true, "event": "relevance", "query_preview": "What was NVIDIA's diluted earnings per share in fiscal 2026?", "correlation_id": "01KTYA9NBFNTQGW4JM4YHDTR52", "level": "info", "timestamp": "2026-06-12T16:23:58.200479Z"}
{"node": "compose", "event": "start", "query_preview": "What was NVIDIA's diluted earnings per share in fiscal 2026?", "correlation_id": "01KTYA9NBFNTQGW4JM4YHDTR52", "level": "info", "timestamp": "2026-06-12T16:23:58.201910Z"}
[mini] annual-report-02         answered=True base=True ok (58.5s)
Authentication error: Langfuse client initialized without public_key. Client will be disabled. Provide a public_key parameter or set LANGFUSE_PUBLIC_KEY environment variable. 
{"node": "retrieve", "query_len": 53, "event": "start", "query_preview": "What was NVIDIA's Data Center revenue in fiscal 2026?", "correlation_id": "01KTYABEFTFZ1GENAG2G8CC4KE", "level": "info", "timestamp": "2026-06-12T16:23:58.203988Z"}
{"query_len": 53, "k": 50, "event": "hybrid.start", "query_preview": "What was NVIDIA's Data Center revenue in fiscal 2026?", "correlation_id": "01KTYABEFTFZ1GENAG2G8CC4KE", "level": "info", "timestamp": "2026-06-12T16:23:58.204031Z"}
{"query_len": 53, "k": 50, "dense": 50, "bm25": 0, "fused": 50, "term": false, "event": "hybrid.done", "query_preview": "What was NVIDIA's Data Center revenue in fiscal 2026?", "correlation_id": "01KTYABEFTFZ1GENAG2G8CC4KE", "level": "info", "timestamp": "2026-06-12T16:23:58.273294Z"}
{"node": "retrieve", "candidate_count": 50, "event": "done", "query_preview": "What was NVIDIA's Data Center revenue in fiscal 2026?", "correlation_id": "01KTYABEFTFZ1GENAG2G8CC4KE", "level": "info", "timestamp": "2026-06-12T16:23:58.274277Z"}
{"node": "expand_graph", "reason": "disabled_or_empty", "event": "skip", "query_preview": "What was NVIDIA's Data Center revenue in fiscal 2026?", "correlation_id": "01KTYABEFTFZ1GENAG2G8CC4KE", "level": "info", "timestamp": "2026-06-12T16:23:58.275579Z"}
{"node": "rerank", "candidate_count": 50, "event": "start", "query_preview": "What was NVIDIA's Data Center revenue in fiscal 2026?", "correlation_id": "01KTYABEFTFZ1GENAG2G8CC4KE", "level": "info", "timestamp": "2026-06-12T16:23:58.276053Z"}
{"node": "rerank", "top_k": 5, "source": "mode", "event": "top_k_resolved", "query_preview": "What was NVIDIA's Data Center revenue in fiscal 2026?", "correlation_id": "01KTYABEFTFZ1GENAG2G8CC4KE", "level": "info", "timestamp": "2026-06-12T16:23:58.276110Z"}
{"candidates": 50, "top_k": 5, "backend": "cross_encoder", "event": "rerank.start", "query_preview": "What was NVIDIA's Data Center revenue in fiscal 2026?", "correlation_id": "01KTYABEFTFZ1GENAG2G8CC4KE", "level": "info", "timestamp": "2026-06-12T16:23:58.276134Z"}
{"candidates": 50, "top_k": 5, "backend": "cross_encoder", "returned": 5, "event": "rerank.done", "query_preview": "What was NVIDIA's Data Center revenue in fiscal 2026?", "correlation_id": "01KTYABEFTFZ1GENAG2G8CC4KE", "level": "info", "timestamp": "2026-06-12T16:24:47.636233Z"}
{"node": "rerank", "reranked_count": 5, "event": "done", "query_preview": "What was NVIDIA's Data Center revenue in fiscal 2026?", "correlation_id": "01KTYABEFTFZ1GENAG2G8CC4KE", "level": "info", "timestamp": "2026-06-12T16:24:47.636342Z"}
{"node": "query_tables", "reason": "empty_or_not_table_shaped", "event": "skip", "query_preview": "What was NVIDIA's Data Center revenue in fiscal 2026?", "correlation_id": "01KTYABEFTFZ1GENAG2G8CC4KE", "level": "info", "timestamp": "2026-06-12T16:24:47.638207Z"}
{"node": "assess", "reranked_count": 5, "event": "start", "query_preview": "What was NVIDIA's Data Center revenue in fiscal 2026?", "correlation_id": "01KTYABEFTFZ1GENAG2G8CC4KE", "level": "info", "timestamp": "2026-06-12T16:24:47.638928Z"}
{"prompt_tag": "assess_sufficiency@v4", "schema": "SufficiencyAssessment", "model": "cyankiwi/Qwen3.5-4B-AWQ-4bit", "max_tokens": 1024, "temperature": 0.1, "top_p": 0.8, "presence_penalty": 1.0, "seed": 42, "message_count": 1, "event": "model_call.start", "query_preview": "What was NVIDIA's Data Center revenue in fiscal 2026?", "correlation_id": "01KTYABEFTFZ1GENAG2G8CC4KE", "level": "info", "timestamp": "2026-06-12T16:24:47.640929Z"}
Authentication error: Langfuse client initialized without public_key. Client will be disabled. Provide a public_key parameter or set LANGFUSE_PUBLIC_KEY environment variable. 
{"prompt_tag": "assess_sufficiency@v4", "schema": "SufficiencyAssessment", "tokens": 3003, "event": "model_call.done", "query_preview": "What was NVIDIA's Data Center revenue in fiscal 2026?", "correlation_id": "01KTYABEFTFZ1GENAG2G8CC4KE", "level": "info", "timestamp": "2026-06-12T16:24:48.805713Z"}
{"node": "answer", "regenerate_attempt": 0, "event": "start", "query_preview": "What was NVIDIA's Data Center revenue in fiscal 2026?", "correlation_id": "01KTYABEFTFZ1GENAG2G8CC4KE", "level": "info", "timestamp": "2026-06-12T16:24:48.806800Z"}
{"prompt_tag": "answer@v5", "schema": "DraftAnswer", "model": "cyankiwi/Qwen3.5-4B-AWQ-4bit", "max_tokens": 1800, "temperature": 0.1, "top_p": 0.8, "presence_penalty": 1.0, "seed": 42, "message_count": 2, "event": "model_call.start", "query_preview": "What was NVIDIA's Data Center revenue in fiscal 2026?", "correlation_id": "01KTYABEFTFZ1GENAG2G8CC4KE", "level": "info", "timestamp": "2026-06-12T16:24:48.808763Z"}
Authentication error: Langfuse client initialized without public_key. Client will be disabled. Provide a public_key parameter or set LANGFUSE_PUBLIC_KEY environment variable. 
{"prompt_tag": "answer@v5", "schema": "DraftAnswer", "tokens": 4635, "event": "model_call.done", "query_preview": "What was NVIDIA's Data Center revenue in fiscal 2026?", "correlation_id": "01KTYABEFTFZ1GENAG2G8CC4KE", "level": "info", "timestamp": "2026-06-12T16:24:50.595687Z"}
{"node": "verify", "claim_count": 1, "event": "start", "query_preview": "What was NVIDIA's Data Center revenue in fiscal 2026?", "correlation_id": "01KTYABEFTFZ1GENAG2G8CC4KE", "level": "info", "timestamp": "2026-06-12T16:24:50.596501Z"}
{"prompt_tag": "verify_grounding@v2", "schema": "VerificationResult", "model": "cyankiwi/Qwen3.5-4B-AWQ-4bit", "max_tokens": 1024, "temperature": 0.1, "top_p": 0.8, "presence_penalty": 1.0, "seed": 42, "message_count": 1, "event": "model_call.start", "query_preview": "What was NVIDIA's Data Center revenue in fiscal 2026?", "correlation_id": "01KTYABEFTFZ1GENAG2G8CC4KE", "level": "info", "timestamp": "2026-06-12T16:24:50.599792Z"}
Authentication error: Langfuse client initialized without public_key. Client will be disabled. Provide a public_key parameter or set LANGFUSE_PUBLIC_KEY environment variable. 
{"prompt_tag": "verify_grounding@v2", "schema": "VerificationResult", "tokens": 2896, "event": "model_call.done", "query_preview": "What was NVIDIA's Data Center revenue in fiscal 2026?", "correlation_id": "01KTYABEFTFZ1GENAG2G8CC4KE", "level": "info", "timestamp": "2026-06-12T16:24:51.222804Z"}
{"node": "assess_relevance", "event": "start", "query_preview": "What was NVIDIA's Data Center revenue in fiscal 2026?", "correlation_id": "01KTYABEFTFZ1GENAG2G8CC4KE", "level": "info", "timestamp": "2026-06-12T16:24:51.224112Z"}
{"prompt_tag": "assess_relevance@v3", "schema": "RelevanceAssessment", "model": "cyankiwi/Qwen3.5-4B-AWQ-4bit", "max_tokens": 1024, "temperature": 0.1, "top_p": 0.8, "presence_penalty": 1.0, "seed": 42, "message_count": 1, "event": "model_call.start", "query_preview": "What was NVIDIA's Data Center revenue in fiscal 2026?", "correlation_id": "01KTYABEFTFZ1GENAG2G8CC4KE", "level": "info", "timestamp": "2026-06-12T16:24:51.225117Z"}
Authentication error: Langfuse client initialized without public_key. Client will be disabled. Provide a public_key parameter or set LANGFUSE_PUBLIC_KEY environment variable. 
{"prompt_tag": "assess_relevance@v3", "schema": "RelevanceAssessment", "tokens": 873, "event": "model_call.done", "query_preview": "What was NVIDIA's Data Center revenue in fiscal 2026?", "correlation_id": "01KTYABEFTFZ1GENAG2G8CC4KE", "level": "info", "timestamp": "2026-06-12T16:24:51.648347Z"}
{"node": "assess_relevance", "responsive": true, "event": "relevance", "query_preview": "What was NVIDIA's Data Center revenue in fiscal 2026?", "correlation_id": "01KTYABEFTFZ1GENAG2G8CC4KE", "level": "info", "timestamp": "2026-06-12T16:24:51.648403Z"}
{"node": "compose", "event": "start", "query_preview": "What was NVIDIA's Data Center revenue in fiscal 2026?", "correlation_id": "01KTYABEFTFZ1GENAG2G8CC4KE", "level": "info", "timestamp": "2026-06-12T16:24:51.649441Z"}
[mini] annual-report-03         answered=True base=True ok (53.4s)
Authentication error: Langfuse client initialized without public_key. Client will be disabled. Provide a public_key parameter or set LANGFUSE_PUBLIC_KEY environment variable. 
{"node": "retrieve", "query_len": 93, "event": "start", "query_preview": "How much cumulative Blackwell and Rubin revenue does NVIDIA see visibility into ", "correlation_id": "01KTYAD2P2J23MNREKWRQ09N8N", "level": "info", "timestamp": "2026-06-12T16:24:51.651053Z"}
{"query_len": 93, "k": 50, "event": "hybrid.start", "query_preview": "How much cumulative Blackwell and Rubin revenue does NVIDIA see visibility into ", "correlation_id": "01KTYAD2P2J23MNREKWRQ09N8N", "level": "info", "timestamp": "2026-06-12T16:24:51.651097Z"}
{"query_len": 93, "k": 50, "dense": 50, "bm25": 0, "fused": 50, "term": false, "event": "hybrid.done", "query_preview": "How much cumulative Blackwell and Rubin revenue does NVIDIA see visibility into ", "correlation_id": "01KTYAD2P2J23MNREKWRQ09N8N", "level": "info", "timestamp": "2026-06-12T16:24:51.721127Z"}
{"node": "retrieve", "candidate_count": 50, "event": "done", "query_preview": "How much cumulative Blackwell and Rubin revenue does NVIDIA see visibility into ", "correlation_id": "01KTYAD2P2J23MNREKWRQ09N8N", "level": "info", "timestamp": "2026-06-12T16:24:51.722054Z"}
{"node": "expand_graph", "reason": "disabled_or_empty", "event": "skip", "query_preview": "How much cumulative Blackwell and Rubin revenue does NVIDIA see visibility into ", "correlation_id": "01KTYAD2P2J23MNREKWRQ09N8N", "level": "info", "timestamp": "2026-06-12T16:24:51.723362Z"}
{"node": "rerank", "candidate_count": 50, "event": "start", "query_preview": "How much cumulative Blackwell and Rubin revenue does NVIDIA see visibility into ", "correlation_id": "01KTYAD2P2J23MNREKWRQ09N8N", "level": "info", "timestamp": "2026-06-12T16:24:51.723841Z"}
{"node": "rerank", "top_k": 5, "source": "mode", "event": "top_k_resolved", "query_preview": "How much cumulative Blackwell and Rubin revenue does NVIDIA see visibility into ", "correlation_id": "01KTYAD2P2J23MNREKWRQ09N8N", "level": "info", "timestamp": "2026-06-12T16:24:51.723889Z"}
{"candidates": 50, "top_k": 5, "backend": "cross_encoder", "event": "rerank.start", "query_preview": "How much cumulative Blackwell and Rubin revenue does NVIDIA see visibility into ", "correlation_id": "01KTYAD2P2J23MNREKWRQ09N8N", "level": "info", "timestamp": "2026-06-12T16:24:51.723912Z"}
{"candidates": 50, "top_k": 5, "backend": "cross_encoder", "returned": 5, "event": "rerank.done", "query_preview": "How much cumulative Blackwell and Rubin revenue does NVIDIA see visibility into ", "correlation_id": "01KTYAD2P2J23MNREKWRQ09N8N", "level": "info", "timestamp": "2026-06-12T16:25:43.541055Z"}
{"node": "rerank", "reranked_count": 5, "event": "done", "query_preview": "How much cumulative Blackwell and Rubin revenue does NVIDIA see visibility into ", "correlation_id": "01KTYAD2P2J23MNREKWRQ09N8N", "level": "info", "timestamp": "2026-06-12T16:25:43.541172Z"}
{"node": "query_tables", "reason": "empty_or_not_table_shaped", "event": "skip", "query_preview": "How much cumulative Blackwell and Rubin revenue does NVIDIA see visibility into ", "correlation_id": "01KTYAD2P2J23MNREKWRQ09N8N", "level": "info", "timestamp": "2026-06-12T16:25:43.543216Z"}
{"node": "assess", "reranked_count": 5, "event": "start", "query_preview": "How much cumulative Blackwell and Rubin revenue does NVIDIA see visibility into ", "correlation_id": "01KTYAD2P2J23MNREKWRQ09N8N", "level": "info", "timestamp": "2026-06-12T16:25:43.544001Z"}
{"prompt_tag": "assess_sufficiency@v4", "schema": "SufficiencyAssessment", "model": "cyankiwi/Qwen3.5-4B-AWQ-4bit", "max_tokens": 1024, "temperature": 0.1, "top_p": 0.8, "presence_penalty": 1.0, "seed": 42, "message_count": 1, "event": "model_call.start", "query_preview": "How much cumulative Blackwell and Rubin revenue does NVIDIA see visibility into ", "correlation_id": "01KTYAD2P2J23MNREKWRQ09N8N", "level": "info", "timestamp": "2026-06-12T16:25:43.546153Z"}
Authentication error: Langfuse client initialized without public_key. Client will be disabled. Provide a public_key parameter or set LANGFUSE_PUBLIC_KEY environment variable. 
{"prompt_tag": "assess_sufficiency@v4", "schema": "SufficiencyAssessment", "tokens": 2663, "event": "model_call.done", "query_preview": "How much cumulative Blackwell and Rubin revenue does NVIDIA see visibility into ", "correlation_id": "01KTYAD2P2J23MNREKWRQ09N8N", "level": "info", "timestamp": "2026-06-12T16:25:44.687252Z"}
{"node": "answer", "regenerate_attempt": 0, "event": "start", "query_preview": "How much cumulative Blackwell and Rubin revenue does NVIDIA see visibility into ", "correlation_id": "01KTYAD2P2J23MNREKWRQ09N8N", "level": "info", "timestamp": "2026-06-12T16:25:44.688824Z"}
{"prompt_tag": "answer@v5", "schema": "DraftAnswer", "model": "cyankiwi/Qwen3.5-4B-AWQ-4bit", "max_tokens": 1800, "temperature": 0.1, "top_p": 0.8, "presence_penalty": 1.0, "seed": 42, "message_count": 2, "event": "model_call.start", "query_preview": "How much cumulative Blackwell and Rubin revenue does NVIDIA see visibility into ", "correlation_id": "01KTYAD2P2J23MNREKWRQ09N8N", "level": "info", "timestamp": "2026-06-12T16:25:44.690835Z"}
Authentication error: Langfuse client initialized without public_key. Client will be disabled. Provide a public_key parameter or set LANGFUSE_PUBLIC_KEY environment variable. 
{"prompt_tag": "answer@v5", "schema": "DraftAnswer", "tokens": 4285, "event": "model_call.done", "query_preview": "How much cumulative Blackwell and Rubin revenue does NVIDIA see visibility into ", "correlation_id": "01KTYAD2P2J23MNREKWRQ09N8N", "level": "info", "timestamp": "2026-06-12T16:25:46.338056Z"}
{"node": "verify", "claim_count": 1, "event": "start", "query_preview": "How much cumulative Blackwell and Rubin revenue does NVIDIA see visibility into ", "correlation_id": "01KTYAD2P2J23MNREKWRQ09N8N", "level": "info", "timestamp": "2026-06-12T16:25:46.339007Z"}
{"prompt_tag": "verify_grounding@v2", "schema": "VerificationResult", "model": "cyankiwi/Qwen3.5-4B-AWQ-4bit", "max_tokens": 1024, "temperature": 0.1, "top_p": 0.8, "presence_penalty": 1.0, "seed": 42, "message_count": 1, "event": "model_call.start", "query_preview": "How much cumulative Blackwell and Rubin revenue does NVIDIA see visibility into ", "correlation_id": "01KTYAD2P2J23MNREKWRQ09N8N", "level": "info", "timestamp": "2026-06-12T16:25:46.342017Z"}
Authentication error: Langfuse client initialized without public_key. Client will be disabled. Provide a public_key parameter or set LANGFUSE_PUBLIC_KEY environment variable. 
{"prompt_tag": "verify_grounding@v2", "schema": "VerificationResult", "tokens": 2551, "event": "model_call.done", "query_preview": "How much cumulative Blackwell and Rubin revenue does NVIDIA see visibility into ", "correlation_id": "01KTYAD2P2J23MNREKWRQ09N8N", "level": "info", "timestamp": "2026-06-12T16:25:46.915555Z"}
{"node": "assess_relevance", "event": "start", "query_preview": "How much cumulative Blackwell and Rubin revenue does NVIDIA see visibility into ", "correlation_id": "01KTYAD2P2J23MNREKWRQ09N8N", "level": "info", "timestamp": "2026-06-12T16:25:46.916882Z"}
{"prompt_tag": "assess_relevance@v3", "schema": "RelevanceAssessment", "model": "cyankiwi/Qwen3.5-4B-AWQ-4bit", "max_tokens": 1024, "temperature": 0.1, "top_p": 0.8, "presence_penalty": 1.0, "seed": 42, "message_count": 1, "event": "model_call.start", "query_preview": "How much cumulative Blackwell and Rubin revenue does NVIDIA see visibility into ", "correlation_id": "01KTYAD2P2J23MNREKWRQ09N8N", "level": "info", "timestamp": "2026-06-12T16:25:46.917874Z"}
Authentication error: Langfuse client initialized without public_key. Client will be disabled. Provide a public_key parameter or set LANGFUSE_PUBLIC_KEY environment variable. 
{"prompt_tag": "assess_relevance@v3", "schema": "RelevanceAssessment", "tokens": 869, "event": "model_call.done", "query_preview": "How much cumulative Blackwell and Rubin revenue does NVIDIA see visibility into ", "correlation_id": "01KTYAD2P2J23MNREKWRQ09N8N", "level": "info", "timestamp": "2026-06-12T16:25:47.324758Z"}
{"node": "assess_relevance", "responsive": true, "event": "relevance", "query_preview": "How much cumulative Blackwell and Rubin revenue does NVIDIA see visibility into ", "correlation_id": "01KTYAD2P2J23MNREKWRQ09N8N", "level": "info", "timestamp": "2026-06-12T16:25:47.324831Z"}
{"node": "compose", "event": "start", "query_preview": "How much cumulative Blackwell and Rubin revenue does NVIDIA see visibility into ", "correlation_id": "01KTYAD2P2J23MNREKWRQ09N8N", "level": "info", "timestamp": "2026-06-12T16:25:47.326018Z"}
[mini] annual-report-04         answered=True base=True ok (55.7s)
Authentication error: Langfuse client initialized without public_key. Client will be disabled. Provide a public_key parameter or set LANGFUSE_PUBLIC_KEY environment variable. 
{"node": "retrieve", "query_len": 46, "event": "start", "query_preview": "What was NVIDIA's gross margin in fiscal 2026?", "correlation_id": "01KTYAES1YTDQ8W86X09MAB8YQ", "level": "info", "timestamp": "2026-06-12T16:25:47.327629Z"}
{"query_len": 46, "k": 50, "event": "hybrid.start", "query_preview": "What was NVIDIA's gross margin in fiscal 2026?", "correlation_id": "01KTYAES1YTDQ8W86X09MAB8YQ", "level": "info", "timestamp": "2026-06-12T16:25:47.327665Z"}
{"query_len": 46, "k": 50, "dense": 50, "bm25": 0, "fused": 50, "term": false, "event": "hybrid.done", "query_preview": "What was NVIDIA's gross margin in fiscal 2026?", "correlation_id": "01KTYAES1YTDQ8W86X09MAB8YQ", "level": "info", "timestamp": "2026-06-12T16:25:47.395983Z"}
{"node": "retrieve", "candidate_count": 50, "event": "done", "query_preview": "What was NVIDIA's gross margin in fiscal 2026?", "correlation_id": "01KTYAES1YTDQ8W86X09MAB8YQ", "level": "info", "timestamp": "2026-06-12T16:25:47.397009Z"}
{"node": "expand_graph", "reason": "disabled_or_empty", "event": "skip", "query_preview": "What was NVIDIA's gross margin in fiscal 2026?", "correlation_id": "01KTYAES1YTDQ8W86X09MAB8YQ", "level": "info", "timestamp": "2026-06-12T16:25:47.398242Z"}
{"node": "rerank", "candidate_count": 50, "event": "start", "query_preview": "What was NVIDIA's gross margin in fiscal 2026?", "correlation_id": "01KTYAES1YTDQ8W86X09MAB8YQ", "level": "info", "timestamp": "2026-06-12T16:25:47.398703Z"}
{"node": "rerank", "top_k": 5, "source": "mode", "event": "top_k_resolved", "query_preview": "What was NVIDIA's gross margin in fiscal 2026?", "correlation_id": "01KTYAES1YTDQ8W86X09MAB8YQ", "level": "info", "timestamp": "2026-06-12T16:25:47.398749Z"}
{"candidates": 50, "top_k": 5, "backend": "cross_encoder", "event": "rerank.start", "query_preview": "What was NVIDIA's gross margin in fiscal 2026?", "correlation_id": "01KTYAES1YTDQ8W86X09MAB8YQ", "level": "info", "timestamp": "2026-06-12T16:25:47.398773Z"}
{"candidates": 50, "top_k": 5, "backend": "cross_encoder", "returned": 5, "event": "rerank.done", "query_preview": "What was NVIDIA's gross margin in fiscal 2026?", "correlation_id": "01KTYAES1YTDQ8W86X09MAB8YQ", "level": "info", "timestamp": "2026-06-12T16:26:33.633436Z"}
{"node": "rerank", "reranked_count": 5, "event": "done", "query_preview": "What was NVIDIA's gross margin in fiscal 2026?", "correlation_id": "01KTYAES1YTDQ8W86X09MAB8YQ", "level": "info", "timestamp": "2026-06-12T16:26:33.633551Z"}
{"node": "query_tables", "reason": "empty_or_not_table_shaped", "event": "skip", "query_preview": "What was NVIDIA's gross margin in fiscal 2026?", "correlation_id": "01KTYAES1YTDQ8W86X09MAB8YQ", "level": "info", "timestamp": "2026-06-12T16:26:33.635392Z"}
{"node": "assess", "reranked_count": 5, "event": "start", "query_preview": "What was NVIDIA's gross margin in fiscal 2026?", "correlation_id": "01KTYAES1YTDQ8W86X09MAB8YQ", "level": "info", "timestamp": "2026-06-12T16:26:33.636105Z"}
{"prompt_tag": "assess_sufficiency@v4", "schema": "SufficiencyAssessment", "model": "cyankiwi/Qwen3.5-4B-AWQ-4bit", "max_tokens": 1024, "temperature": 0.1, "top_p": 0.8, "presence_penalty": 1.0, "seed": 42, "message_count": 1, "event": "model_call.start", "query_preview": "What was NVIDIA's gross margin in fiscal 2026?", "correlation_id": "01KTYAES1YTDQ8W86X09MAB8YQ", "level": "info", "timestamp": "2026-06-12T16:26:33.638104Z"}
Authentication error: Langfuse client initialized without public_key. Client will be disabled. Provide a public_key parameter or set LANGFUSE_PUBLIC_KEY environment variable. 
{"prompt_tag": "assess_sufficiency@v4", "schema": "SufficiencyAssessment", "tokens": 3422, "event": "model_call.done", "query_preview": "What was NVIDIA's gross margin in fiscal 2026?", "correlation_id": "01KTYAES1YTDQ8W86X09MAB8YQ", "level": "info", "timestamp": "2026-06-12T16:26:34.577655Z"}
{"node": "answer", "regenerate_attempt": 0, "event": "start", "query_preview": "What was NVIDIA's gross margin in fiscal 2026?", "correlation_id": "01KTYAES1YTDQ8W86X09MAB8YQ", "level": "info", "timestamp": "2026-06-12T16:26:34.579250Z"}
{"prompt_tag": "answer@v5", "schema": "DraftAnswer", "model": "cyankiwi/Qwen3.5-4B-AWQ-4bit", "max_tokens": 1800, "temperature": 0.1, "top_p": 0.8, "presence_penalty": 1.0, "seed": 42, "message_count": 2, "event": "model_call.start", "query_preview": "What was NVIDIA's gross margin in fiscal 2026?", "correlation_id": "01KTYAES1YTDQ8W86X09MAB8YQ", "level": "info", "timestamp": "2026-06-12T16:26:34.581890Z"}
Authentication error: Langfuse client initialized without public_key. Client will be disabled. Provide a public_key parameter or set LANGFUSE_PUBLIC_KEY environment variable. 
{"prompt_tag": "answer@v5", "schema": "DraftAnswer", "tokens": 5086, "event": "model_call.done", "query_preview": "What was NVIDIA's gross margin in fiscal 2026?", "correlation_id": "01KTYAES1YTDQ8W86X09MAB8YQ", "level": "info", "timestamp": "2026-06-12T16:26:36.432665Z"}
{"node": "verify", "claim_count": 1, "event": "start", "query_preview": "What was NVIDIA's gross margin in fiscal 2026?", "correlation_id": "01KTYAES1YTDQ8W86X09MAB8YQ", "level": "info", "timestamp": "2026-06-12T16:26:36.433705Z"}
{"prompt_tag": "verify_grounding@v2", "schema": "VerificationResult", "model": "cyankiwi/Qwen3.5-4B-AWQ-4bit", "max_tokens": 1024, "temperature": 0.1, "top_p": 0.8, "presence_penalty": 1.0, "seed": 42, "message_count": 1, "event": "model_call.start", "query_preview": "What was NVIDIA's gross margin in fiscal 2026?", "correlation_id": "01KTYAES1YTDQ8W86X09MAB8YQ", "level": "info", "timestamp": "2026-06-12T16:26:36.437632Z"}
Authentication error: Langfuse client initialized without public_key. Client will be disabled. Provide a public_key parameter or set LANGFUSE_PUBLIC_KEY environment variable. 
{"prompt_tag": "verify_grounding@v2", "schema": "VerificationResult", "tokens": 3339, "event": "model_call.done", "query_preview": "What was NVIDIA's gross margin in fiscal 2026?", "correlation_id": "01KTYAES1YTDQ8W86X09MAB8YQ", "level": "info", "timestamp": "2026-06-12T16:26:37.132493Z"}
{"node": "assess_relevance", "event": "start", "query_preview": "What was NVIDIA's gross margin in fiscal 2026?", "correlation_id": "01KTYAES1YTDQ8W86X09MAB8YQ", "level": "info", "timestamp": "2026-06-12T16:26:37.134355Z"}
{"prompt_tag": "assess_relevance@v3", "schema": "RelevanceAssessment", "model": "cyankiwi/Qwen3.5-4B-AWQ-4bit", "max_tokens": 1024, "temperature": 0.1, "top_p": 0.8, "presence_penalty": 1.0, "seed": 42, "message_count": 1, "event": "model_call.start", "query_preview": "What was NVIDIA's gross margin in fiscal 2026?", "correlation_id": "01KTYAES1YTDQ8W86X09MAB8YQ", "level": "info", "timestamp": "2026-06-12T16:26:37.135642Z"}
Authentication error: Langfuse client initialized without public_key. Client will be disabled. Provide a public_key parameter or set LANGFUSE_PUBLIC_KEY environment variable. 
{"prompt_tag": "assess_relevance@v3", "schema": "RelevanceAssessment", "tokens": 868, "event": "model_call.done", "query_preview": "What was NVIDIA's gross margin in fiscal 2026?", "correlation_id": "01KTYAES1YTDQ8W86X09MAB8YQ", "level": "info", "timestamp": "2026-06-12T16:26:37.552022Z"}
{"node": "assess_relevance", "responsive": true, "event": "relevance", "query_preview": "What was NVIDIA's gross margin in fiscal 2026?", "correlation_id": "01KTYAES1YTDQ8W86X09MAB8YQ", "level": "info", "timestamp": "2026-06-12T16:26:37.552103Z"}
{"node": "compose", "event": "start", "query_preview": "What was NVIDIA's gross margin in fiscal 2026?", "correlation_id": "01KTYAES1YTDQ8W86X09MAB8YQ", "level": "info", "timestamp": "2026-06-12T16:26:37.553565Z"}
[mini] annual-report-05         answered=True base=True ok (50.2s)
Authentication error: Langfuse client initialized without public_key. Client will be disabled. Provide a public_key parameter or set LANGFUSE_PUBLIC_KEY environment variable. 
{"node": "retrieve", "query_len": 64, "event": "start", "query_preview": "How many basic tenets of zero trust does NIST SP 800-207 define?", "correlation_id": "01KTYAGA3JZR18WY9VS69R0CM4", "level": "info", "timestamp": "2026-06-12T16:26:37.555679Z"}
{"query_len": 64, "k": 50, "event": "hybrid.start", "query_preview": "How many basic tenets of zero trust does NIST SP 800-207 define?", "correlation_id": "01KTYAGA3JZR18WY9VS69R0CM4", "level": "info", "timestamp": "2026-06-12T16:26:37.555724Z"}
{"query_len": 64, "k": 50, "dense": 50, "bm25": 0, "fused": 50, "term": false, "event": "hybrid.done", "query_preview": "How many basic tenets of zero trust does NIST SP 800-207 define?", "correlation_id": "01KTYAGA3JZR18WY9VS69R0CM4", "level": "info", "timestamp": "2026-06-12T16:26:37.624974Z"}
{"node": "retrieve", "candidate_count": 50, "event": "done", "query_preview": "How many basic tenets of zero trust does NIST SP 800-207 define?", "correlation_id": "01KTYAGA3JZR18WY9VS69R0CM4", "level": "info", "timestamp": "2026-06-12T16:26:37.625868Z"}
{"node": "expand_graph", "reason": "disabled_or_empty", "event": "skip", "query_preview": "How many basic tenets of zero trust does NIST SP 800-207 define?", "correlation_id": "01KTYAGA3JZR18WY9VS69R0CM4", "level": "info", "timestamp": "2026-06-12T16:26:37.627126Z"}
{"node": "rerank", "candidate_count": 50, "event": "start", "query_preview": "How many basic tenets of zero trust does NIST SP 800-207 define?", "correlation_id": "01KTYAGA3JZR18WY9VS69R0CM4", "level": "info", "timestamp": "2026-06-12T16:26:37.627585Z"}
{"node": "rerank", "top_k": 5, "source": "mode", "event": "top_k_resolved", "query_preview": "How many basic tenets of zero trust does NIST SP 800-207 define?", "correlation_id": "01KTYAGA3JZR18WY9VS69R0CM4", "level": "info", "timestamp": "2026-06-12T16:26:37.627633Z"}
{"candidates": 50, "top_k": 5, "backend": "cross_encoder", "event": "rerank.start", "query_preview": "How many basic tenets of zero trust does NIST SP 800-207 define?", "correlation_id": "01KTYAGA3JZR18WY9VS69R0CM4", "level": "info", "timestamp": "2026-06-12T16:26:37.627658Z"}
{"candidates": 50, "top_k": 5, "backend": "cross_encoder", "returned": 5, "event": "rerank.done", "query_preview": "How many basic tenets of zero trust does NIST SP 800-207 define?", "correlation_id": "01KTYAGA3JZR18WY9VS69R0CM4", "level": "info", "timestamp": "2026-06-12T16:27:15.627350Z"}
{"node": "rerank", "reranked_count": 5, "event": "done", "query_preview": "How many basic tenets of zero trust does NIST SP 800-207 define?", "correlation_id": "01KTYAGA3JZR18WY9VS69R0CM4", "level": "info", "timestamp": "2026-06-12T16:27:15.627460Z"}
{"prompt_tag": "generate_table_sql@v1", "schema": "GeneratedSQL", "model": "cyankiwi/Qwen3.5-4B-AWQ-4bit", "max_tokens": 1024, "temperature": 0.1, "top_p": 0.8, "presence_penalty": 1.0, "seed": 42, "message_count": 1, "event": "model_call.start", "query_preview": "How many basic tenets of zero trust does NIST SP 800-207 define?", "correlation_id": "01KTYAGA3JZR18WY9VS69R0CM4", "level": "info", "timestamp": "2026-06-12T16:27:15.634568Z"}
Authentication error: Langfuse client initialized without public_key. Client will be disabled. Provide a public_key parameter or set LANGFUSE_PUBLIC_KEY environment variable. 
{"prompt_tag": "generate_table_sql@v1", "schema": "GeneratedSQL", "tokens": 1216, "event": "model_call.done", "query_preview": "How many basic tenets of zero trust does NIST SP 800-207 define?", "correlation_id": "01KTYAGA3JZR18WY9VS69R0CM4", "level": "info", "timestamp": "2026-06-12T16:27:16.403155Z"}
{"node": "query_doc_tables", "sql": "SELECT COUNT(*) FROM c_157eab338d WHERE table_of_contents LIKE '%Tenets of Zero Trust%'", "target": "c_157eab338d", "event": "table_sql.generated", "query_preview": "How many basic tenets of zero trust does NIST SP 800-207 define?", "correlation_id": "01KTYAGA3JZR18WY9VS69R0CM4", "level": "info", "timestamp": "2026-06-12T16:27:16.403218Z"}
{"node": "query_doc_tables", "kind": "aggregate", "target": "157eab338d", "event": "table_sql.result", "query_preview": "How many basic tenets of zero trust does NIST SP 800-207 define?", "correlation_id": "01KTYAGA3JZR18WY9VS69R0CM4", "level": "info", "timestamp": "2026-06-12T16:27:16.404221Z"}
{"node": "query_tables", "kind": "aggregate", "chunk_id": "0290d6ec-nist-sp-800-207#sql0001", "event": "injected", "query_preview": "How many basic tenets of zero trust does NIST SP 800-207 define?", "correlation_id": "01KTYAGA3JZR18WY9VS69R0CM4", "level": "info", "timestamp": "2026-06-12T16:27:16.404508Z"}
{"node": "assess", "reranked_count": 6, "event": "start", "query_preview": "How many basic tenets of zero trust does NIST SP 800-207 define?", "correlation_id": "01KTYAGA3JZR18WY9VS69R0CM4", "level": "info", "timestamp": "2026-06-12T16:27:16.405199Z"}
{"prompt_tag": "assess_sufficiency@v4", "schema": "SufficiencyAssessment", "model": "cyankiwi/Qwen3.5-4B-AWQ-4bit", "max_tokens": 1024, "temperature": 0.1, "top_p": 0.8, "presence_penalty": 1.0, "seed": 42, "message_count": 1, "event": "model_call.start", "query_preview": "How many basic tenets of zero trust does NIST SP 800-207 define?", "correlation_id": "01KTYAGA3JZR18WY9VS69R0CM4", "level": "info", "timestamp": "2026-06-12T16:27:16.406517Z"}
Authentication error: Langfuse client initialized without public_key. Client will be disabled. Provide a public_key parameter or set LANGFUSE_PUBLIC_KEY environment variable. 
{"prompt_tag": "assess_sufficiency@v4", "schema": "SufficiencyAssessment", "tokens": 2772, "event": "model_call.done", "query_preview": "How many basic tenets of zero trust does NIST SP 800-207 define?", "correlation_id": "01KTYAGA3JZR18WY9VS69R0CM4", "level": "info", "timestamp": "2026-06-12T16:27:17.242828Z"}
{"node": "answer", "regenerate_attempt": 0, "event": "start", "query_preview": "How many basic tenets of zero trust does NIST SP 800-207 define?", "correlation_id": "01KTYAGA3JZR18WY9VS69R0CM4", "level": "info", "timestamp": "2026-06-12T16:27:17.244486Z"}
{"prompt_tag": "answer@v5", "schema": "DraftAnswer", "model": "cyankiwi/Qwen3.5-4B-AWQ-4bit", "max_tokens": 1800, "temperature": 0.1, "top_p": 0.8, "presence_penalty": 1.0, "seed": 42, "message_count": 2, "event": "model_call.start", "query_preview": "How many basic tenets of zero trust does NIST SP 800-207 define?", "correlation_id": "01KTYAGA3JZR18WY9VS69R0CM4", "level": "info", "timestamp": "2026-06-12T16:27:17.246441Z"}
Authentication error: Langfuse client initialized without public_key. Client will be disabled. Provide a public_key parameter or set LANGFUSE_PUBLIC_KEY environment variable. 
{"prompt_tag": "answer@v5", "schema": "DraftAnswer", "tokens": 4408, "event": "model_call.done", "query_preview": "How many basic tenets of zero trust does NIST SP 800-207 define?", "correlation_id": "01KTYAGA3JZR18WY9VS69R0CM4", "level": "info", "timestamp": "2026-06-12T16:27:18.770569Z"}
{"node": "answer", "exact": 0, "suffix": 0, "fuzzy": 1, "unresolved": 0, "event": "chunk_id_repair", "query_preview": "How many basic tenets of zero trust does NIST SP 800-207 define?", "correlation_id": "01KTYAGA3JZR18WY9VS69R0CM4", "level": "info", "timestamp": "2026-06-12T16:27:18.770705Z"}
{"node": "verify", "claim_count": 1, "event": "start", "query_preview": "How many basic tenets of zero trust does NIST SP 800-207 define?", "correlation_id": "01KTYAGA3JZR18WY9VS69R0CM4", "level": "info", "timestamp": "2026-06-12T16:27:18.771456Z"}
{"prompt_tag": "verify_grounding@v2", "schema": "VerificationResult", "model": "cyankiwi/Qwen3.5-4B-AWQ-4bit", "max_tokens": 1024, "temperature": 0.1, "top_p": 0.8, "presence_penalty": 1.0, "seed": 42, "message_count": 1, "event": "model_call.start", "query_preview": "How many basic tenets of zero trust does NIST SP 800-207 define?", "correlation_id": "01KTYAGA3JZR18WY9VS69R0CM4", "level": "info", "timestamp": "2026-06-12T16:27:18.774571Z"}
Authentication error: Langfuse client initialized without public_key. Client will be disabled. Provide a public_key parameter or set LANGFUSE_PUBLIC_KEY environment variable. 
{"prompt_tag": "verify_grounding@v2", "schema": "VerificationResult", "tokens": 2683, "event": "model_call.done", "query_preview": "How many basic tenets of zero trust does NIST SP 800-207 define?", "correlation_id": "01KTYAGA3JZR18WY9VS69R0CM4", "level": "info", "timestamp": "2026-06-12T16:27:19.369116Z"}
{"node": "assess_relevance", "event": "start", "query_preview": "How many basic tenets of zero trust does NIST SP 800-207 define?", "correlation_id": "01KTYAGA3JZR18WY9VS69R0CM4", "level": "info", "timestamp": "2026-06-12T16:27:19.370257Z"}
{"prompt_tag": "assess_relevance@v3", "schema": "RelevanceAssessment", "model": "cyankiwi/Qwen3.5-4B-AWQ-4bit", "max_tokens": 1024, "temperature": 0.1, "top_p": 0.8, "presence_penalty": 1.0, "seed": 42, "message_count": 1, "event": "model_call.start", "query_preview": "How many basic tenets of zero trust does NIST SP 800-207 define?", "correlation_id": "01KTYAGA3JZR18WY9VS69R0CM4", "level": "info", "timestamp": "2026-06-12T16:27:19.371241Z"}
Authentication error: Langfuse client initialized without public_key. Client will be disabled. Provide a public_key parameter or set LANGFUSE_PUBLIC_KEY environment variable. 
{"prompt_tag": "assess_relevance@v3", "schema": "RelevanceAssessment", "tokens": 855, "event": "model_call.done", "query_preview": "How many basic tenets of zero trust does NIST SP 800-207 define?", "correlation_id": "01KTYAGA3JZR18WY9VS69R0CM4", "level": "info", "timestamp": "2026-06-12T16:27:19.817544Z"}
{"node": "assess_relevance", "responsive": true, "event": "relevance", "query_preview": "How many basic tenets of zero trust does NIST SP 800-207 define?", "correlation_id": "01KTYAGA3JZR18WY9VS69R0CM4", "level": "info", "timestamp": "2026-06-12T16:27:19.817602Z"}
{"node": "compose", "event": "start", "query_preview": "How many basic tenets of zero trust does NIST SP 800-207 define?", "correlation_id": "01KTYAGA3JZR18WY9VS69R0CM4", "level": "info", "timestamp": "2026-06-12T16:27:19.818654Z"}
[mini] nist-zero-trust-01       answered=True base=True ok (42.3s)
Authentication error: Langfuse client initialized without public_key. Client will be disabled. Provide a public_key parameter or set LANGFUSE_PUBLIC_KEY environment variable. 
{"node": "retrieve", "query_len": 96, "event": "start", "query_preview": "In SP 800-207, the policy decision point (PDP) is broken down into which two log", "correlation_id": "01KTYAHKCB7WVZBQSH5NBBKR10", "level": "info", "timestamp": "2026-06-12T16:27:19.820308Z"}
{"query_len": 96, "k": 50, "event": "hybrid.start", "query_preview": "In SP 800-207, the policy decision point (PDP) is broken down into which two log", "correlation_id": "01KTYAHKCB7WVZBQSH5NBBKR10", "level": "info", "timestamp": "2026-06-12T16:27:19.820346Z"}
{"query_len": 96, "k": 50, "dense": 50, "bm25": 0, "fused": 50, "term": false, "event": "hybrid.done", "query_preview": "In SP 800-207, the policy decision point (PDP) is broken down into which two log", "correlation_id": "01KTYAHKCB7WVZBQSH5NBBKR10", "level": "info", "timestamp": "2026-06-12T16:27:19.895853Z"}
{"node": "retrieve", "candidate_count": 50, "event": "done", "query_preview": "In SP 800-207, the policy decision point (PDP) is broken down into which two log", "correlation_id": "01KTYAHKCB7WVZBQSH5NBBKR10", "level": "info", "timestamp": "2026-06-12T16:27:19.896780Z"}
{"node": "expand_graph", "reason": "disabled_or_empty", "event": "skip", "query_preview": "In SP 800-207, the policy decision point (PDP) is broken down into which two log", "correlation_id": "01KTYAHKCB7WVZBQSH5NBBKR10", "level": "info", "timestamp": "2026-06-12T16:27:19.898342Z"}
{"node": "rerank", "candidate_count": 50, "event": "start", "query_preview": "In SP 800-207, the policy decision point (PDP) is broken down into which two log", "correlation_id": "01KTYAHKCB7WVZBQSH5NBBKR10", "level": "info", "timestamp": "2026-06-12T16:27:19.898904Z"}
{"node": "rerank", "top_k": 5, "source": "mode", "event": "top_k_resolved", "query_preview": "In SP 800-207, the policy decision point (PDP) is broken down into which two log", "correlation_id": "01KTYAHKCB7WVZBQSH5NBBKR10", "level": "info", "timestamp": "2026-06-12T16:27:19.898952Z"}
{"candidates": 50, "top_k": 5, "backend": "cross_encoder", "event": "rerank.start", "query_preview": "In SP 800-207, the policy decision point (PDP) is broken down into which two log", "correlation_id": "01KTYAHKCB7WVZBQSH5NBBKR10", "level": "info", "timestamp": "2026-06-12T16:27:19.898976Z"}
{"candidates": 50, "top_k": 5, "backend": "cross_encoder", "returned": 5, "event": "rerank.done", "query_preview": "In SP 800-207, the policy decision point (PDP) is broken down into which two log", "correlation_id": "01KTYAHKCB7WVZBQSH5NBBKR10", "level": "info", "timestamp": "2026-06-12T16:27:50.118679Z"}
{"node": "rerank", "reranked_count": 5, "event": "done", "query_preview": "In SP 800-207, the policy decision point (PDP) is broken down into which two log", "correlation_id": "01KTYAHKCB7WVZBQSH5NBBKR10", "level": "info", "timestamp": "2026-06-12T16:27:50.118787Z"}
{"node": "query_tables", "reason": "empty_or_not_table_shaped", "event": "skip", "query_preview": "In SP 800-207, the policy decision point (PDP) is broken down into which two log", "correlation_id": "01KTYAHKCB7WVZBQSH5NBBKR10", "level": "info", "timestamp": "2026-06-12T16:27:50.120674Z"}
{"node": "assess", "reranked_count": 5, "event": "start", "query_preview": "In SP 800-207, the policy decision point (PDP) is broken down into which two log", "correlation_id": "01KTYAHKCB7WVZBQSH5NBBKR10", "level": "info", "timestamp": "2026-06-12T16:27:50.121426Z"}
{"prompt_tag": "assess_sufficiency@v4", "schema": "SufficiencyAssessment", "model": "cyankiwi/Qwen3.5-4B-AWQ-4bit", "max_tokens": 1024, "temperature": 0.1, "top_p": 0.8, "presence_penalty": 1.0, "seed": 42, "message_count": 1, "event": "model_call.start", "query_preview": "In SP 800-207, the policy decision point (PDP) is broken down into which two log", "correlation_id": "01KTYAHKCB7WVZBQSH5NBBKR10", "level": "info", "timestamp": "2026-06-12T16:27:50.123359Z"}
Authentication error: Langfuse client initialized without public_key. Client will be disabled. Provide a public_key parameter or set LANGFUSE_PUBLIC_KEY environment variable. 
{"prompt_tag": "assess_sufficiency@v4", "schema": "SufficiencyAssessment", "tokens": 2523, "event": "model_call.done", "query_preview": "In SP 800-207, the policy decision point (PDP) is broken down into which two log", "correlation_id": "01KTYAHKCB7WVZBQSH5NBBKR10", "level": "info", "timestamp": "2026-06-12T16:27:51.214322Z"}
{"node": "answer", "regenerate_attempt": 0, "event": "start", "query_preview": "In SP 800-207, the policy decision point (PDP) is broken down into which two log", "correlation_id": "01KTYAHKCB7WVZBQSH5NBBKR10", "level": "info", "timestamp": "2026-06-12T16:27:51.215428Z"}
{"prompt_tag": "answer@v5", "schema": "DraftAnswer", "model": "cyankiwi/Qwen3.5-4B-AWQ-4bit", "max_tokens": 1800, "temperature": 0.1, "top_p": 0.8, "presence_penalty": 1.0, "seed": 42, "message_count": 2, "event": "model_call.start", "query_preview": "In SP 800-207, the policy decision point (PDP) is broken down into which two log", "correlation_id": "01KTYAHKCB7WVZBQSH5NBBKR10", "level": "info", "timestamp": "2026-06-12T16:27:51.217433Z"}
Authentication error: Langfuse client initialized without public_key. Client will be disabled. Provide a public_key parameter or set LANGFUSE_PUBLIC_KEY environment variable. 
{"prompt_tag": "answer@v5", "schema": "DraftAnswer", "tokens": 4143, "event": "model_call.done", "query_preview": "In SP 800-207, the policy decision point (PDP) is broken down into which two log", "correlation_id": "01KTYAHKCB7WVZBQSH5NBBKR10", "level": "info", "timestamp": "2026-06-12T16:27:52.811161Z"}
{"node": "verify", "claim_count": 1, "event": "start", "query_preview": "In SP 800-207, the policy decision point (PDP) is broken down into which two log", "correlation_id": "01KTYAHKCB7WVZBQSH5NBBKR10", "level": "info", "timestamp": "2026-06-12T16:27:52.811944Z"}
{"prompt_tag": "verify_grounding@v2", "schema": "VerificationResult", "model": "cyankiwi/Qwen3.5-4B-AWQ-4bit", "max_tokens": 1024, "temperature": 0.1, "top_p": 0.8, "presence_penalty": 1.0, "seed": 42, "message_count": 1, "event": "model_call.start", "query_preview": "In SP 800-207, the policy decision point (PDP) is broken down into which two log", "correlation_id": "01KTYAHKCB7WVZBQSH5NBBKR10", "level": "info", "timestamp": "2026-06-12T16:27:52.815025Z"}
Authentication error: Langfuse client initialized without public_key. Client will be disabled. Provide a public_key parameter or set LANGFUSE_PUBLIC_KEY environment variable. 
{"prompt_tag": "verify_grounding@v2", "schema": "VerificationResult", "tokens": 2400, "event": "model_call.done", "query_preview": "In SP 800-207, the policy decision point (PDP) is broken down into which two log", "correlation_id": "01KTYAHKCB7WVZBQSH5NBBKR10", "level": "info", "timestamp": "2026-06-12T16:27:53.365453Z"}
{"node": "assess_relevance", "event": "start", "query_preview": "In SP 800-207, the policy decision point (PDP) is broken down into which two log", "correlation_id": "01KTYAHKCB7WVZBQSH5NBBKR10", "level": "info", "timestamp": "2026-06-12T16:27:53.366676Z"}
{"prompt_tag": "assess_relevance@v3", "schema": "RelevanceAssessment", "model": "cyankiwi/Qwen3.5-4B-AWQ-4bit", "max_tokens": 1024, "temperature": 0.1, "top_p": 0.8, "presence_penalty": 1.0, "seed": 42, "message_count": 1, "event": "model_call.start", "query_preview": "In SP 800-207, the policy decision point (PDP) is broken down into which two log", "correlation_id": "01KTYAHKCB7WVZBQSH5NBBKR10", "level": "info", "timestamp": "2026-06-12T16:27:53.367677Z"}
Authentication error: Langfuse client initialized without public_key. Client will be disabled. Provide a public_key parameter or set LANGFUSE_PUBLIC_KEY environment variable. 
{"prompt_tag": "assess_relevance@v3", "schema": "RelevanceAssessment", "tokens": 874, "event": "model_call.done", "query_preview": "In SP 800-207, the policy decision point (PDP) is broken down into which two log", "correlation_id": "01KTYAHKCB7WVZBQSH5NBBKR10", "level": "info", "timestamp": "2026-06-12T16:27:53.805048Z"}
{"node": "assess_relevance", "responsive": true, "event": "relevance", "query_preview": "In SP 800-207, the policy decision point (PDP) is broken down into which two log", "correlation_id": "01KTYAHKCB7WVZBQSH5NBBKR10", "level": "info", "timestamp": "2026-06-12T16:27:53.805113Z"}
{"node": "compose", "event": "start", "query_preview": "In SP 800-207, the policy decision point (PDP) is broken down into which two log", "correlation_id": "01KTYAHKCB7WVZBQSH5NBBKR10", "level": "info", "timestamp": "2026-06-12T16:27:53.806193Z"}
[mini] nist-zero-trust-02       answered=True base=True ok (34.0s)
Authentication error: Langfuse client initialized without public_key. Client will be disabled. Provide a public_key parameter or set LANGFUSE_PUBLIC_KEY environment variable. 
{"node": "retrieve", "query_len": 98, "event": "start", "query_preview": "Which zero trust component is responsible for the ultimate decision to grant acc", "correlation_id": "01KTYAJMJE4VA6250WAWXPY8N6", "level": "info", "timestamp": "2026-06-12T16:27:53.807837Z"}
{"query_len": 98, "k": 50, "event": "hybrid.start", "query_preview": "Which zero trust component is responsible for the ultimate decision to grant acc", "correlation_id": "01KTYAJMJE4VA6250WAWXPY8N6", "level": "info", "timestamp": "2026-06-12T16:27:53.807873Z"}
{"query_len": 98, "k": 50, "dense": 50, "bm25": 0, "fused": 50, "term": false, "event": "hybrid.done", "query_preview": "Which zero trust component is responsible for the ultimate decision to grant acc", "correlation_id": "01KTYAJMJE4VA6250WAWXPY8N6", "level": "info", "timestamp": "2026-06-12T16:27:53.892143Z"}
{"node": "retrieve", "candidate_count": 50, "event": "done", "query_preview": "Which zero trust component is responsible for the ultimate decision to grant acc", "correlation_id": "01KTYAJMJE4VA6250WAWXPY8N6", "level": "info", "timestamp": "2026-06-12T16:27:53.893112Z"}
{"node": "expand_graph", "reason": "disabled_or_empty", "event": "skip", "query_preview": "Which zero trust component is responsible for the ultimate decision to grant acc", "correlation_id": "01KTYAJMJE4VA6250WAWXPY8N6", "level": "info", "timestamp": "2026-06-12T16:27:53.894693Z"}
{"node": "rerank", "candidate_count": 50, "event": "start", "query_preview": "Which zero trust component is responsible for the ultimate decision to grant acc", "correlation_id": "01KTYAJMJE4VA6250WAWXPY8N6", "level": "info", "timestamp": "2026-06-12T16:27:53.895333Z"}
{"node": "rerank", "top_k": 5, "source": "mode", "event": "top_k_resolved", "query_preview": "Which zero trust component is responsible for the ultimate decision to grant acc", "correlation_id": "01KTYAJMJE4VA6250WAWXPY8N6", "level": "info", "timestamp": "2026-06-12T16:27:53.895397Z"}
{"candidates": 50, "top_k": 5, "backend": "cross_encoder", "event": "rerank.start", "query_preview": "Which zero trust component is responsible for the ultimate decision to grant acc", "correlation_id": "01KTYAJMJE4VA6250WAWXPY8N6", "level": "info", "timestamp": "2026-06-12T16:27:53.895435Z"}
{"candidates": 50, "top_k": 5, "backend": "cross_encoder", "returned": 5, "event": "rerank.done", "query_preview": "Which zero trust component is responsible for the ultimate decision to grant acc", "correlation_id": "01KTYAJMJE4VA6250WAWXPY8N6", "level": "info", "timestamp": "2026-06-12T16:28:24.704809Z"}
{"node": "rerank", "reranked_count": 5, "event": "done", "query_preview": "Which zero trust component is responsible for the ultimate decision to grant acc", "correlation_id": "01KTYAJMJE4VA6250WAWXPY8N6", "level": "info", "timestamp": "2026-06-12T16:28:24.704909Z"}
{"node": "query_tables", "reason": "empty_or_not_table_shaped", "event": "skip", "query_preview": "Which zero trust component is responsible for the ultimate decision to grant acc", "correlation_id": "01KTYAJMJE4VA6250WAWXPY8N6", "level": "info", "timestamp": "2026-06-12T16:28:24.706646Z"}
{"node": "assess", "reranked_count": 5, "event": "start", "query_preview": "Which zero trust component is responsible for the ultimate decision to grant acc", "correlation_id": "01KTYAJMJE4VA6250WAWXPY8N6", "level": "info", "timestamp": "2026-06-12T16:28:24.707511Z"}
{"prompt_tag": "assess_sufficiency@v4", "schema": "SufficiencyAssessment", "model": "cyankiwi/Qwen3.5-4B-AWQ-4bit", "max_tokens": 1024, "temperature": 0.1, "top_p": 0.8, "presence_penalty": 1.0, "seed": 42, "message_count": 1, "event": "model_call.start", "query_preview": "Which zero trust component is responsible for the ultimate decision to grant acc", "correlation_id": "01KTYAJMJE4VA6250WAWXPY8N6", "level": "info", "timestamp": "2026-06-12T16:28:24.709530Z"}
Authentication error: Langfuse client initialized without public_key. Client will be disabled. Provide a public_key parameter or set LANGFUSE_PUBLIC_KEY environment variable. 
{"prompt_tag": "assess_sufficiency@v4", "schema": "SufficiencyAssessment", "tokens": 2418, "event": "model_call.done", "query_preview": "Which zero trust component is responsible for the ultimate decision to grant acc", "correlation_id": "01KTYAJMJE4VA6250WAWXPY8N6", "level": "info", "timestamp": "2026-06-12T16:28:25.505952Z"}
{"node": "answer", "regenerate_attempt": 0, "event": "start", "query_preview": "Which zero trust component is responsible for the ultimate decision to grant acc", "correlation_id": "01KTYAJMJE4VA6250WAWXPY8N6", "level": "info", "timestamp": "2026-06-12T16:28:25.507579Z"}
{"prompt_tag": "answer@v5", "schema": "DraftAnswer", "model": "cyankiwi/Qwen3.5-4B-AWQ-4bit", "max_tokens": 1800, "temperature": 0.1, "top_p": 0.8, "presence_penalty": 1.0, "seed": 42, "message_count": 2, "event": "model_call.start", "query_preview": "Which zero trust component is responsible for the ultimate decision to grant acc", "correlation_id": "01KTYAJMJE4VA6250WAWXPY8N6", "level": "info", "timestamp": "2026-06-12T16:28:25.509571Z"}
Authentication error: Langfuse client initialized without public_key. Client will be disabled. Provide a public_key parameter or set LANGFUSE_PUBLIC_KEY environment variable. 
{"prompt_tag": "answer@v5", "schema": "DraftAnswer", "tokens": 4059, "event": "model_call.done", "query_preview": "Which zero trust component is responsible for the ultimate decision to grant acc", "correlation_id": "01KTYAJMJE4VA6250WAWXPY8N6", "level": "info", "timestamp": "2026-06-12T16:28:26.990762Z"}
{"node": "verify", "claim_count": 1, "event": "start", "query_preview": "Which zero trust component is responsible for the ultimate decision to grant acc", "correlation_id": "01KTYAJMJE4VA6250WAWXPY8N6", "level": "info", "timestamp": "2026-06-12T16:28:26.991888Z"}
{"prompt_tag": "verify_grounding@v2", "schema": "VerificationResult", "model": "cyankiwi/Qwen3.5-4B-AWQ-4bit", "max_tokens": 1024, "temperature": 0.1, "top_p": 0.8, "presence_penalty": 1.0, "seed": 42, "message_count": 1, "event": "model_call.start", "query_preview": "Which zero trust component is responsible for the ultimate decision to grant acc", "correlation_id": "01KTYAJMJE4VA6250WAWXPY8N6", "level": "info", "timestamp": "2026-06-12T16:28:26.995907Z"}
Authentication error: Langfuse client initialized without public_key. Client will be disabled. Provide a public_key parameter or set LANGFUSE_PUBLIC_KEY environment variable. 
{"prompt_tag": "verify_grounding@v2", "schema": "VerificationResult", "tokens": 2338, "event": "model_call.done", "query_preview": "Which zero trust component is responsible for the ultimate decision to grant acc", "correlation_id": "01KTYAJMJE4VA6250WAWXPY8N6", "level": "info", "timestamp": "2026-06-12T16:28:27.538847Z"}
{"node": "assess_relevance", "event": "start", "query_preview": "Which zero trust component is responsible for the ultimate decision to grant acc", "correlation_id": "01KTYAJMJE4VA6250WAWXPY8N6", "level": "info", "timestamp": "2026-06-12T16:28:27.540501Z"}
{"prompt_tag": "assess_relevance@v3", "schema": "RelevanceAssessment", "model": "cyankiwi/Qwen3.5-4B-AWQ-4bit", "max_tokens": 1024, "temperature": 0.1, "top_p": 0.8, "presence_penalty": 1.0, "seed": 42, "message_count": 1, "event": "model_call.start", "query_preview": "Which zero trust component is responsible for the ultimate decision to grant acc", "correlation_id": "01KTYAJMJE4VA6250WAWXPY8N6", "level": "info", "timestamp": "2026-06-12T16:28:27.541721Z"}
Authentication error: Langfuse client initialized without public_key. Client will be disabled. Provide a public_key parameter or set LANGFUSE_PUBLIC_KEY environment variable. 
{"prompt_tag": "assess_relevance@v3", "schema": "RelevanceAssessment", "tokens": 843, "event": "model_call.done", "query_preview": "Which zero trust component is responsible for the ultimate decision to grant acc", "correlation_id": "01KTYAJMJE4VA6250WAWXPY8N6", "level": "info", "timestamp": "2026-06-12T16:28:27.901614Z"}
{"node": "assess_relevance", "responsive": true, "event": "relevance", "query_preview": "Which zero trust component is responsible for the ultimate decision to grant acc", "correlation_id": "01KTYAJMJE4VA6250WAWXPY8N6", "level": "info", "timestamp": "2026-06-12T16:28:27.901669Z"}
{"node": "compose", "event": "start", "query_preview": "Which zero trust component is responsible for the ultimate decision to grant acc", "correlation_id": "01KTYAJMJE4VA6250WAWXPY8N6", "level": "info", "timestamp": "2026-06-12T16:28:27.903216Z"}
[mini] nist-zero-trust-03       answered=True base=True ok (34.1s)
Authentication error: Langfuse client initialized without public_key. Client will be disabled. Provide a public_key parameter or set LANGFUSE_PUBLIC_KEY environment variable. 
{"node": "retrieve", "query_len": 83, "event": "start", "query_preview": "What is the policy administrator (PA) responsible for in a zero trust architectu", "correlation_id": "01KTYAKNW0KWZKVSV5CS9B15R4", "level": "info", "timestamp": "2026-06-12T16:28:27.905433Z"}
{"query_len": 83, "k": 50, "event": "hybrid.start", "query_preview": "What is the policy administrator (PA) responsible for in a zero trust architectu", "correlation_id": "01KTYAKNW0KWZKVSV5CS9B15R4", "level": "info", "timestamp": "2026-06-12T16:28:27.905479Z"}
{"query_len": 83, "k": 50, "dense": 50, "bm25": 0, "fused": 50, "term": false, "event": "hybrid.done", "query_preview": "What is the policy administrator (PA) responsible for in a zero trust architectu", "correlation_id": "01KTYAKNW0KWZKVSV5CS9B15R4", "level": "info", "timestamp": "2026-06-12T16:28:27.991609Z"}
{"node": "retrieve", "candidate_count": 50, "event": "done", "query_preview": "What is the policy administrator (PA) responsible for in a zero trust architectu", "correlation_id": "01KTYAKNW0KWZKVSV5CS9B15R4", "level": "info", "timestamp": "2026-06-12T16:28:27.992565Z"}
{"node": "expand_graph", "reason": "disabled_or_empty", "event": "skip", "query_preview": "What is the policy administrator (PA) responsible for in a zero trust architectu", "correlation_id": "01KTYAKNW0KWZKVSV5CS9B15R4", "level": "info", "timestamp": "2026-06-12T16:28:27.994088Z"}
{"node": "rerank", "candidate_count": 50, "event": "start", "query_preview": "What is the policy administrator (PA) responsible for in a zero trust architectu", "correlation_id": "01KTYAKNW0KWZKVSV5CS9B15R4", "level": "info", "timestamp": "2026-06-12T16:28:27.994599Z"}
{"node": "rerank", "top_k": 5, "source": "mode", "event": "top_k_resolved", "query_preview": "What is the policy administrator (PA) responsible for in a zero trust architectu", "correlation_id": "01KTYAKNW0KWZKVSV5CS9B15R4", "level": "info", "timestamp": "2026-06-12T16:28:27.994656Z"}
{"candidates": 50, "top_k": 5, "backend": "cross_encoder", "event": "rerank.start", "query_preview": "What is the policy administrator (PA) responsible for in a zero trust architectu", "correlation_id": "01KTYAKNW0KWZKVSV5CS9B15R4", "level": "info", "timestamp": "2026-06-12T16:28:27.994681Z"}
{"candidates": 50, "top_k": 5, "backend": "cross_encoder", "returned": 5, "event": "rerank.done", "query_preview": "What is the policy administrator (PA) responsible for in a zero trust architectu", "correlation_id": "01KTYAKNW0KWZKVSV5CS9B15R4", "level": "info", "timestamp": "2026-06-12T16:29:00.427446Z"}
{"node": "rerank", "reranked_count": 5, "event": "done", "query_preview": "What is the policy administrator (PA) responsible for in a zero trust architectu", "correlation_id": "01KTYAKNW0KWZKVSV5CS9B15R4", "level": "info", "timestamp": "2026-06-12T16:29:00.427553Z"}
{"node": "query_tables", "reason": "empty_or_not_table_shaped", "event": "skip", "query_preview": "What is the policy administrator (PA) responsible for in a zero trust architectu", "correlation_id": "01KTYAKNW0KWZKVSV5CS9B15R4", "level": "info", "timestamp": "2026-06-12T16:29:00.429376Z"}
{"node": "assess", "reranked_count": 5, "event": "start", "query_preview": "What is the policy administrator (PA) responsible for in a zero trust architectu", "correlation_id": "01KTYAKNW0KWZKVSV5CS9B15R4", "level": "info", "timestamp": "2026-06-12T16:29:00.430095Z"}
{"prompt_tag": "assess_sufficiency@v4", "schema": "SufficiencyAssessment", "model": "cyankiwi/Qwen3.5-4B-AWQ-4bit", "max_tokens": 1024, "temperature": 0.1, "top_p": 0.8, "presence_penalty": 1.0, "seed": 42, "message_count": 1, "event": "model_call.start", "query_preview": "What is the policy administrator (PA) responsible for in a zero trust architectu", "correlation_id": "01KTYAKNW0KWZKVSV5CS9B15R4", "level": "info", "timestamp": "2026-06-12T16:29:00.432077Z"}
Authentication error: Langfuse client initialized without public_key. Client will be disabled. Provide a public_key parameter or set LANGFUSE_PUBLIC_KEY environment variable. 
{"prompt_tag": "assess_sufficiency@v4", "schema": "SufficiencyAssessment", "tokens": 2069, "event": "model_call.done", "query_preview": "What is the policy administrator (PA) responsible for in a zero trust architectu", "correlation_id": "01KTYAKNW0KWZKVSV5CS9B15R4", "level": "info", "timestamp": "2026-06-12T16:29:01.236567Z"}
{"node": "answer", "regenerate_attempt": 0, "event": "start", "query_preview": "What is the policy administrator (PA) responsible for in a zero trust architectu", "correlation_id": "01KTYAKNW0KWZKVSV5CS9B15R4", "level": "info", "timestamp": "2026-06-12T16:29:01.238094Z"}
{"prompt_tag": "answer@v5", "schema": "DraftAnswer", "model": "cyankiwi/Qwen3.5-4B-AWQ-4bit", "max_tokens": 1800, "temperature": 0.1, "top_p": 0.8, "presence_penalty": 1.0, "seed": 42, "message_count": 2, "event": "model_call.start", "query_preview": "What is the policy administrator (PA) responsible for in a zero trust architectu", "correlation_id": "01KTYAKNW0KWZKVSV5CS9B15R4", "level": "info", "timestamp": "2026-06-12T16:29:01.240807Z"}
Authentication error: Langfuse client initialized without public_key. Client will be disabled. Provide a public_key parameter or set LANGFUSE_PUBLIC_KEY environment variable. 
{"prompt_tag": "answer@v5", "schema": "DraftAnswer", "tokens": 4068, "event": "model_call.done", "query_preview": "What is the policy administrator (PA) responsible for in a zero trust architectu", "correlation_id": "01KTYAKNW0KWZKVSV5CS9B15R4", "level": "info", "timestamp": "2026-06-12T16:29:05.960552Z"}
{"node": "verify", "claim_count": 5, "event": "start", "query_preview": "What is the policy administrator (PA) responsible for in a zero trust architectu", "correlation_id": "01KTYAKNW0KWZKVSV5CS9B15R4", "level": "info", "timestamp": "2026-06-12T16:29:05.961552Z"}
{"prompt_tag": "verify_grounding@v2", "schema": "VerificationResult", "model": "cyankiwi/Qwen3.5-4B-AWQ-4bit", "max_tokens": 1024, "temperature": 0.1, "top_p": 0.8, "presence_penalty": 1.0, "seed": 42, "message_count": 1, "event": "model_call.start", "query_preview": "What is the policy administrator (PA) responsible for in a zero trust architectu", "correlation_id": "01KTYAKNW0KWZKVSV5CS9B15R4", "level": "info", "timestamp": "2026-06-12T16:29:05.964814Z"}
Authentication error: Langfuse client initialized without public_key. Client will be disabled. Provide a public_key parameter or set LANGFUSE_PUBLIC_KEY environment variable. 
{"prompt_tag": "verify_grounding@v2", "schema": "VerificationResult", "tokens": 2256, "event": "model_call.done", "query_preview": "What is the policy administrator (PA) responsible for in a zero trust architectu", "correlation_id": "01KTYAKNW0KWZKVSV5CS9B15R4", "level": "info", "timestamp": "2026-06-12T16:29:06.598653Z"}
{"node": "assess_relevance", "event": "start", "query_preview": "What is the policy administrator (PA) responsible for in a zero trust architectu", "correlation_id": "01KTYAKNW0KWZKVSV5CS9B15R4", "level": "info", "timestamp": "2026-06-12T16:29:06.600453Z"}
{"prompt_tag": "assess_relevance@v3", "schema": "RelevanceAssessment", "model": "cyankiwi/Qwen3.5-4B-AWQ-4bit", "max_tokens": 1024, "temperature": 0.1, "top_p": 0.8, "presence_penalty": 1.0, "seed": 42, "message_count": 1, "event": "model_call.start", "query_preview": "What is the policy administrator (PA) responsible for in a zero trust architectu", "correlation_id": "01KTYAKNW0KWZKVSV5CS9B15R4", "level": "info", "timestamp": "2026-06-12T16:29:06.601740Z"}
Authentication error: Langfuse client initialized without public_key. Client will be disabled. Provide a public_key parameter or set LANGFUSE_PUBLIC_KEY environment variable. 
{"prompt_tag": "assess_relevance@v3", "schema": "RelevanceAssessment", "tokens": 992, "event": "model_call.done", "query_preview": "What is the policy administrator (PA) responsible for in a zero trust architectu", "correlation_id": "01KTYAKNW0KWZKVSV5CS9B15R4", "level": "info", "timestamp": "2026-06-12T16:29:07.006377Z"}
{"node": "assess_relevance", "responsive": true, "event": "relevance", "query_preview": "What is the policy administrator (PA) responsible for in a zero trust architectu", "correlation_id": "01KTYAKNW0KWZKVSV5CS9B15R4", "level": "info", "timestamp": "2026-06-12T16:29:07.006432Z"}
{"node": "compose", "event": "start", "query_preview": "What is the policy administrator (PA) responsible for in a zero trust architectu", "correlation_id": "01KTYAKNW0KWZKVSV5CS9B15R4", "level": "info", "timestamp": "2026-06-12T16:29:07.007807Z"}
[mini] nist-zero-trust-04       answered=True base=True ok (39.1s)
Authentication error: Langfuse client initialized without public_key. Client will be disabled. Provide a public_key parameter or set LANGFUSE_PUBLIC_KEY environment variable. 
{"node": "retrieve", "query_len": 79, "event": "start", "query_preview": "According to SP 800-207, who coined the term 'zero trust' and at which company?", "correlation_id": "01KTYAMW204MYW362B2C3W52KD", "level": "info", "timestamp": "2026-06-12T16:29:07.009819Z"}
{"query_len": 79, "k": 50, "event": "hybrid.start", "query_preview": "According to SP 800-207, who coined the term 'zero trust' and at which company?", "correlation_id": "01KTYAMW204MYW362B2C3W52KD", "level": "info", "timestamp": "2026-06-12T16:29:07.009854Z"}
{"query_len": 79, "k": 50, "dense": 50, "bm25": 0, "fused": 50, "term": false, "event": "hybrid.done", "query_preview": "According to SP 800-207, who coined the term 'zero trust' and at which company?", "correlation_id": "01KTYAMW204MYW362B2C3W52KD", "level": "info", "timestamp": "2026-06-12T16:29:07.088785Z"}
{"node": "retrieve", "candidate_count": 50, "event": "done", "query_preview": "According to SP 800-207, who coined the term 'zero trust' and at which company?", "correlation_id": "01KTYAMW204MYW362B2C3W52KD", "level": "info", "timestamp": "2026-06-12T16:29:07.089579Z"}
{"node": "expand_graph", "reason": "disabled_or_empty", "event": "skip", "query_preview": "According to SP 800-207, who coined the term 'zero trust' and at which company?", "correlation_id": "01KTYAMW204MYW362B2C3W52KD", "level": "info", "timestamp": "2026-06-12T16:29:07.090898Z"}
{"node": "rerank", "candidate_count": 50, "event": "start", "query_preview": "According to SP 800-207, who coined the term 'zero trust' and at which company?", "correlation_id": "01KTYAMW204MYW362B2C3W52KD", "level": "info", "timestamp": "2026-06-12T16:29:07.091406Z"}
{"node": "rerank", "top_k": 5, "source": "mode", "event": "top_k_resolved", "query_preview": "According to SP 800-207, who coined the term 'zero trust' and at which company?", "correlation_id": "01KTYAMW204MYW362B2C3W52KD", "level": "info", "timestamp": "2026-06-12T16:29:07.091455Z"}
{"candidates": 50, "top_k": 5, "backend": "cross_encoder", "event": "rerank.start", "query_preview": "According to SP 800-207, who coined the term 'zero trust' and at which company?", "correlation_id": "01KTYAMW204MYW362B2C3W52KD", "level": "info", "timestamp": "2026-06-12T16:29:07.091475Z"}
{"candidates": 50, "top_k": 5, "backend": "cross_encoder", "returned": 5, "event": "rerank.done", "query_preview": "According to SP 800-207, who coined the term 'zero trust' and at which company?", "correlation_id": "01KTYAMW204MYW362B2C3W52KD", "level": "info", "timestamp": "2026-06-12T16:29:42.088262Z"}
{"node": "rerank", "reranked_count": 5, "event": "done", "query_preview": "According to SP 800-207, who coined the term 'zero trust' and at which company?", "correlation_id": "01KTYAMW204MYW362B2C3W52KD", "level": "info", "timestamp": "2026-06-12T16:29:42.088374Z"}
{"node": "query_tables", "reason": "empty_or_not_table_shaped", "event": "skip", "query_preview": "According to SP 800-207, who coined the term 'zero trust' and at which company?", "correlation_id": "01KTYAMW204MYW362B2C3W52KD", "level": "info", "timestamp": "2026-06-12T16:29:42.090303Z"}
{"node": "assess", "reranked_count": 5, "event": "start", "query_preview": "According to SP 800-207, who coined the term 'zero trust' and at which company?", "correlation_id": "01KTYAMW204MYW362B2C3W52KD", "level": "info", "timestamp": "2026-06-12T16:29:42.091052Z"}
{"prompt_tag": "assess_sufficiency@v4", "schema": "SufficiencyAssessment", "model": "cyankiwi/Qwen3.5-4B-AWQ-4bit", "max_tokens": 1024, "temperature": 0.1, "top_p": 0.8, "presence_penalty": 1.0, "seed": 42, "message_count": 1, "event": "model_call.start", "query_preview": "According to SP 800-207, who coined the term 'zero trust' and at which company?", "correlation_id": "01KTYAMW204MYW362B2C3W52KD", "level": "info", "timestamp": "2026-06-12T16:29:42.093235Z"}
Authentication error: Langfuse client initialized without public_key. Client will be disabled. Provide a public_key parameter or set LANGFUSE_PUBLIC_KEY environment variable. 
{"prompt_tag": "assess_sufficiency@v4", "schema": "SufficiencyAssessment", "tokens": 2018, "event": "model_call.done", "query_preview": "According to SP 800-207, who coined the term 'zero trust' and at which company?", "correlation_id": "01KTYAMW204MYW362B2C3W52KD", "level": "info", "timestamp": "2026-06-12T16:29:42.828037Z"}
{"node": "answer", "regenerate_attempt": 0, "event": "start", "query_preview": "According to SP 800-207, who coined the term 'zero trust' and at which company?", "correlation_id": "01KTYAMW204MYW362B2C3W52KD", "level": "info", "timestamp": "2026-06-12T16:29:42.829151Z"}
{"prompt_tag": "answer@v5", "schema": "DraftAnswer", "model": "cyankiwi/Qwen3.5-4B-AWQ-4bit", "max_tokens": 1800, "temperature": 0.1, "top_p": 0.8, "presence_penalty": 1.0, "seed": 42, "message_count": 2, "event": "model_call.start", "query_preview": "According to SP 800-207, who coined the term 'zero trust' and at which company?", "correlation_id": "01KTYAMW204MYW362B2C3W52KD", "level": "info", "timestamp": "2026-06-12T16:29:42.831181Z"}
Authentication error: Langfuse client initialized without public_key. Client will be disabled. Provide a public_key parameter or set LANGFUSE_PUBLIC_KEY environment variable. 
{"prompt_tag": "answer@v5", "schema": "DraftAnswer", "tokens": 3662, "event": "model_call.done", "query_preview": "According to SP 800-207, who coined the term 'zero trust' and at which company?", "correlation_id": "01KTYAMW204MYW362B2C3W52KD", "level": "info", "timestamp": "2026-06-12T16:29:44.274954Z"}
{"node": "verify", "claim_count": 1, "event": "start", "query_preview": "According to SP 800-207, who coined the term 'zero trust' and at which company?", "correlation_id": "01KTYAMW204MYW362B2C3W52KD", "level": "info", "timestamp": "2026-06-12T16:29:44.275762Z"}
{"prompt_tag": "verify_grounding@v2", "schema": "VerificationResult", "model": "cyankiwi/Qwen3.5-4B-AWQ-4bit", "max_tokens": 1024, "temperature": 0.1, "top_p": 0.8, "presence_penalty": 1.0, "seed": 42, "message_count": 1, "event": "model_call.start", "query_preview": "According to SP 800-207, who coined the term 'zero trust' and at which company?", "correlation_id": "01KTYAMW204MYW362B2C3W52KD", "level": "info", "timestamp": "2026-06-12T16:29:44.278851Z"}
Authentication error: Langfuse client initialized without public_key. Client will be disabled. Provide a public_key parameter or set LANGFUSE_PUBLIC_KEY environment variable. 
{"prompt_tag": "verify_grounding@v2", "schema": "VerificationResult", "tokens": 1926, "event": "model_call.done", "query_preview": "According to SP 800-207, who coined the term 'zero trust' and at which company?", "correlation_id": "01KTYAMW204MYW362B2C3W52KD", "level": "info", "timestamp": "2026-06-12T16:29:44.755423Z"}
{"node": "assess_relevance", "event": "start", "query_preview": "According to SP 800-207, who coined the term 'zero trust' and at which company?", "correlation_id": "01KTYAMW204MYW362B2C3W52KD", "level": "info", "timestamp": "2026-06-12T16:29:44.756722Z"}
{"prompt_tag": "assess_relevance@v3", "schema": "RelevanceAssessment", "model": "cyankiwi/Qwen3.5-4B-AWQ-4bit", "max_tokens": 1024, "temperature": 0.1, "top_p": 0.8, "presence_penalty": 1.0, "seed": 42, "message_count": 1, "event": "model_call.start", "query_preview": "According to SP 800-207, who coined the term 'zero trust' and at which company?", "correlation_id": "01KTYAMW204MYW362B2C3W52KD", "level": "info", "timestamp": "2026-06-12T16:29:44.757752Z"}
Authentication error: Langfuse client initialized without public_key. Client will be disabled. Provide a public_key parameter or set LANGFUSE_PUBLIC_KEY environment variable. 
{"prompt_tag": "assess_relevance@v3", "schema": "RelevanceAssessment", "tokens": 867, "event": "model_call.done", "query_preview": "According to SP 800-207, who coined the term 'zero trust' and at which company?", "correlation_id": "01KTYAMW204MYW362B2C3W52KD", "level": "info", "timestamp": "2026-06-12T16:29:45.221375Z"}
{"node": "assess_relevance", "responsive": true, "event": "relevance", "query_preview": "According to SP 800-207, who coined the term 'zero trust' and at which company?", "correlation_id": "01KTYAMW204MYW362B2C3W52KD", "level": "info", "timestamp": "2026-06-12T16:29:45.221430Z"}
{"node": "compose", "event": "start", "query_preview": "According to SP 800-207, who coined the term 'zero trust' and at which company?", "correlation_id": "01KTYAMW204MYW362B2C3W52KD", "level": "info", "timestamp": "2026-06-12T16:29:45.222498Z"}
[mini] nist-zero-trust-05       answered=True base=True ok (38.2s)
Authentication error: Langfuse client initialized without public_key. Client will be disabled. Provide a public_key parameter or set LANGFUSE_PUBLIC_KEY environment variable. 
{"node": "retrieve", "query_len": 49, "event": "start", "query_preview": "How many parameters does the GTE-base model have?", "correlation_id": "01KTYAP1C7YSNMN5E832NW0E1T", "level": "info", "timestamp": "2026-06-12T16:29:45.224178Z"}
{"query_len": 49, "k": 50, "event": "hybrid.start", "query_preview": "How many parameters does the GTE-base model have?", "correlation_id": "01KTYAP1C7YSNMN5E832NW0E1T", "level": "info", "timestamp": "2026-06-12T16:29:45.224215Z"}
{"query_len": 49, "k": 50, "dense": 50, "bm25": 0, "fused": 50, "term": false, "event": "hybrid.done", "query_preview": "How many parameters does the GTE-base model have?", "correlation_id": "01KTYAP1C7YSNMN5E832NW0E1T", "level": "info", "timestamp": "2026-06-12T16:29:45.290731Z"}
{"node": "retrieve", "candidate_count": 50, "event": "done", "query_preview": "How many parameters does the GTE-base model have?", "correlation_id": "01KTYAP1C7YSNMN5E832NW0E1T", "level": "info", "timestamp": "2026-06-12T16:29:45.291745Z"}
{"node": "expand_graph", "reason": "disabled_or_empty", "event": "skip", "query_preview": "How many parameters does the GTE-base model have?", "correlation_id": "01KTYAP1C7YSNMN5E832NW0E1T", "level": "info", "timestamp": "2026-06-12T16:29:45.293134Z"}
{"node": "rerank", "candidate_count": 50, "event": "start", "query_preview": "How many parameters does the GTE-base model have?", "correlation_id": "01KTYAP1C7YSNMN5E832NW0E1T", "level": "info", "timestamp": "2026-06-12T16:29:45.293651Z"}
{"node": "rerank", "top_k": 5, "source": "mode", "event": "top_k_resolved", "query_preview": "How many parameters does the GTE-base model have?", "correlation_id": "01KTYAP1C7YSNMN5E832NW0E1T", "level": "info", "timestamp": "2026-06-12T16:29:45.293699Z"}
{"candidates": 50, "top_k": 5, "backend": "cross_encoder", "event": "rerank.start", "query_preview": "How many parameters does the GTE-base model have?", "correlation_id": "01KTYAP1C7YSNMN5E832NW0E1T", "level": "info", "timestamp": "2026-06-12T16:29:45.293722Z"}
{"candidates": 50, "top_k": 5, "backend": "cross_encoder", "returned": 5, "event": "rerank.done", "query_preview": "How many parameters does the GTE-base model have?", "correlation_id": "01KTYAP1C7YSNMN5E832NW0E1T", "level": "info", "timestamp": "2026-06-12T16:30:27.074455Z"}
{"node": "rerank", "reranked_count": 5, "event": "done", "query_preview": "How many parameters does the GTE-base model have?", "correlation_id": "01KTYAP1C7YSNMN5E832NW0E1T", "level": "info", "timestamp": "2026-06-12T16:30:27.074565Z"}
{"prompt_tag": "generate_table_sql@v1", "schema": "GeneratedSQL", "model": "cyankiwi/Qwen3.5-4B-AWQ-4bit", "max_tokens": 1024, "temperature": 0.1, "top_p": 0.8, "presence_penalty": 1.0, "seed": 42, "message_count": 1, "event": "model_call.start", "query_preview": "How many parameters does the GTE-base model have?", "correlation_id": "01KTYAP1C7YSNMN5E832NW0E1T", "level": "info", "timestamp": "2026-06-12T16:30:27.085301Z"}
Authentication error: Langfuse client initialized without public_key. Client will be disabled. Provide a public_key parameter or set LANGFUSE_PUBLIC_KEY environment variable. 
{"prompt_tag": "generate_table_sql@v1", "schema": "GeneratedSQL", "tokens": 2734, "event": "model_call.done", "query_preview": "How many parameters does the GTE-base model have?", "correlation_id": "01KTYAP1C7YSNMN5E832NW0E1T", "level": "info", "timestamp": "2026-06-12T16:30:28.030945Z"}
{"node": "query_doc_tables", "sql": "SELECT * FROM b586d25110 WHERE model = 'GTE-base'", "target": "b586d25110", "event": "table_sql.generated", "query_preview": "How many parameters does the GTE-base model have?", "correlation_id": "01KTYAP1C7YSNMN5E832NW0E1T", "level": "info", "timestamp": "2026-06-12T16:30:28.031019Z"}
{"node": "query_doc_tables", "target": "b586d25110", "event": "table_sql.no_result", "query_preview": "How many parameters does the GTE-base model have?", "correlation_id": "01KTYAP1C7YSNMN5E832NW0E1T", "level": "info", "timestamp": "2026-06-12T16:30:28.032119Z"}
{"node": "query_tables", "event": "no_table_answer", "query_preview": "How many parameters does the GTE-base model have?", "correlation_id": "01KTYAP1C7YSNMN5E832NW0E1T", "level": "info", "timestamp": "2026-06-12T16:30:28.032469Z"}
{"node": "assess", "reranked_count": 5, "event": "start", "query_preview": "How many parameters does the GTE-base model have?", "correlation_id": "01KTYAP1C7YSNMN5E832NW0E1T", "level": "info", "timestamp": "2026-06-12T16:30:28.033183Z"}
{"prompt_tag": "assess_sufficiency@v4", "schema": "SufficiencyAssessment", "model": "cyankiwi/Qwen3.5-4B-AWQ-4bit", "max_tokens": 1024, "temperature": 0.1, "top_p": 0.8, "presence_penalty": 1.0, "seed": 42, "message_count": 1, "event": "model_call.start", "query_preview": "How many parameters does the GTE-base model have?", "correlation_id": "01KTYAP1C7YSNMN5E832NW0E1T", "level": "info", "timestamp": "2026-06-12T16:30:28.034467Z"}
Authentication error: Langfuse client initialized without public_key. Client will be disabled. Provide a public_key parameter or set LANGFUSE_PUBLIC_KEY environment variable. 
{"prompt_tag": "assess_sufficiency@v4", "schema": "SufficiencyAssessment", "tokens": 3366, "event": "model_call.done", "query_preview": "How many parameters does the GTE-base model have?", "correlation_id": "01KTYAP1C7YSNMN5E832NW0E1T", "level": "info", "timestamp": "2026-06-12T16:30:28.878818Z"}
{"node": "answer", "regenerate_attempt": 0, "event": "start", "query_preview": "How many parameters does the GTE-base model have?", "correlation_id": "01KTYAP1C7YSNMN5E832NW0E1T", "level": "info", "timestamp": "2026-06-12T16:30:28.879985Z"}
{"prompt_tag": "answer@v5", "schema": "DraftAnswer", "model": "cyankiwi/Qwen3.5-4B-AWQ-4bit", "max_tokens": 1800, "temperature": 0.1, "top_p": 0.8, "presence_penalty": 1.0, "seed": 42, "message_count": 2, "event": "model_call.start", "query_preview": "How many parameters does the GTE-base model have?", "correlation_id": "01KTYAP1C7YSNMN5E832NW0E1T", "level": "info", "timestamp": "2026-06-12T16:30:28.882026Z"}
Authentication error: Langfuse client initialized without public_key. Client will be disabled. Provide a public_key parameter or set LANGFUSE_PUBLIC_KEY environment variable. 
{"prompt_tag": "answer@v5", "schema": "DraftAnswer", "tokens": 5214, "event": "model_call.done", "query_preview": "How many parameters does the GTE-base model have?", "correlation_id": "01KTYAP1C7YSNMN5E832NW0E1T", "level": "info", "timestamp": "2026-06-12T16:30:32.951590Z"}
{"node": "verify", "claim_count": 4, "event": "start", "query_preview": "How many parameters does the GTE-base model have?", "correlation_id": "01KTYAP1C7YSNMN5E832NW0E1T", "level": "info", "timestamp": "2026-06-12T16:30:32.952389Z"}
{"prompt_tag": "verify_grounding@v2", "schema": "VerificationResult", "model": "cyankiwi/Qwen3.5-4B-AWQ-4bit", "max_tokens": 1024, "temperature": 0.1, "top_p": 0.8, "presence_penalty": 1.0, "seed": 42, "message_count": 1, "event": "model_call.start", "query_preview": "How many parameters does the GTE-base model have?", "correlation_id": "01KTYAP1C7YSNMN5E832NW0E1T", "level": "info", "timestamp": "2026-06-12T16:30:32.955427Z"}
Authentication error: Langfuse client initialized without public_key. Client will be disabled. Provide a public_key parameter or set LANGFUSE_PUBLIC_KEY environment variable. 
{"prompt_tag": "verify_grounding@v2", "schema": "VerificationResult", "tokens": 3297, "event": "model_call.done", "query_preview": "How many parameters does the GTE-base model have?", "correlation_id": "01KTYAP1C7YSNMN5E832NW0E1T", "level": "info", "timestamp": "2026-06-12T16:30:33.865226Z"}
{"node": "assess_relevance", "event": "start", "query_preview": "How many parameters does the GTE-base model have?", "correlation_id": "01KTYAP1C7YSNMN5E832NW0E1T", "level": "info", "timestamp": "2026-06-12T16:30:33.867345Z"}
{"prompt_tag": "assess_relevance@v3", "schema": "RelevanceAssessment", "model": "cyankiwi/Qwen3.5-4B-AWQ-4bit", "max_tokens": 1024, "temperature": 0.1, "top_p": 0.8, "presence_penalty": 1.0, "seed": 42, "message_count": 1, "event": "model_call.start", "query_preview": "How many parameters does the GTE-base model have?", "correlation_id": "01KTYAP1C7YSNMN5E832NW0E1T", "level": "info", "timestamp": "2026-06-12T16:30:33.868333Z"}
Authentication error: Langfuse client initialized without public_key. Client will be disabled. Provide a public_key parameter or set LANGFUSE_PUBLIC_KEY environment variable. 
{"prompt_tag": "assess_relevance@v3", "schema": "RelevanceAssessment", "tokens": 865, "event": "model_call.done", "query_preview": "How many parameters does the GTE-base model have?", "correlation_id": "01KTYAP1C7YSNMN5E832NW0E1T", "level": "info", "timestamp": "2026-06-12T16:30:34.313396Z"}
{"node": "assess_relevance", "responsive": true, "event": "relevance", "query_preview": "How many parameters does the GTE-base model have?", "correlation_id": "01KTYAP1C7YSNMN5E832NW0E1T", "level": "info", "timestamp": "2026-06-12T16:30:34.313459Z"}
{"node": "compose", "event": "start", "query_preview": "How many parameters does the GTE-base model have?", "correlation_id": "01KTYAP1C7YSNMN5E832NW0E1T", "level": "info", "timestamp": "2026-06-12T16:30:34.314519Z"}
[mini] scientific-gte-01        answered=True base=True ok (49.1s)
Authentication error: Langfuse client initialized without public_key. Client will be disabled. Provide a public_key parameter or set LANGFUSE_PUBLIC_KEY environment variable. 
{"node": "retrieve", "query_len": 59, "event": "start", "query_preview": "What encoder architecture does the GTE embedding model use?", "correlation_id": "01KTYAQHAB1ZEJW6VT06HC54XD", "level": "info", "timestamp": "2026-06-12T16:30:34.316186Z"}
{"query_len": 59, "k": 50, "event": "hybrid.start", "query_preview": "What encoder architecture does the GTE embedding model use?", "correlation_id": "01KTYAQHAB1ZEJW6VT06HC54XD", "level": "info", "timestamp": "2026-06-12T16:30:34.316221Z"}
{"query_len": 59, "k": 50, "dense": 50, "bm25": 0, "fused": 50, "term": false, "event": "hybrid.done", "query_preview": "What encoder architecture does the GTE embedding model use?", "correlation_id": "01KTYAQHAB1ZEJW6VT06HC54XD", "level": "info", "timestamp": "2026-06-12T16:30:34.391025Z"}
{"node": "retrieve", "candidate_count": 50, "event": "done", "query_preview": "What encoder architecture does the GTE embedding model use?", "correlation_id": "01KTYAQHAB1ZEJW6VT06HC54XD", "level": "info", "timestamp": "2026-06-12T16:30:34.392173Z"}
{"node": "expand_graph", "reason": "disabled_or_empty", "event": "skip", "query_preview": "What encoder architecture does the GTE embedding model use?", "correlation_id": "01KTYAQHAB1ZEJW6VT06HC54XD", "level": "info", "timestamp": "2026-06-12T16:30:34.393826Z"}
{"node": "rerank", "candidate_count": 50, "event": "start", "query_preview": "What encoder architecture does the GTE embedding model use?", "correlation_id": "01KTYAQHAB1ZEJW6VT06HC54XD", "level": "info", "timestamp": "2026-06-12T16:30:34.394385Z"}
{"node": "rerank", "top_k": 5, "source": "mode", "event": "top_k_resolved", "query_preview": "What encoder architecture does the GTE embedding model use?", "correlation_id": "01KTYAQHAB1ZEJW6VT06HC54XD", "level": "info", "timestamp": "2026-06-12T16:30:34.394438Z"}
{"candidates": 50, "top_k": 5, "backend": "cross_encoder", "event": "rerank.start", "query_preview": "What encoder architecture does the GTE embedding model use?", "correlation_id": "01KTYAQHAB1ZEJW6VT06HC54XD", "level": "info", "timestamp": "2026-06-12T16:30:34.394463Z"}
{"candidates": 50, "top_k": 5, "backend": "cross_encoder", "returned": 5, "event": "rerank.done", "query_preview": "What encoder architecture does the GTE embedding model use?", "correlation_id": "01KTYAQHAB1ZEJW6VT06HC54XD", "level": "info", "timestamp": "2026-06-12T16:31:40.518641Z"}
{"node": "rerank", "reranked_count": 5, "event": "done", "query_preview": "What encoder architecture does the GTE embedding model use?", "correlation_id": "01KTYAQHAB1ZEJW6VT06HC54XD", "level": "info", "timestamp": "2026-06-12T16:31:40.519153Z"}
{"node": "query_tables", "reason": "empty_or_not_table_shaped", "event": "skip", "query_preview": "What encoder architecture does the GTE embedding model use?", "correlation_id": "01KTYAQHAB1ZEJW6VT06HC54XD", "level": "info", "timestamp": "2026-06-12T16:31:40.522840Z"}
{"node": "assess", "reranked_count": 5, "event": "start", "query_preview": "What encoder architecture does the GTE embedding model use?", "correlation_id": "01KTYAQHAB1ZEJW6VT06HC54XD", "level": "info", "timestamp": "2026-06-12T16:31:40.524321Z"}
{"prompt_tag": "assess_sufficiency@v4", "schema": "SufficiencyAssessment", "model": "cyankiwi/Qwen3.5-4B-AWQ-4bit", "max_tokens": 1024, "temperature": 0.1, "top_p": 0.8, "presence_penalty": 1.0, "seed": 42, "message_count": 1, "event": "model_call.start", "query_preview": "What encoder architecture does the GTE embedding model use?", "correlation_id": "01KTYAQHAB1ZEJW6VT06HC54XD", "level": "info", "timestamp": "2026-06-12T16:31:40.528283Z"}
Authentication error: Langfuse client initialized without public_key. Client will be disabled. Provide a public_key parameter or set LANGFUSE_PUBLIC_KEY environment variable. 
{"prompt_tag": "assess_sufficiency@v4", "schema": "SufficiencyAssessment", "tokens": 2500, "event": "model_call.done", "query_preview": "What encoder architecture does the GTE embedding model use?", "correlation_id": "01KTYAQHAB1ZEJW6VT06HC54XD", "level": "info", "timestamp": "2026-06-12T16:31:41.458246Z"}
{"node": "answer", "regenerate_attempt": 0, "event": "start", "query_preview": "What encoder architecture does the GTE embedding model use?", "correlation_id": "01KTYAQHAB1ZEJW6VT06HC54XD", "level": "info", "timestamp": "2026-06-12T16:31:41.459449Z"}
{"prompt_tag": "answer@v5", "schema": "DraftAnswer", "model": "cyankiwi/Qwen3.5-4B-AWQ-4bit", "max_tokens": 1800, "temperature": 0.1, "top_p": 0.8, "presence_penalty": 1.0, "seed": 42, "message_count": 2, "event": "model_call.start", "query_preview": "What encoder architecture does the GTE embedding model use?", "correlation_id": "01KTYAQHAB1ZEJW6VT06HC54XD", "level": "info", "timestamp": "2026-06-12T16:31:41.461436Z"}
Authentication error: Langfuse client initialized without public_key. Client will be disabled. Provide a public_key parameter or set LANGFUSE_PUBLIC_KEY environment variable. 
{"prompt_tag": "answer@v5", "schema": "DraftAnswer", "tokens": 4268, "event": "model_call.done", "query_preview": "What encoder architecture does the GTE embedding model use?", "correlation_id": "01KTYAQHAB1ZEJW6VT06HC54XD", "level": "info", "timestamp": "2026-06-12T16:31:44.561688Z"}
{"node": "verify", "claim_count": 2, "event": "start", "query_preview": "What encoder architecture does the GTE embedding model use?", "correlation_id": "01KTYAQHAB1ZEJW6VT06HC54XD", "level": "info", "timestamp": "2026-06-12T16:31:44.562628Z"}
{"prompt_tag": "verify_grounding@v2", "schema": "VerificationResult", "model": "cyankiwi/Qwen3.5-4B-AWQ-4bit", "max_tokens": 1024, "temperature": 0.1, "top_p": 0.8, "presence_penalty": 1.0, "seed": 42, "message_count": 1, "event": "model_call.start", "query_preview": "What encoder architecture does the GTE embedding model use?", "correlation_id": "01KTYAQHAB1ZEJW6VT06HC54XD", "level": "info", "timestamp": "2026-06-12T16:31:44.565739Z"}
Authentication error: Langfuse client initialized without public_key. Client will be disabled. Provide a public_key parameter or set LANGFUSE_PUBLIC_KEY environment variable. 
{"prompt_tag": "verify_grounding@v2", "schema": "VerificationResult", "tokens": 2527, "event": "model_call.done", "query_preview": "What encoder architecture does the GTE embedding model use?", "correlation_id": "01KTYAQHAB1ZEJW6VT06HC54XD", "level": "info", "timestamp": "2026-06-12T16:31:45.261032Z"}
{"node": "assess_relevance", "event": "start", "query_preview": "What encoder architecture does the GTE embedding model use?", "correlation_id": "01KTYAQHAB1ZEJW6VT06HC54XD", "level": "info", "timestamp": "2026-06-12T16:31:45.262227Z"}
{"prompt_tag": "assess_relevance@v3", "schema": "RelevanceAssessment", "model": "cyankiwi/Qwen3.5-4B-AWQ-4bit", "max_tokens": 1024, "temperature": 0.1, "top_p": 0.8, "presence_penalty": 1.0, "seed": 42, "message_count": 1, "event": "model_call.start", "query_preview": "What encoder architecture does the GTE embedding model use?", "correlation_id": "01KTYAQHAB1ZEJW6VT06HC54XD", "level": "info", "timestamp": "2026-06-12T16:31:45.263218Z"}
Authentication error: Langfuse client initialized without public_key. Client will be disabled. Provide a public_key parameter or set LANGFUSE_PUBLIC_KEY environment variable. 
{"prompt_tag": "assess_relevance@v3", "schema": "RelevanceAssessment", "tokens": 901, "event": "model_call.done", "query_preview": "What encoder architecture does the GTE embedding model use?", "correlation_id": "01KTYAQHAB1ZEJW6VT06HC54XD", "level": "info", "timestamp": "2026-06-12T16:31:45.671414Z"}
{"node": "assess_relevance", "responsive": true, "event": "relevance", "query_preview": "What encoder architecture does the GTE embedding model use?", "correlation_id": "01KTYAQHAB1ZEJW6VT06HC54XD", "level": "info", "timestamp": "2026-06-12T16:31:45.671502Z"}
{"node": "compose", "event": "start", "query_preview": "What encoder architecture does the GTE embedding model use?", "correlation_id": "01KTYAQHAB1ZEJW6VT06HC54XD", "level": "info", "timestamp": "2026-06-12T16:31:45.673184Z"}
[mini] scientific-gte-02        answered=True base=True ok (71.4s)
Authentication error: Langfuse client initialized without public_key. Client will be disabled. Provide a public_key parameter or set LANGFUSE_PUBLIC_KEY environment variable. 
{"node": "retrieve", "query_len": 54, "event": "start", "query_preview": "What contrastive learning objective does GTE build on?", "correlation_id": "01KTYASQ0A4X2P340QK7WSS5Y6", "level": "info", "timestamp": "2026-06-12T16:31:45.675115Z"}
{"query_len": 54, "k": 50, "event": "hybrid.start", "query_preview": "What contrastive learning objective does GTE build on?", "correlation_id": "01KTYASQ0A4X2P340QK7WSS5Y6", "level": "info", "timestamp": "2026-06-12T16:31:45.675152Z"}
{"query_len": 54, "k": 50, "dense": 50, "bm25": 0, "fused": 50, "term": false, "event": "hybrid.done", "query_preview": "What contrastive learning objective does GTE build on?", "correlation_id": "01KTYASQ0A4X2P340QK7WSS5Y6", "level": "info", "timestamp": "2026-06-12T16:31:45.744866Z"}
{"node": "retrieve", "candidate_count": 50, "event": "done", "query_preview": "What contrastive learning objective does GTE build on?", "correlation_id": "01KTYASQ0A4X2P340QK7WSS5Y6", "level": "info", "timestamp": "2026-06-12T16:31:45.746309Z"}
{"node": "expand_graph", "reason": "disabled_or_empty", "event": "skip", "query_preview": "What contrastive learning objective does GTE build on?", "correlation_id": "01KTYASQ0A4X2P340QK7WSS5Y6", "level": "info", "timestamp": "2026-06-12T16:31:45.747878Z"}
{"node": "rerank", "candidate_count": 50, "event": "start", "query_preview": "What contrastive learning objective does GTE build on?", "correlation_id": "01KTYASQ0A4X2P340QK7WSS5Y6", "level": "info", "timestamp": "2026-06-12T16:31:45.748395Z"}
{"node": "rerank", "top_k": 5, "source": "mode", "event": "top_k_resolved", "query_preview": "What contrastive learning objective does GTE build on?", "correlation_id": "01KTYASQ0A4X2P340QK7WSS5Y6", "level": "info", "timestamp": "2026-06-12T16:31:45.748447Z"}
{"candidates": 50, "top_k": 5, "backend": "cross_encoder", "event": "rerank.start", "query_preview": "What contrastive learning objective does GTE build on?", "correlation_id": "01KTYASQ0A4X2P340QK7WSS5Y6", "level": "info", "timestamp": "2026-06-12T16:31:45.748473Z"}
{"candidates": 50, "top_k": 5, "backend": "cross_encoder", "returned": 5, "event": "rerank.done", "query_preview": "What contrastive learning objective does GTE build on?", "correlation_id": "01KTYASQ0A4X2P340QK7WSS5Y6", "level": "info", "timestamp": "2026-06-12T16:32:50.042072Z"}
{"node": "rerank", "reranked_count": 5, "event": "done", "query_preview": "What contrastive learning objective does GTE build on?", "correlation_id": "01KTYASQ0A4X2P340QK7WSS5Y6", "level": "info", "timestamp": "2026-06-12T16:32:50.042288Z"}
{"node": "query_tables", "reason": "empty_or_not_table_shaped", "event": "skip", "query_preview": "What contrastive learning objective does GTE build on?", "correlation_id": "01KTYASQ0A4X2P340QK7WSS5Y6", "level": "info", "timestamp": "2026-06-12T16:32:50.046021Z"}
{"node": "assess", "reranked_count": 5, "event": "start", "query_preview": "What contrastive learning objective does GTE build on?", "correlation_id": "01KTYASQ0A4X2P340QK7WSS5Y6", "level": "info", "timestamp": "2026-06-12T16:32:50.047609Z"}
{"prompt_tag": "assess_sufficiency@v4", "schema": "SufficiencyAssessment", "model": "cyankiwi/Qwen3.5-4B-AWQ-4bit", "max_tokens": 1024, "temperature": 0.1, "top_p": 0.8, "presence_penalty": 1.0, "seed": 42, "message_count": 1, "event": "model_call.start", "query_preview": "What contrastive learning objective does GTE build on?", "correlation_id": "01KTYASQ0A4X2P340QK7WSS5Y6", "level": "info", "timestamp": "2026-06-12T16:32:50.052524Z"}
Authentication error: Langfuse client initialized without public_key. Client will be disabled. Provide a public_key parameter or set LANGFUSE_PUBLIC_KEY environment variable. 
{"prompt_tag": "assess_sufficiency@v4", "schema": "SufficiencyAssessment", "tokens": 2771, "event": "model_call.done", "query_preview": "What contrastive learning objective does GTE build on?", "correlation_id": "01KTYASQ0A4X2P340QK7WSS5Y6", "level": "info", "timestamp": "2026-06-12T16:32:51.118218Z"}
{"node": "answer", "regenerate_attempt": 0, "event": "start", "query_preview": "What contrastive learning objective does GTE build on?", "correlation_id": "01KTYASQ0A4X2P340QK7WSS5Y6", "level": "info", "timestamp": "2026-06-12T16:32:51.119699Z"}
{"prompt_tag": "answer@v5", "schema": "DraftAnswer", "model": "cyankiwi/Qwen3.5-4B-AWQ-4bit", "max_tokens": 1800, "temperature": 0.1, "top_p": 0.8, "presence_penalty": 1.0, "seed": 42, "message_count": 2, "event": "model_call.start", "query_preview": "What contrastive learning objective does GTE build on?", "correlation_id": "01KTYASQ0A4X2P340QK7WSS5Y6", "level": "info", "timestamp": "2026-06-12T16:32:51.122440Z"}
Authentication error: Langfuse client initialized without public_key. Client will be disabled. Provide a public_key parameter or set LANGFUSE_PUBLIC_KEY environment variable. 
{"prompt_tag": "answer@v5", "schema": "DraftAnswer", "tokens": 4569, "event": "model_call.done", "query_preview": "What contrastive learning objective does GTE build on?", "correlation_id": "01KTYASQ0A4X2P340QK7WSS5Y6", "level": "info", "timestamp": "2026-06-12T16:32:54.665644Z"}
{"node": "verify", "claim_count": 2, "event": "start", "query_preview": "What contrastive learning objective does GTE build on?", "correlation_id": "01KTYASQ0A4X2P340QK7WSS5Y6", "level": "info", "timestamp": "2026-06-12T16:32:54.666724Z"}
{"prompt_tag": "verify_grounding@v2", "schema": "VerificationResult", "model": "cyankiwi/Qwen3.5-4B-AWQ-4bit", "max_tokens": 1024, "temperature": 0.1, "top_p": 0.8, "presence_penalty": 1.0, "seed": 42, "message_count": 1, "event": "model_call.start", "query_preview": "What contrastive learning objective does GTE build on?", "correlation_id": "01KTYASQ0A4X2P340QK7WSS5Y6", "level": "info", "timestamp": "2026-06-12T16:32:54.670699Z"}
Authentication error: Langfuse client initialized without public_key. Client will be disabled. Provide a public_key parameter or set LANGFUSE_PUBLIC_KEY environment variable. 
{"prompt_tag": "verify_grounding@v2", "schema": "VerificationResult", "tokens": 2758, "event": "model_call.done", "query_preview": "What contrastive learning objective does GTE build on?", "correlation_id": "01KTYASQ0A4X2P340QK7WSS5Y6", "level": "info", "timestamp": "2026-06-12T16:32:55.411198Z"}
{"node": "assess_relevance", "event": "start", "query_preview": "What contrastive learning objective does GTE build on?", "correlation_id": "01KTYASQ0A4X2P340QK7WSS5Y6", "level": "info", "timestamp": "2026-06-12T16:32:55.412709Z"}
{"prompt_tag": "assess_relevance@v3", "schema": "RelevanceAssessment", "model": "cyankiwi/Qwen3.5-4B-AWQ-4bit", "max_tokens": 1024, "temperature": 0.1, "top_p": 0.8, "presence_penalty": 1.0, "seed": 42, "message_count": 1, "event": "model_call.start", "query_preview": "What contrastive learning objective does GTE build on?", "correlation_id": "01KTYASQ0A4X2P340QK7WSS5Y6", "level": "info", "timestamp": "2026-06-12T16:32:55.414041Z"}
Authentication error: Langfuse client initialized without public_key. Client will be disabled. Provide a public_key parameter or set LANGFUSE_PUBLIC_KEY environment variable. 
{"prompt_tag": "assess_relevance@v3", "schema": "RelevanceAssessment", "tokens": 949, "event": "model_call.done", "query_preview": "What contrastive learning objective does GTE build on?", "correlation_id": "01KTYASQ0A4X2P340QK7WSS5Y6", "level": "info", "timestamp": "2026-06-12T16:32:55.981967Z"}
{"node": "assess_relevance", "responsive": true, "event": "relevance", "query_preview": "What contrastive learning objective does GTE build on?", "correlation_id": "01KTYASQ0A4X2P340QK7WSS5Y6", "level": "info", "timestamp": "2026-06-12T16:32:55.982033Z"}
{"node": "compose", "event": "start", "query_preview": "What contrastive learning objective does GTE build on?", "correlation_id": "01KTYASQ0A4X2P340QK7WSS5Y6", "level": "info", "timestamp": "2026-06-12T16:32:55.983580Z"}
[mini] scientific-gte-03        answered=True base=True ok (70.3s)
Authentication error: Langfuse client initialized without public_key. Client will be disabled. Provide a public_key parameter or set LANGFUSE_PUBLIC_KEY environment variable. 
{"node": "retrieve", "query_len": 60, "event": "start", "query_preview": "What temperature value does GTE fix in its contrastive loss?", "correlation_id": "01KTYAVVNGHTT1VC2XZW3XWYJ5", "level": "info", "timestamp": "2026-06-12T16:32:55.985778Z"}
{"query_len": 60, "k": 50, "event": "hybrid.start", "query_preview": "What temperature value does GTE fix in its contrastive loss?", "correlation_id": "01KTYAVVNGHTT1VC2XZW3XWYJ5", "level": "info", "timestamp": "2026-06-12T16:32:55.985821Z"}
{"query_len": 60, "k": 50, "dense": 50, "bm25": 0, "fused": 50, "term": false, "event": "hybrid.done", "query_preview": "What temperature value does GTE fix in its contrastive loss?", "correlation_id": "01KTYAVVNGHTT1VC2XZW3XWYJ5", "level": "info", "timestamp": "2026-06-12T16:32:56.058491Z"}
{"node": "retrieve", "candidate_count": 50, "event": "done", "query_preview": "What temperature value does GTE fix in its contrastive loss?", "correlation_id": "01KTYAVVNGHTT1VC2XZW3XWYJ5", "level": "info", "timestamp": "2026-06-12T16:32:56.059538Z"}
{"node": "expand_graph", "reason": "disabled_or_empty", "event": "skip", "query_preview": "What temperature value does GTE fix in its contrastive loss?", "correlation_id": "01KTYAVVNGHTT1VC2XZW3XWYJ5", "level": "info", "timestamp": "2026-06-12T16:32:56.060823Z"}
{"node": "rerank", "candidate_count": 50, "event": "start", "query_preview": "What temperature value does GTE fix in its contrastive loss?", "correlation_id": "01KTYAVVNGHTT1VC2XZW3XWYJ5", "level": "info", "timestamp": "2026-06-12T16:32:56.061323Z"}
{"node": "rerank", "top_k": 5, "source": "mode", "event": "top_k_resolved", "query_preview": "What temperature value does GTE fix in its contrastive loss?", "correlation_id": "01KTYAVVNGHTT1VC2XZW3XWYJ5", "level": "info", "timestamp": "2026-06-12T16:32:56.061376Z"}
{"candidates": 50, "top_k": 5, "backend": "cross_encoder", "event": "rerank.start", "query_preview": "What temperature value does GTE fix in its contrastive loss?", "correlation_id": "01KTYAVVNGHTT1VC2XZW3XWYJ5", "level": "info", "timestamp": "2026-06-12T16:32:56.061401Z"}
{"candidates": 50, "top_k": 5, "backend": "cross_encoder", "returned": 5, "event": "rerank.done", "query_preview": "What temperature value does GTE fix in its contrastive loss?", "correlation_id": "01KTYAVVNGHTT1VC2XZW3XWYJ5", "level": "info", "timestamp": "2026-06-12T16:33:50.672294Z"}
{"node": "rerank", "reranked_count": 5, "event": "done", "query_preview": "What temperature value does GTE fix in its contrastive loss?", "correlation_id": "01KTYAVVNGHTT1VC2XZW3XWYJ5", "level": "info", "timestamp": "2026-06-12T16:33:50.672821Z"}
{"node": "query_tables", "reason": "empty_or_not_table_shaped", "event": "skip", "query_preview": "What temperature value does GTE fix in its contrastive loss?", "correlation_id": "01KTYAVVNGHTT1VC2XZW3XWYJ5", "level": "info", "timestamp": "2026-06-12T16:33:50.678645Z"}
{"node": "assess", "reranked_count": 5, "event": "start", "query_preview": "What temperature value does GTE fix in its contrastive loss?", "correlation_id": "01KTYAVVNGHTT1VC2XZW3XWYJ5", "level": "info", "timestamp": "2026-06-12T16:33:50.679758Z"}
{"prompt_tag": "assess_sufficiency@v4", "schema": "SufficiencyAssessment", "model": "cyankiwi/Qwen3.5-4B-AWQ-4bit", "max_tokens": 1024, "temperature": 0.1, "top_p": 0.8, "presence_penalty": 1.0, "seed": 42, "message_count": 1, "event": "model_call.start", "query_preview": "What temperature value does GTE fix in its contrastive loss?", "correlation_id": "01KTYAVVNGHTT1VC2XZW3XWYJ5", "level": "info", "timestamp": "2026-06-12T16:33:50.683974Z"}
Authentication error: Langfuse client initialized without public_key. Client will be disabled. Provide a public_key parameter or set LANGFUSE_PUBLIC_KEY environment variable. 
{"prompt_tag": "assess_sufficiency@v4", "schema": "SufficiencyAssessment", "tokens": 3912, "event": "model_call.done", "query_preview": "What temperature value does GTE fix in its contrastive loss?", "correlation_id": "01KTYAVVNGHTT1VC2XZW3XWYJ5", "level": "info", "timestamp": "2026-06-12T16:33:52.229678Z"}
{"node": "answer", "regenerate_attempt": 0, "event": "start", "query_preview": "What temperature value does GTE fix in its contrastive loss?", "correlation_id": "01KTYAVVNGHTT1VC2XZW3XWYJ5", "level": "info", "timestamp": "2026-06-12T16:33:52.231104Z"}
{"prompt_tag": "answer@v5", "schema": "DraftAnswer", "model": "cyankiwi/Qwen3.5-4B-AWQ-4bit", "max_tokens": 1800, "temperature": 0.1, "top_p": 0.8, "presence_penalty": 1.0, "seed": 42, "message_count": 2, "event": "model_call.start", "query_preview": "What temperature value does GTE fix in its contrastive loss?", "correlation_id": "01KTYAVVNGHTT1VC2XZW3XWYJ5", "level": "info", "timestamp": "2026-06-12T16:33:52.233424Z"}
Authentication error: Langfuse client initialized without public_key. Client will be disabled. Provide a public_key parameter or set LANGFUSE_PUBLIC_KEY environment variable. 
{"prompt_tag": "answer@v5", "schema": "DraftAnswer", "tokens": 5516, "event": "model_call.done", "query_preview": "What temperature value does GTE fix in its contrastive loss?", "correlation_id": "01KTYAVVNGHTT1VC2XZW3XWYJ5", "level": "info", "timestamp": "2026-06-12T16:33:54.184541Z"}
{"node": "verify", "claim_count": 1, "event": "start", "query_preview": "What temperature value does GTE fix in its contrastive loss?", "correlation_id": "01KTYAVVNGHTT1VC2XZW3XWYJ5", "level": "info", "timestamp": "2026-06-12T16:33:54.185425Z"}
{"prompt_tag": "verify_grounding@v2", "schema": "VerificationResult", "model": "cyankiwi/Qwen3.5-4B-AWQ-4bit", "max_tokens": 1024, "temperature": 0.1, "top_p": 0.8, "presence_penalty": 1.0, "seed": 42, "message_count": 1, "event": "model_call.start", "query_preview": "What temperature value does GTE fix in its contrastive loss?", "correlation_id": "01KTYAVVNGHTT1VC2XZW3XWYJ5", "level": "info", "timestamp": "2026-06-12T16:33:54.196333Z"}
Authentication error: Langfuse client initialized without public_key. Client will be disabled. Provide a public_key parameter or set LANGFUSE_PUBLIC_KEY environment variable. 
{"prompt_tag": "verify_grounding@v2", "schema": "VerificationResult", "tokens": 3771, "event": "model_call.done", "query_preview": "What temperature value does GTE fix in its contrastive loss?", "correlation_id": "01KTYAVVNGHTT1VC2XZW3XWYJ5", "level": "info", "timestamp": "2026-06-12T16:33:55.103217Z"}
{"node": "assess_relevance", "event": "start", "query_preview": "What temperature value does GTE fix in its contrastive loss?", "correlation_id": "01KTYAVVNGHTT1VC2XZW3XWYJ5", "level": "info", "timestamp": "2026-06-12T16:33:55.104468Z"}
{"prompt_tag": "assess_relevance@v3", "schema": "RelevanceAssessment", "model": "cyankiwi/Qwen3.5-4B-AWQ-4bit", "max_tokens": 1024, "temperature": 0.1, "top_p": 0.8, "presence_penalty": 1.0, "seed": 42, "message_count": 1, "event": "model_call.start", "query_preview": "What temperature value does GTE fix in its contrastive loss?", "correlation_id": "01KTYAVVNGHTT1VC2XZW3XWYJ5", "level": "info", "timestamp": "2026-06-12T16:33:55.105488Z"}
Authentication error: Langfuse client initialized without public_key. Client will be disabled. Provide a public_key parameter or set LANGFUSE_PUBLIC_KEY environment variable. 
{"prompt_tag": "assess_relevance@v3", "schema": "RelevanceAssessment", "tokens": 835, "event": "model_call.done", "query_preview": "What temperature value does GTE fix in its contrastive loss?", "correlation_id": "01KTYAVVNGHTT1VC2XZW3XWYJ5", "level": "info", "timestamp": "2026-06-12T16:33:55.618040Z"}
{"node": "assess_relevance", "responsive": true, "event": "relevance", "query_preview": "What temperature value does GTE fix in its contrastive loss?", "correlation_id": "01KTYAVVNGHTT1VC2XZW3XWYJ5", "level": "info", "timestamp": "2026-06-12T16:33:55.618125Z"}
{"node": "compose", "event": "start", "query_preview": "What temperature value does GTE fix in its contrastive loss?", "correlation_id": "01KTYAVVNGHTT1VC2XZW3XWYJ5", "level": "info", "timestamp": "2026-06-12T16:33:55.619370Z"}
[mini] scientific-gte-04        answered=True base=True ok (59.6s)
Authentication error: Langfuse client initialized without public_key. Client will be disabled. Provide a public_key parameter or set LANGFUSE_PUBLIC_KEY environment variable. 
{"node": "retrieve", "query_len": 80, "event": "start", "query_preview": "Approximately how many text pairs were used for GTE's unsupervised pre-training?", "correlation_id": "01KTYAXNX43WQ1NG500RJAB8WQ", "level": "info", "timestamp": "2026-06-12T16:33:55.622267Z"}
{"query_len": 80, "k": 50, "event": "hybrid.start", "query_preview": "Approximately how many text pairs were used for GTE's unsupervised pre-training?", "correlation_id": "01KTYAXNX43WQ1NG500RJAB8WQ", "level": "info", "timestamp": "2026-06-12T16:33:55.622317Z"}
{"query_len": 80, "k": 50, "dense": 50, "bm25": 0, "fused": 50, "term": false, "event": "hybrid.done", "query_preview": "Approximately how many text pairs were used for GTE's unsupervised pre-training?", "correlation_id": "01KTYAXNX43WQ1NG500RJAB8WQ", "level": "info", "timestamp": "2026-06-12T16:33:55.755638Z"}
{"node": "retrieve", "candidate_count": 50, "event": "done", "query_preview": "Approximately how many text pairs were used for GTE's unsupervised pre-training?", "correlation_id": "01KTYAXNX43WQ1NG500RJAB8WQ", "level": "info", "timestamp": "2026-06-12T16:33:55.756633Z"}
{"node": "expand_graph", "reason": "disabled_or_empty", "event": "skip", "query_preview": "Approximately how many text pairs were used for GTE's unsupervised pre-training?", "correlation_id": "01KTYAXNX43WQ1NG500RJAB8WQ", "level": "info", "timestamp": "2026-06-12T16:33:55.758003Z"}
{"node": "rerank", "candidate_count": 50, "event": "start", "query_preview": "Approximately how many text pairs were used for GTE's unsupervised pre-training?", "correlation_id": "01KTYAXNX43WQ1NG500RJAB8WQ", "level": "info", "timestamp": "2026-06-12T16:33:55.758489Z"}
{"node": "rerank", "top_k": 5, "source": "mode", "event": "top_k_resolved", "query_preview": "Approximately how many text pairs were used for GTE's unsupervised pre-training?", "correlation_id": "01KTYAXNX43WQ1NG500RJAB8WQ", "level": "info", "timestamp": "2026-06-12T16:33:55.758558Z"}
{"candidates": 50, "top_k": 5, "backend": "cross_encoder", "event": "rerank.start", "query_preview": "Approximately how many text pairs were used for GTE's unsupervised pre-training?", "correlation_id": "01KTYAXNX43WQ1NG500RJAB8WQ", "level": "info", "timestamp": "2026-06-12T16:33:55.758584Z"}
{"candidates": 50, "top_k": 5, "backend": "cross_encoder", "returned": 5, "event": "rerank.done", "query_preview": "Approximately how many text pairs were used for GTE's unsupervised pre-training?", "correlation_id": "01KTYAXNX43WQ1NG500RJAB8WQ", "level": "info", "timestamp": "2026-06-12T16:35:02.583766Z"}
{"node": "rerank", "reranked_count": 5, "event": "done", "query_preview": "Approximately how many text pairs were used for GTE's unsupervised pre-training?", "correlation_id": "01KTYAXNX43WQ1NG500RJAB8WQ", "level": "info", "timestamp": "2026-06-12T16:35:02.583879Z"}
{"prompt_tag": "generate_table_sql@v1", "schema": "GeneratedSQL", "model": "cyankiwi/Qwen3.5-4B-AWQ-4bit", "max_tokens": 1024, "temperature": 0.1, "top_p": 0.8, "presence_penalty": 1.0, "seed": 42, "message_count": 1, "event": "model_call.start", "query_preview": "Approximately how many text pairs were used for GTE's unsupervised pre-training?", "correlation_id": "01KTYAXNX43WQ1NG500RJAB8WQ", "level": "info", "timestamp": "2026-06-12T16:35:02.594777Z"}
Authentication error: Langfuse client initialized without public_key. Client will be disabled. Provide a public_key parameter or set LANGFUSE_PUBLIC_KEY environment variable. 
{"prompt_tag": "generate_table_sql@v1", "schema": "GeneratedSQL", "tokens": 2248, "event": "model_call.done", "query_preview": "Approximately how many text pairs were used for GTE's unsupervised pre-training?", "correlation_id": "01KTYAXNX43WQ1NG500RJAB8WQ", "level": "info", "timestamp": "2026-06-12T16:35:03.658697Z"}
{"node": "query_doc_tables", "sql": "SELECT * FROM c3f968c37a WHERE doc LIKE '%unsupervised pre-training%' LIMIT 1", "target": "c3f968c37a", "event": "table_sql.generated", "query_preview": "Approximately how many text pairs were used for GTE's unsupervised pre-training?", "correlation_id": "01KTYAXNX43WQ1NG500RJAB8WQ", "level": "info", "timestamp": "2026-06-12T16:35:03.658756Z"}
{"node": "query_doc_tables", "target": "c3f968c37a", "event": "table_sql.no_result", "query_preview": "Approximately how many text pairs were used for GTE's unsupervised pre-training?", "correlation_id": "01KTYAXNX43WQ1NG500RJAB8WQ", "level": "info", "timestamp": "2026-06-12T16:35:03.659578Z"}
{"node": "query_tables", "event": "no_table_answer", "query_preview": "Approximately how many text pairs were used for GTE's unsupervised pre-training?", "correlation_id": "01KTYAXNX43WQ1NG500RJAB8WQ", "level": "info", "timestamp": "2026-06-12T16:35:03.659843Z"}
{"node": "assess", "reranked_count": 5, "event": "start", "query_preview": "Approximately how many text pairs were used for GTE's unsupervised pre-training?", "correlation_id": "01KTYAXNX43WQ1NG500RJAB8WQ", "level": "info", "timestamp": "2026-06-12T16:35:03.660535Z"}
{"prompt_tag": "assess_sufficiency@v4", "schema": "SufficiencyAssessment", "model": "cyankiwi/Qwen3.5-4B-AWQ-4bit", "max_tokens": 1024, "temperature": 0.1, "top_p": 0.8, "presence_penalty": 1.0, "seed": 42, "message_count": 1, "event": "model_call.start", "query_preview": "Approximately how many text pairs were used for GTE's unsupervised pre-training?", "correlation_id": "01KTYAXNX43WQ1NG500RJAB8WQ", "level": "info", "timestamp": "2026-06-12T16:35:03.661803Z"}
Authentication error: Langfuse client initialized without public_key. Client will be disabled. Provide a public_key parameter or set LANGFUSE_PUBLIC_KEY environment variable. 
{"prompt_tag": "assess_sufficiency@v4", "schema": "SufficiencyAssessment", "tokens": 2983, "event": "model_call.done", "query_preview": "Approximately how many text pairs were used for GTE's unsupervised pre-training?", "correlation_id": "01KTYAXNX43WQ1NG500RJAB8WQ", "level": "info", "timestamp": "2026-06-12T16:35:04.635132Z"}
{"node": "answer", "regenerate_attempt": 0, "event": "start", "query_preview": "Approximately how many text pairs were used for GTE's unsupervised pre-training?", "correlation_id": "01KTYAXNX43WQ1NG500RJAB8WQ", "level": "info", "timestamp": "2026-06-12T16:35:04.636219Z"}
{"prompt_tag": "answer@v5", "schema": "DraftAnswer", "model": "cyankiwi/Qwen3.5-4B-AWQ-4bit", "max_tokens": 1800, "temperature": 0.1, "top_p": 0.8, "presence_penalty": 1.0, "seed": 42, "message_count": 2, "event": "model_call.start", "query_preview": "Approximately how many text pairs were used for GTE's unsupervised pre-training?", "correlation_id": "01KTYAXNX43WQ1NG500RJAB8WQ", "level": "info", "timestamp": "2026-06-12T16:35:04.638177Z"}
Authentication error: Langfuse client initialized without public_key. Client will be disabled. Provide a public_key parameter or set LANGFUSE_PUBLIC_KEY environment variable. 
{"prompt_tag": "answer@v5", "schema": "DraftAnswer", "tokens": 4621, "event": "model_call.done", "query_preview": "Approximately how many text pairs were used for GTE's unsupervised pre-training?", "correlation_id": "01KTYAXNX43WQ1NG500RJAB8WQ", "level": "info", "timestamp": "2026-06-12T16:35:06.434770Z"}
{"node": "verify", "claim_count": 1, "event": "start", "query_preview": "Approximately how many text pairs were used for GTE's unsupervised pre-training?", "correlation_id": "01KTYAXNX43WQ1NG500RJAB8WQ", "level": "info", "timestamp": "2026-06-12T16:35:06.435647Z"}
{"prompt_tag": "verify_grounding@v2", "schema": "VerificationResult", "model": "cyankiwi/Qwen3.5-4B-AWQ-4bit", "max_tokens": 1024, "temperature": 0.1, "top_p": 0.8, "presence_penalty": 1.0, "seed": 42, "message_count": 1, "event": "model_call.start", "query_preview": "Approximately how many text pairs were used for GTE's unsupervised pre-training?", "correlation_id": "01KTYAXNX43WQ1NG500RJAB8WQ", "level": "info", "timestamp": "2026-06-12T16:35:06.438848Z"}
Authentication error: Langfuse client initialized without public_key. Client will be disabled. Provide a public_key parameter or set LANGFUSE_PUBLIC_KEY environment variable. 
{"prompt_tag": "verify_grounding@v2", "schema": "VerificationResult", "tokens": 2868, "event": "model_call.done", "query_preview": "Approximately how many text pairs were used for GTE's unsupervised pre-training?", "correlation_id": "01KTYAXNX43WQ1NG500RJAB8WQ", "level": "info", "timestamp": "2026-06-12T16:35:07.160262Z"}
{"node": "assess_relevance", "event": "start", "query_preview": "Approximately how many text pairs were used for GTE's unsupervised pre-training?", "correlation_id": "01KTYAXNX43WQ1NG500RJAB8WQ", "level": "info", "timestamp": "2026-06-12T16:35:07.161411Z"}
{"prompt_tag": "assess_relevance@v3", "schema": "RelevanceAssessment", "model": "cyankiwi/Qwen3.5-4B-AWQ-4bit", "max_tokens": 1024, "temperature": 0.1, "top_p": 0.8, "presence_penalty": 1.0, "seed": 42, "message_count": 1, "event": "model_call.start", "query_preview": "Approximately how many text pairs were used for GTE's unsupervised pre-training?", "correlation_id": "01KTYAXNX43WQ1NG500RJAB8WQ", "level": "info", "timestamp": "2026-06-12T16:35:07.162411Z"}
Authentication error: Langfuse client initialized without public_key. Client will be disabled. Provide a public_key parameter or set LANGFUSE_PUBLIC_KEY environment variable. 
{"prompt_tag": "assess_relevance@v3", "schema": "RelevanceAssessment", "tokens": 847, "event": "model_call.done", "query_preview": "Approximately how many text pairs were used for GTE's unsupervised pre-training?", "correlation_id": "01KTYAXNX43WQ1NG500RJAB8WQ", "level": "info", "timestamp": "2026-06-12T16:35:07.641640Z"}
{"node": "assess_relevance", "responsive": true, "event": "relevance", "query_preview": "Approximately how many text pairs were used for GTE's unsupervised pre-training?", "correlation_id": "01KTYAXNX43WQ1NG500RJAB8WQ", "level": "info", "timestamp": "2026-06-12T16:35:07.641715Z"}
{"node": "compose", "event": "start", "query_preview": "Approximately how many text pairs were used for GTE's unsupervised pre-training?", "correlation_id": "01KTYAXNX43WQ1NG500RJAB8WQ", "level": "info", "timestamp": "2026-06-12T16:35:07.642916Z"}
[mini] scientific-gte-05        answered=True base=True ok (72.0s)
Authentication error: Langfuse client initialized without public_key. Client will be disabled. Provide a public_key parameter or set LANGFUSE_PUBLIC_KEY environment variable. 
{"node": "retrieve", "query_len": 77, "event": "start", "query_preview": "Which Linux command is used to change the permissions on a file or directory?", "correlation_id": "01KTYAZW7VGXKPESF4JEVHN5DR", "level": "info", "timestamp": "2026-06-12T16:35:07.644700Z"}
{"query_len": 77, "k": 50, "event": "hybrid.start", "query_preview": "Which Linux command is used to change the permissions on a file or directory?", "correlation_id": "01KTYAZW7VGXKPESF4JEVHN5DR", "level": "info", "timestamp": "2026-06-12T16:35:07.644737Z"}
{"query_len": 77, "k": 50, "dense": 50, "bm25": 0, "fused": 50, "term": false, "event": "hybrid.done", "query_preview": "Which Linux command is used to change the permissions on a file or directory?", "correlation_id": "01KTYAZW7VGXKPESF4JEVHN5DR", "level": "info", "timestamp": "2026-06-12T16:35:07.707425Z"}
{"node": "retrieve", "candidate_count": 50, "event": "done", "query_preview": "Which Linux command is used to change the permissions on a file or directory?", "correlation_id": "01KTYAZW7VGXKPESF4JEVHN5DR", "level": "info", "timestamp": "2026-06-12T16:35:07.708370Z"}
{"node": "expand_graph", "reason": "disabled_or_empty", "event": "skip", "query_preview": "Which Linux command is used to change the permissions on a file or directory?", "correlation_id": "01KTYAZW7VGXKPESF4JEVHN5DR", "level": "info", "timestamp": "2026-06-12T16:35:07.709985Z"}
{"node": "rerank", "candidate_count": 50, "event": "start", "query_preview": "Which Linux command is used to change the permissions on a file or directory?", "correlation_id": "01KTYAZW7VGXKPESF4JEVHN5DR", "level": "info", "timestamp": "2026-06-12T16:35:07.710652Z"}
{"node": "rerank", "top_k": 5, "source": "mode", "event": "top_k_resolved", "query_preview": "Which Linux command is used to change the permissions on a file or directory?", "correlation_id": "01KTYAZW7VGXKPESF4JEVHN5DR", "level": "info", "timestamp": "2026-06-12T16:35:07.710706Z"}
{"candidates": 50, "top_k": 5, "backend": "cross_encoder", "event": "rerank.start", "query_preview": "Which Linux command is used to change the permissions on a file or directory?", "correlation_id": "01KTYAZW7VGXKPESF4JEVHN5DR", "level": "info", "timestamp": "2026-06-12T16:35:07.710729Z"}
{"candidates": 50, "top_k": 5, "backend": "cross_encoder", "returned": 5, "event": "rerank.done", "query_preview": "Which Linux command is used to change the permissions on a file or directory?", "correlation_id": "01KTYAZW7VGXKPESF4JEVHN5DR", "level": "info", "timestamp": "2026-06-12T16:35:21.300569Z"}
{"node": "rerank", "reranked_count": 5, "event": "done", "query_preview": "Which Linux command is used to change the permissions on a file or directory?", "correlation_id": "01KTYAZW7VGXKPESF4JEVHN5DR", "level": "info", "timestamp": "2026-06-12T16:35:21.300681Z"}
{"node": "query_tables", "reason": "empty_or_not_table_shaped", "event": "skip", "query_preview": "Which Linux command is used to change the permissions on a file or directory?", "correlation_id": "01KTYAZW7VGXKPESF4JEVHN5DR", "level": "info", "timestamp": "2026-06-12T16:35:21.302614Z"}
{"node": "assess", "reranked_count": 5, "event": "start", "query_preview": "Which Linux command is used to change the permissions on a file or directory?", "correlation_id": "01KTYAZW7VGXKPESF4JEVHN5DR", "level": "info", "timestamp": "2026-06-12T16:35:21.303391Z"}
{"prompt_tag": "assess_sufficiency@v4", "schema": "SufficiencyAssessment", "model": "cyankiwi/Qwen3.5-4B-AWQ-4bit", "max_tokens": 1024, "temperature": 0.1, "top_p": 0.8, "presence_penalty": 1.0, "seed": 42, "message_count": 1, "event": "model_call.start", "query_preview": "Which Linux command is used to change the permissions on a file or directory?", "correlation_id": "01KTYAZW7VGXKPESF4JEVHN5DR", "level": "info", "timestamp": "2026-06-12T16:35:21.305543Z"}
Authentication error: Langfuse client initialized without public_key. Client will be disabled. Provide a public_key parameter or set LANGFUSE_PUBLIC_KEY environment variable. 
{"prompt_tag": "assess_sufficiency@v4", "schema": "SufficiencyAssessment", "tokens": 1412, "event": "model_call.done", "query_preview": "Which Linux command is used to change the permissions on a file or directory?", "correlation_id": "01KTYAZW7VGXKPESF4JEVHN5DR", "level": "info", "timestamp": "2026-06-12T16:35:21.959808Z"}
{"node": "answer", "regenerate_attempt": 0, "event": "start", "query_preview": "Which Linux command is used to change the permissions on a file or directory?", "correlation_id": "01KTYAZW7VGXKPESF4JEVHN5DR", "level": "info", "timestamp": "2026-06-12T16:35:21.960936Z"}
{"prompt_tag": "answer@v5", "schema": "DraftAnswer", "model": "cyankiwi/Qwen3.5-4B-AWQ-4bit", "max_tokens": 1800, "temperature": 0.1, "top_p": 0.8, "presence_penalty": 1.0, "seed": 42, "message_count": 2, "event": "model_call.start", "query_preview": "Which Linux command is used to change the permissions on a file or directory?", "correlation_id": "01KTYAZW7VGXKPESF4JEVHN5DR", "level": "info", "timestamp": "2026-06-12T16:35:21.962959Z"}
Authentication error: Langfuse client initialized without public_key. Client will be disabled. Provide a public_key parameter or set LANGFUSE_PUBLIC_KEY environment variable. 
{"prompt_tag": "answer@v5", "schema": "DraftAnswer", "tokens": 3041, "event": "model_call.done", "query_preview": "Which Linux command is used to change the permissions on a file or directory?", "correlation_id": "01KTYAZW7VGXKPESF4JEVHN5DR", "level": "info", "timestamp": "2026-06-12T16:35:23.308795Z"}
{"node": "verify", "claim_count": 1, "event": "start", "query_preview": "Which Linux command is used to change the permissions on a file or directory?", "correlation_id": "01KTYAZW7VGXKPESF4JEVHN5DR", "level": "info", "timestamp": "2026-06-12T16:35:23.309605Z"}
{"prompt_tag": "verify_grounding@v2", "schema": "VerificationResult", "model": "cyankiwi/Qwen3.5-4B-AWQ-4bit", "max_tokens": 1024, "temperature": 0.1, "top_p": 0.8, "presence_penalty": 1.0, "seed": 42, "message_count": 1, "event": "model_call.start", "query_preview": "Which Linux command is used to change the permissions on a file or directory?", "correlation_id": "01KTYAZW7VGXKPESF4JEVHN5DR", "level": "info", "timestamp": "2026-06-12T16:35:23.312692Z"}
Authentication error: Langfuse client initialized without public_key. Client will be disabled. Provide a public_key parameter or set LANGFUSE_PUBLIC_KEY environment variable. 
{"prompt_tag": "verify_grounding@v2", "schema": "VerificationResult", "tokens": 1330, "event": "model_call.done", "query_preview": "Which Linux command is used to change the permissions on a file or directory?", "correlation_id": "01KTYAZW7VGXKPESF4JEVHN5DR", "level": "info", "timestamp": "2026-06-12T16:35:23.759682Z"}
{"node": "assess_relevance", "event": "start", "query_preview": "Which Linux command is used to change the permissions on a file or directory?", "correlation_id": "01KTYAZW7VGXKPESF4JEVHN5DR", "level": "info", "timestamp": "2026-06-12T16:35:23.761292Z"}
{"prompt_tag": "assess_relevance@v3", "schema": "RelevanceAssessment", "model": "cyankiwi/Qwen3.5-4B-AWQ-4bit", "max_tokens": 1024, "temperature": 0.1, "top_p": 0.8, "presence_penalty": 1.0, "seed": 42, "message_count": 1, "event": "model_call.start", "query_preview": "Which Linux command is used to change the permissions on a file or directory?", "correlation_id": "01KTYAZW7VGXKPESF4JEVHN5DR", "level": "info", "timestamp": "2026-06-12T16:35:23.762308Z"}
Authentication error: Langfuse client initialized without public_key. Client will be disabled. Provide a public_key parameter or set LANGFUSE_PUBLIC_KEY environment variable. 
{"prompt_tag": "assess_relevance@v3", "schema": "RelevanceAssessment", "tokens": 825, "event": "model_call.done", "query_preview": "Which Linux command is used to change the permissions on a file or directory?", "correlation_id": "01KTYAZW7VGXKPESF4JEVHN5DR", "level": "info", "timestamp": "2026-06-12T16:35:24.164120Z"}
{"node": "assess_relevance", "responsive": true, "event": "relevance", "query_preview": "Which Linux command is used to change the permissions on a file or directory?", "correlation_id": "01KTYAZW7VGXKPESF4JEVHN5DR", "level": "info", "timestamp": "2026-06-12T16:35:24.164176Z"}
{"node": "compose", "event": "start", "query_preview": "Which Linux command is used to change the permissions on a file or directory?", "correlation_id": "01KTYAZW7VGXKPESF4JEVHN5DR", "level": "info", "timestamp": "2026-06-12T16:35:24.165308Z"}
[mini] linux-fundamentals-01    answered=True base=True ok (16.5s)
Authentication error: Langfuse client initialized without public_key. Client will be disabled. Provide a public_key parameter or set LANGFUSE_PUBLIC_KEY environment variable. 
{"node": "retrieve", "query_len": 95, "event": "start", "query_preview": "In the Linux octal permission system, what numeric value is assigned to the exec", "correlation_id": "01KTYB0CC6CBTWR5V5Z1FNX2RP", "level": "info", "timestamp": "2026-06-12T16:35:24.167100Z"}
{"query_len": 95, "k": 50, "event": "hybrid.start", "query_preview": "In the Linux octal permission system, what numeric value is assigned to the exec", "correlation_id": "01KTYB0CC6CBTWR5V5Z1FNX2RP", "level": "info", "timestamp": "2026-06-12T16:35:24.167139Z"}
{"query_len": 95, "k": 50, "dense": 50, "bm25": 0, "fused": 50, "term": false, "event": "hybrid.done", "query_preview": "In the Linux octal permission system, what numeric value is assigned to the exec", "correlation_id": "01KTYB0CC6CBTWR5V5Z1FNX2RP", "level": "info", "timestamp": "2026-06-12T16:35:24.233369Z"}
{"node": "retrieve", "candidate_count": 50, "event": "done", "query_preview": "In the Linux octal permission system, what numeric value is assigned to the exec", "correlation_id": "01KTYB0CC6CBTWR5V5Z1FNX2RP", "level": "info", "timestamp": "2026-06-12T16:35:24.234326Z"}
{"node": "expand_graph", "reason": "disabled_or_empty", "event": "skip", "query_preview": "In the Linux octal permission system, what numeric value is assigned to the exec", "correlation_id": "01KTYB0CC6CBTWR5V5Z1FNX2RP", "level": "info", "timestamp": "2026-06-12T16:35:24.235670Z"}
{"node": "rerank", "candidate_count": 50, "event": "start", "query_preview": "In the Linux octal permission system, what numeric value is assigned to the exec", "correlation_id": "01KTYB0CC6CBTWR5V5Z1FNX2RP", "level": "info", "timestamp": "2026-06-12T16:35:24.236204Z"}
{"node": "rerank", "top_k": 5, "source": "mode", "event": "top_k_resolved", "query_preview": "In the Linux octal permission system, what numeric value is assigned to the exec", "correlation_id": "01KTYB0CC6CBTWR5V5Z1FNX2RP", "level": "info", "timestamp": "2026-06-12T16:35:24.236258Z"}
{"candidates": 50, "top_k": 5, "backend": "cross_encoder", "event": "rerank.start", "query_preview": "In the Linux octal permission system, what numeric value is assigned to the exec", "correlation_id": "01KTYB0CC6CBTWR5V5Z1FNX2RP", "level": "info", "timestamp": "2026-06-12T16:35:24.236282Z"}
{"candidates": 50, "top_k": 5, "backend": "cross_encoder", "returned": 5, "event": "rerank.done", "query_preview": "In the Linux octal permission system, what numeric value is assigned to the exec", "correlation_id": "01KTYB0CC6CBTWR5V5Z1FNX2RP", "level": "info", "timestamp": "2026-06-12T16:35:42.695960Z"}
{"node": "rerank", "reranked_count": 5, "event": "done", "query_preview": "In the Linux octal permission system, what numeric value is assigned to the exec", "correlation_id": "01KTYB0CC6CBTWR5V5Z1FNX2RP", "level": "info", "timestamp": "2026-06-12T16:35:42.696071Z"}
{"node": "query_tables", "reason": "empty_or_not_table_shaped", "event": "skip", "query_preview": "In the Linux octal permission system, what numeric value is assigned to the exec", "correlation_id": "01KTYB0CC6CBTWR5V5Z1FNX2RP", "level": "info", "timestamp": "2026-06-12T16:35:42.697908Z"}
{"node": "assess", "reranked_count": 5, "event": "start", "query_preview": "In the Linux octal permission system, what numeric value is assigned to the exec", "correlation_id": "01KTYB0CC6CBTWR5V5Z1FNX2RP", "level": "info", "timestamp": "2026-06-12T16:35:42.698753Z"}
{"prompt_tag": "assess_sufficiency@v4", "schema": "SufficiencyAssessment", "model": "cyankiwi/Qwen3.5-4B-AWQ-4bit", "max_tokens": 1024, "temperature": 0.1, "top_p": 0.8, "presence_penalty": 1.0, "seed": 42, "message_count": 1, "event": "model_call.start", "query_preview": "In the Linux octal permission system, what numeric value is assigned to the exec", "correlation_id": "01KTYB0CC6CBTWR5V5Z1FNX2RP", "level": "info", "timestamp": "2026-06-12T16:35:42.700817Z"}
Authentication error: Langfuse client initialized without public_key. Client will be disabled. Provide a public_key parameter or set LANGFUSE_PUBLIC_KEY environment variable. 
{"prompt_tag": "assess_sufficiency@v4", "schema": "SufficiencyAssessment", "tokens": 1527, "event": "model_call.done", "query_preview": "In the Linux octal permission system, what numeric value is assigned to the exec", "correlation_id": "01KTYB0CC6CBTWR5V5Z1FNX2RP", "level": "info", "timestamp": "2026-06-12T16:35:43.654894Z"}
{"node": "answer", "regenerate_attempt": 0, "event": "start", "query_preview": "In the Linux octal permission system, what numeric value is assigned to the exec", "correlation_id": "01KTYB0CC6CBTWR5V5Z1FNX2RP", "level": "info", "timestamp": "2026-06-12T16:35:43.656643Z"}
{"prompt_tag": "answer@v5", "schema": "DraftAnswer", "model": "cyankiwi/Qwen3.5-4B-AWQ-4bit", "max_tokens": 1800, "temperature": 0.1, "top_p": 0.8, "presence_penalty": 1.0, "seed": 42, "message_count": 2, "event": "model_call.start", "query_preview": "In the Linux octal permission system, what numeric value is assigned to the exec", "correlation_id": "01KTYB0CC6CBTWR5V5Z1FNX2RP", "level": "info", "timestamp": "2026-06-12T16:35:43.659727Z"}
Authentication error: Langfuse client initialized without public_key. Client will be disabled. Provide a public_key parameter or set LANGFUSE_PUBLIC_KEY environment variable. 
{"prompt_tag": "answer@v5", "schema": "DraftAnswer", "tokens": 3146, "event": "model_call.done", "query_preview": "In the Linux octal permission system, what numeric value is assigned to the exec", "correlation_id": "01KTYB0CC6CBTWR5V5Z1FNX2RP", "level": "info", "timestamp": "2026-06-12T16:35:45.196940Z"}
{"node": "verify", "claim_count": 1, "event": "start", "query_preview": "In the Linux octal permission system, what numeric value is assigned to the exec", "correlation_id": "01KTYB0CC6CBTWR5V5Z1FNX2RP", "level": "info", "timestamp": "2026-06-12T16:35:45.197732Z"}
{"prompt_tag": "verify_grounding@v2", "schema": "VerificationResult", "model": "cyankiwi/Qwen3.5-4B-AWQ-4bit", "max_tokens": 1024, "temperature": 0.1, "top_p": 0.8, "presence_penalty": 1.0, "seed": 42, "message_count": 1, "event": "model_call.start", "query_preview": "In the Linux octal permission system, what numeric value is assigned to the exec", "correlation_id": "01KTYB0CC6CBTWR5V5Z1FNX2RP", "level": "info", "timestamp": "2026-06-12T16:35:45.200770Z"}
Authentication error: Langfuse client initialized without public_key. Client will be disabled. Provide a public_key parameter or set LANGFUSE_PUBLIC_KEY environment variable. 
{"prompt_tag": "verify_grounding@v2", "schema": "VerificationResult", "tokens": 1428, "event": "model_call.done", "query_preview": "In the Linux octal permission system, what numeric value is assigned to the exec", "correlation_id": "01KTYB0CC6CBTWR5V5Z1FNX2RP", "level": "info", "timestamp": "2026-06-12T16:35:45.664282Z"}
{"node": "assess_relevance", "event": "start", "query_preview": "In the Linux octal permission system, what numeric value is assigned to the exec", "correlation_id": "01KTYB0CC6CBTWR5V5Z1FNX2RP", "level": "info", "timestamp": "2026-06-12T16:35:45.665381Z"}
{"prompt_tag": "assess_relevance@v3", "schema": "RelevanceAssessment", "model": "cyankiwi/Qwen3.5-4B-AWQ-4bit", "max_tokens": 1024, "temperature": 0.1, "top_p": 0.8, "presence_penalty": 1.0, "seed": 42, "message_count": 1, "event": "model_call.start", "query_preview": "In the Linux octal permission system, what numeric value is assigned to the exec", "correlation_id": "01KTYB0CC6CBTWR5V5Z1FNX2RP", "level": "info", "timestamp": "2026-06-12T16:35:45.666364Z"}
Authentication error: Langfuse client initialized without public_key. Client will be disabled. Provide a public_key parameter or set LANGFUSE_PUBLIC_KEY environment variable. 
{"prompt_tag": "assess_relevance@v3", "schema": "RelevanceAssessment", "tokens": 849, "event": "model_call.done", "query_preview": "In the Linux octal permission system, what numeric value is assigned to the exec", "correlation_id": "01KTYB0CC6CBTWR5V5Z1FNX2RP", "level": "info", "timestamp": "2026-06-12T16:35:46.112215Z"}
{"node": "assess_relevance", "responsive": true, "event": "relevance", "query_preview": "In the Linux octal permission system, what numeric value is assigned to the exec", "correlation_id": "01KTYB0CC6CBTWR5V5Z1FNX2RP", "level": "info", "timestamp": "2026-06-12T16:35:46.112271Z"}
{"node": "compose", "event": "start", "query_preview": "In the Linux octal permission system, what numeric value is assigned to the exec", "correlation_id": "01KTYB0CC6CBTWR5V5Z1FNX2RP", "level": "info", "timestamp": "2026-06-12T16:35:46.113319Z"}
[mini] linux-fundamentals-02    answered=True base=True ok (21.9s)
Authentication error: Langfuse client initialized without public_key. Client will be disabled. Provide a public_key parameter or set LANGFUSE_PUBLIC_KEY environment variable. 
{"node": "retrieve", "query_len": 64, "event": "start", "query_preview": "What character does an absolute path in Linux always begin with?", "correlation_id": "01KTYB11T207V3MBJHEZ9B5N1A", "level": "info", "timestamp": "2026-06-12T16:35:46.114957Z"}
{"query_len": 64, "k": 50, "event": "hybrid.start", "query_preview": "What character does an absolute path in Linux always begin with?", "correlation_id": "01KTYB11T207V3MBJHEZ9B5N1A", "level": "info", "timestamp": "2026-06-12T16:35:46.114991Z"}
{"query_len": 64, "k": 50, "dense": 50, "bm25": 0, "fused": 50, "term": false, "event": "hybrid.done", "query_preview": "What character does an absolute path in Linux always begin with?", "correlation_id": "01KTYB11T207V3MBJHEZ9B5N1A", "level": "info", "timestamp": "2026-06-12T16:35:46.188048Z"}
{"node": "retrieve", "candidate_count": 50, "event": "done", "query_preview": "What character does an absolute path in Linux always begin with?", "correlation_id": "01KTYB11T207V3MBJHEZ9B5N1A", "level": "info", "timestamp": "2026-06-12T16:35:46.189066Z"}
{"node": "expand_graph", "reason": "disabled_or_empty", "event": "skip", "query_preview": "What character does an absolute path in Linux always begin with?", "correlation_id": "01KTYB11T207V3MBJHEZ9B5N1A", "level": "info", "timestamp": "2026-06-12T16:35:46.190809Z"}
{"node": "rerank", "candidate_count": 50, "event": "start", "query_preview": "What character does an absolute path in Linux always begin with?", "correlation_id": "01KTYB11T207V3MBJHEZ9B5N1A", "level": "info", "timestamp": "2026-06-12T16:35:46.191374Z"}
{"node": "rerank", "top_k": 5, "source": "mode", "event": "top_k_resolved", "query_preview": "What character does an absolute path in Linux always begin with?", "correlation_id": "01KTYB11T207V3MBJHEZ9B5N1A", "level": "info", "timestamp": "2026-06-12T16:35:46.191426Z"}
{"candidates": 50, "top_k": 5, "backend": "cross_encoder", "event": "rerank.start", "query_preview": "What character does an absolute path in Linux always begin with?", "correlation_id": "01KTYB11T207V3MBJHEZ9B5N1A", "level": "info", "timestamp": "2026-06-12T16:35:46.191451Z"}
{"candidates": 50, "top_k": 5, "backend": "cross_encoder", "returned": 5, "event": "rerank.done", "query_preview": "What character does an absolute path in Linux always begin with?", "correlation_id": "01KTYB11T207V3MBJHEZ9B5N1A", "level": "info", "timestamp": "2026-06-12T16:36:00.929394Z"}
{"node": "rerank", "reranked_count": 5, "event": "done", "query_preview": "What character does an absolute path in Linux always begin with?", "correlation_id": "01KTYB11T207V3MBJHEZ9B5N1A", "level": "info", "timestamp": "2026-06-12T16:36:00.929482Z"}
{"node": "query_tables", "reason": "empty_or_not_table_shaped", "event": "skip", "query_preview": "What character does an absolute path in Linux always begin with?", "correlation_id": "01KTYB11T207V3MBJHEZ9B5N1A", "level": "info", "timestamp": "2026-06-12T16:36:00.931218Z"}
{"node": "assess", "reranked_count": 5, "event": "start", "query_preview": "What character does an absolute path in Linux always begin with?", "correlation_id": "01KTYB11T207V3MBJHEZ9B5N1A", "level": "info", "timestamp": "2026-06-12T16:36:00.931926Z"}
{"prompt_tag": "assess_sufficiency@v4", "schema": "SufficiencyAssessment", "model": "cyankiwi/Qwen3.5-4B-AWQ-4bit", "max_tokens": 1024, "temperature": 0.1, "top_p": 0.8, "presence_penalty": 1.0, "seed": 42, "message_count": 1, "event": "model_call.start", "query_preview": "What character does an absolute path in Linux always begin with?", "correlation_id": "01KTYB11T207V3MBJHEZ9B5N1A", "level": "info", "timestamp": "2026-06-12T16:36:00.933576Z"}
Authentication error: Langfuse client initialized without public_key. Client will be disabled. Provide a public_key parameter or set LANGFUSE_PUBLIC_KEY environment variable. 
{"prompt_tag": "assess_sufficiency@v4", "schema": "SufficiencyAssessment", "tokens": 1460, "event": "model_call.done", "query_preview": "What character does an absolute path in Linux always begin with?", "correlation_id": "01KTYB11T207V3MBJHEZ9B5N1A", "level": "info", "timestamp": "2026-06-12T16:36:01.554379Z"}
{"node": "answer", "regenerate_attempt": 0, "event": "start", "query_preview": "What character does an absolute path in Linux always begin with?", "correlation_id": "01KTYB11T207V3MBJHEZ9B5N1A", "level": "info", "timestamp": "2026-06-12T16:36:01.555717Z"}
{"prompt_tag": "answer@v5", "schema": "DraftAnswer", "model": "cyankiwi/Qwen3.5-4B-AWQ-4bit", "max_tokens": 1800, "temperature": 0.1, "top_p": 0.8, "presence_penalty": 1.0, "seed": 42, "message_count": 2, "event": "model_call.start", "query_preview": "What character does an absolute path in Linux always begin with?", "correlation_id": "01KTYB11T207V3MBJHEZ9B5N1A", "level": "info", "timestamp": "2026-06-12T16:36:01.557915Z"}
Authentication error: Langfuse client initialized without public_key. Client will be disabled. Provide a public_key parameter or set LANGFUSE_PUBLIC_KEY environment variable. 
{"prompt_tag": "answer@v5", "schema": "DraftAnswer", "tokens": 3102, "event": "model_call.done", "query_preview": "What character does an absolute path in Linux always begin with?", "correlation_id": "01KTYB11T207V3MBJHEZ9B5N1A", "level": "info", "timestamp": "2026-06-12T16:36:03.011036Z"}
{"node": "verify", "claim_count": 1, "event": "start", "query_preview": "What character does an absolute path in Linux always begin with?", "correlation_id": "01KTYB11T207V3MBJHEZ9B5N1A", "level": "info", "timestamp": "2026-06-12T16:36:03.013340Z"}
{"prompt_tag": "verify_grounding@v2", "schema": "VerificationResult", "model": "cyankiwi/Qwen3.5-4B-AWQ-4bit", "max_tokens": 1024, "temperature": 0.1, "top_p": 0.8, "presence_penalty": 1.0, "seed": 42, "message_count": 1, "event": "model_call.start", "query_preview": "What character does an absolute path in Linux always begin with?", "correlation_id": "01KTYB11T207V3MBJHEZ9B5N1A", "level": "info", "timestamp": "2026-06-12T16:36:03.016439Z"}
Authentication error: Langfuse client initialized without public_key. Client will be disabled. Provide a public_key parameter or set LANGFUSE_PUBLIC_KEY environment variable. 
{"prompt_tag": "verify_grounding@v2", "schema": "VerificationResult", "tokens": 1394, "event": "model_call.done", "query_preview": "What character does an absolute path in Linux always begin with?", "correlation_id": "01KTYB11T207V3MBJHEZ9B5N1A", "level": "info", "timestamp": "2026-06-12T16:36:03.475336Z"}
{"node": "assess_relevance", "event": "start", "query_preview": "What character does an absolute path in Linux always begin with?", "correlation_id": "01KTYB11T207V3MBJHEZ9B5N1A", "level": "info", "timestamp": "2026-06-12T16:36:03.476605Z"}
{"prompt_tag": "assess_relevance@v3", "schema": "RelevanceAssessment", "model": "cyankiwi/Qwen3.5-4B-AWQ-4bit", "max_tokens": 1024, "temperature": 0.1, "top_p": 0.8, "presence_penalty": 1.0, "seed": 42, "message_count": 1, "event": "model_call.start", "query_preview": "What character does an absolute path in Linux always begin with?", "correlation_id": "01KTYB11T207V3MBJHEZ9B5N1A", "level": "info", "timestamp": "2026-06-12T16:36:03.477598Z"}
Authentication error: Langfuse client initialized without public_key. Client will be disabled. Provide a public_key parameter or set LANGFUSE_PUBLIC_KEY environment variable. 
{"prompt_tag": "assess_relevance@v3", "schema": "RelevanceAssessment", "tokens": 826, "event": "model_call.done", "query_preview": "What character does an absolute path in Linux always begin with?", "correlation_id": "01KTYB11T207V3MBJHEZ9B5N1A", "level": "info", "timestamp": "2026-06-12T16:36:03.900972Z"}
{"node": "assess_relevance", "responsive": true, "event": "relevance", "query_preview": "What character does an absolute path in Linux always begin with?", "correlation_id": "01KTYB11T207V3MBJHEZ9B5N1A", "level": "info", "timestamp": "2026-06-12T16:36:03.901029Z"}
{"node": "compose", "event": "start", "query_preview": "What character does an absolute path in Linux always begin with?", "correlation_id": "01KTYB11T207V3MBJHEZ9B5N1A", "level": "info", "timestamp": "2026-06-12T16:36:03.902105Z"}
[mini] linux-fundamentals-03    answered=True base=True ok (17.8s)
Authentication error: Langfuse client initialized without public_key. Client will be disabled. Provide a public_key parameter or set LANGFUSE_PUBLIC_KEY environment variable. 
{"node": "retrieve", "query_len": 44, "event": "start", "query_preview": "In Linux, what does compression do to files?", "correlation_id": "01KTYB1K5YC00BYMBH3X0ZETZX", "level": "info", "timestamp": "2026-06-12T16:36:03.903758Z"}
{"query_len": 44, "k": 50, "event": "hybrid.start", "query_preview": "In Linux, what does compression do to files?", "correlation_id": "01KTYB1K5YC00BYMBH3X0ZETZX", "level": "info", "timestamp": "2026-06-12T16:36:03.903795Z"}
{"query_len": 44, "k": 50, "dense": 50, "bm25": 0, "fused": 50, "term": false, "event": "hybrid.done", "query_preview": "In Linux, what does compression do to files?", "correlation_id": "01KTYB1K5YC00BYMBH3X0ZETZX", "level": "info", "timestamp": "2026-06-12T16:36:03.969090Z"}
{"node": "retrieve", "candidate_count": 50, "event": "done", "query_preview": "In Linux, what does compression do to files?", "correlation_id": "01KTYB1K5YC00BYMBH3X0ZETZX", "level": "info", "timestamp": "2026-06-12T16:36:03.970170Z"}
{"node": "expand_graph", "reason": "disabled_or_empty", "event": "skip", "query_preview": "In Linux, what does compression do to files?", "correlation_id": "01KTYB1K5YC00BYMBH3X0ZETZX", "level": "info", "timestamp": "2026-06-12T16:36:03.971441Z"}
{"node": "rerank", "candidate_count": 50, "event": "start", "query_preview": "In Linux, what does compression do to files?", "correlation_id": "01KTYB1K5YC00BYMBH3X0ZETZX", "level": "info", "timestamp": "2026-06-12T16:36:03.971914Z"}
{"node": "rerank", "top_k": 5, "source": "mode", "event": "top_k_resolved", "query_preview": "In Linux, what does compression do to files?", "correlation_id": "01KTYB1K5YC00BYMBH3X0ZETZX", "level": "info", "timestamp": "2026-06-12T16:36:03.971961Z"}
{"candidates": 50, "top_k": 5, "backend": "cross_encoder", "event": "rerank.start", "query_preview": "In Linux, what does compression do to files?", "correlation_id": "01KTYB1K5YC00BYMBH3X0ZETZX", "level": "info", "timestamp": "2026-06-12T16:36:03.971984Z"}
{"candidates": 50, "top_k": 5, "backend": "cross_encoder", "returned": 5, "event": "rerank.done", "query_preview": "In Linux, what does compression do to files?", "correlation_id": "01KTYB1K5YC00BYMBH3X0ZETZX", "level": "info", "timestamp": "2026-06-12T16:36:19.180314Z"}
{"node": "rerank", "reranked_count": 5, "event": "done", "query_preview": "In Linux, what does compression do to files?", "correlation_id": "01KTYB1K5YC00BYMBH3X0ZETZX", "level": "info", "timestamp": "2026-06-12T16:36:19.180422Z"}
{"node": "query_tables", "reason": "empty_or_not_table_shaped", "event": "skip", "query_preview": "In Linux, what does compression do to files?", "correlation_id": "01KTYB1K5YC00BYMBH3X0ZETZX", "level": "info", "timestamp": "2026-06-12T16:36:19.182369Z"}
{"node": "assess", "reranked_count": 5, "event": "start", "query_preview": "In Linux, what does compression do to files?", "correlation_id": "01KTYB1K5YC00BYMBH3X0ZETZX", "level": "info", "timestamp": "2026-06-12T16:36:19.183345Z"}
{"prompt_tag": "assess_sufficiency@v4", "schema": "SufficiencyAssessment", "model": "cyankiwi/Qwen3.5-4B-AWQ-4bit", "max_tokens": 1024, "temperature": 0.1, "top_p": 0.8, "presence_penalty": 1.0, "seed": 42, "message_count": 1, "event": "model_call.start", "query_preview": "In Linux, what does compression do to files?", "correlation_id": "01KTYB1K5YC00BYMBH3X0ZETZX", "level": "info", "timestamp": "2026-06-12T16:36:19.185271Z"}
Authentication error: Langfuse client initialized without public_key. Client will be disabled. Provide a public_key parameter or set LANGFUSE_PUBLIC_KEY environment variable. 
{"prompt_tag": "assess_sufficiency@v4", "schema": "SufficiencyAssessment", "tokens": 1423, "event": "model_call.done", "query_preview": "In Linux, what does compression do to files?", "correlation_id": "01KTYB1K5YC00BYMBH3X0ZETZX", "level": "info", "timestamp": "2026-06-12T16:36:19.833907Z"}
{"node": "answer", "regenerate_attempt": 0, "event": "start", "query_preview": "In Linux, what does compression do to files?", "correlation_id": "01KTYB1K5YC00BYMBH3X0ZETZX", "level": "info", "timestamp": "2026-06-12T16:36:19.835729Z"}
{"prompt_tag": "answer@v5", "schema": "DraftAnswer", "model": "cyankiwi/Qwen3.5-4B-AWQ-4bit", "max_tokens": 1800, "temperature": 0.1, "top_p": 0.8, "presence_penalty": 1.0, "seed": 42, "message_count": 2, "event": "model_call.start", "query_preview": "In Linux, what does compression do to files?", "correlation_id": "01KTYB1K5YC00BYMBH3X0ZETZX", "level": "info", "timestamp": "2026-06-12T16:36:19.837746Z"}
Authentication error: Langfuse client initialized without public_key. Client will be disabled. Provide a public_key parameter or set LANGFUSE_PUBLIC_KEY environment variable. 
{"prompt_tag": "answer@v5", "schema": "DraftAnswer", "tokens": 3337, "event": "model_call.done", "query_preview": "In Linux, what does compression do to files?", "correlation_id": "01KTYB1K5YC00BYMBH3X0ZETZX", "level": "info", "timestamp": "2026-06-12T16:36:24.184809Z"}
{"node": "verify", "claim_count": 4, "event": "start", "query_preview": "In Linux, what does compression do to files?", "correlation_id": "01KTYB1K5YC00BYMBH3X0ZETZX", "level": "info", "timestamp": "2026-06-12T16:36:24.188801Z"}
{"prompt_tag": "verify_grounding@v2", "schema": "VerificationResult", "model": "cyankiwi/Qwen3.5-4B-AWQ-4bit", "max_tokens": 1024, "temperature": 0.1, "top_p": 0.8, "presence_penalty": 1.0, "seed": 42, "message_count": 1, "event": "model_call.start", "query_preview": "In Linux, what does compression do to files?", "correlation_id": "01KTYB1K5YC00BYMBH3X0ZETZX", "level": "info", "timestamp": "2026-06-12T16:36:24.191880Z"}
Authentication error: Langfuse client initialized without public_key. Client will be disabled. Provide a public_key parameter or set LANGFUSE_PUBLIC_KEY environment variable. 
{"prompt_tag": "verify_grounding@v2", "schema": "VerificationResult", "tokens": 1547, "event": "model_call.done", "query_preview": "In Linux, what does compression do to files?", "correlation_id": "01KTYB1K5YC00BYMBH3X0ZETZX", "level": "info", "timestamp": "2026-06-12T16:36:24.770384Z"}
{"node": "assess_relevance", "event": "start", "query_preview": "In Linux, what does compression do to files?", "correlation_id": "01KTYB1K5YC00BYMBH3X0ZETZX", "level": "info", "timestamp": "2026-06-12T16:36:24.771606Z"}
{"prompt_tag": "assess_relevance@v3", "schema": "RelevanceAssessment", "model": "cyankiwi/Qwen3.5-4B-AWQ-4bit", "max_tokens": 1024, "temperature": 0.1, "top_p": 0.8, "presence_penalty": 1.0, "seed": 42, "message_count": 1, "event": "model_call.start", "query_preview": "In Linux, what does compression do to files?", "correlation_id": "01KTYB1K5YC00BYMBH3X0ZETZX", "level": "info", "timestamp": "2026-06-12T16:36:24.772690Z"}
Authentication error: Langfuse client initialized without public_key. Client will be disabled. Provide a public_key parameter or set LANGFUSE_PUBLIC_KEY environment variable. 
{"prompt_tag": "assess_relevance@v3", "schema": "RelevanceAssessment", "tokens": 936, "event": "model_call.done", "query_preview": "In Linux, what does compression do to files?", "correlation_id": "01KTYB1K5YC00BYMBH3X0ZETZX", "level": "info", "timestamp": "2026-06-12T16:36:25.357952Z"}
{"node": "assess_relevance", "responsive": true, "event": "relevance", "query_preview": "In Linux, what does compression do to files?", "correlation_id": "01KTYB1K5YC00BYMBH3X0ZETZX", "level": "info", "timestamp": "2026-06-12T16:36:25.358009Z"}
{"node": "compose", "event": "start", "query_preview": "In Linux, what does compression do to files?", "correlation_id": "01KTYB1K5YC00BYMBH3X0ZETZX", "level": "info", "timestamp": "2026-06-12T16:36:25.359056Z"}
[mini] linux-fundamentals-04    answered=True base=True ok (21.5s)
Authentication error: Langfuse client initialized without public_key. Client will be disabled. Provide a public_key parameter or set LANGFUSE_PUBLIC_KEY environment variable. 
{"node": "retrieve", "query_len": 72, "event": "start", "query_preview": "Which two files store Linux user account and authentication information?", "correlation_id": "01KTYB284FAP8NAQHM86P2HKV6", "level": "info", "timestamp": "2026-06-12T16:36:25.360734Z"}
{"query_len": 72, "k": 50, "event": "hybrid.start", "query_preview": "Which two files store Linux user account and authentication information?", "correlation_id": "01KTYB284FAP8NAQHM86P2HKV6", "level": "info", "timestamp": "2026-06-12T16:36:25.360774Z"}
{"query_len": 72, "k": 50, "dense": 50, "bm25": 0, "fused": 50, "term": false, "event": "hybrid.done", "query_preview": "Which two files store Linux user account and authentication information?", "correlation_id": "01KTYB284FAP8NAQHM86P2HKV6", "level": "info", "timestamp": "2026-06-12T16:36:25.424259Z"}
{"node": "retrieve", "candidate_count": 50, "event": "done", "query_preview": "Which two files store Linux user account and authentication information?", "correlation_id": "01KTYB284FAP8NAQHM86P2HKV6", "level": "info", "timestamp": "2026-06-12T16:36:25.425286Z"}
{"node": "expand_graph", "reason": "disabled_or_empty", "event": "skip", "query_preview": "Which two files store Linux user account and authentication information?", "correlation_id": "01KTYB284FAP8NAQHM86P2HKV6", "level": "info", "timestamp": "2026-06-12T16:36:25.426917Z"}
{"node": "rerank", "candidate_count": 50, "event": "start", "query_preview": "Which two files store Linux user account and authentication information?", "correlation_id": "01KTYB284FAP8NAQHM86P2HKV6", "level": "info", "timestamp": "2026-06-12T16:36:25.427441Z"}
{"node": "rerank", "top_k": 5, "source": "mode", "event": "top_k_resolved", "query_preview": "Which two files store Linux user account and authentication information?", "correlation_id": "01KTYB284FAP8NAQHM86P2HKV6", "level": "info", "timestamp": "2026-06-12T16:36:25.427490Z"}
{"candidates": 50, "top_k": 5, "backend": "cross_encoder", "event": "rerank.start", "query_preview": "Which two files store Linux user account and authentication information?", "correlation_id": "01KTYB284FAP8NAQHM86P2HKV6", "level": "info", "timestamp": "2026-06-12T16:36:25.427514Z"}
{"candidates": 50, "top_k": 5, "backend": "cross_encoder", "returned": 5, "event": "rerank.done", "query_preview": "Which two files store Linux user account and authentication information?", "correlation_id": "01KTYB284FAP8NAQHM86P2HKV6", "level": "info", "timestamp": "2026-06-12T16:36:37.817876Z"}
{"node": "rerank", "reranked_count": 5, "event": "done", "query_preview": "Which two files store Linux user account and authentication information?", "correlation_id": "01KTYB284FAP8NAQHM86P2HKV6", "level": "info", "timestamp": "2026-06-12T16:36:37.817969Z"}
{"prompt_tag": "generate_table_sql@v1", "schema": "GeneratedSQL", "model": "cyankiwi/Qwen3.5-4B-AWQ-4bit", "max_tokens": 1024, "temperature": 0.1, "top_p": 0.8, "presence_penalty": 1.0, "seed": 42, "message_count": 1, "event": "model_call.start", "query_preview": "Which two files store Linux user account and authentication information?", "correlation_id": "01KTYB284FAP8NAQHM86P2HKV6", "level": "info", "timestamp": "2026-06-12T16:36:37.824901Z"}
Authentication error: Langfuse client initialized without public_key. Client will be disabled. Provide a public_key parameter or set LANGFUSE_PUBLIC_KEY environment variable. 
{"prompt_tag": "generate_table_sql@v1", "schema": "GeneratedSQL", "tokens": 955, "event": "model_call.done", "query_preview": "Which two files store Linux user account and authentication information?", "correlation_id": "01KTYB284FAP8NAQHM86P2HKV6", "level": "info", "timestamp": "2026-06-12T16:36:38.613890Z"}
{"node": "query_doc_tables", "sql": "SELECT * FROM b9ec9c6e63 WHERE col1 LIKE '%Linux%' AND shareable = 'True'", "target": "b9ec9c6e63", "event": "table_sql.generated", "query_preview": "Which two files store Linux user account and authentication information?", "correlation_id": "01KTYB284FAP8NAQHM86P2HKV6", "level": "info", "timestamp": "2026-06-12T16:36:38.613948Z"}
{"node": "query_doc_tables", "target": "b9ec9c6e63", "event": "table_sql.no_result", "query_preview": "Which two files store Linux user account and authentication information?", "correlation_id": "01KTYB284FAP8NAQHM86P2HKV6", "level": "info", "timestamp": "2026-06-12T16:36:38.614390Z"}
{"node": "query_tables", "event": "no_table_answer", "query_preview": "Which two files store Linux user account and authentication information?", "correlation_id": "01KTYB284FAP8NAQHM86P2HKV6", "level": "info", "timestamp": "2026-06-12T16:36:38.614697Z"}
{"node": "assess", "reranked_count": 5, "event": "start", "query_preview": "Which two files store Linux user account and authentication information?", "correlation_id": "01KTYB284FAP8NAQHM86P2HKV6", "level": "info", "timestamp": "2026-06-12T16:36:38.615438Z"}
{"prompt_tag": "assess_sufficiency@v4", "schema": "SufficiencyAssessment", "model": "cyankiwi/Qwen3.5-4B-AWQ-4bit", "max_tokens": 1024, "temperature": 0.1, "top_p": 0.8, "presence_penalty": 1.0, "seed": 42, "message_count": 1, "event": "model_call.start", "query_preview": "Which two files store Linux user account and authentication information?", "correlation_id": "01KTYB284FAP8NAQHM86P2HKV6", "level": "info", "timestamp": "2026-06-12T16:36:38.616725Z"}
Authentication error: Langfuse client initialized without public_key. Client will be disabled. Provide a public_key parameter or set LANGFUSE_PUBLIC_KEY environment variable. 
{"prompt_tag": "assess_sufficiency@v4", "schema": "SufficiencyAssessment", "tokens": 1391, "event": "model_call.done", "query_preview": "Which two files store Linux user account and authentication information?", "correlation_id": "01KTYB284FAP8NAQHM86P2HKV6", "level": "info", "timestamp": "2026-06-12T16:36:39.388130Z"}
{"node": "answer", "regenerate_attempt": 0, "event": "start", "query_preview": "Which two files store Linux user account and authentication information?", "correlation_id": "01KTYB284FAP8NAQHM86P2HKV6", "level": "info", "timestamp": "2026-06-12T16:36:39.389293Z"}
{"prompt_tag": "answer@v5", "schema": "DraftAnswer", "model": "cyankiwi/Qwen3.5-4B-AWQ-4bit", "max_tokens": 1800, "temperature": 0.1, "top_p": 0.8, "presence_penalty": 1.0, "seed": 42, "message_count": 2, "event": "model_call.start", "query_preview": "Which two files store Linux user account and authentication information?", "correlation_id": "01KTYB284FAP8NAQHM86P2HKV6", "level": "info", "timestamp": "2026-06-12T16:36:39.391423Z"}
Authentication error: Langfuse client initialized without public_key. Client will be disabled. Provide a public_key parameter or set LANGFUSE_PUBLIC_KEY environment variable. 
{"prompt_tag": "answer@v5", "schema": "DraftAnswer", "tokens": 3020, "event": "model_call.done", "query_preview": "Which two files store Linux user account and authentication information?", "correlation_id": "01KTYB284FAP8NAQHM86P2HKV6", "level": "info", "timestamp": "2026-06-12T16:36:40.884545Z"}
{"node": "verify", "claim_count": 1, "event": "start", "query_preview": "Which two files store Linux user account and authentication information?", "correlation_id": "01KTYB284FAP8NAQHM86P2HKV6", "level": "info", "timestamp": "2026-06-12T16:36:40.885402Z"}
{"prompt_tag": "verify_grounding@v2", "schema": "VerificationResult", "model": "cyankiwi/Qwen3.5-4B-AWQ-4bit", "max_tokens": 1024, "temperature": 0.1, "top_p": 0.8, "presence_penalty": 1.0, "seed": 42, "message_count": 1, "event": "model_call.start", "query_preview": "Which two files store Linux user account and authentication information?", "correlation_id": "01KTYB284FAP8NAQHM86P2HKV6", "level": "info", "timestamp": "2026-06-12T16:36:40.888482Z"}
Authentication error: Langfuse client initialized without public_key. Client will be disabled. Provide a public_key parameter or set LANGFUSE_PUBLIC_KEY environment variable. 
{"prompt_tag": "verify_grounding@v2", "schema": "VerificationResult", "tokens": 1307, "event": "model_call.done", "query_preview": "Which two files store Linux user account and authentication information?", "correlation_id": "01KTYB284FAP8NAQHM86P2HKV6", "level": "info", "timestamp": "2026-06-12T16:36:41.337167Z"}
{"node": "assess_relevance", "event": "start", "query_preview": "Which two files store Linux user account and authentication information?", "correlation_id": "01KTYB284FAP8NAQHM86P2HKV6", "level": "info", "timestamp": "2026-06-12T16:36:41.339199Z"}
{"prompt_tag": "assess_relevance@v3", "schema": "RelevanceAssessment", "model": "cyankiwi/Qwen3.5-4B-AWQ-4bit", "max_tokens": 1024, "temperature": 0.1, "top_p": 0.8, "presence_penalty": 1.0, "seed": 42, "message_count": 1, "event": "model_call.start", "query_preview": "Which two files store Linux user account and authentication information?", "correlation_id": "01KTYB284FAP8NAQHM86P2HKV6", "level": "info", "timestamp": "2026-06-12T16:36:41.340220Z"}
Authentication error: Langfuse client initialized without public_key. Client will be disabled. Provide a public_key parameter or set LANGFUSE_PUBLIC_KEY environment variable. 
{"prompt_tag": "assess_relevance@v3", "schema": "RelevanceAssessment", "tokens": 836, "event": "model_call.done", "query_preview": "Which two files store Linux user account and authentication information?", "correlation_id": "01KTYB284FAP8NAQHM86P2HKV6", "level": "info", "timestamp": "2026-06-12T16:36:41.786454Z"}
{"node": "assess_relevance", "responsive": true, "event": "relevance", "query_preview": "Which two files store Linux user account and authentication information?", "correlation_id": "01KTYB284FAP8NAQHM86P2HKV6", "level": "info", "timestamp": "2026-06-12T16:36:41.786511Z"}
{"node": "compose", "event": "start", "query_preview": "Which two files store Linux user account and authentication information?", "correlation_id": "01KTYB284FAP8NAQHM86P2HKV6", "level": "info", "timestamp": "2026-06-12T16:36:41.787608Z"}
[mini] linux-fundamentals-05    answered=True base=True ok (16.4s)
Authentication error: Langfuse client initialized without public_key. Client will be disabled. Provide a public_key parameter or set LANGFUSE_PUBLIC_KEY environment variable. 
{"node": "retrieve", "query_len": 62, "event": "start", "query_preview": "Que signifie un enregistrement MX dans le DNS selon le cours ?", "correlation_id": "01KTYB2R5WG74TMTGDF1T9RGJC", "level": "info", "timestamp": "2026-06-12T16:36:41.789318Z"}
{"query_len": 62, "k": 50, "event": "hybrid.start", "query_preview": "Que signifie un enregistrement MX dans le DNS selon le cours ?", "correlation_id": "01KTYB2R5WG74TMTGDF1T9RGJC", "level": "info", "timestamp": "2026-06-12T16:36:41.789364Z"}
{"query_len": 62, "k": 50, "dense": 50, "bm25": 0, "fused": 50, "term": false, "event": "hybrid.done", "query_preview": "Que signifie un enregistrement MX dans le DNS selon le cours ?", "correlation_id": "01KTYB2R5WG74TMTGDF1T9RGJC", "level": "info", "timestamp": "2026-06-12T16:36:41.850647Z"}
{"node": "retrieve", "candidate_count": 50, "event": "done", "query_preview": "Que signifie un enregistrement MX dans le DNS selon le cours ?", "correlation_id": "01KTYB2R5WG74TMTGDF1T9RGJC", "level": "info", "timestamp": "2026-06-12T16:36:41.851568Z"}
{"node": "expand_graph", "reason": "disabled_or_empty", "event": "skip", "query_preview": "Que signifie un enregistrement MX dans le DNS selon le cours ?", "correlation_id": "01KTYB2R5WG74TMTGDF1T9RGJC", "level": "info", "timestamp": "2026-06-12T16:36:41.852835Z"}
{"node": "rerank", "candidate_count": 50, "event": "start", "query_preview": "Que signifie un enregistrement MX dans le DNS selon le cours ?", "correlation_id": "01KTYB2R5WG74TMTGDF1T9RGJC", "level": "info", "timestamp": "2026-06-12T16:36:41.853344Z"}
{"node": "rerank", "top_k": 5, "source": "mode", "event": "top_k_resolved", "query_preview": "Que signifie un enregistrement MX dans le DNS selon le cours ?", "correlation_id": "01KTYB2R5WG74TMTGDF1T9RGJC", "level": "info", "timestamp": "2026-06-12T16:36:41.853394Z"}
{"candidates": 50, "top_k": 5, "backend": "cross_encoder", "event": "rerank.start", "query_preview": "Que signifie un enregistrement MX dans le DNS selon le cours ?", "correlation_id": "01KTYB2R5WG74TMTGDF1T9RGJC", "level": "info", "timestamp": "2026-06-12T16:36:41.853418Z"}
{"candidates": 50, "top_k": 5, "backend": "cross_encoder", "returned": 5, "event": "rerank.done", "query_preview": "Que signifie un enregistrement MX dans le DNS selon le cours ?", "correlation_id": "01KTYB2R5WG74TMTGDF1T9RGJC", "level": "info", "timestamp": "2026-06-12T16:36:56.425087Z"}
{"node": "rerank", "reranked_count": 5, "event": "done", "query_preview": "Que signifie un enregistrement MX dans le DNS selon le cours ?", "correlation_id": "01KTYB2R5WG74TMTGDF1T9RGJC", "level": "info", "timestamp": "2026-06-12T16:36:56.425200Z"}
{"node": "query_tables", "reason": "empty_or_not_table_shaped", "event": "skip", "query_preview": "Que signifie un enregistrement MX dans le DNS selon le cours ?", "correlation_id": "01KTYB2R5WG74TMTGDF1T9RGJC", "level": "info", "timestamp": "2026-06-12T16:36:56.427006Z"}
{"node": "assess", "reranked_count": 5, "event": "start", "query_preview": "Que signifie un enregistrement MX dans le DNS selon le cours ?", "correlation_id": "01KTYB2R5WG74TMTGDF1T9RGJC", "level": "info", "timestamp": "2026-06-12T16:36:56.427697Z"}
{"prompt_tag": "assess_sufficiency@v4", "schema": "SufficiencyAssessment", "model": "cyankiwi/Qwen3.5-4B-AWQ-4bit", "max_tokens": 1024, "temperature": 0.1, "top_p": 0.8, "presence_penalty": 1.0, "seed": 42, "message_count": 1, "event": "model_call.start", "query_preview": "Que signifie un enregistrement MX dans le DNS selon le cours ?", "correlation_id": "01KTYB2R5WG74TMTGDF1T9RGJC", "level": "info", "timestamp": "2026-06-12T16:36:56.429708Z"}
Authentication error: Langfuse client initialized without public_key. Client will be disabled. Provide a public_key parameter or set LANGFUSE_PUBLIC_KEY environment variable. 
{"prompt_tag": "assess_sufficiency@v4", "schema": "SufficiencyAssessment", "tokens": 1918, "event": "model_call.done", "query_preview": "Que signifie un enregistrement MX dans le DNS selon le cours ?", "correlation_id": "01KTYB2R5WG74TMTGDF1T9RGJC", "level": "info", "timestamp": "2026-06-12T16:36:57.259788Z"}
{"node": "answer", "regenerate_attempt": 0, "event": "start", "query_preview": "Que signifie un enregistrement MX dans le DNS selon le cours ?", "correlation_id": "01KTYB2R5WG74TMTGDF1T9RGJC", "level": "info", "timestamp": "2026-06-12T16:36:57.260917Z"}
{"prompt_tag": "answer@v5", "schema": "DraftAnswer", "model": "cyankiwi/Qwen3.5-4B-AWQ-4bit", "max_tokens": 1800, "temperature": 0.1, "top_p": 0.8, "presence_penalty": 1.0, "seed": 42, "message_count": 2, "event": "model_call.start", "query_preview": "Que signifie un enregistrement MX dans le DNS selon le cours ?", "correlation_id": "01KTYB2R5WG74TMTGDF1T9RGJC", "level": "info", "timestamp": "2026-06-12T16:36:57.263011Z"}
Authentication error: Langfuse client initialized without public_key. Client will be disabled. Provide a public_key parameter or set LANGFUSE_PUBLIC_KEY environment variable. 
{"prompt_tag": "answer@v5", "schema": "DraftAnswer", "tokens": 3544, "event": "model_call.done", "query_preview": "Que signifie un enregistrement MX dans le DNS selon le cours ?", "correlation_id": "01KTYB2R5WG74TMTGDF1T9RGJC", "level": "info", "timestamp": "2026-06-12T16:36:58.751037Z"}
{"node": "verify", "claim_count": 1, "event": "start", "query_preview": "Que signifie un enregistrement MX dans le DNS selon le cours ?", "correlation_id": "01KTYB2R5WG74TMTGDF1T9RGJC", "level": "info", "timestamp": "2026-06-12T16:36:58.753225Z"}
{"prompt_tag": "verify_grounding@v2", "schema": "VerificationResult", "model": "cyankiwi/Qwen3.5-4B-AWQ-4bit", "max_tokens": 1024, "temperature": 0.1, "top_p": 0.8, "presence_penalty": 1.0, "seed": 42, "message_count": 1, "event": "model_call.start", "query_preview": "Que signifie un enregistrement MX dans le DNS selon le cours ?", "correlation_id": "01KTYB2R5WG74TMTGDF1T9RGJC", "level": "info", "timestamp": "2026-06-12T16:36:58.756286Z"}
Authentication error: Langfuse client initialized without public_key. Client will be disabled. Provide a public_key parameter or set LANGFUSE_PUBLIC_KEY environment variable. 
{"prompt_tag": "verify_grounding@v2", "schema": "VerificationResult", "tokens": 1833, "event": "model_call.done", "query_preview": "Que signifie un enregistrement MX dans le DNS selon le cours ?", "correlation_id": "01KTYB2R5WG74TMTGDF1T9RGJC", "level": "info", "timestamp": "2026-06-12T16:36:59.297618Z"}
{"node": "assess_relevance", "event": "start", "query_preview": "Que signifie un enregistrement MX dans le DNS selon le cours ?", "correlation_id": "01KTYB2R5WG74TMTGDF1T9RGJC", "level": "info", "timestamp": "2026-06-12T16:36:59.298854Z"}
{"prompt_tag": "assess_relevance@v3", "schema": "RelevanceAssessment", "model": "cyankiwi/Qwen3.5-4B-AWQ-4bit", "max_tokens": 1024, "temperature": 0.1, "top_p": 0.8, "presence_penalty": 1.0, "seed": 42, "message_count": 1, "event": "model_call.start", "query_preview": "Que signifie un enregistrement MX dans le DNS selon le cours ?", "correlation_id": "01KTYB2R5WG74TMTGDF1T9RGJC", "level": "info", "timestamp": "2026-06-12T16:36:59.299944Z"}
Authentication error: Langfuse client initialized without public_key. Client will be disabled. Provide a public_key parameter or set LANGFUSE_PUBLIC_KEY environment variable. 
{"prompt_tag": "assess_relevance@v3", "schema": "RelevanceAssessment", "tokens": 830, "event": "model_call.done", "query_preview": "Que signifie un enregistrement MX dans le DNS selon le cours ?", "correlation_id": "01KTYB2R5WG74TMTGDF1T9RGJC", "level": "info", "timestamp": "2026-06-12T16:36:59.732812Z"}
{"node": "assess_relevance", "responsive": true, "event": "relevance", "query_preview": "Que signifie un enregistrement MX dans le DNS selon le cours ?", "correlation_id": "01KTYB2R5WG74TMTGDF1T9RGJC", "level": "info", "timestamp": "2026-06-12T16:36:59.732868Z"}
{"node": "compose", "event": "start", "query_preview": "Que signifie un enregistrement MX dans le DNS selon le cours ?", "correlation_id": "01KTYB2R5WG74TMTGDF1T9RGJC", "level": "info", "timestamp": "2026-06-12T16:36:59.734515Z"}
[mini] cr350-xref-01            answered=True base=True ok (17.9s)
Authentication error: Langfuse client initialized without public_key. Client will be disabled. Provide a public_key parameter or set LANGFUSE_PUBLIC_KEY environment variable. 
{"node": "retrieve", "query_len": 68, "event": "start", "query_preview": "En quoi consiste la phase de Reconnaissance de la Cyber Kill Chain ?", "correlation_id": "01KTYB39PQS913Z822RK8QZAST", "level": "info", "timestamp": "2026-06-12T16:36:59.736215Z"}
{"query_len": 68, "k": 50, "event": "hybrid.start", "query_preview": "En quoi consiste la phase de Reconnaissance de la Cyber Kill Chain ?", "correlation_id": "01KTYB39PQS913Z822RK8QZAST", "level": "info", "timestamp": "2026-06-12T16:36:59.736252Z"}
{"query_len": 68, "k": 50, "dense": 50, "bm25": 0, "fused": 50, "term": false, "event": "hybrid.done", "query_preview": "En quoi consiste la phase de Reconnaissance de la Cyber Kill Chain ?", "correlation_id": "01KTYB39PQS913Z822RK8QZAST", "level": "info", "timestamp": "2026-06-12T16:36:59.814270Z"}
{"node": "retrieve", "candidate_count": 50, "event": "done", "query_preview": "En quoi consiste la phase de Reconnaissance de la Cyber Kill Chain ?", "correlation_id": "01KTYB39PQS913Z822RK8QZAST", "level": "info", "timestamp": "2026-06-12T16:36:59.815319Z"}
{"node": "expand_graph", "reason": "disabled_or_empty", "event": "skip", "query_preview": "En quoi consiste la phase de Reconnaissance de la Cyber Kill Chain ?", "correlation_id": "01KTYB39PQS913Z822RK8QZAST", "level": "info", "timestamp": "2026-06-12T16:36:59.816547Z"}
{"node": "rerank", "candidate_count": 50, "event": "start", "query_preview": "En quoi consiste la phase de Reconnaissance de la Cyber Kill Chain ?", "correlation_id": "01KTYB39PQS913Z822RK8QZAST", "level": "info", "timestamp": "2026-06-12T16:36:59.817029Z"}
{"node": "rerank", "top_k": 5, "source": "mode", "event": "top_k_resolved", "query_preview": "En quoi consiste la phase de Reconnaissance de la Cyber Kill Chain ?", "correlation_id": "01KTYB39PQS913Z822RK8QZAST", "level": "info", "timestamp": "2026-06-12T16:36:59.817087Z"}
{"candidates": 50, "top_k": 5, "backend": "cross_encoder", "event": "rerank.start", "query_preview": "En quoi consiste la phase de Reconnaissance de la Cyber Kill Chain ?", "correlation_id": "01KTYB39PQS913Z822RK8QZAST", "level": "info", "timestamp": "2026-06-12T16:36:59.817113Z"}
{"candidates": 50, "top_k": 5, "backend": "cross_encoder", "returned": 5, "event": "rerank.done", "query_preview": "En quoi consiste la phase de Reconnaissance de la Cyber Kill Chain ?", "correlation_id": "01KTYB39PQS913Z822RK8QZAST", "level": "info", "timestamp": "2026-06-12T16:37:11.709429Z"}
{"node": "rerank", "reranked_count": 5, "event": "done", "query_preview": "En quoi consiste la phase de Reconnaissance de la Cyber Kill Chain ?", "correlation_id": "01KTYB39PQS913Z822RK8QZAST", "level": "info", "timestamp": "2026-06-12T16:37:11.709536Z"}
{"node": "query_tables", "reason": "empty_or_not_table_shaped", "event": "skip", "query_preview": "En quoi consiste la phase de Reconnaissance de la Cyber Kill Chain ?", "correlation_id": "01KTYB39PQS913Z822RK8QZAST", "level": "info", "timestamp": "2026-06-12T16:37:11.711432Z"}
{"node": "assess", "reranked_count": 5, "event": "start", "query_preview": "En quoi consiste la phase de Reconnaissance de la Cyber Kill Chain ?", "correlation_id": "01KTYB39PQS913Z822RK8QZAST", "level": "info", "timestamp": "2026-06-12T16:37:11.712178Z"}
{"prompt_tag": "assess_sufficiency@v4", "schema": "SufficiencyAssessment", "model": "cyankiwi/Qwen3.5-4B-AWQ-4bit", "max_tokens": 1024, "temperature": 0.1, "top_p": 0.8, "presence_penalty": 1.0, "seed": 42, "message_count": 1, "event": "model_call.start", "query_preview": "En quoi consiste la phase de Reconnaissance de la Cyber Kill Chain ?", "correlation_id": "01KTYB39PQS913Z822RK8QZAST", "level": "info", "timestamp": "2026-06-12T16:37:11.714094Z"}
Authentication error: Langfuse client initialized without public_key. Client will be disabled. Provide a public_key parameter or set LANGFUSE_PUBLIC_KEY environment variable. 
{"prompt_tag": "assess_sufficiency@v4", "schema": "SufficiencyAssessment", "tokens": 1573, "event": "model_call.done", "query_preview": "En quoi consiste la phase de Reconnaissance de la Cyber Kill Chain ?", "correlation_id": "01KTYB39PQS913Z822RK8QZAST", "level": "info", "timestamp": "2026-06-12T16:37:12.640528Z"}
{"node": "answer", "regenerate_attempt": 0, "event": "start", "query_preview": "En quoi consiste la phase de Reconnaissance de la Cyber Kill Chain ?", "correlation_id": "01KTYB39PQS913Z822RK8QZAST", "level": "info", "timestamp": "2026-06-12T16:37:12.641822Z"}
{"prompt_tag": "answer@v5", "schema": "DraftAnswer", "model": "cyankiwi/Qwen3.5-4B-AWQ-4bit", "max_tokens": 1800, "temperature": 0.1, "top_p": 0.8, "presence_penalty": 1.0, "seed": 42, "message_count": 2, "event": "model_call.start", "query_preview": "En quoi consiste la phase de Reconnaissance de la Cyber Kill Chain ?", "correlation_id": "01KTYB39PQS913Z822RK8QZAST", "level": "info", "timestamp": "2026-06-12T16:37:12.643974Z"}
Authentication error: Langfuse client initialized without public_key. Client will be disabled. Provide a public_key parameter or set LANGFUSE_PUBLIC_KEY environment variable. 
{"prompt_tag": "answer@v5", "schema": "DraftAnswer", "tokens": 3271, "event": "model_call.done", "query_preview": "En quoi consiste la phase de Reconnaissance de la Cyber Kill Chain ?", "correlation_id": "01KTYB39PQS913Z822RK8QZAST", "level": "info", "timestamp": "2026-06-12T16:37:15.004598Z"}
{"node": "verify", "claim_count": 1, "event": "start", "query_preview": "En quoi consiste la phase de Reconnaissance de la Cyber Kill Chain ?", "correlation_id": "01KTYB39PQS913Z822RK8QZAST", "level": "info", "timestamp": "2026-06-12T16:37:15.005549Z"}
{"prompt_tag": "verify_grounding@v2", "schema": "VerificationResult", "model": "cyankiwi/Qwen3.5-4B-AWQ-4bit", "max_tokens": 1024, "temperature": 0.1, "top_p": 0.8, "presence_penalty": 1.0, "seed": 42, "message_count": 1, "event": "model_call.start", "query_preview": "En quoi consiste la phase de Reconnaissance de la Cyber Kill Chain ?", "correlation_id": "01KTYB39PQS913Z822RK8QZAST", "level": "info", "timestamp": "2026-06-12T16:37:15.008687Z"}
Authentication error: Langfuse client initialized without public_key. Client will be disabled. Provide a public_key parameter or set LANGFUSE_PUBLIC_KEY environment variable. 
{"prompt_tag": "verify_grounding@v2", "schema": "VerificationResult", "tokens": 1519, "event": "model_call.done", "query_preview": "En quoi consiste la phase de Reconnaissance de la Cyber Kill Chain ?", "correlation_id": "01KTYB39PQS913Z822RK8QZAST", "level": "info", "timestamp": "2026-06-12T16:37:15.491591Z"}
{"node": "assess_relevance", "event": "start", "query_preview": "En quoi consiste la phase de Reconnaissance de la Cyber Kill Chain ?", "correlation_id": "01KTYB39PQS913Z822RK8QZAST", "level": "info", "timestamp": "2026-06-12T16:37:15.492770Z"}
{"prompt_tag": "assess_relevance@v3", "schema": "RelevanceAssessment", "model": "cyankiwi/Qwen3.5-4B-AWQ-4bit", "max_tokens": 1024, "temperature": 0.1, "top_p": 0.8, "presence_penalty": 1.0, "seed": 42, "message_count": 1, "event": "model_call.start", "query_preview": "En quoi consiste la phase de Reconnaissance de la Cyber Kill Chain ?", "correlation_id": "01KTYB39PQS913Z822RK8QZAST", "level": "info", "timestamp": "2026-06-12T16:37:15.493827Z"}
Authentication error: Langfuse client initialized without public_key. Client will be disabled. Provide a public_key parameter or set LANGFUSE_PUBLIC_KEY environment variable. 
{"prompt_tag": "assess_relevance@v3", "schema": "RelevanceAssessment", "tokens": 906, "event": "model_call.done", "query_preview": "En quoi consiste la phase de Reconnaissance de la Cyber Kill Chain ?", "correlation_id": "01KTYB39PQS913Z822RK8QZAST", "level": "info", "timestamp": "2026-06-12T16:37:15.925424Z"}
{"node": "assess_relevance", "responsive": true, "event": "relevance", "query_preview": "En quoi consiste la phase de Reconnaissance de la Cyber Kill Chain ?", "correlation_id": "01KTYB39PQS913Z822RK8QZAST", "level": "info", "timestamp": "2026-06-12T16:37:15.925486Z"}
{"node": "compose", "event": "start", "query_preview": "En quoi consiste la phase de Reconnaissance de la Cyber Kill Chain ?", "correlation_id": "01KTYB39PQS913Z822RK8QZAST", "level": "info", "timestamp": "2026-06-12T16:37:15.927348Z"}
[mini] cr350-xref-02            answered=True base=True ok (16.2s)
Authentication error: Langfuse client initialized without public_key. Client will be disabled. Provide a public_key parameter or set LANGFUSE_PUBLIC_KEY environment variable. 
{"node": "retrieve", "query_len": 64, "event": "start", "query_preview": "Quelle est la couche 4 du mod\u00e8le TCP/IP pr\u00e9sent\u00e9 dans le cours ?", "correlation_id": "01KTYB3SGRY0PRDXGQH1KKAS8N", "level": "info", "timestamp": "2026-06-12T16:37:15.929229Z"}
{"query_len": 64, "k": 50, "event": "hybrid.start", "query_preview": "Quelle est la couche 4 du mod\u00e8le TCP/IP pr\u00e9sent\u00e9 dans le cours ?", "correlation_id": "01KTYB3SGRY0PRDXGQH1KKAS8N", "level": "info", "timestamp": "2026-06-12T16:37:15.929272Z"}
{"query_len": 64, "k": 50, "dense": 50, "bm25": 0, "fused": 50, "term": false, "event": "hybrid.done", "query_preview": "Quelle est la couche 4 du mod\u00e8le TCP/IP pr\u00e9sent\u00e9 dans le cours ?", "correlation_id": "01KTYB3SGRY0PRDXGQH1KKAS8N", "level": "info", "timestamp": "2026-06-12T16:37:15.989241Z"}
{"node": "retrieve", "candidate_count": 50, "event": "done", "query_preview": "Quelle est la couche 4 du mod\u00e8le TCP/IP pr\u00e9sent\u00e9 dans le cours ?", "correlation_id": "01KTYB3SGRY0PRDXGQH1KKAS8N", "level": "info", "timestamp": "2026-06-12T16:37:15.990229Z"}
{"node": "expand_graph", "reason": "disabled_or_empty", "event": "skip", "query_preview": "Quelle est la couche 4 du mod\u00e8le TCP/IP pr\u00e9sent\u00e9 dans le cours ?", "correlation_id": "01KTYB3SGRY0PRDXGQH1KKAS8N", "level": "info", "timestamp": "2026-06-12T16:37:15.991482Z"}
{"node": "rerank", "candidate_count": 50, "event": "start", "query_preview": "Quelle est la couche 4 du mod\u00e8le TCP/IP pr\u00e9sent\u00e9 dans le cours ?", "correlation_id": "01KTYB3SGRY0PRDXGQH1KKAS8N", "level": "info", "timestamp": "2026-06-12T16:37:15.991959Z"}
{"node": "rerank", "top_k": 5, "source": "mode", "event": "top_k_resolved", "query_preview": "Quelle est la couche 4 du mod\u00e8le TCP/IP pr\u00e9sent\u00e9 dans le cours ?", "correlation_id": "01KTYB3SGRY0PRDXGQH1KKAS8N", "level": "info", "timestamp": "2026-06-12T16:37:15.992004Z"}
{"candidates": 50, "top_k": 5, "backend": "cross_encoder", "event": "rerank.start", "query_preview": "Quelle est la couche 4 du mod\u00e8le TCP/IP pr\u00e9sent\u00e9 dans le cours ?", "correlation_id": "01KTYB3SGRY0PRDXGQH1KKAS8N", "level": "info", "timestamp": "2026-06-12T16:37:15.992035Z"}
{"candidates": 50, "top_k": 5, "backend": "cross_encoder", "returned": 5, "event": "rerank.done", "query_preview": "Quelle est la couche 4 du mod\u00e8le TCP/IP pr\u00e9sent\u00e9 dans le cours ?", "correlation_id": "01KTYB3SGRY0PRDXGQH1KKAS8N", "level": "info", "timestamp": "2026-06-12T16:37:32.389003Z"}
{"node": "rerank", "reranked_count": 5, "event": "done", "query_preview": "Quelle est la couche 4 du mod\u00e8le TCP/IP pr\u00e9sent\u00e9 dans le cours ?", "correlation_id": "01KTYB3SGRY0PRDXGQH1KKAS8N", "level": "info", "timestamp": "2026-06-12T16:37:32.389105Z"}
{"node": "query_tables", "reason": "empty_or_not_table_shaped", "event": "skip", "query_preview": "Quelle est la couche 4 du mod\u00e8le TCP/IP pr\u00e9sent\u00e9 dans le cours ?", "correlation_id": "01KTYB3SGRY0PRDXGQH1KKAS8N", "level": "info", "timestamp": "2026-06-12T16:37:32.390852Z"}
{"node": "assess", "reranked_count": 5, "event": "start", "query_preview": "Quelle est la couche 4 du mod\u00e8le TCP/IP pr\u00e9sent\u00e9 dans le cours ?", "correlation_id": "01KTYB3SGRY0PRDXGQH1KKAS8N", "level": "info", "timestamp": "2026-06-12T16:37:32.391712Z"}
{"prompt_tag": "assess_sufficiency@v4", "schema": "SufficiencyAssessment", "model": "cyankiwi/Qwen3.5-4B-AWQ-4bit", "max_tokens": 1024, "temperature": 0.1, "top_p": 0.8, "presence_penalty": 1.0, "seed": 42, "message_count": 1, "event": "model_call.start", "query_preview": "Quelle est la couche 4 du mod\u00e8le TCP/IP pr\u00e9sent\u00e9 dans le cours ?", "correlation_id": "01KTYB3SGRY0PRDXGQH1KKAS8N", "level": "info", "timestamp": "2026-06-12T16:37:32.393516Z"}
Authentication error: Langfuse client initialized without public_key. Client will be disabled. Provide a public_key parameter or set LANGFUSE_PUBLIC_KEY environment variable. 
{"prompt_tag": "assess_sufficiency@v4", "schema": "SufficiencyAssessment", "tokens": 1633, "event": "model_call.done", "query_preview": "Quelle est la couche 4 du mod\u00e8le TCP/IP pr\u00e9sent\u00e9 dans le cours ?", "correlation_id": "01KTYB3SGRY0PRDXGQH1KKAS8N", "level": "info", "timestamp": "2026-06-12T16:37:33.095219Z"}
{"node": "answer", "regenerate_attempt": 0, "event": "start", "query_preview": "Quelle est la couche 4 du mod\u00e8le TCP/IP pr\u00e9sent\u00e9 dans le cours ?", "correlation_id": "01KTYB3SGRY0PRDXGQH1KKAS8N", "level": "info", "timestamp": "2026-06-12T16:37:33.096546Z"}
{"prompt_tag": "answer@v5", "schema": "DraftAnswer", "model": "cyankiwi/Qwen3.5-4B-AWQ-4bit", "max_tokens": 1800, "temperature": 0.1, "top_p": 0.8, "presence_penalty": 1.0, "seed": 42, "message_count": 2, "event": "model_call.start", "query_preview": "Quelle est la couche 4 du mod\u00e8le TCP/IP pr\u00e9sent\u00e9 dans le cours ?", "correlation_id": "01KTYB3SGRY0PRDXGQH1KKAS8N", "level": "info", "timestamp": "2026-06-12T16:37:33.098789Z"}
Authentication error: Langfuse client initialized without public_key. Client will be disabled. Provide a public_key parameter or set LANGFUSE_PUBLIC_KEY environment variable. 
{"prompt_tag": "answer@v5", "schema": "DraftAnswer", "tokens": 3271, "event": "model_call.done", "query_preview": "Quelle est la couche 4 du mod\u00e8le TCP/IP pr\u00e9sent\u00e9 dans le cours ?", "correlation_id": "01KTYB3SGRY0PRDXGQH1KKAS8N", "level": "info", "timestamp": "2026-06-12T16:37:34.580025Z"}
{"node": "answer", "exact": 0, "suffix": 0, "fuzzy": 1, "unresolved": 0, "event": "chunk_id_repair", "query_preview": "Quelle est la couche 4 du mod\u00e8le TCP/IP pr\u00e9sent\u00e9 dans le cours ?", "correlation_id": "01KTYB3SGRY0PRDXGQH1KKAS8N", "level": "info", "timestamp": "2026-06-12T16:37:34.580206Z"}
{"node": "verify", "claim_count": 1, "event": "start", "query_preview": "Quelle est la couche 4 du mod\u00e8le TCP/IP pr\u00e9sent\u00e9 dans le cours ?", "correlation_id": "01KTYB3SGRY0PRDXGQH1KKAS8N", "level": "info", "timestamp": "2026-06-12T16:37:34.581054Z"}
{"prompt_tag": "verify_grounding@v2", "schema": "VerificationResult", "model": "cyankiwi/Qwen3.5-4B-AWQ-4bit", "max_tokens": 1024, "temperature": 0.1, "top_p": 0.8, "presence_penalty": 1.0, "seed": 42, "message_count": 1, "event": "model_call.start", "query_preview": "Quelle est la couche 4 du mod\u00e8le TCP/IP pr\u00e9sent\u00e9 dans le cours ?", "correlation_id": "01KTYB3SGRY0PRDXGQH1KKAS8N", "level": "info", "timestamp": "2026-06-12T16:37:34.584053Z"}
Authentication error: Langfuse client initialized without public_key. Client will be disabled. Provide a public_key parameter or set LANGFUSE_PUBLIC_KEY environment variable. 
{"prompt_tag": "verify_grounding@v2", "schema": "VerificationResult", "tokens": 1549, "event": "model_call.done", "query_preview": "Quelle est la couche 4 du mod\u00e8le TCP/IP pr\u00e9sent\u00e9 dans le cours ?", "correlation_id": "01KTYB3SGRY0PRDXGQH1KKAS8N", "level": "info", "timestamp": "2026-06-12T16:37:35.071528Z"}
{"node": "assess_relevance", "event": "start", "query_preview": "Quelle est la couche 4 du mod\u00e8le TCP/IP pr\u00e9sent\u00e9 dans le cours ?", "correlation_id": "01KTYB3SGRY0PRDXGQH1KKAS8N", "level": "info", "timestamp": "2026-06-12T16:37:35.072779Z"}
{"prompt_tag": "assess_relevance@v3", "schema": "RelevanceAssessment", "model": "cyankiwi/Qwen3.5-4B-AWQ-4bit", "max_tokens": 1024, "temperature": 0.1, "top_p": 0.8, "presence_penalty": 1.0, "seed": 42, "message_count": 1, "event": "model_call.start", "query_preview": "Quelle est la couche 4 du mod\u00e8le TCP/IP pr\u00e9sent\u00e9 dans le cours ?", "correlation_id": "01KTYB3SGRY0PRDXGQH1KKAS8N", "level": "info", "timestamp": "2026-06-12T16:37:35.073783Z"}
Authentication error: Langfuse client initialized without public_key. Client will be disabled. Provide a public_key parameter or set LANGFUSE_PUBLIC_KEY environment variable. 
{"prompt_tag": "assess_relevance@v3", "schema": "RelevanceAssessment", "tokens": 834, "event": "model_call.done", "query_preview": "Quelle est la couche 4 du mod\u00e8le TCP/IP pr\u00e9sent\u00e9 dans le cours ?", "correlation_id": "01KTYB3SGRY0PRDXGQH1KKAS8N", "level": "info", "timestamp": "2026-06-12T16:37:35.490253Z"}
{"node": "assess_relevance", "responsive": true, "event": "relevance", "query_preview": "Quelle est la couche 4 du mod\u00e8le TCP/IP pr\u00e9sent\u00e9 dans le cours ?", "correlation_id": "01KTYB3SGRY0PRDXGQH1KKAS8N", "level": "info", "timestamp": "2026-06-12T16:37:35.490326Z"}
{"node": "compose", "event": "start", "query_preview": "Quelle est la couche 4 du mod\u00e8le TCP/IP pr\u00e9sent\u00e9 dans le cours ?", "correlation_id": "01KTYB3SGRY0PRDXGQH1KKAS8N", "level": "info", "timestamp": "2026-06-12T16:37:35.492253Z"}
[mini] cr350-xref-03            answered=True base=True ok (19.6s)
Authentication error: Langfuse client initialized without public_key. Client will be disabled. Provide a public_key parameter or set LANGFUSE_PUBLIC_KEY environment variable. 
{"node": "retrieve", "query_len": 71, "event": "start", "query_preview": "Qu'est-ce qu'un pare-feu \u00e0 inspection avec \u00e9tat (stateful inspection) ?", "correlation_id": "01KTYB4CM511DCS64NDC54JK9C", "level": "info", "timestamp": "2026-06-12T16:37:35.494051Z"}
{"query_len": 71, "k": 50, "event": "hybrid.start", "query_preview": "Qu'est-ce qu'un pare-feu \u00e0 inspection avec \u00e9tat (stateful inspection) ?", "correlation_id": "01KTYB4CM511DCS64NDC54JK9C", "level": "info", "timestamp": "2026-06-12T16:37:35.494093Z"}
{"query_len": 71, "k": 50, "dense": 50, "bm25": 0, "fused": 50, "term": false, "event": "hybrid.done", "query_preview": "Qu'est-ce qu'un pare-feu \u00e0 inspection avec \u00e9tat (stateful inspection) ?", "correlation_id": "01KTYB4CM511DCS64NDC54JK9C", "level": "info", "timestamp": "2026-06-12T16:37:35.558194Z"}
{"node": "retrieve", "candidate_count": 50, "event": "done", "query_preview": "Qu'est-ce qu'un pare-feu \u00e0 inspection avec \u00e9tat (stateful inspection) ?", "correlation_id": "01KTYB4CM511DCS64NDC54JK9C", "level": "info", "timestamp": "2026-06-12T16:37:35.559230Z"}
{"node": "expand_graph", "reason": "disabled_or_empty", "event": "skip", "query_preview": "Qu'est-ce qu'un pare-feu \u00e0 inspection avec \u00e9tat (stateful inspection) ?", "correlation_id": "01KTYB4CM511DCS64NDC54JK9C", "level": "info", "timestamp": "2026-06-12T16:37:35.560585Z"}
{"node": "rerank", "candidate_count": 50, "event": "start", "query_preview": "Qu'est-ce qu'un pare-feu \u00e0 inspection avec \u00e9tat (stateful inspection) ?", "correlation_id": "01KTYB4CM511DCS64NDC54JK9C", "level": "info", "timestamp": "2026-06-12T16:37:35.561137Z"}
{"node": "rerank", "top_k": 5, "source": "mode", "event": "top_k_resolved", "query_preview": "Qu'est-ce qu'un pare-feu \u00e0 inspection avec \u00e9tat (stateful inspection) ?", "correlation_id": "01KTYB4CM511DCS64NDC54JK9C", "level": "info", "timestamp": "2026-06-12T16:37:35.561189Z"}
{"candidates": 50, "top_k": 5, "backend": "cross_encoder", "event": "rerank.start", "query_preview": "Qu'est-ce qu'un pare-feu \u00e0 inspection avec \u00e9tat (stateful inspection) ?", "correlation_id": "01KTYB4CM511DCS64NDC54JK9C", "level": "info", "timestamp": "2026-06-12T16:37:35.561213Z"}
{"candidates": 50, "top_k": 5, "backend": "cross_encoder", "returned": 5, "event": "rerank.done", "query_preview": "Qu'est-ce qu'un pare-feu \u00e0 inspection avec \u00e9tat (stateful inspection) ?", "correlation_id": "01KTYB4CM511DCS64NDC54JK9C", "level": "info", "timestamp": "2026-06-12T16:37:54.383854Z"}
{"node": "rerank", "reranked_count": 5, "event": "done", "query_preview": "Qu'est-ce qu'un pare-feu \u00e0 inspection avec \u00e9tat (stateful inspection) ?", "correlation_id": "01KTYB4CM511DCS64NDC54JK9C", "level": "info", "timestamp": "2026-06-12T16:37:54.383958Z"}
{"node": "query_tables", "reason": "empty_or_not_table_shaped", "event": "skip", "query_preview": "Qu'est-ce qu'un pare-feu \u00e0 inspection avec \u00e9tat (stateful inspection) ?", "correlation_id": "01KTYB4CM511DCS64NDC54JK9C", "level": "info", "timestamp": "2026-06-12T16:37:54.386209Z"}
{"node": "assess", "reranked_count": 5, "event": "start", "query_preview": "Qu'est-ce qu'un pare-feu \u00e0 inspection avec \u00e9tat (stateful inspection) ?", "correlation_id": "01KTYB4CM511DCS64NDC54JK9C", "level": "info", "timestamp": "2026-06-12T16:37:54.386997Z"}
{"prompt_tag": "assess_sufficiency@v4", "schema": "SufficiencyAssessment", "model": "cyankiwi/Qwen3.5-4B-AWQ-4bit", "max_tokens": 1024, "temperature": 0.1, "top_p": 0.8, "presence_penalty": 1.0, "seed": 42, "message_count": 1, "event": "model_call.start", "query_preview": "Qu'est-ce qu'un pare-feu \u00e0 inspection avec \u00e9tat (stateful inspection) ?", "correlation_id": "01KTYB4CM511DCS64NDC54JK9C", "level": "info", "timestamp": "2026-06-12T16:37:54.388999Z"}
Authentication error: Langfuse client initialized without public_key. Client will be disabled. Provide a public_key parameter or set LANGFUSE_PUBLIC_KEY environment variable. 
{"prompt_tag": "assess_sufficiency@v4", "schema": "SufficiencyAssessment", "tokens": 1596, "event": "model_call.done", "query_preview": "Qu'est-ce qu'un pare-feu \u00e0 inspection avec \u00e9tat (stateful inspection) ?", "correlation_id": "01KTYB4CM511DCS64NDC54JK9C", "level": "info", "timestamp": "2026-06-12T16:37:55.189041Z"}
{"node": "answer", "regenerate_attempt": 0, "event": "start", "query_preview": "Qu'est-ce qu'un pare-feu \u00e0 inspection avec \u00e9tat (stateful inspection) ?", "correlation_id": "01KTYB4CM511DCS64NDC54JK9C", "level": "info", "timestamp": "2026-06-12T16:37:55.190347Z"}
{"prompt_tag": "answer@v5", "schema": "DraftAnswer", "model": "cyankiwi/Qwen3.5-4B-AWQ-4bit", "max_tokens": 1800, "temperature": 0.1, "top_p": 0.8, "presence_penalty": 1.0, "seed": 42, "message_count": 2, "event": "model_call.start", "query_preview": "Qu'est-ce qu'un pare-feu \u00e0 inspection avec \u00e9tat (stateful inspection) ?", "correlation_id": "01KTYB4CM511DCS64NDC54JK9C", "level": "info", "timestamp": "2026-06-12T16:37:55.192315Z"}
Authentication error: Langfuse client initialized without public_key. Client will be disabled. Provide a public_key parameter or set LANGFUSE_PUBLIC_KEY environment variable. 
{"prompt_tag": "answer@v5", "schema": "DraftAnswer", "tokens": 3459, "event": "model_call.done", "query_preview": "Qu'est-ce qu'un pare-feu \u00e0 inspection avec \u00e9tat (stateful inspection) ?", "correlation_id": "01KTYB4CM511DCS64NDC54JK9C", "level": "info", "timestamp": "2026-06-12T16:37:59.145635Z"}
{"node": "verify", "claim_count": 2, "event": "start", "query_preview": "Qu'est-ce qu'un pare-feu \u00e0 inspection avec \u00e9tat (stateful inspection) ?", "correlation_id": "01KTYB4CM511DCS64NDC54JK9C", "level": "info", "timestamp": "2026-06-12T16:37:59.146474Z"}
{"prompt_tag": "verify_grounding@v2", "schema": "VerificationResult", "model": "cyankiwi/Qwen3.5-4B-AWQ-4bit", "max_tokens": 1024, "temperature": 0.1, "top_p": 0.8, "presence_penalty": 1.0, "seed": 42, "message_count": 1, "event": "model_call.start", "query_preview": "Qu'est-ce qu'un pare-feu \u00e0 inspection avec \u00e9tat (stateful inspection) ?", "correlation_id": "01KTYB4CM511DCS64NDC54JK9C", "level": "info", "timestamp": "2026-06-12T16:37:59.149612Z"}
Authentication error: Langfuse client initialized without public_key. Client will be disabled. Provide a public_key parameter or set LANGFUSE_PUBLIC_KEY environment variable. 
{"prompt_tag": "verify_grounding@v2", "schema": "VerificationResult", "tokens": 1527, "event": "model_call.done", "query_preview": "Qu'est-ce qu'un pare-feu \u00e0 inspection avec \u00e9tat (stateful inspection) ?", "correlation_id": "01KTYB4CM511DCS64NDC54JK9C", "level": "info", "timestamp": "2026-06-12T16:37:59.666244Z"}
{"node": "assess_relevance", "event": "start", "query_preview": "Qu'est-ce qu'un pare-feu \u00e0 inspection avec \u00e9tat (stateful inspection) ?", "correlation_id": "01KTYB4CM511DCS64NDC54JK9C", "level": "info", "timestamp": "2026-06-12T16:37:59.667507Z"}
{"prompt_tag": "assess_relevance@v3", "schema": "RelevanceAssessment", "model": "cyankiwi/Qwen3.5-4B-AWQ-4bit", "max_tokens": 1024, "temperature": 0.1, "top_p": 0.8, "presence_penalty": 1.0, "seed": 42, "message_count": 1, "event": "model_call.start", "query_preview": "Qu'est-ce qu'un pare-feu \u00e0 inspection avec \u00e9tat (stateful inspection) ?", "correlation_id": "01KTYB4CM511DCS64NDC54JK9C", "level": "info", "timestamp": "2026-06-12T16:37:59.668856Z"}
Authentication error: Langfuse client initialized without public_key. Client will be disabled. Provide a public_key parameter or set LANGFUSE_PUBLIC_KEY environment variable. 
{"prompt_tag": "assess_relevance@v3", "schema": "RelevanceAssessment", "tokens": 999, "event": "model_call.done", "query_preview": "Qu'est-ce qu'un pare-feu \u00e0 inspection avec \u00e9tat (stateful inspection) ?", "correlation_id": "01KTYB4CM511DCS64NDC54JK9C", "level": "info", "timestamp": "2026-06-12T16:38:00.094840Z"}
{"node": "assess_relevance", "responsive": true, "event": "relevance", "query_preview": "Qu'est-ce qu'un pare-feu \u00e0 inspection avec \u00e9tat (stateful inspection) ?", "correlation_id": "01KTYB4CM511DCS64NDC54JK9C", "level": "info", "timestamp": "2026-06-12T16:38:00.094912Z"}
{"node": "compose", "event": "start", "query_preview": "Qu'est-ce qu'un pare-feu \u00e0 inspection avec \u00e9tat (stateful inspection) ?", "correlation_id": "01KTYB4CM511DCS64NDC54JK9C", "level": "info", "timestamp": "2026-06-12T16:38:00.096296Z"}
[mini] cr350-xref-04            answered=True base=True ok (24.6s)
Authentication error: Langfuse client initialized without public_key. Client will be disabled. Provide a public_key parameter or set LANGFUSE_PUBLIC_KEY environment variable. 
{"node": "retrieve", "query_len": 63, "event": "start", "query_preview": "Quelle est la diff\u00e9rence entre un r\u00e9seau LAN et un r\u00e9seau WAN ?", "correlation_id": "01KTYB54N123B8ZMACPPHCX5XA", "level": "info", "timestamp": "2026-06-12T16:38:00.098492Z"}
{"query_len": 63, "k": 50, "event": "hybrid.start", "query_preview": "Quelle est la diff\u00e9rence entre un r\u00e9seau LAN et un r\u00e9seau WAN ?", "correlation_id": "01KTYB54N123B8ZMACPPHCX5XA", "level": "info", "timestamp": "2026-06-12T16:38:00.098544Z"}
{"query_len": 63, "k": 50, "dense": 50, "bm25": 0, "fused": 50, "term": false, "event": "hybrid.done", "query_preview": "Quelle est la diff\u00e9rence entre un r\u00e9seau LAN et un r\u00e9seau WAN ?", "correlation_id": "01KTYB54N123B8ZMACPPHCX5XA", "level": "info", "timestamp": "2026-06-12T16:38:00.167711Z"}
{"node": "retrieve", "candidate_count": 50, "event": "done", "query_preview": "Quelle est la diff\u00e9rence entre un r\u00e9seau LAN et un r\u00e9seau WAN ?", "correlation_id": "01KTYB54N123B8ZMACPPHCX5XA", "level": "info", "timestamp": "2026-06-12T16:38:00.168591Z"}
{"node": "expand_graph", "reason": "disabled_or_empty", "event": "skip", "query_preview": "Quelle est la diff\u00e9rence entre un r\u00e9seau LAN et un r\u00e9seau WAN ?", "correlation_id": "01KTYB54N123B8ZMACPPHCX5XA", "level": "info", "timestamp": "2026-06-12T16:38:00.169854Z"}
{"node": "rerank", "candidate_count": 50, "event": "start", "query_preview": "Quelle est la diff\u00e9rence entre un r\u00e9seau LAN et un r\u00e9seau WAN ?", "correlation_id": "01KTYB54N123B8ZMACPPHCX5XA", "level": "info", "timestamp": "2026-06-12T16:38:00.170338Z"}
{"node": "rerank", "top_k": 5, "source": "mode", "event": "top_k_resolved", "query_preview": "Quelle est la diff\u00e9rence entre un r\u00e9seau LAN et un r\u00e9seau WAN ?", "correlation_id": "01KTYB54N123B8ZMACPPHCX5XA", "level": "info", "timestamp": "2026-06-12T16:38:00.170389Z"}
{"candidates": 50, "top_k": 5, "backend": "cross_encoder", "event": "rerank.start", "query_preview": "Quelle est la diff\u00e9rence entre un r\u00e9seau LAN et un r\u00e9seau WAN ?", "correlation_id": "01KTYB54N123B8ZMACPPHCX5XA", "level": "info", "timestamp": "2026-06-12T16:38:00.170412Z"}
{"candidates": 50, "top_k": 5, "backend": "cross_encoder", "returned": 5, "event": "rerank.done", "query_preview": "Quelle est la diff\u00e9rence entre un r\u00e9seau LAN et un r\u00e9seau WAN ?", "correlation_id": "01KTYB54N123B8ZMACPPHCX5XA", "level": "info", "timestamp": "2026-06-12T16:38:19.821189Z"}
{"node": "rerank", "reranked_count": 5, "event": "done", "query_preview": "Quelle est la diff\u00e9rence entre un r\u00e9seau LAN et un r\u00e9seau WAN ?", "correlation_id": "01KTYB54N123B8ZMACPPHCX5XA", "level": "info", "timestamp": "2026-06-12T16:38:19.821290Z"}
{"node": "query_tables", "reason": "empty_or_not_table_shaped", "event": "skip", "query_preview": "Quelle est la diff\u00e9rence entre un r\u00e9seau LAN et un r\u00e9seau WAN ?", "correlation_id": "01KTYB54N123B8ZMACPPHCX5XA", "level": "info", "timestamp": "2026-06-12T16:38:19.823065Z"}
{"node": "assess", "reranked_count": 5, "event": "start", "query_preview": "Quelle est la diff\u00e9rence entre un r\u00e9seau LAN et un r\u00e9seau WAN ?", "correlation_id": "01KTYB54N123B8ZMACPPHCX5XA", "level": "info", "timestamp": "2026-06-12T16:38:19.823770Z"}
{"prompt_tag": "assess_sufficiency@v4", "schema": "SufficiencyAssessment", "model": "cyankiwi/Qwen3.5-4B-AWQ-4bit", "max_tokens": 1024, "temperature": 0.1, "top_p": 0.8, "presence_penalty": 1.0, "seed": 42, "message_count": 1, "event": "model_call.start", "query_preview": "Quelle est la diff\u00e9rence entre un r\u00e9seau LAN et un r\u00e9seau WAN ?", "correlation_id": "01KTYB54N123B8ZMACPPHCX5XA", "level": "info", "timestamp": "2026-06-12T16:38:19.825625Z"}
Authentication error: Langfuse client initialized without public_key. Client will be disabled. Provide a public_key parameter or set LANGFUSE_PUBLIC_KEY environment variable. 
{"prompt_tag": "assess_sufficiency@v4", "schema": "SufficiencyAssessment", "tokens": 1494, "event": "model_call.done", "query_preview": "Quelle est la diff\u00e9rence entre un r\u00e9seau LAN et un r\u00e9seau WAN ?", "correlation_id": "01KTYB54N123B8ZMACPPHCX5XA", "level": "info", "timestamp": "2026-06-12T16:38:20.566356Z"}
{"node": "answer", "regenerate_attempt": 0, "event": "start", "query_preview": "Quelle est la diff\u00e9rence entre un r\u00e9seau LAN et un r\u00e9seau WAN ?", "correlation_id": "01KTYB54N123B8ZMACPPHCX5XA", "level": "info", "timestamp": "2026-06-12T16:38:20.567454Z"}
{"prompt_tag": "answer@v5", "schema": "DraftAnswer", "model": "cyankiwi/Qwen3.5-4B-AWQ-4bit", "max_tokens": 1800, "temperature": 0.1, "top_p": 0.8, "presence_penalty": 1.0, "seed": 42, "message_count": 2, "event": "model_call.start", "query_preview": "Quelle est la diff\u00e9rence entre un r\u00e9seau LAN et un r\u00e9seau WAN ?", "correlation_id": "01KTYB54N123B8ZMACPPHCX5XA", "level": "info", "timestamp": "2026-06-12T16:38:20.569411Z"}
Authentication error: Langfuse client initialized without public_key. Client will be disabled. Provide a public_key parameter or set LANGFUSE_PUBLIC_KEY environment variable. 
{"prompt_tag": "answer@v5", "schema": "DraftAnswer", "tokens": 3388, "event": "model_call.done", "query_preview": "Quelle est la diff\u00e9rence entre un r\u00e9seau LAN et un r\u00e9seau WAN ?", "correlation_id": "01KTYB54N123B8ZMACPPHCX5XA", "level": "info", "timestamp": "2026-06-12T16:38:24.778945Z"}
{"node": "verify", "claim_count": 4, "event": "start", "query_preview": "Quelle est la diff\u00e9rence entre un r\u00e9seau LAN et un r\u00e9seau WAN ?", "correlation_id": "01KTYB54N123B8ZMACPPHCX5XA", "level": "info", "timestamp": "2026-06-12T16:38:24.779862Z"}
{"prompt_tag": "verify_grounding@v2", "schema": "VerificationResult", "model": "cyankiwi/Qwen3.5-4B-AWQ-4bit", "max_tokens": 1024, "temperature": 0.1, "top_p": 0.8, "presence_penalty": 1.0, "seed": 42, "message_count": 1, "event": "model_call.start", "query_preview": "Quelle est la diff\u00e9rence entre un r\u00e9seau LAN et un r\u00e9seau WAN ?", "correlation_id": "01KTYB54N123B8ZMACPPHCX5XA", "level": "info", "timestamp": "2026-06-12T16:38:24.783006Z"}
Authentication error: Langfuse client initialized without public_key. Client will be disabled. Provide a public_key parameter or set LANGFUSE_PUBLIC_KEY environment variable. 
{"prompt_tag": "verify_grounding@v2", "schema": "VerificationResult", "tokens": 1373, "event": "model_call.done", "query_preview": "Quelle est la diff\u00e9rence entre un r\u00e9seau LAN et un r\u00e9seau WAN ?", "correlation_id": "01KTYB54N123B8ZMACPPHCX5XA", "level": "info", "timestamp": "2026-06-12T16:38:25.333317Z"}
{"node": "assess_relevance", "event": "start", "query_preview": "Quelle est la diff\u00e9rence entre un r\u00e9seau LAN et un r\u00e9seau WAN ?", "correlation_id": "01KTYB54N123B8ZMACPPHCX5XA", "level": "info", "timestamp": "2026-06-12T16:38:25.334469Z"}
{"prompt_tag": "assess_relevance@v3", "schema": "RelevanceAssessment", "model": "cyankiwi/Qwen3.5-4B-AWQ-4bit", "max_tokens": 1024, "temperature": 0.1, "top_p": 0.8, "presence_penalty": 1.0, "seed": 42, "message_count": 1, "event": "model_call.start", "query_preview": "Quelle est la diff\u00e9rence entre un r\u00e9seau LAN et un r\u00e9seau WAN ?", "correlation_id": "01KTYB54N123B8ZMACPPHCX5XA", "level": "info", "timestamp": "2026-06-12T16:38:25.335474Z"}
Authentication error: Langfuse client initialized without public_key. Client will be disabled. Provide a public_key parameter or set LANGFUSE_PUBLIC_KEY environment variable. 
{"prompt_tag": "assess_relevance@v3", "schema": "RelevanceAssessment", "tokens": 925, "event": "model_call.done", "query_preview": "Quelle est la diff\u00e9rence entre un r\u00e9seau LAN et un r\u00e9seau WAN ?", "correlation_id": "01KTYB54N123B8ZMACPPHCX5XA", "level": "info", "timestamp": "2026-06-12T16:38:25.844150Z"}
{"node": "assess_relevance", "responsive": true, "event": "relevance", "query_preview": "Quelle est la diff\u00e9rence entre un r\u00e9seau LAN et un r\u00e9seau WAN ?", "correlation_id": "01KTYB54N123B8ZMACPPHCX5XA", "level": "info", "timestamp": "2026-06-12T16:38:25.844222Z"}
{"node": "compose", "event": "start", "query_preview": "Quelle est la diff\u00e9rence entre un r\u00e9seau LAN et un r\u00e9seau WAN ?", "correlation_id": "01KTYB54N123B8ZMACPPHCX5XA", "level": "info", "timestamp": "2026-06-12T16:38:25.845383Z"}
[mini] cr350-xref-05            answered=True base=True ok (25.7s)
Authentication error: Langfuse client initialized without public_key. Client will be disabled. Provide a public_key parameter or set LANGFUSE_PUBLIC_KEY environment variable. 
{"node": "retrieve", "query_len": 117, "event": "start", "query_preview": "According to the developer guidelines, what must every custom exception inherit ", "correlation_id": "01KTYB5XSPP8J0QPN2X8FX8G7H", "level": "info", "timestamp": "2026-06-12T16:38:25.847118Z"}
{"query_len": 117, "k": 50, "event": "hybrid.start", "query_preview": "According to the developer guidelines, what must every custom exception inherit ", "correlation_id": "01KTYB5XSPP8J0QPN2X8FX8G7H", "level": "info", "timestamp": "2026-06-12T16:38:25.847155Z"}
{"query_len": 117, "k": 50, "dense": 50, "bm25": 0, "fused": 50, "term": false, "event": "hybrid.done", "query_preview": "According to the developer guidelines, what must every custom exception inherit ", "correlation_id": "01KTYB5XSPP8J0QPN2X8FX8G7H", "level": "info", "timestamp": "2026-06-12T16:38:25.916660Z"}
{"node": "retrieve", "candidate_count": 50, "event": "done", "query_preview": "According to the developer guidelines, what must every custom exception inherit ", "correlation_id": "01KTYB5XSPP8J0QPN2X8FX8G7H", "level": "info", "timestamp": "2026-06-12T16:38:25.917607Z"}
{"node": "expand_graph", "reason": "disabled_or_empty", "event": "skip", "query_preview": "According to the developer guidelines, what must every custom exception inherit ", "correlation_id": "01KTYB5XSPP8J0QPN2X8FX8G7H", "level": "info", "timestamp": "2026-06-12T16:38:25.919135Z"}
{"node": "rerank", "candidate_count": 50, "event": "start", "query_preview": "According to the developer guidelines, what must every custom exception inherit ", "correlation_id": "01KTYB5XSPP8J0QPN2X8FX8G7H", "level": "info", "timestamp": "2026-06-12T16:38:25.919630Z"}
{"node": "rerank", "top_k": 5, "source": "mode", "event": "top_k_resolved", "query_preview": "According to the developer guidelines, what must every custom exception inherit ", "correlation_id": "01KTYB5XSPP8J0QPN2X8FX8G7H", "level": "info", "timestamp": "2026-06-12T16:38:25.919678Z"}
{"candidates": 50, "top_k": 5, "backend": "cross_encoder", "event": "rerank.start", "query_preview": "According to the developer guidelines, what must every custom exception inherit ", "correlation_id": "01KTYB5XSPP8J0QPN2X8FX8G7H", "level": "info", "timestamp": "2026-06-12T16:38:25.919702Z"}
{"candidates": 50, "top_k": 5, "backend": "cross_encoder", "returned": 5, "event": "rerank.done", "query_preview": "According to the developer guidelines, what must every custom exception inherit ", "correlation_id": "01KTYB5XSPP8J0QPN2X8FX8G7H", "level": "info", "timestamp": "2026-06-12T16:38:43.508750Z"}
{"node": "rerank", "reranked_count": 5, "event": "done", "query_preview": "According to the developer guidelines, what must every custom exception inherit ", "correlation_id": "01KTYB5XSPP8J0QPN2X8FX8G7H", "level": "info", "timestamp": "2026-06-12T16:38:43.508855Z"}
{"node": "query_tables", "reason": "empty_or_not_table_shaped", "event": "skip", "query_preview": "According to the developer guidelines, what must every custom exception inherit ", "correlation_id": "01KTYB5XSPP8J0QPN2X8FX8G7H", "level": "info", "timestamp": "2026-06-12T16:38:43.510904Z"}
{"node": "assess", "reranked_count": 5, "event": "start", "query_preview": "According to the developer guidelines, what must every custom exception inherit ", "correlation_id": "01KTYB5XSPP8J0QPN2X8FX8G7H", "level": "info", "timestamp": "2026-06-12T16:38:43.511776Z"}
{"prompt_tag": "assess_sufficiency@v4", "schema": "SufficiencyAssessment", "model": "cyankiwi/Qwen3.5-4B-AWQ-4bit", "max_tokens": 1024, "temperature": 0.1, "top_p": 0.8, "presence_penalty": 1.0, "seed": 42, "message_count": 1, "event": "model_call.start", "query_preview": "According to the developer guidelines, what must every custom exception inherit ", "correlation_id": "01KTYB5XSPP8J0QPN2X8FX8G7H", "level": "info", "timestamp": "2026-06-12T16:38:43.514004Z"}
Authentication error: Langfuse client initialized without public_key. Client will be disabled. Provide a public_key parameter or set LANGFUSE_PUBLIC_KEY environment variable. 
{"prompt_tag": "assess_sufficiency@v4", "schema": "SufficiencyAssessment", "tokens": 2010, "event": "model_call.done", "query_preview": "According to the developer guidelines, what must every custom exception inherit ", "correlation_id": "01KTYB5XSPP8J0QPN2X8FX8G7H", "level": "info", "timestamp": "2026-06-12T16:38:44.530342Z"}
{"node": "answer", "regenerate_attempt": 0, "event": "start", "query_preview": "According to the developer guidelines, what must every custom exception inherit ", "correlation_id": "01KTYB5XSPP8J0QPN2X8FX8G7H", "level": "info", "timestamp": "2026-06-12T16:38:44.531838Z"}
{"prompt_tag": "answer@v5", "schema": "DraftAnswer", "model": "cyankiwi/Qwen3.5-4B-AWQ-4bit", "max_tokens": 1800, "temperature": 0.1, "top_p": 0.8, "presence_penalty": 1.0, "seed": 42, "message_count": 2, "event": "model_call.start", "query_preview": "According to the developer guidelines, what must every custom exception inherit ", "correlation_id": "01KTYB5XSPP8J0QPN2X8FX8G7H", "level": "info", "timestamp": "2026-06-12T16:38:44.534688Z"}
Authentication error: Langfuse client initialized without public_key. Client will be disabled. Provide a public_key parameter or set LANGFUSE_PUBLIC_KEY environment variable. 
{"prompt_tag": "answer@v5", "schema": "DraftAnswer", "tokens": 3617, "event": "model_call.done", "query_preview": "According to the developer guidelines, what must every custom exception inherit ", "correlation_id": "01KTYB5XSPP8J0QPN2X8FX8G7H", "level": "info", "timestamp": "2026-06-12T16:38:46.008898Z"}
{"node": "verify", "claim_count": 1, "event": "start", "query_preview": "According to the developer guidelines, what must every custom exception inherit ", "correlation_id": "01KTYB5XSPP8J0QPN2X8FX8G7H", "level": "info", "timestamp": "2026-06-12T16:38:46.009975Z"}
{"prompt_tag": "verify_grounding@v2", "schema": "VerificationResult", "model": "cyankiwi/Qwen3.5-4B-AWQ-4bit", "max_tokens": 1024, "temperature": 0.1, "top_p": 0.8, "presence_penalty": 1.0, "seed": 42, "message_count": 1, "event": "model_call.start", "query_preview": "According to the developer guidelines, what must every custom exception inherit ", "correlation_id": "01KTYB5XSPP8J0QPN2X8FX8G7H", "level": "info", "timestamp": "2026-06-12T16:38:46.014331Z"}
Authentication error: Langfuse client initialized without public_key. Client will be disabled. Provide a public_key parameter or set LANGFUSE_PUBLIC_KEY environment variable. 
{"prompt_tag": "verify_grounding@v2", "schema": "VerificationResult", "tokens": 1892, "event": "model_call.done", "query_preview": "According to the developer guidelines, what must every custom exception inherit ", "correlation_id": "01KTYB5XSPP8J0QPN2X8FX8G7H", "level": "info", "timestamp": "2026-06-12T16:38:46.573697Z"}
{"node": "assess_relevance", "event": "start", "query_preview": "According to the developer guidelines, what must every custom exception inherit ", "correlation_id": "01KTYB5XSPP8J0QPN2X8FX8G7H", "level": "info", "timestamp": "2026-06-12T16:38:46.575248Z"}
{"prompt_tag": "assess_relevance@v3", "schema": "RelevanceAssessment", "model": "cyankiwi/Qwen3.5-4B-AWQ-4bit", "max_tokens": 1024, "temperature": 0.1, "top_p": 0.8, "presence_penalty": 1.0, "seed": 42, "message_count": 1, "event": "model_call.start", "query_preview": "According to the developer guidelines, what must every custom exception inherit ", "correlation_id": "01KTYB5XSPP8J0QPN2X8FX8G7H", "level": "info", "timestamp": "2026-06-12T16:38:46.576850Z"}
Authentication error: Langfuse client initialized without public_key. Client will be disabled. Provide a public_key parameter or set LANGFUSE_PUBLIC_KEY environment variable. 
{"prompt_tag": "assess_relevance@v3", "schema": "RelevanceAssessment", "tokens": 837, "event": "model_call.done", "query_preview": "According to the developer guidelines, what must every custom exception inherit ", "correlation_id": "01KTYB5XSPP8J0QPN2X8FX8G7H", "level": "info", "timestamp": "2026-06-12T16:38:46.973702Z"}
{"node": "assess_relevance", "responsive": true, "event": "relevance", "query_preview": "According to the developer guidelines, what must every custom exception inherit ", "correlation_id": "01KTYB5XSPP8J0QPN2X8FX8G7H", "level": "info", "timestamp": "2026-06-12T16:38:46.973774Z"}
{"node": "compose", "event": "start", "query_preview": "According to the developer guidelines, what must every custom exception inherit ", "correlation_id": "01KTYB5XSPP8J0QPN2X8FX8G7H", "level": "info", "timestamp": "2026-06-12T16:38:46.975841Z"}
[mini] technical-guidelines-01  answered=True base=True ok (21.1s)
Authentication error: Langfuse client initialized without public_key. Client will be disabled. Provide a public_key parameter or set LANGFUSE_PUBLIC_KEY environment variable. 
{"node": "retrieve", "query_len": 73, "event": "start", "query_preview": "What is the guidelines' rule about passing data across module boundaries?", "correlation_id": "01KTYB6JE0PSBNM118222QK3K6", "level": "info", "timestamp": "2026-06-12T16:38:46.977989Z"}
{"query_len": 73, "k": 50, "event": "hybrid.start", "query_preview": "What is the guidelines' rule about passing data across module boundaries?", "correlation_id": "01KTYB6JE0PSBNM118222QK3K6", "level": "info", "timestamp": "2026-06-12T16:38:46.978033Z"}
{"query_len": 73, "k": 50, "dense": 50, "bm25": 0, "fused": 50, "term": false, "event": "hybrid.done", "query_preview": "What is the guidelines' rule about passing data across module boundaries?", "correlation_id": "01KTYB6JE0PSBNM118222QK3K6", "level": "info", "timestamp": "2026-06-12T16:38:47.058877Z"}
{"node": "retrieve", "candidate_count": 50, "event": "done", "query_preview": "What is the guidelines' rule about passing data across module boundaries?", "correlation_id": "01KTYB6JE0PSBNM118222QK3K6", "level": "info", "timestamp": "2026-06-12T16:38:47.059988Z"}
{"node": "expand_graph", "reason": "disabled_or_empty", "event": "skip", "query_preview": "What is the guidelines' rule about passing data across module boundaries?", "correlation_id": "01KTYB6JE0PSBNM118222QK3K6", "level": "info", "timestamp": "2026-06-12T16:38:47.061531Z"}
{"node": "rerank", "candidate_count": 50, "event": "start", "query_preview": "What is the guidelines' rule about passing data across module boundaries?", "correlation_id": "01KTYB6JE0PSBNM118222QK3K6", "level": "info", "timestamp": "2026-06-12T16:38:47.062094Z"}
{"node": "rerank", "top_k": 5, "source": "mode", "event": "top_k_resolved", "query_preview": "What is the guidelines' rule about passing data across module boundaries?", "correlation_id": "01KTYB6JE0PSBNM118222QK3K6", "level": "info", "timestamp": "2026-06-12T16:38:47.062152Z"}
{"candidates": 50, "top_k": 5, "backend": "cross_encoder", "event": "rerank.start", "query_preview": "What is the guidelines' rule about passing data across module boundaries?", "correlation_id": "01KTYB6JE0PSBNM118222QK3K6", "level": "info", "timestamp": "2026-06-12T16:38:47.062176Z"}
{"candidates": 50, "top_k": 5, "backend": "cross_encoder", "returned": 5, "event": "rerank.done", "query_preview": "What is the guidelines' rule about passing data across module boundaries?", "correlation_id": "01KTYB6JE0PSBNM118222QK3K6", "level": "info", "timestamp": "2026-06-12T16:39:04.697846Z"}
{"node": "rerank", "reranked_count": 5, "event": "done", "query_preview": "What is the guidelines' rule about passing data across module boundaries?", "correlation_id": "01KTYB6JE0PSBNM118222QK3K6", "level": "info", "timestamp": "2026-06-12T16:39:04.697950Z"}
{"node": "query_tables", "reason": "empty_or_not_table_shaped", "event": "skip", "query_preview": "What is the guidelines' rule about passing data across module boundaries?", "correlation_id": "01KTYB6JE0PSBNM118222QK3K6", "level": "info", "timestamp": "2026-06-12T16:39:04.699648Z"}
{"node": "assess", "reranked_count": 5, "event": "start", "query_preview": "What is the guidelines' rule about passing data across module boundaries?", "correlation_id": "01KTYB6JE0PSBNM118222QK3K6", "level": "info", "timestamp": "2026-06-12T16:39:04.700307Z"}
{"prompt_tag": "assess_sufficiency@v4", "schema": "SufficiencyAssessment", "model": "cyankiwi/Qwen3.5-4B-AWQ-4bit", "max_tokens": 1024, "temperature": 0.1, "top_p": 0.8, "presence_penalty": 1.0, "seed": 42, "message_count": 1, "event": "model_call.start", "query_preview": "What is the guidelines' rule about passing data across module boundaries?", "correlation_id": "01KTYB6JE0PSBNM118222QK3K6", "level": "info", "timestamp": "2026-06-12T16:39:04.702188Z"}
Authentication error: Langfuse client initialized without public_key. Client will be disabled. Provide a public_key parameter or set LANGFUSE_PUBLIC_KEY environment variable. 
{"prompt_tag": "assess_sufficiency@v4", "schema": "SufficiencyAssessment", "tokens": 1933, "event": "model_call.done", "query_preview": "What is the guidelines' rule about passing data across module boundaries?", "correlation_id": "01KTYB6JE0PSBNM118222QK3K6", "level": "info", "timestamp": "2026-06-12T16:39:05.874132Z"}
{"node": "answer", "regenerate_attempt": 0, "event": "start", "query_preview": "What is the guidelines' rule about passing data across module boundaries?", "correlation_id": "01KTYB6JE0PSBNM118222QK3K6", "level": "info", "timestamp": "2026-06-12T16:39:05.875211Z"}
{"prompt_tag": "answer@v5", "schema": "DraftAnswer", "model": "cyankiwi/Qwen3.5-4B-AWQ-4bit", "max_tokens": 1800, "temperature": 0.1, "top_p": 0.8, "presence_penalty": 1.0, "seed": 42, "message_count": 2, "event": "model_call.start", "query_preview": "What is the guidelines' rule about passing data across module boundaries?", "correlation_id": "01KTYB6JE0PSBNM118222QK3K6", "level": "info", "timestamp": "2026-06-12T16:39:05.877152Z"}
Authentication error: Langfuse client initialized without public_key. Client will be disabled. Provide a public_key parameter or set LANGFUSE_PUBLIC_KEY environment variable. 
{"prompt_tag": "answer@v5", "schema": "DraftAnswer", "tokens": 3725, "event": "model_call.done", "query_preview": "What is the guidelines' rule about passing data across module boundaries?", "correlation_id": "01KTYB6JE0PSBNM118222QK3K6", "level": "info", "timestamp": "2026-06-12T16:39:09.460753Z"}
{"node": "verify", "claim_count": 3, "event": "start", "query_preview": "What is the guidelines' rule about passing data across module boundaries?", "correlation_id": "01KTYB6JE0PSBNM118222QK3K6", "level": "info", "timestamp": "2026-06-12T16:39:09.461540Z"}
{"prompt_tag": "verify_grounding@v2", "schema": "VerificationResult", "model": "cyankiwi/Qwen3.5-4B-AWQ-4bit", "max_tokens": 1024, "temperature": 0.1, "top_p": 0.8, "presence_penalty": 1.0, "seed": 42, "message_count": 1, "event": "model_call.start", "query_preview": "What is the guidelines' rule about passing data across module boundaries?", "correlation_id": "01KTYB6JE0PSBNM118222QK3K6", "level": "info", "timestamp": "2026-06-12T16:39:09.464663Z"}
Authentication error: Langfuse client initialized without public_key. Client will be disabled. Provide a public_key parameter or set LANGFUSE_PUBLIC_KEY environment variable. 
{"prompt_tag": "verify_grounding@v2", "schema": "VerificationResult", "tokens": 1928, "event": "model_call.done", "query_preview": "What is the guidelines' rule about passing data across module boundaries?", "correlation_id": "01KTYB6JE0PSBNM118222QK3K6", "level": "info", "timestamp": "2026-06-12T16:39:10.088650Z"}
{"node": "assess_relevance", "event": "start", "query_preview": "What is the guidelines' rule about passing data across module boundaries?", "correlation_id": "01KTYB6JE0PSBNM118222QK3K6", "level": "info", "timestamp": "2026-06-12T16:39:10.089931Z"}
{"prompt_tag": "assess_relevance@v3", "schema": "RelevanceAssessment", "model": "cyankiwi/Qwen3.5-4B-AWQ-4bit", "max_tokens": 1024, "temperature": 0.1, "top_p": 0.8, "presence_penalty": 1.0, "seed": 42, "message_count": 1, "event": "model_call.start", "query_preview": "What is the guidelines' rule about passing data across module boundaries?", "correlation_id": "01KTYB6JE0PSBNM118222QK3K6", "level": "info", "timestamp": "2026-06-12T16:39:10.090911Z"}
Authentication error: Langfuse client initialized without public_key. Client will be disabled. Provide a public_key parameter or set LANGFUSE_PUBLIC_KEY environment variable. 
{"prompt_tag": "assess_relevance@v3", "schema": "RelevanceAssessment", "tokens": 946, "event": "model_call.done", "query_preview": "What is the guidelines' rule about passing data across module boundaries?", "correlation_id": "01KTYB6JE0PSBNM118222QK3K6", "level": "info", "timestamp": "2026-06-12T16:39:10.596281Z"}
{"node": "assess_relevance", "responsive": true, "event": "relevance", "query_preview": "What is the guidelines' rule about passing data across module boundaries?", "correlation_id": "01KTYB6JE0PSBNM118222QK3K6", "level": "info", "timestamp": "2026-06-12T16:39:10.596344Z"}
{"node": "compose", "event": "start", "query_preview": "What is the guidelines' rule about passing data across module boundaries?", "correlation_id": "01KTYB6JE0PSBNM118222QK3K6", "level": "info", "timestamp": "2026-06-12T16:39:10.597447Z"}
[mini] technical-guidelines-02  answered=True base=True ok (23.6s)
Authentication error: Langfuse client initialized without public_key. Client will be disabled. Provide a public_key parameter or set LANGFUSE_PUBLIC_KEY environment variable. 
{"node": "retrieve", "query_len": 66, "event": "start", "query_preview": "What pyright policy do the guidelines mandate for src/memex in CI?", "correlation_id": "01KTYB79G61DMTCMRCSVJH22YQ", "level": "info", "timestamp": "2026-06-12T16:39:10.599201Z"}
{"query_len": 66, "k": 50, "event": "hybrid.start", "query_preview": "What pyright policy do the guidelines mandate for src/memex in CI?", "correlation_id": "01KTYB79G61DMTCMRCSVJH22YQ", "level": "info", "timestamp": "2026-06-12T16:39:10.599239Z"}
{"query_len": 66, "k": 50, "dense": 50, "bm25": 0, "fused": 50, "term": false, "event": "hybrid.done", "query_preview": "What pyright policy do the guidelines mandate for src/memex in CI?", "correlation_id": "01KTYB79G61DMTCMRCSVJH22YQ", "level": "info", "timestamp": "2026-06-12T16:39:10.662499Z"}
{"node": "retrieve", "candidate_count": 50, "event": "done", "query_preview": "What pyright policy do the guidelines mandate for src/memex in CI?", "correlation_id": "01KTYB79G61DMTCMRCSVJH22YQ", "level": "info", "timestamp": "2026-06-12T16:39:10.663505Z"}
{"node": "expand_graph", "reason": "disabled_or_empty", "event": "skip", "query_preview": "What pyright policy do the guidelines mandate for src/memex in CI?", "correlation_id": "01KTYB79G61DMTCMRCSVJH22YQ", "level": "info", "timestamp": "2026-06-12T16:39:10.664947Z"}
{"node": "rerank", "candidate_count": 50, "event": "start", "query_preview": "What pyright policy do the guidelines mandate for src/memex in CI?", "correlation_id": "01KTYB79G61DMTCMRCSVJH22YQ", "level": "info", "timestamp": "2026-06-12T16:39:10.665516Z"}
{"node": "rerank", "top_k": 5, "source": "mode", "event": "top_k_resolved", "query_preview": "What pyright policy do the guidelines mandate for src/memex in CI?", "correlation_id": "01KTYB79G61DMTCMRCSVJH22YQ", "level": "info", "timestamp": "2026-06-12T16:39:10.665572Z"}
{"candidates": 50, "top_k": 5, "backend": "cross_encoder", "event": "rerank.start", "query_preview": "What pyright policy do the guidelines mandate for src/memex in CI?", "correlation_id": "01KTYB79G61DMTCMRCSVJH22YQ", "level": "info", "timestamp": "2026-06-12T16:39:10.665598Z"}
{"candidates": 50, "top_k": 5, "backend": "cross_encoder", "returned": 5, "event": "rerank.done", "query_preview": "What pyright policy do the guidelines mandate for src/memex in CI?", "correlation_id": "01KTYB79G61DMTCMRCSVJH22YQ", "level": "info", "timestamp": "2026-06-12T16:39:37.426910Z"}
{"node": "rerank", "reranked_count": 5, "event": "done", "query_preview": "What pyright policy do the guidelines mandate for src/memex in CI?", "correlation_id": "01KTYB79G61DMTCMRCSVJH22YQ", "level": "info", "timestamp": "2026-06-12T16:39:37.427021Z"}
{"node": "query_tables", "reason": "empty_or_not_table_shaped", "event": "skip", "query_preview": "What pyright policy do the guidelines mandate for src/memex in CI?", "correlation_id": "01KTYB79G61DMTCMRCSVJH22YQ", "level": "info", "timestamp": "2026-06-12T16:39:37.429196Z"}
{"node": "assess", "reranked_count": 5, "event": "start", "query_preview": "What pyright policy do the guidelines mandate for src/memex in CI?", "correlation_id": "01KTYB79G61DMTCMRCSVJH22YQ", "level": "info", "timestamp": "2026-06-12T16:39:37.430127Z"}
{"prompt_tag": "assess_sufficiency@v4", "schema": "SufficiencyAssessment", "model": "cyankiwi/Qwen3.5-4B-AWQ-4bit", "max_tokens": 1024, "temperature": 0.1, "top_p": 0.8, "presence_penalty": 1.0, "seed": 42, "message_count": 1, "event": "model_call.start", "query_preview": "What pyright policy do the guidelines mandate for src/memex in CI?", "correlation_id": "01KTYB79G61DMTCMRCSVJH22YQ", "level": "info", "timestamp": "2026-06-12T16:39:37.432316Z"}
Authentication error: Langfuse client initialized without public_key. Client will be disabled. Provide a public_key parameter or set LANGFUSE_PUBLIC_KEY environment variable. 
{"prompt_tag": "assess_sufficiency@v4", "schema": "SufficiencyAssessment", "tokens": 2222, "event": "model_call.done", "query_preview": "What pyright policy do the guidelines mandate for src/memex in CI?", "correlation_id": "01KTYB79G61DMTCMRCSVJH22YQ", "level": "info", "timestamp": "2026-06-12T16:39:38.370860Z"}
{"node": "answer", "regenerate_attempt": 0, "event": "start", "query_preview": "What pyright policy do the guidelines mandate for src/memex in CI?", "correlation_id": "01KTYB79G61DMTCMRCSVJH22YQ", "level": "info", "timestamp": "2026-06-12T16:39:38.371948Z"}
{"prompt_tag": "answer@v5", "schema": "DraftAnswer", "model": "cyankiwi/Qwen3.5-4B-AWQ-4bit", "max_tokens": 1800, "temperature": 0.1, "top_p": 0.8, "presence_penalty": 1.0, "seed": 42, "message_count": 2, "event": "model_call.start", "query_preview": "What pyright policy do the guidelines mandate for src/memex in CI?", "correlation_id": "01KTYB79G61DMTCMRCSVJH22YQ", "level": "info", "timestamp": "2026-06-12T16:39:38.373918Z"}
Authentication error: Langfuse client initialized without public_key. Client will be disabled. Provide a public_key parameter or set LANGFUSE_PUBLIC_KEY environment variable. 
{"prompt_tag": "answer@v5", "schema": "DraftAnswer", "tokens": 3853, "event": "model_call.done", "query_preview": "What pyright policy do the guidelines mandate for src/memex in CI?", "correlation_id": "01KTYB79G61DMTCMRCSVJH22YQ", "level": "info", "timestamp": "2026-06-12T16:39:40.035282Z"}
{"node": "verify", "claim_count": 1, "event": "start", "query_preview": "What pyright policy do the guidelines mandate for src/memex in CI?", "correlation_id": "01KTYB79G61DMTCMRCSVJH22YQ", "level": "info", "timestamp": "2026-06-12T16:39:40.036209Z"}
{"prompt_tag": "verify_grounding@v2", "schema": "VerificationResult", "model": "cyankiwi/Qwen3.5-4B-AWQ-4bit", "max_tokens": 1024, "temperature": 0.1, "top_p": 0.8, "presence_penalty": 1.0, "seed": 42, "message_count": 1, "event": "model_call.start", "query_preview": "What pyright policy do the guidelines mandate for src/memex in CI?", "correlation_id": "01KTYB79G61DMTCMRCSVJH22YQ", "level": "info", "timestamp": "2026-06-12T16:39:40.039296Z"}
Authentication error: Langfuse client initialized without public_key. Client will be disabled. Provide a public_key parameter or set LANGFUSE_PUBLIC_KEY environment variable. 
{"prompt_tag": "verify_grounding@v2", "schema": "VerificationResult", "tokens": 2129, "event": "model_call.done", "query_preview": "What pyright policy do the guidelines mandate for src/memex in CI?", "correlation_id": "01KTYB79G61DMTCMRCSVJH22YQ", "level": "info", "timestamp": "2026-06-12T16:39:40.633638Z"}
{"node": "assess_relevance", "event": "start", "query_preview": "What pyright policy do the guidelines mandate for src/memex in CI?", "correlation_id": "01KTYB79G61DMTCMRCSVJH22YQ", "level": "info", "timestamp": "2026-06-12T16:39:40.634831Z"}
{"prompt_tag": "assess_relevance@v3", "schema": "RelevanceAssessment", "model": "cyankiwi/Qwen3.5-4B-AWQ-4bit", "max_tokens": 1024, "temperature": 0.1, "top_p": 0.8, "presence_penalty": 1.0, "seed": 42, "message_count": 1, "event": "model_call.start", "query_preview": "What pyright policy do the guidelines mandate for src/memex in CI?", "correlation_id": "01KTYB79G61DMTCMRCSVJH22YQ", "level": "info", "timestamp": "2026-06-12T16:39:40.635824Z"}
Authentication error: Langfuse client initialized without public_key. Client will be disabled. Provide a public_key parameter or set LANGFUSE_PUBLIC_KEY environment variable. 
{"prompt_tag": "assess_relevance@v3", "schema": "RelevanceAssessment", "tokens": 850, "event": "model_call.done", "query_preview": "What pyright policy do the guidelines mandate for src/memex in CI?", "correlation_id": "01KTYB79G61DMTCMRCSVJH22YQ", "level": "info", "timestamp": "2026-06-12T16:39:41.083887Z"}
{"node": "assess_relevance", "responsive": true, "event": "relevance", "query_preview": "What pyright policy do the guidelines mandate for src/memex in CI?", "correlation_id": "01KTYB79G61DMTCMRCSVJH22YQ", "level": "info", "timestamp": "2026-06-12T16:39:41.083942Z"}
{"node": "compose", "event": "start", "query_preview": "What pyright policy do the guidelines mandate for src/memex in CI?", "correlation_id": "01KTYB79G61DMTCMRCSVJH22YQ", "level": "info", "timestamp": "2026-06-12T16:39:41.085590Z"}
[mini] technical-guidelines-03  answered=True base=True ok (30.5s)
Authentication error: Langfuse client initialized without public_key. Client will be disabled. Provide a public_key parameter or set LANGFUSE_PUBLIC_KEY environment variable. 
{"node": "retrieve", "query_len": 58, "event": "start", "query_preview": "What is the guidelines' rule about async versus sync code?", "correlation_id": "01KTYB878Y06MW866J0NE3QM4A", "level": "info", "timestamp": "2026-06-12T16:39:41.087289Z"}
{"query_len": 58, "k": 50, "event": "hybrid.start", "query_preview": "What is the guidelines' rule about async versus sync code?", "correlation_id": "01KTYB878Y06MW866J0NE3QM4A", "level": "info", "timestamp": "2026-06-12T16:39:41.087324Z"}
{"query_len": 58, "k": 50, "dense": 50, "bm25": 0, "fused": 50, "term": false, "event": "hybrid.done", "query_preview": "What is the guidelines' rule about async versus sync code?", "correlation_id": "01KTYB878Y06MW866J0NE3QM4A", "level": "info", "timestamp": "2026-06-12T16:39:41.163385Z"}
{"node": "retrieve", "candidate_count": 50, "event": "done", "query_preview": "What is the guidelines' rule about async versus sync code?", "correlation_id": "01KTYB878Y06MW866J0NE3QM4A", "level": "info", "timestamp": "2026-06-12T16:39:41.164372Z"}
{"node": "expand_graph", "reason": "disabled_or_empty", "event": "skip", "query_preview": "What is the guidelines' rule about async versus sync code?", "correlation_id": "01KTYB878Y06MW866J0NE3QM4A", "level": "info", "timestamp": "2026-06-12T16:39:41.165657Z"}
{"node": "rerank", "candidate_count": 50, "event": "start", "query_preview": "What is the guidelines' rule about async versus sync code?", "correlation_id": "01KTYB878Y06MW866J0NE3QM4A", "level": "info", "timestamp": "2026-06-12T16:39:41.166176Z"}
{"node": "rerank", "top_k": 5, "source": "mode", "event": "top_k_resolved", "query_preview": "What is the guidelines' rule about async versus sync code?", "correlation_id": "01KTYB878Y06MW866J0NE3QM4A", "level": "info", "timestamp": "2026-06-12T16:39:41.166231Z"}
{"candidates": 50, "top_k": 5, "backend": "cross_encoder", "event": "rerank.start", "query_preview": "What is the guidelines' rule about async versus sync code?", "correlation_id": "01KTYB878Y06MW866J0NE3QM4A", "level": "info", "timestamp": "2026-06-12T16:39:41.166254Z"}
{"candidates": 50, "top_k": 5, "backend": "cross_encoder", "returned": 5, "event": "rerank.done", "query_preview": "What is the guidelines' rule about async versus sync code?", "correlation_id": "01KTYB878Y06MW866J0NE3QM4A", "level": "info", "timestamp": "2026-06-12T16:40:11.217330Z"}
{"node": "rerank", "reranked_count": 5, "event": "done", "query_preview": "What is the guidelines' rule about async versus sync code?", "correlation_id": "01KTYB878Y06MW866J0NE3QM4A", "level": "info", "timestamp": "2026-06-12T16:40:11.217436Z"}
{"node": "query_tables", "reason": "empty_or_not_table_shaped", "event": "skip", "query_preview": "What is the guidelines' rule about async versus sync code?", "correlation_id": "01KTYB878Y06MW866J0NE3QM4A", "level": "info", "timestamp": "2026-06-12T16:40:11.219579Z"}
{"node": "assess", "reranked_count": 5, "event": "start", "query_preview": "What is the guidelines' rule about async versus sync code?", "correlation_id": "01KTYB878Y06MW866J0NE3QM4A", "level": "info", "timestamp": "2026-06-12T16:40:11.220550Z"}
{"prompt_tag": "assess_sufficiency@v4", "schema": "SufficiencyAssessment", "model": "cyankiwi/Qwen3.5-4B-AWQ-4bit", "max_tokens": 1024, "temperature": 0.1, "top_p": 0.8, "presence_penalty": 1.0, "seed": 42, "message_count": 1, "event": "model_call.start", "query_preview": "What is the guidelines' rule about async versus sync code?", "correlation_id": "01KTYB878Y06MW866J0NE3QM4A", "level": "info", "timestamp": "2026-06-12T16:40:11.222989Z"}
Authentication error: Langfuse client initialized without public_key. Client will be disabled. Provide a public_key parameter or set LANGFUSE_PUBLIC_KEY environment variable. 
{"prompt_tag": "assess_sufficiency@v4", "schema": "SufficiencyAssessment", "tokens": 2678, "event": "model_call.done", "query_preview": "What is the guidelines' rule about async versus sync code?", "correlation_id": "01KTYB878Y06MW866J0NE3QM4A", "level": "info", "timestamp": "2026-06-12T16:40:12.617784Z"}
{"node": "answer", "regenerate_attempt": 0, "event": "start", "query_preview": "What is the guidelines' rule about async versus sync code?", "correlation_id": "01KTYB878Y06MW866J0NE3QM4A", "level": "info", "timestamp": "2026-06-12T16:40:12.618900Z"}
{"prompt_tag": "answer@v5", "schema": "DraftAnswer", "model": "cyankiwi/Qwen3.5-4B-AWQ-4bit", "max_tokens": 1800, "temperature": 0.1, "top_p": 0.8, "presence_penalty": 1.0, "seed": 42, "message_count": 2, "event": "model_call.start", "query_preview": "What is the guidelines' rule about async versus sync code?", "correlation_id": "01KTYB878Y06MW866J0NE3QM4A", "level": "info", "timestamp": "2026-06-12T16:40:12.620857Z"}
Authentication error: Langfuse client initialized without public_key. Client will be disabled. Provide a public_key parameter or set LANGFUSE_PUBLIC_KEY environment variable. 
{"prompt_tag": "answer@v5", "schema": "DraftAnswer", "tokens": 4318, "event": "model_call.done", "query_preview": "What is the guidelines' rule about async versus sync code?", "correlation_id": "01KTYB878Y06MW866J0NE3QM4A", "level": "info", "timestamp": "2026-06-12T16:40:14.847667Z"}
{"node": "verify", "claim_count": 1, "event": "start", "query_preview": "What is the guidelines' rule about async versus sync code?", "correlation_id": "01KTYB878Y06MW866J0NE3QM4A", "level": "info", "timestamp": "2026-06-12T16:40:14.848450Z"}
{"prompt_tag": "verify_grounding@v2", "schema": "VerificationResult", "model": "cyankiwi/Qwen3.5-4B-AWQ-4bit", "max_tokens": 1024, "temperature": 0.1, "top_p": 0.8, "presence_penalty": 1.0, "seed": 42, "message_count": 1, "event": "model_call.start", "query_preview": "What is the guidelines' rule about async versus sync code?", "correlation_id": "01KTYB878Y06MW866J0NE3QM4A", "level": "info", "timestamp": "2026-06-12T16:40:14.851684Z"}
Authentication error: Langfuse client initialized without public_key. Client will be disabled. Provide a public_key parameter or set LANGFUSE_PUBLIC_KEY environment variable. 
{"prompt_tag": "verify_grounding@v2", "schema": "VerificationResult", "tokens": 2572, "event": "model_call.done", "query_preview": "What is the guidelines' rule about async versus sync code?", "correlation_id": "01KTYB878Y06MW866J0NE3QM4A", "level": "info", "timestamp": "2026-06-12T16:40:15.530517Z"}
{"node": "assess_relevance", "event": "start", "query_preview": "What is the guidelines' rule about async versus sync code?", "correlation_id": "01KTYB878Y06MW866J0NE3QM4A", "level": "info", "timestamp": "2026-06-12T16:40:15.531648Z"}
{"prompt_tag": "assess_relevance@v3", "schema": "RelevanceAssessment", "model": "cyankiwi/Qwen3.5-4B-AWQ-4bit", "max_tokens": 1024, "temperature": 0.1, "top_p": 0.8, "presence_penalty": 1.0, "seed": 42, "message_count": 1, "event": "model_call.start", "query_preview": "What is the guidelines' rule about async versus sync code?", "correlation_id": "01KTYB878Y06MW866J0NE3QM4A", "level": "info", "timestamp": "2026-06-12T16:40:15.532629Z"}
Authentication error: Langfuse client initialized without public_key. Client will be disabled. Provide a public_key parameter or set LANGFUSE_PUBLIC_KEY environment variable. 
{"prompt_tag": "assess_relevance@v3", "schema": "RelevanceAssessment", "tokens": 895, "event": "model_call.done", "query_preview": "What is the guidelines' rule about async versus sync code?", "correlation_id": "01KTYB878Y06MW866J0NE3QM4A", "level": "info", "timestamp": "2026-06-12T16:40:16.021795Z"}
{"node": "assess_relevance", "responsive": true, "event": "relevance", "query_preview": "What is the guidelines' rule about async versus sync code?", "correlation_id": "01KTYB878Y06MW866J0NE3QM4A", "level": "info", "timestamp": "2026-06-12T16:40:16.021851Z"}
{"node": "compose", "event": "start", "query_preview": "What is the guidelines' rule about async versus sync code?", "correlation_id": "01KTYB878Y06MW866J0NE3QM4A", "level": "info", "timestamp": "2026-06-12T16:40:16.023498Z"}
[mini] technical-guidelines-04  answered=True base=True ok (34.9s)
Authentication error: Langfuse client initialized without public_key. Client will be disabled. Provide a public_key parameter or set LANGFUSE_PUBLIC_KEY environment variable. 
{"node": "retrieve", "query_len": 86, "event": "start", "query_preview": "How many stages does a document flow through in the Memex pipeline, and what are", "correlation_id": "01KTYB99CR2DAW9GNVMK91SC0F", "level": "info", "timestamp": "2026-06-12T16:40:16.025191Z"}
{"query_len": 86, "k": 50, "event": "hybrid.start", "query_preview": "How many stages does a document flow through in the Memex pipeline, and what are", "correlation_id": "01KTYB99CR2DAW9GNVMK91SC0F", "level": "info", "timestamp": "2026-06-12T16:40:16.025227Z"}
{"query_len": 86, "k": 50, "dense": 50, "bm25": 0, "fused": 50, "term": false, "event": "hybrid.done", "query_preview": "How many stages does a document flow through in the Memex pipeline, and what are", "correlation_id": "01KTYB99CR2DAW9GNVMK91SC0F", "level": "info", "timestamp": "2026-06-12T16:40:16.094831Z"}
{"node": "retrieve", "candidate_count": 50, "event": "done", "query_preview": "How many stages does a document flow through in the Memex pipeline, and what are", "correlation_id": "01KTYB99CR2DAW9GNVMK91SC0F", "level": "info", "timestamp": "2026-06-12T16:40:16.095876Z"}
{"node": "expand_graph", "reason": "disabled_or_empty", "event": "skip", "query_preview": "How many stages does a document flow through in the Memex pipeline, and what are", "correlation_id": "01KTYB99CR2DAW9GNVMK91SC0F", "level": "info", "timestamp": "2026-06-12T16:40:16.097568Z"}
{"node": "rerank", "candidate_count": 50, "event": "start", "query_preview": "How many stages does a document flow through in the Memex pipeline, and what are", "correlation_id": "01KTYB99CR2DAW9GNVMK91SC0F", "level": "info", "timestamp": "2026-06-12T16:40:16.098114Z"}
{"node": "rerank", "top_k": 5, "source": "mode", "event": "top_k_resolved", "query_preview": "How many stages does a document flow through in the Memex pipeline, and what are", "correlation_id": "01KTYB99CR2DAW9GNVMK91SC0F", "level": "info", "timestamp": "2026-06-12T16:40:16.098165Z"}
{"candidates": 50, "top_k": 5, "backend": "cross_encoder", "event": "rerank.start", "query_preview": "How many stages does a document flow through in the Memex pipeline, and what are", "correlation_id": "01KTYB99CR2DAW9GNVMK91SC0F", "level": "info", "timestamp": "2026-06-12T16:40:16.098188Z"}
{"candidates": 50, "top_k": 5, "backend": "cross_encoder", "returned": 5, "event": "rerank.done", "query_preview": "How many stages does a document flow through in the Memex pipeline, and what are", "correlation_id": "01KTYB99CR2DAW9GNVMK91SC0F", "level": "info", "timestamp": "2026-06-12T16:40:47.863432Z"}
{"node": "rerank", "reranked_count": 5, "event": "done", "query_preview": "How many stages does a document flow through in the Memex pipeline, and what are", "correlation_id": "01KTYB99CR2DAW9GNVMK91SC0F", "level": "info", "timestamp": "2026-06-12T16:40:47.863536Z"}
{"prompt_tag": "generate_table_sql@v1", "schema": "GeneratedSQL", "model": "cyankiwi/Qwen3.5-4B-AWQ-4bit", "max_tokens": 1024, "temperature": 0.1, "top_p": 0.8, "presence_penalty": 1.0, "seed": 42, "message_count": 1, "event": "model_call.start", "query_preview": "How many stages does a document flow through in the Memex pipeline, and what are", "correlation_id": "01KTYB99CR2DAW9GNVMK91SC0F", "level": "info", "timestamp": "2026-06-12T16:40:47.871445Z"}
Authentication error: Langfuse client initialized without public_key. Client will be disabled. Provide a public_key parameter or set LANGFUSE_PUBLIC_KEY environment variable. 
{"prompt_tag": "generate_table_sql@v1", "schema": "GeneratedSQL", "tokens": 1026, "event": "model_call.done", "query_preview": "How many stages does a document flow through in the Memex pipeline, and what are", "correlation_id": "01KTYB99CR2DAW9GNVMK91SC0F", "level": "info", "timestamp": "2026-06-12T16:40:48.588454Z"}
{"node": "query_doc_tables", "sql": "SELECT * FROM c_4cb526adad ORDER BY operation LIMIT 1", "target": "c_4cb526adad", "event": "table_sql.generated", "query_preview": "How many stages does a document flow through in the Memex pipeline, and what are", "correlation_id": "01KTYB99CR2DAW9GNVMK91SC0F", "level": "info", "timestamp": "2026-06-12T16:40:48.588526Z"}
{"node": "query_doc_tables", "kind": "rows", "target": "4cb526adad", "event": "table_sql.result", "query_preview": "How many stages does a document flow through in the Memex pipeline, and what are", "correlation_id": "01KTYB99CR2DAW9GNVMK91SC0F", "level": "info", "timestamp": "2026-06-12T16:40:48.590187Z"}
{"node": "query_tables", "kind": "rows", "chunk_id": "f59860eb-guidelines#sql0001", "event": "injected", "query_preview": "How many stages does a document flow through in the Memex pipeline, and what are", "correlation_id": "01KTYB99CR2DAW9GNVMK91SC0F", "level": "info", "timestamp": "2026-06-12T16:40:48.590577Z"}
{"node": "assess", "reranked_count": 6, "event": "start", "query_preview": "How many stages does a document flow through in the Memex pipeline, and what are", "correlation_id": "01KTYB99CR2DAW9GNVMK91SC0F", "level": "info", "timestamp": "2026-06-12T16:40:48.591466Z"}
{"prompt_tag": "assess_sufficiency@v4", "schema": "SufficiencyAssessment", "model": "cyankiwi/Qwen3.5-4B-AWQ-4bit", "max_tokens": 1024, "temperature": 0.1, "top_p": 0.8, "presence_penalty": 1.0, "seed": 42, "message_count": 1, "event": "model_call.start", "query_preview": "How many stages does a document flow through in the Memex pipeline, and what are", "correlation_id": "01KTYB99CR2DAW9GNVMK91SC0F", "level": "info", "timestamp": "2026-06-12T16:40:48.592730Z"}
Authentication error: Langfuse client initialized without public_key. Client will be disabled. Provide a public_key parameter or set LANGFUSE_PUBLIC_KEY environment variable. 
{"prompt_tag": "assess_sufficiency@v4", "schema": "SufficiencyAssessment", "tokens": 2252, "event": "model_call.done", "query_preview": "How many stages does a document flow through in the Memex pipeline, and what are", "correlation_id": "01KTYB99CR2DAW9GNVMK91SC0F", "level": "info", "timestamp": "2026-06-12T16:40:49.517668Z"}
{"node": "answer", "regenerate_attempt": 0, "event": "start", "query_preview": "How many stages does a document flow through in the Memex pipeline, and what are", "correlation_id": "01KTYB99CR2DAW9GNVMK91SC0F", "level": "info", "timestamp": "2026-06-12T16:40:49.519127Z"}
{"prompt_tag": "answer@v5", "schema": "DraftAnswer", "model": "cyankiwi/Qwen3.5-4B-AWQ-4bit", "max_tokens": 1800, "temperature": 0.1, "top_p": 0.8, "presence_penalty": 1.0, "seed": 42, "message_count": 2, "event": "model_call.start", "query_preview": "How many stages does a document flow through in the Memex pipeline, and what are", "correlation_id": "01KTYB99CR2DAW9GNVMK91SC0F", "level": "info", "timestamp": "2026-06-12T16:40:49.521094Z"}
Authentication error: Langfuse client initialized without public_key. Client will be disabled. Provide a public_key parameter or set LANGFUSE_PUBLIC_KEY environment variable. 
{"prompt_tag": "answer@v5", "schema": "DraftAnswer", "tokens": 3873, "event": "model_call.done", "query_preview": "How many stages does a document flow through in the Memex pipeline, and what are", "correlation_id": "01KTYB99CR2DAW9GNVMK91SC0F", "level": "info", "timestamp": "2026-06-12T16:40:51.105208Z"}
{"node": "verify", "claim_count": 1, "event": "start", "query_preview": "How many stages does a document flow through in the Memex pipeline, and what are", "correlation_id": "01KTYB99CR2DAW9GNVMK91SC0F", "level": "info", "timestamp": "2026-06-12T16:40:51.106140Z"}
{"prompt_tag": "verify_grounding@v2", "schema": "VerificationResult", "model": "cyankiwi/Qwen3.5-4B-AWQ-4bit", "max_tokens": 1024, "temperature": 0.1, "top_p": 0.8, "presence_penalty": 1.0, "seed": 42, "message_count": 1, "event": "model_call.start", "query_preview": "How many stages does a document flow through in the Memex pipeline, and what are", "correlation_id": "01KTYB99CR2DAW9GNVMK91SC0F", "level": "info", "timestamp": "2026-06-12T16:40:51.109226Z"}
Authentication error: Langfuse client initialized without public_key. Client will be disabled. Provide a public_key parameter or set LANGFUSE_PUBLIC_KEY environment variable. 
{"prompt_tag": "verify_grounding@v2", "schema": "VerificationResult", "tokens": 2152, "event": "model_call.done", "query_preview": "How many stages does a document flow through in the Memex pipeline, and what are", "correlation_id": "01KTYB99CR2DAW9GNVMK91SC0F", "level": "info", "timestamp": "2026-06-12T16:40:51.720865Z"}
{"node": "assess_relevance", "event": "start", "query_preview": "How many stages does a document flow through in the Memex pipeline, and what are", "correlation_id": "01KTYB99CR2DAW9GNVMK91SC0F", "level": "info", "timestamp": "2026-06-12T16:40:51.722270Z"}
{"prompt_tag": "assess_relevance@v3", "schema": "RelevanceAssessment", "model": "cyankiwi/Qwen3.5-4B-AWQ-4bit", "max_tokens": 1024, "temperature": 0.1, "top_p": 0.8, "presence_penalty": 1.0, "seed": 42, "message_count": 1, "event": "model_call.start", "query_preview": "How many stages does a document flow through in the Memex pipeline, and what are", "correlation_id": "01KTYB99CR2DAW9GNVMK91SC0F", "level": "info", "timestamp": "2026-06-12T16:40:51.723266Z"}
Authentication error: Langfuse client initialized without public_key. Client will be disabled. Provide a public_key parameter or set LANGFUSE_PUBLIC_KEY environment variable. 
{"prompt_tag": "assess_relevance@v3", "schema": "RelevanceAssessment", "tokens": 842, "event": "model_call.done", "query_preview": "How many stages does a document flow through in the Memex pipeline, and what are", "correlation_id": "01KTYB99CR2DAW9GNVMK91SC0F", "level": "info", "timestamp": "2026-06-12T16:40:52.160305Z"}
{"node": "assess_relevance", "responsive": true, "event": "relevance", "query_preview": "How many stages does a document flow through in the Memex pipeline, and what are", "correlation_id": "01KTYB99CR2DAW9GNVMK91SC0F", "level": "info", "timestamp": "2026-06-12T16:40:52.160364Z"}
{"node": "compose", "event": "start", "query_preview": "How many stages does a document flow through in the Memex pipeline, and what are", "correlation_id": "01KTYB99CR2DAW9GNVMK91SC0F", "level": "info", "timestamp": "2026-06-12T16:40:52.161829Z"}
[mini] technical-guidelines-05  answered=True base=True ok (36.1s)
Authentication error: Langfuse client initialized without public_key. Client will be disabled. Provide a public_key parameter or set LANGFUSE_PUBLIC_KEY environment variable. 
{"node": "retrieve", "query_len": 125, "event": "start", "query_preview": "According to the developer guidelines, what is the exact maximum line length in ", "correlation_id": "01KTYBACP2E6QM5AHNF4KM9GWB", "level": "info", "timestamp": "2026-06-12T16:40:52.164139Z"}
{"query_len": 125, "k": 50, "event": "hybrid.start", "query_preview": "According to the developer guidelines, what is the exact maximum line length in ", "correlation_id": "01KTYBACP2E6QM5AHNF4KM9GWB", "level": "info", "timestamp": "2026-06-12T16:40:52.164185Z"}
{"query_len": 125, "k": 50, "dense": 50, "bm25": 0, "fused": 50, "term": false, "event": "hybrid.done", "query_preview": "According to the developer guidelines, what is the exact maximum line length in ", "correlation_id": "01KTYBACP2E6QM5AHNF4KM9GWB", "level": "info", "timestamp": "2026-06-12T16:40:52.231838Z"}
{"node": "retrieve", "candidate_count": 50, "event": "done", "query_preview": "According to the developer guidelines, what is the exact maximum line length in ", "correlation_id": "01KTYBACP2E6QM5AHNF4KM9GWB", "level": "info", "timestamp": "2026-06-12T16:40:52.232882Z"}
{"node": "expand_graph", "reason": "disabled_or_empty", "event": "skip", "query_preview": "According to the developer guidelines, what is the exact maximum line length in ", "correlation_id": "01KTYBACP2E6QM5AHNF4KM9GWB", "level": "info", "timestamp": "2026-06-12T16:40:52.234256Z"}
{"node": "rerank", "candidate_count": 50, "event": "start", "query_preview": "According to the developer guidelines, what is the exact maximum line length in ", "correlation_id": "01KTYBACP2E6QM5AHNF4KM9GWB", "level": "info", "timestamp": "2026-06-12T16:40:52.234773Z"}
{"node": "rerank", "top_k": 5, "source": "mode", "event": "top_k_resolved", "query_preview": "According to the developer guidelines, what is the exact maximum line length in ", "correlation_id": "01KTYBACP2E6QM5AHNF4KM9GWB", "level": "info", "timestamp": "2026-06-12T16:40:52.234820Z"}
{"candidates": 50, "top_k": 5, "backend": "cross_encoder", "event": "rerank.start", "query_preview": "According to the developer guidelines, what is the exact maximum line length in ", "correlation_id": "01KTYBACP2E6QM5AHNF4KM9GWB", "level": "info", "timestamp": "2026-06-12T16:40:52.234842Z"}
{"candidates": 50, "top_k": 5, "backend": "cross_encoder", "returned": 5, "event": "rerank.done", "query_preview": "According to the developer guidelines, what is the exact maximum line length in ", "correlation_id": "01KTYBACP2E6QM5AHNF4KM9GWB", "level": "info", "timestamp": "2026-06-12T16:41:11.275229Z"}
{"node": "rerank", "reranked_count": 5, "event": "done", "query_preview": "According to the developer guidelines, what is the exact maximum line length in ", "correlation_id": "01KTYBACP2E6QM5AHNF4KM9GWB", "level": "info", "timestamp": "2026-06-12T16:41:11.275329Z"}
{"prompt_tag": "generate_table_sql@v1", "schema": "GeneratedSQL", "model": "cyankiwi/Qwen3.5-4B-AWQ-4bit", "max_tokens": 1024, "temperature": 0.1, "top_p": 0.8, "presence_penalty": 1.0, "seed": 42, "message_count": 1, "event": "model_call.start", "query_preview": "According to the developer guidelines, what is the exact maximum line length in ", "correlation_id": "01KTYBACP2E6QM5AHNF4KM9GWB", "level": "info", "timestamp": "2026-06-12T16:41:11.281150Z"}
Authentication error: Langfuse client initialized without public_key. Client will be disabled. Provide a public_key parameter or set LANGFUSE_PUBLIC_KEY environment variable. 
{"prompt_tag": "generate_table_sql@v1", "schema": "GeneratedSQL", "tokens": 1013, "event": "model_call.done", "query_preview": "According to the developer guidelines, what is the exact maximum line length in ", "correlation_id": "01KTYBACP2E6QM5AHNF4KM9GWB", "level": "info", "timestamp": "2026-06-12T16:41:11.930107Z"}
{"node": "query_doc_tables", "sql": "SELECT MAX(line_length__num) FROM c3249d865c", "target": "c3249d865c", "event": "table_sql.generated", "query_preview": "According to the developer guidelines, what is the exact maximum line length in ", "correlation_id": "01KTYBACP2E6QM5AHNF4KM9GWB", "level": "info", "timestamp": "2026-06-12T16:41:11.930185Z"}
{"node": "query_doc_tables", "target": "c3249d865c", "event": "table_sql.no_result", "query_preview": "According to the developer guidelines, what is the exact maximum line length in ", "correlation_id": "01KTYBACP2E6QM5AHNF4KM9GWB", "level": "info", "timestamp": "2026-06-12T16:41:11.930675Z"}
{"node": "query_tables", "event": "no_table_answer", "query_preview": "According to the developer guidelines, what is the exact maximum line length in ", "correlation_id": "01KTYBACP2E6QM5AHNF4KM9GWB", "level": "info", "timestamp": "2026-06-12T16:41:11.931004Z"}
{"node": "assess", "reranked_count": 5, "event": "start", "query_preview": "According to the developer guidelines, what is the exact maximum line length in ", "correlation_id": "01KTYBACP2E6QM5AHNF4KM9GWB", "level": "info", "timestamp": "2026-06-12T16:41:11.931921Z"}
{"prompt_tag": "assess_sufficiency@v4", "schema": "SufficiencyAssessment", "model": "cyankiwi/Qwen3.5-4B-AWQ-4bit", "max_tokens": 1024, "temperature": 0.1, "top_p": 0.8, "presence_penalty": 1.0, "seed": 42, "message_count": 1, "event": "model_call.start", "query_preview": "According to the developer guidelines, what is the exact maximum line length in ", "correlation_id": "01KTYBACP2E6QM5AHNF4KM9GWB", "level": "info", "timestamp": "2026-06-12T16:41:11.933197Z"}
Authentication error: Langfuse client initialized without public_key. Client will be disabled. Provide a public_key parameter or set LANGFUSE_PUBLIC_KEY environment variable. 
{"prompt_tag": "assess_sufficiency@v4", "schema": "SufficiencyAssessment", "tokens": 2075, "event": "model_call.done", "query_preview": "According to the developer guidelines, what is the exact maximum line length in ", "correlation_id": "01KTYBACP2E6QM5AHNF4KM9GWB", "level": "info", "timestamp": "2026-06-12T16:41:12.840472Z"}
{"node": "answer", "regenerate_attempt": 0, "event": "start", "query_preview": "According to the developer guidelines, what is the exact maximum line length in ", "correlation_id": "01KTYBACP2E6QM5AHNF4KM9GWB", "level": "info", "timestamp": "2026-06-12T16:41:12.842058Z"}
{"prompt_tag": "answer@v5", "schema": "DraftAnswer", "model": "cyankiwi/Qwen3.5-4B-AWQ-4bit", "max_tokens": 1800, "temperature": 0.1, "top_p": 0.8, "presence_penalty": 1.0, "seed": 42, "message_count": 2, "event": "model_call.start", "query_preview": "According to the developer guidelines, what is the exact maximum line length in ", "correlation_id": "01KTYBACP2E6QM5AHNF4KM9GWB", "level": "info", "timestamp": "2026-06-12T16:41:12.844761Z"}
Authentication error: Langfuse client initialized without public_key. Client will be disabled. Provide a public_key parameter or set LANGFUSE_PUBLIC_KEY environment variable. 
{"prompt_tag": "answer@v5", "schema": "DraftAnswer", "tokens": 3645, "event": "model_call.done", "query_preview": "According to the developer guidelines, what is the exact maximum line length in ", "correlation_id": "01KTYBACP2E6QM5AHNF4KM9GWB", "level": "info", "timestamp": "2026-06-12T16:41:13.863969Z"}
{"node": "verify", "claim_count": 0, "event": "start", "query_preview": "According to the developer guidelines, what is the exact maximum line length in ", "correlation_id": "01KTYBACP2E6QM5AHNF4KM9GWB", "level": "info", "timestamp": "2026-06-12T16:41:13.864912Z"}
{"node": "verify", "event": "empty_draft_shortcircuit", "query_preview": "According to the developer guidelines, what is the exact maximum line length in ", "correlation_id": "01KTYBACP2E6QM5AHNF4KM9GWB", "level": "info", "timestamp": "2026-06-12T16:41:13.864970Z"}
{"node": "assess_relevance", "event": "start", "query_preview": "According to the developer guidelines, what is the exact maximum line length in ", "correlation_id": "01KTYBACP2E6QM5AHNF4KM9GWB", "level": "info", "timestamp": "2026-06-12T16:41:13.865986Z"}
{"prompt_tag": "assess_relevance@v3", "schema": "RelevanceAssessment", "model": "cyankiwi/Qwen3.5-4B-AWQ-4bit", "max_tokens": 1024, "temperature": 0.1, "top_p": 0.8, "presence_penalty": 1.0, "seed": 42, "message_count": 1, "event": "model_call.start", "query_preview": "According to the developer guidelines, what is the exact maximum line length in ", "correlation_id": "01KTYBACP2E6QM5AHNF4KM9GWB", "level": "info", "timestamp": "2026-06-12T16:41:13.867311Z"}
Authentication error: Langfuse client initialized without public_key. Client will be disabled. Provide a public_key parameter or set LANGFUSE_PUBLIC_KEY environment variable. 
{"prompt_tag": "assess_relevance@v3", "schema": "RelevanceAssessment", "tokens": 847, "event": "model_call.done", "query_preview": "According to the developer guidelines, what is the exact maximum line length in ", "correlation_id": "01KTYBACP2E6QM5AHNF4KM9GWB", "level": "info", "timestamp": "2026-06-12T16:41:14.325288Z"}
{"node": "assess_relevance", "responsive": true, "event": "relevance", "query_preview": "According to the developer guidelines, what is the exact maximum line length in ", "correlation_id": "01KTYBACP2E6QM5AHNF4KM9GWB", "level": "info", "timestamp": "2026-06-12T16:41:14.325370Z"}
{"node": "compose", "event": "start", "query_preview": "According to the developer guidelines, what is the exact maximum line length in ", "correlation_id": "01KTYBACP2E6QM5AHNF4KM9GWB", "level": "info", "timestamp": "2026-06-12T16:41:14.326698Z"}
[mini] tg-13 run1: answered=False via_prov=False reason=Verification returned no grounded claims; I won't ship a summary without citations to back it.
Authentication error: Langfuse client initialized without public_key. Client will be disabled. Provide a public_key parameter or set LANGFUSE_PUBLIC_KEY environment variable. 
{"node": "retrieve", "query_len": 125, "event": "start", "query_preview": "According to the developer guidelines, what is the exact maximum line length in ", "correlation_id": "01KTYBB2AQDEV5X3NCNJ4P5DQ1", "level": "info", "timestamp": "2026-06-12T16:41:14.328545Z"}
{"query_len": 125, "k": 50, "event": "hybrid.start", "query_preview": "According to the developer guidelines, what is the exact maximum line length in ", "correlation_id": "01KTYBB2AQDEV5X3NCNJ4P5DQ1", "level": "info", "timestamp": "2026-06-12T16:41:14.328579Z"}
{"query_len": 125, "k": 50, "dense": 50, "bm25": 0, "fused": 50, "term": false, "event": "hybrid.done", "query_preview": "According to the developer guidelines, what is the exact maximum line length in ", "correlation_id": "01KTYBB2AQDEV5X3NCNJ4P5DQ1", "level": "info", "timestamp": "2026-06-12T16:41:14.397011Z"}
{"node": "retrieve", "candidate_count": 50, "event": "done", "query_preview": "According to the developer guidelines, what is the exact maximum line length in ", "correlation_id": "01KTYBB2AQDEV5X3NCNJ4P5DQ1", "level": "info", "timestamp": "2026-06-12T16:41:14.397991Z"}
{"node": "expand_graph", "reason": "disabled_or_empty", "event": "skip", "query_preview": "According to the developer guidelines, what is the exact maximum line length in ", "correlation_id": "01KTYBB2AQDEV5X3NCNJ4P5DQ1", "level": "info", "timestamp": "2026-06-12T16:41:14.399334Z"}
{"node": "rerank", "candidate_count": 50, "event": "start", "query_preview": "According to the developer guidelines, what is the exact maximum line length in ", "correlation_id": "01KTYBB2AQDEV5X3NCNJ4P5DQ1", "level": "info", "timestamp": "2026-06-12T16:41:14.399815Z"}
{"node": "rerank", "top_k": 5, "source": "mode", "event": "top_k_resolved", "query_preview": "According to the developer guidelines, what is the exact maximum line length in ", "correlation_id": "01KTYBB2AQDEV5X3NCNJ4P5DQ1", "level": "info", "timestamp": "2026-06-12T16:41:14.399862Z"}
{"candidates": 50, "top_k": 5, "backend": "cross_encoder", "event": "rerank.start", "query_preview": "According to the developer guidelines, what is the exact maximum line length in ", "correlation_id": "01KTYBB2AQDEV5X3NCNJ4P5DQ1", "level": "info", "timestamp": "2026-06-12T16:41:14.399885Z"}
{"candidates": 50, "top_k": 5, "backend": "cross_encoder", "returned": 5, "event": "rerank.done", "query_preview": "According to the developer guidelines, what is the exact maximum line length in ", "correlation_id": "01KTYBB2AQDEV5X3NCNJ4P5DQ1", "level": "info", "timestamp": "2026-06-12T16:41:32.701682Z"}
{"node": "rerank", "reranked_count": 5, "event": "done", "query_preview": "According to the developer guidelines, what is the exact maximum line length in ", "correlation_id": "01KTYBB2AQDEV5X3NCNJ4P5DQ1", "level": "info", "timestamp": "2026-06-12T16:41:32.701765Z"}
{"prompt_tag": "generate_table_sql@v1", "schema": "GeneratedSQL", "model": "cyankiwi/Qwen3.5-4B-AWQ-4bit", "max_tokens": 1024, "temperature": 0.1, "top_p": 0.8, "presence_penalty": 1.0, "seed": 42, "message_count": 1, "event": "model_call.start", "query_preview": "According to the developer guidelines, what is the exact maximum line length in ", "correlation_id": "01KTYBB2AQDEV5X3NCNJ4P5DQ1", "level": "info", "timestamp": "2026-06-12T16:41:32.706613Z"}
Authentication error: Langfuse client initialized without public_key. Client will be disabled. Provide a public_key parameter or set LANGFUSE_PUBLIC_KEY environment variable. 
{"prompt_tag": "generate_table_sql@v1", "schema": "GeneratedSQL", "tokens": 1013, "event": "model_call.done", "query_preview": "According to the developer guidelines, what is the exact maximum line length in ", "correlation_id": "01KTYBB2AQDEV5X3NCNJ4P5DQ1", "level": "info", "timestamp": "2026-06-12T16:41:33.343324Z"}
{"node": "query_doc_tables", "sql": "SELECT MAX(line_length__num) FROM c3249d865c", "target": "c3249d865c", "event": "table_sql.generated", "query_preview": "According to the developer guidelines, what is the exact maximum line length in ", "correlation_id": "01KTYBB2AQDEV5X3NCNJ4P5DQ1", "level": "info", "timestamp": "2026-06-12T16:41:33.346892Z"}
{"node": "query_doc_tables", "target": "c3249d865c", "event": "table_sql.no_result", "query_preview": "According to the developer guidelines, what is the exact maximum line length in ", "correlation_id": "01KTYBB2AQDEV5X3NCNJ4P5DQ1", "level": "info", "timestamp": "2026-06-12T16:41:33.347291Z"}
{"node": "query_tables", "event": "no_table_answer", "query_preview": "According to the developer guidelines, what is the exact maximum line length in ", "correlation_id": "01KTYBB2AQDEV5X3NCNJ4P5DQ1", "level": "info", "timestamp": "2026-06-12T16:41:33.347588Z"}
{"node": "assess", "reranked_count": 5, "event": "start", "query_preview": "According to the developer guidelines, what is the exact maximum line length in ", "correlation_id": "01KTYBB2AQDEV5X3NCNJ4P5DQ1", "level": "info", "timestamp": "2026-06-12T16:41:33.348362Z"}
{"prompt_tag": "assess_sufficiency@v4", "schema": "SufficiencyAssessment", "model": "cyankiwi/Qwen3.5-4B-AWQ-4bit", "max_tokens": 1024, "temperature": 0.1, "top_p": 0.8, "presence_penalty": 1.0, "seed": 42, "message_count": 1, "event": "model_call.start", "query_preview": "According to the developer guidelines, what is the exact maximum line length in ", "correlation_id": "01KTYBB2AQDEV5X3NCNJ4P5DQ1", "level": "info", "timestamp": "2026-06-12T16:41:33.349669Z"}
Authentication error: Langfuse client initialized without public_key. Client will be disabled. Provide a public_key parameter or set LANGFUSE_PUBLIC_KEY environment variable. 
{"prompt_tag": "assess_sufficiency@v4", "schema": "SufficiencyAssessment", "tokens": 2075, "event": "model_call.done", "query_preview": "According to the developer guidelines, what is the exact maximum line length in ", "correlation_id": "01KTYBB2AQDEV5X3NCNJ4P5DQ1", "level": "info", "timestamp": "2026-06-12T16:41:33.977279Z"}
{"node": "answer", "regenerate_attempt": 0, "event": "start", "query_preview": "According to the developer guidelines, what is the exact maximum line length in ", "correlation_id": "01KTYBB2AQDEV5X3NCNJ4P5DQ1", "level": "info", "timestamp": "2026-06-12T16:41:33.978451Z"}
{"prompt_tag": "answer@v5", "schema": "DraftAnswer", "model": "cyankiwi/Qwen3.5-4B-AWQ-4bit", "max_tokens": 1800, "temperature": 0.1, "top_p": 0.8, "presence_penalty": 1.0, "seed": 42, "message_count": 2, "event": "model_call.start", "query_preview": "According to the developer guidelines, what is the exact maximum line length in ", "correlation_id": "01KTYBB2AQDEV5X3NCNJ4P5DQ1", "level": "info", "timestamp": "2026-06-12T16:41:33.980387Z"}
Authentication error: Langfuse client initialized without public_key. Client will be disabled. Provide a public_key parameter or set LANGFUSE_PUBLIC_KEY environment variable. 
{"prompt_tag": "answer@v5", "schema": "DraftAnswer", "tokens": 3645, "event": "model_call.done", "query_preview": "According to the developer guidelines, what is the exact maximum line length in ", "correlation_id": "01KTYBB2AQDEV5X3NCNJ4P5DQ1", "level": "info", "timestamp": "2026-06-12T16:41:34.708458Z"}
{"node": "verify", "claim_count": 0, "event": "start", "query_preview": "According to the developer guidelines, what is the exact maximum line length in ", "correlation_id": "01KTYBB2AQDEV5X3NCNJ4P5DQ1", "level": "info", "timestamp": "2026-06-12T16:41:34.709333Z"}
{"node": "verify", "event": "empty_draft_shortcircuit", "query_preview": "According to the developer guidelines, what is the exact maximum line length in ", "correlation_id": "01KTYBB2AQDEV5X3NCNJ4P5DQ1", "level": "info", "timestamp": "2026-06-12T16:41:34.709376Z"}
{"node": "assess_relevance", "event": "start", "query_preview": "According to the developer guidelines, what is the exact maximum line length in ", "correlation_id": "01KTYBB2AQDEV5X3NCNJ4P5DQ1", "level": "info", "timestamp": "2026-06-12T16:41:34.710262Z"}
{"prompt_tag": "assess_relevance@v3", "schema": "RelevanceAssessment", "model": "cyankiwi/Qwen3.5-4B-AWQ-4bit", "max_tokens": 1024, "temperature": 0.1, "top_p": 0.8, "presence_penalty": 1.0, "seed": 42, "message_count": 1, "event": "model_call.start", "query_preview": "According to the developer guidelines, what is the exact maximum line length in ", "correlation_id": "01KTYBB2AQDEV5X3NCNJ4P5DQ1", "level": "info", "timestamp": "2026-06-12T16:41:34.711250Z"}
Authentication error: Langfuse client initialized without public_key. Client will be disabled. Provide a public_key parameter or set LANGFUSE_PUBLIC_KEY environment variable. 
{"prompt_tag": "assess_relevance@v3", "schema": "RelevanceAssessment", "tokens": 847, "event": "model_call.done", "query_preview": "According to the developer guidelines, what is the exact maximum line length in ", "correlation_id": "01KTYBB2AQDEV5X3NCNJ4P5DQ1", "level": "info", "timestamp": "2026-06-12T16:41:35.169500Z"}
{"node": "assess_relevance", "responsive": true, "event": "relevance", "query_preview": "According to the developer guidelines, what is the exact maximum line length in ", "correlation_id": "01KTYBB2AQDEV5X3NCNJ4P5DQ1", "level": "info", "timestamp": "2026-06-12T16:41:35.169556Z"}
{"node": "compose", "event": "start", "query_preview": "According to the developer guidelines, what is the exact maximum line length in ", "correlation_id": "01KTYBB2AQDEV5X3NCNJ4P5DQ1", "level": "info", "timestamp": "2026-06-12T16:41:35.170940Z"}
[mini] tg-13 run2: answered=False via_prov=False reason=Verification returned no grounded claims; I won't ship a summary without citations to back it.

MINI-SWEEP: 0 new refusals /30 (gate 0); tg-13 refused 2/2 (gate 2) -> PASS
