{"vault_path": "/home/drei/.memex/vault", "event": "bootstrap", "level": "info", "timestamp": "2026-06-12T18:21:09.744887Z"}
{"estimated_gb": 11.8, "budget_gb": 9.8, "total_gb": 11.6, "gpu": "NVIDIA GeForce RTX 4070", "vlm_counted": false, "co_residence_mode": "manual", "embedder_device": "cpu", "reranker_device": "cpu", "fix": "lower hardware.gpu_memory_fraction, switch to a lighter co-residence mode (MEMEX_MODELS__CO_RESIDENCE_MODE=full puts the reranker on CPU), switch to a smaller VLM variant (vlm_quantization=awq_int4), or reduce the orchestrator quant tier", "event": "vram.budget.tight", "level": "warning", "timestamp": "2026-06-12T18:21:10.579042Z"}
{"component": "bootstrap.gpu", "total_gb": 11.56, "free_gb": 4.47, "holders": ["pid 382037: VLLM::EngineCore (6170 MiB)", "pid 1124847: /home/drei/project/Doc_Flo/.venv/bin/python3 (154 MiB)"], "event": "gpu.preflight", "level": "info", "timestamp": "2026-06-12T18:21:10.683264Z"}
{"query_count": 34, "quick": false, "event": "eval.start", "level": "info", "timestamp": "2026-06-12T18:21:10.729215Z"}
Authentication error: Langfuse client initialized without public_key. Client will be disabled. Provide a public_key parameter or set LANGFUSE_PUBLIC_KEY environment variable. 
{"node": "retrieve", "query_len": 90, "event": "start", "query_preview": "What is the energy cost of FP16 matrix multiplication relative to FP32, in FMA o", "correlation_id": "01KTYH22699GEXTG0NB59Y27VQ", "level": "info", "timestamp": "2026-06-12T18:21:10.756664Z"}
{"query_len": 90, "k": 50, "event": "hybrid.start", "query_preview": "What is the energy cost of FP16 matrix multiplication relative to FP32, in FMA o", "correlation_id": "01KTYH22699GEXTG0NB59Y27VQ", "level": "info", "timestamp": "2026-06-12T18:21:10.756726Z"}
{"name": "embedder", "event": "model.load.start", "query_preview": "What is the energy cost of FP16 matrix multiplication relative to FP32, in FMA o", "correlation_id": "01KTYH22699GEXTG0NB59Y27VQ", "level": "info", "timestamp": "2026-06-12T18:21:10.760348Z"}
`torch_dtype` is deprecated! Use `dtype` instead!
{"name": "embedder", "event": "model.load.done", "query_preview": "What is the energy cost of FP16 matrix multiplication relative to FP32, in FMA o", "correlation_id": "01KTYH22699GEXTG0NB59Y27VQ", "level": "info", "timestamp": "2026-06-12T18:21:14.776242Z"}
{"query_len": 90, "k": 50, "dense": 50, "bm25": 0, "fused": 50, "term": false, "event": "hybrid.done", "query_preview": "What is the energy cost of FP16 matrix multiplication relative to FP32, in FMA o", "correlation_id": "01KTYH22699GEXTG0NB59Y27VQ", "level": "info", "timestamp": "2026-06-12T18:21:15.293349Z"}
{"node": "retrieve", "candidate_count": 50, "event": "done", "query_preview": "What is the energy cost of FP16 matrix multiplication relative to FP32, in FMA o", "correlation_id": "01KTYH22699GEXTG0NB59Y27VQ", "level": "info", "timestamp": "2026-06-12T18:21:15.294226Z"}
{"node": "expand_graph", "reason": "disabled_or_empty", "event": "skip", "query_preview": "What is the energy cost of FP16 matrix multiplication relative to FP32, in FMA o", "correlation_id": "01KTYH22699GEXTG0NB59Y27VQ", "level": "info", "timestamp": "2026-06-12T18:21:15.295927Z"}
{"node": "rerank", "candidate_count": 50, "event": "start", "query_preview": "What is the energy cost of FP16 matrix multiplication relative to FP32, in FMA o", "correlation_id": "01KTYH22699GEXTG0NB59Y27VQ", "level": "info", "timestamp": "2026-06-12T18:21:15.296463Z"}
{"node": "rerank", "top_k": 5, "source": "mode", "event": "top_k_resolved", "query_preview": "What is the energy cost of FP16 matrix multiplication relative to FP32, in FMA o", "correlation_id": "01KTYH22699GEXTG0NB59Y27VQ", "level": "info", "timestamp": "2026-06-12T18:21:15.296515Z"}
{"candidates": 50, "top_k": 5, "backend": "cross_encoder", "event": "rerank.start", "query_preview": "What is the energy cost of FP16 matrix multiplication relative to FP32, in FMA o", "correlation_id": "01KTYH22699GEXTG0NB59Y27VQ", "level": "info", "timestamp": "2026-06-12T18:21:15.296547Z"}
{"name": "reranker", "event": "model.load.start", "query_preview": "What is the energy cost of FP16 matrix multiplication relative to FP32, in FMA o", "correlation_id": "01KTYH22699GEXTG0NB59Y27VQ", "level": "info", "timestamp": "2026-06-12T18:21:15.296580Z"}
{"name": "reranker", "event": "model.load.done", "query_preview": "What is the energy cost of FP16 matrix multiplication relative to FP32, in FMA o", "correlation_id": "01KTYH22699GEXTG0NB59Y27VQ", "level": "info", "timestamp": "2026-06-12T18:21:16.272233Z"}
{"candidates": 50, "top_k": 5, "backend": "cross_encoder", "returned": 5, "event": "rerank.done", "query_preview": "What is the energy cost of FP16 matrix multiplication relative to FP32, in FMA o", "correlation_id": "01KTYH22699GEXTG0NB59Y27VQ", "level": "info", "timestamp": "2026-06-12T18:21:42.576407Z"}
{"node": "rerank", "reranked_count": 5, "event": "done", "query_preview": "What is the energy cost of FP16 matrix multiplication relative to FP32, in FMA o", "correlation_id": "01KTYH22699GEXTG0NB59Y27VQ", "level": "info", "timestamp": "2026-06-12T18:21:42.576513Z"}
{"node": "query_tables", "reason": "empty_or_not_table_shaped", "event": "skip", "query_preview": "What is the energy cost of FP16 matrix multiplication relative to FP32, in FMA o", "correlation_id": "01KTYH22699GEXTG0NB59Y27VQ", "level": "info", "timestamp": "2026-06-12T18:21:42.578447Z"}
{"node": "assess", "reranked_count": 5, "event": "start", "query_preview": "What is the energy cost of FP16 matrix multiplication relative to FP32, in FMA o", "correlation_id": "01KTYH22699GEXTG0NB59Y27VQ", "level": "info", "timestamp": "2026-06-12T18:21:42.579141Z"}
{"prompt_tag": "assess_sufficiency@v4", "schema": "SufficiencyAssessment", "model": "cyankiwi/Qwen3.5-4B-AWQ-4bit", "max_tokens": 1024, "temperature": 0.1, "top_p": 0.8, "presence_penalty": 1.0, "seed": 42, "message_count": 1, "event": "model_call.start", "query_preview": "What is the energy cost of FP16 matrix multiplication relative to FP32, in FMA o", "correlation_id": "01KTYH22699GEXTG0NB59Y27VQ", "level": "info", "timestamp": "2026-06-12T18:21:42.582419Z"}
Authentication error: Langfuse client initialized without public_key. Client will be disabled. Provide a public_key parameter or set LANGFUSE_PUBLIC_KEY environment variable. 
{"prompt_tag": "assess_sufficiency@v4", "schema": "SufficiencyAssessment", "tokens": 3317, "event": "model_call.done", "query_preview": "What is the energy cost of FP16 matrix multiplication relative to FP32, in FMA o", "correlation_id": "01KTYH22699GEXTG0NB59Y27VQ", "level": "info", "timestamp": "2026-06-12T18:21:43.541591Z"}
{"node": "answer", "regenerate_attempt": 0, "event": "start", "query_preview": "What is the energy cost of FP16 matrix multiplication relative to FP32, in FMA o", "correlation_id": "01KTYH22699GEXTG0NB59Y27VQ", "level": "info", "timestamp": "2026-06-12T18:21:43.543623Z"}
{"prompt_tag": "answer@v5", "schema": "DraftAnswer", "model": "cyankiwi/Qwen3.5-4B-AWQ-4bit", "max_tokens": 1800, "temperature": 0.1, "top_p": 0.8, "presence_penalty": 1.0, "seed": 42, "message_count": 2, "event": "model_call.start", "query_preview": "What is the energy cost of FP16 matrix multiplication relative to FP32, in FMA o", "correlation_id": "01KTYH22699GEXTG0NB59Y27VQ", "level": "info", "timestamp": "2026-06-12T18:21:43.546088Z"}
Authentication error: Langfuse client initialized without public_key. Client will be disabled. Provide a public_key parameter or set LANGFUSE_PUBLIC_KEY environment variable. 
{"prompt_tag": "answer@v5", "schema": "DraftAnswer", "tokens": 5002, "event": "model_call.done", "query_preview": "What is the energy cost of FP16 matrix multiplication relative to FP32, in FMA o", "correlation_id": "01KTYH22699GEXTG0NB59Y27VQ", "level": "info", "timestamp": "2026-06-12T18:21:45.593456Z"}
{"node": "answer", "exact": 0, "suffix": 0, "fuzzy": 1, "unresolved": 0, "event": "chunk_id_repair", "query_preview": "What is the energy cost of FP16 matrix multiplication relative to FP32, in FMA o", "correlation_id": "01KTYH22699GEXTG0NB59Y27VQ", "level": "info", "timestamp": "2026-06-12T18:21:45.593631Z"}
{"node": "verify", "claim_count": 1, "event": "start", "query_preview": "What is the energy cost of FP16 matrix multiplication relative to FP32, in FMA o", "correlation_id": "01KTYH22699GEXTG0NB59Y27VQ", "level": "info", "timestamp": "2026-06-12T18:21:45.594658Z"}
{"prompt_tag": "verify_grounding@v2", "schema": "VerificationResult", "model": "cyankiwi/Qwen3.5-4B-AWQ-4bit", "max_tokens": 1024, "temperature": 0.1, "top_p": 0.8, "presence_penalty": 1.0, "seed": 42, "message_count": 1, "event": "model_call.start", "query_preview": "What is the energy cost of FP16 matrix multiplication relative to FP32, in FMA o", "correlation_id": "01KTYH22699GEXTG0NB59Y27VQ", "level": "info", "timestamp": "2026-06-12T18:21:45.599112Z"}
Authentication error: Langfuse client initialized without public_key. Client will be disabled. Provide a public_key parameter or set LANGFUSE_PUBLIC_KEY environment variable. 
{"prompt_tag": "verify_grounding@v2", "schema": "VerificationResult", "tokens": 2142, "event": "model_call.done", "query_preview": "What is the energy cost of FP16 matrix multiplication relative to FP32, in FMA o", "correlation_id": "01KTYH22699GEXTG0NB59Y27VQ", "level": "info", "timestamp": "2026-06-12T18:21:46.113263Z"}
{"node": "assess_relevance", "event": "start", "query_preview": "What is the energy cost of FP16 matrix multiplication relative to FP32, in FMA o", "correlation_id": "01KTYH22699GEXTG0NB59Y27VQ", "level": "info", "timestamp": "2026-06-12T18:21:46.115241Z"}
{"prompt_tag": "assess_relevance@v3", "schema": "RelevanceAssessment", "model": "cyankiwi/Qwen3.5-4B-AWQ-4bit", "max_tokens": 1024, "temperature": 0.1, "top_p": 0.8, "presence_penalty": 1.0, "seed": 42, "message_count": 1, "event": "model_call.start", "query_preview": "What is the energy cost of FP16 matrix multiplication relative to FP32, in FMA o", "correlation_id": "01KTYH22699GEXTG0NB59Y27VQ", "level": "info", "timestamp": "2026-06-12T18:21:46.116796Z"}
Authentication error: Langfuse client initialized without public_key. Client will be disabled. Provide a public_key parameter or set LANGFUSE_PUBLIC_KEY environment variable. 
{"prompt_tag": "assess_relevance@v3", "schema": "RelevanceAssessment", "tokens": 887, "event": "model_call.done", "query_preview": "What is the energy cost of FP16 matrix multiplication relative to FP32, in FMA o", "correlation_id": "01KTYH22699GEXTG0NB59Y27VQ", "level": "info", "timestamp": "2026-06-12T18:21:46.556202Z"}
{"node": "assess_relevance", "responsive": true, "event": "relevance", "query_preview": "What is the energy cost of FP16 matrix multiplication relative to FP32, in FMA o", "correlation_id": "01KTYH22699GEXTG0NB59Y27VQ", "level": "info", "timestamp": "2026-06-12T18:21:46.556262Z"}
{"node": "compose", "event": "start", "query_preview": "What is the energy cost of FP16 matrix multiplication relative to FP32, in FMA o", "correlation_id": "01KTYH22699GEXTG0NB59Y27VQ", "level": "info", "timestamp": "2026-06-12T18:21:46.558023Z"}
Authentication error: Langfuse client initialized without public_key. Client will be disabled. Provide a public_key parameter or set LANGFUSE_PUBLIC_KEY environment variable. 
{"node": "retrieve", "query_len": 94, "event": "start", "query_preview": "What are the two main categories where modern processors spend power, according ", "correlation_id": "01KTYH355Y7CC5AZ0KCHJZ5HRM", "level": "info", "timestamp": "2026-06-12T18:21:46.560326Z"}
{"query_len": 94, "k": 50, "event": "hybrid.start", "query_preview": "What are the two main categories where modern processors spend power, according ", "correlation_id": "01KTYH355Y7CC5AZ0KCHJZ5HRM", "level": "info", "timestamp": "2026-06-12T18:21:46.560371Z"}
{"query_len": 94, "k": 50, "dense": 50, "bm25": 0, "fused": 50, "term": false, "event": "hybrid.done", "query_preview": "What are the two main categories where modern processors spend power, according ", "correlation_id": "01KTYH355Y7CC5AZ0KCHJZ5HRM", "level": "info", "timestamp": "2026-06-12T18:21:46.643472Z"}
{"node": "retrieve", "candidate_count": 50, "event": "done", "query_preview": "What are the two main categories where modern processors spend power, according ", "correlation_id": "01KTYH355Y7CC5AZ0KCHJZ5HRM", "level": "info", "timestamp": "2026-06-12T18:21:46.644365Z"}
{"node": "expand_graph", "reason": "disabled_or_empty", "event": "skip", "query_preview": "What are the two main categories where modern processors spend power, according ", "correlation_id": "01KTYH355Y7CC5AZ0KCHJZ5HRM", "level": "info", "timestamp": "2026-06-12T18:21:46.645627Z"}
{"node": "rerank", "candidate_count": 50, "event": "start", "query_preview": "What are the two main categories where modern processors spend power, according ", "correlation_id": "01KTYH355Y7CC5AZ0KCHJZ5HRM", "level": "info", "timestamp": "2026-06-12T18:21:46.646129Z"}
{"node": "rerank", "top_k": 5, "source": "mode", "event": "top_k_resolved", "query_preview": "What are the two main categories where modern processors spend power, according ", "correlation_id": "01KTYH355Y7CC5AZ0KCHJZ5HRM", "level": "info", "timestamp": "2026-06-12T18:21:46.646181Z"}
{"candidates": 50, "top_k": 5, "backend": "cross_encoder", "event": "rerank.start", "query_preview": "What are the two main categories where modern processors spend power, according ", "correlation_id": "01KTYH355Y7CC5AZ0KCHJZ5HRM", "level": "info", "timestamp": "2026-06-12T18:21:46.646206Z"}
{"candidates": 50, "top_k": 5, "backend": "cross_encoder", "returned": 5, "event": "rerank.done", "query_preview": "What are the two main categories where modern processors spend power, according ", "correlation_id": "01KTYH355Y7CC5AZ0KCHJZ5HRM", "level": "info", "timestamp": "2026-06-12T18:22:15.649199Z"}
{"node": "rerank", "reranked_count": 5, "event": "done", "query_preview": "What are the two main categories where modern processors spend power, according ", "correlation_id": "01KTYH355Y7CC5AZ0KCHJZ5HRM", "level": "info", "timestamp": "2026-06-12T18:22:15.649299Z"}
{"node": "query_tables", "reason": "empty_or_not_table_shaped", "event": "skip", "query_preview": "What are the two main categories where modern processors spend power, according ", "correlation_id": "01KTYH355Y7CC5AZ0KCHJZ5HRM", "level": "info", "timestamp": "2026-06-12T18:22:15.651075Z"}
{"node": "assess", "reranked_count": 5, "event": "start", "query_preview": "What are the two main categories where modern processors spend power, according ", "correlation_id": "01KTYH355Y7CC5AZ0KCHJZ5HRM", "level": "info", "timestamp": "2026-06-12T18:22:15.651775Z"}
{"prompt_tag": "assess_sufficiency@v4", "schema": "SufficiencyAssessment", "model": "cyankiwi/Qwen3.5-4B-AWQ-4bit", "max_tokens": 1024, "temperature": 0.1, "top_p": 0.8, "presence_penalty": 1.0, "seed": 42, "message_count": 1, "event": "model_call.start", "query_preview": "What are the two main categories where modern processors spend power, according ", "correlation_id": "01KTYH355Y7CC5AZ0KCHJZ5HRM", "level": "info", "timestamp": "2026-06-12T18:22:15.653675Z"}
Authentication error: Langfuse client initialized without public_key. Client will be disabled. Provide a public_key parameter or set LANGFUSE_PUBLIC_KEY environment variable. 
{"prompt_tag": "assess_sufficiency@v4", "schema": "SufficiencyAssessment", "tokens": 1279, "event": "model_call.done", "query_preview": "What are the two main categories where modern processors spend power, according ", "correlation_id": "01KTYH355Y7CC5AZ0KCHJZ5HRM", "level": "info", "timestamp": "2026-06-12T18:22:16.600162Z"}
{"node": "answer", "regenerate_attempt": 0, "event": "start", "query_preview": "What are the two main categories where modern processors spend power, according ", "correlation_id": "01KTYH355Y7CC5AZ0KCHJZ5HRM", "level": "info", "timestamp": "2026-06-12T18:22:16.601440Z"}
{"prompt_tag": "answer@v5", "schema": "DraftAnswer", "model": "cyankiwi/Qwen3.5-4B-AWQ-4bit", "max_tokens": 1800, "temperature": 0.1, "top_p": 0.8, "presence_penalty": 1.0, "seed": 42, "message_count": 2, "event": "model_call.start", "query_preview": "What are the two main categories where modern processors spend power, according ", "correlation_id": "01KTYH355Y7CC5AZ0KCHJZ5HRM", "level": "info", "timestamp": "2026-06-12T18:22:16.603490Z"}
Authentication error: Langfuse client initialized without public_key. Client will be disabled. Provide a public_key parameter or set LANGFUSE_PUBLIC_KEY environment variable. 
{"prompt_tag": "answer@v5", "schema": "DraftAnswer", "tokens": 2883, "event": "model_call.done", "query_preview": "What are the two main categories where modern processors spend power, according ", "correlation_id": "01KTYH355Y7CC5AZ0KCHJZ5HRM", "level": "info", "timestamp": "2026-06-12T18:22:17.913675Z"}
{"node": "verify", "claim_count": 1, "event": "start", "query_preview": "What are the two main categories where modern processors spend power, according ", "correlation_id": "01KTYH355Y7CC5AZ0KCHJZ5HRM", "level": "info", "timestamp": "2026-06-12T18:22:17.914541Z"}
{"prompt_tag": "verify_grounding@v2", "schema": "VerificationResult", "model": "cyankiwi/Qwen3.5-4B-AWQ-4bit", "max_tokens": 1024, "temperature": 0.1, "top_p": 0.8, "presence_penalty": 1.0, "seed": 42, "message_count": 1, "event": "model_call.start", "query_preview": "What are the two main categories where modern processors spend power, according ", "correlation_id": "01KTYH355Y7CC5AZ0KCHJZ5HRM", "level": "info", "timestamp": "2026-06-12T18:22:17.917796Z"}
Authentication error: Langfuse client initialized without public_key. Client will be disabled. Provide a public_key parameter or set LANGFUSE_PUBLIC_KEY environment variable. 
{"prompt_tag": "verify_grounding@v2", "schema": "VerificationResult", "tokens": 1168, "event": "model_call.done", "query_preview": "What are the two main categories where modern processors spend power, according ", "correlation_id": "01KTYH355Y7CC5AZ0KCHJZ5HRM", "level": "info", "timestamp": "2026-06-12T18:22:18.280566Z"}
{"node": "assess_relevance", "event": "start", "query_preview": "What are the two main categories where modern processors spend power, according ", "correlation_id": "01KTYH355Y7CC5AZ0KCHJZ5HRM", "level": "info", "timestamp": "2026-06-12T18:22:18.281885Z"}
{"prompt_tag": "assess_relevance@v3", "schema": "RelevanceAssessment", "model": "cyankiwi/Qwen3.5-4B-AWQ-4bit", "max_tokens": 1024, "temperature": 0.1, "top_p": 0.8, "presence_penalty": 1.0, "seed": 42, "message_count": 1, "event": "model_call.start", "query_preview": "What are the two main categories where modern processors spend power, according ", "correlation_id": "01KTYH355Y7CC5AZ0KCHJZ5HRM", "level": "info", "timestamp": "2026-06-12T18:22:18.282856Z"}
Authentication error: Langfuse client initialized without public_key. Client will be disabled. Provide a public_key parameter or set LANGFUSE_PUBLIC_KEY environment variable. 
{"prompt_tag": "assess_relevance@v3", "schema": "RelevanceAssessment", "tokens": 829, "event": "model_call.done", "query_preview": "What are the two main categories where modern processors spend power, according ", "correlation_id": "01KTYH355Y7CC5AZ0KCHJZ5HRM", "level": "info", "timestamp": "2026-06-12T18:22:18.644596Z"}
{"node": "assess_relevance", "responsive": true, "event": "relevance", "query_preview": "What are the two main categories where modern processors spend power, according ", "correlation_id": "01KTYH355Y7CC5AZ0KCHJZ5HRM", "level": "info", "timestamp": "2026-06-12T18:22:18.644657Z"}
{"node": "compose", "event": "start", "query_preview": "What are the two main categories where modern processors spend power, according ", "correlation_id": "01KTYH355Y7CC5AZ0KCHJZ5HRM", "level": "info", "timestamp": "2026-06-12T18:22:18.645777Z"}
Authentication error: Langfuse client initialized without public_key. Client will be disabled. Provide a public_key parameter or set LANGFUSE_PUBLIC_KEY environment variable. 
{"node": "retrieve", "query_len": 84, "event": "start", "query_preview": "How does the power cost of floating point arithmetic scale with the mantissa len", "correlation_id": "01KTYH44GPVV2C58CB6E50MB1D", "level": "info", "timestamp": "2026-06-12T18:22:18.647210Z"}
{"query_len": 84, "k": 50, "event": "hybrid.start", "query_preview": "How does the power cost of floating point arithmetic scale with the mantissa len", "correlation_id": "01KTYH44GPVV2C58CB6E50MB1D", "level": "info", "timestamp": "2026-06-12T18:22:18.647243Z"}
{"query_len": 84, "k": 50, "dense": 50, "bm25": 0, "fused": 50, "term": false, "event": "hybrid.done", "query_preview": "How does the power cost of floating point arithmetic scale with the mantissa len", "correlation_id": "01KTYH44GPVV2C58CB6E50MB1D", "level": "info", "timestamp": "2026-06-12T18:22:18.717996Z"}
{"node": "retrieve", "candidate_count": 50, "event": "done", "query_preview": "How does the power cost of floating point arithmetic scale with the mantissa len", "correlation_id": "01KTYH44GPVV2C58CB6E50MB1D", "level": "info", "timestamp": "2026-06-12T18:22:18.718954Z"}
{"node": "expand_graph", "reason": "disabled_or_empty", "event": "skip", "query_preview": "How does the power cost of floating point arithmetic scale with the mantissa len", "correlation_id": "01KTYH44GPVV2C58CB6E50MB1D", "level": "info", "timestamp": "2026-06-12T18:22:18.720242Z"}
{"node": "rerank", "candidate_count": 50, "event": "start", "query_preview": "How does the power cost of floating point arithmetic scale with the mantissa len", "correlation_id": "01KTYH44GPVV2C58CB6E50MB1D", "level": "info", "timestamp": "2026-06-12T18:22:18.720744Z"}
{"node": "rerank", "top_k": 5, "source": "mode", "event": "top_k_resolved", "query_preview": "How does the power cost of floating point arithmetic scale with the mantissa len", "correlation_id": "01KTYH44GPVV2C58CB6E50MB1D", "level": "info", "timestamp": "2026-06-12T18:22:18.720791Z"}
{"candidates": 50, "top_k": 5, "backend": "cross_encoder", "event": "rerank.start", "query_preview": "How does the power cost of floating point arithmetic scale with the mantissa len", "correlation_id": "01KTYH44GPVV2C58CB6E50MB1D", "level": "info", "timestamp": "2026-06-12T18:22:18.720814Z"}
{"candidates": 50, "top_k": 5, "backend": "cross_encoder", "returned": 5, "event": "rerank.done", "query_preview": "How does the power cost of floating point arithmetic scale with the mantissa len", "correlation_id": "01KTYH44GPVV2C58CB6E50MB1D", "level": "info", "timestamp": "2026-06-12T18:22:50.031048Z"}
{"node": "rerank", "reranked_count": 5, "event": "done", "query_preview": "How does the power cost of floating point arithmetic scale with the mantissa len", "correlation_id": "01KTYH44GPVV2C58CB6E50MB1D", "level": "info", "timestamp": "2026-06-12T18:22:50.031229Z"}
{"node": "query_tables", "reason": "empty_or_not_table_shaped", "event": "skip", "query_preview": "How does the power cost of floating point arithmetic scale with the mantissa len", "correlation_id": "01KTYH44GPVV2C58CB6E50MB1D", "level": "info", "timestamp": "2026-06-12T18:22:50.033147Z"}
{"node": "assess", "reranked_count": 5, "event": "start", "query_preview": "How does the power cost of floating point arithmetic scale with the mantissa len", "correlation_id": "01KTYH44GPVV2C58CB6E50MB1D", "level": "info", "timestamp": "2026-06-12T18:22:50.033872Z"}
{"prompt_tag": "assess_sufficiency@v4", "schema": "SufficiencyAssessment", "model": "cyankiwi/Qwen3.5-4B-AWQ-4bit", "max_tokens": 1024, "temperature": 0.1, "top_p": 0.8, "presence_penalty": 1.0, "seed": 42, "message_count": 1, "event": "model_call.start", "query_preview": "How does the power cost of floating point arithmetic scale with the mantissa len", "correlation_id": "01KTYH44GPVV2C58CB6E50MB1D", "level": "info", "timestamp": "2026-06-12T18:22:50.035762Z"}
Authentication error: Langfuse client initialized without public_key. Client will be disabled. Provide a public_key parameter or set LANGFUSE_PUBLIC_KEY environment variable. 
{"prompt_tag": "assess_sufficiency@v4", "schema": "SufficiencyAssessment", "tokens": 3350, "event": "model_call.done", "query_preview": "How does the power cost of floating point arithmetic scale with the mantissa len", "correlation_id": "01KTYH44GPVV2C58CB6E50MB1D", "level": "info", "timestamp": "2026-06-12T18:22:51.030075Z"}
{"node": "answer", "regenerate_attempt": 0, "event": "start", "query_preview": "How does the power cost of floating point arithmetic scale with the mantissa len", "correlation_id": "01KTYH44GPVV2C58CB6E50MB1D", "level": "info", "timestamp": "2026-06-12T18:22:51.031783Z"}
{"prompt_tag": "answer@v5", "schema": "DraftAnswer", "model": "cyankiwi/Qwen3.5-4B-AWQ-4bit", "max_tokens": 1800, "temperature": 0.1, "top_p": 0.8, "presence_penalty": 1.0, "seed": 42, "message_count": 2, "event": "model_call.start", "query_preview": "How does the power cost of floating point arithmetic scale with the mantissa len", "correlation_id": "01KTYH44GPVV2C58CB6E50MB1D", "level": "info", "timestamp": "2026-06-12T18:22:51.034456Z"}
Authentication error: Langfuse client initialized without public_key. Client will be disabled. Provide a public_key parameter or set LANGFUSE_PUBLIC_KEY environment variable. 
{"prompt_tag": "answer@v5", "schema": "DraftAnswer", "tokens": 5002, "event": "model_call.done", "query_preview": "How does the power cost of floating point arithmetic scale with the mantissa len", "correlation_id": "01KTYH44GPVV2C58CB6E50MB1D", "level": "info", "timestamp": "2026-06-12T18:22:52.838477Z"}
{"node": "verify", "claim_count": 1, "event": "start", "query_preview": "How does the power cost of floating point arithmetic scale with the mantissa len", "correlation_id": "01KTYH44GPVV2C58CB6E50MB1D", "level": "info", "timestamp": "2026-06-12T18:22:52.839555Z"}
{"prompt_tag": "verify_grounding@v2", "schema": "VerificationResult", "model": "cyankiwi/Qwen3.5-4B-AWQ-4bit", "max_tokens": 1024, "temperature": 0.1, "top_p": 0.8, "presence_penalty": 1.0, "seed": 42, "message_count": 1, "event": "model_call.start", "query_preview": "How does the power cost of floating point arithmetic scale with the mantissa len", "correlation_id": "01KTYH44GPVV2C58CB6E50MB1D", "level": "info", "timestamp": "2026-06-12T18:22:52.843516Z"}
Authentication error: Langfuse client initialized without public_key. Client will be disabled. Provide a public_key parameter or set LANGFUSE_PUBLIC_KEY environment variable. 
{"prompt_tag": "verify_grounding@v2", "schema": "VerificationResult", "tokens": 2042, "event": "model_call.done", "query_preview": "How does the power cost of floating point arithmetic scale with the mantissa len", "correlation_id": "01KTYH44GPVV2C58CB6E50MB1D", "level": "info", "timestamp": "2026-06-12T18:22:53.334599Z"}
{"prompt_tag": "verify_grounding@v2", "schema": "VerificationResult", "model": "cyankiwi/Qwen3.5-4B-AWQ-4bit", "max_tokens": 1024, "temperature": 0.1, "top_p": 0.8, "presence_penalty": 1.0, "seed": 42, "message_count": 1, "event": "model_call.start", "query_preview": "How does the power cost of floating point arithmetic scale with the mantissa len", "correlation_id": "01KTYH44GPVV2C58CB6E50MB1D", "level": "info", "timestamp": "2026-06-12T18:22:53.338165Z"}
Authentication error: Langfuse client initialized without public_key. Client will be disabled. Provide a public_key parameter or set LANGFUSE_PUBLIC_KEY environment variable. 
{"prompt_tag": "verify_grounding@v2", "schema": "VerificationResult", "tokens": 629, "event": "model_call.done", "query_preview": "How does the power cost of floating point arithmetic scale with the mantissa len", "correlation_id": "01KTYH44GPVV2C58CB6E50MB1D", "level": "info", "timestamp": "2026-06-12T18:22:53.620608Z"}
{"prompt_tag": "verify_grounding@v2", "schema": "VerificationResult", "model": "cyankiwi/Qwen3.5-4B-AWQ-4bit", "max_tokens": 1024, "temperature": 0.1, "top_p": 0.8, "presence_penalty": 1.0, "seed": 42, "message_count": 1, "event": "model_call.start", "query_preview": "How does the power cost of floating point arithmetic scale with the mantissa len", "correlation_id": "01KTYH44GPVV2C58CB6E50MB1D", "level": "info", "timestamp": "2026-06-12T18:22:53.622556Z"}
Authentication error: Langfuse client initialized without public_key. Client will be disabled. Provide a public_key parameter or set LANGFUSE_PUBLIC_KEY environment variable. 
{"prompt_tag": "verify_grounding@v2", "schema": "VerificationResult", "tokens": 844, "event": "model_call.done", "query_preview": "How does the power cost of floating point arithmetic scale with the mantissa len", "correlation_id": "01KTYH44GPVV2C58CB6E50MB1D", "level": "info", "timestamp": "2026-06-12T18:22:53.935826Z"}
{"prompt_tag": "verify_grounding@v2", "schema": "VerificationResult", "model": "cyankiwi/Qwen3.5-4B-AWQ-4bit", "max_tokens": 1024, "temperature": 0.1, "top_p": 0.8, "presence_penalty": 1.0, "seed": 42, "message_count": 1, "event": "model_call.start", "query_preview": "How does the power cost of floating point arithmetic scale with the mantissa len", "correlation_id": "01KTYH44GPVV2C58CB6E50MB1D", "level": "info", "timestamp": "2026-06-12T18:22:53.939150Z"}
Authentication error: Langfuse client initialized without public_key. Client will be disabled. Provide a public_key parameter or set LANGFUSE_PUBLIC_KEY environment variable. 
{"prompt_tag": "verify_grounding@v2", "schema": "VerificationResult", "tokens": 884, "event": "model_call.done", "query_preview": "How does the power cost of floating point arithmetic scale with the mantissa len", "correlation_id": "01KTYH44GPVV2C58CB6E50MB1D", "level": "info", "timestamp": "2026-06-12T18:22:54.256641Z"}
{"prompt_tag": "verify_grounding@v2", "schema": "VerificationResult", "model": "cyankiwi/Qwen3.5-4B-AWQ-4bit", "max_tokens": 1024, "temperature": 0.1, "top_p": 0.8, "presence_penalty": 1.0, "seed": 42, "message_count": 1, "event": "model_call.start", "query_preview": "How does the power cost of floating point arithmetic scale with the mantissa len", "correlation_id": "01KTYH44GPVV2C58CB6E50MB1D", "level": "info", "timestamp": "2026-06-12T18:22:54.258578Z"}
Authentication error: Langfuse client initialized without public_key. Client will be disabled. Provide a public_key parameter or set LANGFUSE_PUBLIC_KEY environment variable. 
{"prompt_tag": "verify_grounding@v2", "schema": "VerificationResult", "tokens": 701, "event": "model_call.done", "query_preview": "How does the power cost of floating point arithmetic scale with the mantissa len", "correlation_id": "01KTYH44GPVV2C58CB6E50MB1D", "level": "info", "timestamp": "2026-06-12T18:22:54.551929Z"}
{"prompt_tag": "verify_grounding@v2", "schema": "VerificationResult", "model": "cyankiwi/Qwen3.5-4B-AWQ-4bit", "max_tokens": 1024, "temperature": 0.1, "top_p": 0.8, "presence_penalty": 1.0, "seed": 42, "message_count": 1, "event": "model_call.start", "query_preview": "How does the power cost of floating point arithmetic scale with the mantissa len", "correlation_id": "01KTYH44GPVV2C58CB6E50MB1D", "level": "info", "timestamp": "2026-06-12T18:22:54.553865Z"}
Authentication error: Langfuse client initialized without public_key. Client will be disabled. Provide a public_key parameter or set LANGFUSE_PUBLIC_KEY environment variable. 
{"prompt_tag": "verify_grounding@v2", "schema": "VerificationResult", "tokens": 618, "event": "model_call.done", "query_preview": "How does the power cost of floating point arithmetic scale with the mantissa len", "correlation_id": "01KTYH44GPVV2C58CB6E50MB1D", "level": "info", "timestamp": "2026-06-12T18:22:54.835325Z"}
{"node": "refuse", "event": "start", "query_preview": "How does the power cost of floating point arithmetic scale with the mantissa len", "correlation_id": "01KTYH44GPVV2C58CB6E50MB1D", "level": "info", "timestamp": "2026-06-12T18:22:54.836800Z"}
Authentication error: Langfuse client initialized without public_key. Client will be disabled. Provide a public_key parameter or set LANGFUSE_PUBLIC_KEY environment variable. 
{"node": "retrieve", "query_len": 101, "event": "start", "query_preview": "What changed about transistor density and power efficiency between 2004 and 2022", "correlation_id": "01KTYH57VN3573YR90CW4W6C6W", "level": "info", "timestamp": "2026-06-12T18:22:54.838616Z"}
{"query_len": 101, "k": 50, "event": "hybrid.start", "query_preview": "What changed about transistor density and power efficiency between 2004 and 2022", "correlation_id": "01KTYH57VN3573YR90CW4W6C6W", "level": "info", "timestamp": "2026-06-12T18:22:54.838659Z"}
{"query_len": 101, "k": 50, "dense": 50, "bm25": 0, "fused": 50, "term": false, "event": "hybrid.done", "query_preview": "What changed about transistor density and power efficiency between 2004 and 2022", "correlation_id": "01KTYH57VN3573YR90CW4W6C6W", "level": "info", "timestamp": "2026-06-12T18:22:54.925936Z"}
{"node": "retrieve", "candidate_count": 50, "event": "done", "query_preview": "What changed about transistor density and power efficiency between 2004 and 2022", "correlation_id": "01KTYH57VN3573YR90CW4W6C6W", "level": "info", "timestamp": "2026-06-12T18:22:54.926948Z"}
{"node": "resolve_artifact_scope", "via": "none-singletoken-ambiguous", "arttype": "chart", "event": "no_scope", "query_preview": "What changed about transistor density and power efficiency between 2004 and 2022", "correlation_id": "01KTYH57VN3573YR90CW4W6C6W", "level": "info", "timestamp": "2026-06-12T18:22:54.929078Z"}
{"node": "expand_graph", "reason": "disabled_or_empty", "event": "skip", "query_preview": "What changed about transistor density and power efficiency between 2004 and 2022", "correlation_id": "01KTYH57VN3573YR90CW4W6C6W", "level": "info", "timestamp": "2026-06-12T18:22:54.929691Z"}
{"node": "rerank", "candidate_count": 50, "event": "start", "query_preview": "What changed about transistor density and power efficiency between 2004 and 2022", "correlation_id": "01KTYH57VN3573YR90CW4W6C6W", "level": "info", "timestamp": "2026-06-12T18:22:54.930197Z"}
{"node": "rerank", "top_k": 5, "source": "mode", "event": "top_k_resolved", "query_preview": "What changed about transistor density and power efficiency between 2004 and 2022", "correlation_id": "01KTYH57VN3573YR90CW4W6C6W", "level": "info", "timestamp": "2026-06-12T18:22:54.930246Z"}
{"candidates": 50, "top_k": 5, "backend": "cross_encoder", "event": "rerank.start", "query_preview": "What changed about transistor density and power efficiency between 2004 and 2022", "correlation_id": "01KTYH57VN3573YR90CW4W6C6W", "level": "info", "timestamp": "2026-06-12T18:22:54.930270Z"}
{"candidates": 50, "top_k": 5, "backend": "cross_encoder", "returned": 5, "event": "rerank.done", "query_preview": "What changed about transistor density and power efficiency between 2004 and 2022", "correlation_id": "01KTYH57VN3573YR90CW4W6C6W", "level": "info", "timestamp": "2026-06-12T18:23:36.442020Z"}
{"node": "rerank", "reranked_count": 5, "event": "done", "query_preview": "What changed about transistor density and power efficiency between 2004 and 2022", "correlation_id": "01KTYH57VN3573YR90CW4W6C6W", "level": "info", "timestamp": "2026-06-12T18:23:36.442122Z"}
{"node": "query_tables", "reason": "empty_or_not_table_shaped", "event": "skip", "query_preview": "What changed about transistor density and power efficiency between 2004 and 2022", "correlation_id": "01KTYH57VN3573YR90CW4W6C6W", "level": "info", "timestamp": "2026-06-12T18:23:36.444272Z"}
{"node": "assess", "reranked_count": 5, "event": "start", "query_preview": "What changed about transistor density and power efficiency between 2004 and 2022", "correlation_id": "01KTYH57VN3573YR90CW4W6C6W", "level": "info", "timestamp": "2026-06-12T18:23:36.445362Z"}
{"prompt_tag": "assess_sufficiency@v4", "schema": "SufficiencyAssessment", "model": "cyankiwi/Qwen3.5-4B-AWQ-4bit", "max_tokens": 1024, "temperature": 0.1, "top_p": 0.8, "presence_penalty": 1.0, "seed": 42, "message_count": 1, "event": "model_call.start", "query_preview": "What changed about transistor density and power efficiency between 2004 and 2022", "correlation_id": "01KTYH57VN3573YR90CW4W6C6W", "level": "info", "timestamp": "2026-06-12T18:23:36.447508Z"}
Authentication error: Langfuse client initialized without public_key. Client will be disabled. Provide a public_key parameter or set LANGFUSE_PUBLIC_KEY environment variable. 
{"prompt_tag": "assess_sufficiency@v4", "schema": "SufficiencyAssessment", "tokens": 2454, "event": "model_call.done", "query_preview": "What changed about transistor density and power efficiency between 2004 and 2022", "correlation_id": "01KTYH57VN3573YR90CW4W6C6W", "level": "info", "timestamp": "2026-06-12T18:23:37.291446Z"}
{"node": "answer", "regenerate_attempt": 0, "event": "start", "query_preview": "What changed about transistor density and power efficiency between 2004 and 2022", "correlation_id": "01KTYH57VN3573YR90CW4W6C6W", "level": "info", "timestamp": "2026-06-12T18:23:37.292575Z"}
{"prompt_tag": "answer@v5", "schema": "DraftAnswer", "model": "cyankiwi/Qwen3.5-4B-AWQ-4bit", "max_tokens": 1800, "temperature": 0.1, "top_p": 0.8, "presence_penalty": 1.0, "seed": 42, "message_count": 2, "event": "model_call.start", "query_preview": "What changed about transistor density and power efficiency between 2004 and 2022", "correlation_id": "01KTYH57VN3573YR90CW4W6C6W", "level": "info", "timestamp": "2026-06-12T18:23:37.294587Z"}
Authentication error: Langfuse client initialized without public_key. Client will be disabled. Provide a public_key parameter or set LANGFUSE_PUBLIC_KEY environment variable. 
{"prompt_tag": "answer@v5", "schema": "DraftAnswer", "tokens": 4068, "event": "model_call.done", "query_preview": "What changed about transistor density and power efficiency between 2004 and 2022", "correlation_id": "01KTYH57VN3573YR90CW4W6C6W", "level": "info", "timestamp": "2026-06-12T18:23:38.599605Z"}
{"node": "answer", "summary_head": "The chunks do not contain specific data about transistor density and power efficiency changes between 2004 and 2022 per ", "event": "answer.denial_reframe_retry", "query_preview": "What changed about transistor density and power efficiency between 2004 and 2022", "correlation_id": "01KTYH57VN3573YR90CW4W6C6W", "level": "info", "timestamp": "2026-06-12T18:23:38.599670Z"}
{"prompt_tag": "answer@v5", "schema": "DraftAnswer", "model": "cyankiwi/Qwen3.5-4B-AWQ-4bit", "max_tokens": 1800, "temperature": 0.1, "top_p": 0.8, "presence_penalty": 1.0, "seed": 42, "message_count": 2, "event": "model_call.start", "query_preview": "What changed about transistor density and power efficiency between 2004 and 2022", "correlation_id": "01KTYH57VN3573YR90CW4W6C6W", "level": "info", "timestamp": "2026-06-12T18:23:38.601629Z"}
Authentication error: Langfuse client initialized without public_key. Client will be disabled. Provide a public_key parameter or set LANGFUSE_PUBLIC_KEY environment variable. 
{"prompt_tag": "answer@v5", "schema": "DraftAnswer", "tokens": 4206, "event": "model_call.done", "query_preview": "What changed about transistor density and power efficiency between 2004 and 2022", "correlation_id": "01KTYH57VN3573YR90CW4W6C6W", "level": "info", "timestamp": "2026-06-12T18:23:39.294804Z"}
{"node": "verify", "claim_count": 0, "event": "start", "query_preview": "What changed about transistor density and power efficiency between 2004 and 2022", "correlation_id": "01KTYH57VN3573YR90CW4W6C6W", "level": "info", "timestamp": "2026-06-12T18:23:39.295632Z"}
{"node": "verify", "event": "empty_draft_shortcircuit", "query_preview": "What changed about transistor density and power efficiency between 2004 and 2022", "correlation_id": "01KTYH57VN3573YR90CW4W6C6W", "level": "info", "timestamp": "2026-06-12T18:23:39.295668Z"}
{"node": "assess_relevance", "event": "start", "query_preview": "What changed about transistor density and power efficiency between 2004 and 2022", "correlation_id": "01KTYH57VN3573YR90CW4W6C6W", "level": "info", "timestamp": "2026-06-12T18:23:39.296552Z"}
{"prompt_tag": "assess_relevance@v3", "schema": "RelevanceAssessment", "model": "cyankiwi/Qwen3.5-4B-AWQ-4bit", "max_tokens": 1024, "temperature": 0.1, "top_p": 0.8, "presence_penalty": 1.0, "seed": 42, "message_count": 1, "event": "model_call.start", "query_preview": "What changed about transistor density and power efficiency between 2004 and 2022", "correlation_id": "01KTYH57VN3573YR90CW4W6C6W", "level": "info", "timestamp": "2026-06-12T18:23:39.297575Z"}
Authentication error: Langfuse client initialized without public_key. Client will be disabled. Provide a public_key parameter or set LANGFUSE_PUBLIC_KEY environment variable. 
{"prompt_tag": "assess_relevance@v3", "schema": "RelevanceAssessment", "tokens": 925, "event": "model_call.done", "query_preview": "What changed about transistor density and power efficiency between 2004 and 2022", "correlation_id": "01KTYH57VN3573YR90CW4W6C6W", "level": "info", "timestamp": "2026-06-12T18:23:40.026991Z"}
{"node": "assess_relevance", "responsive": false, "event": "relevance", "query_preview": "What changed about transistor density and power efficiency between 2004 and 2022", "correlation_id": "01KTYH57VN3573YR90CW4W6C6W", "level": "info", "timestamp": "2026-06-12T18:23:40.027075Z"}
{"node": "refuse", "event": "start", "query_preview": "What changed about transistor density and power efficiency between 2004 and 2022", "correlation_id": "01KTYH57VN3573YR90CW4W6C6W", "level": "info", "timestamp": "2026-06-12T18:23:40.028134Z"}
Authentication error: Langfuse client initialized without public_key. Client will be disabled. Provide a public_key parameter or set LANGFUSE_PUBLIC_KEY environment variable. 
{"node": "retrieve", "query_len": 77, "event": "start", "query_preview": "Why is data movement a key concern for power efficiency in modern processors?", "correlation_id": "01KTYH6KZWWKQ1CFTGS8R0ZAFF", "level": "info", "timestamp": "2026-06-12T18:23:40.029537Z"}
{"query_len": 77, "k": 50, "event": "hybrid.start", "query_preview": "Why is data movement a key concern for power efficiency in modern processors?", "correlation_id": "01KTYH6KZWWKQ1CFTGS8R0ZAFF", "level": "info", "timestamp": "2026-06-12T18:23:40.029572Z"}
{"query_len": 77, "k": 50, "dense": 50, "bm25": 0, "fused": 50, "term": false, "event": "hybrid.done", "query_preview": "Why is data movement a key concern for power efficiency in modern processors?", "correlation_id": "01KTYH6KZWWKQ1CFTGS8R0ZAFF", "level": "info", "timestamp": "2026-06-12T18:23:40.115965Z"}
{"node": "retrieve", "candidate_count": 50, "event": "done", "query_preview": "Why is data movement a key concern for power efficiency in modern processors?", "correlation_id": "01KTYH6KZWWKQ1CFTGS8R0ZAFF", "level": "info", "timestamp": "2026-06-12T18:23:40.117249Z"}
{"node": "expand_graph", "reason": "disabled_or_empty", "event": "skip", "query_preview": "Why is data movement a key concern for power efficiency in modern processors?", "correlation_id": "01KTYH6KZWWKQ1CFTGS8R0ZAFF", "level": "info", "timestamp": "2026-06-12T18:23:40.118881Z"}
{"node": "rerank", "candidate_count": 50, "event": "start", "query_preview": "Why is data movement a key concern for power efficiency in modern processors?", "correlation_id": "01KTYH6KZWWKQ1CFTGS8R0ZAFF", "level": "info", "timestamp": "2026-06-12T18:23:40.119488Z"}
{"node": "rerank", "top_k": 5, "source": "mode", "event": "top_k_resolved", "query_preview": "Why is data movement a key concern for power efficiency in modern processors?", "correlation_id": "01KTYH6KZWWKQ1CFTGS8R0ZAFF", "level": "info", "timestamp": "2026-06-12T18:23:40.119541Z"}
{"candidates": 50, "top_k": 5, "backend": "cross_encoder", "event": "rerank.start", "query_preview": "Why is data movement a key concern for power efficiency in modern processors?", "correlation_id": "01KTYH6KZWWKQ1CFTGS8R0ZAFF", "level": "info", "timestamp": "2026-06-12T18:23:40.119566Z"}
{"candidates": 50, "top_k": 5, "backend": "cross_encoder", "returned": 5, "event": "rerank.done", "query_preview": "Why is data movement a key concern for power efficiency in modern processors?", "correlation_id": "01KTYH6KZWWKQ1CFTGS8R0ZAFF", "level": "info", "timestamp": "2026-06-12T18:24:05.806096Z"}
{"node": "rerank", "reranked_count": 5, "event": "done", "query_preview": "Why is data movement a key concern for power efficiency in modern processors?", "correlation_id": "01KTYH6KZWWKQ1CFTGS8R0ZAFF", "level": "info", "timestamp": "2026-06-12T18:24:05.806187Z"}
{"node": "query_tables", "reason": "empty_or_not_table_shaped", "event": "skip", "query_preview": "Why is data movement a key concern for power efficiency in modern processors?", "correlation_id": "01KTYH6KZWWKQ1CFTGS8R0ZAFF", "level": "info", "timestamp": "2026-06-12T18:24:05.808023Z"}
{"node": "assess", "reranked_count": 5, "event": "start", "query_preview": "Why is data movement a key concern for power efficiency in modern processors?", "correlation_id": "01KTYH6KZWWKQ1CFTGS8R0ZAFF", "level": "info", "timestamp": "2026-06-12T18:24:05.808812Z"}
{"prompt_tag": "assess_sufficiency@v4", "schema": "SufficiencyAssessment", "model": "cyankiwi/Qwen3.5-4B-AWQ-4bit", "max_tokens": 1024, "temperature": 0.1, "top_p": 0.8, "presence_penalty": 1.0, "seed": 42, "message_count": 1, "event": "model_call.start", "query_preview": "Why is data movement a key concern for power efficiency in modern processors?", "correlation_id": "01KTYH6KZWWKQ1CFTGS8R0ZAFF", "level": "info", "timestamp": "2026-06-12T18:24:05.811072Z"}
Authentication error: Langfuse client initialized without public_key. Client will be disabled. Provide a public_key parameter or set LANGFUSE_PUBLIC_KEY environment variable. 
{"prompt_tag": "assess_sufficiency@v4", "schema": "SufficiencyAssessment", "tokens": 1996, "event": "model_call.done", "query_preview": "Why is data movement a key concern for power efficiency in modern processors?", "correlation_id": "01KTYH6KZWWKQ1CFTGS8R0ZAFF", "level": "info", "timestamp": "2026-06-12T18:24:06.533978Z"}
{"node": "answer", "regenerate_attempt": 0, "event": "start", "query_preview": "Why is data movement a key concern for power efficiency in modern processors?", "correlation_id": "01KTYH6KZWWKQ1CFTGS8R0ZAFF", "level": "info", "timestamp": "2026-06-12T18:24:06.535470Z"}
{"prompt_tag": "answer@v5", "schema": "DraftAnswer", "model": "cyankiwi/Qwen3.5-4B-AWQ-4bit", "max_tokens": 1800, "temperature": 0.1, "top_p": 0.8, "presence_penalty": 1.0, "seed": 42, "message_count": 2, "event": "model_call.start", "query_preview": "Why is data movement a key concern for power efficiency in modern processors?", "correlation_id": "01KTYH6KZWWKQ1CFTGS8R0ZAFF", "level": "info", "timestamp": "2026-06-12T18:24:06.537484Z"}
Authentication error: Langfuse client initialized without public_key. Client will be disabled. Provide a public_key parameter or set LANGFUSE_PUBLIC_KEY environment variable. 
{"prompt_tag": "answer@v5", "schema": "DraftAnswer", "tokens": 3563, "event": "model_call.done", "query_preview": "Why is data movement a key concern for power efficiency in modern processors?", "correlation_id": "01KTYH6KZWWKQ1CFTGS8R0ZAFF", "level": "info", "timestamp": "2026-06-12T18:24:07.289104Z"}
{"node": "verify", "claim_count": 0, "event": "start", "query_preview": "Why is data movement a key concern for power efficiency in modern processors?", "correlation_id": "01KTYH6KZWWKQ1CFTGS8R0ZAFF", "level": "info", "timestamp": "2026-06-12T18:24:07.290024Z"}
{"node": "verify", "event": "empty_draft_shortcircuit", "query_preview": "Why is data movement a key concern for power efficiency in modern processors?", "correlation_id": "01KTYH6KZWWKQ1CFTGS8R0ZAFF", "level": "info", "timestamp": "2026-06-12T18:24:07.290057Z"}
{"node": "assess_relevance", "event": "start", "query_preview": "Why is data movement a key concern for power efficiency in modern processors?", "correlation_id": "01KTYH6KZWWKQ1CFTGS8R0ZAFF", "level": "info", "timestamp": "2026-06-12T18:24:07.291293Z"}
{"prompt_tag": "assess_relevance@v3", "schema": "RelevanceAssessment", "model": "cyankiwi/Qwen3.5-4B-AWQ-4bit", "max_tokens": 1024, "temperature": 0.1, "top_p": 0.8, "presence_penalty": 1.0, "seed": 42, "message_count": 1, "event": "model_call.start", "query_preview": "Why is data movement a key concern for power efficiency in modern processors?", "correlation_id": "01KTYH6KZWWKQ1CFTGS8R0ZAFF", "level": "info", "timestamp": "2026-06-12T18:24:07.292295Z"}
Authentication error: Langfuse client initialized without public_key. Client will be disabled. Provide a public_key parameter or set LANGFUSE_PUBLIC_KEY environment variable. 
{"prompt_tag": "assess_relevance@v3", "schema": "RelevanceAssessment", "tokens": 838, "event": "model_call.done", "query_preview": "Why is data movement a key concern for power efficiency in modern processors?", "correlation_id": "01KTYH6KZWWKQ1CFTGS8R0ZAFF", "level": "info", "timestamp": "2026-06-12T18:24:07.759841Z"}
{"node": "assess_relevance", "responsive": false, "event": "relevance", "query_preview": "Why is data movement a key concern for power efficiency in modern processors?", "correlation_id": "01KTYH6KZWWKQ1CFTGS8R0ZAFF", "level": "info", "timestamp": "2026-06-12T18:24:07.761589Z"}
{"node": "refuse", "event": "start", "query_preview": "Why is data movement a key concern for power efficiency in modern processors?", "correlation_id": "01KTYH6KZWWKQ1CFTGS8R0ZAFF", "level": "info", "timestamp": "2026-06-12T18:24:07.762741Z"}
Authentication error: Langfuse client initialized without public_key. Client will be disabled. Provide a public_key parameter or set LANGFUSE_PUBLIC_KEY environment variable. 
{"node": "retrieve", "query_len": 89, "event": "start", "query_preview": "What is the energy cost of FP8 tensor core matrix multiplication relative to an ", "correlation_id": "01KTYH7F2K1ABDY2GXQQCSXPAC", "level": "info", "timestamp": "2026-06-12T18:24:07.764186Z"}
{"query_len": 89, "k": 50, "event": "hybrid.start", "query_preview": "What is the energy cost of FP8 tensor core matrix multiplication relative to an ", "correlation_id": "01KTYH7F2K1ABDY2GXQQCSXPAC", "level": "info", "timestamp": "2026-06-12T18:24:07.764222Z"}
{"query_len": 89, "k": 50, "dense": 50, "bm25": 0, "fused": 50, "term": false, "event": "hybrid.done", "query_preview": "What is the energy cost of FP8 tensor core matrix multiplication relative to an ", "correlation_id": "01KTYH7F2K1ABDY2GXQQCSXPAC", "level": "info", "timestamp": "2026-06-12T18:24:07.834753Z"}
{"node": "retrieve", "candidate_count": 50, "event": "done", "query_preview": "What is the energy cost of FP8 tensor core matrix multiplication relative to an ", "correlation_id": "01KTYH7F2K1ABDY2GXQQCSXPAC", "level": "info", "timestamp": "2026-06-12T18:24:07.835702Z"}
{"node": "expand_graph", "reason": "disabled_or_empty", "event": "skip", "query_preview": "What is the energy cost of FP8 tensor core matrix multiplication relative to an ", "correlation_id": "01KTYH7F2K1ABDY2GXQQCSXPAC", "level": "info", "timestamp": "2026-06-12T18:24:07.837428Z"}
{"node": "rerank", "candidate_count": 50, "event": "start", "query_preview": "What is the energy cost of FP8 tensor core matrix multiplication relative to an ", "correlation_id": "01KTYH7F2K1ABDY2GXQQCSXPAC", "level": "info", "timestamp": "2026-06-12T18:24:07.838115Z"}
{"node": "rerank", "top_k": 5, "source": "mode", "event": "top_k_resolved", "query_preview": "What is the energy cost of FP8 tensor core matrix multiplication relative to an ", "correlation_id": "01KTYH7F2K1ABDY2GXQQCSXPAC", "level": "info", "timestamp": "2026-06-12T18:24:07.838171Z"}
{"candidates": 50, "top_k": 5, "backend": "cross_encoder", "event": "rerank.start", "query_preview": "What is the energy cost of FP8 tensor core matrix multiplication relative to an ", "correlation_id": "01KTYH7F2K1ABDY2GXQQCSXPAC", "level": "info", "timestamp": "2026-06-12T18:24:07.838195Z"}
{"candidates": 50, "top_k": 5, "backend": "cross_encoder", "returned": 5, "event": "rerank.done", "query_preview": "What is the energy cost of FP8 tensor core matrix multiplication relative to an ", "correlation_id": "01KTYH7F2K1ABDY2GXQQCSXPAC", "level": "info", "timestamp": "2026-06-12T18:24:34.690184Z"}
{"node": "rerank", "reranked_count": 5, "event": "done", "query_preview": "What is the energy cost of FP8 tensor core matrix multiplication relative to an ", "correlation_id": "01KTYH7F2K1ABDY2GXQQCSXPAC", "level": "info", "timestamp": "2026-06-12T18:24:34.690367Z"}
{"node": "query_tables", "reason": "empty_or_not_table_shaped", "event": "skip", "query_preview": "What is the energy cost of FP8 tensor core matrix multiplication relative to an ", "correlation_id": "01KTYH7F2K1ABDY2GXQQCSXPAC", "level": "info", "timestamp": "2026-06-12T18:24:34.693714Z"}
{"node": "assess", "reranked_count": 5, "event": "start", "query_preview": "What is the energy cost of FP8 tensor core matrix multiplication relative to an ", "correlation_id": "01KTYH7F2K1ABDY2GXQQCSXPAC", "level": "info", "timestamp": "2026-06-12T18:24:34.695174Z"}
{"prompt_tag": "assess_sufficiency@v4", "schema": "SufficiencyAssessment", "model": "cyankiwi/Qwen3.5-4B-AWQ-4bit", "max_tokens": 1024, "temperature": 0.1, "top_p": 0.8, "presence_penalty": 1.0, "seed": 42, "message_count": 1, "event": "model_call.start", "query_preview": "What is the energy cost of FP8 tensor core matrix multiplication relative to an ", "correlation_id": "01KTYH7F2K1ABDY2GXQQCSXPAC", "level": "info", "timestamp": "2026-06-12T18:24:34.698877Z"}
Authentication error: Langfuse client initialized without public_key. Client will be disabled. Provide a public_key parameter or set LANGFUSE_PUBLIC_KEY environment variable. 
{"prompt_tag": "assess_sufficiency@v4", "schema": "SufficiencyAssessment", "tokens": 3379, "event": "model_call.done", "query_preview": "What is the energy cost of FP8 tensor core matrix multiplication relative to an ", "correlation_id": "01KTYH7F2K1ABDY2GXQQCSXPAC", "level": "info", "timestamp": "2026-06-12T18:24:35.670432Z"}
{"node": "answer", "regenerate_attempt": 0, "event": "start", "query_preview": "What is the energy cost of FP8 tensor core matrix multiplication relative to an ", "correlation_id": "01KTYH7F2K1ABDY2GXQQCSXPAC", "level": "info", "timestamp": "2026-06-12T18:24:35.671878Z"}
{"prompt_tag": "answer@v5", "schema": "DraftAnswer", "model": "cyankiwi/Qwen3.5-4B-AWQ-4bit", "max_tokens": 1800, "temperature": 0.1, "top_p": 0.8, "presence_penalty": 1.0, "seed": 42, "message_count": 2, "event": "model_call.start", "query_preview": "What is the energy cost of FP8 tensor core matrix multiplication relative to an ", "correlation_id": "01KTYH7F2K1ABDY2GXQQCSXPAC", "level": "info", "timestamp": "2026-06-12T18:24:35.673844Z"}
Authentication error: Langfuse client initialized without public_key. Client will be disabled. Provide a public_key parameter or set LANGFUSE_PUBLIC_KEY environment variable. 
{"prompt_tag": "answer@v5", "schema": "DraftAnswer", "tokens": 5052, "event": "model_call.done", "query_preview": "What is the energy cost of FP8 tensor core matrix multiplication relative to an ", "correlation_id": "01KTYH7F2K1ABDY2GXQQCSXPAC", "level": "info", "timestamp": "2026-06-12T18:24:37.632204Z"}
{"node": "answer", "exact": 0, "suffix": 0, "fuzzy": 1, "unresolved": 0, "event": "chunk_id_repair", "query_preview": "What is the energy cost of FP8 tensor core matrix multiplication relative to an ", "correlation_id": "01KTYH7F2K1ABDY2GXQQCSXPAC", "level": "info", "timestamp": "2026-06-12T18:24:37.632333Z"}
{"node": "verify", "claim_count": 1, "event": "start", "query_preview": "What is the energy cost of FP8 tensor core matrix multiplication relative to an ", "correlation_id": "01KTYH7F2K1ABDY2GXQQCSXPAC", "level": "info", "timestamp": "2026-06-12T18:24:37.633076Z"}
{"prompt_tag": "verify_grounding@v2", "schema": "VerificationResult", "model": "cyankiwi/Qwen3.5-4B-AWQ-4bit", "max_tokens": 1024, "temperature": 0.1, "top_p": 0.8, "presence_penalty": 1.0, "seed": 42, "message_count": 1, "event": "model_call.start", "query_preview": "What is the energy cost of FP8 tensor core matrix multiplication relative to an ", "correlation_id": "01KTYH7F2K1ABDY2GXQQCSXPAC", "level": "info", "timestamp": "2026-06-12T18:24:37.636124Z"}
Authentication error: Langfuse client initialized without public_key. Client will be disabled. Provide a public_key parameter or set LANGFUSE_PUBLIC_KEY environment variable. 
{"prompt_tag": "verify_grounding@v2", "schema": "VerificationResult", "tokens": 2221, "event": "model_call.done", "query_preview": "What is the energy cost of FP8 tensor core matrix multiplication relative to an ", "correlation_id": "01KTYH7F2K1ABDY2GXQQCSXPAC", "level": "info", "timestamp": "2026-06-12T18:24:38.159940Z"}
{"node": "assess_relevance", "event": "start", "query_preview": "What is the energy cost of FP8 tensor core matrix multiplication relative to an ", "correlation_id": "01KTYH7F2K1ABDY2GXQQCSXPAC", "level": "info", "timestamp": "2026-06-12T18:24:38.161088Z"}
{"prompt_tag": "assess_relevance@v3", "schema": "RelevanceAssessment", "model": "cyankiwi/Qwen3.5-4B-AWQ-4bit", "max_tokens": 1024, "temperature": 0.1, "top_p": 0.8, "presence_penalty": 1.0, "seed": 42, "message_count": 1, "event": "model_call.start", "query_preview": "What is the energy cost of FP8 tensor core matrix multiplication relative to an ", "correlation_id": "01KTYH7F2K1ABDY2GXQQCSXPAC", "level": "info", "timestamp": "2026-06-12T18:24:38.162105Z"}
Authentication error: Langfuse client initialized without public_key. Client will be disabled. Provide a public_key parameter or set LANGFUSE_PUBLIC_KEY environment variable. 
{"prompt_tag": "assess_relevance@v3", "schema": "RelevanceAssessment", "tokens": 877, "event": "model_call.done", "query_preview": "What is the energy cost of FP8 tensor core matrix multiplication relative to an ", "correlation_id": "01KTYH7F2K1ABDY2GXQQCSXPAC", "level": "info", "timestamp": "2026-06-12T18:24:38.625550Z"}
{"node": "assess_relevance", "responsive": true, "event": "relevance", "query_preview": "What is the energy cost of FP8 tensor core matrix multiplication relative to an ", "correlation_id": "01KTYH7F2K1ABDY2GXQQCSXPAC", "level": "info", "timestamp": "2026-06-12T18:24:38.627562Z"}
{"node": "compose", "event": "start", "query_preview": "What is the energy cost of FP8 tensor core matrix multiplication relative to an ", "correlation_id": "01KTYH7F2K1ABDY2GXQQCSXPAC", "level": "info", "timestamp": "2026-06-12T18:24:38.628740Z"}
Authentication error: Langfuse client initialized without public_key. Client will be disabled. Provide a public_key parameter or set LANGFUSE_PUBLIC_KEY environment variable. 
{"node": "retrieve", "query_len": 69, "event": "start", "query_preview": "Which floating-point format has a 5-bit exponent and 10-bit mantissa?", "correlation_id": "01KTYH8D75WQYGP3K683J3VZZX", "level": "info", "timestamp": "2026-06-12T18:24:38.630175Z"}
{"query_len": 69, "k": 50, "event": "hybrid.start", "query_preview": "Which floating-point format has a 5-bit exponent and 10-bit mantissa?", "correlation_id": "01KTYH8D75WQYGP3K683J3VZZX", "level": "info", "timestamp": "2026-06-12T18:24:38.630211Z"}
{"query_len": 69, "k": 50, "dense": 50, "bm25": 0, "fused": 50, "term": false, "event": "hybrid.done", "query_preview": "Which floating-point format has a 5-bit exponent and 10-bit mantissa?", "correlation_id": "01KTYH8D75WQYGP3K683J3VZZX", "level": "info", "timestamp": "2026-06-12T18:24:38.702467Z"}
{"node": "retrieve", "candidate_count": 50, "event": "done", "query_preview": "Which floating-point format has a 5-bit exponent and 10-bit mantissa?", "correlation_id": "01KTYH8D75WQYGP3K683J3VZZX", "level": "info", "timestamp": "2026-06-12T18:24:38.703440Z"}
{"node": "expand_graph", "reason": "disabled_or_empty", "event": "skip", "query_preview": "Which floating-point format has a 5-bit exponent and 10-bit mantissa?", "correlation_id": "01KTYH8D75WQYGP3K683J3VZZX", "level": "info", "timestamp": "2026-06-12T18:24:38.704814Z"}
{"node": "rerank", "candidate_count": 50, "event": "start", "query_preview": "Which floating-point format has a 5-bit exponent and 10-bit mantissa?", "correlation_id": "01KTYH8D75WQYGP3K683J3VZZX", "level": "info", "timestamp": "2026-06-12T18:24:38.705363Z"}
{"node": "rerank", "top_k": 5, "source": "mode", "event": "top_k_resolved", "query_preview": "Which floating-point format has a 5-bit exponent and 10-bit mantissa?", "correlation_id": "01KTYH8D75WQYGP3K683J3VZZX", "level": "info", "timestamp": "2026-06-12T18:24:38.705414Z"}
{"candidates": 50, "top_k": 5, "backend": "cross_encoder", "event": "rerank.start", "query_preview": "Which floating-point format has a 5-bit exponent and 10-bit mantissa?", "correlation_id": "01KTYH8D75WQYGP3K683J3VZZX", "level": "info", "timestamp": "2026-06-12T18:24:38.705438Z"}
{"candidates": 50, "top_k": 5, "backend": "cross_encoder", "returned": 5, "event": "rerank.done", "query_preview": "Which floating-point format has a 5-bit exponent and 10-bit mantissa?", "correlation_id": "01KTYH8D75WQYGP3K683J3VZZX", "level": "info", "timestamp": "2026-06-12T18:25:05.396118Z"}
{"node": "rerank", "reranked_count": 5, "event": "done", "query_preview": "Which floating-point format has a 5-bit exponent and 10-bit mantissa?", "correlation_id": "01KTYH8D75WQYGP3K683J3VZZX", "level": "info", "timestamp": "2026-06-12T18:25:05.396221Z"}
{"node": "query_tables", "reason": "empty_or_not_table_shaped", "event": "skip", "query_preview": "Which floating-point format has a 5-bit exponent and 10-bit mantissa?", "correlation_id": "01KTYH8D75WQYGP3K683J3VZZX", "level": "info", "timestamp": "2026-06-12T18:25:05.398009Z"}
{"node": "assess", "reranked_count": 5, "event": "start", "query_preview": "Which floating-point format has a 5-bit exponent and 10-bit mantissa?", "correlation_id": "01KTYH8D75WQYGP3K683J3VZZX", "level": "info", "timestamp": "2026-06-12T18:25:05.398759Z"}
{"prompt_tag": "assess_sufficiency@v4", "schema": "SufficiencyAssessment", "model": "cyankiwi/Qwen3.5-4B-AWQ-4bit", "max_tokens": 1024, "temperature": 0.1, "top_p": 0.8, "presence_penalty": 1.0, "seed": 42, "message_count": 1, "event": "model_call.start", "query_preview": "Which floating-point format has a 5-bit exponent and 10-bit mantissa?", "correlation_id": "01KTYH8D75WQYGP3K683J3VZZX", "level": "info", "timestamp": "2026-06-12T18:25:05.400702Z"}
Authentication error: Langfuse client initialized without public_key. Client will be disabled. Provide a public_key parameter or set LANGFUSE_PUBLIC_KEY environment variable. 
{"prompt_tag": "assess_sufficiency@v4", "schema": "SufficiencyAssessment", "tokens": 3446, "event": "model_call.done", "query_preview": "Which floating-point format has a 5-bit exponent and 10-bit mantissa?", "correlation_id": "01KTYH8D75WQYGP3K683J3VZZX", "level": "info", "timestamp": "2026-06-12T18:25:06.457032Z"}
{"node": "answer", "regenerate_attempt": 0, "event": "start", "query_preview": "Which floating-point format has a 5-bit exponent and 10-bit mantissa?", "correlation_id": "01KTYH8D75WQYGP3K683J3VZZX", "level": "info", "timestamp": "2026-06-12T18:25:06.458531Z"}
{"prompt_tag": "answer@v5", "schema": "DraftAnswer", "model": "cyankiwi/Qwen3.5-4B-AWQ-4bit", "max_tokens": 1800, "temperature": 0.1, "top_p": 0.8, "presence_penalty": 1.0, "seed": 42, "message_count": 2, "event": "model_call.start", "query_preview": "Which floating-point format has a 5-bit exponent and 10-bit mantissa?", "correlation_id": "01KTYH8D75WQYGP3K683J3VZZX", "level": "info", "timestamp": "2026-06-12T18:25:06.461277Z"}
Authentication error: Langfuse client initialized without public_key. Client will be disabled. Provide a public_key parameter or set LANGFUSE_PUBLIC_KEY environment variable. 
{"prompt_tag": "answer@v5", "schema": "DraftAnswer", "tokens": 5126, "event": "model_call.done", "query_preview": "Which floating-point format has a 5-bit exponent and 10-bit mantissa?", "correlation_id": "01KTYH8D75WQYGP3K683J3VZZX", "level": "info", "timestamp": "2026-06-12T18:25:08.583090Z"}
{"node": "verify", "claim_count": 1, "event": "start", "query_preview": "Which floating-point format has a 5-bit exponent and 10-bit mantissa?", "correlation_id": "01KTYH8D75WQYGP3K683J3VZZX", "level": "info", "timestamp": "2026-06-12T18:25:08.584310Z"}
{"prompt_tag": "verify_grounding@v2", "schema": "VerificationResult", "model": "cyankiwi/Qwen3.5-4B-AWQ-4bit", "max_tokens": 1024, "temperature": 0.1, "top_p": 0.8, "presence_penalty": 1.0, "seed": 42, "message_count": 1, "event": "model_call.start", "query_preview": "Which floating-point format has a 5-bit exponent and 10-bit mantissa?", "correlation_id": "01KTYH8D75WQYGP3K683J3VZZX", "level": "info", "timestamp": "2026-06-12T18:25:08.587838Z"}
Authentication error: Langfuse client initialized without public_key. Client will be disabled. Provide a public_key parameter or set LANGFUSE_PUBLIC_KEY environment variable. 
{"prompt_tag": "verify_grounding@v2", "schema": "VerificationResult", "tokens": 2242, "event": "model_call.done", "query_preview": "Which floating-point format has a 5-bit exponent and 10-bit mantissa?", "correlation_id": "01KTYH8D75WQYGP3K683J3VZZX", "level": "info", "timestamp": "2026-06-12T18:25:09.114947Z"}
{"node": "assess_relevance", "event": "start", "query_preview": "Which floating-point format has a 5-bit exponent and 10-bit mantissa?", "correlation_id": "01KTYH8D75WQYGP3K683J3VZZX", "level": "info", "timestamp": "2026-06-12T18:25:09.116094Z"}
{"prompt_tag": "assess_relevance@v3", "schema": "RelevanceAssessment", "model": "cyankiwi/Qwen3.5-4B-AWQ-4bit", "max_tokens": 1024, "temperature": 0.1, "top_p": 0.8, "presence_penalty": 1.0, "seed": 42, "message_count": 1, "event": "model_call.start", "query_preview": "Which floating-point format has a 5-bit exponent and 10-bit mantissa?", "correlation_id": "01KTYH8D75WQYGP3K683J3VZZX", "level": "info", "timestamp": "2026-06-12T18:25:09.117108Z"}
Authentication error: Langfuse client initialized without public_key. Client will be disabled. Provide a public_key parameter or set LANGFUSE_PUBLIC_KEY environment variable. 
{"prompt_tag": "assess_relevance@v3", "schema": "RelevanceAssessment", "tokens": 897, "event": "model_call.done", "query_preview": "Which floating-point format has a 5-bit exponent and 10-bit mantissa?", "correlation_id": "01KTYH8D75WQYGP3K683J3VZZX", "level": "info", "timestamp": "2026-06-12T18:25:09.636367Z"}
{"node": "assess_relevance", "responsive": true, "event": "relevance", "query_preview": "Which floating-point format has a 5-bit exponent and 10-bit mantissa?", "correlation_id": "01KTYH8D75WQYGP3K683J3VZZX", "level": "info", "timestamp": "2026-06-12T18:25:09.636432Z"}
{"node": "compose", "event": "start", "query_preview": "Which floating-point format has a 5-bit exponent and 10-bit mantissa?", "correlation_id": "01KTYH8D75WQYGP3K683J3VZZX", "level": "info", "timestamp": "2026-06-12T18:25:09.637635Z"}
Authentication error: Langfuse client initialized without public_key. Client will be disabled. Provide a public_key parameter or set LANGFUSE_PUBLIC_KEY environment variable. 
{"node": "retrieve", "query_len": 41, "event": "start", "query_preview": "In what year did NVIDIA acquire Mellanox?", "correlation_id": "01KTYH9BG66QX292KT2N89AHCG", "level": "info", "timestamp": "2026-06-12T18:25:09.639124Z"}
{"query_len": 41, "k": 50, "event": "hybrid.start", "query_preview": "In what year did NVIDIA acquire Mellanox?", "correlation_id": "01KTYH9BG66QX292KT2N89AHCG", "level": "info", "timestamp": "2026-06-12T18:25:09.639160Z"}
{"query_len": 41, "k": 50, "dense": 50, "bm25": 0, "fused": 50, "term": false, "event": "hybrid.done", "query_preview": "In what year did NVIDIA acquire Mellanox?", "correlation_id": "01KTYH9BG66QX292KT2N89AHCG", "level": "info", "timestamp": "2026-06-12T18:25:09.725456Z"}
{"node": "retrieve", "candidate_count": 50, "event": "done", "query_preview": "In what year did NVIDIA acquire Mellanox?", "correlation_id": "01KTYH9BG66QX292KT2N89AHCG", "level": "info", "timestamp": "2026-06-12T18:25:09.727094Z"}
{"node": "expand_graph", "reason": "disabled_or_empty", "event": "skip", "query_preview": "In what year did NVIDIA acquire Mellanox?", "correlation_id": "01KTYH9BG66QX292KT2N89AHCG", "level": "info", "timestamp": "2026-06-12T18:25:09.728655Z"}
{"node": "rerank", "candidate_count": 50, "event": "start", "query_preview": "In what year did NVIDIA acquire Mellanox?", "correlation_id": "01KTYH9BG66QX292KT2N89AHCG", "level": "info", "timestamp": "2026-06-12T18:25:09.729279Z"}
{"node": "rerank", "top_k": 5, "source": "mode", "event": "top_k_resolved", "query_preview": "In what year did NVIDIA acquire Mellanox?", "correlation_id": "01KTYH9BG66QX292KT2N89AHCG", "level": "info", "timestamp": "2026-06-12T18:25:09.729342Z"}
{"candidates": 50, "top_k": 5, "backend": "cross_encoder", "event": "rerank.start", "query_preview": "In what year did NVIDIA acquire Mellanox?", "correlation_id": "01KTYH9BG66QX292KT2N89AHCG", "level": "info", "timestamp": "2026-06-12T18:25:09.729377Z"}
{"candidates": 50, "top_k": 5, "backend": "cross_encoder", "returned": 5, "event": "rerank.done", "query_preview": "In what year did NVIDIA acquire Mellanox?", "correlation_id": "01KTYH9BG66QX292KT2N89AHCG", "level": "info", "timestamp": "2026-06-12T18:25:57.538959Z"}
{"node": "rerank", "reranked_count": 5, "event": "done", "query_preview": "In what year did NVIDIA acquire Mellanox?", "correlation_id": "01KTYH9BG66QX292KT2N89AHCG", "level": "info", "timestamp": "2026-06-12T18:25:57.539041Z"}
{"node": "query_tables", "reason": "empty_or_not_table_shaped", "event": "skip", "query_preview": "In what year did NVIDIA acquire Mellanox?", "correlation_id": "01KTYH9BG66QX292KT2N89AHCG", "level": "info", "timestamp": "2026-06-12T18:25:57.540770Z"}
{"node": "assess", "reranked_count": 5, "event": "start", "query_preview": "In what year did NVIDIA acquire Mellanox?", "correlation_id": "01KTYH9BG66QX292KT2N89AHCG", "level": "info", "timestamp": "2026-06-12T18:25:57.541503Z"}
{"prompt_tag": "assess_sufficiency@v4", "schema": "SufficiencyAssessment", "model": "cyankiwi/Qwen3.5-4B-AWQ-4bit", "max_tokens": 1024, "temperature": 0.1, "top_p": 0.8, "presence_penalty": 1.0, "seed": 42, "message_count": 1, "event": "model_call.start", "query_preview": "In what year did NVIDIA acquire Mellanox?", "correlation_id": "01KTYH9BG66QX292KT2N89AHCG", "level": "info", "timestamp": "2026-06-12T18:25:57.543126Z"}
Authentication error: Langfuse client initialized without public_key. Client will be disabled. Provide a public_key parameter or set LANGFUSE_PUBLIC_KEY environment variable. 
{"prompt_tag": "assess_sufficiency@v4", "schema": "SufficiencyAssessment", "tokens": 3153, "event": "model_call.done", "query_preview": "In what year did NVIDIA acquire Mellanox?", "correlation_id": "01KTYH9BG66QX292KT2N89AHCG", "level": "info", "timestamp": "2026-06-12T18:25:58.499347Z"}
{"node": "refuse", "event": "start", "query_preview": "In what year did NVIDIA acquire Mellanox?", "correlation_id": "01KTYH9BG66QX292KT2N89AHCG", "level": "info", "timestamp": "2026-06-12T18:25:58.500656Z"}
Authentication error: Langfuse client initialized without public_key. Client will be disabled. Provide a public_key parameter or set LANGFUSE_PUBLIC_KEY environment variable. 
{"node": "retrieve", "query_len": 80, "event": "start", "query_preview": "What is the recommended chunk size for retrieval-augmented generation pipelines?", "correlation_id": "01KTYHAV75GM325E598GFJCRA9", "level": "info", "timestamp": "2026-06-12T18:25:58.502262Z"}
{"query_len": 80, "k": 50, "event": "hybrid.start", "query_preview": "What is the recommended chunk size for retrieval-augmented generation pipelines?", "correlation_id": "01KTYHAV75GM325E598GFJCRA9", "level": "info", "timestamp": "2026-06-12T18:25:58.502300Z"}
{"query_len": 80, "k": 50, "dense": 50, "bm25": 0, "fused": 50, "term": false, "event": "hybrid.done", "query_preview": "What is the recommended chunk size for retrieval-augmented generation pipelines?", "correlation_id": "01KTYHAV75GM325E598GFJCRA9", "level": "info", "timestamp": "2026-06-12T18:25:58.575359Z"}
{"node": "retrieve", "candidate_count": 50, "event": "done", "query_preview": "What is the recommended chunk size for retrieval-augmented generation pipelines?", "correlation_id": "01KTYHAV75GM325E598GFJCRA9", "level": "info", "timestamp": "2026-06-12T18:25:58.576264Z"}
{"node": "expand_graph", "reason": "disabled_or_empty", "event": "skip", "query_preview": "What is the recommended chunk size for retrieval-augmented generation pipelines?", "correlation_id": "01KTYHAV75GM325E598GFJCRA9", "level": "info", "timestamp": "2026-06-12T18:25:58.577960Z"}
{"node": "rerank", "candidate_count": 50, "event": "start", "query_preview": "What is the recommended chunk size for retrieval-augmented generation pipelines?", "correlation_id": "01KTYHAV75GM325E598GFJCRA9", "level": "info", "timestamp": "2026-06-12T18:25:58.578640Z"}
{"node": "rerank", "top_k": 5, "source": "mode", "event": "top_k_resolved", "query_preview": "What is the recommended chunk size for retrieval-augmented generation pipelines?", "correlation_id": "01KTYHAV75GM325E598GFJCRA9", "level": "info", "timestamp": "2026-06-12T18:25:58.578694Z"}
{"candidates": 50, "top_k": 5, "backend": "cross_encoder", "event": "rerank.start", "query_preview": "What is the recommended chunk size for retrieval-augmented generation pipelines?", "correlation_id": "01KTYHAV75GM325E598GFJCRA9", "level": "info", "timestamp": "2026-06-12T18:25:58.578718Z"}
{"candidates": 50, "top_k": 5, "backend": "cross_encoder", "returned": 5, "event": "rerank.done", "query_preview": "What is the recommended chunk size for retrieval-augmented generation pipelines?", "correlation_id": "01KTYHAV75GM325E598GFJCRA9", "level": "info", "timestamp": "2026-06-12T18:27:03.134749Z"}
{"node": "rerank", "reranked_count": 5, "event": "done", "query_preview": "What is the recommended chunk size for retrieval-augmented generation pipelines?", "correlation_id": "01KTYHAV75GM325E598GFJCRA9", "level": "info", "timestamp": "2026-06-12T18:27:03.134862Z"}
{"node": "query_tables", "reason": "empty_or_not_table_shaped", "event": "skip", "query_preview": "What is the recommended chunk size for retrieval-augmented generation pipelines?", "correlation_id": "01KTYHAV75GM325E598GFJCRA9", "level": "info", "timestamp": "2026-06-12T18:27:03.137143Z"}
{"node": "assess", "reranked_count": 5, "event": "start", "query_preview": "What is the recommended chunk size for retrieval-augmented generation pipelines?", "correlation_id": "01KTYHAV75GM325E598GFJCRA9", "level": "info", "timestamp": "2026-06-12T18:27:03.138100Z"}
{"prompt_tag": "assess_sufficiency@v4", "schema": "SufficiencyAssessment", "model": "cyankiwi/Qwen3.5-4B-AWQ-4bit", "max_tokens": 1024, "temperature": 0.1, "top_p": 0.8, "presence_penalty": 1.0, "seed": 42, "message_count": 1, "event": "model_call.start", "query_preview": "What is the recommended chunk size for retrieval-augmented generation pipelines?", "correlation_id": "01KTYHAV75GM325E598GFJCRA9", "level": "info", "timestamp": "2026-06-12T18:27:03.140283Z"}
Authentication error: Langfuse client initialized without public_key. Client will be disabled. Provide a public_key parameter or set LANGFUSE_PUBLIC_KEY environment variable. 
{"prompt_tag": "assess_sufficiency@v4", "schema": "SufficiencyAssessment", "tokens": 3371, "event": "model_call.done", "query_preview": "What is the recommended chunk size for retrieval-augmented generation pipelines?", "correlation_id": "01KTYHAV75GM325E598GFJCRA9", "level": "info", "timestamp": "2026-06-12T18:27:04.112124Z"}
{"node": "refuse", "event": "start", "query_preview": "What is the recommended chunk size for retrieval-augmented generation pipelines?", "correlation_id": "01KTYHAV75GM325E598GFJCRA9", "level": "info", "timestamp": "2026-06-12T18:27:04.113496Z"}
Authentication error: Langfuse client initialized without public_key. Client will be disabled. Provide a public_key parameter or set LANGFUSE_PUBLIC_KEY environment variable. 
{"node": "retrieve", "query_len": 73, "event": "start", "query_preview": "What is the manufacturer's suggested retail price of the NVIDIA RTX 4090?", "correlation_id": "01KTYHCV9JEZMM6TDX0Q9J0K06", "level": "info", "timestamp": "2026-06-12T18:27:04.115088Z"}
{"query_len": 73, "k": 50, "event": "hybrid.start", "query_preview": "What is the manufacturer's suggested retail price of the NVIDIA RTX 4090?", "correlation_id": "01KTYHCV9JEZMM6TDX0Q9J0K06", "level": "info", "timestamp": "2026-06-12T18:27:04.115124Z"}
{"query_len": 73, "k": 50, "dense": 50, "bm25": 0, "fused": 50, "term": false, "event": "hybrid.done", "query_preview": "What is the manufacturer's suggested retail price of the NVIDIA RTX 4090?", "correlation_id": "01KTYHCV9JEZMM6TDX0Q9J0K06", "level": "info", "timestamp": "2026-06-12T18:27:04.206441Z"}
{"node": "retrieve", "candidate_count": 50, "event": "done", "query_preview": "What is the manufacturer's suggested retail price of the NVIDIA RTX 4090?", "correlation_id": "01KTYHCV9JEZMM6TDX0Q9J0K06", "level": "info", "timestamp": "2026-06-12T18:27:04.207701Z"}
{"node": "expand_graph", "reason": "disabled_or_empty", "event": "skip", "query_preview": "What is the manufacturer's suggested retail price of the NVIDIA RTX 4090?", "correlation_id": "01KTYHCV9JEZMM6TDX0Q9J0K06", "level": "info", "timestamp": "2026-06-12T18:27:04.209638Z"}
{"node": "rerank", "candidate_count": 50, "event": "start", "query_preview": "What is the manufacturer's suggested retail price of the NVIDIA RTX 4090?", "correlation_id": "01KTYHCV9JEZMM6TDX0Q9J0K06", "level": "info", "timestamp": "2026-06-12T18:27:04.210262Z"}
{"node": "rerank", "top_k": 5, "source": "mode", "event": "top_k_resolved", "query_preview": "What is the manufacturer's suggested retail price of the NVIDIA RTX 4090?", "correlation_id": "01KTYHCV9JEZMM6TDX0Q9J0K06", "level": "info", "timestamp": "2026-06-12T18:27:04.210317Z"}
{"candidates": 50, "top_k": 5, "backend": "cross_encoder", "event": "rerank.start", "query_preview": "What is the manufacturer's suggested retail price of the NVIDIA RTX 4090?", "correlation_id": "01KTYHCV9JEZMM6TDX0Q9J0K06", "level": "info", "timestamp": "2026-06-12T18:27:04.210350Z"}
{"candidates": 50, "top_k": 5, "backend": "cross_encoder", "returned": 5, "event": "rerank.done", "query_preview": "What is the manufacturer's suggested retail price of the NVIDIA RTX 4090?", "correlation_id": "01KTYHCV9JEZMM6TDX0Q9J0K06", "level": "info", "timestamp": "2026-06-12T18:27:52.397101Z"}
{"node": "rerank", "reranked_count": 5, "event": "done", "query_preview": "What is the manufacturer's suggested retail price of the NVIDIA RTX 4090?", "correlation_id": "01KTYHCV9JEZMM6TDX0Q9J0K06", "level": "info", "timestamp": "2026-06-12T18:27:52.397247Z"}
{"node": "query_tables", "reason": "empty_or_not_table_shaped", "event": "skip", "query_preview": "What is the manufacturer's suggested retail price of the NVIDIA RTX 4090?", "correlation_id": "01KTYHCV9JEZMM6TDX0Q9J0K06", "level": "info", "timestamp": "2026-06-12T18:27:52.399416Z"}
{"node": "assess", "reranked_count": 5, "event": "start", "query_preview": "What is the manufacturer's suggested retail price of the NVIDIA RTX 4090?", "correlation_id": "01KTYHCV9JEZMM6TDX0Q9J0K06", "level": "info", "timestamp": "2026-06-12T18:27:52.400359Z"}
{"prompt_tag": "assess_sufficiency@v4", "schema": "SufficiencyAssessment", "model": "cyankiwi/Qwen3.5-4B-AWQ-4bit", "max_tokens": 1024, "temperature": 0.1, "top_p": 0.8, "presence_penalty": 1.0, "seed": 42, "message_count": 1, "event": "model_call.start", "query_preview": "What is the manufacturer's suggested retail price of the NVIDIA RTX 4090?", "correlation_id": "01KTYHCV9JEZMM6TDX0Q9J0K06", "level": "info", "timestamp": "2026-06-12T18:27:52.402557Z"}
Authentication error: Langfuse client initialized without public_key. Client will be disabled. Provide a public_key parameter or set LANGFUSE_PUBLIC_KEY environment variable. 
{"prompt_tag": "assess_sufficiency@v4", "schema": "SufficiencyAssessment", "tokens": 3814, "event": "model_call.done", "query_preview": "What is the manufacturer's suggested retail price of the NVIDIA RTX 4090?", "correlation_id": "01KTYHCV9JEZMM6TDX0Q9J0K06", "level": "info", "timestamp": "2026-06-12T18:27:53.511976Z"}
{"node": "refuse", "event": "start", "query_preview": "What is the manufacturer's suggested retail price of the NVIDIA RTX 4090?", "correlation_id": "01KTYHCV9JEZMM6TDX0Q9J0K06", "level": "info", "timestamp": "2026-06-12T18:27:53.513139Z"}
Authentication error: Langfuse client initialized without public_key. Client will be disabled. Provide a public_key parameter or set LANGFUSE_PUBLIC_KEY environment variable. 
{"node": "retrieve", "query_len": 91, "event": "start", "query_preview": "What is the energy cost of FP128 matrix multiplication relative to FP32, in FMA ", "correlation_id": "01KTYHEBH9S4F84ZTRDDVBVN92", "level": "info", "timestamp": "2026-06-12T18:27:53.514580Z"}
{"query_len": 91, "k": 50, "event": "hybrid.start", "query_preview": "What is the energy cost of FP128 matrix multiplication relative to FP32, in FMA ", "correlation_id": "01KTYHEBH9S4F84ZTRDDVBVN92", "level": "info", "timestamp": "2026-06-12T18:27:53.514617Z"}
{"query_len": 91, "k": 50, "dense": 50, "bm25": 0, "fused": 50, "term": false, "event": "hybrid.done", "query_preview": "What is the energy cost of FP128 matrix multiplication relative to FP32, in FMA ", "correlation_id": "01KTYHEBH9S4F84ZTRDDVBVN92", "level": "info", "timestamp": "2026-06-12T18:27:53.596328Z"}
{"node": "retrieve", "candidate_count": 50, "event": "done", "query_preview": "What is the energy cost of FP128 matrix multiplication relative to FP32, in FMA ", "correlation_id": "01KTYHEBH9S4F84ZTRDDVBVN92", "level": "info", "timestamp": "2026-06-12T18:27:53.597382Z"}
{"node": "expand_graph", "reason": "disabled_or_empty", "event": "skip", "query_preview": "What is the energy cost of FP128 matrix multiplication relative to FP32, in FMA ", "correlation_id": "01KTYHEBH9S4F84ZTRDDVBVN92", "level": "info", "timestamp": "2026-06-12T18:27:53.599054Z"}
{"node": "rerank", "candidate_count": 50, "event": "start", "query_preview": "What is the energy cost of FP128 matrix multiplication relative to FP32, in FMA ", "correlation_id": "01KTYHEBH9S4F84ZTRDDVBVN92", "level": "info", "timestamp": "2026-06-12T18:27:53.599723Z"}
{"node": "rerank", "top_k": 5, "source": "mode", "event": "top_k_resolved", "query_preview": "What is the energy cost of FP128 matrix multiplication relative to FP32, in FMA ", "correlation_id": "01KTYHEBH9S4F84ZTRDDVBVN92", "level": "info", "timestamp": "2026-06-12T18:27:53.599773Z"}
{"candidates": 50, "top_k": 5, "backend": "cross_encoder", "event": "rerank.start", "query_preview": "What is the energy cost of FP128 matrix multiplication relative to FP32, in FMA ", "correlation_id": "01KTYHEBH9S4F84ZTRDDVBVN92", "level": "info", "timestamp": "2026-06-12T18:27:53.599797Z"}
{"candidates": 50, "top_k": 5, "backend": "cross_encoder", "returned": 5, "event": "rerank.done", "query_preview": "What is the energy cost of FP128 matrix multiplication relative to FP32, in FMA ", "correlation_id": "01KTYHEBH9S4F84ZTRDDVBVN92", "level": "info", "timestamp": "2026-06-12T18:28:20.459923Z"}
{"node": "rerank", "reranked_count": 5, "event": "done", "query_preview": "What is the energy cost of FP128 matrix multiplication relative to FP32, in FMA ", "correlation_id": "01KTYHEBH9S4F84ZTRDDVBVN92", "level": "info", "timestamp": "2026-06-12T18:28:20.460022Z"}
{"node": "query_tables", "reason": "empty_or_not_table_shaped", "event": "skip", "query_preview": "What is the energy cost of FP128 matrix multiplication relative to FP32, in FMA ", "correlation_id": "01KTYHEBH9S4F84ZTRDDVBVN92", "level": "info", "timestamp": "2026-06-12T18:28:20.461829Z"}
{"node": "assess", "reranked_count": 5, "event": "start", "query_preview": "What is the energy cost of FP128 matrix multiplication relative to FP32, in FMA ", "correlation_id": "01KTYHEBH9S4F84ZTRDDVBVN92", "level": "info", "timestamp": "2026-06-12T18:28:20.462548Z"}
{"prompt_tag": "assess_sufficiency@v4", "schema": "SufficiencyAssessment", "model": "cyankiwi/Qwen3.5-4B-AWQ-4bit", "max_tokens": 1024, "temperature": 0.1, "top_p": 0.8, "presence_penalty": 1.0, "seed": 42, "message_count": 1, "event": "model_call.start", "query_preview": "What is the energy cost of FP128 matrix multiplication relative to FP32, in FMA ", "correlation_id": "01KTYHEBH9S4F84ZTRDDVBVN92", "level": "info", "timestamp": "2026-06-12T18:28:20.464488Z"}
Authentication error: Langfuse client initialized without public_key. Client will be disabled. Provide a public_key parameter or set LANGFUSE_PUBLIC_KEY environment variable. 
{"prompt_tag": "assess_sufficiency@v4", "schema": "SufficiencyAssessment", "tokens": 3325, "event": "model_call.done", "query_preview": "What is the energy cost of FP128 matrix multiplication relative to FP32, in FMA ", "correlation_id": "01KTYHEBH9S4F84ZTRDDVBVN92", "level": "info", "timestamp": "2026-06-12T18:28:21.475115Z"}
{"node": "refuse", "event": "start", "query_preview": "What is the energy cost of FP128 matrix multiplication relative to FP32, in FMA ", "correlation_id": "01KTYHEBH9S4F84ZTRDDVBVN92", "level": "info", "timestamp": "2026-06-12T18:28:21.476641Z"}
Authentication error: Langfuse client initialized without public_key. Client will be disabled. Provide a public_key parameter or set LANGFUSE_PUBLIC_KEY environment variable. 
{"node": "retrieve", "query_len": 73, "event": "start", "query_preview": "What is the FP4 tensor core energy cost per FLOP relative to an FP32 FMA?", "correlation_id": "01KTYHF6V5GXC5FJBHVZM2VS79", "level": "info", "timestamp": "2026-06-12T18:28:21.478128Z"}
{"query_len": 73, "k": 50, "event": "hybrid.start", "query_preview": "What is the FP4 tensor core energy cost per FLOP relative to an FP32 FMA?", "correlation_id": "01KTYHF6V5GXC5FJBHVZM2VS79", "level": "info", "timestamp": "2026-06-12T18:28:21.478164Z"}
{"query_len": 73, "k": 50, "dense": 50, "bm25": 0, "fused": 50, "term": false, "event": "hybrid.done", "query_preview": "What is the FP4 tensor core energy cost per FLOP relative to an FP32 FMA?", "correlation_id": "01KTYHF6V5GXC5FJBHVZM2VS79", "level": "info", "timestamp": "2026-06-12T18:28:21.547400Z"}
{"node": "retrieve", "candidate_count": 50, "event": "done", "query_preview": "What is the FP4 tensor core energy cost per FLOP relative to an FP32 FMA?", "correlation_id": "01KTYHF6V5GXC5FJBHVZM2VS79", "level": "info", "timestamp": "2026-06-12T18:28:21.548405Z"}
{"node": "expand_graph", "reason": "disabled_or_empty", "event": "skip", "query_preview": "What is the FP4 tensor core energy cost per FLOP relative to an FP32 FMA?", "correlation_id": "01KTYHF6V5GXC5FJBHVZM2VS79", "level": "info", "timestamp": "2026-06-12T18:28:21.549919Z"}
{"node": "rerank", "candidate_count": 50, "event": "start", "query_preview": "What is the FP4 tensor core energy cost per FLOP relative to an FP32 FMA?", "correlation_id": "01KTYHF6V5GXC5FJBHVZM2VS79", "level": "info", "timestamp": "2026-06-12T18:28:21.550461Z"}
{"node": "rerank", "top_k": 5, "source": "mode", "event": "top_k_resolved", "query_preview": "What is the FP4 tensor core energy cost per FLOP relative to an FP32 FMA?", "correlation_id": "01KTYHF6V5GXC5FJBHVZM2VS79", "level": "info", "timestamp": "2026-06-12T18:28:21.550513Z"}
{"candidates": 50, "top_k": 5, "backend": "cross_encoder", "event": "rerank.start", "query_preview": "What is the FP4 tensor core energy cost per FLOP relative to an FP32 FMA?", "correlation_id": "01KTYHF6V5GXC5FJBHVZM2VS79", "level": "info", "timestamp": "2026-06-12T18:28:21.550537Z"}
{"candidates": 50, "top_k": 5, "backend": "cross_encoder", "returned": 5, "event": "rerank.done", "query_preview": "What is the FP4 tensor core energy cost per FLOP relative to an FP32 FMA?", "correlation_id": "01KTYHF6V5GXC5FJBHVZM2VS79", "level": "info", "timestamp": "2026-06-12T18:28:50.775403Z"}
{"node": "rerank", "reranked_count": 5, "event": "done", "query_preview": "What is the FP4 tensor core energy cost per FLOP relative to an FP32 FMA?", "correlation_id": "01KTYHF6V5GXC5FJBHVZM2VS79", "level": "info", "timestamp": "2026-06-12T18:28:50.775502Z"}
{"node": "query_tables", "reason": "empty_or_not_table_shaped", "event": "skip", "query_preview": "What is the FP4 tensor core energy cost per FLOP relative to an FP32 FMA?", "correlation_id": "01KTYHF6V5GXC5FJBHVZM2VS79", "level": "info", "timestamp": "2026-06-12T18:28:50.777264Z"}
{"node": "assess", "reranked_count": 5, "event": "start", "query_preview": "What is the FP4 tensor core energy cost per FLOP relative to an FP32 FMA?", "correlation_id": "01KTYHF6V5GXC5FJBHVZM2VS79", "level": "info", "timestamp": "2026-06-12T18:28:50.777955Z"}
{"prompt_tag": "assess_sufficiency@v4", "schema": "SufficiencyAssessment", "model": "cyankiwi/Qwen3.5-4B-AWQ-4bit", "max_tokens": 1024, "temperature": 0.1, "top_p": 0.8, "presence_penalty": 1.0, "seed": 42, "message_count": 1, "event": "model_call.start", "query_preview": "What is the FP4 tensor core energy cost per FLOP relative to an FP32 FMA?", "correlation_id": "01KTYHF6V5GXC5FJBHVZM2VS79", "level": "info", "timestamp": "2026-06-12T18:28:50.779903Z"}
Authentication error: Langfuse client initialized without public_key. Client will be disabled. Provide a public_key parameter or set LANGFUSE_PUBLIC_KEY environment variable. 
{"prompt_tag": "assess_sufficiency@v4", "schema": "SufficiencyAssessment", "tokens": 3419, "event": "model_call.done", "query_preview": "What is the FP4 tensor core energy cost per FLOP relative to an FP32 FMA?", "correlation_id": "01KTYHF6V5GXC5FJBHVZM2VS79", "level": "info", "timestamp": "2026-06-12T18:28:51.803794Z"}
{"node": "answer", "regenerate_attempt": 0, "event": "start", "query_preview": "What is the FP4 tensor core energy cost per FLOP relative to an FP32 FMA?", "correlation_id": "01KTYHF6V5GXC5FJBHVZM2VS79", "level": "info", "timestamp": "2026-06-12T18:28:51.805006Z"}
{"prompt_tag": "answer@v5", "schema": "DraftAnswer", "model": "cyankiwi/Qwen3.5-4B-AWQ-4bit", "max_tokens": 1800, "temperature": 0.1, "top_p": 0.8, "presence_penalty": 1.0, "seed": 42, "message_count": 2, "event": "model_call.start", "query_preview": "What is the FP4 tensor core energy cost per FLOP relative to an FP32 FMA?", "correlation_id": "01KTYHF6V5GXC5FJBHVZM2VS79", "level": "info", "timestamp": "2026-06-12T18:28:51.807199Z"}
Authentication error: Langfuse client initialized without public_key. Client will be disabled. Provide a public_key parameter or set LANGFUSE_PUBLIC_KEY environment variable. 
{"prompt_tag": "answer@v5", "schema": "DraftAnswer", "tokens": 4993, "event": "model_call.done", "query_preview": "What is the FP4 tensor core energy cost per FLOP relative to an FP32 FMA?", "correlation_id": "01KTYHF6V5GXC5FJBHVZM2VS79", "level": "info", "timestamp": "2026-06-12T18:28:53.171900Z"}
{"node": "verify", "claim_count": 0, "event": "start", "query_preview": "What is the FP4 tensor core energy cost per FLOP relative to an FP32 FMA?", "correlation_id": "01KTYHF6V5GXC5FJBHVZM2VS79", "level": "info", "timestamp": "2026-06-12T18:28:53.172976Z"}
{"node": "verify", "event": "empty_draft_shortcircuit", "query_preview": "What is the FP4 tensor core energy cost per FLOP relative to an FP32 FMA?", "correlation_id": "01KTYHF6V5GXC5FJBHVZM2VS79", "level": "info", "timestamp": "2026-06-12T18:28:53.173014Z"}
{"node": "assess_relevance", "event": "start", "query_preview": "What is the FP4 tensor core energy cost per FLOP relative to an FP32 FMA?", "correlation_id": "01KTYHF6V5GXC5FJBHVZM2VS79", "level": "info", "timestamp": "2026-06-12T18:28:53.174306Z"}
{"prompt_tag": "assess_relevance@v3", "schema": "RelevanceAssessment", "model": "cyankiwi/Qwen3.5-4B-AWQ-4bit", "max_tokens": 1024, "temperature": 0.1, "top_p": 0.8, "presence_penalty": 1.0, "seed": 42, "message_count": 1, "event": "model_call.start", "query_preview": "What is the FP4 tensor core energy cost per FLOP relative to an FP32 FMA?", "correlation_id": "01KTYHF6V5GXC5FJBHVZM2VS79", "level": "info", "timestamp": "2026-06-12T18:28:53.175302Z"}
Authentication error: Langfuse client initialized without public_key. Client will be disabled. Provide a public_key parameter or set LANGFUSE_PUBLIC_KEY environment variable. 
{"prompt_tag": "assess_relevance@v3", "schema": "RelevanceAssessment", "tokens": 862, "event": "model_call.done", "query_preview": "What is the FP4 tensor core energy cost per FLOP relative to an FP32 FMA?", "correlation_id": "01KTYHF6V5GXC5FJBHVZM2VS79", "level": "info", "timestamp": "2026-06-12T18:28:53.713968Z"}
{"node": "assess_relevance", "responsive": false, "event": "relevance", "query_preview": "What is the FP4 tensor core energy cost per FLOP relative to an FP32 FMA?", "correlation_id": "01KTYHF6V5GXC5FJBHVZM2VS79", "level": "info", "timestamp": "2026-06-12T18:28:53.714030Z"}
{"node": "refuse", "event": "start", "query_preview": "What is the FP4 tensor core energy cost per FLOP relative to an FP32 FMA?", "correlation_id": "01KTYHF6V5GXC5FJBHVZM2VS79", "level": "info", "timestamp": "2026-06-12T18:28:53.715451Z"}
Authentication error: Langfuse client initialized without public_key. Client will be disabled. Provide a public_key parameter or set LANGFUSE_PUBLIC_KEY environment variable. 
{"node": "retrieve", "query_len": 63, "event": "start", "query_preview": "What is the NVLink bandwidth between Hopper and Blackwell GPUs?", "correlation_id": "01KTYHG6AM362Y6XKKK24SMZAV", "level": "info", "timestamp": "2026-06-12T18:28:53.717190Z"}
{"query_len": 63, "k": 50, "event": "hybrid.start", "query_preview": "What is the NVLink bandwidth between Hopper and Blackwell GPUs?", "correlation_id": "01KTYHG6AM362Y6XKKK24SMZAV", "level": "info", "timestamp": "2026-06-12T18:28:53.717226Z"}
{"query_len": 63, "k": 50, "dense": 50, "bm25": 0, "fused": 50, "term": false, "event": "hybrid.done", "query_preview": "What is the NVLink bandwidth between Hopper and Blackwell GPUs?", "correlation_id": "01KTYHG6AM362Y6XKKK24SMZAV", "level": "info", "timestamp": "2026-06-12T18:28:53.901777Z"}
{"node": "retrieve", "candidate_count": 50, "event": "done", "query_preview": "What is the NVLink bandwidth between Hopper and Blackwell GPUs?", "correlation_id": "01KTYHG6AM362Y6XKKK24SMZAV", "level": "info", "timestamp": "2026-06-12T18:28:53.902773Z"}
{"node": "expand_graph", "reason": "disabled_or_empty", "event": "skip", "query_preview": "What is the NVLink bandwidth between Hopper and Blackwell GPUs?", "correlation_id": "01KTYHG6AM362Y6XKKK24SMZAV", "level": "info", "timestamp": "2026-06-12T18:28:53.904632Z"}
{"node": "rerank", "candidate_count": 50, "event": "start", "query_preview": "What is the NVLink bandwidth between Hopper and Blackwell GPUs?", "correlation_id": "01KTYHG6AM362Y6XKKK24SMZAV", "level": "info", "timestamp": "2026-06-12T18:28:53.905401Z"}
{"node": "rerank", "top_k": 5, "source": "mode", "event": "top_k_resolved", "query_preview": "What is the NVLink bandwidth between Hopper and Blackwell GPUs?", "correlation_id": "01KTYHG6AM362Y6XKKK24SMZAV", "level": "info", "timestamp": "2026-06-12T18:28:53.905463Z"}
{"candidates": 50, "top_k": 5, "backend": "cross_encoder", "event": "rerank.start", "query_preview": "What is the NVLink bandwidth between Hopper and Blackwell GPUs?", "correlation_id": "01KTYHG6AM362Y6XKKK24SMZAV", "level": "info", "timestamp": "2026-06-12T18:28:53.905490Z"}
{"candidates": 50, "top_k": 5, "backend": "cross_encoder", "returned": 5, "event": "rerank.done", "query_preview": "What is the NVLink bandwidth between Hopper and Blackwell GPUs?", "correlation_id": "01KTYHG6AM362Y6XKKK24SMZAV", "level": "info", "timestamp": "2026-06-12T18:29:30.592529Z"}
{"node": "rerank", "reranked_count": 5, "event": "done", "query_preview": "What is the NVLink bandwidth between Hopper and Blackwell GPUs?", "correlation_id": "01KTYHG6AM362Y6XKKK24SMZAV", "level": "info", "timestamp": "2026-06-12T18:29:30.592632Z"}
{"node": "query_tables", "reason": "empty_or_not_table_shaped", "event": "skip", "query_preview": "What is the NVLink bandwidth between Hopper and Blackwell GPUs?", "correlation_id": "01KTYHG6AM362Y6XKKK24SMZAV", "level": "info", "timestamp": "2026-06-12T18:29:30.594860Z"}
{"node": "assess", "reranked_count": 5, "event": "start", "query_preview": "What is the NVLink bandwidth between Hopper and Blackwell GPUs?", "correlation_id": "01KTYHG6AM362Y6XKKK24SMZAV", "level": "info", "timestamp": "2026-06-12T18:29:30.595777Z"}
{"prompt_tag": "assess_sufficiency@v4", "schema": "SufficiencyAssessment", "model": "cyankiwi/Qwen3.5-4B-AWQ-4bit", "max_tokens": 1024, "temperature": 0.1, "top_p": 0.8, "presence_penalty": 1.0, "seed": 42, "message_count": 1, "event": "model_call.start", "query_preview": "What is the NVLink bandwidth between Hopper and Blackwell GPUs?", "correlation_id": "01KTYHG6AM362Y6XKKK24SMZAV", "level": "info", "timestamp": "2026-06-12T18:29:30.598003Z"}
Authentication error: Langfuse client initialized without public_key. Client will be disabled. Provide a public_key parameter or set LANGFUSE_PUBLIC_KEY environment variable. 
{"prompt_tag": "assess_sufficiency@v4", "schema": "SufficiencyAssessment", "tokens": 2011, "event": "model_call.done", "query_preview": "What is the NVLink bandwidth between Hopper and Blackwell GPUs?", "correlation_id": "01KTYHG6AM362Y6XKKK24SMZAV", "level": "info", "timestamp": "2026-06-12T18:29:31.393754Z"}
{"node": "refuse", "event": "start", "query_preview": "What is the NVLink bandwidth between Hopper and Blackwell GPUs?", "correlation_id": "01KTYHG6AM362Y6XKKK24SMZAV", "level": "info", "timestamp": "2026-06-12T18:29:31.394864Z"}
Authentication error: Langfuse client initialized without public_key. Client will be disabled. Provide a public_key parameter or set LANGFUSE_PUBLIC_KEY environment variable. 
{"node": "retrieve", "query_len": 82, "event": "start", "query_preview": "How many CUDA cores are in NVIDIA's latest data-center GPU according to this dec", "correlation_id": "01KTYHHB43K5CZGJVNM7M7BP6C", "level": "info", "timestamp": "2026-06-12T18:29:31.396356Z"}
{"query_len": 82, "k": 50, "event": "hybrid.start", "query_preview": "How many CUDA cores are in NVIDIA's latest data-center GPU according to this dec", "correlation_id": "01KTYHHB43K5CZGJVNM7M7BP6C", "level": "info", "timestamp": "2026-06-12T18:29:31.396393Z"}
{"query_len": 82, "k": 50, "dense": 50, "bm25": 0, "fused": 50, "term": false, "event": "hybrid.done", "query_preview": "How many CUDA cores are in NVIDIA's latest data-center GPU according to this dec", "correlation_id": "01KTYHHB43K5CZGJVNM7M7BP6C", "level": "info", "timestamp": "2026-06-12T18:29:31.489138Z"}
{"node": "retrieve", "candidate_count": 50, "event": "done", "query_preview": "How many CUDA cores are in NVIDIA's latest data-center GPU according to this dec", "correlation_id": "01KTYHHB43K5CZGJVNM7M7BP6C", "level": "info", "timestamp": "2026-06-12T18:29:31.490564Z"}
{"node": "expand_graph", "reason": "disabled_or_empty", "event": "skip", "query_preview": "How many CUDA cores are in NVIDIA's latest data-center GPU according to this dec", "correlation_id": "01KTYHHB43K5CZGJVNM7M7BP6C", "level": "info", "timestamp": "2026-06-12T18:29:31.492334Z"}
{"node": "rerank", "candidate_count": 50, "event": "start", "query_preview": "How many CUDA cores are in NVIDIA's latest data-center GPU according to this dec", "correlation_id": "01KTYHHB43K5CZGJVNM7M7BP6C", "level": "info", "timestamp": "2026-06-12T18:29:31.492950Z"}
{"node": "rerank", "top_k": 5, "source": "mode", "event": "top_k_resolved", "query_preview": "How many CUDA cores are in NVIDIA's latest data-center GPU according to this dec", "correlation_id": "01KTYHHB43K5CZGJVNM7M7BP6C", "level": "info", "timestamp": "2026-06-12T18:29:31.493008Z"}
{"candidates": 50, "top_k": 5, "backend": "cross_encoder", "event": "rerank.start", "query_preview": "How many CUDA cores are in NVIDIA's latest data-center GPU according to this dec", "correlation_id": "01KTYHHB43K5CZGJVNM7M7BP6C", "level": "info", "timestamp": "2026-06-12T18:29:31.493039Z"}
{"candidates": 50, "top_k": 5, "backend": "cross_encoder", "returned": 5, "event": "rerank.done", "query_preview": "How many CUDA cores are in NVIDIA's latest data-center GPU according to this dec", "correlation_id": "01KTYHHB43K5CZGJVNM7M7BP6C", "level": "info", "timestamp": "2026-06-12T18:30:13.660935Z"}
{"node": "rerank", "reranked_count": 5, "event": "done", "query_preview": "How many CUDA cores are in NVIDIA's latest data-center GPU according to this dec", "correlation_id": "01KTYHHB43K5CZGJVNM7M7BP6C", "level": "info", "timestamp": "2026-06-12T18:30:13.661031Z"}
{"prompt_tag": "generate_table_sql@v1", "schema": "GeneratedSQL", "model": "cyankiwi/Qwen3.5-4B-AWQ-4bit", "max_tokens": 1024, "temperature": 0.1, "top_p": 0.8, "presence_penalty": 1.0, "seed": 42, "message_count": 1, "event": "model_call.start", "query_preview": "How many CUDA cores are in NVIDIA's latest data-center GPU according to this dec", "correlation_id": "01KTYHHB43K5CZGJVNM7M7BP6C", "level": "info", "timestamp": "2026-06-12T18:30:13.668792Z"}
Authentication error: Langfuse client initialized without public_key. Client will be disabled. Provide a public_key parameter or set LANGFUSE_PUBLIC_KEY environment variable. 
{"prompt_tag": "generate_table_sql@v1", "schema": "GeneratedSQL", "tokens": 1016, "event": "model_call.done", "query_preview": "How many CUDA cores are in NVIDIA's latest data-center GPU according to this dec", "correlation_id": "01KTYHHB43K5CZGJVNM7M7BP6C", "level": "info", "timestamp": "2026-06-12T18:30:14.287168Z"}
{"node": "query_doc_tables", "sql": "SELECT COUNT(*) FROM f92a04286d", "target": "f92a04286d", "event": "table_sql.generated", "query_preview": "How many CUDA cores are in NVIDIA's latest data-center GPU according to this dec", "correlation_id": "01KTYHHB43K5CZGJVNM7M7BP6C", "level": "info", "timestamp": "2026-06-12T18:30:14.287236Z"}
{"node": "query_doc_tables", "kind": "aggregate", "target": "f92a04286d", "event": "table_sql.result", "query_preview": "How many CUDA cores are in NVIDIA's latest data-center GPU according to this dec", "correlation_id": "01KTYHHB43K5CZGJVNM7M7BP6C", "level": "info", "timestamp": "2026-06-12T18:30:14.288144Z"}
{"node": "query_tables", "kind": "aggregate", "chunk_id": "0e725ba0-2026-annual-report-web#sql0001", "event": "injected", "query_preview": "How many CUDA cores are in NVIDIA's latest data-center GPU according to this dec", "correlation_id": "01KTYHHB43K5CZGJVNM7M7BP6C", "level": "info", "timestamp": "2026-06-12T18:30:14.288531Z"}
{"node": "assess", "reranked_count": 6, "event": "start", "query_preview": "How many CUDA cores are in NVIDIA's latest data-center GPU according to this dec", "correlation_id": "01KTYHHB43K5CZGJVNM7M7BP6C", "level": "info", "timestamp": "2026-06-12T18:30:14.289298Z"}
{"prompt_tag": "assess_sufficiency@v4", "schema": "SufficiencyAssessment", "model": "cyankiwi/Qwen3.5-4B-AWQ-4bit", "max_tokens": 1024, "temperature": 0.1, "top_p": 0.8, "presence_penalty": 1.0, "seed": 42, "message_count": 1, "event": "model_call.start", "query_preview": "How many CUDA cores are in NVIDIA's latest data-center GPU according to this dec", "correlation_id": "01KTYHHB43K5CZGJVNM7M7BP6C", "level": "info", "timestamp": "2026-06-12T18:30:14.290590Z"}
Authentication error: Langfuse client initialized without public_key. Client will be disabled. Provide a public_key parameter or set LANGFUSE_PUBLIC_KEY environment variable. 
{"prompt_tag": "assess_sufficiency@v4", "schema": "SufficiencyAssessment", "tokens": 2615, "event": "model_call.done", "query_preview": "How many CUDA cores are in NVIDIA's latest data-center GPU according to this dec", "correlation_id": "01KTYHHB43K5CZGJVNM7M7BP6C", "level": "info", "timestamp": "2026-06-12T18:30:15.106749Z"}
{"node": "refuse", "event": "start", "query_preview": "How many CUDA cores are in NVIDIA's latest data-center GPU according to this dec", "correlation_id": "01KTYHHB43K5CZGJVNM7M7BP6C", "level": "info", "timestamp": "2026-06-12T18:30:15.108229Z"}
Authentication error: Langfuse client initialized without public_key. Client will be disabled. Provide a public_key parameter or set LANGFUSE_PUBLIC_KEY environment variable. 
{"node": "retrieve", "query_len": 94, "event": "start", "query_preview": "What is the kernel-fusion speed-up factor for converting FP32 to INT8 according ", "correlation_id": "01KTYHJNT4D31YJGZ6PE5SJN8A", "level": "info", "timestamp": "2026-06-12T18:30:15.109969Z"}
{"query_len": 94, "k": 50, "event": "hybrid.start", "query_preview": "What is the kernel-fusion speed-up factor for converting FP32 to INT8 according ", "correlation_id": "01KTYHJNT4D31YJGZ6PE5SJN8A", "level": "info", "timestamp": "2026-06-12T18:30:15.110007Z"}
{"query_len": 94, "k": 50, "dense": 50, "bm25": 0, "fused": 50, "term": false, "event": "hybrid.done", "query_preview": "What is the kernel-fusion speed-up factor for converting FP32 to INT8 according ", "correlation_id": "01KTYHJNT4D31YJGZ6PE5SJN8A", "level": "info", "timestamp": "2026-06-12T18:30:15.192992Z"}
{"node": "retrieve", "candidate_count": 50, "event": "done", "query_preview": "What is the kernel-fusion speed-up factor for converting FP32 to INT8 according ", "correlation_id": "01KTYHJNT4D31YJGZ6PE5SJN8A", "level": "info", "timestamp": "2026-06-12T18:30:15.194008Z"}
{"node": "expand_graph", "reason": "disabled_or_empty", "event": "skip", "query_preview": "What is the kernel-fusion speed-up factor for converting FP32 to INT8 according ", "correlation_id": "01KTYHJNT4D31YJGZ6PE5SJN8A", "level": "info", "timestamp": "2026-06-12T18:30:15.195292Z"}
{"node": "rerank", "candidate_count": 50, "event": "start", "query_preview": "What is the kernel-fusion speed-up factor for converting FP32 to INT8 according ", "correlation_id": "01KTYHJNT4D31YJGZ6PE5SJN8A", "level": "info", "timestamp": "2026-06-12T18:30:15.195783Z"}
{"node": "rerank", "top_k": 5, "source": "mode", "event": "top_k_resolved", "query_preview": "What is the kernel-fusion speed-up factor for converting FP32 to INT8 according ", "correlation_id": "01KTYHJNT4D31YJGZ6PE5SJN8A", "level": "info", "timestamp": "2026-06-12T18:30:15.195830Z"}
{"candidates": 50, "top_k": 5, "backend": "cross_encoder", "event": "rerank.start", "query_preview": "What is the kernel-fusion speed-up factor for converting FP32 to INT8 according ", "correlation_id": "01KTYHJNT4D31YJGZ6PE5SJN8A", "level": "info", "timestamp": "2026-06-12T18:30:15.195852Z"}
{"candidates": 50, "top_k": 5, "backend": "cross_encoder", "returned": 5, "event": "rerank.done", "query_preview": "What is the kernel-fusion speed-up factor for converting FP32 to INT8 according ", "correlation_id": "01KTYHJNT4D31YJGZ6PE5SJN8A", "level": "info", "timestamp": "2026-06-12T18:30:40.902259Z"}
{"node": "rerank", "reranked_count": 5, "event": "done", "query_preview": "What is the kernel-fusion speed-up factor for converting FP32 to INT8 according ", "correlation_id": "01KTYHJNT4D31YJGZ6PE5SJN8A", "level": "info", "timestamp": "2026-06-12T18:30:40.902364Z"}
{"node": "query_tables", "reason": "empty_or_not_table_shaped", "event": "skip", "query_preview": "What is the kernel-fusion speed-up factor for converting FP32 to INT8 according ", "correlation_id": "01KTYHJNT4D31YJGZ6PE5SJN8A", "level": "info", "timestamp": "2026-06-12T18:30:40.904048Z"}
{"node": "assess", "reranked_count": 5, "event": "start", "query_preview": "What is the kernel-fusion speed-up factor for converting FP32 to INT8 according ", "correlation_id": "01KTYHJNT4D31YJGZ6PE5SJN8A", "level": "info", "timestamp": "2026-06-12T18:30:40.904713Z"}
{"prompt_tag": "assess_sufficiency@v4", "schema": "SufficiencyAssessment", "model": "cyankiwi/Qwen3.5-4B-AWQ-4bit", "max_tokens": 1024, "temperature": 0.1, "top_p": 0.8, "presence_penalty": 1.0, "seed": 42, "message_count": 1, "event": "model_call.start", "query_preview": "What is the kernel-fusion speed-up factor for converting FP32 to INT8 according ", "correlation_id": "01KTYHJNT4D31YJGZ6PE5SJN8A", "level": "info", "timestamp": "2026-06-12T18:30:40.906550Z"}
Authentication error: Langfuse client initialized without public_key. Client will be disabled. Provide a public_key parameter or set LANGFUSE_PUBLIC_KEY environment variable. 
{"prompt_tag": "assess_sufficiency@v4", "schema": "SufficiencyAssessment", "tokens": 3322, "event": "model_call.done", "query_preview": "What is the kernel-fusion speed-up factor for converting FP32 to INT8 according ", "correlation_id": "01KTYHJNT4D31YJGZ6PE5SJN8A", "level": "info", "timestamp": "2026-06-12T18:30:41.883152Z"}
{"node": "answer", "regenerate_attempt": 0, "event": "start", "query_preview": "What is the kernel-fusion speed-up factor for converting FP32 to INT8 according ", "correlation_id": "01KTYHJNT4D31YJGZ6PE5SJN8A", "level": "info", "timestamp": "2026-06-12T18:30:41.884292Z"}
{"prompt_tag": "answer@v5", "schema": "DraftAnswer", "model": "cyankiwi/Qwen3.5-4B-AWQ-4bit", "max_tokens": 1800, "temperature": 0.1, "top_p": 0.8, "presence_penalty": 1.0, "seed": 42, "message_count": 2, "event": "model_call.start", "query_preview": "What is the kernel-fusion speed-up factor for converting FP32 to INT8 according ", "correlation_id": "01KTYHJNT4D31YJGZ6PE5SJN8A", "level": "info", "timestamp": "2026-06-12T18:30:41.886251Z"}
Authentication error: Langfuse client initialized without public_key. Client will be disabled. Provide a public_key parameter or set LANGFUSE_PUBLIC_KEY environment variable. 
{"prompt_tag": "answer@v5", "schema": "DraftAnswer", "tokens": 4905, "event": "model_call.done", "query_preview": "What is the kernel-fusion speed-up factor for converting FP32 to INT8 according ", "correlation_id": "01KTYHJNT4D31YJGZ6PE5SJN8A", "level": "info", "timestamp": "2026-06-12T18:30:43.051080Z"}
{"node": "answer", "summary_head": "The chunks do not contain information about kernel-fusion speed-up factors for converting FP32 to INT8. The available da", "event": "answer.denial_reframe_retry", "query_preview": "What is the kernel-fusion speed-up factor for converting FP32 to INT8 according ", "correlation_id": "01KTYHJNT4D31YJGZ6PE5SJN8A", "level": "info", "timestamp": "2026-06-12T18:30:43.051145Z"}
{"prompt_tag": "answer@v5", "schema": "DraftAnswer", "model": "cyankiwi/Qwen3.5-4B-AWQ-4bit", "max_tokens": 1800, "temperature": 0.1, "top_p": 0.8, "presence_penalty": 1.0, "seed": 42, "message_count": 2, "event": "model_call.start", "query_preview": "What is the kernel-fusion speed-up factor for converting FP32 to INT8 according ", "correlation_id": "01KTYHJNT4D31YJGZ6PE5SJN8A", "level": "info", "timestamp": "2026-06-12T18:30:43.053121Z"}
Authentication error: Langfuse client initialized without public_key. Client will be disabled. Provide a public_key parameter or set LANGFUSE_PUBLIC_KEY environment variable. 
{"prompt_tag": "answer@v5", "schema": "DraftAnswer", "tokens": 5047, "event": "model_call.done", "query_preview": "What is the kernel-fusion speed-up factor for converting FP32 to INT8 according ", "correlation_id": "01KTYHJNT4D31YJGZ6PE5SJN8A", "level": "info", "timestamp": "2026-06-12T18:30:43.757684Z"}
{"node": "verify", "claim_count": 0, "event": "start", "query_preview": "What is the kernel-fusion speed-up factor for converting FP32 to INT8 according ", "correlation_id": "01KTYHJNT4D31YJGZ6PE5SJN8A", "level": "info", "timestamp": "2026-06-12T18:30:43.758517Z"}
{"node": "verify", "event": "empty_draft_shortcircuit", "query_preview": "What is the kernel-fusion speed-up factor for converting FP32 to INT8 according ", "correlation_id": "01KTYHJNT4D31YJGZ6PE5SJN8A", "level": "info", "timestamp": "2026-06-12T18:30:43.758554Z"}
{"node": "assess_relevance", "event": "start", "query_preview": "What is the kernel-fusion speed-up factor for converting FP32 to INT8 according ", "correlation_id": "01KTYHJNT4D31YJGZ6PE5SJN8A", "level": "info", "timestamp": "2026-06-12T18:30:43.759429Z"}
{"prompt_tag": "assess_relevance@v3", "schema": "RelevanceAssessment", "model": "cyankiwi/Qwen3.5-4B-AWQ-4bit", "max_tokens": 1024, "temperature": 0.1, "top_p": 0.8, "presence_penalty": 1.0, "seed": 42, "message_count": 1, "event": "model_call.start", "query_preview": "What is the kernel-fusion speed-up factor for converting FP32 to INT8 according ", "correlation_id": "01KTYHJNT4D31YJGZ6PE5SJN8A", "level": "info", "timestamp": "2026-06-12T18:30:43.760510Z"}
Authentication error: Langfuse client initialized without public_key. Client will be disabled. Provide a public_key parameter or set LANGFUSE_PUBLIC_KEY environment variable. 
{"prompt_tag": "assess_relevance@v3", "schema": "RelevanceAssessment", "tokens": 859, "event": "model_call.done", "query_preview": "What is the kernel-fusion speed-up factor for converting FP32 to INT8 according ", "correlation_id": "01KTYHJNT4D31YJGZ6PE5SJN8A", "level": "info", "timestamp": "2026-06-12T18:30:44.153185Z"}
{"node": "assess_relevance", "responsive": true, "event": "relevance", "query_preview": "What is the kernel-fusion speed-up factor for converting FP32 to INT8 according ", "correlation_id": "01KTYHJNT4D31YJGZ6PE5SJN8A", "level": "info", "timestamp": "2026-06-12T18:30:44.153235Z"}
{"node": "compose", "event": "start", "query_preview": "What is the kernel-fusion speed-up factor for converting FP32 to INT8 according ", "correlation_id": "01KTYHJNT4D31YJGZ6PE5SJN8A", "level": "info", "timestamp": "2026-06-12T18:30:44.154286Z"}
Authentication error: Langfuse client initialized without public_key. Client will be disabled. Provide a public_key parameter or set LANGFUSE_PUBLIC_KEY environment variable. 
{"node": "retrieve", "query_len": 89, "event": "start", "query_preview": "By how much has NVRTC compilation time improved since CUDA 11.8 for a hello-worl", "correlation_id": "01KTYHKJ5TQ8EYFXFP70V7FQA5", "level": "info", "timestamp": "2026-06-12T18:30:44.155694Z"}
{"query_len": 89, "k": 50, "event": "hybrid.start", "query_preview": "By how much has NVRTC compilation time improved since CUDA 11.8 for a hello-worl", "correlation_id": "01KTYHKJ5TQ8EYFXFP70V7FQA5", "level": "info", "timestamp": "2026-06-12T18:30:44.155729Z"}
{"query_len": 89, "k": 50, "dense": 50, "bm25": 0, "fused": 50, "term": false, "event": "hybrid.done", "query_preview": "By how much has NVRTC compilation time improved since CUDA 11.8 for a hello-worl", "correlation_id": "01KTYHKJ5TQ8EYFXFP70V7FQA5", "level": "info", "timestamp": "2026-06-12T18:30:44.229216Z"}
{"node": "retrieve", "candidate_count": 50, "event": "done", "query_preview": "By how much has NVRTC compilation time improved since CUDA 11.8 for a hello-worl", "correlation_id": "01KTYHKJ5TQ8EYFXFP70V7FQA5", "level": "info", "timestamp": "2026-06-12T18:30:44.230183Z"}
{"node": "expand_graph", "reason": "disabled_or_empty", "event": "skip", "query_preview": "By how much has NVRTC compilation time improved since CUDA 11.8 for a hello-worl", "correlation_id": "01KTYHKJ5TQ8EYFXFP70V7FQA5", "level": "info", "timestamp": "2026-06-12T18:30:44.231796Z"}
{"node": "rerank", "candidate_count": 50, "event": "start", "query_preview": "By how much has NVRTC compilation time improved since CUDA 11.8 for a hello-worl", "correlation_id": "01KTYHKJ5TQ8EYFXFP70V7FQA5", "level": "info", "timestamp": "2026-06-12T18:30:44.232321Z"}
{"node": "rerank", "top_k": 5, "source": "mode", "event": "top_k_resolved", "query_preview": "By how much has NVRTC compilation time improved since CUDA 11.8 for a hello-worl", "correlation_id": "01KTYHKJ5TQ8EYFXFP70V7FQA5", "level": "info", "timestamp": "2026-06-12T18:30:44.232370Z"}
{"candidates": 50, "top_k": 5, "backend": "cross_encoder", "event": "rerank.start", "query_preview": "By how much has NVRTC compilation time improved since CUDA 11.8 for a hello-worl", "correlation_id": "01KTYHKJ5TQ8EYFXFP70V7FQA5", "level": "info", "timestamp": "2026-06-12T18:30:44.232394Z"}
{"candidates": 50, "top_k": 5, "backend": "cross_encoder", "returned": 5, "event": "rerank.done", "query_preview": "By how much has NVRTC compilation time improved since CUDA 11.8 for a hello-worl", "correlation_id": "01KTYHKJ5TQ8EYFXFP70V7FQA5", "level": "info", "timestamp": "2026-06-12T18:31:13.920135Z"}
{"node": "rerank", "reranked_count": 5, "event": "done", "query_preview": "By how much has NVRTC compilation time improved since CUDA 11.8 for a hello-worl", "correlation_id": "01KTYHKJ5TQ8EYFXFP70V7FQA5", "level": "info", "timestamp": "2026-06-12T18:31:13.920234Z"}
{"node": "query_tables", "reason": "empty_or_not_table_shaped", "event": "skip", "query_preview": "By how much has NVRTC compilation time improved since CUDA 11.8 for a hello-worl", "correlation_id": "01KTYHKJ5TQ8EYFXFP70V7FQA5", "level": "info", "timestamp": "2026-06-12T18:31:13.922429Z"}
{"node": "assess", "reranked_count": 5, "event": "start", "query_preview": "By how much has NVRTC compilation time improved since CUDA 11.8 for a hello-worl", "correlation_id": "01KTYHKJ5TQ8EYFXFP70V7FQA5", "level": "info", "timestamp": "2026-06-12T18:31:13.923300Z"}
{"prompt_tag": "assess_sufficiency@v4", "schema": "SufficiencyAssessment", "model": "cyankiwi/Qwen3.5-4B-AWQ-4bit", "max_tokens": 1024, "temperature": 0.1, "top_p": 0.8, "presence_penalty": 1.0, "seed": 42, "message_count": 1, "event": "model_call.start", "query_preview": "By how much has NVRTC compilation time improved since CUDA 11.8 for a hello-worl", "correlation_id": "01KTYHKJ5TQ8EYFXFP70V7FQA5", "level": "info", "timestamp": "2026-06-12T18:31:13.925580Z"}
Authentication error: Langfuse client initialized without public_key. Client will be disabled. Provide a public_key parameter or set LANGFUSE_PUBLIC_KEY environment variable. 
{"prompt_tag": "assess_sufficiency@v4", "schema": "SufficiencyAssessment", "tokens": 2887, "event": "model_call.done", "query_preview": "By how much has NVRTC compilation time improved since CUDA 11.8 for a hello-worl", "correlation_id": "01KTYHKJ5TQ8EYFXFP70V7FQA5", "level": "info", "timestamp": "2026-06-12T18:31:14.885942Z"}
{"node": "answer", "regenerate_attempt": 0, "event": "start", "query_preview": "By how much has NVRTC compilation time improved since CUDA 11.8 for a hello-worl", "correlation_id": "01KTYHKJ5TQ8EYFXFP70V7FQA5", "level": "info", "timestamp": "2026-06-12T18:31:14.887835Z"}
{"prompt_tag": "answer@v5", "schema": "DraftAnswer", "model": "cyankiwi/Qwen3.5-4B-AWQ-4bit", "max_tokens": 1800, "temperature": 0.1, "top_p": 0.8, "presence_penalty": 1.0, "seed": 42, "message_count": 2, "event": "model_call.start", "query_preview": "By how much has NVRTC compilation time improved since CUDA 11.8 for a hello-worl", "correlation_id": "01KTYHKJ5TQ8EYFXFP70V7FQA5", "level": "info", "timestamp": "2026-06-12T18:31:14.889954Z"}
Authentication error: Langfuse client initialized without public_key. Client will be disabled. Provide a public_key parameter or set LANGFUSE_PUBLIC_KEY environment variable. 
{"prompt_tag": "answer@v5", "schema": "DraftAnswer", "tokens": 4481, "event": "model_call.done", "query_preview": "By how much has NVRTC compilation time improved since CUDA 11.8 for a hello-worl", "correlation_id": "01KTYHKJ5TQ8EYFXFP70V7FQA5", "level": "info", "timestamp": "2026-06-12T18:31:16.125511Z"}
{"node": "answer", "summary_head": "The chunks contain a table showing NVRTC compilation times for CUDA versions 1-6, but do not include data for CUDA 11.8 ", "event": "answer.denial_reframe_retry", "query_preview": "By how much has NVRTC compilation time improved since CUDA 11.8 for a hello-worl", "correlation_id": "01KTYHKJ5TQ8EYFXFP70V7FQA5", "level": "info", "timestamp": "2026-06-12T18:31:16.125575Z"}
{"prompt_tag": "answer@v5", "schema": "DraftAnswer", "model": "cyankiwi/Qwen3.5-4B-AWQ-4bit", "max_tokens": 1800, "temperature": 0.1, "top_p": 0.8, "presence_penalty": 1.0, "seed": 42, "message_count": 2, "event": "model_call.start", "query_preview": "By how much has NVRTC compilation time improved since CUDA 11.8 for a hello-worl", "correlation_id": "01KTYHKJ5TQ8EYFXFP70V7FQA5", "level": "info", "timestamp": "2026-06-12T18:31:16.127574Z"}
Authentication error: Langfuse client initialized without public_key. Client will be disabled. Provide a public_key parameter or set LANGFUSE_PUBLIC_KEY environment variable. 
{"prompt_tag": "answer@v5", "schema": "DraftAnswer", "tokens": 4639, "event": "model_call.done", "query_preview": "By how much has NVRTC compilation time improved since CUDA 11.8 for a hello-worl", "correlation_id": "01KTYHKJ5TQ8EYFXFP70V7FQA5", "level": "info", "timestamp": "2026-06-12T18:31:16.986584Z"}
{"node": "verify", "claim_count": 0, "event": "start", "query_preview": "By how much has NVRTC compilation time improved since CUDA 11.8 for a hello-worl", "correlation_id": "01KTYHKJ5TQ8EYFXFP70V7FQA5", "level": "info", "timestamp": "2026-06-12T18:31:16.987597Z"}
{"node": "verify", "event": "empty_draft_shortcircuit", "query_preview": "By how much has NVRTC compilation time improved since CUDA 11.8 for a hello-worl", "correlation_id": "01KTYHKJ5TQ8EYFXFP70V7FQA5", "level": "info", "timestamp": "2026-06-12T18:31:16.987642Z"}
{"node": "assess_relevance", "event": "start", "query_preview": "By how much has NVRTC compilation time improved since CUDA 11.8 for a hello-worl", "correlation_id": "01KTYHKJ5TQ8EYFXFP70V7FQA5", "level": "info", "timestamp": "2026-06-12T18:31:16.989135Z"}
{"prompt_tag": "assess_relevance@v3", "schema": "RelevanceAssessment", "model": "cyankiwi/Qwen3.5-4B-AWQ-4bit", "max_tokens": 1024, "temperature": 0.1, "top_p": 0.8, "presence_penalty": 1.0, "seed": 42, "message_count": 1, "event": "model_call.start", "query_preview": "By how much has NVRTC compilation time improved since CUDA 11.8 for a hello-worl", "correlation_id": "01KTYHKJ5TQ8EYFXFP70V7FQA5", "level": "info", "timestamp": "2026-06-12T18:31:16.990436Z"}
Authentication error: Langfuse client initialized without public_key. Client will be disabled. Provide a public_key parameter or set LANGFUSE_PUBLIC_KEY environment variable. 
{"prompt_tag": "assess_relevance@v3", "schema": "RelevanceAssessment", "tokens": 889, "event": "model_call.done", "query_preview": "By how much has NVRTC compilation time improved since CUDA 11.8 for a hello-worl", "correlation_id": "01KTYHKJ5TQ8EYFXFP70V7FQA5", "level": "info", "timestamp": "2026-06-12T18:31:17.501435Z"}
{"node": "assess_relevance", "responsive": false, "event": "relevance", "query_preview": "By how much has NVRTC compilation time improved since CUDA 11.8 for a hello-worl", "correlation_id": "01KTYHKJ5TQ8EYFXFP70V7FQA5", "level": "info", "timestamp": "2026-06-12T18:31:17.501502Z"}
{"node": "refuse", "event": "start", "query_preview": "By how much has NVRTC compilation time improved since CUDA 11.8 for a hello-worl", "correlation_id": "01KTYHKJ5TQ8EYFXFP70V7FQA5", "level": "info", "timestamp": "2026-06-12T18:31:17.502879Z"}
Authentication error: Langfuse client initialized without public_key. Client will be disabled. Provide a public_key parameter or set LANGFUSE_PUBLIC_KEY environment variable. 
{"node": "retrieve", "query_len": 150, "event": "start", "query_preview": "In the deck's basic kernel-fusion example, how many kernel launches does the unf", "correlation_id": "01KTYHMJQZT0EG8PBXC8W7GT5G", "level": "info", "timestamp": "2026-06-12T18:31:17.504711Z"}
{"query_len": 150, "k": 50, "event": "hybrid.start", "query_preview": "In the deck's basic kernel-fusion example, how many kernel launches does the unf", "correlation_id": "01KTYHMJQZT0EG8PBXC8W7GT5G", "level": "info", "timestamp": "2026-06-12T18:31:17.504755Z"}
{"query_len": 150, "k": 50, "dense": 50, "bm25": 0, "fused": 50, "term": false, "event": "hybrid.done", "query_preview": "In the deck's basic kernel-fusion example, how many kernel launches does the unf", "correlation_id": "01KTYHMJQZT0EG8PBXC8W7GT5G", "level": "info", "timestamp": "2026-06-12T18:31:17.597657Z"}
{"node": "retrieve", "candidate_count": 50, "event": "done", "query_preview": "In the deck's basic kernel-fusion example, how many kernel launches does the unf", "correlation_id": "01KTYHMJQZT0EG8PBXC8W7GT5G", "level": "info", "timestamp": "2026-06-12T18:31:17.598652Z"}
{"node": "expand_graph", "reason": "disabled_or_empty", "event": "skip", "query_preview": "In the deck's basic kernel-fusion example, how many kernel launches does the unf", "correlation_id": "01KTYHMJQZT0EG8PBXC8W7GT5G", "level": "info", "timestamp": "2026-06-12T18:31:17.600037Z"}
{"node": "rerank", "candidate_count": 50, "event": "start", "query_preview": "In the deck's basic kernel-fusion example, how many kernel launches does the unf", "correlation_id": "01KTYHMJQZT0EG8PBXC8W7GT5G", "level": "info", "timestamp": "2026-06-12T18:31:17.600533Z"}
{"node": "rerank", "top_k": 5, "source": "mode", "event": "top_k_resolved", "query_preview": "In the deck's basic kernel-fusion example, how many kernel launches does the unf", "correlation_id": "01KTYHMJQZT0EG8PBXC8W7GT5G", "level": "info", "timestamp": "2026-06-12T18:31:17.600588Z"}
{"candidates": 50, "top_k": 5, "backend": "cross_encoder", "event": "rerank.start", "query_preview": "In the deck's basic kernel-fusion example, how many kernel launches does the unf", "correlation_id": "01KTYHMJQZT0EG8PBXC8W7GT5G", "level": "info", "timestamp": "2026-06-12T18:31:17.600611Z"}
{"candidates": 50, "top_k": 5, "backend": "cross_encoder", "returned": 5, "event": "rerank.done", "query_preview": "In the deck's basic kernel-fusion example, how many kernel launches does the unf", "correlation_id": "01KTYHMJQZT0EG8PBXC8W7GT5G", "level": "info", "timestamp": "2026-06-12T18:31:44.269304Z"}
{"node": "rerank", "reranked_count": 5, "event": "done", "query_preview": "In the deck's basic kernel-fusion example, how many kernel launches does the unf", "correlation_id": "01KTYHMJQZT0EG8PBXC8W7GT5G", "level": "info", "timestamp": "2026-06-12T18:31:44.269398Z"}
{"prompt_tag": "generate_table_sql@v1", "schema": "GeneratedSQL", "model": "cyankiwi/Qwen3.5-4B-AWQ-4bit", "max_tokens": 1024, "temperature": 0.1, "top_p": 0.8, "presence_penalty": 1.0, "seed": 42, "message_count": 1, "event": "model_call.start", "query_preview": "In the deck's basic kernel-fusion example, how many kernel launches does the unf", "correlation_id": "01KTYHMJQZT0EG8PBXC8W7GT5G", "level": "info", "timestamp": "2026-06-12T18:31:44.276235Z"}
Authentication error: Langfuse client initialized without public_key. Client will be disabled. Provide a public_key parameter or set LANGFUSE_PUBLIC_KEY environment variable. 
{"prompt_tag": "generate_table_sql@v1", "schema": "GeneratedSQL", "tokens": 2042, "event": "model_call.done", "query_preview": "In the deck's basic kernel-fusion example, how many kernel launches does the unf", "correlation_id": "01KTYHMJQZT0EG8PBXC8W7GT5G", "level": "info", "timestamp": "2026-06-12T18:31:45.341322Z"}
{"node": "query_doc_tables", "sql": "SELECT * FROM c_3e19286405 WHERE precision = 'FP32' AND operation = 'FMA' ORDER BY energy_per_flop_matrix_multiply__num ASC LIMIT 1", "target": "c_3e19286405", "event": "table_sql.generated", "query_preview": "In the deck's basic kernel-fusion example, how many kernel launches does the unf", "correlation_id": "01KTYHMJQZT0EG8PBXC8W7GT5G", "level": "info", "timestamp": "2026-06-12T18:31:45.341384Z"}
{"node": "query_doc_tables", "target": "c_3e19286405", "event": "table_sql.no_result", "query_preview": "In the deck's basic kernel-fusion example, how many kernel launches does the unf", "correlation_id": "01KTYHMJQZT0EG8PBXC8W7GT5G", "level": "info", "timestamp": "2026-06-12T18:31:45.342011Z"}
{"node": "query_tables", "event": "no_table_answer", "query_preview": "In the deck's basic kernel-fusion example, how many kernel launches does the unf", "correlation_id": "01KTYHMJQZT0EG8PBXC8W7GT5G", "level": "info", "timestamp": "2026-06-12T18:31:45.342227Z"}
{"node": "assess", "reranked_count": 5, "event": "start", "query_preview": "In the deck's basic kernel-fusion example, how many kernel launches does the unf", "correlation_id": "01KTYHMJQZT0EG8PBXC8W7GT5G", "level": "info", "timestamp": "2026-06-12T18:31:45.342955Z"}
{"prompt_tag": "assess_sufficiency@v4", "schema": "SufficiencyAssessment", "model": "cyankiwi/Qwen3.5-4B-AWQ-4bit", "max_tokens": 1024, "temperature": 0.1, "top_p": 0.8, "presence_penalty": 1.0, "seed": 42, "message_count": 1, "event": "model_call.start", "query_preview": "In the deck's basic kernel-fusion example, how many kernel launches does the unf", "correlation_id": "01KTYHMJQZT0EG8PBXC8W7GT5G", "level": "info", "timestamp": "2026-06-12T18:31:45.344324Z"}
Authentication error: Langfuse client initialized without public_key. Client will be disabled. Provide a public_key parameter or set LANGFUSE_PUBLIC_KEY environment variable. 
{"prompt_tag": "assess_sufficiency@v4", "schema": "SufficiencyAssessment", "tokens": 3428, "event": "model_call.done", "query_preview": "In the deck's basic kernel-fusion example, how many kernel launches does the unf", "correlation_id": "01KTYHMJQZT0EG8PBXC8W7GT5G", "level": "info", "timestamp": "2026-06-12T18:31:46.321903Z"}
{"node": "refuse", "event": "start", "query_preview": "In the deck's basic kernel-fusion example, how many kernel launches does the unf", "correlation_id": "01KTYHMJQZT0EG8PBXC8W7GT5G", "level": "info", "timestamp": "2026-06-12T18:31:46.323106Z"}
Authentication error: Langfuse client initialized without public_key. Client will be disabled. Provide a public_key parameter or set LANGFUSE_PUBLIC_KEY environment variable. 
{"node": "retrieve", "query_len": 70, "event": "start", "query_preview": "What is the NVLink C2C bandwidth between the Grace CPU and Hopper GPU?", "correlation_id": "01KTYHNEWKYAXCEN863KRJ1SR0", "level": "info", "timestamp": "2026-06-12T18:31:46.324491Z"}
{"query_len": 70, "k": 50, "event": "hybrid.start", "query_preview": "What is the NVLink C2C bandwidth between the Grace CPU and Hopper GPU?", "correlation_id": "01KTYHNEWKYAXCEN863KRJ1SR0", "level": "info", "timestamp": "2026-06-12T18:31:46.324524Z"}
{"query_len": 70, "k": 50, "dense": 50, "bm25": 0, "fused": 50, "term": false, "event": "hybrid.done", "query_preview": "What is the NVLink C2C bandwidth between the Grace CPU and Hopper GPU?", "correlation_id": "01KTYHNEWKYAXCEN863KRJ1SR0", "level": "info", "timestamp": "2026-06-12T18:31:46.401562Z"}
{"node": "retrieve", "candidate_count": 50, "event": "done", "query_preview": "What is the NVLink C2C bandwidth between the Grace CPU and Hopper GPU?", "correlation_id": "01KTYHNEWKYAXCEN863KRJ1SR0", "level": "info", "timestamp": "2026-06-12T18:31:46.402457Z"}
{"node": "expand_graph", "reason": "disabled_or_empty", "event": "skip", "query_preview": "What is the NVLink C2C bandwidth between the Grace CPU and Hopper GPU?", "correlation_id": "01KTYHNEWKYAXCEN863KRJ1SR0", "level": "info", "timestamp": "2026-06-12T18:31:46.403732Z"}
{"node": "rerank", "candidate_count": 50, "event": "start", "query_preview": "What is the NVLink C2C bandwidth between the Grace CPU and Hopper GPU?", "correlation_id": "01KTYHNEWKYAXCEN863KRJ1SR0", "level": "info", "timestamp": "2026-06-12T18:31:46.404206Z"}
{"node": "rerank", "top_k": 5, "source": "mode", "event": "top_k_resolved", "query_preview": "What is the NVLink C2C bandwidth between the Grace CPU and Hopper GPU?", "correlation_id": "01KTYHNEWKYAXCEN863KRJ1SR0", "level": "info", "timestamp": "2026-06-12T18:31:46.404254Z"}
{"candidates": 50, "top_k": 5, "backend": "cross_encoder", "event": "rerank.start", "query_preview": "What is the NVLink C2C bandwidth between the Grace CPU and Hopper GPU?", "correlation_id": "01KTYHNEWKYAXCEN863KRJ1SR0", "level": "info", "timestamp": "2026-06-12T18:31:46.404284Z"}
{"candidates": 50, "top_k": 5, "backend": "cross_encoder", "returned": 5, "event": "rerank.done", "query_preview": "What is the NVLink C2C bandwidth between the Grace CPU and Hopper GPU?", "correlation_id": "01KTYHNEWKYAXCEN863KRJ1SR0", "level": "info", "timestamp": "2026-06-12T18:32:10.857040Z"}
{"node": "rerank", "reranked_count": 5, "event": "done", "query_preview": "What is the NVLink C2C bandwidth between the Grace CPU and Hopper GPU?", "correlation_id": "01KTYHNEWKYAXCEN863KRJ1SR0", "level": "info", "timestamp": "2026-06-12T18:32:10.857141Z"}
{"node": "query_tables", "reason": "empty_or_not_table_shaped", "event": "skip", "query_preview": "What is the NVLink C2C bandwidth between the Grace CPU and Hopper GPU?", "correlation_id": "01KTYHNEWKYAXCEN863KRJ1SR0", "level": "info", "timestamp": "2026-06-12T18:32:10.859103Z"}
{"node": "assess", "reranked_count": 5, "event": "start", "query_preview": "What is the NVLink C2C bandwidth between the Grace CPU and Hopper GPU?", "correlation_id": "01KTYHNEWKYAXCEN863KRJ1SR0", "level": "info", "timestamp": "2026-06-12T18:32:10.859909Z"}
{"prompt_tag": "assess_sufficiency@v4", "schema": "SufficiencyAssessment", "model": "cyankiwi/Qwen3.5-4B-AWQ-4bit", "max_tokens": 1024, "temperature": 0.1, "top_p": 0.8, "presence_penalty": 1.0, "seed": 42, "message_count": 1, "event": "model_call.start", "query_preview": "What is the NVLink C2C bandwidth between the Grace CPU and Hopper GPU?", "correlation_id": "01KTYHNEWKYAXCEN863KRJ1SR0", "level": "info", "timestamp": "2026-06-12T18:32:10.861911Z"}
Authentication error: Langfuse client initialized without public_key. Client will be disabled. Provide a public_key parameter or set LANGFUSE_PUBLIC_KEY environment variable. 
{"prompt_tag": "assess_sufficiency@v4", "schema": "SufficiencyAssessment", "tokens": 1545, "event": "model_call.done", "query_preview": "What is the NVLink C2C bandwidth between the Grace CPU and Hopper GPU?", "correlation_id": "01KTYHNEWKYAXCEN863KRJ1SR0", "level": "info", "timestamp": "2026-06-12T18:32:11.509095Z"}
{"node": "answer", "regenerate_attempt": 0, "event": "start", "query_preview": "What is the NVLink C2C bandwidth between the Grace CPU and Hopper GPU?", "correlation_id": "01KTYHNEWKYAXCEN863KRJ1SR0", "level": "info", "timestamp": "2026-06-12T18:32:11.510541Z"}
{"prompt_tag": "answer@v5", "schema": "DraftAnswer", "model": "cyankiwi/Qwen3.5-4B-AWQ-4bit", "max_tokens": 1800, "temperature": 0.1, "top_p": 0.8, "presence_penalty": 1.0, "seed": 42, "message_count": 2, "event": "model_call.start", "query_preview": "What is the NVLink C2C bandwidth between the Grace CPU and Hopper GPU?", "correlation_id": "01KTYHNEWKYAXCEN863KRJ1SR0", "level": "info", "timestamp": "2026-06-12T18:32:11.512534Z"}
Authentication error: Langfuse client initialized without public_key. Client will be disabled. Provide a public_key parameter or set LANGFUSE_PUBLIC_KEY environment variable. 
{"prompt_tag": "answer@v5", "schema": "DraftAnswer", "tokens": 3310, "event": "model_call.done", "query_preview": "What is the NVLink C2C bandwidth between the Grace CPU and Hopper GPU?", "correlation_id": "01KTYHNEWKYAXCEN863KRJ1SR0", "level": "info", "timestamp": "2026-06-12T18:32:13.962162Z"}
{"node": "verify", "claim_count": 2, "event": "start", "query_preview": "What is the NVLink C2C bandwidth between the Grace CPU and Hopper GPU?", "correlation_id": "01KTYHNEWKYAXCEN863KRJ1SR0", "level": "info", "timestamp": "2026-06-12T18:32:13.964643Z"}
{"prompt_tag": "verify_grounding@v2", "schema": "VerificationResult", "model": "cyankiwi/Qwen3.5-4B-AWQ-4bit", "max_tokens": 1024, "temperature": 0.1, "top_p": 0.8, "presence_penalty": 1.0, "seed": 42, "message_count": 1, "event": "model_call.start", "query_preview": "What is the NVLink C2C bandwidth between the Grace CPU and Hopper GPU?", "correlation_id": "01KTYHNEWKYAXCEN863KRJ1SR0", "level": "info", "timestamp": "2026-06-12T18:32:13.967673Z"}
Authentication error: Langfuse client initialized without public_key. Client will be disabled. Provide a public_key parameter or set LANGFUSE_PUBLIC_KEY environment variable. 
{"prompt_tag": "verify_grounding@v2", "schema": "VerificationResult", "tokens": 1567, "event": "model_call.done", "query_preview": "What is the NVLink C2C bandwidth between the Grace CPU and Hopper GPU?", "correlation_id": "01KTYHNEWKYAXCEN863KRJ1SR0", "level": "info", "timestamp": "2026-06-12T18:32:14.411573Z"}
{"node": "assess_relevance", "event": "start", "query_preview": "What is the NVLink C2C bandwidth between the Grace CPU and Hopper GPU?", "correlation_id": "01KTYHNEWKYAXCEN863KRJ1SR0", "level": "info", "timestamp": "2026-06-12T18:32:14.412678Z"}
{"prompt_tag": "assess_relevance@v3", "schema": "RelevanceAssessment", "model": "cyankiwi/Qwen3.5-4B-AWQ-4bit", "max_tokens": 1024, "temperature": 0.1, "top_p": 0.8, "presence_penalty": 1.0, "seed": 42, "message_count": 1, "event": "model_call.start", "query_preview": "What is the NVLink C2C bandwidth between the Grace CPU and Hopper GPU?", "correlation_id": "01KTYHNEWKYAXCEN863KRJ1SR0", "level": "info", "timestamp": "2026-06-12T18:32:14.413679Z"}
Authentication error: Langfuse client initialized without public_key. Client will be disabled. Provide a public_key parameter or set LANGFUSE_PUBLIC_KEY environment variable. 
{"prompt_tag": "assess_relevance@v3", "schema": "RelevanceAssessment", "tokens": 894, "event": "model_call.done", "query_preview": "What is the NVLink C2C bandwidth between the Grace CPU and Hopper GPU?", "correlation_id": "01KTYHNEWKYAXCEN863KRJ1SR0", "level": "info", "timestamp": "2026-06-12T18:32:14.880140Z"}
{"node": "assess_relevance", "responsive": true, "event": "relevance", "query_preview": "What is the NVLink C2C bandwidth between the Grace CPU and Hopper GPU?", "correlation_id": "01KTYHNEWKYAXCEN863KRJ1SR0", "level": "info", "timestamp": "2026-06-12T18:32:14.880193Z"}
{"node": "compose", "event": "start", "query_preview": "What is the NVLink C2C bandwidth between the Grace CPU and Hopper GPU?", "correlation_id": "01KTYHNEWKYAXCEN863KRJ1SR0", "level": "info", "timestamp": "2026-06-12T18:32:14.881645Z"}
Authentication error: Langfuse client initialized without public_key. Client will be disabled. Provide a public_key parameter or set LANGFUSE_PUBLIC_KEY environment variable. 
{"node": "retrieve", "query_len": 82, "event": "start", "query_preview": "Which two programming-language abstractions does CUTLASS provide for tensor core", "correlation_id": "01KTYHPAS2WN5JX75RNFSD7VZV", "level": "info", "timestamp": "2026-06-12T18:32:14.883223Z"}
{"query_len": 82, "k": 50, "event": "hybrid.start", "query_preview": "Which two programming-language abstractions does CUTLASS provide for tensor core", "correlation_id": "01KTYHPAS2WN5JX75RNFSD7VZV", "level": "info", "timestamp": "2026-06-12T18:32:14.883258Z"}
{"query_len": 82, "k": 50, "dense": 50, "bm25": 0, "fused": 50, "term": false, "event": "hybrid.done", "query_preview": "Which two programming-language abstractions does CUTLASS provide for tensor core", "correlation_id": "01KTYHPAS2WN5JX75RNFSD7VZV", "level": "info", "timestamp": "2026-06-12T18:32:14.968586Z"}
{"node": "retrieve", "candidate_count": 50, "event": "done", "query_preview": "Which two programming-language abstractions does CUTLASS provide for tensor core", "correlation_id": "01KTYHPAS2WN5JX75RNFSD7VZV", "level": "info", "timestamp": "2026-06-12T18:32:14.969883Z"}
{"node": "expand_graph", "reason": "disabled_or_empty", "event": "skip", "query_preview": "Which two programming-language abstractions does CUTLASS provide for tensor core", "correlation_id": "01KTYHPAS2WN5JX75RNFSD7VZV", "level": "info", "timestamp": "2026-06-12T18:32:14.971437Z"}
{"node": "rerank", "candidate_count": 50, "event": "start", "query_preview": "Which two programming-language abstractions does CUTLASS provide for tensor core", "correlation_id": "01KTYHPAS2WN5JX75RNFSD7VZV", "level": "info", "timestamp": "2026-06-12T18:32:14.972051Z"}
{"node": "rerank", "top_k": 5, "source": "mode", "event": "top_k_resolved", "query_preview": "Which two programming-language abstractions does CUTLASS provide for tensor core", "correlation_id": "01KTYHPAS2WN5JX75RNFSD7VZV", "level": "info", "timestamp": "2026-06-12T18:32:14.972128Z"}
{"candidates": 50, "top_k": 5, "backend": "cross_encoder", "event": "rerank.start", "query_preview": "Which two programming-language abstractions does CUTLASS provide for tensor core", "correlation_id": "01KTYHPAS2WN5JX75RNFSD7VZV", "level": "info", "timestamp": "2026-06-12T18:32:14.972165Z"}
{"candidates": 50, "top_k": 5, "backend": "cross_encoder", "returned": 5, "event": "rerank.done", "query_preview": "Which two programming-language abstractions does CUTLASS provide for tensor core", "correlation_id": "01KTYHPAS2WN5JX75RNFSD7VZV", "level": "info", "timestamp": "2026-06-12T18:32:36.706191Z"}
{"node": "rerank", "reranked_count": 5, "event": "done", "query_preview": "Which two programming-language abstractions does CUTLASS provide for tensor core", "correlation_id": "01KTYHPAS2WN5JX75RNFSD7VZV", "level": "info", "timestamp": "2026-06-12T18:32:36.706285Z"}
{"node": "query_tables", "reason": "empty_or_not_table_shaped", "event": "skip", "query_preview": "Which two programming-language abstractions does CUTLASS provide for tensor core", "correlation_id": "01KTYHPAS2WN5JX75RNFSD7VZV", "level": "info", "timestamp": "2026-06-12T18:32:36.707967Z"}
{"node": "assess", "reranked_count": 5, "event": "start", "query_preview": "Which two programming-language abstractions does CUTLASS provide for tensor core", "correlation_id": "01KTYHPAS2WN5JX75RNFSD7VZV", "level": "info", "timestamp": "2026-06-12T18:32:36.708643Z"}
{"prompt_tag": "assess_sufficiency@v4", "schema": "SufficiencyAssessment", "model": "cyankiwi/Qwen3.5-4B-AWQ-4bit", "max_tokens": 1024, "temperature": 0.1, "top_p": 0.8, "presence_penalty": 1.0, "seed": 42, "message_count": 1, "event": "model_call.start", "query_preview": "Which two programming-language abstractions does CUTLASS provide for tensor core", "correlation_id": "01KTYHPAS2WN5JX75RNFSD7VZV", "level": "info", "timestamp": "2026-06-12T18:32:36.710510Z"}
Authentication error: Langfuse client initialized without public_key. Client will be disabled. Provide a public_key parameter or set LANGFUSE_PUBLIC_KEY environment variable. 
{"prompt_tag": "assess_sufficiency@v4", "schema": "SufficiencyAssessment", "tokens": 1337, "event": "model_call.done", "query_preview": "Which two programming-language abstractions does CUTLASS provide for tensor core", "correlation_id": "01KTYHPAS2WN5JX75RNFSD7VZV", "level": "info", "timestamp": "2026-06-12T18:32:37.276558Z"}
{"node": "answer", "regenerate_attempt": 0, "event": "start", "query_preview": "Which two programming-language abstractions does CUTLASS provide for tensor core", "correlation_id": "01KTYHPAS2WN5JX75RNFSD7VZV", "level": "info", "timestamp": "2026-06-12T18:32:37.278003Z"}
{"prompt_tag": "answer@v5", "schema": "DraftAnswer", "model": "cyankiwi/Qwen3.5-4B-AWQ-4bit", "max_tokens": 1800, "temperature": 0.1, "top_p": 0.8, "presence_penalty": 1.0, "seed": 42, "message_count": 2, "event": "model_call.start", "query_preview": "Which two programming-language abstractions does CUTLASS provide for tensor core", "correlation_id": "01KTYHPAS2WN5JX75RNFSD7VZV", "level": "info", "timestamp": "2026-06-12T18:32:37.279954Z"}
Authentication error: Langfuse client initialized without public_key. Client will be disabled. Provide a public_key parameter or set LANGFUSE_PUBLIC_KEY environment variable. 
{"prompt_tag": "answer@v5", "schema": "DraftAnswer", "tokens": 2982, "event": "model_call.done", "query_preview": "Which two programming-language abstractions does CUTLASS provide for tensor core", "correlation_id": "01KTYHPAS2WN5JX75RNFSD7VZV", "level": "info", "timestamp": "2026-06-12T18:32:38.570736Z"}
{"node": "verify", "claim_count": 1, "event": "start", "query_preview": "Which two programming-language abstractions does CUTLASS provide for tensor core", "correlation_id": "01KTYHPAS2WN5JX75RNFSD7VZV", "level": "info", "timestamp": "2026-06-12T18:32:38.571508Z"}
{"prompt_tag": "verify_grounding@v2", "schema": "VerificationResult", "model": "cyankiwi/Qwen3.5-4B-AWQ-4bit", "max_tokens": 1024, "temperature": 0.1, "top_p": 0.8, "presence_penalty": 1.0, "seed": 42, "message_count": 1, "event": "model_call.start", "query_preview": "Which two programming-language abstractions does CUTLASS provide for tensor core", "correlation_id": "01KTYHPAS2WN5JX75RNFSD7VZV", "level": "info", "timestamp": "2026-06-12T18:32:38.574519Z"}
Authentication error: Langfuse client initialized without public_key. Client will be disabled. Provide a public_key parameter or set LANGFUSE_PUBLIC_KEY environment variable. 
{"prompt_tag": "verify_grounding@v2", "schema": "VerificationResult", "tokens": 1271, "event": "model_call.done", "query_preview": "Which two programming-language abstractions does CUTLASS provide for tensor core", "correlation_id": "01KTYHPAS2WN5JX75RNFSD7VZV", "level": "info", "timestamp": "2026-06-12T18:32:38.950595Z"}
{"node": "assess_relevance", "event": "start", "query_preview": "Which two programming-language abstractions does CUTLASS provide for tensor core", "correlation_id": "01KTYHPAS2WN5JX75RNFSD7VZV", "level": "info", "timestamp": "2026-06-12T18:32:38.951773Z"}
{"prompt_tag": "assess_relevance@v3", "schema": "RelevanceAssessment", "model": "cyankiwi/Qwen3.5-4B-AWQ-4bit", "max_tokens": 1024, "temperature": 0.1, "top_p": 0.8, "presence_penalty": 1.0, "seed": 42, "message_count": 1, "event": "model_call.start", "query_preview": "Which two programming-language abstractions does CUTLASS provide for tensor core", "correlation_id": "01KTYHPAS2WN5JX75RNFSD7VZV", "level": "info", "timestamp": "2026-06-12T18:32:38.952770Z"}
Authentication error: Langfuse client initialized without public_key. Client will be disabled. Provide a public_key parameter or set LANGFUSE_PUBLIC_KEY environment variable. 
{"prompt_tag": "assess_relevance@v3", "schema": "RelevanceAssessment", "tokens": 827, "event": "model_call.done", "query_preview": "Which two programming-language abstractions does CUTLASS provide for tensor core", "correlation_id": "01KTYHPAS2WN5JX75RNFSD7VZV", "level": "info", "timestamp": "2026-06-12T18:32:39.343722Z"}
{"node": "assess_relevance", "responsive": true, "event": "relevance", "query_preview": "Which two programming-language abstractions does CUTLASS provide for tensor core", "correlation_id": "01KTYHPAS2WN5JX75RNFSD7VZV", "level": "info", "timestamp": "2026-06-12T18:32:39.343784Z"}
{"node": "compose", "event": "start", "query_preview": "Which two programming-language abstractions does CUTLASS provide for tensor core", "correlation_id": "01KTYHPAS2WN5JX75RNFSD7VZV", "level": "info", "timestamp": "2026-06-12T18:32:39.345071Z"}
Authentication error: Langfuse client initialized without public_key. Client will be disabled. Provide a public_key parameter or set LANGFUSE_PUBLIC_KEY environment variable. 
{"node": "retrieve", "query_len": 112, "event": "start", "query_preview": "What new NVRTC flag reduces front-end compilation time by excluding rarely-used ", "correlation_id": "01KTYHQ2NH4VYT3MSTC89VSKC2", "level": "info", "timestamp": "2026-06-12T18:32:39.346814Z"}
{"query_len": 112, "k": 50, "event": "hybrid.start", "query_preview": "What new NVRTC flag reduces front-end compilation time by excluding rarely-used ", "correlation_id": "01KTYHQ2NH4VYT3MSTC89VSKC2", "level": "info", "timestamp": "2026-06-12T18:32:39.346857Z"}
{"query_len": 112, "k": 50, "dense": 50, "bm25": 0, "fused": 50, "term": false, "event": "hybrid.done", "query_preview": "What new NVRTC flag reduces front-end compilation time by excluding rarely-used ", "correlation_id": "01KTYHQ2NH4VYT3MSTC89VSKC2", "level": "info", "timestamp": "2026-06-12T18:32:39.416159Z"}
{"node": "retrieve", "candidate_count": 50, "event": "done", "query_preview": "What new NVRTC flag reduces front-end compilation time by excluding rarely-used ", "correlation_id": "01KTYHQ2NH4VYT3MSTC89VSKC2", "level": "info", "timestamp": "2026-06-12T18:32:39.416987Z"}
{"node": "expand_graph", "reason": "disabled_or_empty", "event": "skip", "query_preview": "What new NVRTC flag reduces front-end compilation time by excluding rarely-used ", "correlation_id": "01KTYHQ2NH4VYT3MSTC89VSKC2", "level": "info", "timestamp": "2026-06-12T18:32:39.418171Z"}
{"node": "rerank", "candidate_count": 50, "event": "start", "query_preview": "What new NVRTC flag reduces front-end compilation time by excluding rarely-used ", "correlation_id": "01KTYHQ2NH4VYT3MSTC89VSKC2", "level": "info", "timestamp": "2026-06-12T18:32:39.418585Z"}
{"node": "rerank", "top_k": 5, "source": "mode", "event": "top_k_resolved", "query_preview": "What new NVRTC flag reduces front-end compilation time by excluding rarely-used ", "correlation_id": "01KTYHQ2NH4VYT3MSTC89VSKC2", "level": "info", "timestamp": "2026-06-12T18:32:39.418625Z"}
{"candidates": 50, "top_k": 5, "backend": "cross_encoder", "event": "rerank.start", "query_preview": "What new NVRTC flag reduces front-end compilation time by excluding rarely-used ", "correlation_id": "01KTYHQ2NH4VYT3MSTC89VSKC2", "level": "info", "timestamp": "2026-06-12T18:32:39.418643Z"}
{"candidates": 50, "top_k": 5, "backend": "cross_encoder", "returned": 5, "event": "rerank.done", "query_preview": "What new NVRTC flag reduces front-end compilation time by excluding rarely-used ", "correlation_id": "01KTYHQ2NH4VYT3MSTC89VSKC2", "level": "info", "timestamp": "2026-06-12T18:33:00.785427Z"}
{"node": "rerank", "reranked_count": 5, "event": "done", "query_preview": "What new NVRTC flag reduces front-end compilation time by excluding rarely-used ", "correlation_id": "01KTYHQ2NH4VYT3MSTC89VSKC2", "level": "info", "timestamp": "2026-06-12T18:33:00.785526Z"}
{"node": "query_tables", "reason": "empty_or_not_table_shaped", "event": "skip", "query_preview": "What new NVRTC flag reduces front-end compilation time by excluding rarely-used ", "correlation_id": "01KTYHQ2NH4VYT3MSTC89VSKC2", "level": "info", "timestamp": "2026-06-12T18:33:00.787332Z"}
{"node": "assess", "reranked_count": 5, "event": "start", "query_preview": "What new NVRTC flag reduces front-end compilation time by excluding rarely-used ", "correlation_id": "01KTYHQ2NH4VYT3MSTC89VSKC2", "level": "info", "timestamp": "2026-06-12T18:33:00.788044Z"}
{"prompt_tag": "assess_sufficiency@v4", "schema": "SufficiencyAssessment", "model": "cyankiwi/Qwen3.5-4B-AWQ-4bit", "max_tokens": 1024, "temperature": 0.1, "top_p": 0.8, "presence_penalty": 1.0, "seed": 42, "message_count": 1, "event": "model_call.start", "query_preview": "What new NVRTC flag reduces front-end compilation time by excluding rarely-used ", "correlation_id": "01KTYHQ2NH4VYT3MSTC89VSKC2", "level": "info", "timestamp": "2026-06-12T18:33:00.790263Z"}
Authentication error: Langfuse client initialized without public_key. Client will be disabled. Provide a public_key parameter or set LANGFUSE_PUBLIC_KEY environment variable. 
{"prompt_tag": "assess_sufficiency@v4", "schema": "SufficiencyAssessment", "tokens": 2790, "event": "model_call.done", "query_preview": "What new NVRTC flag reduces front-end compilation time by excluding rarely-used ", "correlation_id": "01KTYHQ2NH4VYT3MSTC89VSKC2", "level": "info", "timestamp": "2026-06-12T18:33:02.019881Z"}
{"node": "answer", "regenerate_attempt": 0, "event": "start", "query_preview": "What new NVRTC flag reduces front-end compilation time by excluding rarely-used ", "correlation_id": "01KTYHQ2NH4VYT3MSTC89VSKC2", "level": "info", "timestamp": "2026-06-12T18:33:02.021317Z"}
{"prompt_tag": "answer@v5", "schema": "DraftAnswer", "model": "cyankiwi/Qwen3.5-4B-AWQ-4bit", "max_tokens": 1800, "temperature": 0.1, "top_p": 0.8, "presence_penalty": 1.0, "seed": 42, "message_count": 2, "event": "model_call.start", "query_preview": "What new NVRTC flag reduces front-end compilation time by excluding rarely-used ", "correlation_id": "01KTYHQ2NH4VYT3MSTC89VSKC2", "level": "info", "timestamp": "2026-06-12T18:33:02.023878Z"}
Authentication error: Langfuse client initialized without public_key. Client will be disabled. Provide a public_key parameter or set LANGFUSE_PUBLIC_KEY environment variable. 
{"prompt_tag": "answer@v5", "schema": "DraftAnswer", "tokens": 4404, "event": "model_call.done", "query_preview": "What new NVRTC flag reduces front-end compilation time by excluding rarely-used ", "correlation_id": "01KTYHQ2NH4VYT3MSTC89VSKC2", "level": "info", "timestamp": "2026-06-12T18:33:03.708700Z"}
{"node": "verify", "claim_count": 1, "event": "start", "query_preview": "What new NVRTC flag reduces front-end compilation time by excluding rarely-used ", "correlation_id": "01KTYHQ2NH4VYT3MSTC89VSKC2", "level": "info", "timestamp": "2026-06-12T18:33:03.709519Z"}
{"prompt_tag": "verify_grounding@v2", "schema": "VerificationResult", "model": "cyankiwi/Qwen3.5-4B-AWQ-4bit", "max_tokens": 1024, "temperature": 0.1, "top_p": 0.8, "presence_penalty": 1.0, "seed": 42, "message_count": 1, "event": "model_call.start", "query_preview": "What new NVRTC flag reduces front-end compilation time by excluding rarely-used ", "correlation_id": "01KTYHQ2NH4VYT3MSTC89VSKC2", "level": "info", "timestamp": "2026-06-12T18:33:03.712537Z"}
Authentication error: Langfuse client initialized without public_key. Client will be disabled. Provide a public_key parameter or set LANGFUSE_PUBLIC_KEY environment variable. 
{"prompt_tag": "verify_grounding@v2", "schema": "VerificationResult", "tokens": 2499, "event": "model_call.done", "query_preview": "What new NVRTC flag reduces front-end compilation time by excluding rarely-used ", "correlation_id": "01KTYHQ2NH4VYT3MSTC89VSKC2", "level": "info", "timestamp": "2026-06-12T18:33:04.277306Z"}
{"node": "assess_relevance", "event": "start", "query_preview": "What new NVRTC flag reduces front-end compilation time by excluding rarely-used ", "correlation_id": "01KTYHQ2NH4VYT3MSTC89VSKC2", "level": "info", "timestamp": "2026-06-12T18:33:04.279003Z"}
{"prompt_tag": "assess_relevance@v3", "schema": "RelevanceAssessment", "model": "cyankiwi/Qwen3.5-4B-AWQ-4bit", "max_tokens": 1024, "temperature": 0.1, "top_p": 0.8, "presence_penalty": 1.0, "seed": 42, "message_count": 1, "event": "model_call.start", "query_preview": "What new NVRTC flag reduces front-end compilation time by excluding rarely-used ", "correlation_id": "01KTYHQ2NH4VYT3MSTC89VSKC2", "level": "info", "timestamp": "2026-06-12T18:33:04.279973Z"}
Authentication error: Langfuse client initialized without public_key. Client will be disabled. Provide a public_key parameter or set LANGFUSE_PUBLIC_KEY environment variable. 
{"prompt_tag": "assess_relevance@v3", "schema": "RelevanceAssessment", "tokens": 852, "event": "model_call.done", "query_preview": "What new NVRTC flag reduces front-end compilation time by excluding rarely-used ", "correlation_id": "01KTYHQ2NH4VYT3MSTC89VSKC2", "level": "info", "timestamp": "2026-06-12T18:33:04.671312Z"}
{"node": "assess_relevance", "responsive": true, "event": "relevance", "query_preview": "What new NVRTC flag reduces front-end compilation time by excluding rarely-used ", "correlation_id": "01KTYHQ2NH4VYT3MSTC89VSKC2", "level": "info", "timestamp": "2026-06-12T18:33:04.671377Z"}
{"node": "compose", "event": "start", "query_preview": "What new NVRTC flag reduces front-end compilation time by excluding rarely-used ", "correlation_id": "01KTYHQ2NH4VYT3MSTC89VSKC2", "level": "info", "timestamp": "2026-06-12T18:33:04.672580Z"}
Authentication error: Langfuse client initialized without public_key. Client will be disabled. Provide a public_key parameter or set LANGFUSE_PUBLIC_KEY environment variable. 
{"node": "retrieve", "query_len": 92, "event": "start", "query_preview": "How much lower are the overheads of the NVRTC '-minimal' flag compared to the de", "correlation_id": "01KTYHQVD1MJ3R8DNWKFDSYFRN", "level": "info", "timestamp": "2026-06-12T18:33:04.673983Z"}
{"query_len": 92, "k": 50, "event": "hybrid.start", "query_preview": "How much lower are the overheads of the NVRTC '-minimal' flag compared to the de", "correlation_id": "01KTYHQVD1MJ3R8DNWKFDSYFRN", "level": "info", "timestamp": "2026-06-12T18:33:04.674015Z"}
{"query_len": 92, "k": 50, "dense": 50, "bm25": 0, "fused": 50, "term": false, "event": "hybrid.done", "query_preview": "How much lower are the overheads of the NVRTC '-minimal' flag compared to the de", "correlation_id": "01KTYHQVD1MJ3R8DNWKFDSYFRN", "level": "info", "timestamp": "2026-06-12T18:33:04.750906Z"}
{"node": "retrieve", "candidate_count": 50, "event": "done", "query_preview": "How much lower are the overheads of the NVRTC '-minimal' flag compared to the de", "correlation_id": "01KTYHQVD1MJ3R8DNWKFDSYFRN", "level": "info", "timestamp": "2026-06-12T18:33:04.751785Z"}
{"node": "expand_graph", "reason": "disabled_or_empty", "event": "skip", "query_preview": "How much lower are the overheads of the NVRTC '-minimal' flag compared to the de", "correlation_id": "01KTYHQVD1MJ3R8DNWKFDSYFRN", "level": "info", "timestamp": "2026-06-12T18:33:04.753349Z"}
{"node": "rerank", "candidate_count": 50, "event": "start", "query_preview": "How much lower are the overheads of the NVRTC '-minimal' flag compared to the de", "correlation_id": "01KTYHQVD1MJ3R8DNWKFDSYFRN", "level": "info", "timestamp": "2026-06-12T18:33:04.753832Z"}
{"node": "rerank", "top_k": 5, "source": "mode", "event": "top_k_resolved", "query_preview": "How much lower are the overheads of the NVRTC '-minimal' flag compared to the de", "correlation_id": "01KTYHQVD1MJ3R8DNWKFDSYFRN", "level": "info", "timestamp": "2026-06-12T18:33:04.753878Z"}
{"candidates": 50, "top_k": 5, "backend": "cross_encoder", "event": "rerank.start", "query_preview": "How much lower are the overheads of the NVRTC '-minimal' flag compared to the de", "correlation_id": "01KTYHQVD1MJ3R8DNWKFDSYFRN", "level": "info", "timestamp": "2026-06-12T18:33:04.753902Z"}
{"candidates": 50, "top_k": 5, "backend": "cross_encoder", "returned": 5, "event": "rerank.done", "query_preview": "How much lower are the overheads of the NVRTC '-minimal' flag compared to the de", "correlation_id": "01KTYHQVD1MJ3R8DNWKFDSYFRN", "level": "info", "timestamp": "2026-06-12T18:33:27.367519Z"}
{"node": "rerank", "reranked_count": 5, "event": "done", "query_preview": "How much lower are the overheads of the NVRTC '-minimal' flag compared to the de", "correlation_id": "01KTYHQVD1MJ3R8DNWKFDSYFRN", "level": "info", "timestamp": "2026-06-12T18:33:27.367619Z"}
{"node": "query_tables", "reason": "empty_or_not_table_shaped", "event": "skip", "query_preview": "How much lower are the overheads of the NVRTC '-minimal' flag compared to the de", "correlation_id": "01KTYHQVD1MJ3R8DNWKFDSYFRN", "level": "info", "timestamp": "2026-06-12T18:33:27.369640Z"}
{"node": "assess", "reranked_count": 5, "event": "start", "query_preview": "How much lower are the overheads of the NVRTC '-minimal' flag compared to the de", "correlation_id": "01KTYHQVD1MJ3R8DNWKFDSYFRN", "level": "info", "timestamp": "2026-06-12T18:33:27.370475Z"}
{"prompt_tag": "assess_sufficiency@v4", "schema": "SufficiencyAssessment", "model": "cyankiwi/Qwen3.5-4B-AWQ-4bit", "max_tokens": 1024, "temperature": 0.1, "top_p": 0.8, "presence_penalty": 1.0, "seed": 42, "message_count": 1, "event": "model_call.start", "query_preview": "How much lower are the overheads of the NVRTC '-minimal' flag compared to the de", "correlation_id": "01KTYHQVD1MJ3R8DNWKFDSYFRN", "level": "info", "timestamp": "2026-06-12T18:33:27.372436Z"}
Authentication error: Langfuse client initialized without public_key. Client will be disabled. Provide a public_key parameter or set LANGFUSE_PUBLIC_KEY environment variable. 
{"prompt_tag": "assess_sufficiency@v4", "schema": "SufficiencyAssessment", "tokens": 2617, "event": "model_call.done", "query_preview": "How much lower are the overheads of the NVRTC '-minimal' flag compared to the de", "correlation_id": "01KTYHQVD1MJ3R8DNWKFDSYFRN", "level": "info", "timestamp": "2026-06-12T18:33:28.250056Z"}
{"node": "answer", "regenerate_attempt": 0, "event": "start", "query_preview": "How much lower are the overheads of the NVRTC '-minimal' flag compared to the de", "correlation_id": "01KTYHQVD1MJ3R8DNWKFDSYFRN", "level": "info", "timestamp": "2026-06-12T18:33:28.251251Z"}
{"prompt_tag": "answer@v5", "schema": "DraftAnswer", "model": "cyankiwi/Qwen3.5-4B-AWQ-4bit", "max_tokens": 1800, "temperature": 0.1, "top_p": 0.8, "presence_penalty": 1.0, "seed": 42, "message_count": 2, "event": "model_call.start", "query_preview": "How much lower are the overheads of the NVRTC '-minimal' flag compared to the de", "correlation_id": "01KTYHQVD1MJ3R8DNWKFDSYFRN", "level": "info", "timestamp": "2026-06-12T18:33:28.253236Z"}
Authentication error: Langfuse client initialized without public_key. Client will be disabled. Provide a public_key parameter or set LANGFUSE_PUBLIC_KEY environment variable. 
{"prompt_tag": "answer@v5", "schema": "DraftAnswer", "tokens": 4274, "event": "model_call.done", "query_preview": "How much lower are the overheads of the NVRTC '-minimal' flag compared to the de", "correlation_id": "01KTYHQVD1MJ3R8DNWKFDSYFRN", "level": "info", "timestamp": "2026-06-12T18:33:29.969978Z"}
{"node": "verify", "claim_count": 1, "event": "start", "query_preview": "How much lower are the overheads of the NVRTC '-minimal' flag compared to the de", "correlation_id": "01KTYHQVD1MJ3R8DNWKFDSYFRN", "level": "info", "timestamp": "2026-06-12T18:33:29.970803Z"}
{"prompt_tag": "verify_grounding@v2", "schema": "VerificationResult", "model": "cyankiwi/Qwen3.5-4B-AWQ-4bit", "max_tokens": 1024, "temperature": 0.1, "top_p": 0.8, "presence_penalty": 1.0, "seed": 42, "message_count": 1, "event": "model_call.start", "query_preview": "How much lower are the overheads of the NVRTC '-minimal' flag compared to the de", "correlation_id": "01KTYHQVD1MJ3R8DNWKFDSYFRN", "level": "info", "timestamp": "2026-06-12T18:33:29.973879Z"}
Authentication error: Langfuse client initialized without public_key. Client will be disabled. Provide a public_key parameter or set LANGFUSE_PUBLIC_KEY environment variable. 
{"prompt_tag": "verify_grounding@v2", "schema": "VerificationResult", "tokens": 2332, "event": "model_call.done", "query_preview": "How much lower are the overheads of the NVRTC '-minimal' flag compared to the de", "correlation_id": "01KTYHQVD1MJ3R8DNWKFDSYFRN", "level": "info", "timestamp": "2026-06-12T18:33:30.514472Z"}
{"prompt_tag": "verify_grounding@v2", "schema": "VerificationResult", "model": "cyankiwi/Qwen3.5-4B-AWQ-4bit", "max_tokens": 1024, "temperature": 0.1, "top_p": 0.8, "presence_penalty": 1.0, "seed": 42, "message_count": 1, "event": "model_call.start", "query_preview": "How much lower are the overheads of the NVRTC '-minimal' flag compared to the de", "correlation_id": "01KTYHQVD1MJ3R8DNWKFDSYFRN", "level": "info", "timestamp": "2026-06-12T18:33:30.516455Z"}
Authentication error: Langfuse client initialized without public_key. Client will be disabled. Provide a public_key parameter or set LANGFUSE_PUBLIC_KEY environment variable. 
{"prompt_tag": "verify_grounding@v2", "schema": "VerificationResult", "tokens": 556, "event": "model_call.done", "query_preview": "How much lower are the overheads of the NVRTC '-minimal' flag compared to the de", "correlation_id": "01KTYHQVD1MJ3R8DNWKFDSYFRN", "level": "info", "timestamp": "2026-06-12T18:33:30.791428Z"}
{"prompt_tag": "verify_grounding@v2", "schema": "VerificationResult", "model": "cyankiwi/Qwen3.5-4B-AWQ-4bit", "max_tokens": 1024, "temperature": 0.1, "top_p": 0.8, "presence_penalty": 1.0, "seed": 42, "message_count": 1, "event": "model_call.start", "query_preview": "How much lower are the overheads of the NVRTC '-minimal' flag compared to the de", "correlation_id": "01KTYHQVD1MJ3R8DNWKFDSYFRN", "level": "info", "timestamp": "2026-06-12T18:33:30.793522Z"}
Authentication error: Langfuse client initialized without public_key. Client will be disabled. Provide a public_key parameter or set LANGFUSE_PUBLIC_KEY environment variable. 
{"prompt_tag": "verify_grounding@v2", "schema": "VerificationResult", "tokens": 702, "event": "model_call.done", "query_preview": "How much lower are the overheads of the NVRTC '-minimal' flag compared to the de", "correlation_id": "01KTYHQVD1MJ3R8DNWKFDSYFRN", "level": "info", "timestamp": "2026-06-12T18:33:31.087052Z"}
{"prompt_tag": "verify_grounding@v2", "schema": "VerificationResult", "model": "cyankiwi/Qwen3.5-4B-AWQ-4bit", "max_tokens": 1024, "temperature": 0.1, "top_p": 0.8, "presence_penalty": 1.0, "seed": 42, "message_count": 1, "event": "model_call.start", "query_preview": "How much lower are the overheads of the NVRTC '-minimal' flag compared to the de", "correlation_id": "01KTYHQVD1MJ3R8DNWKFDSYFRN", "level": "info", "timestamp": "2026-06-12T18:33:31.089088Z"}
Authentication error: Langfuse client initialized without public_key. Client will be disabled. Provide a public_key parameter or set LANGFUSE_PUBLIC_KEY environment variable. 
{"prompt_tag": "verify_grounding@v2", "schema": "VerificationResult", "tokens": 679, "event": "model_call.done", "query_preview": "How much lower are the overheads of the NVRTC '-minimal' flag compared to the de", "correlation_id": "01KTYHQVD1MJ3R8DNWKFDSYFRN", "level": "info", "timestamp": "2026-06-12T18:33:31.379128Z"}
{"prompt_tag": "verify_grounding@v2", "schema": "VerificationResult", "model": "cyankiwi/Qwen3.5-4B-AWQ-4bit", "max_tokens": 1024, "temperature": 0.1, "top_p": 0.8, "presence_penalty": 1.0, "seed": 42, "message_count": 1, "event": "model_call.start", "query_preview": "How much lower are the overheads of the NVRTC '-minimal' flag compared to the de", "correlation_id": "01KTYHQVD1MJ3R8DNWKFDSYFRN", "level": "info", "timestamp": "2026-06-12T18:33:31.381075Z"}
Authentication error: Langfuse client initialized without public_key. Client will be disabled. Provide a public_key parameter or set LANGFUSE_PUBLIC_KEY environment variable. 
{"prompt_tag": "verify_grounding@v2", "schema": "VerificationResult", "tokens": 1040, "event": "model_call.done", "query_preview": "How much lower are the overheads of the NVRTC '-minimal' flag compared to the de", "correlation_id": "01KTYHQVD1MJ3R8DNWKFDSYFRN", "level": "info", "timestamp": "2026-06-12T18:33:31.720867Z"}
{"prompt_tag": "verify_grounding@v2", "schema": "VerificationResult", "model": "cyankiwi/Qwen3.5-4B-AWQ-4bit", "max_tokens": 1024, "temperature": 0.1, "top_p": 0.8, "presence_penalty": 1.0, "seed": 42, "message_count": 1, "event": "model_call.start", "query_preview": "How much lower are the overheads of the NVRTC '-minimal' flag compared to the de", "correlation_id": "01KTYHQVD1MJ3R8DNWKFDSYFRN", "level": "info", "timestamp": "2026-06-12T18:33:31.722830Z"}
Authentication error: Langfuse client initialized without public_key. Client will be disabled. Provide a public_key parameter or set LANGFUSE_PUBLIC_KEY environment variable. 
{"prompt_tag": "verify_grounding@v2", "schema": "VerificationResult", "tokens": 961, "event": "model_call.done", "query_preview": "How much lower are the overheads of the NVRTC '-minimal' flag compared to the de", "correlation_id": "01KTYHQVD1MJ3R8DNWKFDSYFRN", "level": "info", "timestamp": "2026-06-12T18:33:32.052081Z"}
{"node": "refuse", "event": "start", "query_preview": "How much lower are the overheads of the NVRTC '-minimal' flag compared to the de", "correlation_id": "01KTYHQVD1MJ3R8DNWKFDSYFRN", "level": "info", "timestamp": "2026-06-12T18:33:32.053214Z"}
Authentication error: Langfuse client initialized without public_key. Client will be disabled. Provide a public_key parameter or set LANGFUSE_PUBLIC_KEY environment variable. 
{"node": "retrieve", "query_len": 101, "event": "start", "query_preview": "What method does the deck describe for getting IEEE-754 FP64-accurate results fr", "correlation_id": "01KTYHRP4N11YZATQM8Z0Y64HF", "level": "info", "timestamp": "2026-06-12T18:33:32.054632Z"}
{"query_len": 101, "k": 50, "event": "hybrid.start", "query_preview": "What method does the deck describe for getting IEEE-754 FP64-accurate results fr", "correlation_id": "01KTYHRP4N11YZATQM8Z0Y64HF", "level": "info", "timestamp": "2026-06-12T18:33:32.054668Z"}
{"query_len": 101, "k": 50, "dense": 50, "bm25": 0, "fused": 50, "term": false, "event": "hybrid.done", "query_preview": "What method does the deck describe for getting IEEE-754 FP64-accurate results fr", "correlation_id": "01KTYHRP4N11YZATQM8Z0Y64HF", "level": "info", "timestamp": "2026-06-12T18:33:32.137303Z"}
{"node": "retrieve", "candidate_count": 50, "event": "done", "query_preview": "What method does the deck describe for getting IEEE-754 FP64-accurate results fr", "correlation_id": "01KTYHRP4N11YZATQM8Z0Y64HF", "level": "info", "timestamp": "2026-06-12T18:33:32.138258Z"}
{"node": "expand_graph", "reason": "disabled_or_empty", "event": "skip", "query_preview": "What method does the deck describe for getting IEEE-754 FP64-accurate results fr", "correlation_id": "01KTYHRP4N11YZATQM8Z0Y64HF", "level": "info", "timestamp": "2026-06-12T18:33:32.139581Z"}
{"node": "rerank", "candidate_count": 50, "event": "start", "query_preview": "What method does the deck describe for getting IEEE-754 FP64-accurate results fr", "correlation_id": "01KTYHRP4N11YZATQM8Z0Y64HF", "level": "info", "timestamp": "2026-06-12T18:33:32.140069Z"}
{"node": "rerank", "top_k": 5, "source": "mode", "event": "top_k_resolved", "query_preview": "What method does the deck describe for getting IEEE-754 FP64-accurate results fr", "correlation_id": "01KTYHRP4N11YZATQM8Z0Y64HF", "level": "info", "timestamp": "2026-06-12T18:33:32.140119Z"}
{"candidates": 50, "top_k": 5, "backend": "cross_encoder", "event": "rerank.start", "query_preview": "What method does the deck describe for getting IEEE-754 FP64-accurate results fr", "correlation_id": "01KTYHRP4N11YZATQM8Z0Y64HF", "level": "info", "timestamp": "2026-06-12T18:33:32.140143Z"}
{"candidates": 50, "top_k": 5, "backend": "cross_encoder", "returned": 5, "event": "rerank.done", "query_preview": "What method does the deck describe for getting IEEE-754 FP64-accurate results fr", "correlation_id": "01KTYHRP4N11YZATQM8Z0Y64HF", "level": "info", "timestamp": "2026-06-12T18:33:58.904708Z"}
{"node": "rerank", "reranked_count": 5, "event": "done", "query_preview": "What method does the deck describe for getting IEEE-754 FP64-accurate results fr", "correlation_id": "01KTYHRP4N11YZATQM8Z0Y64HF", "level": "info", "timestamp": "2026-06-12T18:33:58.904802Z"}
{"node": "query_tables", "reason": "empty_or_not_table_shaped", "event": "skip", "query_preview": "What method does the deck describe for getting IEEE-754 FP64-accurate results fr", "correlation_id": "01KTYHRP4N11YZATQM8Z0Y64HF", "level": "info", "timestamp": "2026-06-12T18:33:58.906760Z"}
{"node": "assess", "reranked_count": 5, "event": "start", "query_preview": "What method does the deck describe for getting IEEE-754 FP64-accurate results fr", "correlation_id": "01KTYHRP4N11YZATQM8Z0Y64HF", "level": "info", "timestamp": "2026-06-12T18:33:58.907805Z"}
{"prompt_tag": "assess_sufficiency@v4", "schema": "SufficiencyAssessment", "model": "cyankiwi/Qwen3.5-4B-AWQ-4bit", "max_tokens": 1024, "temperature": 0.1, "top_p": 0.8, "presence_penalty": 1.0, "seed": 42, "message_count": 1, "event": "model_call.start", "query_preview": "What method does the deck describe for getting IEEE-754 FP64-accurate results fr", "correlation_id": "01KTYHRP4N11YZATQM8Z0Y64HF", "level": "info", "timestamp": "2026-06-12T18:33:58.910007Z"}
Authentication error: Langfuse client initialized without public_key. Client will be disabled. Provide a public_key parameter or set LANGFUSE_PUBLIC_KEY environment variable. 
{"prompt_tag": "assess_sufficiency@v4", "schema": "SufficiencyAssessment", "tokens": 1983, "event": "model_call.done", "query_preview": "What method does the deck describe for getting IEEE-754 FP64-accurate results fr", "correlation_id": "01KTYHRP4N11YZATQM8Z0Y64HF", "level": "info", "timestamp": "2026-06-12T18:33:59.679579Z"}
{"node": "answer", "regenerate_attempt": 0, "event": "start", "query_preview": "What method does the deck describe for getting IEEE-754 FP64-accurate results fr", "correlation_id": "01KTYHRP4N11YZATQM8Z0Y64HF", "level": "info", "timestamp": "2026-06-12T18:33:59.680733Z"}
{"prompt_tag": "answer@v5", "schema": "DraftAnswer", "model": "cyankiwi/Qwen3.5-4B-AWQ-4bit", "max_tokens": 1800, "temperature": 0.1, "top_p": 0.8, "presence_penalty": 1.0, "seed": 42, "message_count": 2, "event": "model_call.start", "query_preview": "What method does the deck describe for getting IEEE-754 FP64-accurate results fr", "correlation_id": "01KTYHRP4N11YZATQM8Z0Y64HF", "level": "info", "timestamp": "2026-06-12T18:33:59.682677Z"}
Authentication error: Langfuse client initialized without public_key. Client will be disabled. Provide a public_key parameter or set LANGFUSE_PUBLIC_KEY environment variable. 
{"prompt_tag": "answer@v5", "schema": "DraftAnswer", "tokens": 3846, "event": "model_call.done", "query_preview": "What method does the deck describe for getting IEEE-754 FP64-accurate results fr", "correlation_id": "01KTYHRP4N11YZATQM8Z0Y64HF", "level": "info", "timestamp": "2026-06-12T18:34:03.135728Z"}
{"node": "verify", "claim_count": 2, "event": "start", "query_preview": "What method does the deck describe for getting IEEE-754 FP64-accurate results fr", "correlation_id": "01KTYHRP4N11YZATQM8Z0Y64HF", "level": "info", "timestamp": "2026-06-12T18:34:03.136909Z"}
{"prompt_tag": "verify_grounding@v2", "schema": "VerificationResult", "model": "cyankiwi/Qwen3.5-4B-AWQ-4bit", "max_tokens": 1024, "temperature": 0.1, "top_p": 0.8, "presence_penalty": 1.0, "seed": 42, "message_count": 1, "event": "model_call.start", "query_preview": "What method does the deck describe for getting IEEE-754 FP64-accurate results fr", "correlation_id": "01KTYHRP4N11YZATQM8Z0Y64HF", "level": "info", "timestamp": "2026-06-12T18:34:03.140796Z"}
Authentication error: Langfuse client initialized without public_key. Client will be disabled. Provide a public_key parameter or set LANGFUSE_PUBLIC_KEY environment variable. 
{"prompt_tag": "verify_grounding@v2", "schema": "VerificationResult", "tokens": 1823, "event": "model_call.done", "query_preview": "What method does the deck describe for getting IEEE-754 FP64-accurate results fr", "correlation_id": "01KTYHRP4N11YZATQM8Z0Y64HF", "level": "info", "timestamp": "2026-06-12T18:34:03.628536Z"}
{"node": "assess_relevance", "event": "start", "query_preview": "What method does the deck describe for getting IEEE-754 FP64-accurate results fr", "correlation_id": "01KTYHRP4N11YZATQM8Z0Y64HF", "level": "info", "timestamp": "2026-06-12T18:34:03.630354Z"}
{"prompt_tag": "assess_relevance@v3", "schema": "RelevanceAssessment", "model": "cyankiwi/Qwen3.5-4B-AWQ-4bit", "max_tokens": 1024, "temperature": 0.1, "top_p": 0.8, "presence_penalty": 1.0, "seed": 42, "message_count": 1, "event": "model_call.start", "query_preview": "What method does the deck describe for getting IEEE-754 FP64-accurate results fr", "correlation_id": "01KTYHRP4N11YZATQM8Z0Y64HF", "level": "info", "timestamp": "2026-06-12T18:34:03.631652Z"}
Authentication error: Langfuse client initialized without public_key. Client will be disabled. Provide a public_key parameter or set LANGFUSE_PUBLIC_KEY environment variable. 
{"prompt_tag": "assess_relevance@v3", "schema": "RelevanceAssessment", "tokens": 1003, "event": "model_call.done", "query_preview": "What method does the deck describe for getting IEEE-754 FP64-accurate results fr", "correlation_id": "01KTYHRP4N11YZATQM8Z0Y64HF", "level": "info", "timestamp": "2026-06-12T18:34:04.209312Z"}
{"node": "assess_relevance", "responsive": true, "event": "relevance", "query_preview": "What method does the deck describe for getting IEEE-754 FP64-accurate results fr", "correlation_id": "01KTYHRP4N11YZATQM8Z0Y64HF", "level": "info", "timestamp": "2026-06-12T18:34:04.209364Z"}
{"node": "compose", "event": "start", "query_preview": "What method does the deck describe for getting IEEE-754 FP64-accurate results fr", "correlation_id": "01KTYHRP4N11YZATQM8Z0Y64HF", "level": "info", "timestamp": "2026-06-12T18:34:04.211387Z"}
Authentication error: Langfuse client initialized without public_key. Client will be disabled. Provide a public_key parameter or set LANGFUSE_PUBLIC_KEY environment variable. 
{"node": "retrieve", "query_len": 77, "event": "start", "query_preview": "What does the Grace-Hopper unified memory address space refer to in the deck?", "correlation_id": "01KTYHSNHME5Y4S923BP83M5CA", "level": "info", "timestamp": "2026-06-12T18:34:04.213315Z"}
{"query_len": 77, "k": 50, "event": "hybrid.start", "query_preview": "What does the Grace-Hopper unified memory address space refer to in the deck?", "correlation_id": "01KTYHSNHME5Y4S923BP83M5CA", "level": "info", "timestamp": "2026-06-12T18:34:04.213368Z"}
{"query_len": 77, "k": 50, "dense": 50, "bm25": 0, "fused": 50, "term": false, "event": "hybrid.done", "query_preview": "What does the Grace-Hopper unified memory address space refer to in the deck?", "correlation_id": "01KTYHSNHME5Y4S923BP83M5CA", "level": "info", "timestamp": "2026-06-12T18:34:04.329312Z"}
{"node": "retrieve", "candidate_count": 50, "event": "done", "query_preview": "What does the Grace-Hopper unified memory address space refer to in the deck?", "correlation_id": "01KTYHSNHME5Y4S923BP83M5CA", "level": "info", "timestamp": "2026-06-12T18:34:04.330207Z"}
{"node": "expand_graph", "reason": "disabled_or_empty", "event": "skip", "query_preview": "What does the Grace-Hopper unified memory address space refer to in the deck?", "correlation_id": "01KTYHSNHME5Y4S923BP83M5CA", "level": "info", "timestamp": "2026-06-12T18:34:04.331444Z"}
{"node": "rerank", "candidate_count": 50, "event": "start", "query_preview": "What does the Grace-Hopper unified memory address space refer to in the deck?", "correlation_id": "01KTYHSNHME5Y4S923BP83M5CA", "level": "info", "timestamp": "2026-06-12T18:34:04.331921Z"}
{"node": "rerank", "top_k": 5, "source": "mode", "event": "top_k_resolved", "query_preview": "What does the Grace-Hopper unified memory address space refer to in the deck?", "correlation_id": "01KTYHSNHME5Y4S923BP83M5CA", "level": "info", "timestamp": "2026-06-12T18:34:04.331966Z"}
{"candidates": 50, "top_k": 5, "backend": "cross_encoder", "event": "rerank.start", "query_preview": "What does the Grace-Hopper unified memory address space refer to in the deck?", "correlation_id": "01KTYHSNHME5Y4S923BP83M5CA", "level": "info", "timestamp": "2026-06-12T18:34:04.331988Z"}
{"candidates": 50, "top_k": 5, "backend": "cross_encoder", "returned": 5, "event": "rerank.done", "query_preview": "What does the Grace-Hopper unified memory address space refer to in the deck?", "correlation_id": "01KTYHSNHME5Y4S923BP83M5CA", "level": "info", "timestamp": "2026-06-12T18:34:24.934561Z"}
{"node": "rerank", "reranked_count": 5, "event": "done", "query_preview": "What does the Grace-Hopper unified memory address space refer to in the deck?", "correlation_id": "01KTYHSNHME5Y4S923BP83M5CA", "level": "info", "timestamp": "2026-06-12T18:34:24.934657Z"}
{"node": "query_tables", "reason": "empty_or_not_table_shaped", "event": "skip", "query_preview": "What does the Grace-Hopper unified memory address space refer to in the deck?", "correlation_id": "01KTYHSNHME5Y4S923BP83M5CA", "level": "info", "timestamp": "2026-06-12T18:34:24.936368Z"}
{"node": "assess", "reranked_count": 5, "event": "start", "query_preview": "What does the Grace-Hopper unified memory address space refer to in the deck?", "correlation_id": "01KTYHSNHME5Y4S923BP83M5CA", "level": "info", "timestamp": "2026-06-12T18:34:24.937034Z"}
{"prompt_tag": "assess_sufficiency@v4", "schema": "SufficiencyAssessment", "model": "cyankiwi/Qwen3.5-4B-AWQ-4bit", "max_tokens": 1024, "temperature": 0.1, "top_p": 0.8, "presence_penalty": 1.0, "seed": 42, "message_count": 1, "event": "model_call.start", "query_preview": "What does the Grace-Hopper unified memory address space refer to in the deck?", "correlation_id": "01KTYHSNHME5Y4S923BP83M5CA", "level": "info", "timestamp": "2026-06-12T18:34:24.938939Z"}
Authentication error: Langfuse client initialized without public_key. Client will be disabled. Provide a public_key parameter or set LANGFUSE_PUBLIC_KEY environment variable. 
{"prompt_tag": "assess_sufficiency@v4", "schema": "SufficiencyAssessment", "tokens": 1805, "event": "model_call.done", "query_preview": "What does the Grace-Hopper unified memory address space refer to in the deck?", "correlation_id": "01KTYHSNHME5Y4S923BP83M5CA", "level": "info", "timestamp": "2026-06-12T18:34:25.808898Z"}
{"node": "answer", "regenerate_attempt": 0, "event": "start", "query_preview": "What does the Grace-Hopper unified memory address space refer to in the deck?", "correlation_id": "01KTYHSNHME5Y4S923BP83M5CA", "level": "info", "timestamp": "2026-06-12T18:34:25.810112Z"}
{"prompt_tag": "answer@v5", "schema": "DraftAnswer", "model": "cyankiwi/Qwen3.5-4B-AWQ-4bit", "max_tokens": 1800, "temperature": 0.1, "top_p": 0.8, "presence_penalty": 1.0, "seed": 42, "message_count": 2, "event": "model_call.start", "query_preview": "What does the Grace-Hopper unified memory address space refer to in the deck?", "correlation_id": "01KTYHSNHME5Y4S923BP83M5CA", "level": "info", "timestamp": "2026-06-12T18:34:25.812185Z"}
Authentication error: Langfuse client initialized without public_key. Client will be disabled. Provide a public_key parameter or set LANGFUSE_PUBLIC_KEY environment variable. 
{"prompt_tag": "answer@v5", "schema": "DraftAnswer", "tokens": 3455, "event": "model_call.done", "query_preview": "What does the Grace-Hopper unified memory address space refer to in the deck?", "correlation_id": "01KTYHSNHME5Y4S923BP83M5CA", "level": "info", "timestamp": "2026-06-12T18:34:27.452203Z"}
{"node": "verify", "claim_count": 1, "event": "start", "query_preview": "What does the Grace-Hopper unified memory address space refer to in the deck?", "correlation_id": "01KTYHSNHME5Y4S923BP83M5CA", "level": "info", "timestamp": "2026-06-12T18:34:27.453089Z"}
{"prompt_tag": "verify_grounding@v2", "schema": "VerificationResult", "model": "cyankiwi/Qwen3.5-4B-AWQ-4bit", "max_tokens": 1024, "temperature": 0.1, "top_p": 0.8, "presence_penalty": 1.0, "seed": 42, "message_count": 1, "event": "model_call.start", "query_preview": "What does the Grace-Hopper unified memory address space refer to in the deck?", "correlation_id": "01KTYHSNHME5Y4S923BP83M5CA", "level": "info", "timestamp": "2026-06-12T18:34:27.456455Z"}
Authentication error: Langfuse client initialized without public_key. Client will be disabled. Provide a public_key parameter or set LANGFUSE_PUBLIC_KEY environment variable. 
{"prompt_tag": "verify_grounding@v2", "schema": "VerificationResult", "tokens": 1722, "event": "model_call.done", "query_preview": "What does the Grace-Hopper unified memory address space refer to in the deck?", "correlation_id": "01KTYHSNHME5Y4S923BP83M5CA", "level": "info", "timestamp": "2026-06-12T18:34:27.902438Z"}
{"node": "assess_relevance", "event": "start", "query_preview": "What does the Grace-Hopper unified memory address space refer to in the deck?", "correlation_id": "01KTYHSNHME5Y4S923BP83M5CA", "level": "info", "timestamp": "2026-06-12T18:34:27.903905Z"}
{"prompt_tag": "assess_relevance@v3", "schema": "RelevanceAssessment", "model": "cyankiwi/Qwen3.5-4B-AWQ-4bit", "max_tokens": 1024, "temperature": 0.1, "top_p": 0.8, "presence_penalty": 1.0, "seed": 42, "message_count": 1, "event": "model_call.start", "query_preview": "What does the Grace-Hopper unified memory address space refer to in the deck?", "correlation_id": "01KTYHSNHME5Y4S923BP83M5CA", "level": "info", "timestamp": "2026-06-12T18:34:27.904888Z"}
Authentication error: Langfuse client initialized without public_key. Client will be disabled. Provide a public_key parameter or set LANGFUSE_PUBLIC_KEY environment variable. 
{"prompt_tag": "assess_relevance@v3", "schema": "RelevanceAssessment", "tokens": 863, "event": "model_call.done", "query_preview": "What does the Grace-Hopper unified memory address space refer to in the deck?", "correlation_id": "01KTYHSNHME5Y4S923BP83M5CA", "level": "info", "timestamp": "2026-06-12T18:34:28.315713Z"}
{"node": "assess_relevance", "responsive": true, "event": "relevance", "query_preview": "What does the Grace-Hopper unified memory address space refer to in the deck?", "correlation_id": "01KTYHSNHME5Y4S923BP83M5CA", "level": "info", "timestamp": "2026-06-12T18:34:28.315763Z"}
{"node": "compose", "event": "start", "query_preview": "What does the Grace-Hopper unified memory address space refer to in the deck?", "correlation_id": "01KTYHSNHME5Y4S923BP83M5CA", "level": "info", "timestamp": "2026-06-12T18:34:28.317413Z"}
Authentication error: Langfuse client initialized without public_key. Client will be disabled. Provide a public_key parameter or set LANGFUSE_PUBLIC_KEY environment variable. 
{"node": "retrieve", "query_len": 91, "event": "start", "query_preview": "What is the energy cost of an FP16 Tensor Core MMA matrix multiply relative to a", "correlation_id": "01KTYHTD2X6NPWX3RCXE4XW05Y", "level": "info", "timestamp": "2026-06-12T18:34:28.318871Z"}
{"query_len": 91, "k": 50, "event": "hybrid.start", "query_preview": "What is the energy cost of an FP16 Tensor Core MMA matrix multiply relative to a", "correlation_id": "01KTYHTD2X6NPWX3RCXE4XW05Y", "level": "info", "timestamp": "2026-06-12T18:34:28.318909Z"}
{"query_len": 91, "k": 50, "dense": 50, "bm25": 0, "fused": 50, "term": false, "event": "hybrid.done", "query_preview": "What is the energy cost of an FP16 Tensor Core MMA matrix multiply relative to a", "correlation_id": "01KTYHTD2X6NPWX3RCXE4XW05Y", "level": "info", "timestamp": "2026-06-12T18:34:28.527574Z"}
{"node": "retrieve", "candidate_count": 50, "event": "done", "query_preview": "What is the energy cost of an FP16 Tensor Core MMA matrix multiply relative to a", "correlation_id": "01KTYHTD2X6NPWX3RCXE4XW05Y", "level": "info", "timestamp": "2026-06-12T18:34:28.528650Z"}
{"node": "expand_graph", "reason": "disabled_or_empty", "event": "skip", "query_preview": "What is the energy cost of an FP16 Tensor Core MMA matrix multiply relative to a", "correlation_id": "01KTYHTD2X6NPWX3RCXE4XW05Y", "level": "info", "timestamp": "2026-06-12T18:34:28.530363Z"}
{"node": "rerank", "candidate_count": 50, "event": "start", "query_preview": "What is the energy cost of an FP16 Tensor Core MMA matrix multiply relative to a", "correlation_id": "01KTYHTD2X6NPWX3RCXE4XW05Y", "level": "info", "timestamp": "2026-06-12T18:34:28.530988Z"}
{"node": "rerank", "top_k": 5, "source": "mode", "event": "top_k_resolved", "query_preview": "What is the energy cost of an FP16 Tensor Core MMA matrix multiply relative to a", "correlation_id": "01KTYHTD2X6NPWX3RCXE4XW05Y", "level": "info", "timestamp": "2026-06-12T18:34:28.531042Z"}
{"candidates": 50, "top_k": 5, "backend": "cross_encoder", "event": "rerank.start", "query_preview": "What is the energy cost of an FP16 Tensor Core MMA matrix multiply relative to a", "correlation_id": "01KTYHTD2X6NPWX3RCXE4XW05Y", "level": "info", "timestamp": "2026-06-12T18:34:28.531074Z"}
{"candidates": 50, "top_k": 5, "backend": "cross_encoder", "returned": 5, "event": "rerank.done", "query_preview": "What is the energy cost of an FP16 Tensor Core MMA matrix multiply relative to a", "correlation_id": "01KTYHTD2X6NPWX3RCXE4XW05Y", "level": "info", "timestamp": "2026-06-12T18:34:54.573037Z"}
{"node": "rerank", "reranked_count": 5, "event": "done", "query_preview": "What is the energy cost of an FP16 Tensor Core MMA matrix multiply relative to a", "correlation_id": "01KTYHTD2X6NPWX3RCXE4XW05Y", "level": "info", "timestamp": "2026-06-12T18:34:54.573134Z"}
{"node": "query_tables", "reason": "empty_or_not_table_shaped", "event": "skip", "query_preview": "What is the energy cost of an FP16 Tensor Core MMA matrix multiply relative to a", "correlation_id": "01KTYHTD2X6NPWX3RCXE4XW05Y", "level": "info", "timestamp": "2026-06-12T18:34:54.574877Z"}
{"node": "assess", "reranked_count": 5, "event": "start", "query_preview": "What is the energy cost of an FP16 Tensor Core MMA matrix multiply relative to a", "correlation_id": "01KTYHTD2X6NPWX3RCXE4XW05Y", "level": "info", "timestamp": "2026-06-12T18:34:54.575611Z"}
{"prompt_tag": "assess_sufficiency@v4", "schema": "SufficiencyAssessment", "model": "cyankiwi/Qwen3.5-4B-AWQ-4bit", "max_tokens": 1024, "temperature": 0.1, "top_p": 0.8, "presence_penalty": 1.0, "seed": 42, "message_count": 1, "event": "model_call.start", "query_preview": "What is the energy cost of an FP16 Tensor Core MMA matrix multiply relative to a", "correlation_id": "01KTYHTD2X6NPWX3RCXE4XW05Y", "level": "info", "timestamp": "2026-06-12T18:34:54.577819Z"}
Authentication error: Langfuse client initialized without public_key. Client will be disabled. Provide a public_key parameter or set LANGFUSE_PUBLIC_KEY environment variable. 
{"prompt_tag": "assess_sufficiency@v4", "schema": "SufficiencyAssessment", "tokens": 3395, "event": "model_call.done", "query_preview": "What is the energy cost of an FP16 Tensor Core MMA matrix multiply relative to a", "correlation_id": "01KTYHTD2X6NPWX3RCXE4XW05Y", "level": "info", "timestamp": "2026-06-12T18:34:55.657108Z"}
{"node": "answer", "regenerate_attempt": 0, "event": "start", "query_preview": "What is the energy cost of an FP16 Tensor Core MMA matrix multiply relative to a", "correlation_id": "01KTYHTD2X6NPWX3RCXE4XW05Y", "level": "info", "timestamp": "2026-06-12T18:34:55.658738Z"}
{"prompt_tag": "answer@v5", "schema": "DraftAnswer", "model": "cyankiwi/Qwen3.5-4B-AWQ-4bit", "max_tokens": 1800, "temperature": 0.1, "top_p": 0.8, "presence_penalty": 1.0, "seed": 42, "message_count": 2, "event": "model_call.start", "query_preview": "What is the energy cost of an FP16 Tensor Core MMA matrix multiply relative to a", "correlation_id": "01KTYHTD2X6NPWX3RCXE4XW05Y", "level": "info", "timestamp": "2026-06-12T18:34:55.660641Z"}
Authentication error: Langfuse client initialized without public_key. Client will be disabled. Provide a public_key parameter or set LANGFUSE_PUBLIC_KEY environment variable. 
{"prompt_tag": "answer@v5", "schema": "DraftAnswer", "tokens": 5053, "event": "model_call.done", "query_preview": "What is the energy cost of an FP16 Tensor Core MMA matrix multiply relative to a", "correlation_id": "01KTYHTD2X6NPWX3RCXE4XW05Y", "level": "info", "timestamp": "2026-06-12T18:34:57.603720Z"}
{"node": "verify", "claim_count": 1, "event": "start", "query_preview": "What is the energy cost of an FP16 Tensor Core MMA matrix multiply relative to a", "correlation_id": "01KTYHTD2X6NPWX3RCXE4XW05Y", "level": "info", "timestamp": "2026-06-12T18:34:57.604495Z"}
{"prompt_tag": "verify_grounding@v2", "schema": "VerificationResult", "model": "cyankiwi/Qwen3.5-4B-AWQ-4bit", "max_tokens": 1024, "temperature": 0.1, "top_p": 0.8, "presence_penalty": 1.0, "seed": 42, "message_count": 1, "event": "model_call.start", "query_preview": "What is the energy cost of an FP16 Tensor Core MMA matrix multiply relative to a", "correlation_id": "01KTYHTD2X6NPWX3RCXE4XW05Y", "level": "info", "timestamp": "2026-06-12T18:34:57.607572Z"}
Authentication error: Langfuse client initialized without public_key. Client will be disabled. Provide a public_key parameter or set LANGFUSE_PUBLIC_KEY environment variable. 
{"prompt_tag": "verify_grounding@v2", "schema": "VerificationResult", "tokens": 2218, "event": "model_call.done", "query_preview": "What is the energy cost of an FP16 Tensor Core MMA matrix multiply relative to a", "correlation_id": "01KTYHTD2X6NPWX3RCXE4XW05Y", "level": "info", "timestamp": "2026-06-12T18:34:58.131629Z"}
{"node": "assess_relevance", "event": "start", "query_preview": "What is the energy cost of an FP16 Tensor Core MMA matrix multiply relative to a", "correlation_id": "01KTYHTD2X6NPWX3RCXE4XW05Y", "level": "info", "timestamp": "2026-06-12T18:34:58.132738Z"}
{"prompt_tag": "assess_relevance@v3", "schema": "RelevanceAssessment", "model": "cyankiwi/Qwen3.5-4B-AWQ-4bit", "max_tokens": 1024, "temperature": 0.1, "top_p": 0.8, "presence_penalty": 1.0, "seed": 42, "message_count": 1, "event": "model_call.start", "query_preview": "What is the energy cost of an FP16 Tensor Core MMA matrix multiply relative to a", "correlation_id": "01KTYHTD2X6NPWX3RCXE4XW05Y", "level": "info", "timestamp": "2026-06-12T18:34:58.133722Z"}
Authentication error: Langfuse client initialized without public_key. Client will be disabled. Provide a public_key parameter or set LANGFUSE_PUBLIC_KEY environment variable. 
{"prompt_tag": "assess_relevance@v3", "schema": "RelevanceAssessment", "tokens": 878, "event": "model_call.done", "query_preview": "What is the energy cost of an FP16 Tensor Core MMA matrix multiply relative to a", "correlation_id": "01KTYHTD2X6NPWX3RCXE4XW05Y", "level": "info", "timestamp": "2026-06-12T18:34:58.590124Z"}
{"node": "assess_relevance", "responsive": true, "event": "relevance", "query_preview": "What is the energy cost of an FP16 Tensor Core MMA matrix multiply relative to a", "correlation_id": "01KTYHTD2X6NPWX3RCXE4XW05Y", "level": "info", "timestamp": "2026-06-12T18:34:58.592684Z"}
{"node": "compose", "event": "start", "query_preview": "What is the energy cost of an FP16 Tensor Core MMA matrix multiply relative to a", "correlation_id": "01KTYHTD2X6NPWX3RCXE4XW05Y", "level": "info", "timestamp": "2026-06-12T18:34:58.593912Z"}
Authentication error: Langfuse client initialized without public_key. Client will be disabled. Provide a public_key parameter or set LANGFUSE_PUBLIC_KEY environment variable. 
{"node": "retrieve", "query_len": 104, "event": "start", "query_preview": "What is the deck's central thesis about the right performance metric to optimise", "correlation_id": "01KTYHVAN2AZV2GE7S8736N8TF", "level": "info", "timestamp": "2026-06-12T18:34:58.595443Z"}
{"query_len": 104, "k": 50, "event": "hybrid.start", "query_preview": "What is the deck's central thesis about the right performance metric to optimise", "correlation_id": "01KTYHVAN2AZV2GE7S8736N8TF", "level": "info", "timestamp": "2026-06-12T18:34:58.595487Z"}
{"query_len": 104, "k": 50, "dense": 50, "bm25": 0, "fused": 50, "term": false, "event": "hybrid.done", "query_preview": "What is the deck's central thesis about the right performance metric to optimise", "correlation_id": "01KTYHVAN2AZV2GE7S8736N8TF", "level": "info", "timestamp": "2026-06-12T18:34:58.663981Z"}
{"node": "retrieve", "candidate_count": 50, "event": "done", "query_preview": "What is the deck's central thesis about the right performance metric to optimise", "correlation_id": "01KTYHVAN2AZV2GE7S8736N8TF", "level": "info", "timestamp": "2026-06-12T18:34:58.664817Z"}
{"node": "expand_graph", "reason": "disabled_or_empty", "event": "skip", "query_preview": "What is the deck's central thesis about the right performance metric to optimise", "correlation_id": "01KTYHVAN2AZV2GE7S8736N8TF", "level": "info", "timestamp": "2026-06-12T18:34:58.666122Z"}
{"node": "rerank", "candidate_count": 50, "event": "start", "query_preview": "What is the deck's central thesis about the right performance metric to optimise", "correlation_id": "01KTYHVAN2AZV2GE7S8736N8TF", "level": "info", "timestamp": "2026-06-12T18:34:58.666606Z"}
{"node": "rerank", "top_k": 5, "source": "mode", "event": "top_k_resolved", "query_preview": "What is the deck's central thesis about the right performance metric to optimise", "correlation_id": "01KTYHVAN2AZV2GE7S8736N8TF", "level": "info", "timestamp": "2026-06-12T18:34:58.666652Z"}
{"candidates": 50, "top_k": 5, "backend": "cross_encoder", "event": "rerank.start", "query_preview": "What is the deck's central thesis about the right performance metric to optimise", "correlation_id": "01KTYHVAN2AZV2GE7S8736N8TF", "level": "info", "timestamp": "2026-06-12T18:34:58.666676Z"}
{"candidates": 50, "top_k": 5, "backend": "cross_encoder", "returned": 5, "event": "rerank.done", "query_preview": "What is the deck's central thesis about the right performance metric to optimise", "correlation_id": "01KTYHVAN2AZV2GE7S8736N8TF", "level": "info", "timestamp": "2026-06-12T18:35:36.152065Z"}
{"node": "rerank", "reranked_count": 5, "event": "done", "query_preview": "What is the deck's central thesis about the right performance metric to optimise", "correlation_id": "01KTYHVAN2AZV2GE7S8736N8TF", "level": "info", "timestamp": "2026-06-12T18:35:36.152161Z"}
{"node": "query_tables", "reason": "empty_or_not_table_shaped", "event": "skip", "query_preview": "What is the deck's central thesis about the right performance metric to optimise", "correlation_id": "01KTYHVAN2AZV2GE7S8736N8TF", "level": "info", "timestamp": "2026-06-12T18:35:36.153927Z"}
{"node": "assess", "reranked_count": 5, "event": "start", "query_preview": "What is the deck's central thesis about the right performance metric to optimise", "correlation_id": "01KTYHVAN2AZV2GE7S8736N8TF", "level": "info", "timestamp": "2026-06-12T18:35:36.154642Z"}
{"prompt_tag": "assess_sufficiency@v4", "schema": "SufficiencyAssessment", "model": "cyankiwi/Qwen3.5-4B-AWQ-4bit", "max_tokens": 1024, "temperature": 0.1, "top_p": 0.8, "presence_penalty": 1.0, "seed": 42, "message_count": 1, "event": "model_call.start", "query_preview": "What is the deck's central thesis about the right performance metric to optimise", "correlation_id": "01KTYHVAN2AZV2GE7S8736N8TF", "level": "info", "timestamp": "2026-06-12T18:35:36.156545Z"}
Authentication error: Langfuse client initialized without public_key. Client will be disabled. Provide a public_key parameter or set LANGFUSE_PUBLIC_KEY environment variable. 
{"prompt_tag": "assess_sufficiency@v4", "schema": "SufficiencyAssessment", "tokens": 2710, "event": "model_call.done", "query_preview": "What is the deck's central thesis about the right performance metric to optimise", "correlation_id": "01KTYHVAN2AZV2GE7S8736N8TF", "level": "info", "timestamp": "2026-06-12T18:35:37.065897Z"}
{"node": "refuse", "event": "start", "query_preview": "What is the deck's central thesis about the right performance metric to optimise", "correlation_id": "01KTYHVAN2AZV2GE7S8736N8TF", "level": "info", "timestamp": "2026-06-12T18:35:37.067563Z"}
Authentication error: Langfuse client initialized without public_key. Client will be disabled. Provide a public_key parameter or set LANGFUSE_PUBLIC_KEY environment variable. 
{"node": "retrieve", "query_len": 58, "event": "start", "query_preview": "What is the mantissa length of an FP4 number in this deck?", "correlation_id": "01KTYHWG7CFM6W9SMF63V5DNN5", "level": "info", "timestamp": "2026-06-12T18:35:37.069552Z"}
{"query_len": 58, "k": 50, "event": "hybrid.start", "query_preview": "What is the mantissa length of an FP4 number in this deck?", "correlation_id": "01KTYHWG7CFM6W9SMF63V5DNN5", "level": "info", "timestamp": "2026-06-12T18:35:37.069598Z"}
{"query_len": 58, "k": 50, "dense": 50, "bm25": 0, "fused": 50, "term": false, "event": "hybrid.done", "query_preview": "What is the mantissa length of an FP4 number in this deck?", "correlation_id": "01KTYHWG7CFM6W9SMF63V5DNN5", "level": "info", "timestamp": "2026-06-12T18:35:37.143304Z"}
{"node": "retrieve", "candidate_count": 50, "event": "done", "query_preview": "What is the mantissa length of an FP4 number in this deck?", "correlation_id": "01KTYHWG7CFM6W9SMF63V5DNN5", "level": "info", "timestamp": "2026-06-12T18:35:37.144406Z"}
{"node": "expand_graph", "reason": "disabled_or_empty", "event": "skip", "query_preview": "What is the mantissa length of an FP4 number in this deck?", "correlation_id": "01KTYHWG7CFM6W9SMF63V5DNN5", "level": "info", "timestamp": "2026-06-12T18:35:37.145731Z"}
{"node": "rerank", "candidate_count": 50, "event": "start", "query_preview": "What is the mantissa length of an FP4 number in this deck?", "correlation_id": "01KTYHWG7CFM6W9SMF63V5DNN5", "level": "info", "timestamp": "2026-06-12T18:35:37.146231Z"}
{"node": "rerank", "top_k": 5, "source": "mode", "event": "top_k_resolved", "query_preview": "What is the mantissa length of an FP4 number in this deck?", "correlation_id": "01KTYHWG7CFM6W9SMF63V5DNN5", "level": "info", "timestamp": "2026-06-12T18:35:37.146279Z"}
{"candidates": 50, "top_k": 5, "backend": "cross_encoder", "event": "rerank.start", "query_preview": "What is the mantissa length of an FP4 number in this deck?", "correlation_id": "01KTYHWG7CFM6W9SMF63V5DNN5", "level": "info", "timestamp": "2026-06-12T18:35:37.146304Z"}
{"candidates": 50, "top_k": 5, "backend": "cross_encoder", "returned": 5, "event": "rerank.done", "query_preview": "What is the mantissa length of an FP4 number in this deck?", "correlation_id": "01KTYHWG7CFM6W9SMF63V5DNN5", "level": "info", "timestamp": "2026-06-12T18:36:04.661208Z"}
{"node": "rerank", "reranked_count": 5, "event": "done", "query_preview": "What is the mantissa length of an FP4 number in this deck?", "correlation_id": "01KTYHWG7CFM6W9SMF63V5DNN5", "level": "info", "timestamp": "2026-06-12T18:36:04.661302Z"}
{"node": "query_tables", "reason": "empty_or_not_table_shaped", "event": "skip", "query_preview": "What is the mantissa length of an FP4 number in this deck?", "correlation_id": "01KTYHWG7CFM6W9SMF63V5DNN5", "level": "info", "timestamp": "2026-06-12T18:36:04.663250Z"}
{"node": "assess", "reranked_count": 5, "event": "start", "query_preview": "What is the mantissa length of an FP4 number in this deck?", "correlation_id": "01KTYHWG7CFM6W9SMF63V5DNN5", "level": "info", "timestamp": "2026-06-12T18:36:04.664079Z"}
{"prompt_tag": "assess_sufficiency@v4", "schema": "SufficiencyAssessment", "model": "cyankiwi/Qwen3.5-4B-AWQ-4bit", "max_tokens": 1024, "temperature": 0.1, "top_p": 0.8, "presence_penalty": 1.0, "seed": 42, "message_count": 1, "event": "model_call.start", "query_preview": "What is the mantissa length of an FP4 number in this deck?", "correlation_id": "01KTYHWG7CFM6W9SMF63V5DNN5", "level": "info", "timestamp": "2026-06-12T18:36:04.665981Z"}
Authentication error: Langfuse client initialized without public_key. Client will be disabled. Provide a public_key parameter or set LANGFUSE_PUBLIC_KEY environment variable. 
{"prompt_tag": "assess_sufficiency@v4", "schema": "SufficiencyAssessment", "tokens": 3414, "event": "model_call.done", "query_preview": "What is the mantissa length of an FP4 number in this deck?", "correlation_id": "01KTYHWG7CFM6W9SMF63V5DNN5", "level": "info", "timestamp": "2026-06-12T18:36:05.731877Z"}
{"node": "answer", "regenerate_attempt": 0, "event": "start", "query_preview": "What is the mantissa length of an FP4 number in this deck?", "correlation_id": "01KTYHWG7CFM6W9SMF63V5DNN5", "level": "info", "timestamp": "2026-06-12T18:36:05.733438Z"}
{"prompt_tag": "answer@v5", "schema": "DraftAnswer", "model": "cyankiwi/Qwen3.5-4B-AWQ-4bit", "max_tokens": 1800, "temperature": 0.1, "top_p": 0.8, "presence_penalty": 1.0, "seed": 42, "message_count": 2, "event": "model_call.start", "query_preview": "What is the mantissa length of an FP4 number in this deck?", "correlation_id": "01KTYHWG7CFM6W9SMF63V5DNN5", "level": "info", "timestamp": "2026-06-12T18:36:05.735341Z"}
Authentication error: Langfuse client initialized without public_key. Client will be disabled. Provide a public_key parameter or set LANGFUSE_PUBLIC_KEY environment variable. 
{"prompt_tag": "answer@v5", "schema": "DraftAnswer", "tokens": 4981, "event": "model_call.done", "query_preview": "What is the mantissa length of an FP4 number in this deck?", "correlation_id": "01KTYHWG7CFM6W9SMF63V5DNN5", "level": "info", "timestamp": "2026-06-12T18:36:06.842880Z"}
{"node": "verify", "claim_count": 0, "event": "start", "query_preview": "What is the mantissa length of an FP4 number in this deck?", "correlation_id": "01KTYHWG7CFM6W9SMF63V5DNN5", "level": "info", "timestamp": "2026-06-12T18:36:06.843801Z"}
{"node": "verify", "event": "empty_draft_shortcircuit", "query_preview": "What is the mantissa length of an FP4 number in this deck?", "correlation_id": "01KTYHWG7CFM6W9SMF63V5DNN5", "level": "info", "timestamp": "2026-06-12T18:36:06.843836Z"}
{"node": "assess_relevance", "event": "start", "query_preview": "What is the mantissa length of an FP4 number in this deck?", "correlation_id": "01KTYHWG7CFM6W9SMF63V5DNN5", "level": "info", "timestamp": "2026-06-12T18:36:06.844933Z"}
{"prompt_tag": "assess_relevance@v3", "schema": "RelevanceAssessment", "model": "cyankiwi/Qwen3.5-4B-AWQ-4bit", "max_tokens": 1024, "temperature": 0.1, "top_p": 0.8, "presence_penalty": 1.0, "seed": 42, "message_count": 1, "event": "model_call.start", "query_preview": "What is the mantissa length of an FP4 number in this deck?", "correlation_id": "01KTYHWG7CFM6W9SMF63V5DNN5", "level": "info", "timestamp": "2026-06-12T18:36:06.845899Z"}
Authentication error: Langfuse client initialized without public_key. Client will be disabled. Provide a public_key parameter or set LANGFUSE_PUBLIC_KEY environment variable. 
{"prompt_tag": "assess_relevance@v3", "schema": "RelevanceAssessment", "tokens": 841, "event": "model_call.done", "query_preview": "What is the mantissa length of an FP4 number in this deck?", "correlation_id": "01KTYHWG7CFM6W9SMF63V5DNN5", "level": "info", "timestamp": "2026-06-12T18:36:07.210369Z"}
{"node": "assess_relevance", "responsive": true, "event": "relevance", "query_preview": "What is the mantissa length of an FP4 number in this deck?", "correlation_id": "01KTYHWG7CFM6W9SMF63V5DNN5", "level": "info", "timestamp": "2026-06-12T18:36:07.210429Z"}
{"node": "compose", "event": "start", "query_preview": "What is the mantissa length of an FP4 number in this deck?", "correlation_id": "01KTYHWG7CFM6W9SMF63V5DNN5", "level": "info", "timestamp": "2026-06-12T18:36:07.211619Z"}
Authentication error: Langfuse client initialized without public_key. Client will be disabled. Provide a public_key parameter or set LANGFUSE_PUBLIC_KEY environment variable. 
{"node": "retrieve", "query_len": 60, "event": "start", "query_preview": "What is the NVRTC compile time for hello-world in CUDA 11.0?", "correlation_id": "01KTYHXDNCWFEFMR18A936WXHZ", "level": "info", "timestamp": "2026-06-12T18:36:07.213351Z"}
{"query_len": 60, "k": 50, "event": "hybrid.start", "query_preview": "What is the NVRTC compile time for hello-world in CUDA 11.0?", "correlation_id": "01KTYHXDNCWFEFMR18A936WXHZ", "level": "info", "timestamp": "2026-06-12T18:36:07.213387Z"}
{"query_len": 60, "k": 50, "dense": 50, "bm25": 0, "fused": 50, "term": false, "event": "hybrid.done", "query_preview": "What is the NVRTC compile time for hello-world in CUDA 11.0?", "correlation_id": "01KTYHXDNCWFEFMR18A936WXHZ", "level": "info", "timestamp": "2026-06-12T18:36:07.277228Z"}
{"node": "retrieve", "candidate_count": 50, "event": "done", "query_preview": "What is the NVRTC compile time for hello-world in CUDA 11.0?", "correlation_id": "01KTYHXDNCWFEFMR18A936WXHZ", "level": "info", "timestamp": "2026-06-12T18:36:07.278162Z"}
{"node": "expand_graph", "reason": "disabled_or_empty", "event": "skip", "query_preview": "What is the NVRTC compile time for hello-world in CUDA 11.0?", "correlation_id": "01KTYHXDNCWFEFMR18A936WXHZ", "level": "info", "timestamp": "2026-06-12T18:36:07.279841Z"}
{"node": "rerank", "candidate_count": 50, "event": "start", "query_preview": "What is the NVRTC compile time for hello-world in CUDA 11.0?", "correlation_id": "01KTYHXDNCWFEFMR18A936WXHZ", "level": "info", "timestamp": "2026-06-12T18:36:07.280375Z"}
{"node": "rerank", "top_k": 5, "source": "mode", "event": "top_k_resolved", "query_preview": "What is the NVRTC compile time for hello-world in CUDA 11.0?", "correlation_id": "01KTYHXDNCWFEFMR18A936WXHZ", "level": "info", "timestamp": "2026-06-12T18:36:07.280424Z"}
{"candidates": 50, "top_k": 5, "backend": "cross_encoder", "event": "rerank.start", "query_preview": "What is the NVRTC compile time for hello-world in CUDA 11.0?", "correlation_id": "01KTYHXDNCWFEFMR18A936WXHZ", "level": "info", "timestamp": "2026-06-12T18:36:07.280448Z"}
{"candidates": 50, "top_k": 5, "backend": "cross_encoder", "returned": 5, "event": "rerank.done", "query_preview": "What is the NVRTC compile time for hello-world in CUDA 11.0?", "correlation_id": "01KTYHXDNCWFEFMR18A936WXHZ", "level": "info", "timestamp": "2026-06-12T18:36:38.829358Z"}
{"node": "rerank", "reranked_count": 5, "event": "done", "query_preview": "What is the NVRTC compile time for hello-world in CUDA 11.0?", "correlation_id": "01KTYHXDNCWFEFMR18A936WXHZ", "level": "info", "timestamp": "2026-06-12T18:36:38.829453Z"}
{"node": "query_tables", "reason": "empty_or_not_table_shaped", "event": "skip", "query_preview": "What is the NVRTC compile time for hello-world in CUDA 11.0?", "correlation_id": "01KTYHXDNCWFEFMR18A936WXHZ", "level": "info", "timestamp": "2026-06-12T18:36:38.831523Z"}
{"node": "assess", "reranked_count": 5, "event": "start", "query_preview": "What is the NVRTC compile time for hello-world in CUDA 11.0?", "correlation_id": "01KTYHXDNCWFEFMR18A936WXHZ", "level": "info", "timestamp": "2026-06-12T18:36:38.832345Z"}
{"prompt_tag": "assess_sufficiency@v4", "schema": "SufficiencyAssessment", "model": "cyankiwi/Qwen3.5-4B-AWQ-4bit", "max_tokens": 1024, "temperature": 0.1, "top_p": 0.8, "presence_penalty": 1.0, "seed": 42, "message_count": 1, "event": "model_call.start", "query_preview": "What is the NVRTC compile time for hello-world in CUDA 11.0?", "correlation_id": "01KTYHXDNCWFEFMR18A936WXHZ", "level": "info", "timestamp": "2026-06-12T18:36:38.834270Z"}
Authentication error: Langfuse client initialized without public_key. Client will be disabled. Provide a public_key parameter or set LANGFUSE_PUBLIC_KEY environment variable. 
{"prompt_tag": "assess_sufficiency@v4", "schema": "SufficiencyAssessment", "tokens": 2814, "event": "model_call.done", "query_preview": "What is the NVRTC compile time for hello-world in CUDA 11.0?", "correlation_id": "01KTYHXDNCWFEFMR18A936WXHZ", "level": "info", "timestamp": "2026-06-12T18:36:39.809647Z"}
{"node": "refuse", "event": "start", "query_preview": "What is the NVRTC compile time for hello-world in CUDA 11.0?", "correlation_id": "01KTYHXDNCWFEFMR18A936WXHZ", "level": "info", "timestamp": "2026-06-12T18:36:39.811239Z"}
Authentication error: Langfuse client initialized without public_key. Client will be disabled. Provide a public_key parameter or set LANGFUSE_PUBLIC_KEY environment variable. 
{"node": "retrieve", "query_len": 79, "event": "start", "query_preview": "What is the maximum latency of NVLink C2C between the Grace CPU and Hopper GPU?", "correlation_id": "01KTYHYDG3T35HK4H22RX46W72", "level": "info", "timestamp": "2026-06-12T18:36:39.812893Z"}
{"query_len": 79, "k": 50, "event": "hybrid.start", "query_preview": "What is the maximum latency of NVLink C2C between the Grace CPU and Hopper GPU?", "correlation_id": "01KTYHYDG3T35HK4H22RX46W72", "level": "info", "timestamp": "2026-06-12T18:36:39.812927Z"}
{"query_len": 79, "k": 50, "dense": 50, "bm25": 0, "fused": 50, "term": false, "event": "hybrid.done", "query_preview": "What is the maximum latency of NVLink C2C between the Grace CPU and Hopper GPU?", "correlation_id": "01KTYHYDG3T35HK4H22RX46W72", "level": "info", "timestamp": "2026-06-12T18:36:39.884188Z"}
{"node": "retrieve", "candidate_count": 50, "event": "done", "query_preview": "What is the maximum latency of NVLink C2C between the Grace CPU and Hopper GPU?", "correlation_id": "01KTYHYDG3T35HK4H22RX46W72", "level": "info", "timestamp": "2026-06-12T18:36:39.885182Z"}
{"node": "expand_graph", "reason": "disabled_or_empty", "event": "skip", "query_preview": "What is the maximum latency of NVLink C2C between the Grace CPU and Hopper GPU?", "correlation_id": "01KTYHYDG3T35HK4H22RX46W72", "level": "info", "timestamp": "2026-06-12T18:36:39.886493Z"}
{"node": "rerank", "candidate_count": 50, "event": "start", "query_preview": "What is the maximum latency of NVLink C2C between the Grace CPU and Hopper GPU?", "correlation_id": "01KTYHYDG3T35HK4H22RX46W72", "level": "info", "timestamp": "2026-06-12T18:36:39.886967Z"}
{"node": "rerank", "top_k": 5, "source": "mode", "event": "top_k_resolved", "query_preview": "What is the maximum latency of NVLink C2C between the Grace CPU and Hopper GPU?", "correlation_id": "01KTYHYDG3T35HK4H22RX46W72", "level": "info", "timestamp": "2026-06-12T18:36:39.887013Z"}
{"candidates": 50, "top_k": 5, "backend": "cross_encoder", "event": "rerank.start", "query_preview": "What is the maximum latency of NVLink C2C between the Grace CPU and Hopper GPU?", "correlation_id": "01KTYHYDG3T35HK4H22RX46W72", "level": "info", "timestamp": "2026-06-12T18:36:39.887036Z"}
{"candidates": 50, "top_k": 5, "backend": "cross_encoder", "returned": 5, "event": "rerank.done", "query_preview": "What is the maximum latency of NVLink C2C between the Grace CPU and Hopper GPU?", "correlation_id": "01KTYHYDG3T35HK4H22RX46W72", "level": "info", "timestamp": "2026-06-12T18:37:03.163171Z"}
{"node": "rerank", "reranked_count": 5, "event": "done", "query_preview": "What is the maximum latency of NVLink C2C between the Grace CPU and Hopper GPU?", "correlation_id": "01KTYHYDG3T35HK4H22RX46W72", "level": "info", "timestamp": "2026-06-12T18:37:03.163263Z"}
{"prompt_tag": "generate_table_sql@v1", "schema": "GeneratedSQL", "model": "cyankiwi/Qwen3.5-4B-AWQ-4bit", "max_tokens": 1024, "temperature": 0.1, "top_p": 0.8, "presence_penalty": 1.0, "seed": 42, "message_count": 1, "event": "model_call.start", "query_preview": "What is the maximum latency of NVLink C2C between the Grace CPU and Hopper GPU?", "correlation_id": "01KTYHYDG3T35HK4H22RX46W72", "level": "info", "timestamp": "2026-06-12T18:37:03.170121Z"}
Authentication error: Langfuse client initialized without public_key. Client will be disabled. Provide a public_key parameter or set LANGFUSE_PUBLIC_KEY environment variable. 
{"prompt_tag": "generate_table_sql@v1", "schema": "GeneratedSQL", "tokens": 957, "event": "model_call.done", "query_preview": "What is the maximum latency of NVLink C2C between the Grace CPU and Hopper GPU?", "correlation_id": "01KTYHYDG3T35HK4H22RX46W72", "level": "info", "timestamp": "2026-06-12T18:37:03.793283Z"}
{"node": "query_doc_tables", "sql": "SELECT MAX(latency__num) FROM b1dc7c041c", "target": "b1dc7c041c", "event": "table_sql.generated", "query_preview": "What is the maximum latency of NVLink C2C between the Grace CPU and Hopper GPU?", "correlation_id": "01KTYHYDG3T35HK4H22RX46W72", "level": "info", "timestamp": "2026-06-12T18:37:03.793341Z"}
{"node": "query_doc_tables", "target": "b1dc7c041c", "event": "table_sql.no_result", "query_preview": "What is the maximum latency of NVLink C2C between the Grace CPU and Hopper GPU?", "correlation_id": "01KTYHYDG3T35HK4H22RX46W72", "level": "info", "timestamp": "2026-06-12T18:37:03.793708Z"}
{"node": "query_tables", "event": "no_table_answer", "query_preview": "What is the maximum latency of NVLink C2C between the Grace CPU and Hopper GPU?", "correlation_id": "01KTYHYDG3T35HK4H22RX46W72", "level": "info", "timestamp": "2026-06-12T18:37:03.794085Z"}
{"node": "assess", "reranked_count": 5, "event": "start", "query_preview": "What is the maximum latency of NVLink C2C between the Grace CPU and Hopper GPU?", "correlation_id": "01KTYHYDG3T35HK4H22RX46W72", "level": "info", "timestamp": "2026-06-12T18:37:03.794786Z"}
{"prompt_tag": "assess_sufficiency@v4", "schema": "SufficiencyAssessment", "model": "cyankiwi/Qwen3.5-4B-AWQ-4bit", "max_tokens": 1024, "temperature": 0.1, "top_p": 0.8, "presence_penalty": 1.0, "seed": 42, "message_count": 1, "event": "model_call.start", "query_preview": "What is the maximum latency of NVLink C2C between the Grace CPU and Hopper GPU?", "correlation_id": "01KTYHYDG3T35HK4H22RX46W72", "level": "info", "timestamp": "2026-06-12T18:37:03.796035Z"}
Authentication error: Langfuse client initialized without public_key. Client will be disabled. Provide a public_key parameter or set LANGFUSE_PUBLIC_KEY environment variable. 
{"prompt_tag": "assess_sufficiency@v4", "schema": "SufficiencyAssessment", "tokens": 1549, "event": "model_call.done", "query_preview": "What is the maximum latency of NVLink C2C between the Grace CPU and Hopper GPU?", "correlation_id": "01KTYHYDG3T35HK4H22RX46W72", "level": "info", "timestamp": "2026-06-12T18:37:04.428224Z"}
{"node": "refuse", "event": "start", "query_preview": "What is the maximum latency of NVLink C2C between the Grace CPU and Hopper GPU?", "correlation_id": "01KTYHYDG3T35HK4H22RX46W72", "level": "info", "timestamp": "2026-06-12T18:37:04.429511Z"}
Authentication error: Langfuse client initialized without public_key. Client will be disabled. Provide a public_key parameter or set LANGFUSE_PUBLIC_KEY environment variable. 
{"node": "retrieve", "query_len": 69, "event": "start", "query_preview": "What is the thermal design power of the NVIDIA H100 reference design?", "correlation_id": "01KTYHZ5HEEY2E6AKHPQHTM51N", "level": "info", "timestamp": "2026-06-12T18:37:04.430919Z"}
{"query_len": 69, "k": 50, "event": "hybrid.start", "query_preview": "What is the thermal design power of the NVIDIA H100 reference design?", "correlation_id": "01KTYHZ5HEEY2E6AKHPQHTM51N", "level": "info", "timestamp": "2026-06-12T18:37:04.430951Z"}
{"query_len": 69, "k": 50, "dense": 50, "bm25": 0, "fused": 50, "term": false, "event": "hybrid.done", "query_preview": "What is the thermal design power of the NVIDIA H100 reference design?", "correlation_id": "01KTYHZ5HEEY2E6AKHPQHTM51N", "level": "info", "timestamp": "2026-06-12T18:37:04.499014Z"}
{"node": "retrieve", "candidate_count": 50, "event": "done", "query_preview": "What is the thermal design power of the NVIDIA H100 reference design?", "correlation_id": "01KTYHZ5HEEY2E6AKHPQHTM51N", "level": "info", "timestamp": "2026-06-12T18:37:04.499945Z"}
{"node": "expand_graph", "reason": "disabled_or_empty", "event": "skip", "query_preview": "What is the thermal design power of the NVIDIA H100 reference design?", "correlation_id": "01KTYHZ5HEEY2E6AKHPQHTM51N", "level": "info", "timestamp": "2026-06-12T18:37:04.501605Z"}
{"node": "rerank", "candidate_count": 50, "event": "start", "query_preview": "What is the thermal design power of the NVIDIA H100 reference design?", "correlation_id": "01KTYHZ5HEEY2E6AKHPQHTM51N", "level": "info", "timestamp": "2026-06-12T18:37:04.502137Z"}
{"node": "rerank", "top_k": 5, "source": "mode", "event": "top_k_resolved", "query_preview": "What is the thermal design power of the NVIDIA H100 reference design?", "correlation_id": "01KTYHZ5HEEY2E6AKHPQHTM51N", "level": "info", "timestamp": "2026-06-12T18:37:04.502184Z"}
{"candidates": 50, "top_k": 5, "backend": "cross_encoder", "event": "rerank.start", "query_preview": "What is the thermal design power of the NVIDIA H100 reference design?", "correlation_id": "01KTYHZ5HEEY2E6AKHPQHTM51N", "level": "info", "timestamp": "2026-06-12T18:37:04.502206Z"}
{"candidates": 50, "top_k": 5, "backend": "cross_encoder", "returned": 5, "event": "rerank.done", "query_preview": "What is the thermal design power of the NVIDIA H100 reference design?", "correlation_id": "01KTYHZ5HEEY2E6AKHPQHTM51N", "level": "info", "timestamp": "2026-06-12T18:37:46.238649Z"}
{"node": "rerank", "reranked_count": 5, "event": "done", "query_preview": "What is the thermal design power of the NVIDIA H100 reference design?", "correlation_id": "01KTYHZ5HEEY2E6AKHPQHTM51N", "level": "info", "timestamp": "2026-06-12T18:37:46.238749Z"}
{"node": "query_tables", "reason": "empty_or_not_table_shaped", "event": "skip", "query_preview": "What is the thermal design power of the NVIDIA H100 reference design?", "correlation_id": "01KTYHZ5HEEY2E6AKHPQHTM51N", "level": "info", "timestamp": "2026-06-12T18:37:46.240885Z"}
{"node": "assess", "reranked_count": 5, "event": "start", "query_preview": "What is the thermal design power of the NVIDIA H100 reference design?", "correlation_id": "01KTYHZ5HEEY2E6AKHPQHTM51N", "level": "info", "timestamp": "2026-06-12T18:37:46.241632Z"}
{"prompt_tag": "assess_sufficiency@v4", "schema": "SufficiencyAssessment", "model": "cyankiwi/Qwen3.5-4B-AWQ-4bit", "max_tokens": 1024, "temperature": 0.1, "top_p": 0.8, "presence_penalty": 1.0, "seed": 42, "message_count": 1, "event": "model_call.start", "query_preview": "What is the thermal design power of the NVIDIA H100 reference design?", "correlation_id": "01KTYHZ5HEEY2E6AKHPQHTM51N", "level": "info", "timestamp": "2026-06-12T18:37:46.243636Z"}
Authentication error: Langfuse client initialized without public_key. Client will be disabled. Provide a public_key parameter or set LANGFUSE_PUBLIC_KEY environment variable. 
{"prompt_tag": "assess_sufficiency@v4", "schema": "SufficiencyAssessment", "tokens": 3134, "event": "model_call.done", "query_preview": "What is the thermal design power of the NVIDIA H100 reference design?", "correlation_id": "01KTYHZ5HEEY2E6AKHPQHTM51N", "level": "info", "timestamp": "2026-06-12T18:37:47.227311Z"}
{"node": "refuse", "event": "start", "query_preview": "What is the thermal design power of the NVIDIA H100 reference design?", "correlation_id": "01KTYHZ5HEEY2E6AKHPQHTM51N", "level": "info", "timestamp": "2026-06-12T18:37:47.228483Z"}
Authentication error: Langfuse client initialized without public_key. Client will be disabled. Provide a public_key parameter or set LANGFUSE_PUBLIC_KEY environment variable. 
{"node": "retrieve", "query_len": 102, "event": "start", "query_preview": "What programming language must I use to write CUDA kernels \u2014 only C++, or are ot", "correlation_id": "01KTYJ0FAX79DRK8Y8EBFZ2Z52", "level": "info", "timestamp": "2026-06-12T18:37:47.230167Z"}
{"query_len": 102, "k": 50, "event": "hybrid.start", "query_preview": "What programming language must I use to write CUDA kernels \u2014 only C++, or are ot", "correlation_id": "01KTYJ0FAX79DRK8Y8EBFZ2Z52", "level": "info", "timestamp": "2026-06-12T18:37:47.230203Z"}
{"query_len": 102, "k": 50, "dense": 50, "bm25": 0, "fused": 50, "term": false, "event": "hybrid.done", "query_preview": "What programming language must I use to write CUDA kernels \u2014 only C++, or are ot", "correlation_id": "01KTYJ0FAX79DRK8Y8EBFZ2Z52", "level": "info", "timestamp": "2026-06-12T18:37:47.307884Z"}
{"node": "retrieve", "candidate_count": 50, "event": "done", "query_preview": "What programming language must I use to write CUDA kernels \u2014 only C++, or are ot", "correlation_id": "01KTYJ0FAX79DRK8Y8EBFZ2Z52", "level": "info", "timestamp": "2026-06-12T18:37:47.308854Z"}
{"node": "expand_graph", "reason": "disabled_or_empty", "event": "skip", "query_preview": "What programming language must I use to write CUDA kernels \u2014 only C++, or are ot", "correlation_id": "01KTYJ0FAX79DRK8Y8EBFZ2Z52", "level": "info", "timestamp": "2026-06-12T18:37:47.310164Z"}
{"node": "rerank", "candidate_count": 50, "event": "start", "query_preview": "What programming language must I use to write CUDA kernels \u2014 only C++, or are ot", "correlation_id": "01KTYJ0FAX79DRK8Y8EBFZ2Z52", "level": "info", "timestamp": "2026-06-12T18:37:47.310654Z"}
{"node": "rerank", "top_k": 5, "source": "mode", "event": "top_k_resolved", "query_preview": "What programming language must I use to write CUDA kernels \u2014 only C++, or are ot", "correlation_id": "01KTYJ0FAX79DRK8Y8EBFZ2Z52", "level": "info", "timestamp": "2026-06-12T18:37:47.310701Z"}
{"candidates": 50, "top_k": 5, "backend": "cross_encoder", "event": "rerank.start", "query_preview": "What programming language must I use to write CUDA kernels \u2014 only C++, or are ot", "correlation_id": "01KTYJ0FAX79DRK8Y8EBFZ2Z52", "level": "info", "timestamp": "2026-06-12T18:37:47.310725Z"}
{"candidates": 50, "top_k": 5, "backend": "cross_encoder", "returned": 5, "event": "rerank.done", "query_preview": "What programming language must I use to write CUDA kernels \u2014 only C++, or are ot", "correlation_id": "01KTYJ0FAX79DRK8Y8EBFZ2Z52", "level": "info", "timestamp": "2026-06-12T18:38:08.408357Z"}
{"node": "rerank", "reranked_count": 5, "event": "done", "query_preview": "What programming language must I use to write CUDA kernels \u2014 only C++, or are ot", "correlation_id": "01KTYJ0FAX79DRK8Y8EBFZ2Z52", "level": "info", "timestamp": "2026-06-12T18:38:08.408461Z"}
{"node": "query_tables", "reason": "empty_or_not_table_shaped", "event": "skip", "query_preview": "What programming language must I use to write CUDA kernels \u2014 only C++, or are ot", "correlation_id": "01KTYJ0FAX79DRK8Y8EBFZ2Z52", "level": "info", "timestamp": "2026-06-12T18:38:08.410216Z"}
{"node": "assess", "reranked_count": 5, "event": "start", "query_preview": "What programming language must I use to write CUDA kernels \u2014 only C++, or are ot", "correlation_id": "01KTYJ0FAX79DRK8Y8EBFZ2Z52", "level": "info", "timestamp": "2026-06-12T18:38:08.410895Z"}
{"prompt_tag": "assess_sufficiency@v4", "schema": "SufficiencyAssessment", "model": "cyankiwi/Qwen3.5-4B-AWQ-4bit", "max_tokens": 1024, "temperature": 0.1, "top_p": 0.8, "presence_penalty": 1.0, "seed": 42, "message_count": 1, "event": "model_call.start", "query_preview": "What programming language must I use to write CUDA kernels \u2014 only C++, or are ot", "correlation_id": "01KTYJ0FAX79DRK8Y8EBFZ2Z52", "level": "info", "timestamp": "2026-06-12T18:38:08.412968Z"}
Authentication error: Langfuse client initialized without public_key. Client will be disabled. Provide a public_key parameter or set LANGFUSE_PUBLIC_KEY environment variable. 
{"prompt_tag": "assess_sufficiency@v4", "schema": "SufficiencyAssessment", "tokens": 1327, "event": "model_call.done", "query_preview": "What programming language must I use to write CUDA kernels \u2014 only C++, or are ot", "correlation_id": "01KTYJ0FAX79DRK8Y8EBFZ2Z52", "level": "info", "timestamp": "2026-06-12T18:38:08.971046Z"}
{"node": "answer", "regenerate_attempt": 0, "event": "start", "query_preview": "What programming language must I use to write CUDA kernels \u2014 only C++, or are ot", "correlation_id": "01KTYJ0FAX79DRK8Y8EBFZ2Z52", "level": "info", "timestamp": "2026-06-12T18:38:08.972592Z"}
{"prompt_tag": "answer@v5", "schema": "DraftAnswer", "model": "cyankiwi/Qwen3.5-4B-AWQ-4bit", "max_tokens": 1800, "temperature": 0.1, "top_p": 0.8, "presence_penalty": 1.0, "seed": 42, "message_count": 2, "event": "model_call.start", "query_preview": "What programming language must I use to write CUDA kernels \u2014 only C++, or are ot", "correlation_id": "01KTYJ0FAX79DRK8Y8EBFZ2Z52", "level": "info", "timestamp": "2026-06-12T18:38:08.974578Z"}
Authentication error: Langfuse client initialized without public_key. Client will be disabled. Provide a public_key parameter or set LANGFUSE_PUBLIC_KEY environment variable. 
{"prompt_tag": "answer@v5", "schema": "DraftAnswer", "tokens": 3105, "event": "model_call.done", "query_preview": "What programming language must I use to write CUDA kernels \u2014 only C++, or are ot", "correlation_id": "01KTYJ0FAX79DRK8Y8EBFZ2Z52", "level": "info", "timestamp": "2026-06-12T18:38:11.451928Z"}
{"node": "verify", "claim_count": 2, "event": "start", "query_preview": "What programming language must I use to write CUDA kernels \u2014 only C++, or are ot", "correlation_id": "01KTYJ0FAX79DRK8Y8EBFZ2Z52", "level": "info", "timestamp": "2026-06-12T18:38:11.452756Z"}
{"prompt_tag": "verify_grounding@v2", "schema": "VerificationResult", "model": "cyankiwi/Qwen3.5-4B-AWQ-4bit", "max_tokens": 1024, "temperature": 0.1, "top_p": 0.8, "presence_penalty": 1.0, "seed": 42, "message_count": 1, "event": "model_call.start", "query_preview": "What programming language must I use to write CUDA kernels \u2014 only C++, or are ot", "correlation_id": "01KTYJ0FAX79DRK8Y8EBFZ2Z52", "level": "info", "timestamp": "2026-06-12T18:38:11.455809Z"}
Authentication error: Langfuse client initialized without public_key. Client will be disabled. Provide a public_key parameter or set LANGFUSE_PUBLIC_KEY environment variable. 
{"prompt_tag": "verify_grounding@v2", "schema": "VerificationResult", "tokens": 1335, "event": "model_call.done", "query_preview": "What programming language must I use to write CUDA kernels \u2014 only C++, or are ot", "correlation_id": "01KTYJ0FAX79DRK8Y8EBFZ2Z52", "level": "info", "timestamp": "2026-06-12T18:38:11.865325Z"}
{"node": "assess_relevance", "event": "start", "query_preview": "What programming language must I use to write CUDA kernels \u2014 only C++, or are ot", "correlation_id": "01KTYJ0FAX79DRK8Y8EBFZ2Z52", "level": "info", "timestamp": "2026-06-12T18:38:11.867023Z"}
{"prompt_tag": "assess_relevance@v3", "schema": "RelevanceAssessment", "model": "cyankiwi/Qwen3.5-4B-AWQ-4bit", "max_tokens": 1024, "temperature": 0.1, "top_p": 0.8, "presence_penalty": 1.0, "seed": 42, "message_count": 1, "event": "model_call.start", "query_preview": "What programming language must I use to write CUDA kernels \u2014 only C++, or are ot", "correlation_id": "01KTYJ0FAX79DRK8Y8EBFZ2Z52", "level": "info", "timestamp": "2026-06-12T18:38:11.868166Z"}
Authentication error: Langfuse client initialized without public_key. Client will be disabled. Provide a public_key parameter or set LANGFUSE_PUBLIC_KEY environment variable. 
{"prompt_tag": "assess_relevance@v3", "schema": "RelevanceAssessment", "tokens": 907, "event": "model_call.done", "query_preview": "What programming language must I use to write CUDA kernels \u2014 only C++, or are ot", "correlation_id": "01KTYJ0FAX79DRK8Y8EBFZ2Z52", "level": "info", "timestamp": "2026-06-12T18:38:12.369798Z"}
{"node": "assess_relevance", "responsive": true, "event": "relevance", "query_preview": "What programming language must I use to write CUDA kernels \u2014 only C++, or are ot", "correlation_id": "01KTYJ0FAX79DRK8Y8EBFZ2Z52", "level": "info", "timestamp": "2026-06-12T18:38:12.369854Z"}
{"node": "compose", "event": "start", "query_preview": "What programming language must I use to write CUDA kernels \u2014 only C++, or are ot", "correlation_id": "01KTYJ0FAX79DRK8Y8EBFZ2Z52", "level": "info", "timestamp": "2026-06-12T18:38:12.371830Z"}
Authentication error: Langfuse client initialized without public_key. Client will be disabled. Provide a public_key parameter or set LANGFUSE_PUBLIC_KEY environment variable. 
{"node": "retrieve", "query_len": 81, "event": "start", "query_preview": "What four design principles does the nvmath-python architecture figure highlight", "correlation_id": "01KTYJ17WMXE2RQ4DFN7VH50NW", "level": "info", "timestamp": "2026-06-12T18:38:12.373303Z"}
{"query_len": 81, "k": 50, "event": "hybrid.start", "query_preview": "What four design principles does the nvmath-python architecture figure highlight", "correlation_id": "01KTYJ17WMXE2RQ4DFN7VH50NW", "level": "info", "timestamp": "2026-06-12T18:38:12.373341Z"}
{"query_len": 81, "k": 50, "dense": 50, "bm25": 0, "fused": 50, "term": false, "event": "hybrid.done", "query_preview": "What four design principles does the nvmath-python architecture figure highlight", "correlation_id": "01KTYJ17WMXE2RQ4DFN7VH50NW", "level": "info", "timestamp": "2026-06-12T18:38:12.446804Z"}
{"node": "retrieve", "candidate_count": 50, "event": "done", "query_preview": "What four design principles does the nvmath-python architecture figure highlight", "correlation_id": "01KTYJ17WMXE2RQ4DFN7VH50NW", "level": "info", "timestamp": "2026-06-12T18:38:12.447763Z"}
{"query_len": 81, "doc_ids": 1, "k": 50, "event": "hybrid_in_docs.start", "query_preview": "What four design principles does the nvmath-python architecture figure highlight", "correlation_id": "01KTYJ17WMXE2RQ4DFN7VH50NW", "level": "info", "timestamp": "2026-06-12T18:38:12.452290Z"}
{"query_len": 81, "doc_ids": 1, "k": 50, "dense": 50, "bm25": 0, "fused": 50, "term": false, "event": "hybrid_in_docs.done", "query_preview": "What four design principles does the nvmath-python architecture figure highlight", "correlation_id": "01KTYJ17WMXE2RQ4DFN7VH50NW", "level": "info", "timestamp": "2026-06-12T18:38:12.520030Z"}
{"node": "resolve_artifact_scope", "via": "dominant", "arttype": "figure", "doc_ids": ["2f96ae1c-s62400-cuda-new-features-and-beyond-171114580640"], "scoped_count": 50, "replaced_from": 50, "event": "scoped", "query_preview": "What four design principles does the nvmath-python architecture figure highlight", "correlation_id": "01KTYJ17WMXE2RQ4DFN7VH50NW", "level": "info", "timestamp": "2026-06-12T18:38:12.521054Z"}
{"node": "expand_graph", "reason": "disabled_or_empty", "event": "skip", "query_preview": "What four design principles does the nvmath-python architecture figure highlight", "correlation_id": "01KTYJ17WMXE2RQ4DFN7VH50NW", "level": "info", "timestamp": "2026-06-12T18:38:12.522028Z"}
{"node": "rerank", "candidate_count": 50, "event": "start", "query_preview": "What four design principles does the nvmath-python architecture figure highlight", "correlation_id": "01KTYJ17WMXE2RQ4DFN7VH50NW", "level": "info", "timestamp": "2026-06-12T18:38:12.522696Z"}
{"node": "rerank", "top_k": 5, "source": "mode", "event": "top_k_resolved", "query_preview": "What four design principles does the nvmath-python architecture figure highlight", "correlation_id": "01KTYJ17WMXE2RQ4DFN7VH50NW", "level": "info", "timestamp": "2026-06-12T18:38:12.522750Z"}
{"candidates": 50, "top_k": 5, "backend": "cross_encoder", "event": "rerank.start", "query_preview": "What four design principles does the nvmath-python architecture figure highlight", "correlation_id": "01KTYJ17WMXE2RQ4DFN7VH50NW", "level": "info", "timestamp": "2026-06-12T18:38:12.522774Z"}
{"candidates": 50, "top_k": 5, "backend": "cross_encoder", "returned": 5, "event": "rerank.done", "query_preview": "What four design principles does the nvmath-python architecture figure highlight", "correlation_id": "01KTYJ17WMXE2RQ4DFN7VH50NW", "level": "info", "timestamp": "2026-06-12T18:38:35.089786Z"}
{"node": "rerank", "reranked_count": 5, "event": "done", "query_preview": "What four design principles does the nvmath-python architecture figure highlight", "correlation_id": "01KTYJ17WMXE2RQ4DFN7VH50NW", "level": "info", "timestamp": "2026-06-12T18:38:35.089868Z"}
{"node": "query_tables", "reason": "empty_or_not_table_shaped", "event": "skip", "query_preview": "What four design principles does the nvmath-python architecture figure highlight", "correlation_id": "01KTYJ17WMXE2RQ4DFN7VH50NW", "level": "info", "timestamp": "2026-06-12T18:38:35.091549Z"}
{"node": "assess", "reranked_count": 5, "event": "start", "query_preview": "What four design principles does the nvmath-python architecture figure highlight", "correlation_id": "01KTYJ17WMXE2RQ4DFN7VH50NW", "level": "info", "timestamp": "2026-06-12T18:38:35.092243Z"}
{"prompt_tag": "assess_sufficiency@v4", "schema": "SufficiencyAssessment", "model": "cyankiwi/Qwen3.5-4B-AWQ-4bit", "max_tokens": 1024, "temperature": 0.1, "top_p": 0.8, "presence_penalty": 1.0, "seed": 42, "message_count": 1, "event": "model_call.start", "query_preview": "What four design principles does the nvmath-python architecture figure highlight", "correlation_id": "01KTYJ17WMXE2RQ4DFN7VH50NW", "level": "info", "timestamp": "2026-06-12T18:38:35.093888Z"}
Authentication error: Langfuse client initialized without public_key. Client will be disabled. Provide a public_key parameter or set LANGFUSE_PUBLIC_KEY environment variable. 
{"prompt_tag": "assess_sufficiency@v4", "schema": "SufficiencyAssessment", "tokens": 1747, "event": "model_call.done", "query_preview": "What four design principles does the nvmath-python architecture figure highlight", "correlation_id": "01KTYJ17WMXE2RQ4DFN7VH50NW", "level": "info", "timestamp": "2026-06-12T18:38:35.787366Z"}
{"node": "answer", "regenerate_attempt": 0, "event": "start", "query_preview": "What four design principles does the nvmath-python architecture figure highlight", "correlation_id": "01KTYJ17WMXE2RQ4DFN7VH50NW", "level": "info", "timestamp": "2026-06-12T18:38:35.788918Z"}
{"prompt_tag": "answer@v5", "schema": "DraftAnswer", "model": "cyankiwi/Qwen3.5-4B-AWQ-4bit", "max_tokens": 1800, "temperature": 0.1, "top_p": 0.8, "presence_penalty": 1.0, "seed": 42, "message_count": 2, "event": "model_call.start", "query_preview": "What four design principles does the nvmath-python architecture figure highlight", "correlation_id": "01KTYJ17WMXE2RQ4DFN7VH50NW", "level": "info", "timestamp": "2026-06-12T18:38:35.790846Z"}
Authentication error: Langfuse client initialized without public_key. Client will be disabled. Provide a public_key parameter or set LANGFUSE_PUBLIC_KEY environment variable. 
{"prompt_tag": "answer@v5", "schema": "DraftAnswer", "tokens": 3327, "event": "model_call.done", "query_preview": "What four design principles does the nvmath-python architecture figure highlight", "correlation_id": "01KTYJ17WMXE2RQ4DFN7VH50NW", "level": "info", "timestamp": "2026-06-12T18:38:36.621049Z"}
{"node": "verify", "claim_count": 0, "event": "start", "query_preview": "What four design principles does the nvmath-python architecture figure highlight", "correlation_id": "01KTYJ17WMXE2RQ4DFN7VH50NW", "level": "info", "timestamp": "2026-06-12T18:38:36.622094Z"}
{"node": "verify", "event": "empty_draft_shortcircuit", "query_preview": "What four design principles does the nvmath-python architecture figure highlight", "correlation_id": "01KTYJ17WMXE2RQ4DFN7VH50NW", "level": "info", "timestamp": "2026-06-12T18:38:36.622136Z"}
{"node": "assess_relevance", "event": "start", "query_preview": "What four design principles does the nvmath-python architecture figure highlight", "correlation_id": "01KTYJ17WMXE2RQ4DFN7VH50NW", "level": "info", "timestamp": "2026-06-12T18:38:36.623306Z"}
{"prompt_tag": "assess_relevance@v3", "schema": "RelevanceAssessment", "model": "cyankiwi/Qwen3.5-4B-AWQ-4bit", "max_tokens": 1024, "temperature": 0.1, "top_p": 0.8, "presence_penalty": 1.0, "seed": 42, "message_count": 1, "event": "model_call.start", "query_preview": "What four design principles does the nvmath-python architecture figure highlight", "correlation_id": "01KTYJ17WMXE2RQ4DFN7VH50NW", "level": "info", "timestamp": "2026-06-12T18:38:36.624273Z"}
Authentication error: Langfuse client initialized without public_key. Client will be disabled. Provide a public_key parameter or set LANGFUSE_PUBLIC_KEY environment variable. 
{"prompt_tag": "assess_relevance@v3", "schema": "RelevanceAssessment", "tokens": 856, "event": "model_call.done", "query_preview": "What four design principles does the nvmath-python architecture figure highlight", "correlation_id": "01KTYJ17WMXE2RQ4DFN7VH50NW", "level": "info", "timestamp": "2026-06-12T18:38:37.137582Z"}
{"node": "assess_relevance", "responsive": false, "event": "relevance", "query_preview": "What four design principles does the nvmath-python architecture figure highlight", "correlation_id": "01KTYJ17WMXE2RQ4DFN7VH50NW", "level": "info", "timestamp": "2026-06-12T18:38:37.137646Z"}
{"node": "refuse", "event": "start", "query_preview": "What four design principles does the nvmath-python architecture figure highlight", "correlation_id": "01KTYJ17WMXE2RQ4DFN7VH50NW", "level": "info", "timestamp": "2026-06-12T18:38:37.138712Z"}
Authentication error: Langfuse client initialized without public_key. Client will be disabled. Provide a public_key parameter or set LANGFUSE_PUBLIC_KEY environment variable. 
{"node": "retrieve", "query_len": 115, "event": "start", "query_preview": "What duration is shown for the CameraGestureBase_accumulate_values operation in ", "correlation_id": "01KTYJ202K5M6MWFBGQGZ0KD6A", "level": "info", "timestamp": "2026-06-12T18:38:37.140122Z"}
{"query_len": 115, "k": 50, "event": "hybrid.start", "query_preview": "What duration is shown for the CameraGestureBase_accumulate_values operation in ", "correlation_id": "01KTYJ202K5M6MWFBGQGZ0KD6A", "level": "info", "timestamp": "2026-06-12T18:38:37.140159Z"}
{"query_len": 115, "k": 50, "dense": 50, "bm25": 50, "fused": 50, "term": true, "event": "hybrid.done", "query_preview": "What duration is shown for the CameraGestureBase_accumulate_values operation in ", "correlation_id": "01KTYJ202K5M6MWFBGQGZ0KD6A", "level": "info", "timestamp": "2026-06-12T18:38:37.340968Z"}
{"node": "retrieve", "candidate_count": 50, "event": "done", "query_preview": "What duration is shown for the CameraGestureBase_accumulate_values operation in ", "correlation_id": "01KTYJ202K5M6MWFBGQGZ0KD6A", "level": "info", "timestamp": "2026-06-12T18:38:37.342401Z"}
{"query_len": 115, "doc_ids": 1, "k": 50, "event": "hybrid_in_docs.start", "query_preview": "What duration is shown for the CameraGestureBase_accumulate_values operation in ", "correlation_id": "01KTYJ202K5M6MWFBGQGZ0KD6A", "level": "info", "timestamp": "2026-06-12T18:38:37.347299Z"}
{"query_len": 115, "doc_ids": 1, "k": 50, "dense": 50, "bm25": 32, "fused": 50, "term": true, "event": "hybrid_in_docs.done", "query_preview": "What duration is shown for the CameraGestureBase_accumulate_values operation in ", "correlation_id": "01KTYJ202K5M6MWFBGQGZ0KD6A", "level": "info", "timestamp": "2026-06-12T18:38:37.424472Z"}
{"node": "resolve_artifact_scope", "via": "dominant", "arttype": "figure", "doc_ids": ["2f96ae1c-s62400-cuda-new-features-and-beyond-171114580640"], "scoped_count": 50, "replaced_from": 50, "event": "scoped", "query_preview": "What duration is shown for the CameraGestureBase_accumulate_values operation in ", "correlation_id": "01KTYJ202K5M6MWFBGQGZ0KD6A", "level": "info", "timestamp": "2026-06-12T18:38:37.425616Z"}
{"node": "expand_graph", "reason": "disabled_or_empty", "event": "skip", "query_preview": "What duration is shown for the CameraGestureBase_accumulate_values operation in ", "correlation_id": "01KTYJ202K5M6MWFBGQGZ0KD6A", "level": "info", "timestamp": "2026-06-12T18:38:37.426588Z"}
{"node": "rerank", "candidate_count": 50, "event": "start", "query_preview": "What duration is shown for the CameraGestureBase_accumulate_values operation in ", "correlation_id": "01KTYJ202K5M6MWFBGQGZ0KD6A", "level": "info", "timestamp": "2026-06-12T18:38:37.427340Z"}
{"node": "rerank", "top_k": 5, "source": "mode", "event": "top_k_resolved", "query_preview": "What duration is shown for the CameraGestureBase_accumulate_values operation in ", "correlation_id": "01KTYJ202K5M6MWFBGQGZ0KD6A", "level": "info", "timestamp": "2026-06-12T18:38:37.427400Z"}
{"candidates": 50, "top_k": 5, "backend": "cross_encoder", "event": "rerank.start", "query_preview": "What duration is shown for the CameraGestureBase_accumulate_values operation in ", "correlation_id": "01KTYJ202K5M6MWFBGQGZ0KD6A", "level": "info", "timestamp": "2026-06-12T18:38:37.427429Z"}
{"candidates": 50, "top_k": 5, "backend": "cross_encoder", "returned": 5, "event": "rerank.done", "query_preview": "What duration is shown for the CameraGestureBase_accumulate_values operation in ", "correlation_id": "01KTYJ202K5M6MWFBGQGZ0KD6A", "level": "info", "timestamp": "2026-06-12T18:38:59.150955Z"}
{"node": "rerank", "reranked_count": 5, "event": "done", "query_preview": "What duration is shown for the CameraGestureBase_accumulate_values operation in ", "correlation_id": "01KTYJ202K5M6MWFBGQGZ0KD6A", "level": "info", "timestamp": "2026-06-12T18:38:59.151052Z"}
{"node": "query_tables", "reason": "empty_or_not_table_shaped", "event": "skip", "query_preview": "What duration is shown for the CameraGestureBase_accumulate_values operation in ", "correlation_id": "01KTYJ202K5M6MWFBGQGZ0KD6A", "level": "info", "timestamp": "2026-06-12T18:38:59.153134Z"}
{"node": "assess", "reranked_count": 5, "event": "start", "query_preview": "What duration is shown for the CameraGestureBase_accumulate_values operation in ", "correlation_id": "01KTYJ202K5M6MWFBGQGZ0KD6A", "level": "info", "timestamp": "2026-06-12T18:38:59.154212Z"}
{"prompt_tag": "assess_sufficiency@v4", "schema": "SufficiencyAssessment", "model": "cyankiwi/Qwen3.5-4B-AWQ-4bit", "max_tokens": 1024, "temperature": 0.1, "top_p": 0.8, "presence_penalty": 1.0, "seed": 42, "message_count": 1, "event": "model_call.start", "query_preview": "What duration is shown for the CameraGestureBase_accumulate_values operation in ", "correlation_id": "01KTYJ202K5M6MWFBGQGZ0KD6A", "level": "info", "timestamp": "2026-06-12T18:38:59.156520Z"}
Authentication error: Langfuse client initialized without public_key. Client will be disabled. Provide a public_key parameter or set LANGFUSE_PUBLIC_KEY environment variable. 
{"prompt_tag": "assess_sufficiency@v4", "schema": "SufficiencyAssessment", "tokens": 2568, "event": "model_call.done", "query_preview": "What duration is shown for the CameraGestureBase_accumulate_values operation in ", "correlation_id": "01KTYJ202K5M6MWFBGQGZ0KD6A", "level": "info", "timestamp": "2026-06-12T18:39:00.018246Z"}
{"node": "answer", "regenerate_attempt": 0, "event": "start", "query_preview": "What duration is shown for the CameraGestureBase_accumulate_values operation in ", "correlation_id": "01KTYJ202K5M6MWFBGQGZ0KD6A", "level": "info", "timestamp": "2026-06-12T18:39:00.019343Z"}
{"prompt_tag": "answer@v5", "schema": "DraftAnswer", "model": "cyankiwi/Qwen3.5-4B-AWQ-4bit", "max_tokens": 1800, "temperature": 0.1, "top_p": 0.8, "presence_penalty": 1.0, "seed": 42, "message_count": 2, "event": "model_call.start", "query_preview": "What duration is shown for the CameraGestureBase_accumulate_values operation in ", "correlation_id": "01KTYJ202K5M6MWFBGQGZ0KD6A", "level": "info", "timestamp": "2026-06-12T18:39:00.021370Z"}
Authentication error: Langfuse client initialized without public_key. Client will be disabled. Provide a public_key parameter or set LANGFUSE_PUBLIC_KEY environment variable. 
{"prompt_tag": "answer@v5", "schema": "DraftAnswer", "tokens": 4228, "event": "model_call.done", "query_preview": "What duration is shown for the CameraGestureBase_accumulate_values operation in ", "correlation_id": "01KTYJ202K5M6MWFBGQGZ0KD6A", "level": "info", "timestamp": "2026-06-12T18:39:01.757337Z"}
{"node": "verify", "claim_count": 1, "event": "start", "query_preview": "What duration is shown for the CameraGestureBase_accumulate_values operation in ", "correlation_id": "01KTYJ202K5M6MWFBGQGZ0KD6A", "level": "info", "timestamp": "2026-06-12T18:39:01.758415Z"}
{"prompt_tag": "verify_grounding@v2", "schema": "VerificationResult", "model": "cyankiwi/Qwen3.5-4B-AWQ-4bit", "max_tokens": 1024, "temperature": 0.1, "top_p": 0.8, "presence_penalty": 1.0, "seed": 42, "message_count": 1, "event": "model_call.start", "query_preview": "What duration is shown for the CameraGestureBase_accumulate_values operation in ", "correlation_id": "01KTYJ202K5M6MWFBGQGZ0KD6A", "level": "info", "timestamp": "2026-06-12T18:39:01.761666Z"}
Authentication error: Langfuse client initialized without public_key. Client will be disabled. Provide a public_key parameter or set LANGFUSE_PUBLIC_KEY environment variable. 
{"prompt_tag": "verify_grounding@v2", "schema": "VerificationResult", "tokens": 2497, "event": "model_call.done", "query_preview": "What duration is shown for the CameraGestureBase_accumulate_values operation in ", "correlation_id": "01KTYJ202K5M6MWFBGQGZ0KD6A", "level": "info", "timestamp": "2026-06-12T18:39:02.327401Z"}
{"node": "assess_relevance", "event": "start", "query_preview": "What duration is shown for the CameraGestureBase_accumulate_values operation in ", "correlation_id": "01KTYJ202K5M6MWFBGQGZ0KD6A", "level": "info", "timestamp": "2026-06-12T18:39:02.328677Z"}
{"prompt_tag": "assess_relevance@v3", "schema": "RelevanceAssessment", "model": "cyankiwi/Qwen3.5-4B-AWQ-4bit", "max_tokens": 1024, "temperature": 0.1, "top_p": 0.8, "presence_penalty": 1.0, "seed": 42, "message_count": 1, "event": "model_call.start", "query_preview": "What duration is shown for the CameraGestureBase_accumulate_values operation in ", "correlation_id": "01KTYJ202K5M6MWFBGQGZ0KD6A", "level": "info", "timestamp": "2026-06-12T18:39:02.329651Z"}
Authentication error: Langfuse client initialized without public_key. Client will be disabled. Provide a public_key parameter or set LANGFUSE_PUBLIC_KEY environment variable. 
{"prompt_tag": "assess_relevance@v3", "schema": "RelevanceAssessment", "tokens": 867, "event": "model_call.done", "query_preview": "What duration is shown for the CameraGestureBase_accumulate_values operation in ", "correlation_id": "01KTYJ202K5M6MWFBGQGZ0KD6A", "level": "info", "timestamp": "2026-06-12T18:39:02.757348Z"}
{"node": "assess_relevance", "responsive": true, "event": "relevance", "query_preview": "What duration is shown for the CameraGestureBase_accumulate_values operation in ", "correlation_id": "01KTYJ202K5M6MWFBGQGZ0KD6A", "level": "info", "timestamp": "2026-06-12T18:39:02.757400Z"}
{"node": "compose", "event": "start", "query_preview": "What duration is shown for the CameraGestureBase_accumulate_values operation in ", "correlation_id": "01KTYJ202K5M6MWFBGQGZ0KD6A", "level": "info", "timestamp": "2026-06-12T18:39:02.758472Z"}
Authentication error: Langfuse client initialized without public_key. Client will be disabled. Provide a public_key parameter or set LANGFUSE_PUBLIC_KEY environment variable. 
{"node": "retrieve", "query_len": 110, "event": "start", "query_preview": "Per the nvmath-python architectural figure, which existing Python numeric librar", "correlation_id": "01KTYJ2S36SC5G0896FWAZE0M9", "level": "info", "timestamp": "2026-06-12T18:39:02.759931Z"}
{"query_len": 110, "k": 50, "event": "hybrid.start", "query_preview": "Per the nvmath-python architectural figure, which existing Python numeric librar", "correlation_id": "01KTYJ2S36SC5G0896FWAZE0M9", "level": "info", "timestamp": "2026-06-12T18:39:02.759964Z"}
{"query_len": 110, "k": 50, "dense": 50, "bm25": 0, "fused": 50, "term": false, "event": "hybrid.done", "query_preview": "Per the nvmath-python architectural figure, which existing Python numeric librar", "correlation_id": "01KTYJ2S36SC5G0896FWAZE0M9", "level": "info", "timestamp": "2026-06-12T18:39:03.002382Z"}
{"node": "retrieve", "candidate_count": 50, "event": "done", "query_preview": "Per the nvmath-python architectural figure, which existing Python numeric librar", "correlation_id": "01KTYJ2S36SC5G0896FWAZE0M9", "level": "info", "timestamp": "2026-06-12T18:39:03.003385Z"}
{"query_len": 110, "doc_ids": 1, "k": 50, "event": "hybrid_in_docs.start", "query_preview": "Per the nvmath-python architectural figure, which existing Python numeric librar", "correlation_id": "01KTYJ2S36SC5G0896FWAZE0M9", "level": "info", "timestamp": "2026-06-12T18:39:03.006275Z"}
{"query_len": 110, "doc_ids": 1, "k": 50, "dense": 50, "bm25": 0, "fused": 50, "term": false, "event": "hybrid_in_docs.done", "query_preview": "Per the nvmath-python architectural figure, which existing Python numeric librar", "correlation_id": "01KTYJ2S36SC5G0896FWAZE0M9", "level": "info", "timestamp": "2026-06-12T18:39:03.069262Z"}
{"node": "resolve_artifact_scope", "via": "dominant", "arttype": "figure", "doc_ids": ["2f96ae1c-s62400-cuda-new-features-and-beyond-171114580640"], "scoped_count": 50, "replaced_from": 50, "event": "scoped", "query_preview": "Per the nvmath-python architectural figure, which existing Python numeric librar", "correlation_id": "01KTYJ2S36SC5G0896FWAZE0M9", "level": "info", "timestamp": "2026-06-12T18:39:03.070307Z"}
{"node": "expand_graph", "reason": "disabled_or_empty", "event": "skip", "query_preview": "Per the nvmath-python architectural figure, which existing Python numeric librar", "correlation_id": "01KTYJ2S36SC5G0896FWAZE0M9", "level": "info", "timestamp": "2026-06-12T18:39:03.071298Z"}
{"node": "rerank", "candidate_count": 50, "event": "start", "query_preview": "Per the nvmath-python architectural figure, which existing Python numeric librar", "correlation_id": "01KTYJ2S36SC5G0896FWAZE0M9", "level": "info", "timestamp": "2026-06-12T18:39:03.072133Z"}
{"node": "rerank", "top_k": 5, "source": "mode", "event": "top_k_resolved", "query_preview": "Per the nvmath-python architectural figure, which existing Python numeric librar", "correlation_id": "01KTYJ2S36SC5G0896FWAZE0M9", "level": "info", "timestamp": "2026-06-12T18:39:03.072196Z"}
{"candidates": 50, "top_k": 5, "backend": "cross_encoder", "event": "rerank.start", "query_preview": "Per the nvmath-python architectural figure, which existing Python numeric librar", "correlation_id": "01KTYJ2S36SC5G0896FWAZE0M9", "level": "info", "timestamp": "2026-06-12T18:39:03.072222Z"}
{"candidates": 50, "top_k": 5, "backend": "cross_encoder", "returned": 5, "event": "rerank.done", "query_preview": "Per the nvmath-python architectural figure, which existing Python numeric librar", "correlation_id": "01KTYJ2S36SC5G0896FWAZE0M9", "level": "info", "timestamp": "2026-06-12T18:39:23.256933Z"}
{"node": "rerank", "reranked_count": 5, "event": "done", "query_preview": "Per the nvmath-python architectural figure, which existing Python numeric librar", "correlation_id": "01KTYJ2S36SC5G0896FWAZE0M9", "level": "info", "timestamp": "2026-06-12T18:39:23.257024Z"}
{"node": "query_tables", "reason": "empty_or_not_table_shaped", "event": "skip", "query_preview": "Per the nvmath-python architectural figure, which existing Python numeric librar", "correlation_id": "01KTYJ2S36SC5G0896FWAZE0M9", "level": "info", "timestamp": "2026-06-12T18:39:23.258686Z"}
{"node": "assess", "reranked_count": 5, "event": "start", "query_preview": "Per the nvmath-python architectural figure, which existing Python numeric librar", "correlation_id": "01KTYJ2S36SC5G0896FWAZE0M9", "level": "info", "timestamp": "2026-06-12T18:39:23.259337Z"}
{"prompt_tag": "assess_sufficiency@v4", "schema": "SufficiencyAssessment", "model": "cyankiwi/Qwen3.5-4B-AWQ-4bit", "max_tokens": 1024, "temperature": 0.1, "top_p": 0.8, "presence_penalty": 1.0, "seed": 42, "message_count": 1, "event": "model_call.start", "query_preview": "Per the nvmath-python architectural figure, which existing Python numeric librar", "correlation_id": "01KTYJ2S36SC5G0896FWAZE0M9", "level": "info", "timestamp": "2026-06-12T18:39:23.261177Z"}
Authentication error: Langfuse client initialized without public_key. Client will be disabled. Provide a public_key parameter or set LANGFUSE_PUBLIC_KEY environment variable. 
{"prompt_tag": "assess_sufficiency@v4", "schema": "SufficiencyAssessment", "tokens": 1319, "event": "model_call.done", "query_preview": "Per the nvmath-python architectural figure, which existing Python numeric librar", "correlation_id": "01KTYJ2S36SC5G0896FWAZE0M9", "level": "info", "timestamp": "2026-06-12T18:39:24.030698Z"}
{"node": "answer", "regenerate_attempt": 0, "event": "start", "query_preview": "Per the nvmath-python architectural figure, which existing Python numeric librar", "correlation_id": "01KTYJ2S36SC5G0896FWAZE0M9", "level": "info", "timestamp": "2026-06-12T18:39:24.032195Z"}
{"prompt_tag": "answer@v5", "schema": "DraftAnswer", "model": "cyankiwi/Qwen3.5-4B-AWQ-4bit", "max_tokens": 1800, "temperature": 0.1, "top_p": 0.8, "presence_penalty": 1.0, "seed": 42, "message_count": 2, "event": "model_call.start", "query_preview": "Per the nvmath-python architectural figure, which existing Python numeric librar", "correlation_id": "01KTYJ2S36SC5G0896FWAZE0M9", "level": "info", "timestamp": "2026-06-12T18:39:24.034167Z"}
Authentication error: Langfuse client initialized without public_key. Client will be disabled. Provide a public_key parameter or set LANGFUSE_PUBLIC_KEY environment variable. 
{"prompt_tag": "answer@v5", "schema": "DraftAnswer", "tokens": 2979, "event": "model_call.done", "query_preview": "Per the nvmath-python architectural figure, which existing Python numeric librar", "correlation_id": "01KTYJ2S36SC5G0896FWAZE0M9", "level": "info", "timestamp": "2026-06-12T18:39:25.660741Z"}
{"node": "verify", "claim_count": 1, "event": "start", "query_preview": "Per the nvmath-python architectural figure, which existing Python numeric librar", "correlation_id": "01KTYJ2S36SC5G0896FWAZE0M9", "level": "info", "timestamp": "2026-06-12T18:39:25.661687Z"}
{"prompt_tag": "verify_grounding@v2", "schema": "VerificationResult", "model": "cyankiwi/Qwen3.5-4B-AWQ-4bit", "max_tokens": 1024, "temperature": 0.1, "top_p": 0.8, "presence_penalty": 1.0, "seed": 42, "message_count": 1, "event": "model_call.start", "query_preview": "Per the nvmath-python architectural figure, which existing Python numeric librar", "correlation_id": "01KTYJ2S36SC5G0896FWAZE0M9", "level": "info", "timestamp": "2026-06-12T18:39:25.664642Z"}
Authentication error: Langfuse client initialized without public_key. Client will be disabled. Provide a public_key parameter or set LANGFUSE_PUBLIC_KEY environment variable. 
{"prompt_tag": "verify_grounding@v2", "schema": "VerificationResult", "tokens": 1239, "event": "model_call.done", "query_preview": "Per the nvmath-python architectural figure, which existing Python numeric librar", "correlation_id": "01KTYJ2S36SC5G0896FWAZE0M9", "level": "info", "timestamp": "2026-06-12T18:39:26.039013Z"}
{"node": "assess_relevance", "event": "start", "query_preview": "Per the nvmath-python architectural figure, which existing Python numeric librar", "correlation_id": "01KTYJ2S36SC5G0896FWAZE0M9", "level": "info", "timestamp": "2026-06-12T18:39:26.040393Z"}
{"prompt_tag": "assess_relevance@v3", "schema": "RelevanceAssessment", "model": "cyankiwi/Qwen3.5-4B-AWQ-4bit", "max_tokens": 1024, "temperature": 0.1, "top_p": 0.8, "presence_penalty": 1.0, "seed": 42, "message_count": 1, "event": "model_call.start", "query_preview": "Per the nvmath-python architectural figure, which existing Python numeric librar", "correlation_id": "01KTYJ2S36SC5G0896FWAZE0M9", "level": "info", "timestamp": "2026-06-12T18:39:26.041438Z"}
Authentication error: Langfuse client initialized without public_key. Client will be disabled. Provide a public_key parameter or set LANGFUSE_PUBLIC_KEY environment variable. 
{"prompt_tag": "assess_relevance@v3", "schema": "RelevanceAssessment", "tokens": 874, "event": "model_call.done", "query_preview": "Per the nvmath-python architectural figure, which existing Python numeric librar", "correlation_id": "01KTYJ2S36SC5G0896FWAZE0M9", "level": "info", "timestamp": "2026-06-12T18:39:26.478996Z"}
{"node": "assess_relevance", "responsive": true, "event": "relevance", "query_preview": "Per the nvmath-python architectural figure, which existing Python numeric librar", "correlation_id": "01KTYJ2S36SC5G0896FWAZE0M9", "level": "info", "timestamp": "2026-06-12T18:39:26.479087Z"}
{"node": "compose", "event": "start", "query_preview": "Per the nvmath-python architectural figure, which existing Python numeric librar", "correlation_id": "01KTYJ2S36SC5G0896FWAZE0M9", "level": "info", "timestamp": "2026-06-12T18:39:26.480541Z"}
Authentication error: Langfuse client initialized without public_key. Client will be disabled. Provide a public_key parameter or set LANGFUSE_PUBLIC_KEY environment variable. 
{"node": "retrieve", "query_len": 74, "event": "start", "query_preview": "According to the deck, what is the memory bandwidth of the AMD MI300X GPU?", "correlation_id": "01KTYJ3G8H99821RNKEZ1QQRJ0", "level": "info", "timestamp": "2026-06-12T18:39:26.482233Z"}
{"query_len": 74, "k": 50, "event": "hybrid.start", "query_preview": "According to the deck, what is the memory bandwidth of the AMD MI300X GPU?", "correlation_id": "01KTYJ3G8H99821RNKEZ1QQRJ0", "level": "info", "timestamp": "2026-06-12T18:39:26.482270Z"}
{"query_len": 74, "k": 50, "dense": 50, "bm25": 0, "fused": 50, "term": false, "event": "hybrid.done", "query_preview": "According to the deck, what is the memory bandwidth of the AMD MI300X GPU?", "correlation_id": "01KTYJ3G8H99821RNKEZ1QQRJ0", "level": "info", "timestamp": "2026-06-12T18:39:26.553128Z"}
{"node": "retrieve", "candidate_count": 50, "event": "done", "query_preview": "According to the deck, what is the memory bandwidth of the AMD MI300X GPU?", "correlation_id": "01KTYJ3G8H99821RNKEZ1QQRJ0", "level": "info", "timestamp": "2026-06-12T18:39:26.554056Z"}
{"node": "expand_graph", "reason": "disabled_or_empty", "event": "skip", "query_preview": "According to the deck, what is the memory bandwidth of the AMD MI300X GPU?", "correlation_id": "01KTYJ3G8H99821RNKEZ1QQRJ0", "level": "info", "timestamp": "2026-06-12T18:39:26.555426Z"}
{"node": "rerank", "candidate_count": 50, "event": "start", "query_preview": "According to the deck, what is the memory bandwidth of the AMD MI300X GPU?", "correlation_id": "01KTYJ3G8H99821RNKEZ1QQRJ0", "level": "info", "timestamp": "2026-06-12T18:39:26.555968Z"}
{"node": "rerank", "top_k": 5, "source": "mode", "event": "top_k_resolved", "query_preview": "According to the deck, what is the memory bandwidth of the AMD MI300X GPU?", "correlation_id": "01KTYJ3G8H99821RNKEZ1QQRJ0", "level": "info", "timestamp": "2026-06-12T18:39:26.556016Z"}
{"candidates": 50, "top_k": 5, "backend": "cross_encoder", "event": "rerank.start", "query_preview": "According to the deck, what is the memory bandwidth of the AMD MI300X GPU?", "correlation_id": "01KTYJ3G8H99821RNKEZ1QQRJ0", "level": "info", "timestamp": "2026-06-12T18:39:26.556040Z"}
{"candidates": 50, "top_k": 5, "backend": "cross_encoder", "returned": 5, "event": "rerank.done", "query_preview": "According to the deck, what is the memory bandwidth of the AMD MI300X GPU?", "correlation_id": "01KTYJ3G8H99821RNKEZ1QQRJ0", "level": "info", "timestamp": "2026-06-12T18:39:46.540458Z"}
{"node": "rerank", "reranked_count": 5, "event": "done", "query_preview": "According to the deck, what is the memory bandwidth of the AMD MI300X GPU?", "correlation_id": "01KTYJ3G8H99821RNKEZ1QQRJ0", "level": "info", "timestamp": "2026-06-12T18:39:46.540556Z"}
{"node": "query_tables", "reason": "empty_or_not_table_shaped", "event": "skip", "query_preview": "According to the deck, what is the memory bandwidth of the AMD MI300X GPU?", "correlation_id": "01KTYJ3G8H99821RNKEZ1QQRJ0", "level": "info", "timestamp": "2026-06-12T18:39:46.542397Z"}
{"node": "assess", "reranked_count": 5, "event": "start", "query_preview": "According to the deck, what is the memory bandwidth of the AMD MI300X GPU?", "correlation_id": "01KTYJ3G8H99821RNKEZ1QQRJ0", "level": "info", "timestamp": "2026-06-12T18:39:46.543154Z"}
{"prompt_tag": "assess_sufficiency@v4", "schema": "SufficiencyAssessment", "model": "cyankiwi/Qwen3.5-4B-AWQ-4bit", "max_tokens": 1024, "temperature": 0.1, "top_p": 0.8, "presence_penalty": 1.0, "seed": 42, "message_count": 1, "event": "model_call.start", "query_preview": "According to the deck, what is the memory bandwidth of the AMD MI300X GPU?", "correlation_id": "01KTYJ3G8H99821RNKEZ1QQRJ0", "level": "info", "timestamp": "2026-06-12T18:39:46.544965Z"}
Authentication error: Langfuse client initialized without public_key. Client will be disabled. Provide a public_key parameter or set LANGFUSE_PUBLIC_KEY environment variable. 
{"prompt_tag": "assess_sufficiency@v4", "schema": "SufficiencyAssessment", "tokens": 2059, "event": "model_call.done", "query_preview": "According to the deck, what is the memory bandwidth of the AMD MI300X GPU?", "correlation_id": "01KTYJ3G8H99821RNKEZ1QQRJ0", "level": "info", "timestamp": "2026-06-12T18:39:47.465867Z"}
{"node": "refuse", "event": "start", "query_preview": "According to the deck, what is the memory bandwidth of the AMD MI300X GPU?", "correlation_id": "01KTYJ3G8H99821RNKEZ1QQRJ0", "level": "info", "timestamp": "2026-06-12T18:39:47.467371Z"}
{"query_count": 34, "quick": false, "error_count": 0, "mean_citation_precision": 0.9264705882352942, "mean_citation_precision_answered_only": 0.8076923076923077, "answer_text_checked": 0, "answer_text_correct_count": 0, "mean_answer_mention_recall": null, "event": "eval.done", "level": "info", "timestamp": "2026-06-12T18:39:47.467926Z"}
