{"vault_path": "/home/drei/.memex/vault", "event": "bootstrap", "level": "info", "timestamp": "2026-06-12T20:49:57.104844Z"}
{"estimated_gb": 11.8, "budget_gb": 9.8, "total_gb": 11.6, "gpu": "NVIDIA GeForce RTX 4070", "vlm_counted": false, "co_residence_mode": "manual", "embedder_device": "cpu", "reranker_device": "cpu", "fix": "lower hardware.gpu_memory_fraction, switch to a lighter co-residence mode (MEMEX_MODELS__CO_RESIDENCE_MODE=full puts the reranker on CPU), switch to a smaller VLM variant (vlm_quantization=awq_int4), or reduce the orchestrator quant tier", "event": "vram.budget.tight", "level": "warning", "timestamp": "2026-06-12T20:49:57.964723Z"}
{"component": "bootstrap.gpu", "total_gb": 11.56, "free_gb": 4.55, "holders": ["pid 382037: VLLM::EngineCore (6170 MiB)", "pid 1151242: /home/drei/project/Doc_Flo/.venv/bin/python3 (154 MiB)"], "event": "gpu.preflight", "level": "info", "timestamp": "2026-06-12T20:49:58.061105Z"}
{"query_count": 34, "quick": false, "event": "eval.start", "level": "info", "timestamp": "2026-06-12T20:49:58.108151Z"}
Authentication error: Langfuse client initialized without public_key. Client will be disabled. Provide a public_key parameter or set LANGFUSE_PUBLIC_KEY environment variable. 
{"node": "retrieve", "query_len": 90, "event": "start", "correlation_id": "01KTYSJGAWC48Q0H8Y8Y2NNSMA", "query_preview": "What is the energy cost of FP16 matrix multiplication relative to FP32, in FMA o", "level": "info", "timestamp": "2026-06-12T20:49:58.137155Z"}
{"query_len": 90, "k": 50, "event": "hybrid.start", "correlation_id": "01KTYSJGAWC48Q0H8Y8Y2NNSMA", "query_preview": "What is the energy cost of FP16 matrix multiplication relative to FP32, in FMA o", "level": "info", "timestamp": "2026-06-12T20:49:58.137205Z"}
{"name": "embedder", "event": "model.load.start", "correlation_id": "01KTYSJGAWC48Q0H8Y8Y2NNSMA", "query_preview": "What is the energy cost of FP16 matrix multiplication relative to FP32, in FMA o", "level": "info", "timestamp": "2026-06-12T20:49:58.140250Z"}
`torch_dtype` is deprecated! Use `dtype` instead!
{"name": "embedder", "event": "model.load.done", "correlation_id": "01KTYSJGAWC48Q0H8Y8Y2NNSMA", "query_preview": "What is the energy cost of FP16 matrix multiplication relative to FP32, in FMA o", "level": "info", "timestamp": "2026-06-12T20:50:02.176899Z"}
{"query_len": 90, "k": 50, "dense": 50, "bm25": 0, "fused": 50, "term": false, "event": "hybrid.done", "correlation_id": "01KTYSJGAWC48Q0H8Y8Y2NNSMA", "query_preview": "What is the energy cost of FP16 matrix multiplication relative to FP32, in FMA o", "level": "info", "timestamp": "2026-06-12T20:50:02.402589Z"}
{"node": "retrieve", "candidate_count": 50, "event": "done", "correlation_id": "01KTYSJGAWC48Q0H8Y8Y2NNSMA", "query_preview": "What is the energy cost of FP16 matrix multiplication relative to FP32, in FMA o", "level": "info", "timestamp": "2026-06-12T20:50:02.403483Z"}
{"node": "expand_graph", "reason": "disabled_or_empty", "event": "skip", "correlation_id": "01KTYSJGAWC48Q0H8Y8Y2NNSMA", "query_preview": "What is the energy cost of FP16 matrix multiplication relative to FP32, in FMA o", "level": "info", "timestamp": "2026-06-12T20:50:02.405222Z"}
{"node": "rerank", "candidate_count": 50, "event": "start", "correlation_id": "01KTYSJGAWC48Q0H8Y8Y2NNSMA", "query_preview": "What is the energy cost of FP16 matrix multiplication relative to FP32, in FMA o", "level": "info", "timestamp": "2026-06-12T20:50:02.405773Z"}
{"node": "rerank", "top_k": 5, "source": "mode", "event": "top_k_resolved", "correlation_id": "01KTYSJGAWC48Q0H8Y8Y2NNSMA", "query_preview": "What is the energy cost of FP16 matrix multiplication relative to FP32, in FMA o", "level": "info", "timestamp": "2026-06-12T20:50:02.405827Z"}
{"candidates": 50, "top_k": 5, "backend": "cross_encoder", "event": "rerank.start", "correlation_id": "01KTYSJGAWC48Q0H8Y8Y2NNSMA", "query_preview": "What is the energy cost of FP16 matrix multiplication relative to FP32, in FMA o", "level": "info", "timestamp": "2026-06-12T20:50:02.405860Z"}
{"name": "reranker", "event": "model.load.start", "correlation_id": "01KTYSJGAWC48Q0H8Y8Y2NNSMA", "query_preview": "What is the energy cost of FP16 matrix multiplication relative to FP32, in FMA o", "level": "info", "timestamp": "2026-06-12T20:50:02.405894Z"}
{"name": "reranker", "event": "model.load.done", "correlation_id": "01KTYSJGAWC48Q0H8Y8Y2NNSMA", "query_preview": "What is the energy cost of FP16 matrix multiplication relative to FP32, in FMA o", "level": "info", "timestamp": "2026-06-12T20:50:03.414992Z"}
{"candidates": 50, "top_k": 5, "backend": "cross_encoder", "returned": 5, "event": "rerank.done", "correlation_id": "01KTYSJGAWC48Q0H8Y8Y2NNSMA", "query_preview": "What is the energy cost of FP16 matrix multiplication relative to FP32, in FMA o", "level": "info", "timestamp": "2026-06-12T20:50:29.717650Z"}
{"node": "rerank", "reranked_count": 5, "event": "done", "correlation_id": "01KTYSJGAWC48Q0H8Y8Y2NNSMA", "query_preview": "What is the energy cost of FP16 matrix multiplication relative to FP32, in FMA o", "level": "info", "timestamp": "2026-06-12T20:50:29.717759Z"}
{"node": "query_tables", "reason": "empty_or_not_table_shaped", "event": "skip", "correlation_id": "01KTYSJGAWC48Q0H8Y8Y2NNSMA", "query_preview": "What is the energy cost of FP16 matrix multiplication relative to FP32, in FMA o", "level": "info", "timestamp": "2026-06-12T20:50:29.719759Z"}
{"node": "assess", "reranked_count": 5, "event": "start", "correlation_id": "01KTYSJGAWC48Q0H8Y8Y2NNSMA", "query_preview": "What is the energy cost of FP16 matrix multiplication relative to FP32, in FMA o", "level": "info", "timestamp": "2026-06-12T20:50:29.720505Z"}
{"prompt_tag": "assess_sufficiency@v4", "schema": "SufficiencyAssessment", "model": "cyankiwi/Qwen3.5-4B-AWQ-4bit", "max_tokens": 1024, "temperature": 0.1, "top_p": 0.8, "presence_penalty": 1.0, "seed": 42, "message_count": 1, "event": "model_call.start", "correlation_id": "01KTYSJGAWC48Q0H8Y8Y2NNSMA", "query_preview": "What is the energy cost of FP16 matrix multiplication relative to FP32, in FMA o", "level": "info", "timestamp": "2026-06-12T20:50:29.723991Z"}
Authentication error: Langfuse client initialized without public_key. Client will be disabled. Provide a public_key parameter or set LANGFUSE_PUBLIC_KEY environment variable. 
{"prompt_tag": "assess_sufficiency@v4", "schema": "SufficiencyAssessment", "tokens": 3317, "event": "model_call.done", "correlation_id": "01KTYSJGAWC48Q0H8Y8Y2NNSMA", "query_preview": "What is the energy cost of FP16 matrix multiplication relative to FP32, in FMA o", "level": "info", "timestamp": "2026-06-12T20:50:30.683522Z"}
{"node": "answer", "regenerate_attempt": 0, "event": "start", "correlation_id": "01KTYSJGAWC48Q0H8Y8Y2NNSMA", "query_preview": "What is the energy cost of FP16 matrix multiplication relative to FP32, in FMA o", "level": "info", "timestamp": "2026-06-12T20:50:30.685484Z"}
{"prompt_tag": "answer@v5", "schema": "DraftAnswer", "model": "cyankiwi/Qwen3.5-4B-AWQ-4bit", "max_tokens": 1800, "temperature": 0.1, "top_p": 0.8, "presence_penalty": 1.0, "seed": 42, "message_count": 2, "event": "model_call.start", "correlation_id": "01KTYSJGAWC48Q0H8Y8Y2NNSMA", "query_preview": "What is the energy cost of FP16 matrix multiplication relative to FP32, in FMA o", "level": "info", "timestamp": "2026-06-12T20:50:30.687975Z"}
Authentication error: Langfuse client initialized without public_key. Client will be disabled. Provide a public_key parameter or set LANGFUSE_PUBLIC_KEY environment variable. 
{"prompt_tag": "answer@v5", "schema": "DraftAnswer", "tokens": 5002, "event": "model_call.done", "correlation_id": "01KTYSJGAWC48Q0H8Y8Y2NNSMA", "query_preview": "What is the energy cost of FP16 matrix multiplication relative to FP32, in FMA o", "level": "info", "timestamp": "2026-06-12T20:50:32.735620Z"}
{"node": "answer", "exact": 0, "suffix": 0, "fuzzy": 1, "unresolved": 0, "event": "chunk_id_repair", "correlation_id": "01KTYSJGAWC48Q0H8Y8Y2NNSMA", "query_preview": "What is the energy cost of FP16 matrix multiplication relative to FP32, in FMA o", "level": "info", "timestamp": "2026-06-12T20:50:32.735759Z"}
{"node": "verify", "claim_count": 1, "event": "start", "correlation_id": "01KTYSJGAWC48Q0H8Y8Y2NNSMA", "query_preview": "What is the energy cost of FP16 matrix multiplication relative to FP32, in FMA o", "level": "info", "timestamp": "2026-06-12T20:50:32.736939Z"}
{"prompt_tag": "verify_grounding@v2", "schema": "VerificationResult", "model": "cyankiwi/Qwen3.5-4B-AWQ-4bit", "max_tokens": 1024, "temperature": 0.1, "top_p": 0.8, "presence_penalty": 1.0, "seed": 42, "message_count": 1, "event": "model_call.start", "correlation_id": "01KTYSJGAWC48Q0H8Y8Y2NNSMA", "query_preview": "What is the energy cost of FP16 matrix multiplication relative to FP32, in FMA o", "level": "info", "timestamp": "2026-06-12T20:50:32.741439Z"}
Authentication error: Langfuse client initialized without public_key. Client will be disabled. Provide a public_key parameter or set LANGFUSE_PUBLIC_KEY environment variable. 
{"prompt_tag": "verify_grounding@v2", "schema": "VerificationResult", "tokens": 2142, "event": "model_call.done", "correlation_id": "01KTYSJGAWC48Q0H8Y8Y2NNSMA", "query_preview": "What is the energy cost of FP16 matrix multiplication relative to FP32, in FMA o", "level": "info", "timestamp": "2026-06-12T20:50:33.256855Z"}
{"node": "assess_relevance", "event": "start", "correlation_id": "01KTYSJGAWC48Q0H8Y8Y2NNSMA", "query_preview": "What is the energy cost of FP16 matrix multiplication relative to FP32, in FMA o", "level": "info", "timestamp": "2026-06-12T20:50:33.258861Z"}
{"prompt_tag": "assess_relevance@v3", "schema": "RelevanceAssessment", "model": "cyankiwi/Qwen3.5-4B-AWQ-4bit", "max_tokens": 1024, "temperature": 0.1, "top_p": 0.8, "presence_penalty": 1.0, "seed": 42, "message_count": 1, "event": "model_call.start", "correlation_id": "01KTYSJGAWC48Q0H8Y8Y2NNSMA", "query_preview": "What is the energy cost of FP16 matrix multiplication relative to FP32, in FMA o", "level": "info", "timestamp": "2026-06-12T20:50:33.260425Z"}
Authentication error: Langfuse client initialized without public_key. Client will be disabled. Provide a public_key parameter or set LANGFUSE_PUBLIC_KEY environment variable. 
{"prompt_tag": "assess_relevance@v3", "schema": "RelevanceAssessment", "tokens": 887, "event": "model_call.done", "correlation_id": "01KTYSJGAWC48Q0H8Y8Y2NNSMA", "query_preview": "What is the energy cost of FP16 matrix multiplication relative to FP32, in FMA o", "level": "info", "timestamp": "2026-06-12T20:50:33.701167Z"}
{"node": "assess_relevance", "responsive": true, "event": "relevance", "correlation_id": "01KTYSJGAWC48Q0H8Y8Y2NNSMA", "query_preview": "What is the energy cost of FP16 matrix multiplication relative to FP32, in FMA o", "level": "info", "timestamp": "2026-06-12T20:50:33.701225Z"}
{"node": "compose", "event": "start", "correlation_id": "01KTYSJGAWC48Q0H8Y8Y2NNSMA", "query_preview": "What is the energy cost of FP16 matrix multiplication relative to FP32, in FMA o", "level": "info", "timestamp": "2026-06-12T20:50:33.703096Z"}
Authentication error: Langfuse client initialized without public_key. Client will be disabled. Provide a public_key parameter or set LANGFUSE_PUBLIC_KEY environment variable. 
{"node": "retrieve", "query_len": 94, "event": "start", "correlation_id": "01KTYSKK37PE7M8XDH29705J4P", "query_preview": "What are the two main categories where modern processors spend power, according ", "level": "info", "timestamp": "2026-06-12T20:50:33.705499Z"}
{"query_len": 94, "k": 50, "event": "hybrid.start", "correlation_id": "01KTYSKK37PE7M8XDH29705J4P", "query_preview": "What are the two main categories where modern processors spend power, according ", "level": "info", "timestamp": "2026-06-12T20:50:33.705552Z"}
{"query_len": 94, "k": 50, "dense": 50, "bm25": 0, "fused": 50, "term": false, "event": "hybrid.done", "correlation_id": "01KTYSKK37PE7M8XDH29705J4P", "query_preview": "What are the two main categories where modern processors spend power, according ", "level": "info", "timestamp": "2026-06-12T20:50:33.790775Z"}
{"node": "retrieve", "candidate_count": 50, "event": "done", "correlation_id": "01KTYSKK37PE7M8XDH29705J4P", "query_preview": "What are the two main categories where modern processors spend power, according ", "level": "info", "timestamp": "2026-06-12T20:50:33.791747Z"}
{"node": "expand_graph", "reason": "disabled_or_empty", "event": "skip", "correlation_id": "01KTYSKK37PE7M8XDH29705J4P", "query_preview": "What are the two main categories where modern processors spend power, according ", "level": "info", "timestamp": "2026-06-12T20:50:33.793092Z"}
{"node": "rerank", "candidate_count": 50, "event": "start", "correlation_id": "01KTYSKK37PE7M8XDH29705J4P", "query_preview": "What are the two main categories where modern processors spend power, according ", "level": "info", "timestamp": "2026-06-12T20:50:33.793580Z"}
{"node": "rerank", "top_k": 5, "source": "mode", "event": "top_k_resolved", "correlation_id": "01KTYSKK37PE7M8XDH29705J4P", "query_preview": "What are the two main categories where modern processors spend power, according ", "level": "info", "timestamp": "2026-06-12T20:50:33.793632Z"}
{"candidates": 50, "top_k": 5, "backend": "cross_encoder", "event": "rerank.start", "correlation_id": "01KTYSKK37PE7M8XDH29705J4P", "query_preview": "What are the two main categories where modern processors spend power, according ", "level": "info", "timestamp": "2026-06-12T20:50:33.793658Z"}
{"candidates": 50, "top_k": 5, "backend": "cross_encoder", "returned": 5, "event": "rerank.done", "correlation_id": "01KTYSKK37PE7M8XDH29705J4P", "query_preview": "What are the two main categories where modern processors spend power, according ", "level": "info", "timestamp": "2026-06-12T20:51:01.949043Z"}
{"node": "rerank", "reranked_count": 5, "event": "done", "correlation_id": "01KTYSKK37PE7M8XDH29705J4P", "query_preview": "What are the two main categories where modern processors spend power, according ", "level": "info", "timestamp": "2026-06-12T20:51:01.949144Z"}
{"node": "query_tables", "reason": "empty_or_not_table_shaped", "event": "skip", "correlation_id": "01KTYSKK37PE7M8XDH29705J4P", "query_preview": "What are the two main categories where modern processors spend power, according ", "level": "info", "timestamp": "2026-06-12T20:51:01.950868Z"}
{"node": "assess", "reranked_count": 5, "event": "start", "correlation_id": "01KTYSKK37PE7M8XDH29705J4P", "query_preview": "What are the two main categories where modern processors spend power, according ", "level": "info", "timestamp": "2026-06-12T20:51:01.951569Z"}
{"prompt_tag": "assess_sufficiency@v4", "schema": "SufficiencyAssessment", "model": "cyankiwi/Qwen3.5-4B-AWQ-4bit", "max_tokens": 1024, "temperature": 0.1, "top_p": 0.8, "presence_penalty": 1.0, "seed": 42, "message_count": 1, "event": "model_call.start", "correlation_id": "01KTYSKK37PE7M8XDH29705J4P", "query_preview": "What are the two main categories where modern processors spend power, according ", "level": "info", "timestamp": "2026-06-12T20:51:01.953481Z"}
Authentication error: Langfuse client initialized without public_key. Client will be disabled. Provide a public_key parameter or set LANGFUSE_PUBLIC_KEY environment variable. 
{"prompt_tag": "assess_sufficiency@v4", "schema": "SufficiencyAssessment", "tokens": 1279, "event": "model_call.done", "correlation_id": "01KTYSKK37PE7M8XDH29705J4P", "query_preview": "What are the two main categories where modern processors spend power, according ", "level": "info", "timestamp": "2026-06-12T20:51:02.892549Z"}
{"node": "answer", "regenerate_attempt": 0, "event": "start", "correlation_id": "01KTYSKK37PE7M8XDH29705J4P", "query_preview": "What are the two main categories where modern processors spend power, according ", "level": "info", "timestamp": "2026-06-12T20:51:02.894302Z"}
{"prompt_tag": "answer@v5", "schema": "DraftAnswer", "model": "cyankiwi/Qwen3.5-4B-AWQ-4bit", "max_tokens": 1800, "temperature": 0.1, "top_p": 0.8, "presence_penalty": 1.0, "seed": 42, "message_count": 2, "event": "model_call.start", "correlation_id": "01KTYSKK37PE7M8XDH29705J4P", "query_preview": "What are the two main categories where modern processors spend power, according ", "level": "info", "timestamp": "2026-06-12T20:51:02.896290Z"}
Authentication error: Langfuse client initialized without public_key. Client will be disabled. Provide a public_key parameter or set LANGFUSE_PUBLIC_KEY environment variable. 
{"prompt_tag": "answer@v5", "schema": "DraftAnswer", "tokens": 2883, "event": "model_call.done", "correlation_id": "01KTYSKK37PE7M8XDH29705J4P", "query_preview": "What are the two main categories where modern processors spend power, according ", "level": "info", "timestamp": "2026-06-12T20:51:04.200865Z"}
{"node": "verify", "claim_count": 1, "event": "start", "correlation_id": "01KTYSKK37PE7M8XDH29705J4P", "query_preview": "What are the two main categories where modern processors spend power, according ", "level": "info", "timestamp": "2026-06-12T20:51:04.201958Z"}
{"prompt_tag": "verify_grounding@v2", "schema": "VerificationResult", "model": "cyankiwi/Qwen3.5-4B-AWQ-4bit", "max_tokens": 1024, "temperature": 0.1, "top_p": 0.8, "presence_penalty": 1.0, "seed": 42, "message_count": 1, "event": "model_call.start", "correlation_id": "01KTYSKK37PE7M8XDH29705J4P", "query_preview": "What are the two main categories where modern processors spend power, according ", "level": "info", "timestamp": "2026-06-12T20:51:04.205097Z"}
Authentication error: Langfuse client initialized without public_key. Client will be disabled. Provide a public_key parameter or set LANGFUSE_PUBLIC_KEY environment variable. 
{"prompt_tag": "verify_grounding@v2", "schema": "VerificationResult", "tokens": 1168, "event": "model_call.done", "correlation_id": "01KTYSKK37PE7M8XDH29705J4P", "query_preview": "What are the two main categories where modern processors spend power, according ", "level": "info", "timestamp": "2026-06-12T20:51:04.566837Z"}
{"node": "assess_relevance", "event": "start", "correlation_id": "01KTYSKK37PE7M8XDH29705J4P", "query_preview": "What are the two main categories where modern processors spend power, according ", "level": "info", "timestamp": "2026-06-12T20:51:04.568434Z"}
{"prompt_tag": "assess_relevance@v3", "schema": "RelevanceAssessment", "model": "cyankiwi/Qwen3.5-4B-AWQ-4bit", "max_tokens": 1024, "temperature": 0.1, "top_p": 0.8, "presence_penalty": 1.0, "seed": 42, "message_count": 1, "event": "model_call.start", "correlation_id": "01KTYSKK37PE7M8XDH29705J4P", "query_preview": "What are the two main categories where modern processors spend power, according ", "level": "info", "timestamp": "2026-06-12T20:51:04.569443Z"}
Authentication error: Langfuse client initialized without public_key. Client will be disabled. Provide a public_key parameter or set LANGFUSE_PUBLIC_KEY environment variable. 
{"prompt_tag": "assess_relevance@v3", "schema": "RelevanceAssessment", "tokens": 829, "event": "model_call.done", "correlation_id": "01KTYSKK37PE7M8XDH29705J4P", "query_preview": "What are the two main categories where modern processors spend power, according ", "level": "info", "timestamp": "2026-06-12T20:51:04.931675Z"}
{"node": "assess_relevance", "responsive": true, "event": "relevance", "correlation_id": "01KTYSKK37PE7M8XDH29705J4P", "query_preview": "What are the two main categories where modern processors spend power, according ", "level": "info", "timestamp": "2026-06-12T20:51:04.931731Z"}
{"node": "compose", "event": "start", "correlation_id": "01KTYSKK37PE7M8XDH29705J4P", "query_preview": "What are the two main categories where modern processors spend power, according ", "level": "info", "timestamp": "2026-06-12T20:51:04.932862Z"}
Authentication error: Langfuse client initialized without public_key. Client will be disabled. Provide a public_key parameter or set LANGFUSE_PUBLIC_KEY environment variable. 
{"node": "retrieve", "query_len": 84, "event": "start", "correlation_id": "01KTYSMHK571ZJEJ1S5VVWWPMK", "query_preview": "How does the power cost of floating point arithmetic scale with the mantissa len", "level": "info", "timestamp": "2026-06-12T20:51:04.934351Z"}
{"query_len": 84, "k": 50, "event": "hybrid.start", "correlation_id": "01KTYSMHK571ZJEJ1S5VVWWPMK", "query_preview": "How does the power cost of floating point arithmetic scale with the mantissa len", "level": "info", "timestamp": "2026-06-12T20:51:04.934389Z"}
{"query_len": 84, "k": 50, "dense": 50, "bm25": 0, "fused": 50, "term": false, "event": "hybrid.done", "correlation_id": "01KTYSMHK571ZJEJ1S5VVWWPMK", "query_preview": "How does the power cost of floating point arithmetic scale with the mantissa len", "level": "info", "timestamp": "2026-06-12T20:51:05.008535Z"}
{"node": "retrieve", "candidate_count": 50, "event": "done", "correlation_id": "01KTYSMHK571ZJEJ1S5VVWWPMK", "query_preview": "How does the power cost of floating point arithmetic scale with the mantissa len", "level": "info", "timestamp": "2026-06-12T20:51:05.009436Z"}
{"node": "expand_graph", "reason": "disabled_or_empty", "event": "skip", "correlation_id": "01KTYSMHK571ZJEJ1S5VVWWPMK", "query_preview": "How does the power cost of floating point arithmetic scale with the mantissa len", "level": "info", "timestamp": "2026-06-12T20:51:05.010692Z"}
{"node": "rerank", "candidate_count": 50, "event": "start", "correlation_id": "01KTYSMHK571ZJEJ1S5VVWWPMK", "query_preview": "How does the power cost of floating point arithmetic scale with the mantissa len", "level": "info", "timestamp": "2026-06-12T20:51:05.011157Z"}
{"node": "rerank", "top_k": 5, "source": "mode", "event": "top_k_resolved", "correlation_id": "01KTYSMHK571ZJEJ1S5VVWWPMK", "query_preview": "How does the power cost of floating point arithmetic scale with the mantissa len", "level": "info", "timestamp": "2026-06-12T20:51:05.011203Z"}
{"candidates": 50, "top_k": 5, "backend": "cross_encoder", "event": "rerank.start", "correlation_id": "01KTYSMHK571ZJEJ1S5VVWWPMK", "query_preview": "How does the power cost of floating point arithmetic scale with the mantissa len", "level": "info", "timestamp": "2026-06-12T20:51:05.011226Z"}
{"candidates": 50, "top_k": 5, "backend": "cross_encoder", "returned": 5, "event": "rerank.done", "correlation_id": "01KTYSMHK571ZJEJ1S5VVWWPMK", "query_preview": "How does the power cost of floating point arithmetic scale with the mantissa len", "level": "info", "timestamp": "2026-06-12T20:51:36.154093Z"}
{"node": "rerank", "reranked_count": 5, "event": "done", "correlation_id": "01KTYSMHK571ZJEJ1S5VVWWPMK", "query_preview": "How does the power cost of floating point arithmetic scale with the mantissa len", "level": "info", "timestamp": "2026-06-12T20:51:36.154185Z"}
{"node": "query_tables", "reason": "empty_or_not_table_shaped", "event": "skip", "correlation_id": "01KTYSMHK571ZJEJ1S5VVWWPMK", "query_preview": "How does the power cost of floating point arithmetic scale with the mantissa len", "level": "info", "timestamp": "2026-06-12T20:51:36.156182Z"}
{"node": "assess", "reranked_count": 5, "event": "start", "correlation_id": "01KTYSMHK571ZJEJ1S5VVWWPMK", "query_preview": "How does the power cost of floating point arithmetic scale with the mantissa len", "level": "info", "timestamp": "2026-06-12T20:51:36.157008Z"}
{"prompt_tag": "assess_sufficiency@v4", "schema": "SufficiencyAssessment", "model": "cyankiwi/Qwen3.5-4B-AWQ-4bit", "max_tokens": 1024, "temperature": 0.1, "top_p": 0.8, "presence_penalty": 1.0, "seed": 42, "message_count": 1, "event": "model_call.start", "correlation_id": "01KTYSMHK571ZJEJ1S5VVWWPMK", "query_preview": "How does the power cost of floating point arithmetic scale with the mantissa len", "level": "info", "timestamp": "2026-06-12T20:51:36.158904Z"}
Authentication error: Langfuse client initialized without public_key. Client will be disabled. Provide a public_key parameter or set LANGFUSE_PUBLIC_KEY environment variable. 
{"prompt_tag": "assess_sufficiency@v4", "schema": "SufficiencyAssessment", "tokens": 3350, "event": "model_call.done", "correlation_id": "01KTYSMHK571ZJEJ1S5VVWWPMK", "query_preview": "How does the power cost of floating point arithmetic scale with the mantissa len", "level": "info", "timestamp": "2026-06-12T20:51:37.157205Z"}
{"node": "answer", "regenerate_attempt": 0, "event": "start", "correlation_id": "01KTYSMHK571ZJEJ1S5VVWWPMK", "query_preview": "How does the power cost of floating point arithmetic scale with the mantissa len", "level": "info", "timestamp": "2026-06-12T20:51:37.158649Z"}
{"prompt_tag": "answer@v5", "schema": "DraftAnswer", "model": "cyankiwi/Qwen3.5-4B-AWQ-4bit", "max_tokens": 1800, "temperature": 0.1, "top_p": 0.8, "presence_penalty": 1.0, "seed": 42, "message_count": 2, "event": "model_call.start", "correlation_id": "01KTYSMHK571ZJEJ1S5VVWWPMK", "query_preview": "How does the power cost of floating point arithmetic scale with the mantissa len", "level": "info", "timestamp": "2026-06-12T20:51:37.161367Z"}
Authentication error: Langfuse client initialized without public_key. Client will be disabled. Provide a public_key parameter or set LANGFUSE_PUBLIC_KEY environment variable. 
{"prompt_tag": "answer@v5", "schema": "DraftAnswer", "tokens": 5002, "event": "model_call.done", "correlation_id": "01KTYSMHK571ZJEJ1S5VVWWPMK", "query_preview": "How does the power cost of floating point arithmetic scale with the mantissa len", "level": "info", "timestamp": "2026-06-12T20:51:38.965998Z"}
{"node": "verify", "claim_count": 1, "event": "start", "correlation_id": "01KTYSMHK571ZJEJ1S5VVWWPMK", "query_preview": "How does the power cost of floating point arithmetic scale with the mantissa len", "level": "info", "timestamp": "2026-06-12T20:51:38.966836Z"}
{"prompt_tag": "verify_grounding@v2", "schema": "VerificationResult", "model": "cyankiwi/Qwen3.5-4B-AWQ-4bit", "max_tokens": 1024, "temperature": 0.1, "top_p": 0.8, "presence_penalty": 1.0, "seed": 42, "message_count": 1, "event": "model_call.start", "correlation_id": "01KTYSMHK571ZJEJ1S5VVWWPMK", "query_preview": "How does the power cost of floating point arithmetic scale with the mantissa len", "level": "info", "timestamp": "2026-06-12T20:51:38.969944Z"}
Authentication error: Langfuse client initialized without public_key. Client will be disabled. Provide a public_key parameter or set LANGFUSE_PUBLIC_KEY environment variable. 
{"prompt_tag": "verify_grounding@v2", "schema": "VerificationResult", "tokens": 2042, "event": "model_call.done", "correlation_id": "01KTYSMHK571ZJEJ1S5VVWWPMK", "query_preview": "How does the power cost of floating point arithmetic scale with the mantissa len", "level": "info", "timestamp": "2026-06-12T20:51:39.460296Z"}
{"prompt_tag": "verify_grounding@v2", "schema": "VerificationResult", "model": "cyankiwi/Qwen3.5-4B-AWQ-4bit", "max_tokens": 1024, "temperature": 0.1, "top_p": 0.8, "presence_penalty": 1.0, "seed": 42, "message_count": 1, "event": "model_call.start", "correlation_id": "01KTYSMHK571ZJEJ1S5VVWWPMK", "query_preview": "How does the power cost of floating point arithmetic scale with the mantissa len", "level": "info", "timestamp": "2026-06-12T20:51:39.462319Z"}
Authentication error: Langfuse client initialized without public_key. Client will be disabled. Provide a public_key parameter or set LANGFUSE_PUBLIC_KEY environment variable. 
{"prompt_tag": "verify_grounding@v2", "schema": "VerificationResult", "tokens": 629, "event": "model_call.done", "correlation_id": "01KTYSMHK571ZJEJ1S5VVWWPMK", "query_preview": "How does the power cost of floating point arithmetic scale with the mantissa len", "level": "info", "timestamp": "2026-06-12T20:51:39.744048Z"}
{"prompt_tag": "verify_grounding@v2", "schema": "VerificationResult", "model": "cyankiwi/Qwen3.5-4B-AWQ-4bit", "max_tokens": 1024, "temperature": 0.1, "top_p": 0.8, "presence_penalty": 1.0, "seed": 42, "message_count": 1, "event": "model_call.start", "correlation_id": "01KTYSMHK571ZJEJ1S5VVWWPMK", "query_preview": "How does the power cost of floating point arithmetic scale with the mantissa len", "level": "info", "timestamp": "2026-06-12T20:51:39.746078Z"}
Authentication error: Langfuse client initialized without public_key. Client will be disabled. Provide a public_key parameter or set LANGFUSE_PUBLIC_KEY environment variable. 
{"prompt_tag": "verify_grounding@v2", "schema": "VerificationResult", "tokens": 844, "event": "model_call.done", "correlation_id": "01KTYSMHK571ZJEJ1S5VVWWPMK", "query_preview": "How does the power cost of floating point arithmetic scale with the mantissa len", "level": "info", "timestamp": "2026-06-12T20:51:40.058881Z"}
{"prompt_tag": "verify_grounding@v2", "schema": "VerificationResult", "model": "cyankiwi/Qwen3.5-4B-AWQ-4bit", "max_tokens": 1024, "temperature": 0.1, "top_p": 0.8, "presence_penalty": 1.0, "seed": 42, "message_count": 1, "event": "model_call.start", "correlation_id": "01KTYSMHK571ZJEJ1S5VVWWPMK", "query_preview": "How does the power cost of floating point arithmetic scale with the mantissa len", "level": "info", "timestamp": "2026-06-12T20:51:40.060846Z"}
Authentication error: Langfuse client initialized without public_key. Client will be disabled. Provide a public_key parameter or set LANGFUSE_PUBLIC_KEY environment variable. 
{"prompt_tag": "verify_grounding@v2", "schema": "VerificationResult", "tokens": 884, "event": "model_call.done", "correlation_id": "01KTYSMHK571ZJEJ1S5VVWWPMK", "query_preview": "How does the power cost of floating point arithmetic scale with the mantissa len", "level": "info", "timestamp": "2026-06-12T20:51:40.381646Z"}
{"prompt_tag": "verify_grounding@v2", "schema": "VerificationResult", "model": "cyankiwi/Qwen3.5-4B-AWQ-4bit", "max_tokens": 1024, "temperature": 0.1, "top_p": 0.8, "presence_penalty": 1.0, "seed": 42, "message_count": 1, "event": "model_call.start", "correlation_id": "01KTYSMHK571ZJEJ1S5VVWWPMK", "query_preview": "How does the power cost of floating point arithmetic scale with the mantissa len", "level": "info", "timestamp": "2026-06-12T20:51:40.383593Z"}
Authentication error: Langfuse client initialized without public_key. Client will be disabled. Provide a public_key parameter or set LANGFUSE_PUBLIC_KEY environment variable. 
{"prompt_tag": "verify_grounding@v2", "schema": "VerificationResult", "tokens": 701, "event": "model_call.done", "correlation_id": "01KTYSMHK571ZJEJ1S5VVWWPMK", "query_preview": "How does the power cost of floating point arithmetic scale with the mantissa len", "level": "info", "timestamp": "2026-06-12T20:51:40.676934Z"}
{"prompt_tag": "verify_grounding@v2", "schema": "VerificationResult", "model": "cyankiwi/Qwen3.5-4B-AWQ-4bit", "max_tokens": 1024, "temperature": 0.1, "top_p": 0.8, "presence_penalty": 1.0, "seed": 42, "message_count": 1, "event": "model_call.start", "correlation_id": "01KTYSMHK571ZJEJ1S5VVWWPMK", "query_preview": "How does the power cost of floating point arithmetic scale with the mantissa len", "level": "info", "timestamp": "2026-06-12T20:51:40.678864Z"}
Authentication error: Langfuse client initialized without public_key. Client will be disabled. Provide a public_key parameter or set LANGFUSE_PUBLIC_KEY environment variable. 
{"prompt_tag": "verify_grounding@v2", "schema": "VerificationResult", "tokens": 618, "event": "model_call.done", "correlation_id": "01KTYSMHK571ZJEJ1S5VVWWPMK", "query_preview": "How does the power cost of floating point arithmetic scale with the mantissa len", "level": "info", "timestamp": "2026-06-12T20:51:40.960106Z"}
{"node": "refuse", "event": "start", "correlation_id": "01KTYSMHK571ZJEJ1S5VVWWPMK", "query_preview": "How does the power cost of floating point arithmetic scale with the mantissa len", "level": "info", "timestamp": "2026-06-12T20:51:40.961322Z"}
Authentication error: Langfuse client initialized without public_key. Client will be disabled. Provide a public_key parameter or set LANGFUSE_PUBLIC_KEY environment variable. 
{"node": "retrieve", "query_len": 101, "event": "start", "correlation_id": "01KTYSNMS1K30A5ANJCVDEMM5P", "query_preview": "What changed about transistor density and power efficiency between 2004 and 2022", "level": "info", "timestamp": "2026-06-12T20:51:40.962882Z"}
{"query_len": 101, "k": 50, "event": "hybrid.start", "correlation_id": "01KTYSNMS1K30A5ANJCVDEMM5P", "query_preview": "What changed about transistor density and power efficiency between 2004 and 2022", "level": "info", "timestamp": "2026-06-12T20:51:40.962920Z"}
{"query_len": 101, "k": 50, "dense": 50, "bm25": 0, "fused": 50, "term": false, "event": "hybrid.done", "correlation_id": "01KTYSNMS1K30A5ANJCVDEMM5P", "query_preview": "What changed about transistor density and power efficiency between 2004 and 2022", "level": "info", "timestamp": "2026-06-12T20:51:41.034047Z"}
{"node": "retrieve", "candidate_count": 50, "event": "done", "correlation_id": "01KTYSNMS1K30A5ANJCVDEMM5P", "query_preview": "What changed about transistor density and power efficiency between 2004 and 2022", "level": "info", "timestamp": "2026-06-12T20:51:41.035000Z"}
{"node": "resolve_artifact_scope", "via": "none-singletoken-ambiguous", "arttype": "chart", "event": "no_scope", "correlation_id": "01KTYSNMS1K30A5ANJCVDEMM5P", "query_preview": "What changed about transistor density and power efficiency between 2004 and 2022", "level": "info", "timestamp": "2026-06-12T20:51:41.036867Z"}
{"node": "expand_graph", "reason": "disabled_or_empty", "event": "skip", "correlation_id": "01KTYSNMS1K30A5ANJCVDEMM5P", "query_preview": "What changed about transistor density and power efficiency between 2004 and 2022", "level": "info", "timestamp": "2026-06-12T20:51:41.037464Z"}
{"node": "rerank", "candidate_count": 50, "event": "start", "correlation_id": "01KTYSNMS1K30A5ANJCVDEMM5P", "query_preview": "What changed about transistor density and power efficiency between 2004 and 2022", "level": "info", "timestamp": "2026-06-12T20:51:41.037925Z"}
{"node": "rerank", "top_k": 5, "source": "mode", "event": "top_k_resolved", "correlation_id": "01KTYSNMS1K30A5ANJCVDEMM5P", "query_preview": "What changed about transistor density and power efficiency between 2004 and 2022", "level": "info", "timestamp": "2026-06-12T20:51:41.037970Z"}
{"candidates": 50, "top_k": 5, "backend": "cross_encoder", "event": "rerank.start", "correlation_id": "01KTYSNMS1K30A5ANJCVDEMM5P", "query_preview": "What changed about transistor density and power efficiency between 2004 and 2022", "level": "info", "timestamp": "2026-06-12T20:51:41.037993Z"}
{"candidates": 50, "top_k": 5, "backend": "cross_encoder", "returned": 5, "event": "rerank.done", "correlation_id": "01KTYSNMS1K30A5ANJCVDEMM5P", "query_preview": "What changed about transistor density and power efficiency between 2004 and 2022", "level": "info", "timestamp": "2026-06-12T20:52:22.510446Z"}
{"node": "rerank", "reranked_count": 5, "event": "done", "correlation_id": "01KTYSNMS1K30A5ANJCVDEMM5P", "query_preview": "What changed about transistor density and power efficiency between 2004 and 2022", "level": "info", "timestamp": "2026-06-12T20:52:22.510550Z"}
{"node": "query_tables", "reason": "empty_or_not_table_shaped", "event": "skip", "correlation_id": "01KTYSNMS1K30A5ANJCVDEMM5P", "query_preview": "What changed about transistor density and power efficiency between 2004 and 2022", "level": "info", "timestamp": "2026-06-12T20:52:22.512727Z"}
{"node": "assess", "reranked_count": 5, "event": "start", "correlation_id": "01KTYSNMS1K30A5ANJCVDEMM5P", "query_preview": "What changed about transistor density and power efficiency between 2004 and 2022", "level": "info", "timestamp": "2026-06-12T20:52:22.513530Z"}
{"prompt_tag": "assess_sufficiency@v4", "schema": "SufficiencyAssessment", "model": "cyankiwi/Qwen3.5-4B-AWQ-4bit", "max_tokens": 1024, "temperature": 0.1, "top_p": 0.8, "presence_penalty": 1.0, "seed": 42, "message_count": 1, "event": "model_call.start", "correlation_id": "01KTYSNMS1K30A5ANJCVDEMM5P", "query_preview": "What changed about transistor density and power efficiency between 2004 and 2022", "level": "info", "timestamp": "2026-06-12T20:52:22.515556Z"}
Authentication error: Langfuse client initialized without public_key. Client will be disabled. Provide a public_key parameter or set LANGFUSE_PUBLIC_KEY environment variable. 
{"prompt_tag": "assess_sufficiency@v4", "schema": "SufficiencyAssessment", "tokens": 2454, "event": "model_call.done", "correlation_id": "01KTYSNMS1K30A5ANJCVDEMM5P", "query_preview": "What changed about transistor density and power efficiency between 2004 and 2022", "level": "info", "timestamp": "2026-06-12T20:52:23.374251Z"}
{"node": "answer", "regenerate_attempt": 0, "event": "start", "correlation_id": "01KTYSNMS1K30A5ANJCVDEMM5P", "query_preview": "What changed about transistor density and power efficiency between 2004 and 2022", "level": "info", "timestamp": "2026-06-12T20:52:23.375492Z"}
{"prompt_tag": "answer@v5", "schema": "DraftAnswer", "model": "cyankiwi/Qwen3.5-4B-AWQ-4bit", "max_tokens": 1800, "temperature": 0.1, "top_p": 0.8, "presence_penalty": 1.0, "seed": 42, "message_count": 2, "event": "model_call.start", "correlation_id": "01KTYSNMS1K30A5ANJCVDEMM5P", "query_preview": "What changed about transistor density and power efficiency between 2004 and 2022", "level": "info", "timestamp": "2026-06-12T20:52:23.377412Z"}
Authentication error: Langfuse client initialized without public_key. Client will be disabled. Provide a public_key parameter or set LANGFUSE_PUBLIC_KEY environment variable. 
{"prompt_tag": "answer@v5", "schema": "DraftAnswer", "tokens": 4068, "event": "model_call.done", "correlation_id": "01KTYSNMS1K30A5ANJCVDEMM5P", "query_preview": "What changed about transistor density and power efficiency between 2004 and 2022", "level": "info", "timestamp": "2026-06-12T20:52:24.681024Z"}
{"node": "answer", "summary_head": "The chunks do not contain specific data about transistor density and power efficiency changes between 2004 and 2022 per ", "event": "answer.denial_reframe_retry", "correlation_id": "01KTYSNMS1K30A5ANJCVDEMM5P", "query_preview": "What changed about transistor density and power efficiency between 2004 and 2022", "level": "info", "timestamp": "2026-06-12T20:52:24.681112Z"}
{"prompt_tag": "answer@v5", "schema": "DraftAnswer", "model": "cyankiwi/Qwen3.5-4B-AWQ-4bit", "max_tokens": 1800, "temperature": 0.1, "top_p": 0.8, "presence_penalty": 1.0, "seed": 42, "message_count": 2, "event": "model_call.start", "correlation_id": "01KTYSNMS1K30A5ANJCVDEMM5P", "query_preview": "What changed about transistor density and power efficiency between 2004 and 2022", "level": "info", "timestamp": "2026-06-12T20:52:24.683504Z"}
Authentication error: Langfuse client initialized without public_key. Client will be disabled. Provide a public_key parameter or set LANGFUSE_PUBLIC_KEY environment variable. 
{"prompt_tag": "answer@v5", "schema": "DraftAnswer", "tokens": 4206, "event": "model_call.done", "correlation_id": "01KTYSNMS1K30A5ANJCVDEMM5P", "query_preview": "What changed about transistor density and power efficiency between 2004 and 2022", "level": "info", "timestamp": "2026-06-12T20:52:25.376459Z"}
{"node": "verify", "claim_count": 0, "event": "start", "correlation_id": "01KTYSNMS1K30A5ANJCVDEMM5P", "query_preview": "What changed about transistor density and power efficiency between 2004 and 2022", "level": "info", "timestamp": "2026-06-12T20:52:25.377452Z"}
{"node": "verify", "event": "empty_draft_shortcircuit", "correlation_id": "01KTYSNMS1K30A5ANJCVDEMM5P", "query_preview": "What changed about transistor density and power efficiency between 2004 and 2022", "level": "info", "timestamp": "2026-06-12T20:52:25.377496Z"}
{"node": "assess_relevance", "event": "start", "correlation_id": "01KTYSNMS1K30A5ANJCVDEMM5P", "query_preview": "What changed about transistor density and power efficiency between 2004 and 2022", "level": "info", "timestamp": "2026-06-12T20:52:25.378373Z"}
{"prompt_tag": "assess_relevance@v3", "schema": "RelevanceAssessment", "model": "cyankiwi/Qwen3.5-4B-AWQ-4bit", "max_tokens": 1024, "temperature": 0.1, "top_p": 0.8, "presence_penalty": 1.0, "seed": 42, "message_count": 1, "event": "model_call.start", "correlation_id": "01KTYSNMS1K30A5ANJCVDEMM5P", "query_preview": "What changed about transistor density and power efficiency between 2004 and 2022", "level": "info", "timestamp": "2026-06-12T20:52:25.379340Z"}
Authentication error: Langfuse client initialized without public_key. Client will be disabled. Provide a public_key parameter or set LANGFUSE_PUBLIC_KEY environment variable. 
{"prompt_tag": "assess_relevance@v3", "schema": "RelevanceAssessment", "tokens": 925, "event": "model_call.done", "correlation_id": "01KTYSNMS1K30A5ANJCVDEMM5P", "query_preview": "What changed about transistor density and power efficiency between 2004 and 2022", "level": "info", "timestamp": "2026-06-12T20:52:26.109862Z"}
{"node": "assess_relevance", "responsive": false, "event": "relevance", "correlation_id": "01KTYSNMS1K30A5ANJCVDEMM5P", "query_preview": "What changed about transistor density and power efficiency between 2004 and 2022", "level": "info", "timestamp": "2026-06-12T20:52:26.109941Z"}
{"node": "refuse", "event": "start", "correlation_id": "01KTYSNMS1K30A5ANJCVDEMM5P", "query_preview": "What changed about transistor density and power efficiency between 2004 and 2022", "level": "info", "timestamp": "2026-06-12T20:52:26.111040Z"}
Authentication error: Langfuse client initialized without public_key. Client will be disabled. Provide a public_key parameter or set LANGFUSE_PUBLIC_KEY environment variable. 
{"node": "retrieve", "query_len": 77, "event": "start", "correlation_id": "01KTYSQ0VZ328342ZAENKPDXGZ", "query_preview": "Why is data movement a key concern for power efficiency in modern processors?", "level": "info", "timestamp": "2026-06-12T20:52:26.112490Z"}
{"query_len": 77, "k": 50, "event": "hybrid.start", "correlation_id": "01KTYSQ0VZ328342ZAENKPDXGZ", "query_preview": "Why is data movement a key concern for power efficiency in modern processors?", "level": "info", "timestamp": "2026-06-12T20:52:26.112527Z"}
{"query_len": 77, "k": 50, "dense": 50, "bm25": 0, "fused": 50, "term": false, "event": "hybrid.done", "correlation_id": "01KTYSQ0VZ328342ZAENKPDXGZ", "query_preview": "Why is data movement a key concern for power efficiency in modern processors?", "level": "info", "timestamp": "2026-06-12T20:52:26.195646Z"}
{"node": "retrieve", "candidate_count": 50, "event": "done", "correlation_id": "01KTYSQ0VZ328342ZAENKPDXGZ", "query_preview": "Why is data movement a key concern for power efficiency in modern processors?", "level": "info", "timestamp": "2026-06-12T20:52:26.196994Z"}
{"node": "expand_graph", "reason": "disabled_or_empty", "event": "skip", "correlation_id": "01KTYSQ0VZ328342ZAENKPDXGZ", "query_preview": "Why is data movement a key concern for power efficiency in modern processors?", "level": "info", "timestamp": "2026-06-12T20:52:26.198600Z"}
{"node": "rerank", "candidate_count": 50, "event": "start", "correlation_id": "01KTYSQ0VZ328342ZAENKPDXGZ", "query_preview": "Why is data movement a key concern for power efficiency in modern processors?", "level": "info", "timestamp": "2026-06-12T20:52:26.199085Z"}
{"node": "rerank", "top_k": 5, "source": "mode", "event": "top_k_resolved", "correlation_id": "01KTYSQ0VZ328342ZAENKPDXGZ", "query_preview": "Why is data movement a key concern for power efficiency in modern processors?", "level": "info", "timestamp": "2026-06-12T20:52:26.199135Z"}
{"candidates": 50, "top_k": 5, "backend": "cross_encoder", "event": "rerank.start", "correlation_id": "01KTYSQ0VZ328342ZAENKPDXGZ", "query_preview": "Why is data movement a key concern for power efficiency in modern processors?", "level": "info", "timestamp": "2026-06-12T20:52:26.199159Z"}
{"candidates": 50, "top_k": 5, "backend": "cross_encoder", "returned": 5, "event": "rerank.done", "correlation_id": "01KTYSQ0VZ328342ZAENKPDXGZ", "query_preview": "Why is data movement a key concern for power efficiency in modern processors?", "level": "info", "timestamp": "2026-06-12T20:52:51.856585Z"}
{"node": "rerank", "reranked_count": 5, "event": "done", "correlation_id": "01KTYSQ0VZ328342ZAENKPDXGZ", "query_preview": "Why is data movement a key concern for power efficiency in modern processors?", "level": "info", "timestamp": "2026-06-12T20:52:51.856681Z"}
{"node": "query_tables", "reason": "empty_or_not_table_shaped", "event": "skip", "correlation_id": "01KTYSQ0VZ328342ZAENKPDXGZ", "query_preview": "Why is data movement a key concern for power efficiency in modern processors?", "level": "info", "timestamp": "2026-06-12T20:52:51.858395Z"}
{"node": "assess", "reranked_count": 5, "event": "start", "correlation_id": "01KTYSQ0VZ328342ZAENKPDXGZ", "query_preview": "Why is data movement a key concern for power efficiency in modern processors?", "level": "info", "timestamp": "2026-06-12T20:52:51.859085Z"}
{"prompt_tag": "assess_sufficiency@v4", "schema": "SufficiencyAssessment", "model": "cyankiwi/Qwen3.5-4B-AWQ-4bit", "max_tokens": 1024, "temperature": 0.1, "top_p": 0.8, "presence_penalty": 1.0, "seed": 42, "message_count": 1, "event": "model_call.start", "correlation_id": "01KTYSQ0VZ328342ZAENKPDXGZ", "query_preview": "Why is data movement a key concern for power efficiency in modern processors?", "level": "info", "timestamp": "2026-06-12T20:52:51.860975Z"}
Authentication error: Langfuse client initialized without public_key. Client will be disabled. Provide a public_key parameter or set LANGFUSE_PUBLIC_KEY environment variable. 
{"prompt_tag": "assess_sufficiency@v4", "schema": "SufficiencyAssessment", "tokens": 1996, "event": "model_call.done", "correlation_id": "01KTYSQ0VZ328342ZAENKPDXGZ", "query_preview": "Why is data movement a key concern for power efficiency in modern processors?", "level": "info", "timestamp": "2026-06-12T20:52:52.578160Z"}
{"node": "answer", "regenerate_attempt": 0, "event": "start", "correlation_id": "01KTYSQ0VZ328342ZAENKPDXGZ", "query_preview": "Why is data movement a key concern for power efficiency in modern processors?", "level": "info", "timestamp": "2026-06-12T20:52:52.579322Z"}
{"prompt_tag": "answer@v5", "schema": "DraftAnswer", "model": "cyankiwi/Qwen3.5-4B-AWQ-4bit", "max_tokens": 1800, "temperature": 0.1, "top_p": 0.8, "presence_penalty": 1.0, "seed": 42, "message_count": 2, "event": "model_call.start", "correlation_id": "01KTYSQ0VZ328342ZAENKPDXGZ", "query_preview": "Why is data movement a key concern for power efficiency in modern processors?", "level": "info", "timestamp": "2026-06-12T20:52:52.581366Z"}
Authentication error: Langfuse client initialized without public_key. Client will be disabled. Provide a public_key parameter or set LANGFUSE_PUBLIC_KEY environment variable. 
{"prompt_tag": "answer@v5", "schema": "DraftAnswer", "tokens": 3563, "event": "model_call.done", "correlation_id": "01KTYSQ0VZ328342ZAENKPDXGZ", "query_preview": "Why is data movement a key concern for power efficiency in modern processors?", "level": "info", "timestamp": "2026-06-12T20:52:53.336905Z"}
{"node": "verify", "claim_count": 0, "event": "start", "correlation_id": "01KTYSQ0VZ328342ZAENKPDXGZ", "query_preview": "Why is data movement a key concern for power efficiency in modern processors?", "level": "info", "timestamp": "2026-06-12T20:52:53.337834Z"}
{"node": "verify", "event": "empty_draft_shortcircuit", "correlation_id": "01KTYSQ0VZ328342ZAENKPDXGZ", "query_preview": "Why is data movement a key concern for power efficiency in modern processors?", "level": "info", "timestamp": "2026-06-12T20:52:53.337883Z"}
{"node": "assess_relevance", "event": "start", "correlation_id": "01KTYSQ0VZ328342ZAENKPDXGZ", "query_preview": "Why is data movement a key concern for power efficiency in modern processors?", "level": "info", "timestamp": "2026-06-12T20:52:53.338687Z"}
{"prompt_tag": "assess_relevance@v3", "schema": "RelevanceAssessment", "model": "cyankiwi/Qwen3.5-4B-AWQ-4bit", "max_tokens": 1024, "temperature": 0.1, "top_p": 0.8, "presence_penalty": 1.0, "seed": 42, "message_count": 1, "event": "model_call.start", "correlation_id": "01KTYSQ0VZ328342ZAENKPDXGZ", "query_preview": "Why is data movement a key concern for power efficiency in modern processors?", "level": "info", "timestamp": "2026-06-12T20:52:53.339665Z"}
Authentication error: Langfuse client initialized without public_key. Client will be disabled. Provide a public_key parameter or set LANGFUSE_PUBLIC_KEY environment variable. 
{"prompt_tag": "assess_relevance@v3", "schema": "RelevanceAssessment", "tokens": 838, "event": "model_call.done", "correlation_id": "01KTYSQ0VZ328342ZAENKPDXGZ", "query_preview": "Why is data movement a key concern for power efficiency in modern processors?", "level": "info", "timestamp": "2026-06-12T20:52:53.806044Z"}
{"node": "assess_relevance", "responsive": false, "event": "relevance", "correlation_id": "01KTYSQ0VZ328342ZAENKPDXGZ", "query_preview": "Why is data movement a key concern for power efficiency in modern processors?", "level": "info", "timestamp": "2026-06-12T20:52:53.806114Z"}
{"node": "refuse", "event": "start", "correlation_id": "01KTYSQ0VZ328342ZAENKPDXGZ", "query_preview": "Why is data movement a key concern for power efficiency in modern processors?", "level": "info", "timestamp": "2026-06-12T20:52:53.807179Z"}
Authentication error: Langfuse client initialized without public_key. Client will be disabled. Provide a public_key parameter or set LANGFUSE_PUBLIC_KEY environment variable. 
{"node": "retrieve", "query_len": 89, "event": "start", "correlation_id": "01KTYSQVXF0HVP54CVB8TF65JN", "query_preview": "What is the energy cost of FP8 tensor core matrix multiplication relative to an ", "level": "info", "timestamp": "2026-06-12T20:52:53.808942Z"}
{"query_len": 89, "k": 50, "event": "hybrid.start", "correlation_id": "01KTYSQVXF0HVP54CVB8TF65JN", "query_preview": "What is the energy cost of FP8 tensor core matrix multiplication relative to an ", "level": "info", "timestamp": "2026-06-12T20:52:53.808999Z"}
{"query_len": 89, "k": 50, "dense": 50, "bm25": 0, "fused": 50, "term": false, "event": "hybrid.done", "correlation_id": "01KTYSQVXF0HVP54CVB8TF65JN", "query_preview": "What is the energy cost of FP8 tensor core matrix multiplication relative to an ", "level": "info", "timestamp": "2026-06-12T20:52:53.876241Z"}
{"node": "retrieve", "candidate_count": 50, "event": "done", "correlation_id": "01KTYSQVXF0HVP54CVB8TF65JN", "query_preview": "What is the energy cost of FP8 tensor core matrix multiplication relative to an ", "level": "info", "timestamp": "2026-06-12T20:52:53.877278Z"}
{"node": "expand_graph", "reason": "disabled_or_empty", "event": "skip", "correlation_id": "01KTYSQVXF0HVP54CVB8TF65JN", "query_preview": "What is the energy cost of FP8 tensor core matrix multiplication relative to an ", "level": "info", "timestamp": "2026-06-12T20:52:53.879010Z"}
{"node": "rerank", "candidate_count": 50, "event": "start", "correlation_id": "01KTYSQVXF0HVP54CVB8TF65JN", "query_preview": "What is the energy cost of FP8 tensor core matrix multiplication relative to an ", "level": "info", "timestamp": "2026-06-12T20:52:53.879707Z"}
{"node": "rerank", "top_k": 5, "source": "mode", "event": "top_k_resolved", "correlation_id": "01KTYSQVXF0HVP54CVB8TF65JN", "query_preview": "What is the energy cost of FP8 tensor core matrix multiplication relative to an ", "level": "info", "timestamp": "2026-06-12T20:52:53.879763Z"}
{"candidates": 50, "top_k": 5, "backend": "cross_encoder", "event": "rerank.start", "correlation_id": "01KTYSQVXF0HVP54CVB8TF65JN", "query_preview": "What is the energy cost of FP8 tensor core matrix multiplication relative to an ", "level": "info", "timestamp": "2026-06-12T20:52:53.879788Z"}
{"candidates": 50, "top_k": 5, "backend": "cross_encoder", "returned": 5, "event": "rerank.done", "correlation_id": "01KTYSQVXF0HVP54CVB8TF65JN", "query_preview": "What is the energy cost of FP8 tensor core matrix multiplication relative to an ", "level": "info", "timestamp": "2026-06-12T20:53:20.015050Z"}
{"node": "rerank", "reranked_count": 5, "event": "done", "correlation_id": "01KTYSQVXF0HVP54CVB8TF65JN", "query_preview": "What is the energy cost of FP8 tensor core matrix multiplication relative to an ", "level": "info", "timestamp": "2026-06-12T20:53:20.015151Z"}
{"node": "query_tables", "reason": "empty_or_not_table_shaped", "event": "skip", "correlation_id": "01KTYSQVXF0HVP54CVB8TF65JN", "query_preview": "What is the energy cost of FP8 tensor core matrix multiplication relative to an ", "level": "info", "timestamp": "2026-06-12T20:53:20.016875Z"}
{"node": "assess", "reranked_count": 5, "event": "start", "correlation_id": "01KTYSQVXF0HVP54CVB8TF65JN", "query_preview": "What is the energy cost of FP8 tensor core matrix multiplication relative to an ", "level": "info", "timestamp": "2026-06-12T20:53:20.017555Z"}
{"prompt_tag": "assess_sufficiency@v4", "schema": "SufficiencyAssessment", "model": "cyankiwi/Qwen3.5-4B-AWQ-4bit", "max_tokens": 1024, "temperature": 0.1, "top_p": 0.8, "presence_penalty": 1.0, "seed": 42, "message_count": 1, "event": "model_call.start", "correlation_id": "01KTYSQVXF0HVP54CVB8TF65JN", "query_preview": "What is the energy cost of FP8 tensor core matrix multiplication relative to an ", "level": "info", "timestamp": "2026-06-12T20:53:20.019519Z"}
Authentication error: Langfuse client initialized without public_key. Client will be disabled. Provide a public_key parameter or set LANGFUSE_PUBLIC_KEY environment variable. 
{"prompt_tag": "assess_sufficiency@v4", "schema": "SufficiencyAssessment", "tokens": 3379, "event": "model_call.done", "correlation_id": "01KTYSQVXF0HVP54CVB8TF65JN", "query_preview": "What is the energy cost of FP8 tensor core matrix multiplication relative to an ", "level": "info", "timestamp": "2026-06-12T20:53:20.977835Z"}
{"node": "answer", "regenerate_attempt": 0, "event": "start", "correlation_id": "01KTYSQVXF0HVP54CVB8TF65JN", "query_preview": "What is the energy cost of FP8 tensor core matrix multiplication relative to an ", "level": "info", "timestamp": "2026-06-12T20:53:20.978952Z"}
{"prompt_tag": "answer@v5", "schema": "DraftAnswer", "model": "cyankiwi/Qwen3.5-4B-AWQ-4bit", "max_tokens": 1800, "temperature": 0.1, "top_p": 0.8, "presence_penalty": 1.0, "seed": 42, "message_count": 2, "event": "model_call.start", "correlation_id": "01KTYSQVXF0HVP54CVB8TF65JN", "query_preview": "What is the energy cost of FP8 tensor core matrix multiplication relative to an ", "level": "info", "timestamp": "2026-06-12T20:53:20.980991Z"}
Authentication error: Langfuse client initialized without public_key. Client will be disabled. Provide a public_key parameter or set LANGFUSE_PUBLIC_KEY environment variable. 
{"prompt_tag": "answer@v5", "schema": "DraftAnswer", "tokens": 5052, "event": "model_call.done", "correlation_id": "01KTYSQVXF0HVP54CVB8TF65JN", "query_preview": "What is the energy cost of FP8 tensor core matrix multiplication relative to an ", "level": "info", "timestamp": "2026-06-12T20:53:22.938370Z"}
{"node": "answer", "exact": 0, "suffix": 0, "fuzzy": 1, "unresolved": 0, "event": "chunk_id_repair", "correlation_id": "01KTYSQVXF0HVP54CVB8TF65JN", "query_preview": "What is the energy cost of FP8 tensor core matrix multiplication relative to an ", "level": "info", "timestamp": "2026-06-12T20:53:22.938503Z"}
{"node": "verify", "claim_count": 1, "event": "start", "correlation_id": "01KTYSQVXF0HVP54CVB8TF65JN", "query_preview": "What is the energy cost of FP8 tensor core matrix multiplication relative to an ", "level": "info", "timestamp": "2026-06-12T20:53:22.939424Z"}
{"prompt_tag": "verify_grounding@v2", "schema": "VerificationResult", "model": "cyankiwi/Qwen3.5-4B-AWQ-4bit", "max_tokens": 1024, "temperature": 0.1, "top_p": 0.8, "presence_penalty": 1.0, "seed": 42, "message_count": 1, "event": "model_call.start", "correlation_id": "01KTYSQVXF0HVP54CVB8TF65JN", "query_preview": "What is the energy cost of FP8 tensor core matrix multiplication relative to an ", "level": "info", "timestamp": "2026-06-12T20:53:22.942533Z"}
Authentication error: Langfuse client initialized without public_key. Client will be disabled. Provide a public_key parameter or set LANGFUSE_PUBLIC_KEY environment variable. 
{"prompt_tag": "verify_grounding@v2", "schema": "VerificationResult", "tokens": 2221, "event": "model_call.done", "correlation_id": "01KTYSQVXF0HVP54CVB8TF65JN", "query_preview": "What is the energy cost of FP8 tensor core matrix multiplication relative to an ", "level": "info", "timestamp": "2026-06-12T20:53:23.466632Z"}
{"node": "assess_relevance", "event": "start", "correlation_id": "01KTYSQVXF0HVP54CVB8TF65JN", "query_preview": "What is the energy cost of FP8 tensor core matrix multiplication relative to an ", "level": "info", "timestamp": "2026-06-12T20:53:23.467782Z"}
{"prompt_tag": "assess_relevance@v3", "schema": "RelevanceAssessment", "model": "cyankiwi/Qwen3.5-4B-AWQ-4bit", "max_tokens": 1024, "temperature": 0.1, "top_p": 0.8, "presence_penalty": 1.0, "seed": 42, "message_count": 1, "event": "model_call.start", "correlation_id": "01KTYSQVXF0HVP54CVB8TF65JN", "query_preview": "What is the energy cost of FP8 tensor core matrix multiplication relative to an ", "level": "info", "timestamp": "2026-06-12T20:53:23.468818Z"}
Authentication error: Langfuse client initialized without public_key. Client will be disabled. Provide a public_key parameter or set LANGFUSE_PUBLIC_KEY environment variable. 
{"prompt_tag": "assess_relevance@v3", "schema": "RelevanceAssessment", "tokens": 877, "event": "model_call.done", "correlation_id": "01KTYSQVXF0HVP54CVB8TF65JN", "query_preview": "What is the energy cost of FP8 tensor core matrix multiplication relative to an ", "level": "info", "timestamp": "2026-06-12T20:53:23.932919Z"}
{"node": "assess_relevance", "responsive": true, "event": "relevance", "correlation_id": "01KTYSQVXF0HVP54CVB8TF65JN", "query_preview": "What is the energy cost of FP8 tensor core matrix multiplication relative to an ", "level": "info", "timestamp": "2026-06-12T20:53:23.932986Z"}
{"node": "compose", "event": "start", "correlation_id": "01KTYSQVXF0HVP54CVB8TF65JN", "query_preview": "What is the energy cost of FP8 tensor core matrix multiplication relative to an ", "level": "info", "timestamp": "2026-06-12T20:53:23.934330Z"}
Authentication error: Langfuse client initialized without public_key. Client will be disabled. Provide a public_key parameter or set LANGFUSE_PUBLIC_KEY environment variable. 
{"node": "retrieve", "query_len": 69, "event": "start", "correlation_id": "01KTYSRSAYGNCG1PSGCVWWPQJ7", "query_preview": "Which floating-point format has a 5-bit exponent and 10-bit mantissa?", "level": "info", "timestamp": "2026-06-12T20:53:23.935801Z"}
{"query_len": 69, "k": 50, "event": "hybrid.start", "correlation_id": "01KTYSRSAYGNCG1PSGCVWWPQJ7", "query_preview": "Which floating-point format has a 5-bit exponent and 10-bit mantissa?", "level": "info", "timestamp": "2026-06-12T20:53:23.935842Z"}
{"query_len": 69, "k": 50, "dense": 50, "bm25": 0, "fused": 50, "term": false, "event": "hybrid.done", "correlation_id": "01KTYSRSAYGNCG1PSGCVWWPQJ7", "query_preview": "Which floating-point format has a 5-bit exponent and 10-bit mantissa?", "level": "info", "timestamp": "2026-06-12T20:53:24.011496Z"}
{"node": "retrieve", "candidate_count": 50, "event": "done", "correlation_id": "01KTYSRSAYGNCG1PSGCVWWPQJ7", "query_preview": "Which floating-point format has a 5-bit exponent and 10-bit mantissa?", "level": "info", "timestamp": "2026-06-12T20:53:24.012442Z"}
{"node": "expand_graph", "reason": "disabled_or_empty", "event": "skip", "correlation_id": "01KTYSRSAYGNCG1PSGCVWWPQJ7", "query_preview": "Which floating-point format has a 5-bit exponent and 10-bit mantissa?", "level": "info", "timestamp": "2026-06-12T20:53:24.013727Z"}
{"node": "rerank", "candidate_count": 50, "event": "start", "correlation_id": "01KTYSRSAYGNCG1PSGCVWWPQJ7", "query_preview": "Which floating-point format has a 5-bit exponent and 10-bit mantissa?", "level": "info", "timestamp": "2026-06-12T20:53:24.014238Z"}
{"node": "rerank", "top_k": 5, "source": "mode", "event": "top_k_resolved", "correlation_id": "01KTYSRSAYGNCG1PSGCVWWPQJ7", "query_preview": "Which floating-point format has a 5-bit exponent and 10-bit mantissa?", "level": "info", "timestamp": "2026-06-12T20:53:24.014289Z"}
{"candidates": 50, "top_k": 5, "backend": "cross_encoder", "event": "rerank.start", "correlation_id": "01KTYSRSAYGNCG1PSGCVWWPQJ7", "query_preview": "Which floating-point format has a 5-bit exponent and 10-bit mantissa?", "level": "info", "timestamp": "2026-06-12T20:53:24.014312Z"}
{"candidates": 50, "top_k": 5, "backend": "cross_encoder", "returned": 5, "event": "rerank.done", "correlation_id": "01KTYSRSAYGNCG1PSGCVWWPQJ7", "query_preview": "Which floating-point format has a 5-bit exponent and 10-bit mantissa?", "level": "info", "timestamp": "2026-06-12T20:53:50.521101Z"}
{"node": "rerank", "reranked_count": 5, "event": "done", "correlation_id": "01KTYSRSAYGNCG1PSGCVWWPQJ7", "query_preview": "Which floating-point format has a 5-bit exponent and 10-bit mantissa?", "level": "info", "timestamp": "2026-06-12T20:53:50.521198Z"}
{"node": "query_tables", "reason": "empty_or_not_table_shaped", "event": "skip", "correlation_id": "01KTYSRSAYGNCG1PSGCVWWPQJ7", "query_preview": "Which floating-point format has a 5-bit exponent and 10-bit mantissa?", "level": "info", "timestamp": "2026-06-12T20:53:50.522962Z"}
{"node": "assess", "reranked_count": 5, "event": "start", "correlation_id": "01KTYSRSAYGNCG1PSGCVWWPQJ7", "query_preview": "Which floating-point format has a 5-bit exponent and 10-bit mantissa?", "level": "info", "timestamp": "2026-06-12T20:53:50.523674Z"}
{"prompt_tag": "assess_sufficiency@v4", "schema": "SufficiencyAssessment", "model": "cyankiwi/Qwen3.5-4B-AWQ-4bit", "max_tokens": 1024, "temperature": 0.1, "top_p": 0.8, "presence_penalty": 1.0, "seed": 42, "message_count": 1, "event": "model_call.start", "correlation_id": "01KTYSRSAYGNCG1PSGCVWWPQJ7", "query_preview": "Which floating-point format has a 5-bit exponent and 10-bit mantissa?", "level": "info", "timestamp": "2026-06-12T20:53:50.525604Z"}
Authentication error: Langfuse client initialized without public_key. Client will be disabled. Provide a public_key parameter or set LANGFUSE_PUBLIC_KEY environment variable. 
{"prompt_tag": "assess_sufficiency@v4", "schema": "SufficiencyAssessment", "tokens": 3446, "event": "model_call.done", "correlation_id": "01KTYSRSAYGNCG1PSGCVWWPQJ7", "query_preview": "Which floating-point format has a 5-bit exponent and 10-bit mantissa?", "level": "info", "timestamp": "2026-06-12T20:53:51.584448Z"}
{"node": "answer", "regenerate_attempt": 0, "event": "start", "correlation_id": "01KTYSRSAYGNCG1PSGCVWWPQJ7", "query_preview": "Which floating-point format has a 5-bit exponent and 10-bit mantissa?", "level": "info", "timestamp": "2026-06-12T20:53:51.585852Z"}
{"prompt_tag": "answer@v5", "schema": "DraftAnswer", "model": "cyankiwi/Qwen3.5-4B-AWQ-4bit", "max_tokens": 1800, "temperature": 0.1, "top_p": 0.8, "presence_penalty": 1.0, "seed": 42, "message_count": 2, "event": "model_call.start", "correlation_id": "01KTYSRSAYGNCG1PSGCVWWPQJ7", "query_preview": "Which floating-point format has a 5-bit exponent and 10-bit mantissa?", "level": "info", "timestamp": "2026-06-12T20:53:51.587825Z"}
Authentication error: Langfuse client initialized without public_key. Client will be disabled. Provide a public_key parameter or set LANGFUSE_PUBLIC_KEY environment variable. 
{"prompt_tag": "answer@v5", "schema": "DraftAnswer", "tokens": 5126, "event": "model_call.done", "correlation_id": "01KTYSRSAYGNCG1PSGCVWWPQJ7", "query_preview": "Which floating-point format has a 5-bit exponent and 10-bit mantissa?", "level": "info", "timestamp": "2026-06-12T20:53:53.707109Z"}
{"node": "verify", "claim_count": 1, "event": "start", "correlation_id": "01KTYSRSAYGNCG1PSGCVWWPQJ7", "query_preview": "Which floating-point format has a 5-bit exponent and 10-bit mantissa?", "level": "info", "timestamp": "2026-06-12T20:53:53.708178Z"}
{"prompt_tag": "verify_grounding@v2", "schema": "VerificationResult", "model": "cyankiwi/Qwen3.5-4B-AWQ-4bit", "max_tokens": 1024, "temperature": 0.1, "top_p": 0.8, "presence_penalty": 1.0, "seed": 42, "message_count": 1, "event": "model_call.start", "correlation_id": "01KTYSRSAYGNCG1PSGCVWWPQJ7", "query_preview": "Which floating-point format has a 5-bit exponent and 10-bit mantissa?", "level": "info", "timestamp": "2026-06-12T20:53:53.711241Z"}
Authentication error: Langfuse client initialized without public_key. Client will be disabled. Provide a public_key parameter or set LANGFUSE_PUBLIC_KEY environment variable. 
{"prompt_tag": "verify_grounding@v2", "schema": "VerificationResult", "tokens": 2242, "event": "model_call.done", "correlation_id": "01KTYSRSAYGNCG1PSGCVWWPQJ7", "query_preview": "Which floating-point format has a 5-bit exponent and 10-bit mantissa?", "level": "info", "timestamp": "2026-06-12T20:53:54.237227Z"}
{"node": "assess_relevance", "event": "start", "correlation_id": "01KTYSRSAYGNCG1PSGCVWWPQJ7", "query_preview": "Which floating-point format has a 5-bit exponent and 10-bit mantissa?", "level": "info", "timestamp": "2026-06-12T20:53:54.238795Z"}
{"prompt_tag": "assess_relevance@v3", "schema": "RelevanceAssessment", "model": "cyankiwi/Qwen3.5-4B-AWQ-4bit", "max_tokens": 1024, "temperature": 0.1, "top_p": 0.8, "presence_penalty": 1.0, "seed": 42, "message_count": 1, "event": "model_call.start", "correlation_id": "01KTYSRSAYGNCG1PSGCVWWPQJ7", "query_preview": "Which floating-point format has a 5-bit exponent and 10-bit mantissa?", "level": "info", "timestamp": "2026-06-12T20:53:54.239796Z"}
Authentication error: Langfuse client initialized without public_key. Client will be disabled. Provide a public_key parameter or set LANGFUSE_PUBLIC_KEY environment variable. 
{"prompt_tag": "assess_relevance@v3", "schema": "RelevanceAssessment", "tokens": 897, "event": "model_call.done", "correlation_id": "01KTYSRSAYGNCG1PSGCVWWPQJ7", "query_preview": "Which floating-point format has a 5-bit exponent and 10-bit mantissa?", "level": "info", "timestamp": "2026-06-12T20:53:54.759188Z"}
{"node": "assess_relevance", "responsive": true, "event": "relevance", "correlation_id": "01KTYSRSAYGNCG1PSGCVWWPQJ7", "query_preview": "Which floating-point format has a 5-bit exponent and 10-bit mantissa?", "level": "info", "timestamp": "2026-06-12T20:53:54.759240Z"}
{"node": "compose", "event": "start", "correlation_id": "01KTYSRSAYGNCG1PSGCVWWPQJ7", "query_preview": "Which floating-point format has a 5-bit exponent and 10-bit mantissa?", "level": "info", "timestamp": "2026-06-12T20:53:54.760266Z"}
Authentication error: Langfuse client initialized without public_key. Client will be disabled. Provide a public_key parameter or set LANGFUSE_PUBLIC_KEY environment variable. 
{"node": "retrieve", "query_len": 41, "event": "start", "correlation_id": "01KTYSSQE8NK3NBW9G3N4PSTQB", "query_preview": "In what year did NVIDIA acquire Mellanox?", "level": "info", "timestamp": "2026-06-12T20:53:54.761663Z"}
{"query_len": 41, "k": 50, "event": "hybrid.start", "correlation_id": "01KTYSSQE8NK3NBW9G3N4PSTQB", "query_preview": "In what year did NVIDIA acquire Mellanox?", "level": "info", "timestamp": "2026-06-12T20:53:54.761699Z"}
{"query_len": 41, "k": 50, "dense": 50, "bm25": 0, "fused": 50, "term": false, "event": "hybrid.done", "correlation_id": "01KTYSSQE8NK3NBW9G3N4PSTQB", "query_preview": "In what year did NVIDIA acquire Mellanox?", "level": "info", "timestamp": "2026-06-12T20:53:54.827849Z"}
{"node": "retrieve", "candidate_count": 50, "event": "done", "correlation_id": "01KTYSSQE8NK3NBW9G3N4PSTQB", "query_preview": "In what year did NVIDIA acquire Mellanox?", "level": "info", "timestamp": "2026-06-12T20:53:54.828726Z"}
{"node": "expand_graph", "reason": "disabled_or_empty", "event": "skip", "correlation_id": "01KTYSSQE8NK3NBW9G3N4PSTQB", "query_preview": "In what year did NVIDIA acquire Mellanox?", "level": "info", "timestamp": "2026-06-12T20:53:54.830047Z"}
{"node": "rerank", "candidate_count": 50, "event": "start", "correlation_id": "01KTYSSQE8NK3NBW9G3N4PSTQB", "query_preview": "In what year did NVIDIA acquire Mellanox?", "level": "info", "timestamp": "2026-06-12T20:53:54.830534Z"}
{"node": "rerank", "top_k": 5, "source": "mode", "event": "top_k_resolved", "correlation_id": "01KTYSSQE8NK3NBW9G3N4PSTQB", "query_preview": "In what year did NVIDIA acquire Mellanox?", "level": "info", "timestamp": "2026-06-12T20:53:54.830581Z"}
{"candidates": 50, "top_k": 5, "backend": "cross_encoder", "event": "rerank.start", "correlation_id": "01KTYSSQE8NK3NBW9G3N4PSTQB", "query_preview": "In what year did NVIDIA acquire Mellanox?", "level": "info", "timestamp": "2026-06-12T20:53:54.830604Z"}
{"candidates": 50, "top_k": 5, "backend": "cross_encoder", "returned": 5, "event": "rerank.done", "correlation_id": "01KTYSSQE8NK3NBW9G3N4PSTQB", "query_preview": "In what year did NVIDIA acquire Mellanox?", "level": "info", "timestamp": "2026-06-12T20:54:42.952656Z"}
{"node": "rerank", "reranked_count": 5, "event": "done", "correlation_id": "01KTYSSQE8NK3NBW9G3N4PSTQB", "query_preview": "In what year did NVIDIA acquire Mellanox?", "level": "info", "timestamp": "2026-06-12T20:54:42.952759Z"}
{"node": "query_tables", "reason": "empty_or_not_table_shaped", "event": "skip", "correlation_id": "01KTYSSQE8NK3NBW9G3N4PSTQB", "query_preview": "In what year did NVIDIA acquire Mellanox?", "level": "info", "timestamp": "2026-06-12T20:54:42.954630Z"}
{"node": "assess", "reranked_count": 5, "event": "start", "correlation_id": "01KTYSSQE8NK3NBW9G3N4PSTQB", "query_preview": "In what year did NVIDIA acquire Mellanox?", "level": "info", "timestamp": "2026-06-12T20:54:42.955383Z"}
{"prompt_tag": "assess_sufficiency@v4", "schema": "SufficiencyAssessment", "model": "cyankiwi/Qwen3.5-4B-AWQ-4bit", "max_tokens": 1024, "temperature": 0.1, "top_p": 0.8, "presence_penalty": 1.0, "seed": 42, "message_count": 1, "event": "model_call.start", "correlation_id": "01KTYSSQE8NK3NBW9G3N4PSTQB", "query_preview": "In what year did NVIDIA acquire Mellanox?", "level": "info", "timestamp": "2026-06-12T20:54:42.957478Z"}
Authentication error: Langfuse client initialized without public_key. Client will be disabled. Provide a public_key parameter or set LANGFUSE_PUBLIC_KEY environment variable. 
{"prompt_tag": "assess_sufficiency@v4", "schema": "SufficiencyAssessment", "tokens": 3153, "event": "model_call.done", "correlation_id": "01KTYSSQE8NK3NBW9G3N4PSTQB", "query_preview": "In what year did NVIDIA acquire Mellanox?", "level": "info", "timestamp": "2026-06-12T20:54:43.909509Z"}
{"node": "refuse", "event": "start", "correlation_id": "01KTYSSQE8NK3NBW9G3N4PSTQB", "query_preview": "In what year did NVIDIA acquire Mellanox?", "level": "info", "timestamp": "2026-06-12T20:54:43.910873Z"}
Authentication error: Langfuse client initialized without public_key. Client will be disabled. Provide a public_key parameter or set LANGFUSE_PUBLIC_KEY environment variable. 
{"node": "retrieve", "query_len": 80, "event": "start", "correlation_id": "01KTYSV7E7WZ825MEHDJZDN5RB", "query_preview": "What is the recommended chunk size for retrieval-augmented generation pipelines?", "level": "info", "timestamp": "2026-06-12T20:54:43.912253Z"}
{"query_len": 80, "k": 50, "event": "hybrid.start", "correlation_id": "01KTYSV7E7WZ825MEHDJZDN5RB", "query_preview": "What is the recommended chunk size for retrieval-augmented generation pipelines?", "level": "info", "timestamp": "2026-06-12T20:54:43.912288Z"}
{"query_len": 80, "k": 50, "dense": 50, "bm25": 0, "fused": 50, "term": false, "event": "hybrid.done", "correlation_id": "01KTYSV7E7WZ825MEHDJZDN5RB", "query_preview": "What is the recommended chunk size for retrieval-augmented generation pipelines?", "level": "info", "timestamp": "2026-06-12T20:54:43.992877Z"}
{"node": "retrieve", "candidate_count": 50, "event": "done", "correlation_id": "01KTYSV7E7WZ825MEHDJZDN5RB", "query_preview": "What is the recommended chunk size for retrieval-augmented generation pipelines?", "level": "info", "timestamp": "2026-06-12T20:54:43.993810Z"}
{"node": "expand_graph", "reason": "disabled_or_empty", "event": "skip", "correlation_id": "01KTYSV7E7WZ825MEHDJZDN5RB", "query_preview": "What is the recommended chunk size for retrieval-augmented generation pipelines?", "level": "info", "timestamp": "2026-06-12T20:54:43.995543Z"}
{"node": "rerank", "candidate_count": 50, "event": "start", "correlation_id": "01KTYSV7E7WZ825MEHDJZDN5RB", "query_preview": "What is the recommended chunk size for retrieval-augmented generation pipelines?", "level": "info", "timestamp": "2026-06-12T20:54:43.996162Z"}
{"node": "rerank", "top_k": 5, "source": "mode", "event": "top_k_resolved", "correlation_id": "01KTYSV7E7WZ825MEHDJZDN5RB", "query_preview": "What is the recommended chunk size for retrieval-augmented generation pipelines?", "level": "info", "timestamp": "2026-06-12T20:54:43.996224Z"}
{"candidates": 50, "top_k": 5, "backend": "cross_encoder", "event": "rerank.start", "correlation_id": "01KTYSV7E7WZ825MEHDJZDN5RB", "query_preview": "What is the recommended chunk size for retrieval-augmented generation pipelines?", "level": "info", "timestamp": "2026-06-12T20:54:43.996261Z"}
{"candidates": 50, "top_k": 5, "backend": "cross_encoder", "returned": 5, "event": "rerank.done", "correlation_id": "01KTYSV7E7WZ825MEHDJZDN5RB", "query_preview": "What is the recommended chunk size for retrieval-augmented generation pipelines?", "level": "info", "timestamp": "2026-06-12T20:55:48.540606Z"}
{"node": "rerank", "reranked_count": 5, "event": "done", "correlation_id": "01KTYSV7E7WZ825MEHDJZDN5RB", "query_preview": "What is the recommended chunk size for retrieval-augmented generation pipelines?", "level": "info", "timestamp": "2026-06-12T20:55:48.540714Z"}
{"node": "query_tables", "reason": "empty_or_not_table_shaped", "event": "skip", "correlation_id": "01KTYSV7E7WZ825MEHDJZDN5RB", "query_preview": "What is the recommended chunk size for retrieval-augmented generation pipelines?", "level": "info", "timestamp": "2026-06-12T20:55:48.542952Z"}
{"node": "assess", "reranked_count": 5, "event": "start", "correlation_id": "01KTYSV7E7WZ825MEHDJZDN5RB", "query_preview": "What is the recommended chunk size for retrieval-augmented generation pipelines?", "level": "info", "timestamp": "2026-06-12T20:55:48.543754Z"}
{"prompt_tag": "assess_sufficiency@v4", "schema": "SufficiencyAssessment", "model": "cyankiwi/Qwen3.5-4B-AWQ-4bit", "max_tokens": 1024, "temperature": 0.1, "top_p": 0.8, "presence_penalty": 1.0, "seed": 42, "message_count": 1, "event": "model_call.start", "correlation_id": "01KTYSV7E7WZ825MEHDJZDN5RB", "query_preview": "What is the recommended chunk size for retrieval-augmented generation pipelines?", "level": "info", "timestamp": "2026-06-12T20:55:48.545853Z"}
Authentication error: Langfuse client initialized without public_key. Client will be disabled. Provide a public_key parameter or set LANGFUSE_PUBLIC_KEY environment variable. 
{"prompt_tag": "assess_sufficiency@v4", "schema": "SufficiencyAssessment", "tokens": 3371, "event": "model_call.done", "correlation_id": "01KTYSV7E7WZ825MEHDJZDN5RB", "query_preview": "What is the recommended chunk size for retrieval-augmented generation pipelines?", "level": "info", "timestamp": "2026-06-12T20:55:49.524251Z"}
{"node": "refuse", "event": "start", "correlation_id": "01KTYSV7E7WZ825MEHDJZDN5RB", "query_preview": "What is the recommended chunk size for retrieval-augmented generation pipelines?", "level": "info", "timestamp": "2026-06-12T20:55:49.526927Z"}
Authentication error: Langfuse client initialized without public_key. Client will be disabled. Provide a public_key parameter or set LANGFUSE_PUBLIC_KEY environment variable. 
{"node": "retrieve", "query_len": 73, "event": "start", "correlation_id": "01KTYSX7GQAPVXCQ2V8C7XV537", "query_preview": "What is the manufacturer's suggested retail price of the NVIDIA RTX 4090?", "level": "info", "timestamp": "2026-06-12T20:55:49.528362Z"}
{"query_len": 73, "k": 50, "event": "hybrid.start", "correlation_id": "01KTYSX7GQAPVXCQ2V8C7XV537", "query_preview": "What is the manufacturer's suggested retail price of the NVIDIA RTX 4090?", "level": "info", "timestamp": "2026-06-12T20:55:49.528398Z"}
{"query_len": 73, "k": 50, "dense": 50, "bm25": 0, "fused": 50, "term": false, "event": "hybrid.done", "correlation_id": "01KTYSX7GQAPVXCQ2V8C7XV537", "query_preview": "What is the manufacturer's suggested retail price of the NVIDIA RTX 4090?", "level": "info", "timestamp": "2026-06-12T20:55:49.596721Z"}
{"node": "retrieve", "candidate_count": 50, "event": "done", "correlation_id": "01KTYSX7GQAPVXCQ2V8C7XV537", "query_preview": "What is the manufacturer's suggested retail price of the NVIDIA RTX 4090?", "level": "info", "timestamp": "2026-06-12T20:55:49.597647Z"}
{"node": "expand_graph", "reason": "disabled_or_empty", "event": "skip", "correlation_id": "01KTYSX7GQAPVXCQ2V8C7XV537", "query_preview": "What is the manufacturer's suggested retail price of the NVIDIA RTX 4090?", "level": "info", "timestamp": "2026-06-12T20:55:49.598906Z"}
{"node": "rerank", "candidate_count": 50, "event": "start", "correlation_id": "01KTYSX7GQAPVXCQ2V8C7XV537", "query_preview": "What is the manufacturer's suggested retail price of the NVIDIA RTX 4090?", "level": "info", "timestamp": "2026-06-12T20:55:49.599384Z"}
{"node": "rerank", "top_k": 5, "source": "mode", "event": "top_k_resolved", "correlation_id": "01KTYSX7GQAPVXCQ2V8C7XV537", "query_preview": "What is the manufacturer's suggested retail price of the NVIDIA RTX 4090?", "level": "info", "timestamp": "2026-06-12T20:55:49.599433Z"}
{"candidates": 50, "top_k": 5, "backend": "cross_encoder", "event": "rerank.start", "correlation_id": "01KTYSX7GQAPVXCQ2V8C7XV537", "query_preview": "What is the manufacturer's suggested retail price of the NVIDIA RTX 4090?", "level": "info", "timestamp": "2026-06-12T20:55:49.599463Z"}
{"candidates": 50, "top_k": 5, "backend": "cross_encoder", "returned": 5, "event": "rerank.done", "correlation_id": "01KTYSX7GQAPVXCQ2V8C7XV537", "query_preview": "What is the manufacturer's suggested retail price of the NVIDIA RTX 4090?", "level": "info", "timestamp": "2026-06-12T20:56:37.532875Z"}
{"node": "rerank", "reranked_count": 5, "event": "done", "correlation_id": "01KTYSX7GQAPVXCQ2V8C7XV537", "query_preview": "What is the manufacturer's suggested retail price of the NVIDIA RTX 4090?", "level": "info", "timestamp": "2026-06-12T20:56:37.532978Z"}
{"node": "query_tables", "reason": "empty_or_not_table_shaped", "event": "skip", "correlation_id": "01KTYSX7GQAPVXCQ2V8C7XV537", "query_preview": "What is the manufacturer's suggested retail price of the NVIDIA RTX 4090?", "level": "info", "timestamp": "2026-06-12T20:56:37.534887Z"}
{"node": "assess", "reranked_count": 5, "event": "start", "correlation_id": "01KTYSX7GQAPVXCQ2V8C7XV537", "query_preview": "What is the manufacturer's suggested retail price of the NVIDIA RTX 4090?", "level": "info", "timestamp": "2026-06-12T20:56:37.535619Z"}
{"prompt_tag": "assess_sufficiency@v4", "schema": "SufficiencyAssessment", "model": "cyankiwi/Qwen3.5-4B-AWQ-4bit", "max_tokens": 1024, "temperature": 0.1, "top_p": 0.8, "presence_penalty": 1.0, "seed": 42, "message_count": 1, "event": "model_call.start", "correlation_id": "01KTYSX7GQAPVXCQ2V8C7XV537", "query_preview": "What is the manufacturer's suggested retail price of the NVIDIA RTX 4090?", "level": "info", "timestamp": "2026-06-12T20:56:37.537670Z"}
Authentication error: Langfuse client initialized without public_key. Client will be disabled. Provide a public_key parameter or set LANGFUSE_PUBLIC_KEY environment variable. 
{"prompt_tag": "assess_sufficiency@v4", "schema": "SufficiencyAssessment", "tokens": 3814, "event": "model_call.done", "correlation_id": "01KTYSX7GQAPVXCQ2V8C7XV537", "query_preview": "What is the manufacturer's suggested retail price of the NVIDIA RTX 4090?", "level": "info", "timestamp": "2026-06-12T20:56:38.646725Z"}
{"node": "refuse", "event": "start", "correlation_id": "01KTYSX7GQAPVXCQ2V8C7XV537", "query_preview": "What is the manufacturer's suggested retail price of the NVIDIA RTX 4090?", "level": "info", "timestamp": "2026-06-12T20:56:38.648040Z"}
Authentication error: Langfuse client initialized without public_key. Client will be disabled. Provide a public_key parameter or set LANGFUSE_PUBLIC_KEY environment variable. 
{"node": "retrieve", "query_len": 91, "event": "start", "correlation_id": "01KTYSYQFR25Z27WJVVH4NEK14", "query_preview": "What is the energy cost of FP128 matrix multiplication relative to FP32, in FMA ", "level": "info", "timestamp": "2026-06-12T20:56:38.649467Z"}
{"query_len": 91, "k": 50, "event": "hybrid.start", "correlation_id": "01KTYSYQFR25Z27WJVVH4NEK14", "query_preview": "What is the energy cost of FP128 matrix multiplication relative to FP32, in FMA ", "level": "info", "timestamp": "2026-06-12T20:56:38.649501Z"}
{"query_len": 91, "k": 50, "dense": 50, "bm25": 0, "fused": 50, "term": false, "event": "hybrid.done", "correlation_id": "01KTYSYQFR25Z27WJVVH4NEK14", "query_preview": "What is the energy cost of FP128 matrix multiplication relative to FP32, in FMA ", "level": "info", "timestamp": "2026-06-12T20:56:38.723957Z"}
{"node": "retrieve", "candidate_count": 50, "event": "done", "correlation_id": "01KTYSYQFR25Z27WJVVH4NEK14", "query_preview": "What is the energy cost of FP128 matrix multiplication relative to FP32, in FMA ", "level": "info", "timestamp": "2026-06-12T20:56:38.725003Z"}
{"node": "expand_graph", "reason": "disabled_or_empty", "event": "skip", "correlation_id": "01KTYSYQFR25Z27WJVVH4NEK14", "query_preview": "What is the energy cost of FP128 matrix multiplication relative to FP32, in FMA ", "level": "info", "timestamp": "2026-06-12T20:56:38.726278Z"}
{"node": "rerank", "candidate_count": 50, "event": "start", "correlation_id": "01KTYSYQFR25Z27WJVVH4NEK14", "query_preview": "What is the energy cost of FP128 matrix multiplication relative to FP32, in FMA ", "level": "info", "timestamp": "2026-06-12T20:56:38.726754Z"}
{"node": "rerank", "top_k": 5, "source": "mode", "event": "top_k_resolved", "correlation_id": "01KTYSYQFR25Z27WJVVH4NEK14", "query_preview": "What is the energy cost of FP128 matrix multiplication relative to FP32, in FMA ", "level": "info", "timestamp": "2026-06-12T20:56:38.726800Z"}
{"candidates": 50, "top_k": 5, "backend": "cross_encoder", "event": "rerank.start", "correlation_id": "01KTYSYQFR25Z27WJVVH4NEK14", "query_preview": "What is the energy cost of FP128 matrix multiplication relative to FP32, in FMA ", "level": "info", "timestamp": "2026-06-12T20:56:38.726824Z"}
{"candidates": 50, "top_k": 5, "backend": "cross_encoder", "returned": 5, "event": "rerank.done", "correlation_id": "01KTYSYQFR25Z27WJVVH4NEK14", "query_preview": "What is the energy cost of FP128 matrix multiplication relative to FP32, in FMA ", "level": "info", "timestamp": "2026-06-12T20:57:05.111464Z"}
{"node": "rerank", "reranked_count": 5, "event": "done", "correlation_id": "01KTYSYQFR25Z27WJVVH4NEK14", "query_preview": "What is the energy cost of FP128 matrix multiplication relative to FP32, in FMA ", "level": "info", "timestamp": "2026-06-12T20:57:05.111565Z"}
{"node": "query_tables", "reason": "empty_or_not_table_shaped", "event": "skip", "correlation_id": "01KTYSYQFR25Z27WJVVH4NEK14", "query_preview": "What is the energy cost of FP128 matrix multiplication relative to FP32, in FMA ", "level": "info", "timestamp": "2026-06-12T20:57:05.113824Z"}
{"node": "assess", "reranked_count": 5, "event": "start", "correlation_id": "01KTYSYQFR25Z27WJVVH4NEK14", "query_preview": "What is the energy cost of FP128 matrix multiplication relative to FP32, in FMA ", "level": "info", "timestamp": "2026-06-12T20:57:05.114688Z"}
{"prompt_tag": "assess_sufficiency@v4", "schema": "SufficiencyAssessment", "model": "cyankiwi/Qwen3.5-4B-AWQ-4bit", "max_tokens": 1024, "temperature": 0.1, "top_p": 0.8, "presence_penalty": 1.0, "seed": 42, "message_count": 1, "event": "model_call.start", "correlation_id": "01KTYSYQFR25Z27WJVVH4NEK14", "query_preview": "What is the energy cost of FP128 matrix multiplication relative to FP32, in FMA ", "level": "info", "timestamp": "2026-06-12T20:57:05.117019Z"}
Authentication error: Langfuse client initialized without public_key. Client will be disabled. Provide a public_key parameter or set LANGFUSE_PUBLIC_KEY environment variable. 
{"prompt_tag": "assess_sufficiency@v4", "schema": "SufficiencyAssessment", "tokens": 3325, "event": "model_call.done", "correlation_id": "01KTYSYQFR25Z27WJVVH4NEK14", "query_preview": "What is the energy cost of FP128 matrix multiplication relative to FP32, in FMA ", "level": "info", "timestamp": "2026-06-12T20:57:06.116423Z"}
{"node": "refuse", "event": "start", "correlation_id": "01KTYSYQFR25Z27WJVVH4NEK14", "query_preview": "What is the energy cost of FP128 matrix multiplication relative to FP32, in FMA ", "level": "info", "timestamp": "2026-06-12T20:57:06.117511Z"}
Authentication error: Langfuse client initialized without public_key. Client will be disabled. Provide a public_key parameter or set LANGFUSE_PUBLIC_KEY environment variable. 
{"node": "retrieve", "query_len": 73, "event": "start", "correlation_id": "01KTYSZJA5BSQCVMPDN3S17XTF", "query_preview": "What is the FP4 tensor core energy cost per FLOP relative to an FP32 FMA?", "level": "info", "timestamp": "2026-06-12T20:57:06.118957Z"}
{"query_len": 73, "k": 50, "event": "hybrid.start", "correlation_id": "01KTYSZJA5BSQCVMPDN3S17XTF", "query_preview": "What is the FP4 tensor core energy cost per FLOP relative to an FP32 FMA?", "level": "info", "timestamp": "2026-06-12T20:57:06.118994Z"}
{"query_len": 73, "k": 50, "dense": 50, "bm25": 0, "fused": 50, "term": false, "event": "hybrid.done", "correlation_id": "01KTYSZJA5BSQCVMPDN3S17XTF", "query_preview": "What is the FP4 tensor core energy cost per FLOP relative to an FP32 FMA?", "level": "info", "timestamp": "2026-06-12T20:57:06.198525Z"}
{"node": "retrieve", "candidate_count": 50, "event": "done", "correlation_id": "01KTYSZJA5BSQCVMPDN3S17XTF", "query_preview": "What is the FP4 tensor core energy cost per FLOP relative to an FP32 FMA?", "level": "info", "timestamp": "2026-06-12T20:57:06.199437Z"}
{"node": "expand_graph", "reason": "disabled_or_empty", "event": "skip", "correlation_id": "01KTYSZJA5BSQCVMPDN3S17XTF", "query_preview": "What is the FP4 tensor core energy cost per FLOP relative to an FP32 FMA?", "level": "info", "timestamp": "2026-06-12T20:57:06.200720Z"}
{"node": "rerank", "candidate_count": 50, "event": "start", "correlation_id": "01KTYSZJA5BSQCVMPDN3S17XTF", "query_preview": "What is the FP4 tensor core energy cost per FLOP relative to an FP32 FMA?", "level": "info", "timestamp": "2026-06-12T20:57:06.201212Z"}
{"node": "rerank", "top_k": 5, "source": "mode", "event": "top_k_resolved", "correlation_id": "01KTYSZJA5BSQCVMPDN3S17XTF", "query_preview": "What is the FP4 tensor core energy cost per FLOP relative to an FP32 FMA?", "level": "info", "timestamp": "2026-06-12T20:57:06.201258Z"}
{"candidates": 50, "top_k": 5, "backend": "cross_encoder", "event": "rerank.start", "correlation_id": "01KTYSZJA5BSQCVMPDN3S17XTF", "query_preview": "What is the FP4 tensor core energy cost per FLOP relative to an FP32 FMA?", "level": "info", "timestamp": "2026-06-12T20:57:06.201282Z"}
{"candidates": 50, "top_k": 5, "backend": "cross_encoder", "returned": 5, "event": "rerank.done", "correlation_id": "01KTYSZJA5BSQCVMPDN3S17XTF", "query_preview": "What is the FP4 tensor core energy cost per FLOP relative to an FP32 FMA?", "level": "info", "timestamp": "2026-06-12T20:57:35.385519Z"}
{"node": "rerank", "reranked_count": 5, "event": "done", "correlation_id": "01KTYSZJA5BSQCVMPDN3S17XTF", "query_preview": "What is the FP4 tensor core energy cost per FLOP relative to an FP32 FMA?", "level": "info", "timestamp": "2026-06-12T20:57:35.385625Z"}
{"node": "query_tables", "reason": "empty_or_not_table_shaped", "event": "skip", "correlation_id": "01KTYSZJA5BSQCVMPDN3S17XTF", "query_preview": "What is the FP4 tensor core energy cost per FLOP relative to an FP32 FMA?", "level": "info", "timestamp": "2026-06-12T20:57:35.387524Z"}
{"node": "assess", "reranked_count": 5, "event": "start", "correlation_id": "01KTYSZJA5BSQCVMPDN3S17XTF", "query_preview": "What is the FP4 tensor core energy cost per FLOP relative to an FP32 FMA?", "level": "info", "timestamp": "2026-06-12T20:57:35.388370Z"}
{"prompt_tag": "assess_sufficiency@v4", "schema": "SufficiencyAssessment", "model": "cyankiwi/Qwen3.5-4B-AWQ-4bit", "max_tokens": 1024, "temperature": 0.1, "top_p": 0.8, "presence_penalty": 1.0, "seed": 42, "message_count": 1, "event": "model_call.start", "correlation_id": "01KTYSZJA5BSQCVMPDN3S17XTF", "query_preview": "What is the FP4 tensor core energy cost per FLOP relative to an FP32 FMA?", "level": "info", "timestamp": "2026-06-12T20:57:35.390413Z"}
Authentication error: Langfuse client initialized without public_key. Client will be disabled. Provide a public_key parameter or set LANGFUSE_PUBLIC_KEY environment variable. 
{"prompt_tag": "assess_sufficiency@v4", "schema": "SufficiencyAssessment", "tokens": 3419, "event": "model_call.done", "correlation_id": "01KTYSZJA5BSQCVMPDN3S17XTF", "query_preview": "What is the FP4 tensor core energy cost per FLOP relative to an FP32 FMA?", "level": "info", "timestamp": "2026-06-12T20:57:36.421464Z"}
{"node": "answer", "regenerate_attempt": 0, "event": "start", "correlation_id": "01KTYSZJA5BSQCVMPDN3S17XTF", "query_preview": "What is the FP4 tensor core energy cost per FLOP relative to an FP32 FMA?", "level": "info", "timestamp": "2026-06-12T20:57:36.422572Z"}
{"prompt_tag": "answer@v5", "schema": "DraftAnswer", "model": "cyankiwi/Qwen3.5-4B-AWQ-4bit", "max_tokens": 1800, "temperature": 0.1, "top_p": 0.8, "presence_penalty": 1.0, "seed": 42, "message_count": 2, "event": "model_call.start", "correlation_id": "01KTYSZJA5BSQCVMPDN3S17XTF", "query_preview": "What is the FP4 tensor core energy cost per FLOP relative to an FP32 FMA?", "level": "info", "timestamp": "2026-06-12T20:57:36.424540Z"}
Authentication error: Langfuse client initialized without public_key. Client will be disabled. Provide a public_key parameter or set LANGFUSE_PUBLIC_KEY environment variable. 
{"prompt_tag": "answer@v5", "schema": "DraftAnswer", "tokens": 4993, "event": "model_call.done", "correlation_id": "01KTYSZJA5BSQCVMPDN3S17XTF", "query_preview": "What is the FP4 tensor core energy cost per FLOP relative to an FP32 FMA?", "level": "info", "timestamp": "2026-06-12T20:57:37.791750Z"}
{"node": "verify", "claim_count": 0, "event": "start", "correlation_id": "01KTYSZJA5BSQCVMPDN3S17XTF", "query_preview": "What is the FP4 tensor core energy cost per FLOP relative to an FP32 FMA?", "level": "info", "timestamp": "2026-06-12T20:57:37.792538Z"}
{"node": "verify", "event": "empty_draft_shortcircuit", "correlation_id": "01KTYSZJA5BSQCVMPDN3S17XTF", "query_preview": "What is the FP4 tensor core energy cost per FLOP relative to an FP32 FMA?", "level": "info", "timestamp": "2026-06-12T20:57:37.792573Z"}
{"node": "assess_relevance", "event": "start", "correlation_id": "01KTYSZJA5BSQCVMPDN3S17XTF", "query_preview": "What is the FP4 tensor core energy cost per FLOP relative to an FP32 FMA?", "level": "info", "timestamp": "2026-06-12T20:57:37.793399Z"}
{"prompt_tag": "assess_relevance@v3", "schema": "RelevanceAssessment", "model": "cyankiwi/Qwen3.5-4B-AWQ-4bit", "max_tokens": 1024, "temperature": 0.1, "top_p": 0.8, "presence_penalty": 1.0, "seed": 42, "message_count": 1, "event": "model_call.start", "correlation_id": "01KTYSZJA5BSQCVMPDN3S17XTF", "query_preview": "What is the FP4 tensor core energy cost per FLOP relative to an FP32 FMA?", "level": "info", "timestamp": "2026-06-12T20:57:37.794428Z"}
Authentication error: Langfuse client initialized without public_key. Client will be disabled. Provide a public_key parameter or set LANGFUSE_PUBLIC_KEY environment variable. 
{"prompt_tag": "assess_relevance@v3", "schema": "RelevanceAssessment", "tokens": 862, "event": "model_call.done", "correlation_id": "01KTYSZJA5BSQCVMPDN3S17XTF", "query_preview": "What is the FP4 tensor core energy cost per FLOP relative to an FP32 FMA?", "level": "info", "timestamp": "2026-06-12T20:57:38.333744Z"}
{"node": "assess_relevance", "responsive": false, "event": "relevance", "correlation_id": "01KTYSZJA5BSQCVMPDN3S17XTF", "query_preview": "What is the FP4 tensor core energy cost per FLOP relative to an FP32 FMA?", "level": "info", "timestamp": "2026-06-12T20:57:38.333823Z"}
{"node": "refuse", "event": "start", "correlation_id": "01KTYSZJA5BSQCVMPDN3S17XTF", "query_preview": "What is the FP4 tensor core energy cost per FLOP relative to an FP32 FMA?", "level": "info", "timestamp": "2026-06-12T20:57:38.335074Z"}
Authentication error: Langfuse client initialized without public_key. Client will be disabled. Provide a public_key parameter or set LANGFUSE_PUBLIC_KEY environment variable. 
{"node": "retrieve", "query_len": 63, "event": "start", "correlation_id": "01KTYT0HRZ074A4MTYDGKXQR0N", "query_preview": "What is the NVLink bandwidth between Hopper and Blackwell GPUs?", "level": "info", "timestamp": "2026-06-12T20:57:38.336643Z"}
{"query_len": 63, "k": 50, "event": "hybrid.start", "correlation_id": "01KTYT0HRZ074A4MTYDGKXQR0N", "query_preview": "What is the NVLink bandwidth between Hopper and Blackwell GPUs?", "level": "info", "timestamp": "2026-06-12T20:57:38.336679Z"}
{"query_len": 63, "k": 50, "dense": 50, "bm25": 0, "fused": 50, "term": false, "event": "hybrid.done", "correlation_id": "01KTYT0HRZ074A4MTYDGKXQR0N", "query_preview": "What is the NVLink bandwidth between Hopper and Blackwell GPUs?", "level": "info", "timestamp": "2026-06-12T20:57:38.409577Z"}
{"node": "retrieve", "candidate_count": 50, "event": "done", "correlation_id": "01KTYT0HRZ074A4MTYDGKXQR0N", "query_preview": "What is the NVLink bandwidth between Hopper and Blackwell GPUs?", "level": "info", "timestamp": "2026-06-12T20:57:38.410536Z"}
{"node": "expand_graph", "reason": "disabled_or_empty", "event": "skip", "correlation_id": "01KTYT0HRZ074A4MTYDGKXQR0N", "query_preview": "What is the NVLink bandwidth between Hopper and Blackwell GPUs?", "level": "info", "timestamp": "2026-06-12T20:57:38.412178Z"}
{"node": "rerank", "candidate_count": 50, "event": "start", "correlation_id": "01KTYT0HRZ074A4MTYDGKXQR0N", "query_preview": "What is the NVLink bandwidth between Hopper and Blackwell GPUs?", "level": "info", "timestamp": "2026-06-12T20:57:38.412667Z"}
{"node": "rerank", "top_k": 5, "source": "mode", "event": "top_k_resolved", "correlation_id": "01KTYT0HRZ074A4MTYDGKXQR0N", "query_preview": "What is the NVLink bandwidth between Hopper and Blackwell GPUs?", "level": "info", "timestamp": "2026-06-12T20:57:38.412713Z"}
{"candidates": 50, "top_k": 5, "backend": "cross_encoder", "event": "rerank.start", "correlation_id": "01KTYT0HRZ074A4MTYDGKXQR0N", "query_preview": "What is the NVLink bandwidth between Hopper and Blackwell GPUs?", "level": "info", "timestamp": "2026-06-12T20:57:38.412736Z"}
{"candidates": 50, "top_k": 5, "backend": "cross_encoder", "returned": 5, "event": "rerank.done", "correlation_id": "01KTYT0HRZ074A4MTYDGKXQR0N", "query_preview": "What is the NVLink bandwidth between Hopper and Blackwell GPUs?", "level": "info", "timestamp": "2026-06-12T20:58:15.061276Z"}
{"node": "rerank", "reranked_count": 5, "event": "done", "correlation_id": "01KTYT0HRZ074A4MTYDGKXQR0N", "query_preview": "What is the NVLink bandwidth between Hopper and Blackwell GPUs?", "level": "info", "timestamp": "2026-06-12T20:58:15.061376Z"}
{"node": "query_tables", "reason": "empty_or_not_table_shaped", "event": "skip", "correlation_id": "01KTYT0HRZ074A4MTYDGKXQR0N", "query_preview": "What is the NVLink bandwidth between Hopper and Blackwell GPUs?", "level": "info", "timestamp": "2026-06-12T20:58:15.063122Z"}
{"node": "assess", "reranked_count": 5, "event": "start", "correlation_id": "01KTYT0HRZ074A4MTYDGKXQR0N", "query_preview": "What is the NVLink bandwidth between Hopper and Blackwell GPUs?", "level": "info", "timestamp": "2026-06-12T20:58:15.063796Z"}
{"prompt_tag": "assess_sufficiency@v4", "schema": "SufficiencyAssessment", "model": "cyankiwi/Qwen3.5-4B-AWQ-4bit", "max_tokens": 1024, "temperature": 0.1, "top_p": 0.8, "presence_penalty": 1.0, "seed": 42, "message_count": 1, "event": "model_call.start", "correlation_id": "01KTYT0HRZ074A4MTYDGKXQR0N", "query_preview": "What is the NVLink bandwidth between Hopper and Blackwell GPUs?", "level": "info", "timestamp": "2026-06-12T20:58:15.065848Z"}
Authentication error: Langfuse client initialized without public_key. Client will be disabled. Provide a public_key parameter or set LANGFUSE_PUBLIC_KEY environment variable. 
{"prompt_tag": "assess_sufficiency@v4", "schema": "SufficiencyAssessment", "tokens": 2011, "event": "model_call.done", "correlation_id": "01KTYT0HRZ074A4MTYDGKXQR0N", "query_preview": "What is the NVLink bandwidth between Hopper and Blackwell GPUs?", "level": "info", "timestamp": "2026-06-12T20:58:15.848105Z"}
{"node": "refuse", "event": "start", "correlation_id": "01KTYT0HRZ074A4MTYDGKXQR0N", "query_preview": "What is the NVLink bandwidth between Hopper and Blackwell GPUs?", "level": "info", "timestamp": "2026-06-12T20:58:15.849548Z"}
Authentication error: Langfuse client initialized without public_key. Client will be disabled. Provide a public_key parameter or set LANGFUSE_PUBLIC_KEY environment variable. 
{"node": "retrieve", "query_len": 82, "event": "start", "correlation_id": "01KTYT1PDA98MN1PNNHMS49J4R", "query_preview": "How many CUDA cores are in NVIDIA's latest data-center GPU according to this dec", "level": "info", "timestamp": "2026-06-12T20:58:15.851026Z"}
{"query_len": 82, "k": 50, "event": "hybrid.start", "correlation_id": "01KTYT1PDA98MN1PNNHMS49J4R", "query_preview": "How many CUDA cores are in NVIDIA's latest data-center GPU according to this dec", "level": "info", "timestamp": "2026-06-12T20:58:15.851064Z"}
{"query_len": 82, "k": 50, "dense": 50, "bm25": 0, "fused": 50, "term": false, "event": "hybrid.done", "correlation_id": "01KTYT1PDA98MN1PNNHMS49J4R", "query_preview": "How many CUDA cores are in NVIDIA's latest data-center GPU according to this dec", "level": "info", "timestamp": "2026-06-12T20:58:15.918569Z"}
{"node": "retrieve", "candidate_count": 50, "event": "done", "correlation_id": "01KTYT1PDA98MN1PNNHMS49J4R", "query_preview": "How many CUDA cores are in NVIDIA's latest data-center GPU according to this dec", "level": "info", "timestamp": "2026-06-12T20:58:15.919575Z"}
{"node": "expand_graph", "reason": "disabled_or_empty", "event": "skip", "correlation_id": "01KTYT1PDA98MN1PNNHMS49J4R", "query_preview": "How many CUDA cores are in NVIDIA's latest data-center GPU according to this dec", "level": "info", "timestamp": "2026-06-12T20:58:15.920985Z"}
{"node": "rerank", "candidate_count": 50, "event": "start", "correlation_id": "01KTYT1PDA98MN1PNNHMS49J4R", "query_preview": "How many CUDA cores are in NVIDIA's latest data-center GPU according to this dec", "level": "info", "timestamp": "2026-06-12T20:58:15.921489Z"}
{"node": "rerank", "top_k": 5, "source": "mode", "event": "top_k_resolved", "correlation_id": "01KTYT1PDA98MN1PNNHMS49J4R", "query_preview": "How many CUDA cores are in NVIDIA's latest data-center GPU according to this dec", "level": "info", "timestamp": "2026-06-12T20:58:15.921537Z"}
{"candidates": 50, "top_k": 5, "backend": "cross_encoder", "event": "rerank.start", "correlation_id": "01KTYT1PDA98MN1PNNHMS49J4R", "query_preview": "How many CUDA cores are in NVIDIA's latest data-center GPU according to this dec", "level": "info", "timestamp": "2026-06-12T20:58:15.921560Z"}
{"candidates": 50, "top_k": 5, "backend": "cross_encoder", "returned": 5, "event": "rerank.done", "correlation_id": "01KTYT1PDA98MN1PNNHMS49J4R", "query_preview": "How many CUDA cores are in NVIDIA's latest data-center GPU according to this dec", "level": "info", "timestamp": "2026-06-12T20:58:53.252795Z"}
{"node": "rerank", "reranked_count": 5, "event": "done", "correlation_id": "01KTYT1PDA98MN1PNNHMS49J4R", "query_preview": "How many CUDA cores are in NVIDIA's latest data-center GPU according to this dec", "level": "info", "timestamp": "2026-06-12T20:58:53.252895Z"}
{"prompt_tag": "generate_table_sql@v1", "schema": "GeneratedSQL", "model": "cyankiwi/Qwen3.5-4B-AWQ-4bit", "max_tokens": 1024, "temperature": 0.1, "top_p": 0.8, "presence_penalty": 1.0, "seed": 42, "message_count": 1, "event": "model_call.start", "correlation_id": "01KTYT1PDA98MN1PNNHMS49J4R", "query_preview": "How many CUDA cores are in NVIDIA's latest data-center GPU according to this dec", "level": "info", "timestamp": "2026-06-12T20:58:53.265184Z"}
Authentication error: Langfuse client initialized without public_key. Client will be disabled. Provide a public_key parameter or set LANGFUSE_PUBLIC_KEY environment variable. 
{"prompt_tag": "generate_table_sql@v1", "schema": "GeneratedSQL", "tokens": 1016, "event": "model_call.done", "correlation_id": "01KTYT1PDA98MN1PNNHMS49J4R", "query_preview": "How many CUDA cores are in NVIDIA's latest data-center GPU according to this dec", "level": "info", "timestamp": "2026-06-12T20:58:53.877302Z"}
{"node": "query_doc_tables", "sql": "SELECT COUNT(*) FROM f92a04286d", "target": "f92a04286d", "event": "table_sql.generated", "correlation_id": "01KTYT1PDA98MN1PNNHMS49J4R", "query_preview": "How many CUDA cores are in NVIDIA's latest data-center GPU according to this dec", "level": "info", "timestamp": "2026-06-12T20:58:53.877359Z"}
{"node": "query_doc_tables", "kind": "aggregate", "target": "f92a04286d", "event": "table_sql.result", "correlation_id": "01KTYT1PDA98MN1PNNHMS49J4R", "query_preview": "How many CUDA cores are in NVIDIA's latest data-center GPU according to this dec", "level": "info", "timestamp": "2026-06-12T20:58:53.878079Z"}
{"node": "query_tables", "kind": "aggregate", "chunk_id": "0e725ba0-2026-annual-report-web#sql0001", "event": "injected", "correlation_id": "01KTYT1PDA98MN1PNNHMS49J4R", "query_preview": "How many CUDA cores are in NVIDIA's latest data-center GPU according to this dec", "level": "info", "timestamp": "2026-06-12T20:58:53.878338Z"}
{"node": "assess", "reranked_count": 6, "event": "start", "correlation_id": "01KTYT1PDA98MN1PNNHMS49J4R", "query_preview": "How many CUDA cores are in NVIDIA's latest data-center GPU according to this dec", "level": "info", "timestamp": "2026-06-12T20:58:53.879089Z"}
{"prompt_tag": "assess_sufficiency@v4", "schema": "SufficiencyAssessment", "model": "cyankiwi/Qwen3.5-4B-AWQ-4bit", "max_tokens": 1024, "temperature": 0.1, "top_p": 0.8, "presence_penalty": 1.0, "seed": 42, "message_count": 1, "event": "model_call.start", "correlation_id": "01KTYT1PDA98MN1PNNHMS49J4R", "query_preview": "How many CUDA cores are in NVIDIA's latest data-center GPU according to this dec", "level": "info", "timestamp": "2026-06-12T20:58:53.880360Z"}
Authentication error: Langfuse client initialized without public_key. Client will be disabled. Provide a public_key parameter or set LANGFUSE_PUBLIC_KEY environment variable. 
{"prompt_tag": "assess_sufficiency@v4", "schema": "SufficiencyAssessment", "tokens": 2615, "event": "model_call.done", "correlation_id": "01KTYT1PDA98MN1PNNHMS49J4R", "query_preview": "How many CUDA cores are in NVIDIA's latest data-center GPU according to this dec", "level": "info", "timestamp": "2026-06-12T20:58:54.701189Z"}
{"node": "refuse", "event": "start", "correlation_id": "01KTYT1PDA98MN1PNNHMS49J4R", "query_preview": "How many CUDA cores are in NVIDIA's latest data-center GPU according to this dec", "level": "info", "timestamp": "2026-06-12T20:58:54.702294Z"}
Authentication error: Langfuse client initialized without public_key. Client will be disabled. Provide a public_key parameter or set LANGFUSE_PUBLIC_KEY environment variable. 
{"node": "retrieve", "query_len": 94, "event": "start", "correlation_id": "01KTYT2WBEJ12XBDPYW3XA4SHT", "query_preview": "What is the kernel-fusion speed-up factor for converting FP32 to INT8 according ", "level": "info", "timestamp": "2026-06-12T20:58:54.703719Z"}
{"query_len": 94, "k": 50, "event": "hybrid.start", "correlation_id": "01KTYT2WBEJ12XBDPYW3XA4SHT", "query_preview": "What is the kernel-fusion speed-up factor for converting FP32 to INT8 according ", "level": "info", "timestamp": "2026-06-12T20:58:54.703756Z"}
{"query_len": 94, "k": 50, "dense": 50, "bm25": 0, "fused": 50, "term": false, "event": "hybrid.done", "correlation_id": "01KTYT2WBEJ12XBDPYW3XA4SHT", "query_preview": "What is the kernel-fusion speed-up factor for converting FP32 to INT8 according ", "level": "info", "timestamp": "2026-06-12T20:58:54.786512Z"}
{"node": "retrieve", "candidate_count": 50, "event": "done", "correlation_id": "01KTYT2WBEJ12XBDPYW3XA4SHT", "query_preview": "What is the kernel-fusion speed-up factor for converting FP32 to INT8 according ", "level": "info", "timestamp": "2026-06-12T20:58:54.787593Z"}
{"node": "expand_graph", "reason": "disabled_or_empty", "event": "skip", "correlation_id": "01KTYT2WBEJ12XBDPYW3XA4SHT", "query_preview": "What is the kernel-fusion speed-up factor for converting FP32 to INT8 according ", "level": "info", "timestamp": "2026-06-12T20:58:54.789002Z"}
{"node": "rerank", "candidate_count": 50, "event": "start", "correlation_id": "01KTYT2WBEJ12XBDPYW3XA4SHT", "query_preview": "What is the kernel-fusion speed-up factor for converting FP32 to INT8 according ", "level": "info", "timestamp": "2026-06-12T20:58:54.789518Z"}
{"node": "rerank", "top_k": 5, "source": "mode", "event": "top_k_resolved", "correlation_id": "01KTYT2WBEJ12XBDPYW3XA4SHT", "query_preview": "What is the kernel-fusion speed-up factor for converting FP32 to INT8 according ", "level": "info", "timestamp": "2026-06-12T20:58:54.789570Z"}
{"candidates": 50, "top_k": 5, "backend": "cross_encoder", "event": "rerank.start", "correlation_id": "01KTYT2WBEJ12XBDPYW3XA4SHT", "query_preview": "What is the kernel-fusion speed-up factor for converting FP32 to INT8 according ", "level": "info", "timestamp": "2026-06-12T20:58:54.789596Z"}
{"candidates": 50, "top_k": 5, "backend": "cross_encoder", "returned": 5, "event": "rerank.done", "correlation_id": "01KTYT2WBEJ12XBDPYW3XA4SHT", "query_preview": "What is the kernel-fusion speed-up factor for converting FP32 to INT8 according ", "level": "info", "timestamp": "2026-06-12T20:59:20.738213Z"}
{"node": "rerank", "reranked_count": 5, "event": "done", "correlation_id": "01KTYT2WBEJ12XBDPYW3XA4SHT", "query_preview": "What is the kernel-fusion speed-up factor for converting FP32 to INT8 according ", "level": "info", "timestamp": "2026-06-12T20:59:20.738324Z"}
{"node": "query_tables", "reason": "empty_or_not_table_shaped", "event": "skip", "correlation_id": "01KTYT2WBEJ12XBDPYW3XA4SHT", "query_preview": "What is the kernel-fusion speed-up factor for converting FP32 to INT8 according ", "level": "info", "timestamp": "2026-06-12T20:59:20.740027Z"}
{"node": "assess", "reranked_count": 5, "event": "start", "correlation_id": "01KTYT2WBEJ12XBDPYW3XA4SHT", "query_preview": "What is the kernel-fusion speed-up factor for converting FP32 to INT8 according ", "level": "info", "timestamp": "2026-06-12T20:59:20.740708Z"}
{"prompt_tag": "assess_sufficiency@v4", "schema": "SufficiencyAssessment", "model": "cyankiwi/Qwen3.5-4B-AWQ-4bit", "max_tokens": 1024, "temperature": 0.1, "top_p": 0.8, "presence_penalty": 1.0, "seed": 42, "message_count": 1, "event": "model_call.start", "correlation_id": "01KTYT2WBEJ12XBDPYW3XA4SHT", "query_preview": "What is the kernel-fusion speed-up factor for converting FP32 to INT8 according ", "level": "info", "timestamp": "2026-06-12T20:59:20.742642Z"}
Authentication error: Langfuse client initialized without public_key. Client will be disabled. Provide a public_key parameter or set LANGFUSE_PUBLIC_KEY environment variable. 
{"prompt_tag": "assess_sufficiency@v4", "schema": "SufficiencyAssessment", "tokens": 3322, "event": "model_call.done", "correlation_id": "01KTYT2WBEJ12XBDPYW3XA4SHT", "query_preview": "What is the kernel-fusion speed-up factor for converting FP32 to INT8 according ", "level": "info", "timestamp": "2026-06-12T20:59:21.718645Z"}
{"node": "answer", "regenerate_attempt": 0, "event": "start", "correlation_id": "01KTYT2WBEJ12XBDPYW3XA4SHT", "query_preview": "What is the kernel-fusion speed-up factor for converting FP32 to INT8 according ", "level": "info", "timestamp": "2026-06-12T20:59:21.719832Z"}
{"prompt_tag": "answer@v5", "schema": "DraftAnswer", "model": "cyankiwi/Qwen3.5-4B-AWQ-4bit", "max_tokens": 1800, "temperature": 0.1, "top_p": 0.8, "presence_penalty": 1.0, "seed": 42, "message_count": 2, "event": "model_call.start", "correlation_id": "01KTYT2WBEJ12XBDPYW3XA4SHT", "query_preview": "What is the kernel-fusion speed-up factor for converting FP32 to INT8 according ", "level": "info", "timestamp": "2026-06-12T20:59:21.721817Z"}
Authentication error: Langfuse client initialized without public_key. Client will be disabled. Provide a public_key parameter or set LANGFUSE_PUBLIC_KEY environment variable. 
{"prompt_tag": "answer@v5", "schema": "DraftAnswer", "tokens": 4905, "event": "model_call.done", "correlation_id": "01KTYT2WBEJ12XBDPYW3XA4SHT", "query_preview": "What is the kernel-fusion speed-up factor for converting FP32 to INT8 according ", "level": "info", "timestamp": "2026-06-12T20:59:22.884886Z"}
{"node": "answer", "summary_head": "The chunks do not contain information about kernel-fusion speed-up factors for converting FP32 to INT8. The available da", "event": "answer.denial_reframe_retry", "correlation_id": "01KTYT2WBEJ12XBDPYW3XA4SHT", "query_preview": "What is the kernel-fusion speed-up factor for converting FP32 to INT8 according ", "level": "info", "timestamp": "2026-06-12T20:59:22.884950Z"}
{"prompt_tag": "answer@v5", "schema": "DraftAnswer", "model": "cyankiwi/Qwen3.5-4B-AWQ-4bit", "max_tokens": 1800, "temperature": 0.1, "top_p": 0.8, "presence_penalty": 1.0, "seed": 42, "message_count": 2, "event": "model_call.start", "correlation_id": "01KTYT2WBEJ12XBDPYW3XA4SHT", "query_preview": "What is the kernel-fusion speed-up factor for converting FP32 to INT8 according ", "level": "info", "timestamp": "2026-06-12T20:59:22.886906Z"}
Authentication error: Langfuse client initialized without public_key. Client will be disabled. Provide a public_key parameter or set LANGFUSE_PUBLIC_KEY environment variable. 
{"prompt_tag": "answer@v5", "schema": "DraftAnswer", "tokens": 5047, "event": "model_call.done", "correlation_id": "01KTYT2WBEJ12XBDPYW3XA4SHT", "query_preview": "What is the kernel-fusion speed-up factor for converting FP32 to INT8 according ", "level": "info", "timestamp": "2026-06-12T20:59:23.590464Z"}
{"node": "verify", "claim_count": 0, "event": "start", "correlation_id": "01KTYT2WBEJ12XBDPYW3XA4SHT", "query_preview": "What is the kernel-fusion speed-up factor for converting FP32 to INT8 according ", "level": "info", "timestamp": "2026-06-12T20:59:23.591259Z"}
{"node": "verify", "event": "empty_draft_shortcircuit", "correlation_id": "01KTYT2WBEJ12XBDPYW3XA4SHT", "query_preview": "What is the kernel-fusion speed-up factor for converting FP32 to INT8 according ", "level": "info", "timestamp": "2026-06-12T20:59:23.591295Z"}
{"node": "assess_relevance", "event": "start", "correlation_id": "01KTYT2WBEJ12XBDPYW3XA4SHT", "query_preview": "What is the kernel-fusion speed-up factor for converting FP32 to INT8 according ", "level": "info", "timestamp": "2026-06-12T20:59:23.592214Z"}
{"prompt_tag": "assess_relevance@v3", "schema": "RelevanceAssessment", "model": "cyankiwi/Qwen3.5-4B-AWQ-4bit", "max_tokens": 1024, "temperature": 0.1, "top_p": 0.8, "presence_penalty": 1.0, "seed": 42, "message_count": 1, "event": "model_call.start", "correlation_id": "01KTYT2WBEJ12XBDPYW3XA4SHT", "query_preview": "What is the kernel-fusion speed-up factor for converting FP32 to INT8 according ", "level": "info", "timestamp": "2026-06-12T20:59:23.593201Z"}
Authentication error: Langfuse client initialized without public_key. Client will be disabled. Provide a public_key parameter or set LANGFUSE_PUBLIC_KEY environment variable. 
{"prompt_tag": "assess_relevance@v3", "schema": "RelevanceAssessment", "tokens": 859, "event": "model_call.done", "correlation_id": "01KTYT2WBEJ12XBDPYW3XA4SHT", "query_preview": "What is the kernel-fusion speed-up factor for converting FP32 to INT8 according ", "level": "info", "timestamp": "2026-06-12T20:59:23.985803Z"}
{"node": "assess_relevance", "responsive": true, "event": "relevance", "correlation_id": "01KTYT2WBEJ12XBDPYW3XA4SHT", "query_preview": "What is the kernel-fusion speed-up factor for converting FP32 to INT8 according ", "level": "info", "timestamp": "2026-06-12T20:59:23.985853Z"}
{"node": "compose", "event": "start", "correlation_id": "01KTYT2WBEJ12XBDPYW3XA4SHT", "query_preview": "What is the kernel-fusion speed-up factor for converting FP32 to INT8 according ", "level": "info", "timestamp": "2026-06-12T20:59:23.986972Z"}
Authentication error: Langfuse client initialized without public_key. Client will be disabled. Provide a public_key parameter or set LANGFUSE_PUBLIC_KEY environment variable. 
{"node": "retrieve", "query_len": 89, "event": "start", "correlation_id": "01KTYT3RYKQT752DR8XQMB5TJG", "query_preview": "By how much has NVRTC compilation time improved since CUDA 11.8 for a hello-worl", "level": "info", "timestamp": "2026-06-12T20:59:23.988515Z"}
{"query_len": 89, "k": 50, "event": "hybrid.start", "correlation_id": "01KTYT3RYKQT752DR8XQMB5TJG", "query_preview": "By how much has NVRTC compilation time improved since CUDA 11.8 for a hello-worl", "level": "info", "timestamp": "2026-06-12T20:59:23.988552Z"}
{"query_len": 89, "k": 50, "dense": 50, "bm25": 0, "fused": 50, "term": false, "event": "hybrid.done", "correlation_id": "01KTYT3RYKQT752DR8XQMB5TJG", "query_preview": "By how much has NVRTC compilation time improved since CUDA 11.8 for a hello-worl", "level": "info", "timestamp": "2026-06-12T20:59:24.063121Z"}
{"node": "retrieve", "candidate_count": 50, "event": "done", "correlation_id": "01KTYT3RYKQT752DR8XQMB5TJG", "query_preview": "By how much has NVRTC compilation time improved since CUDA 11.8 for a hello-worl", "level": "info", "timestamp": "2026-06-12T20:59:24.064115Z"}
{"node": "expand_graph", "reason": "disabled_or_empty", "event": "skip", "correlation_id": "01KTYT3RYKQT752DR8XQMB5TJG", "query_preview": "By how much has NVRTC compilation time improved since CUDA 11.8 for a hello-worl", "level": "info", "timestamp": "2026-06-12T20:59:24.065735Z"}
{"node": "rerank", "candidate_count": 50, "event": "start", "correlation_id": "01KTYT3RYKQT752DR8XQMB5TJG", "query_preview": "By how much has NVRTC compilation time improved since CUDA 11.8 for a hello-worl", "level": "info", "timestamp": "2026-06-12T20:59:24.066379Z"}
{"node": "rerank", "top_k": 5, "source": "mode", "event": "top_k_resolved", "correlation_id": "01KTYT3RYKQT752DR8XQMB5TJG", "query_preview": "By how much has NVRTC compilation time improved since CUDA 11.8 for a hello-worl", "level": "info", "timestamp": "2026-06-12T20:59:24.066441Z"}
{"candidates": 50, "top_k": 5, "backend": "cross_encoder", "event": "rerank.start", "correlation_id": "01KTYT3RYKQT752DR8XQMB5TJG", "query_preview": "By how much has NVRTC compilation time improved since CUDA 11.8 for a hello-worl", "level": "info", "timestamp": "2026-06-12T20:59:24.066466Z"}
{"candidates": 50, "top_k": 5, "backend": "cross_encoder", "returned": 5, "event": "rerank.done", "correlation_id": "01KTYT3RYKQT752DR8XQMB5TJG", "query_preview": "By how much has NVRTC compilation time improved since CUDA 11.8 for a hello-worl", "level": "info", "timestamp": "2026-06-12T20:59:54.303638Z"}
{"node": "rerank", "reranked_count": 5, "event": "done", "correlation_id": "01KTYT3RYKQT752DR8XQMB5TJG", "query_preview": "By how much has NVRTC compilation time improved since CUDA 11.8 for a hello-worl", "level": "info", "timestamp": "2026-06-12T20:59:54.303737Z"}
{"node": "query_tables", "reason": "empty_or_not_table_shaped", "event": "skip", "correlation_id": "01KTYT3RYKQT752DR8XQMB5TJG", "query_preview": "By how much has NVRTC compilation time improved since CUDA 11.8 for a hello-worl", "level": "info", "timestamp": "2026-06-12T20:59:54.305485Z"}
{"node": "assess", "reranked_count": 5, "event": "start", "correlation_id": "01KTYT3RYKQT752DR8XQMB5TJG", "query_preview": "By how much has NVRTC compilation time improved since CUDA 11.8 for a hello-worl", "level": "info", "timestamp": "2026-06-12T20:59:54.306159Z"}
{"prompt_tag": "assess_sufficiency@v4", "schema": "SufficiencyAssessment", "model": "cyankiwi/Qwen3.5-4B-AWQ-4bit", "max_tokens": 1024, "temperature": 0.1, "top_p": 0.8, "presence_penalty": 1.0, "seed": 42, "message_count": 1, "event": "model_call.start", "correlation_id": "01KTYT3RYKQT752DR8XQMB5TJG", "query_preview": "By how much has NVRTC compilation time improved since CUDA 11.8 for a hello-worl", "level": "info", "timestamp": "2026-06-12T20:59:54.308177Z"}
Authentication error: Langfuse client initialized without public_key. Client will be disabled. Provide a public_key parameter or set LANGFUSE_PUBLIC_KEY environment variable. 
{"prompt_tag": "assess_sufficiency@v4", "schema": "SufficiencyAssessment", "tokens": 2887, "event": "model_call.done", "correlation_id": "01KTYT3RYKQT752DR8XQMB5TJG", "query_preview": "By how much has NVRTC compilation time improved since CUDA 11.8 for a hello-worl", "level": "info", "timestamp": "2026-06-12T20:59:55.261127Z"}
{"node": "answer", "regenerate_attempt": 0, "event": "start", "correlation_id": "01KTYT3RYKQT752DR8XQMB5TJG", "query_preview": "By how much has NVRTC compilation time improved since CUDA 11.8 for a hello-worl", "level": "info", "timestamp": "2026-06-12T20:59:55.262328Z"}
{"prompt_tag": "answer@v5", "schema": "DraftAnswer", "model": "cyankiwi/Qwen3.5-4B-AWQ-4bit", "max_tokens": 1800, "temperature": 0.1, "top_p": 0.8, "presence_penalty": 1.0, "seed": 42, "message_count": 2, "event": "model_call.start", "correlation_id": "01KTYT3RYKQT752DR8XQMB5TJG", "query_preview": "By how much has NVRTC compilation time improved since CUDA 11.8 for a hello-worl", "level": "info", "timestamp": "2026-06-12T20:59:55.264396Z"}
Authentication error: Langfuse client initialized without public_key. Client will be disabled. Provide a public_key parameter or set LANGFUSE_PUBLIC_KEY environment variable. 
{"prompt_tag": "answer@v5", "schema": "DraftAnswer", "tokens": 4481, "event": "model_call.done", "correlation_id": "01KTYT3RYKQT752DR8XQMB5TJG", "query_preview": "By how much has NVRTC compilation time improved since CUDA 11.8 for a hello-worl", "level": "info", "timestamp": "2026-06-12T20:59:56.500827Z"}
{"node": "answer", "summary_head": "The chunks contain a table showing NVRTC compilation times for CUDA versions 1-6, but do not include data for CUDA 11.8 ", "event": "answer.denial_reframe_retry", "correlation_id": "01KTYT3RYKQT752DR8XQMB5TJG", "query_preview": "By how much has NVRTC compilation time improved since CUDA 11.8 for a hello-worl", "level": "info", "timestamp": "2026-06-12T20:59:56.500895Z"}
{"prompt_tag": "answer@v5", "schema": "DraftAnswer", "model": "cyankiwi/Qwen3.5-4B-AWQ-4bit", "max_tokens": 1800, "temperature": 0.1, "top_p": 0.8, "presence_penalty": 1.0, "seed": 42, "message_count": 2, "event": "model_call.start", "correlation_id": "01KTYT3RYKQT752DR8XQMB5TJG", "query_preview": "By how much has NVRTC compilation time improved since CUDA 11.8 for a hello-worl", "level": "info", "timestamp": "2026-06-12T20:59:56.502799Z"}
Authentication error: Langfuse client initialized without public_key. Client will be disabled. Provide a public_key parameter or set LANGFUSE_PUBLIC_KEY environment variable. 
{"prompt_tag": "answer@v5", "schema": "DraftAnswer", "tokens": 4639, "event": "model_call.done", "correlation_id": "01KTYT3RYKQT752DR8XQMB5TJG", "query_preview": "By how much has NVRTC compilation time improved since CUDA 11.8 for a hello-worl", "level": "info", "timestamp": "2026-06-12T20:59:57.362136Z"}
{"node": "verify", "claim_count": 0, "event": "start", "correlation_id": "01KTYT3RYKQT752DR8XQMB5TJG", "query_preview": "By how much has NVRTC compilation time improved since CUDA 11.8 for a hello-worl", "level": "info", "timestamp": "2026-06-12T20:59:57.363112Z"}
{"node": "verify", "event": "empty_draft_shortcircuit", "correlation_id": "01KTYT3RYKQT752DR8XQMB5TJG", "query_preview": "By how much has NVRTC compilation time improved since CUDA 11.8 for a hello-worl", "level": "info", "timestamp": "2026-06-12T20:59:57.363151Z"}
{"node": "assess_relevance", "event": "start", "correlation_id": "01KTYT3RYKQT752DR8XQMB5TJG", "query_preview": "By how much has NVRTC compilation time improved since CUDA 11.8 for a hello-worl", "level": "info", "timestamp": "2026-06-12T20:59:57.364317Z"}
{"prompt_tag": "assess_relevance@v3", "schema": "RelevanceAssessment", "model": "cyankiwi/Qwen3.5-4B-AWQ-4bit", "max_tokens": 1024, "temperature": 0.1, "top_p": 0.8, "presence_penalty": 1.0, "seed": 42, "message_count": 1, "event": "model_call.start", "correlation_id": "01KTYT3RYKQT752DR8XQMB5TJG", "query_preview": "By how much has NVRTC compilation time improved since CUDA 11.8 for a hello-worl", "level": "info", "timestamp": "2026-06-12T20:59:57.365371Z"}
Authentication error: Langfuse client initialized without public_key. Client will be disabled. Provide a public_key parameter or set LANGFUSE_PUBLIC_KEY environment variable. 
{"prompt_tag": "assess_relevance@v3", "schema": "RelevanceAssessment", "tokens": 889, "event": "model_call.done", "correlation_id": "01KTYT3RYKQT752DR8XQMB5TJG", "query_preview": "By how much has NVRTC compilation time improved since CUDA 11.8 for a hello-worl", "level": "info", "timestamp": "2026-06-12T20:59:57.874317Z"}
{"node": "assess_relevance", "responsive": false, "event": "relevance", "correlation_id": "01KTYT3RYKQT752DR8XQMB5TJG", "query_preview": "By how much has NVRTC compilation time improved since CUDA 11.8 for a hello-worl", "level": "info", "timestamp": "2026-06-12T20:59:57.874383Z"}
{"node": "refuse", "event": "start", "correlation_id": "01KTYT3RYKQT752DR8XQMB5TJG", "query_preview": "By how much has NVRTC compilation time improved since CUDA 11.8 for a hello-worl", "level": "info", "timestamp": "2026-06-12T20:59:57.875844Z"}
Authentication error: Langfuse client initialized without public_key. Client will be disabled. Provide a public_key parameter or set LANGFUSE_PUBLIC_KEY environment variable. 
{"node": "retrieve", "query_len": 150, "event": "start", "correlation_id": "01KTYT4T1MT26373F57J2RQDKJ", "query_preview": "In the deck's basic kernel-fusion example, how many kernel launches does the unf", "level": "info", "timestamp": "2026-06-12T20:59:57.877481Z"}
{"query_len": 150, "k": 50, "event": "hybrid.start", "correlation_id": "01KTYT4T1MT26373F57J2RQDKJ", "query_preview": "In the deck's basic kernel-fusion example, how many kernel launches does the unf", "level": "info", "timestamp": "2026-06-12T20:59:57.877520Z"}
{"query_len": 150, "k": 50, "dense": 50, "bm25": 0, "fused": 50, "term": false, "event": "hybrid.done", "correlation_id": "01KTYT4T1MT26373F57J2RQDKJ", "query_preview": "In the deck's basic kernel-fusion example, how many kernel launches does the unf", "level": "info", "timestamp": "2026-06-12T20:59:57.961902Z"}
{"node": "retrieve", "candidate_count": 50, "event": "done", "correlation_id": "01KTYT4T1MT26373F57J2RQDKJ", "query_preview": "In the deck's basic kernel-fusion example, how many kernel launches does the unf", "level": "info", "timestamp": "2026-06-12T20:59:57.963485Z"}
{"node": "expand_graph", "reason": "disabled_or_empty", "event": "skip", "correlation_id": "01KTYT4T1MT26373F57J2RQDKJ", "query_preview": "In the deck's basic kernel-fusion example, how many kernel launches does the unf", "level": "info", "timestamp": "2026-06-12T20:59:57.965108Z"}
{"node": "rerank", "candidate_count": 50, "event": "start", "correlation_id": "01KTYT4T1MT26373F57J2RQDKJ", "query_preview": "In the deck's basic kernel-fusion example, how many kernel launches does the unf", "level": "info", "timestamp": "2026-06-12T20:59:57.965723Z"}
{"node": "rerank", "top_k": 5, "source": "mode", "event": "top_k_resolved", "correlation_id": "01KTYT4T1MT26373F57J2RQDKJ", "query_preview": "In the deck's basic kernel-fusion example, how many kernel launches does the unf", "level": "info", "timestamp": "2026-06-12T20:59:57.965783Z"}
{"candidates": 50, "top_k": 5, "backend": "cross_encoder", "event": "rerank.start", "correlation_id": "01KTYT4T1MT26373F57J2RQDKJ", "query_preview": "In the deck's basic kernel-fusion example, how many kernel launches does the unf", "level": "info", "timestamp": "2026-06-12T20:59:57.965818Z"}
{"candidates": 50, "top_k": 5, "backend": "cross_encoder", "returned": 5, "event": "rerank.done", "correlation_id": "01KTYT4T1MT26373F57J2RQDKJ", "query_preview": "In the deck's basic kernel-fusion example, how many kernel launches does the unf", "level": "info", "timestamp": "2026-06-12T21:00:25.300886Z"}
{"node": "rerank", "reranked_count": 5, "event": "done", "correlation_id": "01KTYT4T1MT26373F57J2RQDKJ", "query_preview": "In the deck's basic kernel-fusion example, how many kernel launches does the unf", "level": "info", "timestamp": "2026-06-12T21:00:25.300983Z"}
{"prompt_tag": "generate_table_sql@v1", "schema": "GeneratedSQL", "model": "cyankiwi/Qwen3.5-4B-AWQ-4bit", "max_tokens": 1024, "temperature": 0.1, "top_p": 0.8, "presence_penalty": 1.0, "seed": 42, "message_count": 1, "event": "model_call.start", "correlation_id": "01KTYT4T1MT26373F57J2RQDKJ", "query_preview": "In the deck's basic kernel-fusion example, how many kernel launches does the unf", "level": "info", "timestamp": "2026-06-12T21:00:25.307976Z"}
Authentication error: Langfuse client initialized without public_key. Client will be disabled. Provide a public_key parameter or set LANGFUSE_PUBLIC_KEY environment variable. 
{"prompt_tag": "generate_table_sql@v1", "schema": "GeneratedSQL", "tokens": 2042, "event": "model_call.done", "correlation_id": "01KTYT4T1MT26373F57J2RQDKJ", "query_preview": "In the deck's basic kernel-fusion example, how many kernel launches does the unf", "level": "info", "timestamp": "2026-06-12T21:00:26.367495Z"}
{"node": "query_doc_tables", "sql": "SELECT * FROM c_3e19286405 WHERE precision = 'FP32' AND operation = 'FMA' ORDER BY energy_per_flop_matrix_multiply__num ASC LIMIT 1", "target": "c_3e19286405", "event": "table_sql.generated", "correlation_id": "01KTYT4T1MT26373F57J2RQDKJ", "query_preview": "In the deck's basic kernel-fusion example, how many kernel launches does the unf", "level": "info", "timestamp": "2026-06-12T21:00:26.367572Z"}
{"node": "query_doc_tables", "target": "c_3e19286405", "event": "table_sql.no_result", "correlation_id": "01KTYT4T1MT26373F57J2RQDKJ", "query_preview": "In the deck's basic kernel-fusion example, how many kernel launches does the unf", "level": "info", "timestamp": "2026-06-12T21:00:26.368286Z"}
{"node": "query_tables", "event": "no_table_answer", "correlation_id": "01KTYT4T1MT26373F57J2RQDKJ", "query_preview": "In the deck's basic kernel-fusion example, how many kernel launches does the unf", "level": "info", "timestamp": "2026-06-12T21:00:26.368581Z"}
{"node": "assess", "reranked_count": 5, "event": "start", "correlation_id": "01KTYT4T1MT26373F57J2RQDKJ", "query_preview": "In the deck's basic kernel-fusion example, how many kernel launches does the unf", "level": "info", "timestamp": "2026-06-12T21:00:26.369453Z"}
{"prompt_tag": "assess_sufficiency@v4", "schema": "SufficiencyAssessment", "model": "cyankiwi/Qwen3.5-4B-AWQ-4bit", "max_tokens": 1024, "temperature": 0.1, "top_p": 0.8, "presence_penalty": 1.0, "seed": 42, "message_count": 1, "event": "model_call.start", "correlation_id": "01KTYT4T1MT26373F57J2RQDKJ", "query_preview": "In the deck's basic kernel-fusion example, how many kernel launches does the unf", "level": "info", "timestamp": "2026-06-12T21:00:26.371168Z"}
Authentication error: Langfuse client initialized without public_key. Client will be disabled. Provide a public_key parameter or set LANGFUSE_PUBLIC_KEY environment variable. 
{"prompt_tag": "assess_sufficiency@v4", "schema": "SufficiencyAssessment", "tokens": 3428, "event": "model_call.done", "correlation_id": "01KTYT4T1MT26373F57J2RQDKJ", "query_preview": "In the deck's basic kernel-fusion example, how many kernel launches does the unf", "level": "info", "timestamp": "2026-06-12T21:00:27.348725Z"}
{"node": "refuse", "event": "start", "correlation_id": "01KTYT4T1MT26373F57J2RQDKJ", "query_preview": "In the deck's basic kernel-fusion example, how many kernel launches does the unf", "level": "info", "timestamp": "2026-06-12T21:00:27.350118Z"}
Authentication error: Langfuse client initialized without public_key. Client will be disabled. Provide a public_key parameter or set LANGFUSE_PUBLIC_KEY environment variable. 
{"node": "retrieve", "query_len": 70, "event": "start", "correlation_id": "01KTYT5PTPX8BDEW86EQ6CV6B9", "query_preview": "What is the NVLink C2C bandwidth between the Grace CPU and Hopper GPU?", "level": "info", "timestamp": "2026-06-12T21:00:27.351871Z"}
{"query_len": 70, "k": 50, "event": "hybrid.start", "correlation_id": "01KTYT5PTPX8BDEW86EQ6CV6B9", "query_preview": "What is the NVLink C2C bandwidth between the Grace CPU and Hopper GPU?", "level": "info", "timestamp": "2026-06-12T21:00:27.351914Z"}
{"query_len": 70, "k": 50, "dense": 50, "bm25": 0, "fused": 50, "term": false, "event": "hybrid.done", "correlation_id": "01KTYT5PTPX8BDEW86EQ6CV6B9", "query_preview": "What is the NVLink C2C bandwidth between the Grace CPU and Hopper GPU?", "level": "info", "timestamp": "2026-06-12T21:00:27.420567Z"}
{"node": "retrieve", "candidate_count": 50, "event": "done", "correlation_id": "01KTYT5PTPX8BDEW86EQ6CV6B9", "query_preview": "What is the NVLink C2C bandwidth between the Grace CPU and Hopper GPU?", "level": "info", "timestamp": "2026-06-12T21:00:27.421541Z"}
{"node": "expand_graph", "reason": "disabled_or_empty", "event": "skip", "correlation_id": "01KTYT5PTPX8BDEW86EQ6CV6B9", "query_preview": "What is the NVLink C2C bandwidth between the Grace CPU and Hopper GPU?", "level": "info", "timestamp": "2026-06-12T21:00:27.422885Z"}
{"node": "rerank", "candidate_count": 50, "event": "start", "correlation_id": "01KTYT5PTPX8BDEW86EQ6CV6B9", "query_preview": "What is the NVLink C2C bandwidth between the Grace CPU and Hopper GPU?", "level": "info", "timestamp": "2026-06-12T21:00:27.423398Z"}
{"node": "rerank", "top_k": 5, "source": "mode", "event": "top_k_resolved", "correlation_id": "01KTYT5PTPX8BDEW86EQ6CV6B9", "query_preview": "What is the NVLink C2C bandwidth between the Grace CPU and Hopper GPU?", "level": "info", "timestamp": "2026-06-12T21:00:27.423448Z"}
{"candidates": 50, "top_k": 5, "backend": "cross_encoder", "event": "rerank.start", "correlation_id": "01KTYT5PTPX8BDEW86EQ6CV6B9", "query_preview": "What is the NVLink C2C bandwidth between the Grace CPU and Hopper GPU?", "level": "info", "timestamp": "2026-06-12T21:00:27.423479Z"}
{"candidates": 50, "top_k": 5, "backend": "cross_encoder", "returned": 5, "event": "rerank.done", "correlation_id": "01KTYT5PTPX8BDEW86EQ6CV6B9", "query_preview": "What is the NVLink C2C bandwidth between the Grace CPU and Hopper GPU?", "level": "info", "timestamp": "2026-06-12T21:00:52.337825Z"}
{"node": "rerank", "reranked_count": 5, "event": "done", "correlation_id": "01KTYT5PTPX8BDEW86EQ6CV6B9", "query_preview": "What is the NVLink C2C bandwidth between the Grace CPU and Hopper GPU?", "level": "info", "timestamp": "2026-06-12T21:00:52.337917Z"}
{"node": "query_tables", "reason": "empty_or_not_table_shaped", "event": "skip", "correlation_id": "01KTYT5PTPX8BDEW86EQ6CV6B9", "query_preview": "What is the NVLink C2C bandwidth between the Grace CPU and Hopper GPU?", "level": "info", "timestamp": "2026-06-12T21:00:52.339714Z"}
{"node": "assess", "reranked_count": 5, "event": "start", "correlation_id": "01KTYT5PTPX8BDEW86EQ6CV6B9", "query_preview": "What is the NVLink C2C bandwidth between the Grace CPU and Hopper GPU?", "level": "info", "timestamp": "2026-06-12T21:00:52.340447Z"}
{"prompt_tag": "assess_sufficiency@v4", "schema": "SufficiencyAssessment", "model": "cyankiwi/Qwen3.5-4B-AWQ-4bit", "max_tokens": 1024, "temperature": 0.1, "top_p": 0.8, "presence_penalty": 1.0, "seed": 42, "message_count": 1, "event": "model_call.start", "correlation_id": "01KTYT5PTPX8BDEW86EQ6CV6B9", "query_preview": "What is the NVLink C2C bandwidth between the Grace CPU and Hopper GPU?", "level": "info", "timestamp": "2026-06-12T21:00:52.342764Z"}
Authentication error: Langfuse client initialized without public_key. Client will be disabled. Provide a public_key parameter or set LANGFUSE_PUBLIC_KEY environment variable. 
{"prompt_tag": "assess_sufficiency@v4", "schema": "SufficiencyAssessment", "tokens": 1545, "event": "model_call.done", "correlation_id": "01KTYT5PTPX8BDEW86EQ6CV6B9", "query_preview": "What is the NVLink C2C bandwidth between the Grace CPU and Hopper GPU?", "level": "info", "timestamp": "2026-06-12T21:00:52.997812Z"}
{"node": "answer", "regenerate_attempt": 0, "event": "start", "correlation_id": "01KTYT5PTPX8BDEW86EQ6CV6B9", "query_preview": "What is the NVLink C2C bandwidth between the Grace CPU and Hopper GPU?", "level": "info", "timestamp": "2026-06-12T21:00:52.999254Z"}
{"prompt_tag": "answer@v5", "schema": "DraftAnswer", "model": "cyankiwi/Qwen3.5-4B-AWQ-4bit", "max_tokens": 1800, "temperature": 0.1, "top_p": 0.8, "presence_penalty": 1.0, "seed": 42, "message_count": 2, "event": "model_call.start", "correlation_id": "01KTYT5PTPX8BDEW86EQ6CV6B9", "query_preview": "What is the NVLink C2C bandwidth between the Grace CPU and Hopper GPU?", "level": "info", "timestamp": "2026-06-12T21:00:53.001304Z"}
Authentication error: Langfuse client initialized without public_key. Client will be disabled. Provide a public_key parameter or set LANGFUSE_PUBLIC_KEY environment variable. 
{"prompt_tag": "answer@v5", "schema": "DraftAnswer", "tokens": 3310, "event": "model_call.done", "correlation_id": "01KTYT5PTPX8BDEW86EQ6CV6B9", "query_preview": "What is the NVLink C2C bandwidth between the Grace CPU and Hopper GPU?", "level": "info", "timestamp": "2026-06-12T21:00:55.450951Z"}
{"node": "verify", "claim_count": 2, "event": "start", "correlation_id": "01KTYT5PTPX8BDEW86EQ6CV6B9", "query_preview": "What is the NVLink C2C bandwidth between the Grace CPU and Hopper GPU?", "level": "info", "timestamp": "2026-06-12T21:00:55.451968Z"}
{"prompt_tag": "verify_grounding@v2", "schema": "VerificationResult", "model": "cyankiwi/Qwen3.5-4B-AWQ-4bit", "max_tokens": 1024, "temperature": 0.1, "top_p": 0.8, "presence_penalty": 1.0, "seed": 42, "message_count": 1, "event": "model_call.start", "correlation_id": "01KTYT5PTPX8BDEW86EQ6CV6B9", "query_preview": "What is the NVLink C2C bandwidth between the Grace CPU and Hopper GPU?", "level": "info", "timestamp": "2026-06-12T21:00:55.455295Z"}
Authentication error: Langfuse client initialized without public_key. Client will be disabled. Provide a public_key parameter or set LANGFUSE_PUBLIC_KEY environment variable. 
{"prompt_tag": "verify_grounding@v2", "schema": "VerificationResult", "tokens": 1567, "event": "model_call.done", "correlation_id": "01KTYT5PTPX8BDEW86EQ6CV6B9", "query_preview": "What is the NVLink C2C bandwidth between the Grace CPU and Hopper GPU?", "level": "info", "timestamp": "2026-06-12T21:00:55.898770Z"}
{"node": "assess_relevance", "event": "start", "correlation_id": "01KTYT5PTPX8BDEW86EQ6CV6B9", "query_preview": "What is the NVLink C2C bandwidth between the Grace CPU and Hopper GPU?", "level": "info", "timestamp": "2026-06-12T21:00:55.899972Z"}
{"prompt_tag": "assess_relevance@v3", "schema": "RelevanceAssessment", "model": "cyankiwi/Qwen3.5-4B-AWQ-4bit", "max_tokens": 1024, "temperature": 0.1, "top_p": 0.8, "presence_penalty": 1.0, "seed": 42, "message_count": 1, "event": "model_call.start", "correlation_id": "01KTYT5PTPX8BDEW86EQ6CV6B9", "query_preview": "What is the NVLink C2C bandwidth between the Grace CPU and Hopper GPU?", "level": "info", "timestamp": "2026-06-12T21:00:55.900964Z"}
Authentication error: Langfuse client initialized without public_key. Client will be disabled. Provide a public_key parameter or set LANGFUSE_PUBLIC_KEY environment variable. 
{"prompt_tag": "assess_relevance@v3", "schema": "RelevanceAssessment", "tokens": 894, "event": "model_call.done", "correlation_id": "01KTYT5PTPX8BDEW86EQ6CV6B9", "query_preview": "What is the NVLink C2C bandwidth between the Grace CPU and Hopper GPU?", "level": "info", "timestamp": "2026-06-12T21:00:56.367125Z"}
{"node": "assess_relevance", "responsive": true, "event": "relevance", "correlation_id": "01KTYT5PTPX8BDEW86EQ6CV6B9", "query_preview": "What is the NVLink C2C bandwidth between the Grace CPU and Hopper GPU?", "level": "info", "timestamp": "2026-06-12T21:00:56.367180Z"}
{"node": "compose", "event": "start", "correlation_id": "01KTYT5PTPX8BDEW86EQ6CV6B9", "query_preview": "What is the NVLink C2C bandwidth between the Grace CPU and Hopper GPU?", "level": "info", "timestamp": "2026-06-12T21:00:56.368269Z"}
Authentication error: Langfuse client initialized without public_key. Client will be disabled. Provide a public_key parameter or set LANGFUSE_PUBLIC_KEY environment variable. 
{"node": "retrieve", "query_len": 82, "event": "start", "correlation_id": "01KTYT6K5G5WJXWMFC67K42ZJ9", "query_preview": "Which two programming-language abstractions does CUTLASS provide for tensor core", "level": "info", "timestamp": "2026-06-12T21:00:56.369703Z"}
{"query_len": 82, "k": 50, "event": "hybrid.start", "correlation_id": "01KTYT6K5G5WJXWMFC67K42ZJ9", "query_preview": "Which two programming-language abstractions does CUTLASS provide for tensor core", "level": "info", "timestamp": "2026-06-12T21:00:56.369739Z"}
{"query_len": 82, "k": 50, "dense": 50, "bm25": 0, "fused": 50, "term": false, "event": "hybrid.done", "correlation_id": "01KTYT6K5G5WJXWMFC67K42ZJ9", "query_preview": "Which two programming-language abstractions does CUTLASS provide for tensor core", "level": "info", "timestamp": "2026-06-12T21:00:56.449978Z"}
{"node": "retrieve", "candidate_count": 50, "event": "done", "correlation_id": "01KTYT6K5G5WJXWMFC67K42ZJ9", "query_preview": "Which two programming-language abstractions does CUTLASS provide for tensor core", "level": "info", "timestamp": "2026-06-12T21:00:56.450865Z"}
{"node": "expand_graph", "reason": "disabled_or_empty", "event": "skip", "correlation_id": "01KTYT6K5G5WJXWMFC67K42ZJ9", "query_preview": "Which two programming-language abstractions does CUTLASS provide for tensor core", "level": "info", "timestamp": "2026-06-12T21:00:56.452126Z"}
{"node": "rerank", "candidate_count": 50, "event": "start", "correlation_id": "01KTYT6K5G5WJXWMFC67K42ZJ9", "query_preview": "Which two programming-language abstractions does CUTLASS provide for tensor core", "level": "info", "timestamp": "2026-06-12T21:00:56.452616Z"}
{"node": "rerank", "top_k": 5, "source": "mode", "event": "top_k_resolved", "correlation_id": "01KTYT6K5G5WJXWMFC67K42ZJ9", "query_preview": "Which two programming-language abstractions does CUTLASS provide for tensor core", "level": "info", "timestamp": "2026-06-12T21:00:56.452671Z"}
{"candidates": 50, "top_k": 5, "backend": "cross_encoder", "event": "rerank.start", "correlation_id": "01KTYT6K5G5WJXWMFC67K42ZJ9", "query_preview": "Which two programming-language abstractions does CUTLASS provide for tensor core", "level": "info", "timestamp": "2026-06-12T21:00:56.452695Z"}
{"candidates": 50, "top_k": 5, "backend": "cross_encoder", "returned": 5, "event": "rerank.done", "correlation_id": "01KTYT6K5G5WJXWMFC67K42ZJ9", "query_preview": "Which two programming-language abstractions does CUTLASS provide for tensor core", "level": "info", "timestamp": "2026-06-12T21:01:18.851133Z"}
{"node": "rerank", "reranked_count": 5, "event": "done", "correlation_id": "01KTYT6K5G5WJXWMFC67K42ZJ9", "query_preview": "Which two programming-language abstractions does CUTLASS provide for tensor core", "level": "info", "timestamp": "2026-06-12T21:01:18.851244Z"}
{"node": "query_tables", "reason": "empty_or_not_table_shaped", "event": "skip", "correlation_id": "01KTYT6K5G5WJXWMFC67K42ZJ9", "query_preview": "Which two programming-language abstractions does CUTLASS provide for tensor core", "level": "info", "timestamp": "2026-06-12T21:01:18.852979Z"}
{"node": "assess", "reranked_count": 5, "event": "start", "correlation_id": "01KTYT6K5G5WJXWMFC67K42ZJ9", "query_preview": "Which two programming-language abstractions does CUTLASS provide for tensor core", "level": "info", "timestamp": "2026-06-12T21:01:18.853690Z"}
{"prompt_tag": "assess_sufficiency@v4", "schema": "SufficiencyAssessment", "model": "cyankiwi/Qwen3.5-4B-AWQ-4bit", "max_tokens": 1024, "temperature": 0.1, "top_p": 0.8, "presence_penalty": 1.0, "seed": 42, "message_count": 1, "event": "model_call.start", "correlation_id": "01KTYT6K5G5WJXWMFC67K42ZJ9", "query_preview": "Which two programming-language abstractions does CUTLASS provide for tensor core", "level": "info", "timestamp": "2026-06-12T21:01:18.855600Z"}
Authentication error: Langfuse client initialized without public_key. Client will be disabled. Provide a public_key parameter or set LANGFUSE_PUBLIC_KEY environment variable. 
{"prompt_tag": "assess_sufficiency@v4", "schema": "SufficiencyAssessment", "tokens": 1337, "event": "model_call.done", "correlation_id": "01KTYT6K5G5WJXWMFC67K42ZJ9", "query_preview": "Which two programming-language abstractions does CUTLASS provide for tensor core", "level": "info", "timestamp": "2026-06-12T21:01:19.423247Z"}
{"node": "answer", "regenerate_attempt": 0, "event": "start", "correlation_id": "01KTYT6K5G5WJXWMFC67K42ZJ9", "query_preview": "Which two programming-language abstractions does CUTLASS provide for tensor core", "level": "info", "timestamp": "2026-06-12T21:01:19.424335Z"}
{"prompt_tag": "answer@v5", "schema": "DraftAnswer", "model": "cyankiwi/Qwen3.5-4B-AWQ-4bit", "max_tokens": 1800, "temperature": 0.1, "top_p": 0.8, "presence_penalty": 1.0, "seed": 42, "message_count": 2, "event": "model_call.start", "correlation_id": "01KTYT6K5G5WJXWMFC67K42ZJ9", "query_preview": "Which two programming-language abstractions does CUTLASS provide for tensor core", "level": "info", "timestamp": "2026-06-12T21:01:19.426298Z"}
Authentication error: Langfuse client initialized without public_key. Client will be disabled. Provide a public_key parameter or set LANGFUSE_PUBLIC_KEY environment variable. 
{"prompt_tag": "answer@v5", "schema": "DraftAnswer", "tokens": 2982, "event": "model_call.done", "correlation_id": "01KTYT6K5G5WJXWMFC67K42ZJ9", "query_preview": "Which two programming-language abstractions does CUTLASS provide for tensor core", "level": "info", "timestamp": "2026-06-12T21:01:20.716522Z"}
{"node": "verify", "claim_count": 1, "event": "start", "correlation_id": "01KTYT6K5G5WJXWMFC67K42ZJ9", "query_preview": "Which two programming-language abstractions does CUTLASS provide for tensor core", "level": "info", "timestamp": "2026-06-12T21:01:20.717345Z"}
{"prompt_tag": "verify_grounding@v2", "schema": "VerificationResult", "model": "cyankiwi/Qwen3.5-4B-AWQ-4bit", "max_tokens": 1024, "temperature": 0.1, "top_p": 0.8, "presence_penalty": 1.0, "seed": 42, "message_count": 1, "event": "model_call.start", "correlation_id": "01KTYT6K5G5WJXWMFC67K42ZJ9", "query_preview": "Which two programming-language abstractions does CUTLASS provide for tensor core", "level": "info", "timestamp": "2026-06-12T21:01:20.720347Z"}
Authentication error: Langfuse client initialized without public_key. Client will be disabled. Provide a public_key parameter or set LANGFUSE_PUBLIC_KEY environment variable. 
{"prompt_tag": "verify_grounding@v2", "schema": "VerificationResult", "tokens": 1271, "event": "model_call.done", "correlation_id": "01KTYT6K5G5WJXWMFC67K42ZJ9", "query_preview": "Which two programming-language abstractions does CUTLASS provide for tensor core", "level": "info", "timestamp": "2026-06-12T21:01:21.095543Z"}
{"node": "assess_relevance", "event": "start", "correlation_id": "01KTYT6K5G5WJXWMFC67K42ZJ9", "query_preview": "Which two programming-language abstractions does CUTLASS provide for tensor core", "level": "info", "timestamp": "2026-06-12T21:01:21.096656Z"}
{"prompt_tag": "assess_relevance@v3", "schema": "RelevanceAssessment", "model": "cyankiwi/Qwen3.5-4B-AWQ-4bit", "max_tokens": 1024, "temperature": 0.1, "top_p": 0.8, "presence_penalty": 1.0, "seed": 42, "message_count": 1, "event": "model_call.start", "correlation_id": "01KTYT6K5G5WJXWMFC67K42ZJ9", "query_preview": "Which two programming-language abstractions does CUTLASS provide for tensor core", "level": "info", "timestamp": "2026-06-12T21:01:21.097630Z"}
Authentication error: Langfuse client initialized without public_key. Client will be disabled. Provide a public_key parameter or set LANGFUSE_PUBLIC_KEY environment variable. 
{"prompt_tag": "assess_relevance@v3", "schema": "RelevanceAssessment", "tokens": 827, "event": "model_call.done", "correlation_id": "01KTYT6K5G5WJXWMFC67K42ZJ9", "query_preview": "Which two programming-language abstractions does CUTLASS provide for tensor core", "level": "info", "timestamp": "2026-06-12T21:01:21.486201Z"}
{"node": "assess_relevance", "responsive": true, "event": "relevance", "correlation_id": "01KTYT6K5G5WJXWMFC67K42ZJ9", "query_preview": "Which two programming-language abstractions does CUTLASS provide for tensor core", "level": "info", "timestamp": "2026-06-12T21:01:21.486254Z"}
{"node": "compose", "event": "start", "correlation_id": "01KTYT6K5G5WJXWMFC67K42ZJ9", "query_preview": "Which two programming-language abstractions does CUTLASS provide for tensor core", "level": "info", "timestamp": "2026-06-12T21:01:21.487334Z"}
Authentication error: Langfuse client initialized without public_key. Client will be disabled. Provide a public_key parameter or set LANGFUSE_PUBLIC_KEY environment variable. 
{"node": "retrieve", "query_len": 112, "event": "start", "correlation_id": "01KTYT7BPFV8YHK0H6TF76Q3JT", "query_preview": "What new NVRTC flag reduces front-end compilation time by excluding rarely-used ", "level": "info", "timestamp": "2026-06-12T21:01:21.488769Z"}
{"query_len": 112, "k": 50, "event": "hybrid.start", "correlation_id": "01KTYT7BPFV8YHK0H6TF76Q3JT", "query_preview": "What new NVRTC flag reduces front-end compilation time by excluding rarely-used ", "level": "info", "timestamp": "2026-06-12T21:01:21.488806Z"}
{"query_len": 112, "k": 50, "dense": 50, "bm25": 0, "fused": 50, "term": false, "event": "hybrid.done", "correlation_id": "01KTYT7BPFV8YHK0H6TF76Q3JT", "query_preview": "What new NVRTC flag reduces front-end compilation time by excluding rarely-used ", "level": "info", "timestamp": "2026-06-12T21:01:21.562274Z"}
{"node": "retrieve", "candidate_count": 50, "event": "done", "correlation_id": "01KTYT7BPFV8YHK0H6TF76Q3JT", "query_preview": "What new NVRTC flag reduces front-end compilation time by excluding rarely-used ", "level": "info", "timestamp": "2026-06-12T21:01:21.563236Z"}
{"node": "expand_graph", "reason": "disabled_or_empty", "event": "skip", "correlation_id": "01KTYT7BPFV8YHK0H6TF76Q3JT", "query_preview": "What new NVRTC flag reduces front-end compilation time by excluding rarely-used ", "level": "info", "timestamp": "2026-06-12T21:01:21.564532Z"}
{"node": "rerank", "candidate_count": 50, "event": "start", "correlation_id": "01KTYT7BPFV8YHK0H6TF76Q3JT", "query_preview": "What new NVRTC flag reduces front-end compilation time by excluding rarely-used ", "level": "info", "timestamp": "2026-06-12T21:01:21.565030Z"}
{"node": "rerank", "top_k": 5, "source": "mode", "event": "top_k_resolved", "correlation_id": "01KTYT7BPFV8YHK0H6TF76Q3JT", "query_preview": "What new NVRTC flag reduces front-end compilation time by excluding rarely-used ", "level": "info", "timestamp": "2026-06-12T21:01:21.565084Z"}
{"candidates": 50, "top_k": 5, "backend": "cross_encoder", "event": "rerank.start", "correlation_id": "01KTYT7BPFV8YHK0H6TF76Q3JT", "query_preview": "What new NVRTC flag reduces front-end compilation time by excluding rarely-used ", "level": "info", "timestamp": "2026-06-12T21:01:21.565109Z"}
{"candidates": 50, "top_k": 5, "backend": "cross_encoder", "returned": 5, "event": "rerank.done", "correlation_id": "01KTYT7BPFV8YHK0H6TF76Q3JT", "query_preview": "What new NVRTC flag reduces front-end compilation time by excluding rarely-used ", "level": "info", "timestamp": "2026-06-12T21:01:42.302668Z"}
{"node": "rerank", "reranked_count": 5, "event": "done", "correlation_id": "01KTYT7BPFV8YHK0H6TF76Q3JT", "query_preview": "What new NVRTC flag reduces front-end compilation time by excluding rarely-used ", "level": "info", "timestamp": "2026-06-12T21:01:42.302771Z"}
{"node": "query_tables", "reason": "empty_or_not_table_shaped", "event": "skip", "correlation_id": "01KTYT7BPFV8YHK0H6TF76Q3JT", "query_preview": "What new NVRTC flag reduces front-end compilation time by excluding rarely-used ", "level": "info", "timestamp": "2026-06-12T21:01:42.304582Z"}
{"node": "assess", "reranked_count": 5, "event": "start", "correlation_id": "01KTYT7BPFV8YHK0H6TF76Q3JT", "query_preview": "What new NVRTC flag reduces front-end compilation time by excluding rarely-used ", "level": "info", "timestamp": "2026-06-12T21:01:42.305292Z"}
{"prompt_tag": "assess_sufficiency@v4", "schema": "SufficiencyAssessment", "model": "cyankiwi/Qwen3.5-4B-AWQ-4bit", "max_tokens": 1024, "temperature": 0.1, "top_p": 0.8, "presence_penalty": 1.0, "seed": 42, "message_count": 1, "event": "model_call.start", "correlation_id": "01KTYT7BPFV8YHK0H6TF76Q3JT", "query_preview": "What new NVRTC flag reduces front-end compilation time by excluding rarely-used ", "level": "info", "timestamp": "2026-06-12T21:01:42.307320Z"}
Authentication error: Langfuse client initialized without public_key. Client will be disabled. Provide a public_key parameter or set LANGFUSE_PUBLIC_KEY environment variable. 
{"prompt_tag": "assess_sufficiency@v4", "schema": "SufficiencyAssessment", "tokens": 2790, "event": "model_call.done", "correlation_id": "01KTYT7BPFV8YHK0H6TF76Q3JT", "query_preview": "What new NVRTC flag reduces front-end compilation time by excluding rarely-used ", "level": "info", "timestamp": "2026-06-12T21:01:43.523169Z"}
{"node": "answer", "regenerate_attempt": 0, "event": "start", "correlation_id": "01KTYT7BPFV8YHK0H6TF76Q3JT", "query_preview": "What new NVRTC flag reduces front-end compilation time by excluding rarely-used ", "level": "info", "timestamp": "2026-06-12T21:01:43.524585Z"}
{"prompt_tag": "answer@v5", "schema": "DraftAnswer", "model": "cyankiwi/Qwen3.5-4B-AWQ-4bit", "max_tokens": 1800, "temperature": 0.1, "top_p": 0.8, "presence_penalty": 1.0, "seed": 42, "message_count": 2, "event": "model_call.start", "correlation_id": "01KTYT7BPFV8YHK0H6TF76Q3JT", "query_preview": "What new NVRTC flag reduces front-end compilation time by excluding rarely-used ", "level": "info", "timestamp": "2026-06-12T21:01:43.527360Z"}
Authentication error: Langfuse client initialized without public_key. Client will be disabled. Provide a public_key parameter or set LANGFUSE_PUBLIC_KEY environment variable. 
{"prompt_tag": "answer@v5", "schema": "DraftAnswer", "tokens": 4404, "event": "model_call.done", "correlation_id": "01KTYT7BPFV8YHK0H6TF76Q3JT", "query_preview": "What new NVRTC flag reduces front-end compilation time by excluding rarely-used ", "level": "info", "timestamp": "2026-06-12T21:01:45.211522Z"}
{"node": "verify", "claim_count": 1, "event": "start", "correlation_id": "01KTYT7BPFV8YHK0H6TF76Q3JT", "query_preview": "What new NVRTC flag reduces front-end compilation time by excluding rarely-used ", "level": "info", "timestamp": "2026-06-12T21:01:45.212693Z"}
{"prompt_tag": "verify_grounding@v2", "schema": "VerificationResult", "model": "cyankiwi/Qwen3.5-4B-AWQ-4bit", "max_tokens": 1024, "temperature": 0.1, "top_p": 0.8, "presence_penalty": 1.0, "seed": 42, "message_count": 1, "event": "model_call.start", "correlation_id": "01KTYT7BPFV8YHK0H6TF76Q3JT", "query_preview": "What new NVRTC flag reduces front-end compilation time by excluding rarely-used ", "level": "info", "timestamp": "2026-06-12T21:01:45.215693Z"}
Authentication error: Langfuse client initialized without public_key. Client will be disabled. Provide a public_key parameter or set LANGFUSE_PUBLIC_KEY environment variable. 
{"prompt_tag": "verify_grounding@v2", "schema": "VerificationResult", "tokens": 2499, "event": "model_call.done", "correlation_id": "01KTYT7BPFV8YHK0H6TF76Q3JT", "query_preview": "What new NVRTC flag reduces front-end compilation time by excluding rarely-used ", "level": "info", "timestamp": "2026-06-12T21:01:45.780079Z"}
{"node": "assess_relevance", "event": "start", "correlation_id": "01KTYT7BPFV8YHK0H6TF76Q3JT", "query_preview": "What new NVRTC flag reduces front-end compilation time by excluding rarely-used ", "level": "info", "timestamp": "2026-06-12T21:01:45.781259Z"}
{"prompt_tag": "assess_relevance@v3", "schema": "RelevanceAssessment", "model": "cyankiwi/Qwen3.5-4B-AWQ-4bit", "max_tokens": 1024, "temperature": 0.1, "top_p": 0.8, "presence_penalty": 1.0, "seed": 42, "message_count": 1, "event": "model_call.start", "correlation_id": "01KTYT7BPFV8YHK0H6TF76Q3JT", "query_preview": "What new NVRTC flag reduces front-end compilation time by excluding rarely-used ", "level": "info", "timestamp": "2026-06-12T21:01:45.782238Z"}
Authentication error: Langfuse client initialized without public_key. Client will be disabled. Provide a public_key parameter or set LANGFUSE_PUBLIC_KEY environment variable. 
{"prompt_tag": "assess_relevance@v3", "schema": "RelevanceAssessment", "tokens": 852, "event": "model_call.done", "correlation_id": "01KTYT7BPFV8YHK0H6TF76Q3JT", "query_preview": "What new NVRTC flag reduces front-end compilation time by excluding rarely-used ", "level": "info", "timestamp": "2026-06-12T21:01:46.175623Z"}
{"node": "assess_relevance", "responsive": true, "event": "relevance", "correlation_id": "01KTYT7BPFV8YHK0H6TF76Q3JT", "query_preview": "What new NVRTC flag reduces front-end compilation time by excluding rarely-used ", "level": "info", "timestamp": "2026-06-12T21:01:46.175691Z"}
{"node": "compose", "event": "start", "correlation_id": "01KTYT7BPFV8YHK0H6TF76Q3JT", "query_preview": "What new NVRTC flag reduces front-end compilation time by excluding rarely-used ", "level": "info", "timestamp": "2026-06-12T21:01:46.176902Z"}
Authentication error: Langfuse client initialized without public_key. Client will be disabled. Provide a public_key parameter or set LANGFUSE_PUBLIC_KEY environment variable. 
{"node": "retrieve", "query_len": 92, "event": "start", "correlation_id": "01KTYT83T1PPCGRKSYVB8A9M3D", "query_preview": "How much lower are the overheads of the NVRTC '-minimal' flag compared to the de", "level": "info", "timestamp": "2026-06-12T21:01:46.178339Z"}
{"query_len": 92, "k": 50, "event": "hybrid.start", "correlation_id": "01KTYT83T1PPCGRKSYVB8A9M3D", "query_preview": "How much lower are the overheads of the NVRTC '-minimal' flag compared to the de", "level": "info", "timestamp": "2026-06-12T21:01:46.178374Z"}
{"query_len": 92, "k": 50, "dense": 50, "bm25": 0, "fused": 50, "term": false, "event": "hybrid.done", "correlation_id": "01KTYT83T1PPCGRKSYVB8A9M3D", "query_preview": "How much lower are the overheads of the NVRTC '-minimal' flag compared to the de", "level": "info", "timestamp": "2026-06-12T21:01:46.255862Z"}
{"node": "retrieve", "candidate_count": 50, "event": "done", "correlation_id": "01KTYT83T1PPCGRKSYVB8A9M3D", "query_preview": "How much lower are the overheads of the NVRTC '-minimal' flag compared to the de", "level": "info", "timestamp": "2026-06-12T21:01:46.256717Z"}
{"node": "expand_graph", "reason": "disabled_or_empty", "event": "skip", "correlation_id": "01KTYT83T1PPCGRKSYVB8A9M3D", "query_preview": "How much lower are the overheads of the NVRTC '-minimal' flag compared to the de", "level": "info", "timestamp": "2026-06-12T21:01:46.258170Z"}
{"node": "rerank", "candidate_count": 50, "event": "start", "correlation_id": "01KTYT83T1PPCGRKSYVB8A9M3D", "query_preview": "How much lower are the overheads of the NVRTC '-minimal' flag compared to the de", "level": "info", "timestamp": "2026-06-12T21:01:46.258839Z"}
{"node": "rerank", "top_k": 5, "source": "mode", "event": "top_k_resolved", "correlation_id": "01KTYT83T1PPCGRKSYVB8A9M3D", "query_preview": "How much lower are the overheads of the NVRTC '-minimal' flag compared to the de", "level": "info", "timestamp": "2026-06-12T21:01:46.258893Z"}
{"candidates": 50, "top_k": 5, "backend": "cross_encoder", "event": "rerank.start", "correlation_id": "01KTYT83T1PPCGRKSYVB8A9M3D", "query_preview": "How much lower are the overheads of the NVRTC '-minimal' flag compared to the de", "level": "info", "timestamp": "2026-06-12T21:01:46.258916Z"}
{"candidates": 50, "top_k": 5, "backend": "cross_encoder", "returned": 5, "event": "rerank.done", "correlation_id": "01KTYT83T1PPCGRKSYVB8A9M3D", "query_preview": "How much lower are the overheads of the NVRTC '-minimal' flag compared to the de", "level": "info", "timestamp": "2026-06-12T21:02:07.628226Z"}
{"node": "rerank", "reranked_count": 5, "event": "done", "correlation_id": "01KTYT83T1PPCGRKSYVB8A9M3D", "query_preview": "How much lower are the overheads of the NVRTC '-minimal' flag compared to the de", "level": "info", "timestamp": "2026-06-12T21:02:07.628333Z"}
{"node": "query_tables", "reason": "empty_or_not_table_shaped", "event": "skip", "correlation_id": "01KTYT83T1PPCGRKSYVB8A9M3D", "query_preview": "How much lower are the overheads of the NVRTC '-minimal' flag compared to the de", "level": "info", "timestamp": "2026-06-12T21:02:07.630108Z"}
{"node": "assess", "reranked_count": 5, "event": "start", "correlation_id": "01KTYT83T1PPCGRKSYVB8A9M3D", "query_preview": "How much lower are the overheads of the NVRTC '-minimal' flag compared to the de", "level": "info", "timestamp": "2026-06-12T21:02:07.630830Z"}
{"prompt_tag": "assess_sufficiency@v4", "schema": "SufficiencyAssessment", "model": "cyankiwi/Qwen3.5-4B-AWQ-4bit", "max_tokens": 1024, "temperature": 0.1, "top_p": 0.8, "presence_penalty": 1.0, "seed": 42, "message_count": 1, "event": "model_call.start", "correlation_id": "01KTYT83T1PPCGRKSYVB8A9M3D", "query_preview": "How much lower are the overheads of the NVRTC '-minimal' flag compared to the de", "level": "info", "timestamp": "2026-06-12T21:02:07.632877Z"}
Authentication error: Langfuse client initialized without public_key. Client will be disabled. Provide a public_key parameter or set LANGFUSE_PUBLIC_KEY environment variable. 
{"prompt_tag": "assess_sufficiency@v4", "schema": "SufficiencyAssessment", "tokens": 2617, "event": "model_call.done", "correlation_id": "01KTYT83T1PPCGRKSYVB8A9M3D", "query_preview": "How much lower are the overheads of the NVRTC '-minimal' flag compared to the de", "level": "info", "timestamp": "2026-06-12T21:02:08.508081Z"}
{"node": "answer", "regenerate_attempt": 0, "event": "start", "correlation_id": "01KTYT83T1PPCGRKSYVB8A9M3D", "query_preview": "How much lower are the overheads of the NVRTC '-minimal' flag compared to the de", "level": "info", "timestamp": "2026-06-12T21:02:08.509395Z"}
{"prompt_tag": "answer@v5", "schema": "DraftAnswer", "model": "cyankiwi/Qwen3.5-4B-AWQ-4bit", "max_tokens": 1800, "temperature": 0.1, "top_p": 0.8, "presence_penalty": 1.0, "seed": 42, "message_count": 2, "event": "model_call.start", "correlation_id": "01KTYT83T1PPCGRKSYVB8A9M3D", "query_preview": "How much lower are the overheads of the NVRTC '-minimal' flag compared to the de", "level": "info", "timestamp": "2026-06-12T21:02:08.511397Z"}
Authentication error: Langfuse client initialized without public_key. Client will be disabled. Provide a public_key parameter or set LANGFUSE_PUBLIC_KEY environment variable. 
{"prompt_tag": "answer@v5", "schema": "DraftAnswer", "tokens": 4274, "event": "model_call.done", "correlation_id": "01KTYT83T1PPCGRKSYVB8A9M3D", "query_preview": "How much lower are the overheads of the NVRTC '-minimal' flag compared to the de", "level": "info", "timestamp": "2026-06-12T21:02:10.226422Z"}
{"node": "verify", "claim_count": 1, "event": "start", "correlation_id": "01KTYT83T1PPCGRKSYVB8A9M3D", "query_preview": "How much lower are the overheads of the NVRTC '-minimal' flag compared to the de", "level": "info", "timestamp": "2026-06-12T21:02:10.227228Z"}
{"prompt_tag": "verify_grounding@v2", "schema": "VerificationResult", "model": "cyankiwi/Qwen3.5-4B-AWQ-4bit", "max_tokens": 1024, "temperature": 0.1, "top_p": 0.8, "presence_penalty": 1.0, "seed": 42, "message_count": 1, "event": "model_call.start", "correlation_id": "01KTYT83T1PPCGRKSYVB8A9M3D", "query_preview": "How much lower are the overheads of the NVRTC '-minimal' flag compared to the de", "level": "info", "timestamp": "2026-06-12T21:02:10.230264Z"}
Authentication error: Langfuse client initialized without public_key. Client will be disabled. Provide a public_key parameter or set LANGFUSE_PUBLIC_KEY environment variable. 
{"prompt_tag": "verify_grounding@v2", "schema": "VerificationResult", "tokens": 2332, "event": "model_call.done", "correlation_id": "01KTYT83T1PPCGRKSYVB8A9M3D", "query_preview": "How much lower are the overheads of the NVRTC '-minimal' flag compared to the de", "level": "info", "timestamp": "2026-06-12T21:02:10.770681Z"}
{"prompt_tag": "verify_grounding@v2", "schema": "VerificationResult", "model": "cyankiwi/Qwen3.5-4B-AWQ-4bit", "max_tokens": 1024, "temperature": 0.1, "top_p": 0.8, "presence_penalty": 1.0, "seed": 42, "message_count": 1, "event": "model_call.start", "correlation_id": "01KTYT83T1PPCGRKSYVB8A9M3D", "query_preview": "How much lower are the overheads of the NVRTC '-minimal' flag compared to the de", "level": "info", "timestamp": "2026-06-12T21:02:10.772602Z"}
Authentication error: Langfuse client initialized without public_key. Client will be disabled. Provide a public_key parameter or set LANGFUSE_PUBLIC_KEY environment variable. 
{"prompt_tag": "verify_grounding@v2", "schema": "VerificationResult", "tokens": 556, "event": "model_call.done", "correlation_id": "01KTYT83T1PPCGRKSYVB8A9M3D", "query_preview": "How much lower are the overheads of the NVRTC '-minimal' flag compared to the de", "level": "info", "timestamp": "2026-06-12T21:02:11.047575Z"}
{"prompt_tag": "verify_grounding@v2", "schema": "VerificationResult", "model": "cyankiwi/Qwen3.5-4B-AWQ-4bit", "max_tokens": 1024, "temperature": 0.1, "top_p": 0.8, "presence_penalty": 1.0, "seed": 42, "message_count": 1, "event": "model_call.start", "correlation_id": "01KTYT83T1PPCGRKSYVB8A9M3D", "query_preview": "How much lower are the overheads of the NVRTC '-minimal' flag compared to the de", "level": "info", "timestamp": "2026-06-12T21:02:11.049572Z"}
Authentication error: Langfuse client initialized without public_key. Client will be disabled. Provide a public_key parameter or set LANGFUSE_PUBLIC_KEY environment variable. 
{"prompt_tag": "verify_grounding@v2", "schema": "VerificationResult", "tokens": 702, "event": "model_call.done", "correlation_id": "01KTYT83T1PPCGRKSYVB8A9M3D", "query_preview": "How much lower are the overheads of the NVRTC '-minimal' flag compared to the de", "level": "info", "timestamp": "2026-06-12T21:02:11.343193Z"}
{"prompt_tag": "verify_grounding@v2", "schema": "VerificationResult", "model": "cyankiwi/Qwen3.5-4B-AWQ-4bit", "max_tokens": 1024, "temperature": 0.1, "top_p": 0.8, "presence_penalty": 1.0, "seed": 42, "message_count": 1, "event": "model_call.start", "correlation_id": "01KTYT83T1PPCGRKSYVB8A9M3D", "query_preview": "How much lower are the overheads of the NVRTC '-minimal' flag compared to the de", "level": "info", "timestamp": "2026-06-12T21:02:11.345113Z"}
Authentication error: Langfuse client initialized without public_key. Client will be disabled. Provide a public_key parameter or set LANGFUSE_PUBLIC_KEY environment variable. 
{"prompt_tag": "verify_grounding@v2", "schema": "VerificationResult", "tokens": 679, "event": "model_call.done", "correlation_id": "01KTYT83T1PPCGRKSYVB8A9M3D", "query_preview": "How much lower are the overheads of the NVRTC '-minimal' flag compared to the de", "level": "info", "timestamp": "2026-06-12T21:02:11.635701Z"}
{"prompt_tag": "verify_grounding@v2", "schema": "VerificationResult", "model": "cyankiwi/Qwen3.5-4B-AWQ-4bit", "max_tokens": 1024, "temperature": 0.1, "top_p": 0.8, "presence_penalty": 1.0, "seed": 42, "message_count": 1, "event": "model_call.start", "correlation_id": "01KTYT83T1PPCGRKSYVB8A9M3D", "query_preview": "How much lower are the overheads of the NVRTC '-minimal' flag compared to the de", "level": "info", "timestamp": "2026-06-12T21:02:11.637744Z"}
Authentication error: Langfuse client initialized without public_key. Client will be disabled. Provide a public_key parameter or set LANGFUSE_PUBLIC_KEY environment variable. 
{"prompt_tag": "verify_grounding@v2", "schema": "VerificationResult", "tokens": 1040, "event": "model_call.done", "correlation_id": "01KTYT83T1PPCGRKSYVB8A9M3D", "query_preview": "How much lower are the overheads of the NVRTC '-minimal' flag compared to the de", "level": "info", "timestamp": "2026-06-12T21:02:11.977685Z"}
{"prompt_tag": "verify_grounding@v2", "schema": "VerificationResult", "model": "cyankiwi/Qwen3.5-4B-AWQ-4bit", "max_tokens": 1024, "temperature": 0.1, "top_p": 0.8, "presence_penalty": 1.0, "seed": 42, "message_count": 1, "event": "model_call.start", "correlation_id": "01KTYT83T1PPCGRKSYVB8A9M3D", "query_preview": "How much lower are the overheads of the NVRTC '-minimal' flag compared to the de", "level": "info", "timestamp": "2026-06-12T21:02:11.979695Z"}
Authentication error: Langfuse client initialized without public_key. Client will be disabled. Provide a public_key parameter or set LANGFUSE_PUBLIC_KEY environment variable. 
{"prompt_tag": "verify_grounding@v2", "schema": "VerificationResult", "tokens": 961, "event": "model_call.done", "correlation_id": "01KTYT83T1PPCGRKSYVB8A9M3D", "query_preview": "How much lower are the overheads of the NVRTC '-minimal' flag compared to the de", "level": "info", "timestamp": "2026-06-12T21:02:12.308887Z"}
{"node": "refuse", "event": "start", "correlation_id": "01KTYT83T1PPCGRKSYVB8A9M3D", "query_preview": "How much lower are the overheads of the NVRTC '-minimal' flag compared to the de", "level": "info", "timestamp": "2026-06-12T21:02:12.310099Z"}
Authentication error: Langfuse client initialized without public_key. Client will be disabled. Provide a public_key parameter or set LANGFUSE_PUBLIC_KEY environment variable. 
{"node": "retrieve", "query_len": 101, "event": "start", "correlation_id": "01KTYT8XAPFCJ1KGRETFN481VZ", "query_preview": "What method does the deck describe for getting IEEE-754 FP64-accurate results fr", "level": "info", "timestamp": "2026-06-12T21:02:12.311635Z"}
{"query_len": 101, "k": 50, "event": "hybrid.start", "correlation_id": "01KTYT8XAPFCJ1KGRETFN481VZ", "query_preview": "What method does the deck describe for getting IEEE-754 FP64-accurate results fr", "level": "info", "timestamp": "2026-06-12T21:02:12.311673Z"}
{"query_len": 101, "k": 50, "dense": 50, "bm25": 0, "fused": 50, "term": false, "event": "hybrid.done", "correlation_id": "01KTYT8XAPFCJ1KGRETFN481VZ", "query_preview": "What method does the deck describe for getting IEEE-754 FP64-accurate results fr", "level": "info", "timestamp": "2026-06-12T21:02:12.385578Z"}
{"node": "retrieve", "candidate_count": 50, "event": "done", "correlation_id": "01KTYT8XAPFCJ1KGRETFN481VZ", "query_preview": "What method does the deck describe for getting IEEE-754 FP64-accurate results fr", "level": "info", "timestamp": "2026-06-12T21:02:12.386880Z"}
{"node": "expand_graph", "reason": "disabled_or_empty", "event": "skip", "correlation_id": "01KTYT8XAPFCJ1KGRETFN481VZ", "query_preview": "What method does the deck describe for getting IEEE-754 FP64-accurate results fr", "level": "info", "timestamp": "2026-06-12T21:02:12.388858Z"}
{"node": "rerank", "candidate_count": 50, "event": "start", "correlation_id": "01KTYT8XAPFCJ1KGRETFN481VZ", "query_preview": "What method does the deck describe for getting IEEE-754 FP64-accurate results fr", "level": "info", "timestamp": "2026-06-12T21:02:12.389582Z"}
{"node": "rerank", "top_k": 5, "source": "mode", "event": "top_k_resolved", "correlation_id": "01KTYT8XAPFCJ1KGRETFN481VZ", "query_preview": "What method does the deck describe for getting IEEE-754 FP64-accurate results fr", "level": "info", "timestamp": "2026-06-12T21:02:12.389637Z"}
{"candidates": 50, "top_k": 5, "backend": "cross_encoder", "event": "rerank.start", "correlation_id": "01KTYT8XAPFCJ1KGRETFN481VZ", "query_preview": "What method does the deck describe for getting IEEE-754 FP64-accurate results fr", "level": "info", "timestamp": "2026-06-12T21:02:12.389662Z"}
{"candidates": 50, "top_k": 5, "backend": "cross_encoder", "returned": 5, "event": "rerank.done", "correlation_id": "01KTYT8XAPFCJ1KGRETFN481VZ", "query_preview": "What method does the deck describe for getting IEEE-754 FP64-accurate results fr", "level": "info", "timestamp": "2026-06-12T21:02:39.334215Z"}
{"node": "rerank", "reranked_count": 5, "event": "done", "correlation_id": "01KTYT8XAPFCJ1KGRETFN481VZ", "query_preview": "What method does the deck describe for getting IEEE-754 FP64-accurate results fr", "level": "info", "timestamp": "2026-06-12T21:02:39.338960Z"}
{"node": "query_tables", "reason": "empty_or_not_table_shaped", "event": "skip", "correlation_id": "01KTYT8XAPFCJ1KGRETFN481VZ", "query_preview": "What method does the deck describe for getting IEEE-754 FP64-accurate results fr", "level": "info", "timestamp": "2026-06-12T21:02:39.341004Z"}
{"node": "assess", "reranked_count": 5, "event": "start", "correlation_id": "01KTYT8XAPFCJ1KGRETFN481VZ", "query_preview": "What method does the deck describe for getting IEEE-754 FP64-accurate results fr", "level": "info", "timestamp": "2026-06-12T21:02:39.341880Z"}
{"prompt_tag": "assess_sufficiency@v4", "schema": "SufficiencyAssessment", "model": "cyankiwi/Qwen3.5-4B-AWQ-4bit", "max_tokens": 1024, "temperature": 0.1, "top_p": 0.8, "presence_penalty": 1.0, "seed": 42, "message_count": 1, "event": "model_call.start", "correlation_id": "01KTYT8XAPFCJ1KGRETFN481VZ", "query_preview": "What method does the deck describe for getting IEEE-754 FP64-accurate results fr", "level": "info", "timestamp": "2026-06-12T21:02:39.343663Z"}
Authentication error: Langfuse client initialized without public_key. Client will be disabled. Provide a public_key parameter or set LANGFUSE_PUBLIC_KEY environment variable. 
{"prompt_tag": "assess_sufficiency@v4", "schema": "SufficiencyAssessment", "tokens": 1983, "event": "model_call.done", "correlation_id": "01KTYT8XAPFCJ1KGRETFN481VZ", "query_preview": "What method does the deck describe for getting IEEE-754 FP64-accurate results fr", "level": "info", "timestamp": "2026-06-12T21:02:40.098265Z"}
{"node": "answer", "regenerate_attempt": 0, "event": "start", "correlation_id": "01KTYT8XAPFCJ1KGRETFN481VZ", "query_preview": "What method does the deck describe for getting IEEE-754 FP64-accurate results fr", "level": "info", "timestamp": "2026-06-12T21:02:40.099395Z"}
{"prompt_tag": "answer@v5", "schema": "DraftAnswer", "model": "cyankiwi/Qwen3.5-4B-AWQ-4bit", "max_tokens": 1800, "temperature": 0.1, "top_p": 0.8, "presence_penalty": 1.0, "seed": 42, "message_count": 2, "event": "model_call.start", "correlation_id": "01KTYT8XAPFCJ1KGRETFN481VZ", "query_preview": "What method does the deck describe for getting IEEE-754 FP64-accurate results fr", "level": "info", "timestamp": "2026-06-12T21:02:40.101326Z"}
Authentication error: Langfuse client initialized without public_key. Client will be disabled. Provide a public_key parameter or set LANGFUSE_PUBLIC_KEY environment variable. 
{"prompt_tag": "answer@v5", "schema": "DraftAnswer", "tokens": 3846, "event": "model_call.done", "correlation_id": "01KTYT8XAPFCJ1KGRETFN481VZ", "query_preview": "What method does the deck describe for getting IEEE-754 FP64-accurate results fr", "level": "info", "timestamp": "2026-06-12T21:02:43.536791Z"}
{"node": "verify", "claim_count": 2, "event": "start", "correlation_id": "01KTYT8XAPFCJ1KGRETFN481VZ", "query_preview": "What method does the deck describe for getting IEEE-754 FP64-accurate results fr", "level": "info", "timestamp": "2026-06-12T21:02:43.537581Z"}
{"prompt_tag": "verify_grounding@v2", "schema": "VerificationResult", "model": "cyankiwi/Qwen3.5-4B-AWQ-4bit", "max_tokens": 1024, "temperature": 0.1, "top_p": 0.8, "presence_penalty": 1.0, "seed": 42, "message_count": 1, "event": "model_call.start", "correlation_id": "01KTYT8XAPFCJ1KGRETFN481VZ", "query_preview": "What method does the deck describe for getting IEEE-754 FP64-accurate results fr", "level": "info", "timestamp": "2026-06-12T21:02:43.540639Z"}
Authentication error: Langfuse client initialized without public_key. Client will be disabled. Provide a public_key parameter or set LANGFUSE_PUBLIC_KEY environment variable. 
{"prompt_tag": "verify_grounding@v2", "schema": "VerificationResult", "tokens": 1823, "event": "model_call.done", "correlation_id": "01KTYT8XAPFCJ1KGRETFN481VZ", "query_preview": "What method does the deck describe for getting IEEE-754 FP64-accurate results fr", "level": "info", "timestamp": "2026-06-12T21:02:44.026753Z"}
{"node": "assess_relevance", "event": "start", "correlation_id": "01KTYT8XAPFCJ1KGRETFN481VZ", "query_preview": "What method does the deck describe for getting IEEE-754 FP64-accurate results fr", "level": "info", "timestamp": "2026-06-12T21:02:44.027859Z"}
{"prompt_tag": "assess_relevance@v3", "schema": "RelevanceAssessment", "model": "cyankiwi/Qwen3.5-4B-AWQ-4bit", "max_tokens": 1024, "temperature": 0.1, "top_p": 0.8, "presence_penalty": 1.0, "seed": 42, "message_count": 1, "event": "model_call.start", "correlation_id": "01KTYT8XAPFCJ1KGRETFN481VZ", "query_preview": "What method does the deck describe for getting IEEE-754 FP64-accurate results fr", "level": "info", "timestamp": "2026-06-12T21:02:44.028869Z"}
Authentication error: Langfuse client initialized without public_key. Client will be disabled. Provide a public_key parameter or set LANGFUSE_PUBLIC_KEY environment variable. 
{"prompt_tag": "assess_relevance@v3", "schema": "RelevanceAssessment", "tokens": 1003, "event": "model_call.done", "correlation_id": "01KTYT8XAPFCJ1KGRETFN481VZ", "query_preview": "What method does the deck describe for getting IEEE-754 FP64-accurate results fr", "level": "info", "timestamp": "2026-06-12T21:02:44.606493Z"}
{"node": "assess_relevance", "responsive": true, "event": "relevance", "correlation_id": "01KTYT8XAPFCJ1KGRETFN481VZ", "query_preview": "What method does the deck describe for getting IEEE-754 FP64-accurate results fr", "level": "info", "timestamp": "2026-06-12T21:02:44.606546Z"}
{"node": "compose", "event": "start", "correlation_id": "01KTYT8XAPFCJ1KGRETFN481VZ", "query_preview": "What method does the deck describe for getting IEEE-754 FP64-accurate results fr", "level": "info", "timestamp": "2026-06-12T21:02:44.607652Z"}
Authentication error: Langfuse client initialized without public_key. Client will be disabled. Provide a public_key parameter or set LANGFUSE_PUBLIC_KEY environment variable. 
{"node": "retrieve", "query_len": 77, "event": "start", "correlation_id": "01KTYT9WW033XQ93MQGEED34AZ", "query_preview": "What does the Grace-Hopper unified memory address space refer to in the deck?", "level": "info", "timestamp": "2026-06-12T21:02:44.609074Z"}
{"query_len": 77, "k": 50, "event": "hybrid.start", "correlation_id": "01KTYT9WW033XQ93MQGEED34AZ", "query_preview": "What does the Grace-Hopper unified memory address space refer to in the deck?", "level": "info", "timestamp": "2026-06-12T21:02:44.609117Z"}
{"query_len": 77, "k": 50, "dense": 50, "bm25": 0, "fused": 50, "term": false, "event": "hybrid.done", "correlation_id": "01KTYT9WW033XQ93MQGEED34AZ", "query_preview": "What does the Grace-Hopper unified memory address space refer to in the deck?", "level": "info", "timestamp": "2026-06-12T21:02:44.683522Z"}
{"node": "retrieve", "candidate_count": 50, "event": "done", "correlation_id": "01KTYT9WW033XQ93MQGEED34AZ", "query_preview": "What does the Grace-Hopper unified memory address space refer to in the deck?", "level": "info", "timestamp": "2026-06-12T21:02:44.684473Z"}
{"node": "expand_graph", "reason": "disabled_or_empty", "event": "skip", "correlation_id": "01KTYT9WW033XQ93MQGEED34AZ", "query_preview": "What does the Grace-Hopper unified memory address space refer to in the deck?", "level": "info", "timestamp": "2026-06-12T21:02:44.686159Z"}
{"node": "rerank", "candidate_count": 50, "event": "start", "correlation_id": "01KTYT9WW033XQ93MQGEED34AZ", "query_preview": "What does the Grace-Hopper unified memory address space refer to in the deck?", "level": "info", "timestamp": "2026-06-12T21:02:44.686808Z"}
{"node": "rerank", "top_k": 5, "source": "mode", "event": "top_k_resolved", "correlation_id": "01KTYT9WW033XQ93MQGEED34AZ", "query_preview": "What does the Grace-Hopper unified memory address space refer to in the deck?", "level": "info", "timestamp": "2026-06-12T21:02:44.686862Z"}
{"candidates": 50, "top_k": 5, "backend": "cross_encoder", "event": "rerank.start", "correlation_id": "01KTYT9WW033XQ93MQGEED34AZ", "query_preview": "What does the Grace-Hopper unified memory address space refer to in the deck?", "level": "info", "timestamp": "2026-06-12T21:02:44.686885Z"}
{"candidates": 50, "top_k": 5, "backend": "cross_encoder", "returned": 5, "event": "rerank.done", "correlation_id": "01KTYT9WW033XQ93MQGEED34AZ", "query_preview": "What does the Grace-Hopper unified memory address space refer to in the deck?", "level": "info", "timestamp": "2026-06-12T21:03:05.028903Z"}
{"node": "rerank", "reranked_count": 5, "event": "done", "correlation_id": "01KTYT9WW033XQ93MQGEED34AZ", "query_preview": "What does the Grace-Hopper unified memory address space refer to in the deck?", "level": "info", "timestamp": "2026-06-12T21:03:05.029000Z"}
{"node": "query_tables", "reason": "empty_or_not_table_shaped", "event": "skip", "correlation_id": "01KTYT9WW033XQ93MQGEED34AZ", "query_preview": "What does the Grace-Hopper unified memory address space refer to in the deck?", "level": "info", "timestamp": "2026-06-12T21:03:05.031002Z"}
{"node": "assess", "reranked_count": 5, "event": "start", "correlation_id": "01KTYT9WW033XQ93MQGEED34AZ", "query_preview": "What does the Grace-Hopper unified memory address space refer to in the deck?", "level": "info", "timestamp": "2026-06-12T21:03:05.031824Z"}
{"prompt_tag": "assess_sufficiency@v4", "schema": "SufficiencyAssessment", "model": "cyankiwi/Qwen3.5-4B-AWQ-4bit", "max_tokens": 1024, "temperature": 0.1, "top_p": 0.8, "presence_penalty": 1.0, "seed": 42, "message_count": 1, "event": "model_call.start", "correlation_id": "01KTYT9WW033XQ93MQGEED34AZ", "query_preview": "What does the Grace-Hopper unified memory address space refer to in the deck?", "level": "info", "timestamp": "2026-06-12T21:03:05.033928Z"}
Authentication error: Langfuse client initialized without public_key. Client will be disabled. Provide a public_key parameter or set LANGFUSE_PUBLIC_KEY environment variable. 
{"prompt_tag": "assess_sufficiency@v4", "schema": "SufficiencyAssessment", "tokens": 1805, "event": "model_call.done", "correlation_id": "01KTYT9WW033XQ93MQGEED34AZ", "query_preview": "What does the Grace-Hopper unified memory address space refer to in the deck?", "level": "info", "timestamp": "2026-06-12T21:03:05.902860Z"}
{"node": "answer", "regenerate_attempt": 0, "event": "start", "correlation_id": "01KTYT9WW033XQ93MQGEED34AZ", "query_preview": "What does the Grace-Hopper unified memory address space refer to in the deck?", "level": "info", "timestamp": "2026-06-12T21:03:05.904875Z"}
{"prompt_tag": "answer@v5", "schema": "DraftAnswer", "model": "cyankiwi/Qwen3.5-4B-AWQ-4bit", "max_tokens": 1800, "temperature": 0.1, "top_p": 0.8, "presence_penalty": 1.0, "seed": 42, "message_count": 2, "event": "model_call.start", "correlation_id": "01KTYT9WW033XQ93MQGEED34AZ", "query_preview": "What does the Grace-Hopper unified memory address space refer to in the deck?", "level": "info", "timestamp": "2026-06-12T21:03:05.907122Z"}
Authentication error: Langfuse client initialized without public_key. Client will be disabled. Provide a public_key parameter or set LANGFUSE_PUBLIC_KEY environment variable. 
{"prompt_tag": "answer@v5", "schema": "DraftAnswer", "tokens": 3455, "event": "model_call.done", "correlation_id": "01KTYT9WW033XQ93MQGEED34AZ", "query_preview": "What does the Grace-Hopper unified memory address space refer to in the deck?", "level": "info", "timestamp": "2026-06-12T21:03:07.546574Z"}
{"node": "verify", "claim_count": 1, "event": "start", "correlation_id": "01KTYT9WW033XQ93MQGEED34AZ", "query_preview": "What does the Grace-Hopper unified memory address space refer to in the deck?", "level": "info", "timestamp": "2026-06-12T21:03:07.547865Z"}
{"prompt_tag": "verify_grounding@v2", "schema": "VerificationResult", "model": "cyankiwi/Qwen3.5-4B-AWQ-4bit", "max_tokens": 1024, "temperature": 0.1, "top_p": 0.8, "presence_penalty": 1.0, "seed": 42, "message_count": 1, "event": "model_call.start", "correlation_id": "01KTYT9WW033XQ93MQGEED34AZ", "query_preview": "What does the Grace-Hopper unified memory address space refer to in the deck?", "level": "info", "timestamp": "2026-06-12T21:03:07.552228Z"}
Authentication error: Langfuse client initialized without public_key. Client will be disabled. Provide a public_key parameter or set LANGFUSE_PUBLIC_KEY environment variable. 
{"prompt_tag": "verify_grounding@v2", "schema": "VerificationResult", "tokens": 1722, "event": "model_call.done", "correlation_id": "01KTYT9WW033XQ93MQGEED34AZ", "query_preview": "What does the Grace-Hopper unified memory address space refer to in the deck?", "level": "info", "timestamp": "2026-06-12T21:03:07.999051Z"}
{"node": "assess_relevance", "event": "start", "correlation_id": "01KTYT9WW033XQ93MQGEED34AZ", "query_preview": "What does the Grace-Hopper unified memory address space refer to in the deck?", "level": "info", "timestamp": "2026-06-12T21:03:08.000982Z"}
{"prompt_tag": "assess_relevance@v3", "schema": "RelevanceAssessment", "model": "cyankiwi/Qwen3.5-4B-AWQ-4bit", "max_tokens": 1024, "temperature": 0.1, "top_p": 0.8, "presence_penalty": 1.0, "seed": 42, "message_count": 1, "event": "model_call.start", "correlation_id": "01KTYT9WW033XQ93MQGEED34AZ", "query_preview": "What does the Grace-Hopper unified memory address space refer to in the deck?", "level": "info", "timestamp": "2026-06-12T21:03:08.002347Z"}
Authentication error: Langfuse client initialized without public_key. Client will be disabled. Provide a public_key parameter or set LANGFUSE_PUBLIC_KEY environment variable. 
{"prompt_tag": "assess_relevance@v3", "schema": "RelevanceAssessment", "tokens": 863, "event": "model_call.done", "correlation_id": "01KTYT9WW033XQ93MQGEED34AZ", "query_preview": "What does the Grace-Hopper unified memory address space refer to in the deck?", "level": "info", "timestamp": "2026-06-12T21:03:08.412825Z"}
{"node": "assess_relevance", "responsive": true, "event": "relevance", "correlation_id": "01KTYT9WW033XQ93MQGEED34AZ", "query_preview": "What does the Grace-Hopper unified memory address space refer to in the deck?", "level": "info", "timestamp": "2026-06-12T21:03:08.412874Z"}
{"node": "compose", "event": "start", "correlation_id": "01KTYT9WW033XQ93MQGEED34AZ", "query_preview": "What does the Grace-Hopper unified memory address space refer to in the deck?", "level": "info", "timestamp": "2026-06-12T21:03:08.415371Z"}
Authentication error: Langfuse client initialized without public_key. Client will be disabled. Provide a public_key parameter or set LANGFUSE_PUBLIC_KEY environment variable. 
{"node": "retrieve", "query_len": 91, "event": "start", "correlation_id": "01KTYTAM406P213DCHH2C86Z6H", "query_preview": "What is the energy cost of an FP16 Tensor Core MMA matrix multiply relative to a", "level": "info", "timestamp": "2026-06-12T21:03:08.417537Z"}
{"query_len": 91, "k": 50, "event": "hybrid.start", "correlation_id": "01KTYTAM406P213DCHH2C86Z6H", "query_preview": "What is the energy cost of an FP16 Tensor Core MMA matrix multiply relative to a", "level": "info", "timestamp": "2026-06-12T21:03:08.417580Z"}
{"query_len": 91, "k": 50, "dense": 50, "bm25": 0, "fused": 50, "term": false, "event": "hybrid.done", "correlation_id": "01KTYTAM406P213DCHH2C86Z6H", "query_preview": "What is the energy cost of an FP16 Tensor Core MMA matrix multiply relative to a", "level": "info", "timestamp": "2026-06-12T21:03:08.505907Z"}
{"node": "retrieve", "candidate_count": 50, "event": "done", "correlation_id": "01KTYTAM406P213DCHH2C86Z6H", "query_preview": "What is the energy cost of an FP16 Tensor Core MMA matrix multiply relative to a", "level": "info", "timestamp": "2026-06-12T21:03:08.507231Z"}
{"node": "expand_graph", "reason": "disabled_or_empty", "event": "skip", "correlation_id": "01KTYTAM406P213DCHH2C86Z6H", "query_preview": "What is the energy cost of an FP16 Tensor Core MMA matrix multiply relative to a", "level": "info", "timestamp": "2026-06-12T21:03:08.508872Z"}
{"node": "rerank", "candidate_count": 50, "event": "start", "correlation_id": "01KTYTAM406P213DCHH2C86Z6H", "query_preview": "What is the energy cost of an FP16 Tensor Core MMA matrix multiply relative to a", "level": "info", "timestamp": "2026-06-12T21:03:08.509488Z"}
{"node": "rerank", "top_k": 5, "source": "mode", "event": "top_k_resolved", "correlation_id": "01KTYTAM406P213DCHH2C86Z6H", "query_preview": "What is the energy cost of an FP16 Tensor Core MMA matrix multiply relative to a", "level": "info", "timestamp": "2026-06-12T21:03:08.509550Z"}
{"candidates": 50, "top_k": 5, "backend": "cross_encoder", "event": "rerank.start", "correlation_id": "01KTYTAM406P213DCHH2C86Z6H", "query_preview": "What is the energy cost of an FP16 Tensor Core MMA matrix multiply relative to a", "level": "info", "timestamp": "2026-06-12T21:03:08.509586Z"}
{"candidates": 50, "top_k": 5, "backend": "cross_encoder", "returned": 5, "event": "rerank.done", "correlation_id": "01KTYTAM406P213DCHH2C86Z6H", "query_preview": "What is the energy cost of an FP16 Tensor Core MMA matrix multiply relative to a", "level": "info", "timestamp": "2026-06-12T21:03:34.649409Z"}
{"node": "rerank", "reranked_count": 5, "event": "done", "correlation_id": "01KTYTAM406P213DCHH2C86Z6H", "query_preview": "What is the energy cost of an FP16 Tensor Core MMA matrix multiply relative to a", "level": "info", "timestamp": "2026-06-12T21:03:34.649490Z"}
{"node": "query_tables", "reason": "empty_or_not_table_shaped", "event": "skip", "correlation_id": "01KTYTAM406P213DCHH2C86Z6H", "query_preview": "What is the energy cost of an FP16 Tensor Core MMA matrix multiply relative to a", "level": "info", "timestamp": "2026-06-12T21:03:34.651248Z"}
{"node": "assess", "reranked_count": 5, "event": "start", "correlation_id": "01KTYTAM406P213DCHH2C86Z6H", "query_preview": "What is the energy cost of an FP16 Tensor Core MMA matrix multiply relative to a", "level": "info", "timestamp": "2026-06-12T21:03:34.651945Z"}
{"prompt_tag": "assess_sufficiency@v4", "schema": "SufficiencyAssessment", "model": "cyankiwi/Qwen3.5-4B-AWQ-4bit", "max_tokens": 1024, "temperature": 0.1, "top_p": 0.8, "presence_penalty": 1.0, "seed": 42, "message_count": 1, "event": "model_call.start", "correlation_id": "01KTYTAM406P213DCHH2C86Z6H", "query_preview": "What is the energy cost of an FP16 Tensor Core MMA matrix multiply relative to a", "level": "info", "timestamp": "2026-06-12T21:03:34.653557Z"}
Authentication error: Langfuse client initialized without public_key. Client will be disabled. Provide a public_key parameter or set LANGFUSE_PUBLIC_KEY environment variable. 
{"prompt_tag": "assess_sufficiency@v4", "schema": "SufficiencyAssessment", "tokens": 3395, "event": "model_call.done", "correlation_id": "01KTYTAM406P213DCHH2C86Z6H", "query_preview": "What is the energy cost of an FP16 Tensor Core MMA matrix multiply relative to a", "level": "info", "timestamp": "2026-06-12T21:03:35.718748Z"}
{"node": "answer", "regenerate_attempt": 0, "event": "start", "correlation_id": "01KTYTAM406P213DCHH2C86Z6H", "query_preview": "What is the energy cost of an FP16 Tensor Core MMA matrix multiply relative to a", "level": "info", "timestamp": "2026-06-12T21:03:35.720008Z"}
{"prompt_tag": "answer@v5", "schema": "DraftAnswer", "model": "cyankiwi/Qwen3.5-4B-AWQ-4bit", "max_tokens": 1800, "temperature": 0.1, "top_p": 0.8, "presence_penalty": 1.0, "seed": 42, "message_count": 2, "event": "model_call.start", "correlation_id": "01KTYTAM406P213DCHH2C86Z6H", "query_preview": "What is the energy cost of an FP16 Tensor Core MMA matrix multiply relative to a", "level": "info", "timestamp": "2026-06-12T21:03:35.722631Z"}
Authentication error: Langfuse client initialized without public_key. Client will be disabled. Provide a public_key parameter or set LANGFUSE_PUBLIC_KEY environment variable. 
{"prompt_tag": "answer@v5", "schema": "DraftAnswer", "tokens": 5053, "event": "model_call.done", "correlation_id": "01KTYTAM406P213DCHH2C86Z6H", "query_preview": "What is the energy cost of an FP16 Tensor Core MMA matrix multiply relative to a", "level": "info", "timestamp": "2026-06-12T21:03:37.669302Z"}
{"node": "verify", "claim_count": 1, "event": "start", "correlation_id": "01KTYTAM406P213DCHH2C86Z6H", "query_preview": "What is the energy cost of an FP16 Tensor Core MMA matrix multiply relative to a", "level": "info", "timestamp": "2026-06-12T21:03:37.670088Z"}
{"prompt_tag": "verify_grounding@v2", "schema": "VerificationResult", "model": "cyankiwi/Qwen3.5-4B-AWQ-4bit", "max_tokens": 1024, "temperature": 0.1, "top_p": 0.8, "presence_penalty": 1.0, "seed": 42, "message_count": 1, "event": "model_call.start", "correlation_id": "01KTYTAM406P213DCHH2C86Z6H", "query_preview": "What is the energy cost of an FP16 Tensor Core MMA matrix multiply relative to a", "level": "info", "timestamp": "2026-06-12T21:03:37.673126Z"}
Authentication error: Langfuse client initialized without public_key. Client will be disabled. Provide a public_key parameter or set LANGFUSE_PUBLIC_KEY environment variable. 
{"prompt_tag": "verify_grounding@v2", "schema": "VerificationResult", "tokens": 2218, "event": "model_call.done", "correlation_id": "01KTYTAM406P213DCHH2C86Z6H", "query_preview": "What is the energy cost of an FP16 Tensor Core MMA matrix multiply relative to a", "level": "info", "timestamp": "2026-06-12T21:03:38.197292Z"}
{"node": "assess_relevance", "event": "start", "correlation_id": "01KTYTAM406P213DCHH2C86Z6H", "query_preview": "What is the energy cost of an FP16 Tensor Core MMA matrix multiply relative to a", "level": "info", "timestamp": "2026-06-12T21:03:38.198454Z"}
{"prompt_tag": "assess_relevance@v3", "schema": "RelevanceAssessment", "model": "cyankiwi/Qwen3.5-4B-AWQ-4bit", "max_tokens": 1024, "temperature": 0.1, "top_p": 0.8, "presence_penalty": 1.0, "seed": 42, "message_count": 1, "event": "model_call.start", "correlation_id": "01KTYTAM406P213DCHH2C86Z6H", "query_preview": "What is the energy cost of an FP16 Tensor Core MMA matrix multiply relative to a", "level": "info", "timestamp": "2026-06-12T21:03:38.199469Z"}
Authentication error: Langfuse client initialized without public_key. Client will be disabled. Provide a public_key parameter or set LANGFUSE_PUBLIC_KEY environment variable. 
{"prompt_tag": "assess_relevance@v3", "schema": "RelevanceAssessment", "tokens": 878, "event": "model_call.done", "correlation_id": "01KTYTAM406P213DCHH2C86Z6H", "query_preview": "What is the energy cost of an FP16 Tensor Core MMA matrix multiply relative to a", "level": "info", "timestamp": "2026-06-12T21:03:38.654631Z"}
{"node": "assess_relevance", "responsive": true, "event": "relevance", "correlation_id": "01KTYTAM406P213DCHH2C86Z6H", "query_preview": "What is the energy cost of an FP16 Tensor Core MMA matrix multiply relative to a", "level": "info", "timestamp": "2026-06-12T21:03:38.654694Z"}
{"node": "compose", "event": "start", "correlation_id": "01KTYTAM406P213DCHH2C86Z6H", "query_preview": "What is the energy cost of an FP16 Tensor Core MMA matrix multiply relative to a", "level": "info", "timestamp": "2026-06-12T21:03:38.655746Z"}
Authentication error: Langfuse client initialized without public_key. Client will be disabled. Provide a public_key parameter or set LANGFUSE_PUBLIC_KEY environment variable. 
{"node": "retrieve", "query_len": 104, "event": "start", "correlation_id": "01KTYTBHN0AFXNGR279DJ8J7V0", "query_preview": "What is the deck's central thesis about the right performance metric to optimise", "level": "info", "timestamp": "2026-06-12T21:03:38.657158Z"}
{"query_len": 104, "k": 50, "event": "hybrid.start", "correlation_id": "01KTYTBHN0AFXNGR279DJ8J7V0", "query_preview": "What is the deck's central thesis about the right performance metric to optimise", "level": "info", "timestamp": "2026-06-12T21:03:38.657193Z"}
{"query_len": 104, "k": 50, "dense": 50, "bm25": 0, "fused": 50, "term": false, "event": "hybrid.done", "correlation_id": "01KTYTBHN0AFXNGR279DJ8J7V0", "query_preview": "What is the deck's central thesis about the right performance metric to optimise", "level": "info", "timestamp": "2026-06-12T21:03:38.744382Z"}
{"node": "retrieve", "candidate_count": 50, "event": "done", "correlation_id": "01KTYTBHN0AFXNGR279DJ8J7V0", "query_preview": "What is the deck's central thesis about the right performance metric to optimise", "level": "info", "timestamp": "2026-06-12T21:03:38.745321Z"}
{"node": "expand_graph", "reason": "disabled_or_empty", "event": "skip", "correlation_id": "01KTYTBHN0AFXNGR279DJ8J7V0", "query_preview": "What is the deck's central thesis about the right performance metric to optimise", "level": "info", "timestamp": "2026-06-12T21:03:38.746594Z"}
{"node": "rerank", "candidate_count": 50, "event": "start", "correlation_id": "01KTYTBHN0AFXNGR279DJ8J7V0", "query_preview": "What is the deck's central thesis about the right performance metric to optimise", "level": "info", "timestamp": "2026-06-12T21:03:38.747068Z"}
{"node": "rerank", "top_k": 5, "source": "mode", "event": "top_k_resolved", "correlation_id": "01KTYTBHN0AFXNGR279DJ8J7V0", "query_preview": "What is the deck's central thesis about the right performance metric to optimise", "level": "info", "timestamp": "2026-06-12T21:03:38.747118Z"}
{"candidates": 50, "top_k": 5, "backend": "cross_encoder", "event": "rerank.start", "correlation_id": "01KTYTBHN0AFXNGR279DJ8J7V0", "query_preview": "What is the deck's central thesis about the right performance metric to optimise", "level": "info", "timestamp": "2026-06-12T21:03:38.747142Z"}
{"candidates": 50, "top_k": 5, "backend": "cross_encoder", "returned": 5, "event": "rerank.done", "correlation_id": "01KTYTBHN0AFXNGR279DJ8J7V0", "query_preview": "What is the deck's central thesis about the right performance metric to optimise", "level": "info", "timestamp": "2026-06-12T21:04:16.073554Z"}
{"node": "rerank", "reranked_count": 5, "event": "done", "correlation_id": "01KTYTBHN0AFXNGR279DJ8J7V0", "query_preview": "What is the deck's central thesis about the right performance metric to optimise", "level": "info", "timestamp": "2026-06-12T21:04:16.073655Z"}
{"node": "query_tables", "reason": "empty_or_not_table_shaped", "event": "skip", "correlation_id": "01KTYTBHN0AFXNGR279DJ8J7V0", "query_preview": "What is the deck's central thesis about the right performance metric to optimise", "level": "info", "timestamp": "2026-06-12T21:04:16.075694Z"}
{"node": "assess", "reranked_count": 5, "event": "start", "correlation_id": "01KTYTBHN0AFXNGR279DJ8J7V0", "query_preview": "What is the deck's central thesis about the right performance metric to optimise", "level": "info", "timestamp": "2026-06-12T21:04:16.076449Z"}
{"prompt_tag": "assess_sufficiency@v4", "schema": "SufficiencyAssessment", "model": "cyankiwi/Qwen3.5-4B-AWQ-4bit", "max_tokens": 1024, "temperature": 0.1, "top_p": 0.8, "presence_penalty": 1.0, "seed": 42, "message_count": 1, "event": "model_call.start", "correlation_id": "01KTYTBHN0AFXNGR279DJ8J7V0", "query_preview": "What is the deck's central thesis about the right performance metric to optimise", "level": "info", "timestamp": "2026-06-12T21:04:16.078099Z"}
Authentication error: Langfuse client initialized without public_key. Client will be disabled. Provide a public_key parameter or set LANGFUSE_PUBLIC_KEY environment variable. 
{"prompt_tag": "assess_sufficiency@v4", "schema": "SufficiencyAssessment", "tokens": 2710, "event": "model_call.done", "correlation_id": "01KTYTBHN0AFXNGR279DJ8J7V0", "query_preview": "What is the deck's central thesis about the right performance metric to optimise", "level": "info", "timestamp": "2026-06-12T21:04:16.991402Z"}
{"node": "refuse", "event": "start", "correlation_id": "01KTYTBHN0AFXNGR279DJ8J7V0", "query_preview": "What is the deck's central thesis about the right performance metric to optimise", "level": "info", "timestamp": "2026-06-12T21:04:16.994189Z"}
Authentication error: Langfuse client initialized without public_key. Client will be disabled. Provide a public_key parameter or set LANGFUSE_PUBLIC_KEY environment variable. 
{"node": "retrieve", "query_len": 58, "event": "start", "correlation_id": "01KTYTCQ32ZJ03GR7YN9BB72JW", "query_preview": "What is the mantissa length of an FP4 number in this deck?", "level": "info", "timestamp": "2026-06-12T21:04:16.995653Z"}
{"query_len": 58, "k": 50, "event": "hybrid.start", "correlation_id": "01KTYTCQ32ZJ03GR7YN9BB72JW", "query_preview": "What is the mantissa length of an FP4 number in this deck?", "level": "info", "timestamp": "2026-06-12T21:04:16.995691Z"}
{"query_len": 58, "k": 50, "dense": 50, "bm25": 0, "fused": 50, "term": false, "event": "hybrid.done", "correlation_id": "01KTYTCQ32ZJ03GR7YN9BB72JW", "query_preview": "What is the mantissa length of an FP4 number in this deck?", "level": "info", "timestamp": "2026-06-12T21:04:17.067537Z"}
{"node": "retrieve", "candidate_count": 50, "event": "done", "correlation_id": "01KTYTCQ32ZJ03GR7YN9BB72JW", "query_preview": "What is the mantissa length of an FP4 number in this deck?", "level": "info", "timestamp": "2026-06-12T21:04:17.068473Z"}
{"node": "expand_graph", "reason": "disabled_or_empty", "event": "skip", "correlation_id": "01KTYTCQ32ZJ03GR7YN9BB72JW", "query_preview": "What is the mantissa length of an FP4 number in this deck?", "level": "info", "timestamp": "2026-06-12T21:04:17.070072Z"}
{"node": "rerank", "candidate_count": 50, "event": "start", "correlation_id": "01KTYTCQ32ZJ03GR7YN9BB72JW", "query_preview": "What is the mantissa length of an FP4 number in this deck?", "level": "info", "timestamp": "2026-06-12T21:04:17.070566Z"}
{"node": "rerank", "top_k": 5, "source": "mode", "event": "top_k_resolved", "correlation_id": "01KTYTCQ32ZJ03GR7YN9BB72JW", "query_preview": "What is the mantissa length of an FP4 number in this deck?", "level": "info", "timestamp": "2026-06-12T21:04:17.070611Z"}
{"candidates": 50, "top_k": 5, "backend": "cross_encoder", "event": "rerank.start", "correlation_id": "01KTYTCQ32ZJ03GR7YN9BB72JW", "query_preview": "What is the mantissa length of an FP4 number in this deck?", "level": "info", "timestamp": "2026-06-12T21:04:17.070634Z"}
{"candidates": 50, "top_k": 5, "backend": "cross_encoder", "returned": 5, "event": "rerank.done", "correlation_id": "01KTYTCQ32ZJ03GR7YN9BB72JW", "query_preview": "What is the mantissa length of an FP4 number in this deck?", "level": "info", "timestamp": "2026-06-12T21:04:44.771698Z"}
{"node": "rerank", "reranked_count": 5, "event": "done", "correlation_id": "01KTYTCQ32ZJ03GR7YN9BB72JW", "query_preview": "What is the mantissa length of an FP4 number in this deck?", "level": "info", "timestamp": "2026-06-12T21:04:44.771797Z"}
{"node": "query_tables", "reason": "empty_or_not_table_shaped", "event": "skip", "correlation_id": "01KTYTCQ32ZJ03GR7YN9BB72JW", "query_preview": "What is the mantissa length of an FP4 number in this deck?", "level": "info", "timestamp": "2026-06-12T21:04:44.773748Z"}
{"node": "assess", "reranked_count": 5, "event": "start", "correlation_id": "01KTYTCQ32ZJ03GR7YN9BB72JW", "query_preview": "What is the mantissa length of an FP4 number in this deck?", "level": "info", "timestamp": "2026-06-12T21:04:44.774888Z"}
{"prompt_tag": "assess_sufficiency@v4", "schema": "SufficiencyAssessment", "model": "cyankiwi/Qwen3.5-4B-AWQ-4bit", "max_tokens": 1024, "temperature": 0.1, "top_p": 0.8, "presence_penalty": 1.0, "seed": 42, "message_count": 1, "event": "model_call.start", "correlation_id": "01KTYTCQ32ZJ03GR7YN9BB72JW", "query_preview": "What is the mantissa length of an FP4 number in this deck?", "level": "info", "timestamp": "2026-06-12T21:04:44.777311Z"}
Authentication error: Langfuse client initialized without public_key. Client will be disabled. Provide a public_key parameter or set LANGFUSE_PUBLIC_KEY environment variable. 
{"prompt_tag": "assess_sufficiency@v4", "schema": "SufficiencyAssessment", "tokens": 3414, "event": "model_call.done", "correlation_id": "01KTYTCQ32ZJ03GR7YN9BB72JW", "query_preview": "What is the mantissa length of an FP4 number in this deck?", "level": "info", "timestamp": "2026-06-12T21:04:45.849085Z"}
{"node": "answer", "regenerate_attempt": 0, "event": "start", "correlation_id": "01KTYTCQ32ZJ03GR7YN9BB72JW", "query_preview": "What is the mantissa length of an FP4 number in this deck?", "level": "info", "timestamp": "2026-06-12T21:04:45.850203Z"}
{"prompt_tag": "answer@v5", "schema": "DraftAnswer", "model": "cyankiwi/Qwen3.5-4B-AWQ-4bit", "max_tokens": 1800, "temperature": 0.1, "top_p": 0.8, "presence_penalty": 1.0, "seed": 42, "message_count": 2, "event": "model_call.start", "correlation_id": "01KTYTCQ32ZJ03GR7YN9BB72JW", "query_preview": "What is the mantissa length of an FP4 number in this deck?", "level": "info", "timestamp": "2026-06-12T21:04:45.852185Z"}
Authentication error: Langfuse client initialized without public_key. Client will be disabled. Provide a public_key parameter or set LANGFUSE_PUBLIC_KEY environment variable. 
{"prompt_tag": "answer@v5", "schema": "DraftAnswer", "tokens": 4981, "event": "model_call.done", "correlation_id": "01KTYTCQ32ZJ03GR7YN9BB72JW", "query_preview": "What is the mantissa length of an FP4 number in this deck?", "level": "info", "timestamp": "2026-06-12T21:04:46.960378Z"}
{"node": "verify", "claim_count": 0, "event": "start", "correlation_id": "01KTYTCQ32ZJ03GR7YN9BB72JW", "query_preview": "What is the mantissa length of an FP4 number in this deck?", "level": "info", "timestamp": "2026-06-12T21:04:46.961179Z"}
{"node": "verify", "event": "empty_draft_shortcircuit", "correlation_id": "01KTYTCQ32ZJ03GR7YN9BB72JW", "query_preview": "What is the mantissa length of an FP4 number in this deck?", "level": "info", "timestamp": "2026-06-12T21:04:46.961214Z"}
{"node": "assess_relevance", "event": "start", "correlation_id": "01KTYTCQ32ZJ03GR7YN9BB72JW", "query_preview": "What is the mantissa length of an FP4 number in this deck?", "level": "info", "timestamp": "2026-06-12T21:04:46.962023Z"}
{"prompt_tag": "assess_relevance@v3", "schema": "RelevanceAssessment", "model": "cyankiwi/Qwen3.5-4B-AWQ-4bit", "max_tokens": 1024, "temperature": 0.1, "top_p": 0.8, "presence_penalty": 1.0, "seed": 42, "message_count": 1, "event": "model_call.start", "correlation_id": "01KTYTCQ32ZJ03GR7YN9BB72JW", "query_preview": "What is the mantissa length of an FP4 number in this deck?", "level": "info", "timestamp": "2026-06-12T21:04:46.963000Z"}
Authentication error: Langfuse client initialized without public_key. Client will be disabled. Provide a public_key parameter or set LANGFUSE_PUBLIC_KEY environment variable. 
{"prompt_tag": "assess_relevance@v3", "schema": "RelevanceAssessment", "tokens": 841, "event": "model_call.done", "correlation_id": "01KTYTCQ32ZJ03GR7YN9BB72JW", "query_preview": "What is the mantissa length of an FP4 number in this deck?", "level": "info", "timestamp": "2026-06-12T21:04:47.327689Z"}
{"node": "assess_relevance", "responsive": true, "event": "relevance", "correlation_id": "01KTYTCQ32ZJ03GR7YN9BB72JW", "query_preview": "What is the mantissa length of an FP4 number in this deck?", "level": "info", "timestamp": "2026-06-12T21:04:47.327749Z"}
{"node": "compose", "event": "start", "correlation_id": "01KTYTCQ32ZJ03GR7YN9BB72JW", "query_preview": "What is the mantissa length of an FP4 number in this deck?", "level": "info", "timestamp": "2026-06-12T21:04:47.328899Z"}
Authentication error: Langfuse client initialized without public_key. Client will be disabled. Provide a public_key parameter or set LANGFUSE_PUBLIC_KEY environment variable. 
{"node": "retrieve", "query_len": 60, "event": "start", "correlation_id": "01KTYTDMQ1QT0BYW98WJSSCCF0", "query_preview": "What is the NVRTC compile time for hello-world in CUDA 11.0?", "level": "info", "timestamp": "2026-06-12T21:04:47.330359Z"}
{"query_len": 60, "k": 50, "event": "hybrid.start", "correlation_id": "01KTYTDMQ1QT0BYW98WJSSCCF0", "query_preview": "What is the NVRTC compile time for hello-world in CUDA 11.0?", "level": "info", "timestamp": "2026-06-12T21:04:47.330400Z"}
{"query_len": 60, "k": 50, "dense": 50, "bm25": 0, "fused": 50, "term": false, "event": "hybrid.done", "correlation_id": "01KTYTDMQ1QT0BYW98WJSSCCF0", "query_preview": "What is the NVRTC compile time for hello-world in CUDA 11.0?", "level": "info", "timestamp": "2026-06-12T21:04:47.397485Z"}
{"node": "retrieve", "candidate_count": 50, "event": "done", "correlation_id": "01KTYTDMQ1QT0BYW98WJSSCCF0", "query_preview": "What is the NVRTC compile time for hello-world in CUDA 11.0?", "level": "info", "timestamp": "2026-06-12T21:04:47.398436Z"}
{"node": "expand_graph", "reason": "disabled_or_empty", "event": "skip", "correlation_id": "01KTYTDMQ1QT0BYW98WJSSCCF0", "query_preview": "What is the NVRTC compile time for hello-world in CUDA 11.0?", "level": "info", "timestamp": "2026-06-12T21:04:47.399736Z"}
{"node": "rerank", "candidate_count": 50, "event": "start", "correlation_id": "01KTYTDMQ1QT0BYW98WJSSCCF0", "query_preview": "What is the NVRTC compile time for hello-world in CUDA 11.0?", "level": "info", "timestamp": "2026-06-12T21:04:47.400254Z"}
{"node": "rerank", "top_k": 5, "source": "mode", "event": "top_k_resolved", "correlation_id": "01KTYTDMQ1QT0BYW98WJSSCCF0", "query_preview": "What is the NVRTC compile time for hello-world in CUDA 11.0?", "level": "info", "timestamp": "2026-06-12T21:04:47.400304Z"}
{"candidates": 50, "top_k": 5, "backend": "cross_encoder", "event": "rerank.start", "correlation_id": "01KTYTDMQ1QT0BYW98WJSSCCF0", "query_preview": "What is the NVRTC compile time for hello-world in CUDA 11.0?", "level": "info", "timestamp": "2026-06-12T21:04:47.400328Z"}
{"candidates": 50, "top_k": 5, "backend": "cross_encoder", "returned": 5, "event": "rerank.done", "correlation_id": "01KTYTDMQ1QT0BYW98WJSSCCF0", "query_preview": "What is the NVRTC compile time for hello-world in CUDA 11.0?", "level": "info", "timestamp": "2026-06-12T21:05:16.563900Z"}
{"node": "rerank", "reranked_count": 5, "event": "done", "correlation_id": "01KTYTDMQ1QT0BYW98WJSSCCF0", "query_preview": "What is the NVRTC compile time for hello-world in CUDA 11.0?", "level": "info", "timestamp": "2026-06-12T21:05:16.563970Z"}
{"node": "query_tables", "reason": "empty_or_not_table_shaped", "event": "skip", "correlation_id": "01KTYTDMQ1QT0BYW98WJSSCCF0", "query_preview": "What is the NVRTC compile time for hello-world in CUDA 11.0?", "level": "info", "timestamp": "2026-06-12T21:05:16.565857Z"}
{"node": "assess", "reranked_count": 5, "event": "start", "correlation_id": "01KTYTDMQ1QT0BYW98WJSSCCF0", "query_preview": "What is the NVRTC compile time for hello-world in CUDA 11.0?", "level": "info", "timestamp": "2026-06-12T21:05:16.566639Z"}
{"prompt_tag": "assess_sufficiency@v4", "schema": "SufficiencyAssessment", "model": "cyankiwi/Qwen3.5-4B-AWQ-4bit", "max_tokens": 1024, "temperature": 0.1, "top_p": 0.8, "presence_penalty": 1.0, "seed": 42, "message_count": 1, "event": "model_call.start", "correlation_id": "01KTYTDMQ1QT0BYW98WJSSCCF0", "query_preview": "What is the NVRTC compile time for hello-world in CUDA 11.0?", "level": "info", "timestamp": "2026-06-12T21:05:16.568635Z"}
Authentication error: Langfuse client initialized without public_key. Client will be disabled. Provide a public_key parameter or set LANGFUSE_PUBLIC_KEY environment variable. 
{"prompt_tag": "assess_sufficiency@v4", "schema": "SufficiencyAssessment", "tokens": 2814, "event": "model_call.done", "correlation_id": "01KTYTDMQ1QT0BYW98WJSSCCF0", "query_preview": "What is the NVRTC compile time for hello-world in CUDA 11.0?", "level": "info", "timestamp": "2026-06-12T21:05:17.550885Z"}
{"node": "refuse", "event": "start", "correlation_id": "01KTYTDMQ1QT0BYW98WJSSCCF0", "query_preview": "What is the NVRTC compile time for hello-world in CUDA 11.0?", "level": "info", "timestamp": "2026-06-12T21:05:17.552008Z"}
Authentication error: Langfuse client initialized without public_key. Client will be disabled. Provide a public_key parameter or set LANGFUSE_PUBLIC_KEY environment variable. 
{"node": "retrieve", "query_len": 79, "event": "start", "correlation_id": "01KTYTEJ7G3ZFM5TWMEBTJAEM4", "query_preview": "What is the maximum latency of NVLink C2C between the Grace CPU and Hopper GPU?", "level": "info", "timestamp": "2026-06-12T21:05:17.553430Z"}
{"query_len": 79, "k": 50, "event": "hybrid.start", "correlation_id": "01KTYTEJ7G3ZFM5TWMEBTJAEM4", "query_preview": "What is the maximum latency of NVLink C2C between the Grace CPU and Hopper GPU?", "level": "info", "timestamp": "2026-06-12T21:05:17.553465Z"}
{"query_len": 79, "k": 50, "dense": 50, "bm25": 0, "fused": 50, "term": false, "event": "hybrid.done", "correlation_id": "01KTYTEJ7G3ZFM5TWMEBTJAEM4", "query_preview": "What is the maximum latency of NVLink C2C between the Grace CPU and Hopper GPU?", "level": "info", "timestamp": "2026-06-12T21:05:17.633630Z"}
{"node": "retrieve", "candidate_count": 50, "event": "done", "correlation_id": "01KTYTEJ7G3ZFM5TWMEBTJAEM4", "query_preview": "What is the maximum latency of NVLink C2C between the Grace CPU and Hopper GPU?", "level": "info", "timestamp": "2026-06-12T21:05:17.634749Z"}
{"node": "expand_graph", "reason": "disabled_or_empty", "event": "skip", "correlation_id": "01KTYTEJ7G3ZFM5TWMEBTJAEM4", "query_preview": "What is the maximum latency of NVLink C2C between the Grace CPU and Hopper GPU?", "level": "info", "timestamp": "2026-06-12T21:05:17.636175Z"}
{"node": "rerank", "candidate_count": 50, "event": "start", "correlation_id": "01KTYTEJ7G3ZFM5TWMEBTJAEM4", "query_preview": "What is the maximum latency of NVLink C2C between the Grace CPU and Hopper GPU?", "level": "info", "timestamp": "2026-06-12T21:05:17.636678Z"}
{"node": "rerank", "top_k": 5, "source": "mode", "event": "top_k_resolved", "correlation_id": "01KTYTEJ7G3ZFM5TWMEBTJAEM4", "query_preview": "What is the maximum latency of NVLink C2C between the Grace CPU and Hopper GPU?", "level": "info", "timestamp": "2026-06-12T21:05:17.636725Z"}
{"candidates": 50, "top_k": 5, "backend": "cross_encoder", "event": "rerank.start", "correlation_id": "01KTYTEJ7G3ZFM5TWMEBTJAEM4", "query_preview": "What is the maximum latency of NVLink C2C between the Grace CPU and Hopper GPU?", "level": "info", "timestamp": "2026-06-12T21:05:17.636749Z"}
{"candidates": 50, "top_k": 5, "backend": "cross_encoder", "returned": 5, "event": "rerank.done", "correlation_id": "01KTYTEJ7G3ZFM5TWMEBTJAEM4", "query_preview": "What is the maximum latency of NVLink C2C between the Grace CPU and Hopper GPU?", "level": "info", "timestamp": "2026-06-12T21:05:41.290921Z"}
{"node": "rerank", "reranked_count": 5, "event": "done", "correlation_id": "01KTYTEJ7G3ZFM5TWMEBTJAEM4", "query_preview": "What is the maximum latency of NVLink C2C between the Grace CPU and Hopper GPU?", "level": "info", "timestamp": "2026-06-12T21:05:41.291017Z"}
{"prompt_tag": "generate_table_sql@v1", "schema": "GeneratedSQL", "model": "cyankiwi/Qwen3.5-4B-AWQ-4bit", "max_tokens": 1024, "temperature": 0.1, "top_p": 0.8, "presence_penalty": 1.0, "seed": 42, "message_count": 1, "event": "model_call.start", "correlation_id": "01KTYTEJ7G3ZFM5TWMEBTJAEM4", "query_preview": "What is the maximum latency of NVLink C2C between the Grace CPU and Hopper GPU?", "level": "info", "timestamp": "2026-06-12T21:05:41.297438Z"}
Authentication error: Langfuse client initialized without public_key. Client will be disabled. Provide a public_key parameter or set LANGFUSE_PUBLIC_KEY environment variable. 
{"prompt_tag": "generate_table_sql@v1", "schema": "GeneratedSQL", "tokens": 957, "event": "model_call.done", "correlation_id": "01KTYTEJ7G3ZFM5TWMEBTJAEM4", "query_preview": "What is the maximum latency of NVLink C2C between the Grace CPU and Hopper GPU?", "level": "info", "timestamp": "2026-06-12T21:05:41.918526Z"}
{"node": "query_doc_tables", "sql": "SELECT MAX(latency__num) FROM b1dc7c041c", "target": "b1dc7c041c", "event": "table_sql.generated", "correlation_id": "01KTYTEJ7G3ZFM5TWMEBTJAEM4", "query_preview": "What is the maximum latency of NVLink C2C between the Grace CPU and Hopper GPU?", "level": "info", "timestamp": "2026-06-12T21:05:41.918597Z"}
{"node": "query_doc_tables", "target": "b1dc7c041c", "event": "table_sql.no_result", "correlation_id": "01KTYTEJ7G3ZFM5TWMEBTJAEM4", "query_preview": "What is the maximum latency of NVLink C2C between the Grace CPU and Hopper GPU?", "level": "info", "timestamp": "2026-06-12T21:05:41.919065Z"}
{"node": "query_tables", "event": "no_table_answer", "correlation_id": "01KTYTEJ7G3ZFM5TWMEBTJAEM4", "query_preview": "What is the maximum latency of NVLink C2C between the Grace CPU and Hopper GPU?", "level": "info", "timestamp": "2026-06-12T21:05:41.919357Z"}
{"node": "assess", "reranked_count": 5, "event": "start", "correlation_id": "01KTYTEJ7G3ZFM5TWMEBTJAEM4", "query_preview": "What is the maximum latency of NVLink C2C between the Grace CPU and Hopper GPU?", "level": "info", "timestamp": "2026-06-12T21:05:41.920355Z"}
{"prompt_tag": "assess_sufficiency@v4", "schema": "SufficiencyAssessment", "model": "cyankiwi/Qwen3.5-4B-AWQ-4bit", "max_tokens": 1024, "temperature": 0.1, "top_p": 0.8, "presence_penalty": 1.0, "seed": 42, "message_count": 1, "event": "model_call.start", "correlation_id": "01KTYTEJ7G3ZFM5TWMEBTJAEM4", "query_preview": "What is the maximum latency of NVLink C2C between the Grace CPU and Hopper GPU?", "level": "info", "timestamp": "2026-06-12T21:05:41.921976Z"}
Authentication error: Langfuse client initialized without public_key. Client will be disabled. Provide a public_key parameter or set LANGFUSE_PUBLIC_KEY environment variable. 
{"prompt_tag": "assess_sufficiency@v4", "schema": "SufficiencyAssessment", "tokens": 1549, "event": "model_call.done", "correlation_id": "01KTYTEJ7G3ZFM5TWMEBTJAEM4", "query_preview": "What is the maximum latency of NVLink C2C between the Grace CPU and Hopper GPU?", "level": "info", "timestamp": "2026-06-12T21:05:42.553450Z"}
{"node": "refuse", "event": "start", "correlation_id": "01KTYTEJ7G3ZFM5TWMEBTJAEM4", "query_preview": "What is the maximum latency of NVLink C2C between the Grace CPU and Hopper GPU?", "level": "info", "timestamp": "2026-06-12T21:05:42.554569Z"}
Authentication error: Langfuse client initialized without public_key. Client will be disabled. Provide a public_key parameter or set LANGFUSE_PUBLIC_KEY environment variable. 
{"node": "retrieve", "query_len": 69, "event": "start", "correlation_id": "01KTYTFAMVVDZM5JB55SNJ34RS", "query_preview": "What is the thermal design power of the NVIDIA H100 reference design?", "level": "info", "timestamp": "2026-06-12T21:05:42.556000Z"}
{"query_len": 69, "k": 50, "event": "hybrid.start", "correlation_id": "01KTYTFAMVVDZM5JB55SNJ34RS", "query_preview": "What is the thermal design power of the NVIDIA H100 reference design?", "level": "info", "timestamp": "2026-06-12T21:05:42.556036Z"}
{"query_len": 69, "k": 50, "dense": 50, "bm25": 0, "fused": 50, "term": false, "event": "hybrid.done", "correlation_id": "01KTYTFAMVVDZM5JB55SNJ34RS", "query_preview": "What is the thermal design power of the NVIDIA H100 reference design?", "level": "info", "timestamp": "2026-06-12T21:05:42.626637Z"}
{"node": "retrieve", "candidate_count": 50, "event": "done", "correlation_id": "01KTYTFAMVVDZM5JB55SNJ34RS", "query_preview": "What is the thermal design power of the NVIDIA H100 reference design?", "level": "info", "timestamp": "2026-06-12T21:05:42.627698Z"}
{"node": "expand_graph", "reason": "disabled_or_empty", "event": "skip", "correlation_id": "01KTYTFAMVVDZM5JB55SNJ34RS", "query_preview": "What is the thermal design power of the NVIDIA H100 reference design?", "level": "info", "timestamp": "2026-06-12T21:05:42.628996Z"}
{"node": "rerank", "candidate_count": 50, "event": "start", "correlation_id": "01KTYTFAMVVDZM5JB55SNJ34RS", "query_preview": "What is the thermal design power of the NVIDIA H100 reference design?", "level": "info", "timestamp": "2026-06-12T21:05:42.629504Z"}
{"node": "rerank", "top_k": 5, "source": "mode", "event": "top_k_resolved", "correlation_id": "01KTYTFAMVVDZM5JB55SNJ34RS", "query_preview": "What is the thermal design power of the NVIDIA H100 reference design?", "level": "info", "timestamp": "2026-06-12T21:05:42.629553Z"}
{"candidates": 50, "top_k": 5, "backend": "cross_encoder", "event": "rerank.start", "correlation_id": "01KTYTFAMVVDZM5JB55SNJ34RS", "query_preview": "What is the thermal design power of the NVIDIA H100 reference design?", "level": "info", "timestamp": "2026-06-12T21:05:42.629576Z"}
{"candidates": 50, "top_k": 5, "backend": "cross_encoder", "returned": 5, "event": "rerank.done", "correlation_id": "01KTYTFAMVVDZM5JB55SNJ34RS", "query_preview": "What is the thermal design power of the NVIDIA H100 reference design?", "level": "info", "timestamp": "2026-06-12T21:06:29.962930Z"}
{"node": "rerank", "reranked_count": 5, "event": "done", "correlation_id": "01KTYTFAMVVDZM5JB55SNJ34RS", "query_preview": "What is the thermal design power of the NVIDIA H100 reference design?", "level": "info", "timestamp": "2026-06-12T21:06:29.963034Z"}
{"node": "query_tables", "reason": "empty_or_not_table_shaped", "event": "skip", "correlation_id": "01KTYTFAMVVDZM5JB55SNJ34RS", "query_preview": "What is the thermal design power of the NVIDIA H100 reference design?", "level": "info", "timestamp": "2026-06-12T21:06:29.965315Z"}
{"node": "assess", "reranked_count": 5, "event": "start", "correlation_id": "01KTYTFAMVVDZM5JB55SNJ34RS", "query_preview": "What is the thermal design power of the NVIDIA H100 reference design?", "level": "info", "timestamp": "2026-06-12T21:06:29.966255Z"}
{"prompt_tag": "assess_sufficiency@v4", "schema": "SufficiencyAssessment", "model": "cyankiwi/Qwen3.5-4B-AWQ-4bit", "max_tokens": 1024, "temperature": 0.1, "top_p": 0.8, "presence_penalty": 1.0, "seed": 42, "message_count": 1, "event": "model_call.start", "correlation_id": "01KTYTFAMVVDZM5JB55SNJ34RS", "query_preview": "What is the thermal design power of the NVIDIA H100 reference design?", "level": "info", "timestamp": "2026-06-12T21:06:29.967922Z"}
Authentication error: Langfuse client initialized without public_key. Client will be disabled. Provide a public_key parameter or set LANGFUSE_PUBLIC_KEY environment variable. 
{"prompt_tag": "assess_sufficiency@v4", "schema": "SufficiencyAssessment", "tokens": 3134, "event": "model_call.done", "correlation_id": "01KTYTFAMVVDZM5JB55SNJ34RS", "query_preview": "What is the thermal design power of the NVIDIA H100 reference design?", "level": "info", "timestamp": "2026-06-12T21:06:30.937130Z"}
{"node": "refuse", "event": "start", "correlation_id": "01KTYTFAMVVDZM5JB55SNJ34RS", "query_preview": "What is the thermal design power of the NVIDIA H100 reference design?", "level": "info", "timestamp": "2026-06-12T21:06:30.938291Z"}
Authentication error: Langfuse client initialized without public_key. Client will be disabled. Provide a public_key parameter or set LANGFUSE_PUBLIC_KEY environment variable. 
{"node": "retrieve", "query_len": 102, "event": "start", "correlation_id": "01KTYTGSWTS18KCBDSQX5C4KPC", "query_preview": "What programming language must I use to write CUDA kernels \u2014 only C++, or are ot", "level": "info", "timestamp": "2026-06-12T21:06:30.939828Z"}
{"query_len": 102, "k": 50, "event": "hybrid.start", "correlation_id": "01KTYTGSWTS18KCBDSQX5C4KPC", "query_preview": "What programming language must I use to write CUDA kernels \u2014 only C++, or are ot", "level": "info", "timestamp": "2026-06-12T21:06:30.939867Z"}
{"query_len": 102, "k": 50, "dense": 50, "bm25": 0, "fused": 50, "term": false, "event": "hybrid.done", "correlation_id": "01KTYTGSWTS18KCBDSQX5C4KPC", "query_preview": "What programming language must I use to write CUDA kernels \u2014 only C++, or are ot", "level": "info", "timestamp": "2026-06-12T21:06:31.020237Z"}
{"node": "retrieve", "candidate_count": 50, "event": "done", "correlation_id": "01KTYTGSWTS18KCBDSQX5C4KPC", "query_preview": "What programming language must I use to write CUDA kernels \u2014 only C++, or are ot", "level": "info", "timestamp": "2026-06-12T21:06:31.021276Z"}
{"node": "expand_graph", "reason": "disabled_or_empty", "event": "skip", "correlation_id": "01KTYTGSWTS18KCBDSQX5C4KPC", "query_preview": "What programming language must I use to write CUDA kernels \u2014 only C++, or are ot", "level": "info", "timestamp": "2026-06-12T21:06:31.023007Z"}
{"node": "rerank", "candidate_count": 50, "event": "start", "correlation_id": "01KTYTGSWTS18KCBDSQX5C4KPC", "query_preview": "What programming language must I use to write CUDA kernels \u2014 only C++, or are ot", "level": "info", "timestamp": "2026-06-12T21:06:31.023684Z"}
{"node": "rerank", "top_k": 5, "source": "mode", "event": "top_k_resolved", "correlation_id": "01KTYTGSWTS18KCBDSQX5C4KPC", "query_preview": "What programming language must I use to write CUDA kernels \u2014 only C++, or are ot", "level": "info", "timestamp": "2026-06-12T21:06:31.023737Z"}
{"candidates": 50, "top_k": 5, "backend": "cross_encoder", "event": "rerank.start", "correlation_id": "01KTYTGSWTS18KCBDSQX5C4KPC", "query_preview": "What programming language must I use to write CUDA kernels \u2014 only C++, or are ot", "level": "info", "timestamp": "2026-06-12T21:06:31.023760Z"}
{"candidates": 50, "top_k": 5, "backend": "cross_encoder", "returned": 5, "event": "rerank.done", "correlation_id": "01KTYTGSWTS18KCBDSQX5C4KPC", "query_preview": "What programming language must I use to write CUDA kernels \u2014 only C++, or are ot", "level": "info", "timestamp": "2026-06-12T21:06:51.224488Z"}
{"node": "rerank", "reranked_count": 5, "event": "done", "correlation_id": "01KTYTGSWTS18KCBDSQX5C4KPC", "query_preview": "What programming language must I use to write CUDA kernels \u2014 only C++, or are ot", "level": "info", "timestamp": "2026-06-12T21:06:51.224586Z"}
{"node": "query_tables", "reason": "empty_or_not_table_shaped", "event": "skip", "correlation_id": "01KTYTGSWTS18KCBDSQX5C4KPC", "query_preview": "What programming language must I use to write CUDA kernels \u2014 only C++, or are ot", "level": "info", "timestamp": "2026-06-12T21:06:51.226510Z"}
{"node": "assess", "reranked_count": 5, "event": "start", "correlation_id": "01KTYTGSWTS18KCBDSQX5C4KPC", "query_preview": "What programming language must I use to write CUDA kernels \u2014 only C++, or are ot", "level": "info", "timestamp": "2026-06-12T21:06:51.227259Z"}
{"prompt_tag": "assess_sufficiency@v4", "schema": "SufficiencyAssessment", "model": "cyankiwi/Qwen3.5-4B-AWQ-4bit", "max_tokens": 1024, "temperature": 0.1, "top_p": 0.8, "presence_penalty": 1.0, "seed": 42, "message_count": 1, "event": "model_call.start", "correlation_id": "01KTYTGSWTS18KCBDSQX5C4KPC", "query_preview": "What programming language must I use to write CUDA kernels \u2014 only C++, or are ot", "level": "info", "timestamp": "2026-06-12T21:06:51.229334Z"}
Authentication error: Langfuse client initialized without public_key. Client will be disabled. Provide a public_key parameter or set LANGFUSE_PUBLIC_KEY environment variable. 
{"prompt_tag": "assess_sufficiency@v4", "schema": "SufficiencyAssessment", "tokens": 1327, "event": "model_call.done", "correlation_id": "01KTYTGSWTS18KCBDSQX5C4KPC", "query_preview": "What programming language must I use to write CUDA kernels \u2014 only C++, or are ot", "level": "info", "timestamp": "2026-06-12T21:06:51.797035Z"}
{"node": "answer", "regenerate_attempt": 0, "event": "start", "correlation_id": "01KTYTGSWTS18KCBDSQX5C4KPC", "query_preview": "What programming language must I use to write CUDA kernels \u2014 only C++, or are ot", "level": "info", "timestamp": "2026-06-12T21:06:51.798527Z"}
{"prompt_tag": "answer@v5", "schema": "DraftAnswer", "model": "cyankiwi/Qwen3.5-4B-AWQ-4bit", "max_tokens": 1800, "temperature": 0.1, "top_p": 0.8, "presence_penalty": 1.0, "seed": 42, "message_count": 2, "event": "model_call.start", "correlation_id": "01KTYTGSWTS18KCBDSQX5C4KPC", "query_preview": "What programming language must I use to write CUDA kernels \u2014 only C++, or are ot", "level": "info", "timestamp": "2026-06-12T21:06:51.800488Z"}
Authentication error: Langfuse client initialized without public_key. Client will be disabled. Provide a public_key parameter or set LANGFUSE_PUBLIC_KEY environment variable. 
{"prompt_tag": "answer@v5", "schema": "DraftAnswer", "tokens": 3105, "event": "model_call.done", "correlation_id": "01KTYTGSWTS18KCBDSQX5C4KPC", "query_preview": "What programming language must I use to write CUDA kernels \u2014 only C++, or are ot", "level": "info", "timestamp": "2026-06-12T21:06:54.360150Z"}
{"node": "verify", "claim_count": 2, "event": "start", "correlation_id": "01KTYTGSWTS18KCBDSQX5C4KPC", "query_preview": "What programming language must I use to write CUDA kernels \u2014 only C++, or are ot", "level": "info", "timestamp": "2026-06-12T21:06:54.361160Z"}
{"prompt_tag": "verify_grounding@v2", "schema": "VerificationResult", "model": "cyankiwi/Qwen3.5-4B-AWQ-4bit", "max_tokens": 1024, "temperature": 0.1, "top_p": 0.8, "presence_penalty": 1.0, "seed": 42, "message_count": 1, "event": "model_call.start", "correlation_id": "01KTYTGSWTS18KCBDSQX5C4KPC", "query_preview": "What programming language must I use to write CUDA kernels \u2014 only C++, or are ot", "level": "info", "timestamp": "2026-06-12T21:06:54.364431Z"}
Authentication error: Langfuse client initialized without public_key. Client will be disabled. Provide a public_key parameter or set LANGFUSE_PUBLIC_KEY environment variable. 
{"prompt_tag": "verify_grounding@v2", "schema": "VerificationResult", "tokens": 1335, "event": "model_call.done", "correlation_id": "01KTYTGSWTS18KCBDSQX5C4KPC", "query_preview": "What programming language must I use to write CUDA kernels \u2014 only C++, or are ot", "level": "info", "timestamp": "2026-06-12T21:06:54.772991Z"}
{"node": "assess_relevance", "event": "start", "correlation_id": "01KTYTGSWTS18KCBDSQX5C4KPC", "query_preview": "What programming language must I use to write CUDA kernels \u2014 only C++, or are ot", "level": "info", "timestamp": "2026-06-12T21:06:54.774169Z"}
{"prompt_tag": "assess_relevance@v3", "schema": "RelevanceAssessment", "model": "cyankiwi/Qwen3.5-4B-AWQ-4bit", "max_tokens": 1024, "temperature": 0.1, "top_p": 0.8, "presence_penalty": 1.0, "seed": 42, "message_count": 1, "event": "model_call.start", "correlation_id": "01KTYTGSWTS18KCBDSQX5C4KPC", "query_preview": "What programming language must I use to write CUDA kernels \u2014 only C++, or are ot", "level": "info", "timestamp": "2026-06-12T21:06:54.775144Z"}
Authentication error: Langfuse client initialized without public_key. Client will be disabled. Provide a public_key parameter or set LANGFUSE_PUBLIC_KEY environment variable. 
{"prompt_tag": "assess_relevance@v3", "schema": "RelevanceAssessment", "tokens": 907, "event": "model_call.done", "correlation_id": "01KTYTGSWTS18KCBDSQX5C4KPC", "query_preview": "What programming language must I use to write CUDA kernels \u2014 only C++, or are ot", "level": "info", "timestamp": "2026-06-12T21:06:55.277857Z"}
{"node": "assess_relevance", "responsive": true, "event": "relevance", "correlation_id": "01KTYTGSWTS18KCBDSQX5C4KPC", "query_preview": "What programming language must I use to write CUDA kernels \u2014 only C++, or are ot", "level": "info", "timestamp": "2026-06-12T21:06:55.277908Z"}
{"node": "compose", "event": "start", "correlation_id": "01KTYTGSWTS18KCBDSQX5C4KPC", "query_preview": "What programming language must I use to write CUDA kernels \u2014 only C++, or are ot", "level": "info", "timestamp": "2026-06-12T21:06:55.280264Z"}
Authentication error: Langfuse client initialized without public_key. Client will be disabled. Provide a public_key parameter or set LANGFUSE_PUBLIC_KEY environment variable. 
{"node": "retrieve", "query_len": 81, "event": "start", "correlation_id": "01KTYTHHNGW3M105Z7SZVBPZBE", "query_preview": "What four design principles does the nvmath-python architecture figure highlight", "level": "info", "timestamp": "2026-06-12T21:06:55.281824Z"}
{"query_len": 81, "k": 50, "event": "hybrid.start", "correlation_id": "01KTYTHHNGW3M105Z7SZVBPZBE", "query_preview": "What four design principles does the nvmath-python architecture figure highlight", "level": "info", "timestamp": "2026-06-12T21:06:55.281859Z"}
{"query_len": 81, "k": 50, "dense": 50, "bm25": 0, "fused": 50, "term": false, "event": "hybrid.done", "correlation_id": "01KTYTHHNGW3M105Z7SZVBPZBE", "query_preview": "What four design principles does the nvmath-python architecture figure highlight", "level": "info", "timestamp": "2026-06-12T21:06:55.347487Z"}
{"node": "retrieve", "candidate_count": 50, "event": "done", "correlation_id": "01KTYTHHNGW3M105Z7SZVBPZBE", "query_preview": "What four design principles does the nvmath-python architecture figure highlight", "level": "info", "timestamp": "2026-06-12T21:06:55.348467Z"}
{"query_len": 81, "doc_ids": 1, "k": 50, "event": "hybrid_in_docs.start", "correlation_id": "01KTYTHHNGW3M105Z7SZVBPZBE", "query_preview": "What four design principles does the nvmath-python architecture figure highlight", "level": "info", "timestamp": "2026-06-12T21:06:55.352770Z"}
{"query_len": 81, "doc_ids": 1, "k": 50, "dense": 50, "bm25": 0, "fused": 50, "term": false, "event": "hybrid_in_docs.done", "correlation_id": "01KTYTHHNGW3M105Z7SZVBPZBE", "query_preview": "What four design principles does the nvmath-python architecture figure highlight", "level": "info", "timestamp": "2026-06-12T21:06:55.416310Z"}
{"node": "resolve_artifact_scope", "via": "dominant", "arttype": "figure", "doc_ids": ["2f96ae1c-s62400-cuda-new-features-and-beyond-171114580640"], "scoped_count": 50, "replaced_from": 50, "event": "scoped", "correlation_id": "01KTYTHHNGW3M105Z7SZVBPZBE", "query_preview": "What four design principles does the nvmath-python architecture figure highlight", "level": "info", "timestamp": "2026-06-12T21:06:55.417318Z"}
{"node": "expand_graph", "reason": "disabled_or_empty", "event": "skip", "correlation_id": "01KTYTHHNGW3M105Z7SZVBPZBE", "query_preview": "What four design principles does the nvmath-python architecture figure highlight", "level": "info", "timestamp": "2026-06-12T21:06:55.418122Z"}
{"node": "rerank", "candidate_count": 50, "event": "start", "correlation_id": "01KTYTHHNGW3M105Z7SZVBPZBE", "query_preview": "What four design principles does the nvmath-python architecture figure highlight", "level": "info", "timestamp": "2026-06-12T21:06:55.418634Z"}
{"node": "rerank", "top_k": 5, "source": "mode", "event": "top_k_resolved", "correlation_id": "01KTYTHHNGW3M105Z7SZVBPZBE", "query_preview": "What four design principles does the nvmath-python architecture figure highlight", "level": "info", "timestamp": "2026-06-12T21:06:55.418682Z"}
{"candidates": 50, "top_k": 5, "backend": "cross_encoder", "event": "rerank.start", "correlation_id": "01KTYTHHNGW3M105Z7SZVBPZBE", "query_preview": "What four design principles does the nvmath-python architecture figure highlight", "level": "info", "timestamp": "2026-06-12T21:06:55.418703Z"}
{"candidates": 50, "top_k": 5, "backend": "cross_encoder", "returned": 5, "event": "rerank.done", "correlation_id": "01KTYTHHNGW3M105Z7SZVBPZBE", "query_preview": "What four design principles does the nvmath-python architecture figure highlight", "level": "info", "timestamp": "2026-06-12T21:07:18.025732Z"}
{"node": "rerank", "reranked_count": 5, "event": "done", "correlation_id": "01KTYTHHNGW3M105Z7SZVBPZBE", "query_preview": "What four design principles does the nvmath-python architecture figure highlight", "level": "info", "timestamp": "2026-06-12T21:07:18.025836Z"}
{"node": "query_tables", "reason": "empty_or_not_table_shaped", "event": "skip", "correlation_id": "01KTYTHHNGW3M105Z7SZVBPZBE", "query_preview": "What four design principles does the nvmath-python architecture figure highlight", "level": "info", "timestamp": "2026-06-12T21:07:18.027604Z"}
{"node": "assess", "reranked_count": 5, "event": "start", "correlation_id": "01KTYTHHNGW3M105Z7SZVBPZBE", "query_preview": "What four design principles does the nvmath-python architecture figure highlight", "level": "info", "timestamp": "2026-06-12T21:07:18.028314Z"}
{"prompt_tag": "assess_sufficiency@v4", "schema": "SufficiencyAssessment", "model": "cyankiwi/Qwen3.5-4B-AWQ-4bit", "max_tokens": 1024, "temperature": 0.1, "top_p": 0.8, "presence_penalty": 1.0, "seed": 42, "message_count": 1, "event": "model_call.start", "correlation_id": "01KTYTHHNGW3M105Z7SZVBPZBE", "query_preview": "What four design principles does the nvmath-python architecture figure highlight", "level": "info", "timestamp": "2026-06-12T21:07:18.030340Z"}
Authentication error: Langfuse client initialized without public_key. Client will be disabled. Provide a public_key parameter or set LANGFUSE_PUBLIC_KEY environment variable. 
{"prompt_tag": "assess_sufficiency@v4", "schema": "SufficiencyAssessment", "tokens": 1747, "event": "model_call.done", "correlation_id": "01KTYTHHNGW3M105Z7SZVBPZBE", "query_preview": "What four design principles does the nvmath-python architecture figure highlight", "level": "info", "timestamp": "2026-06-12T21:07:18.723820Z"}
{"node": "answer", "regenerate_attempt": 0, "event": "start", "correlation_id": "01KTYTHHNGW3M105Z7SZVBPZBE", "query_preview": "What four design principles does the nvmath-python architecture figure highlight", "level": "info", "timestamp": "2026-06-12T21:07:18.725576Z"}
{"prompt_tag": "answer@v5", "schema": "DraftAnswer", "model": "cyankiwi/Qwen3.5-4B-AWQ-4bit", "max_tokens": 1800, "temperature": 0.1, "top_p": 0.8, "presence_penalty": 1.0, "seed": 42, "message_count": 2, "event": "model_call.start", "correlation_id": "01KTYTHHNGW3M105Z7SZVBPZBE", "query_preview": "What four design principles does the nvmath-python architecture figure highlight", "level": "info", "timestamp": "2026-06-12T21:07:18.728209Z"}
Authentication error: Langfuse client initialized without public_key. Client will be disabled. Provide a public_key parameter or set LANGFUSE_PUBLIC_KEY environment variable. 
{"prompt_tag": "answer@v5", "schema": "DraftAnswer", "tokens": 3327, "event": "model_call.done", "correlation_id": "01KTYTHHNGW3M105Z7SZVBPZBE", "query_preview": "What four design principles does the nvmath-python architecture figure highlight", "level": "info", "timestamp": "2026-06-12T21:07:19.558313Z"}
{"node": "verify", "claim_count": 0, "event": "start", "correlation_id": "01KTYTHHNGW3M105Z7SZVBPZBE", "query_preview": "What four design principles does the nvmath-python architecture figure highlight", "level": "info", "timestamp": "2026-06-12T21:07:19.559439Z"}
{"node": "verify", "event": "empty_draft_shortcircuit", "correlation_id": "01KTYTHHNGW3M105Z7SZVBPZBE", "query_preview": "What four design principles does the nvmath-python architecture figure highlight", "level": "info", "timestamp": "2026-06-12T21:07:19.559491Z"}
{"node": "assess_relevance", "event": "start", "correlation_id": "01KTYTHHNGW3M105Z7SZVBPZBE", "query_preview": "What four design principles does the nvmath-python architecture figure highlight", "level": "info", "timestamp": "2026-06-12T21:07:19.560856Z"}
{"prompt_tag": "assess_relevance@v3", "schema": "RelevanceAssessment", "model": "cyankiwi/Qwen3.5-4B-AWQ-4bit", "max_tokens": 1024, "temperature": 0.1, "top_p": 0.8, "presence_penalty": 1.0, "seed": 42, "message_count": 1, "event": "model_call.start", "correlation_id": "01KTYTHHNGW3M105Z7SZVBPZBE", "query_preview": "What four design principles does the nvmath-python architecture figure highlight", "level": "info", "timestamp": "2026-06-12T21:07:19.562135Z"}
Authentication error: Langfuse client initialized without public_key. Client will be disabled. Provide a public_key parameter or set LANGFUSE_PUBLIC_KEY environment variable. 
{"prompt_tag": "assess_relevance@v3", "schema": "RelevanceAssessment", "tokens": 856, "event": "model_call.done", "correlation_id": "01KTYTHHNGW3M105Z7SZVBPZBE", "query_preview": "What four design principles does the nvmath-python architecture figure highlight", "level": "info", "timestamp": "2026-06-12T21:07:20.076027Z"}
{"node": "assess_relevance", "responsive": false, "event": "relevance", "correlation_id": "01KTYTHHNGW3M105Z7SZVBPZBE", "query_preview": "What four design principles does the nvmath-python architecture figure highlight", "level": "info", "timestamp": "2026-06-12T21:07:20.076104Z"}
{"node": "refuse", "event": "start", "correlation_id": "01KTYTHHNGW3M105Z7SZVBPZBE", "query_preview": "What four design principles does the nvmath-python architecture figure highlight", "level": "info", "timestamp": "2026-06-12T21:07:20.077880Z"}
Authentication error: Langfuse client initialized without public_key. Client will be disabled. Provide a public_key parameter or set LANGFUSE_PUBLIC_KEY environment variable. 
{"node": "retrieve", "query_len": 115, "event": "start", "correlation_id": "01KTYTJ9WE3VDXEZNJWMARFZ4Z", "query_preview": "What duration is shown for the CameraGestureBase_accumulate_values operation in ", "level": "info", "timestamp": "2026-06-12T21:07:20.079866Z"}
{"query_len": 115, "k": 50, "event": "hybrid.start", "correlation_id": "01KTYTJ9WE3VDXEZNJWMARFZ4Z", "query_preview": "What duration is shown for the CameraGestureBase_accumulate_values operation in ", "level": "info", "timestamp": "2026-06-12T21:07:20.079909Z"}
{"query_len": 115, "k": 50, "dense": 50, "bm25": 50, "fused": 50, "term": true, "event": "hybrid.done", "correlation_id": "01KTYTJ9WE3VDXEZNJWMARFZ4Z", "query_preview": "What duration is shown for the CameraGestureBase_accumulate_values operation in ", "level": "info", "timestamp": "2026-06-12T21:07:20.163717Z"}
{"node": "retrieve", "candidate_count": 50, "event": "done", "correlation_id": "01KTYTJ9WE3VDXEZNJWMARFZ4Z", "query_preview": "What duration is shown for the CameraGestureBase_accumulate_values operation in ", "level": "info", "timestamp": "2026-06-12T21:07:20.164649Z"}
{"query_len": 115, "doc_ids": 1, "k": 50, "event": "hybrid_in_docs.start", "correlation_id": "01KTYTJ9WE3VDXEZNJWMARFZ4Z", "query_preview": "What duration is shown for the CameraGestureBase_accumulate_values operation in ", "level": "info", "timestamp": "2026-06-12T21:07:20.168841Z"}
{"query_len": 115, "doc_ids": 1, "k": 50, "dense": 50, "bm25": 32, "fused": 50, "term": true, "event": "hybrid_in_docs.done", "correlation_id": "01KTYTJ9WE3VDXEZNJWMARFZ4Z", "query_preview": "What duration is shown for the CameraGestureBase_accumulate_values operation in ", "level": "info", "timestamp": "2026-06-12T21:07:20.236883Z"}
{"node": "resolve_artifact_scope", "via": "dominant", "arttype": "figure", "doc_ids": ["2f96ae1c-s62400-cuda-new-features-and-beyond-171114580640"], "scoped_count": 50, "replaced_from": 50, "event": "scoped", "correlation_id": "01KTYTJ9WE3VDXEZNJWMARFZ4Z", "query_preview": "What duration is shown for the CameraGestureBase_accumulate_values operation in ", "level": "info", "timestamp": "2026-06-12T21:07:20.237906Z"}
{"node": "expand_graph", "reason": "disabled_or_empty", "event": "skip", "correlation_id": "01KTYTJ9WE3VDXEZNJWMARFZ4Z", "query_preview": "What duration is shown for the CameraGestureBase_accumulate_values operation in ", "level": "info", "timestamp": "2026-06-12T21:07:20.238928Z"}
{"node": "rerank", "candidate_count": 50, "event": "start", "correlation_id": "01KTYTJ9WE3VDXEZNJWMARFZ4Z", "query_preview": "What duration is shown for the CameraGestureBase_accumulate_values operation in ", "level": "info", "timestamp": "2026-06-12T21:07:20.239747Z"}
{"node": "rerank", "top_k": 5, "source": "mode", "event": "top_k_resolved", "correlation_id": "01KTYTJ9WE3VDXEZNJWMARFZ4Z", "query_preview": "What duration is shown for the CameraGestureBase_accumulate_values operation in ", "level": "info", "timestamp": "2026-06-12T21:07:20.239812Z"}
{"candidates": 50, "top_k": 5, "backend": "cross_encoder", "event": "rerank.start", "correlation_id": "01KTYTJ9WE3VDXEZNJWMARFZ4Z", "query_preview": "What duration is shown for the CameraGestureBase_accumulate_values operation in ", "level": "info", "timestamp": "2026-06-12T21:07:20.239849Z"}
{"candidates": 50, "top_k": 5, "backend": "cross_encoder", "returned": 5, "event": "rerank.done", "correlation_id": "01KTYTJ9WE3VDXEZNJWMARFZ4Z", "query_preview": "What duration is shown for the CameraGestureBase_accumulate_values operation in ", "level": "info", "timestamp": "2026-06-12T21:07:42.022724Z"}
{"node": "rerank", "reranked_count": 5, "event": "done", "correlation_id": "01KTYTJ9WE3VDXEZNJWMARFZ4Z", "query_preview": "What duration is shown for the CameraGestureBase_accumulate_values operation in ", "level": "info", "timestamp": "2026-06-12T21:07:42.022824Z"}
{"node": "query_tables", "reason": "empty_or_not_table_shaped", "event": "skip", "correlation_id": "01KTYTJ9WE3VDXEZNJWMARFZ4Z", "query_preview": "What duration is shown for the CameraGestureBase_accumulate_values operation in ", "level": "info", "timestamp": "2026-06-12T21:07:42.024628Z"}
{"node": "assess", "reranked_count": 5, "event": "start", "correlation_id": "01KTYTJ9WE3VDXEZNJWMARFZ4Z", "query_preview": "What duration is shown for the CameraGestureBase_accumulate_values operation in ", "level": "info", "timestamp": "2026-06-12T21:07:42.025350Z"}
{"prompt_tag": "assess_sufficiency@v4", "schema": "SufficiencyAssessment", "model": "cyankiwi/Qwen3.5-4B-AWQ-4bit", "max_tokens": 1024, "temperature": 0.1, "top_p": 0.8, "presence_penalty": 1.0, "seed": 42, "message_count": 1, "event": "model_call.start", "correlation_id": "01KTYTJ9WE3VDXEZNJWMARFZ4Z", "query_preview": "What duration is shown for the CameraGestureBase_accumulate_values operation in ", "level": "info", "timestamp": "2026-06-12T21:07:42.027657Z"}
Authentication error: Langfuse client initialized without public_key. Client will be disabled. Provide a public_key parameter or set LANGFUSE_PUBLIC_KEY environment variable. 
{"prompt_tag": "assess_sufficiency@v4", "schema": "SufficiencyAssessment", "tokens": 2568, "event": "model_call.done", "correlation_id": "01KTYTJ9WE3VDXEZNJWMARFZ4Z", "query_preview": "What duration is shown for the CameraGestureBase_accumulate_values operation in ", "level": "info", "timestamp": "2026-06-12T21:07:42.905762Z"}
{"node": "answer", "regenerate_attempt": 0, "event": "start", "correlation_id": "01KTYTJ9WE3VDXEZNJWMARFZ4Z", "query_preview": "What duration is shown for the CameraGestureBase_accumulate_values operation in ", "level": "info", "timestamp": "2026-06-12T21:07:42.907203Z"}
{"prompt_tag": "answer@v5", "schema": "DraftAnswer", "model": "cyankiwi/Qwen3.5-4B-AWQ-4bit", "max_tokens": 1800, "temperature": 0.1, "top_p": 0.8, "presence_penalty": 1.0, "seed": 42, "message_count": 2, "event": "model_call.start", "correlation_id": "01KTYTJ9WE3VDXEZNJWMARFZ4Z", "query_preview": "What duration is shown for the CameraGestureBase_accumulate_values operation in ", "level": "info", "timestamp": "2026-06-12T21:07:42.909206Z"}
Authentication error: Langfuse client initialized without public_key. Client will be disabled. Provide a public_key parameter or set LANGFUSE_PUBLIC_KEY environment variable. 
{"prompt_tag": "answer@v5", "schema": "DraftAnswer", "tokens": 4228, "event": "model_call.done", "correlation_id": "01KTYTJ9WE3VDXEZNJWMARFZ4Z", "query_preview": "What duration is shown for the CameraGestureBase_accumulate_values operation in ", "level": "info", "timestamp": "2026-06-12T21:07:44.646748Z"}
{"node": "verify", "claim_count": 1, "event": "start", "correlation_id": "01KTYTJ9WE3VDXEZNJWMARFZ4Z", "query_preview": "What duration is shown for the CameraGestureBase_accumulate_values operation in ", "level": "info", "timestamp": "2026-06-12T21:07:44.647654Z"}
{"prompt_tag": "verify_grounding@v2", "schema": "VerificationResult", "model": "cyankiwi/Qwen3.5-4B-AWQ-4bit", "max_tokens": 1024, "temperature": 0.1, "top_p": 0.8, "presence_penalty": 1.0, "seed": 42, "message_count": 1, "event": "model_call.start", "correlation_id": "01KTYTJ9WE3VDXEZNJWMARFZ4Z", "query_preview": "What duration is shown for the CameraGestureBase_accumulate_values operation in ", "level": "info", "timestamp": "2026-06-12T21:07:44.650780Z"}
Authentication error: Langfuse client initialized without public_key. Client will be disabled. Provide a public_key parameter or set LANGFUSE_PUBLIC_KEY environment variable. 
{"prompt_tag": "verify_grounding@v2", "schema": "VerificationResult", "tokens": 2497, "event": "model_call.done", "correlation_id": "01KTYTJ9WE3VDXEZNJWMARFZ4Z", "query_preview": "What duration is shown for the CameraGestureBase_accumulate_values operation in ", "level": "info", "timestamp": "2026-06-12T21:07:45.215896Z"}
{"node": "assess_relevance", "event": "start", "correlation_id": "01KTYTJ9WE3VDXEZNJWMARFZ4Z", "query_preview": "What duration is shown for the CameraGestureBase_accumulate_values operation in ", "level": "info", "timestamp": "2026-06-12T21:07:45.217432Z"}
{"prompt_tag": "assess_relevance@v3", "schema": "RelevanceAssessment", "model": "cyankiwi/Qwen3.5-4B-AWQ-4bit", "max_tokens": 1024, "temperature": 0.1, "top_p": 0.8, "presence_penalty": 1.0, "seed": 42, "message_count": 1, "event": "model_call.start", "correlation_id": "01KTYTJ9WE3VDXEZNJWMARFZ4Z", "query_preview": "What duration is shown for the CameraGestureBase_accumulate_values operation in ", "level": "info", "timestamp": "2026-06-12T21:07:45.218433Z"}
Authentication error: Langfuse client initialized without public_key. Client will be disabled. Provide a public_key parameter or set LANGFUSE_PUBLIC_KEY environment variable. 
{"prompt_tag": "assess_relevance@v3", "schema": "RelevanceAssessment", "tokens": 867, "event": "model_call.done", "correlation_id": "01KTYTJ9WE3VDXEZNJWMARFZ4Z", "query_preview": "What duration is shown for the CameraGestureBase_accumulate_values operation in ", "level": "info", "timestamp": "2026-06-12T21:07:45.647043Z"}
{"node": "assess_relevance", "responsive": true, "event": "relevance", "correlation_id": "01KTYTJ9WE3VDXEZNJWMARFZ4Z", "query_preview": "What duration is shown for the CameraGestureBase_accumulate_values operation in ", "level": "info", "timestamp": "2026-06-12T21:07:45.647104Z"}
{"node": "compose", "event": "start", "correlation_id": "01KTYTJ9WE3VDXEZNJWMARFZ4Z", "query_preview": "What duration is shown for the CameraGestureBase_accumulate_values operation in ", "level": "info", "timestamp": "2026-06-12T21:07:45.648179Z"}
Authentication error: Langfuse client initialized without public_key. Client will be disabled. Provide a public_key parameter or set LANGFUSE_PUBLIC_KEY environment variable. 
{"node": "retrieve", "query_len": 110, "event": "start", "correlation_id": "01KTYTK2VG5PPY9DNVBB256CZJ", "query_preview": "Per the nvmath-python architectural figure, which existing Python numeric librar", "level": "info", "timestamp": "2026-06-12T21:07:45.649612Z"}
{"query_len": 110, "k": 50, "event": "hybrid.start", "correlation_id": "01KTYTK2VG5PPY9DNVBB256CZJ", "query_preview": "Per the nvmath-python architectural figure, which existing Python numeric librar", "level": "info", "timestamp": "2026-06-12T21:07:45.649648Z"}
{"query_len": 110, "k": 50, "dense": 50, "bm25": 0, "fused": 50, "term": false, "event": "hybrid.done", "correlation_id": "01KTYTK2VG5PPY9DNVBB256CZJ", "query_preview": "Per the nvmath-python architectural figure, which existing Python numeric librar", "level": "info", "timestamp": "2026-06-12T21:07:45.872684Z"}
{"node": "retrieve", "candidate_count": 50, "event": "done", "correlation_id": "01KTYTK2VG5PPY9DNVBB256CZJ", "query_preview": "Per the nvmath-python architectural figure, which existing Python numeric librar", "level": "info", "timestamp": "2026-06-12T21:07:45.873745Z"}
{"query_len": 110, "doc_ids": 1, "k": 50, "event": "hybrid_in_docs.start", "correlation_id": "01KTYTK2VG5PPY9DNVBB256CZJ", "query_preview": "Per the nvmath-python architectural figure, which existing Python numeric librar", "level": "info", "timestamp": "2026-06-12T21:07:45.876993Z"}
{"query_len": 110, "doc_ids": 1, "k": 50, "dense": 50, "bm25": 0, "fused": 50, "term": false, "event": "hybrid_in_docs.done", "correlation_id": "01KTYTK2VG5PPY9DNVBB256CZJ", "query_preview": "Per the nvmath-python architectural figure, which existing Python numeric librar", "level": "info", "timestamp": "2026-06-12T21:07:45.942662Z"}
{"node": "resolve_artifact_scope", "via": "dominant", "arttype": "figure", "doc_ids": ["2f96ae1c-s62400-cuda-new-features-and-beyond-171114580640"], "scoped_count": 50, "replaced_from": 50, "event": "scoped", "correlation_id": "01KTYTK2VG5PPY9DNVBB256CZJ", "query_preview": "Per the nvmath-python architectural figure, which existing Python numeric librar", "level": "info", "timestamp": "2026-06-12T21:07:45.943732Z"}
{"node": "expand_graph", "reason": "disabled_or_empty", "event": "skip", "correlation_id": "01KTYTK2VG5PPY9DNVBB256CZJ", "query_preview": "Per the nvmath-python architectural figure, which existing Python numeric librar", "level": "info", "timestamp": "2026-06-12T21:07:45.944762Z"}
{"node": "rerank", "candidate_count": 50, "event": "start", "correlation_id": "01KTYTK2VG5PPY9DNVBB256CZJ", "query_preview": "Per the nvmath-python architectural figure, which existing Python numeric librar", "level": "info", "timestamp": "2026-06-12T21:07:45.945554Z"}
{"node": "rerank", "top_k": 5, "source": "mode", "event": "top_k_resolved", "correlation_id": "01KTYTK2VG5PPY9DNVBB256CZJ", "query_preview": "Per the nvmath-python architectural figure, which existing Python numeric librar", "level": "info", "timestamp": "2026-06-12T21:07:45.945614Z"}
{"candidates": 50, "top_k": 5, "backend": "cross_encoder", "event": "rerank.start", "correlation_id": "01KTYTK2VG5PPY9DNVBB256CZJ", "query_preview": "Per the nvmath-python architectural figure, which existing Python numeric librar", "level": "info", "timestamp": "2026-06-12T21:07:45.945638Z"}
{"candidates": 50, "top_k": 5, "backend": "cross_encoder", "returned": 5, "event": "rerank.done", "correlation_id": "01KTYTK2VG5PPY9DNVBB256CZJ", "query_preview": "Per the nvmath-python architectural figure, which existing Python numeric librar", "level": "info", "timestamp": "2026-06-12T21:08:06.756236Z"}
{"node": "rerank", "reranked_count": 5, "event": "done", "correlation_id": "01KTYTK2VG5PPY9DNVBB256CZJ", "query_preview": "Per the nvmath-python architectural figure, which existing Python numeric librar", "level": "info", "timestamp": "2026-06-12T21:08:06.756328Z"}
{"node": "query_tables", "reason": "empty_or_not_table_shaped", "event": "skip", "correlation_id": "01KTYTK2VG5PPY9DNVBB256CZJ", "query_preview": "Per the nvmath-python architectural figure, which existing Python numeric librar", "level": "info", "timestamp": "2026-06-12T21:08:06.758037Z"}
{"node": "assess", "reranked_count": 5, "event": "start", "correlation_id": "01KTYTK2VG5PPY9DNVBB256CZJ", "query_preview": "Per the nvmath-python architectural figure, which existing Python numeric librar", "level": "info", "timestamp": "2026-06-12T21:08:06.758699Z"}
{"prompt_tag": "assess_sufficiency@v4", "schema": "SufficiencyAssessment", "model": "cyankiwi/Qwen3.5-4B-AWQ-4bit", "max_tokens": 1024, "temperature": 0.1, "top_p": 0.8, "presence_penalty": 1.0, "seed": 42, "message_count": 1, "event": "model_call.start", "correlation_id": "01KTYTK2VG5PPY9DNVBB256CZJ", "query_preview": "Per the nvmath-python architectural figure, which existing Python numeric librar", "level": "info", "timestamp": "2026-06-12T21:08:06.760585Z"}
Authentication error: Langfuse client initialized without public_key. Client will be disabled. Provide a public_key parameter or set LANGFUSE_PUBLIC_KEY environment variable. 
{"prompt_tag": "assess_sufficiency@v4", "schema": "SufficiencyAssessment", "tokens": 1319, "event": "model_call.done", "correlation_id": "01KTYTK2VG5PPY9DNVBB256CZJ", "query_preview": "Per the nvmath-python architectural figure, which existing Python numeric librar", "level": "info", "timestamp": "2026-06-12T21:08:07.520242Z"}
{"node": "answer", "regenerate_attempt": 0, "event": "start", "correlation_id": "01KTYTK2VG5PPY9DNVBB256CZJ", "query_preview": "Per the nvmath-python architectural figure, which existing Python numeric librar", "level": "info", "timestamp": "2026-06-12T21:08:07.521649Z"}
{"prompt_tag": "answer@v5", "schema": "DraftAnswer", "model": "cyankiwi/Qwen3.5-4B-AWQ-4bit", "max_tokens": 1800, "temperature": 0.1, "top_p": 0.8, "presence_penalty": 1.0, "seed": 42, "message_count": 2, "event": "model_call.start", "correlation_id": "01KTYTK2VG5PPY9DNVBB256CZJ", "query_preview": "Per the nvmath-python architectural figure, which existing Python numeric librar", "level": "info", "timestamp": "2026-06-12T21:08:07.524046Z"}
Authentication error: Langfuse client initialized without public_key. Client will be disabled. Provide a public_key parameter or set LANGFUSE_PUBLIC_KEY environment variable. 
{"prompt_tag": "answer@v5", "schema": "DraftAnswer", "tokens": 2979, "event": "model_call.done", "correlation_id": "01KTYTK2VG5PPY9DNVBB256CZJ", "query_preview": "Per the nvmath-python architectural figure, which existing Python numeric librar", "level": "info", "timestamp": "2026-06-12T21:08:09.149296Z"}
{"node": "verify", "claim_count": 1, "event": "start", "correlation_id": "01KTYTK2VG5PPY9DNVBB256CZJ", "query_preview": "Per the nvmath-python architectural figure, which existing Python numeric librar", "level": "info", "timestamp": "2026-06-12T21:08:09.150128Z"}
{"prompt_tag": "verify_grounding@v2", "schema": "VerificationResult", "model": "cyankiwi/Qwen3.5-4B-AWQ-4bit", "max_tokens": 1024, "temperature": 0.1, "top_p": 0.8, "presence_penalty": 1.0, "seed": 42, "message_count": 1, "event": "model_call.start", "correlation_id": "01KTYTK2VG5PPY9DNVBB256CZJ", "query_preview": "Per the nvmath-python architectural figure, which existing Python numeric librar", "level": "info", "timestamp": "2026-06-12T21:08:09.153119Z"}
Authentication error: Langfuse client initialized without public_key. Client will be disabled. Provide a public_key parameter or set LANGFUSE_PUBLIC_KEY environment variable. 
{"prompt_tag": "verify_grounding@v2", "schema": "VerificationResult", "tokens": 1239, "event": "model_call.done", "correlation_id": "01KTYTK2VG5PPY9DNVBB256CZJ", "query_preview": "Per the nvmath-python architectural figure, which existing Python numeric librar", "level": "info", "timestamp": "2026-06-12T21:08:09.525015Z"}
{"node": "assess_relevance", "event": "start", "correlation_id": "01KTYTK2VG5PPY9DNVBB256CZJ", "query_preview": "Per the nvmath-python architectural figure, which existing Python numeric librar", "level": "info", "timestamp": "2026-06-12T21:08:09.526359Z"}
{"prompt_tag": "assess_relevance@v3", "schema": "RelevanceAssessment", "model": "cyankiwi/Qwen3.5-4B-AWQ-4bit", "max_tokens": 1024, "temperature": 0.1, "top_p": 0.8, "presence_penalty": 1.0, "seed": 42, "message_count": 1, "event": "model_call.start", "correlation_id": "01KTYTK2VG5PPY9DNVBB256CZJ", "query_preview": "Per the nvmath-python architectural figure, which existing Python numeric librar", "level": "info", "timestamp": "2026-06-12T21:08:09.527446Z"}
Authentication error: Langfuse client initialized without public_key. Client will be disabled. Provide a public_key parameter or set LANGFUSE_PUBLIC_KEY environment variable. 
{"prompt_tag": "assess_relevance@v3", "schema": "RelevanceAssessment", "tokens": 874, "event": "model_call.done", "correlation_id": "01KTYTK2VG5PPY9DNVBB256CZJ", "query_preview": "Per the nvmath-python architectural figure, which existing Python numeric librar", "level": "info", "timestamp": "2026-06-12T21:08:09.964344Z"}
{"node": "assess_relevance", "responsive": true, "event": "relevance", "correlation_id": "01KTYTK2VG5PPY9DNVBB256CZJ", "query_preview": "Per the nvmath-python architectural figure, which existing Python numeric librar", "level": "info", "timestamp": "2026-06-12T21:08:09.964395Z"}
{"node": "compose", "event": "start", "correlation_id": "01KTYTK2VG5PPY9DNVBB256CZJ", "query_preview": "Per the nvmath-python architectural figure, which existing Python numeric librar", "level": "info", "timestamp": "2026-06-12T21:08:09.965473Z"}
Authentication error: Langfuse client initialized without public_key. Client will be disabled. Provide a public_key parameter or set LANGFUSE_PUBLIC_KEY environment variable. 
{"node": "retrieve", "query_len": 74, "event": "start", "correlation_id": "01KTYTKTKDQP1MZ5PWCQ25F5K5", "query_preview": "According to the deck, what is the memory bandwidth of the AMD MI300X GPU?", "level": "info", "timestamp": "2026-06-12T21:08:09.966958Z"}
{"query_len": 74, "k": 50, "event": "hybrid.start", "correlation_id": "01KTYTKTKDQP1MZ5PWCQ25F5K5", "query_preview": "According to the deck, what is the memory bandwidth of the AMD MI300X GPU?", "level": "info", "timestamp": "2026-06-12T21:08:09.966992Z"}
{"query_len": 74, "k": 50, "dense": 50, "bm25": 0, "fused": 50, "term": false, "event": "hybrid.done", "correlation_id": "01KTYTKTKDQP1MZ5PWCQ25F5K5", "query_preview": "According to the deck, what is the memory bandwidth of the AMD MI300X GPU?", "level": "info", "timestamp": "2026-06-12T21:08:10.047827Z"}
{"node": "retrieve", "candidate_count": 50, "event": "done", "correlation_id": "01KTYTKTKDQP1MZ5PWCQ25F5K5", "query_preview": "According to the deck, what is the memory bandwidth of the AMD MI300X GPU?", "level": "info", "timestamp": "2026-06-12T21:08:10.048749Z"}
{"node": "expand_graph", "reason": "disabled_or_empty", "event": "skip", "correlation_id": "01KTYTKTKDQP1MZ5PWCQ25F5K5", "query_preview": "According to the deck, what is the memory bandwidth of the AMD MI300X GPU?", "level": "info", "timestamp": "2026-06-12T21:08:10.050052Z"}
{"node": "rerank", "candidate_count": 50, "event": "start", "correlation_id": "01KTYTKTKDQP1MZ5PWCQ25F5K5", "query_preview": "According to the deck, what is the memory bandwidth of the AMD MI300X GPU?", "level": "info", "timestamp": "2026-06-12T21:08:10.050533Z"}
{"node": "rerank", "top_k": 5, "source": "mode", "event": "top_k_resolved", "correlation_id": "01KTYTKTKDQP1MZ5PWCQ25F5K5", "query_preview": "According to the deck, what is the memory bandwidth of the AMD MI300X GPU?", "level": "info", "timestamp": "2026-06-12T21:08:10.050578Z"}
{"candidates": 50, "top_k": 5, "backend": "cross_encoder", "event": "rerank.start", "correlation_id": "01KTYTKTKDQP1MZ5PWCQ25F5K5", "query_preview": "According to the deck, what is the memory bandwidth of the AMD MI300X GPU?", "level": "info", "timestamp": "2026-06-12T21:08:10.050606Z"}
{"candidates": 50, "top_k": 5, "backend": "cross_encoder", "returned": 5, "event": "rerank.done", "correlation_id": "01KTYTKTKDQP1MZ5PWCQ25F5K5", "query_preview": "According to the deck, what is the memory bandwidth of the AMD MI300X GPU?", "level": "info", "timestamp": "2026-06-12T21:08:29.932666Z"}
{"node": "rerank", "reranked_count": 5, "event": "done", "correlation_id": "01KTYTKTKDQP1MZ5PWCQ25F5K5", "query_preview": "According to the deck, what is the memory bandwidth of the AMD MI300X GPU?", "level": "info", "timestamp": "2026-06-12T21:08:29.932765Z"}
{"node": "query_tables", "reason": "empty_or_not_table_shaped", "event": "skip", "correlation_id": "01KTYTKTKDQP1MZ5PWCQ25F5K5", "query_preview": "According to the deck, what is the memory bandwidth of the AMD MI300X GPU?", "level": "info", "timestamp": "2026-06-12T21:08:29.934563Z"}
{"node": "assess", "reranked_count": 5, "event": "start", "correlation_id": "01KTYTKTKDQP1MZ5PWCQ25F5K5", "query_preview": "According to the deck, what is the memory bandwidth of the AMD MI300X GPU?", "level": "info", "timestamp": "2026-06-12T21:08:29.935267Z"}
{"prompt_tag": "assess_sufficiency@v4", "schema": "SufficiencyAssessment", "model": "cyankiwi/Qwen3.5-4B-AWQ-4bit", "max_tokens": 1024, "temperature": 0.1, "top_p": 0.8, "presence_penalty": 1.0, "seed": 42, "message_count": 1, "event": "model_call.start", "correlation_id": "01KTYTKTKDQP1MZ5PWCQ25F5K5", "query_preview": "According to the deck, what is the memory bandwidth of the AMD MI300X GPU?", "level": "info", "timestamp": "2026-06-12T21:08:29.937190Z"}
Authentication error: Langfuse client initialized without public_key. Client will be disabled. Provide a public_key parameter or set LANGFUSE_PUBLIC_KEY environment variable. 
{"prompt_tag": "assess_sufficiency@v4", "schema": "SufficiencyAssessment", "tokens": 2059, "event": "model_call.done", "correlation_id": "01KTYTKTKDQP1MZ5PWCQ25F5K5", "query_preview": "According to the deck, what is the memory bandwidth of the AMD MI300X GPU?", "level": "info", "timestamp": "2026-06-12T21:08:30.852304Z"}
{"node": "refuse", "event": "start", "correlation_id": "01KTYTKTKDQP1MZ5PWCQ25F5K5", "query_preview": "According to the deck, what is the memory bandwidth of the AMD MI300X GPU?", "level": "info", "timestamp": "2026-06-12T21:08:30.853370Z"}
{"query_count": 34, "quick": false, "error_count": 0, "mean_citation_precision": 0.9264705882352942, "mean_citation_precision_answered_only": 0.8076923076923077, "answer_text_checked": 0, "answer_text_correct_count": 0, "mean_answer_mention_recall": null, "event": "eval.done", "level": "info", "timestamp": "2026-06-12T21:08:30.853883Z"}
