{"vault_path": "/home/drei/.memex/vault", "event": "bootstrap", "level": "info", "timestamp": "2026-06-12T18:39:50.486754Z"}
{"estimated_gb": 11.8, "budget_gb": 9.8, "total_gb": 11.6, "gpu": "NVIDIA GeForce RTX 4070", "vlm_counted": false, "co_residence_mode": "manual", "embedder_device": "cpu", "reranker_device": "cpu", "fix": "lower hardware.gpu_memory_fraction, switch to a lighter co-residence mode (MEMEX_MODELS__CO_RESIDENCE_MODE=full puts the reranker on CPU), switch to a smaller VLM variant (vlm_quantization=awq_int4), or reduce the orchestrator quant tier", "event": "vram.budget.tight", "level": "warning", "timestamp": "2026-06-12T18:39:51.338173Z"}
{"component": "bootstrap.gpu", "total_gb": 11.56, "free_gb": 4.46, "holders": ["pid 382037: VLLM::EngineCore (6170 MiB)", "pid 1128158: /home/drei/project/Doc_Flo/.venv/bin/python3 (154 MiB)"], "event": "gpu.preflight", "level": "info", "timestamp": "2026-06-12T18:39:51.435421Z"}
{"query_count": 18, "quick": false, "event": "eval.start", "level": "info", "timestamp": "2026-06-12T18:39:51.480151Z"}
Authentication error: Langfuse client initialized without public_key. Client will be disabled. Provide a public_key parameter or set LANGFUSE_PUBLIC_KEY environment variable. 
{"node": "retrieve", "query_len": 117, "event": "start", "query_preview": "According to the developer guidelines, what must every custom exception inherit ", "correlation_id": "01KTYJ48NREE2EJQAHPK0YKK5W", "level": "info", "timestamp": "2026-06-12T18:39:51.507880Z"}
{"query_len": 117, "k": 50, "event": "hybrid.start", "query_preview": "According to the developer guidelines, what must every custom exception inherit ", "correlation_id": "01KTYJ48NREE2EJQAHPK0YKK5W", "level": "info", "timestamp": "2026-06-12T18:39:51.507945Z"}
{"name": "embedder", "event": "model.load.start", "query_preview": "According to the developer guidelines, what must every custom exception inherit ", "correlation_id": "01KTYJ48NREE2EJQAHPK0YKK5W", "level": "info", "timestamp": "2026-06-12T18:39:51.511798Z"}
`torch_dtype` is deprecated! Use `dtype` instead!
{"name": "embedder", "event": "model.load.done", "query_preview": "According to the developer guidelines, what must every custom exception inherit ", "correlation_id": "01KTYJ48NREE2EJQAHPK0YKK5W", "level": "info", "timestamp": "2026-06-12T18:39:55.477730Z"}
{"query_len": 117, "k": 50, "dense": 50, "bm25": 0, "fused": 50, "term": false, "event": "hybrid.done", "query_preview": "According to the developer guidelines, what must every custom exception inherit ", "correlation_id": "01KTYJ48NREE2EJQAHPK0YKK5W", "level": "info", "timestamp": "2026-06-12T18:39:55.642572Z"}
{"node": "retrieve", "candidate_count": 50, "event": "done", "query_preview": "According to the developer guidelines, what must every custom exception inherit ", "correlation_id": "01KTYJ48NREE2EJQAHPK0YKK5W", "level": "info", "timestamp": "2026-06-12T18:39:55.643490Z"}
{"node": "expand_graph", "reason": "disabled_or_empty", "event": "skip", "query_preview": "According to the developer guidelines, what must every custom exception inherit ", "correlation_id": "01KTYJ48NREE2EJQAHPK0YKK5W", "level": "info", "timestamp": "2026-06-12T18:39:55.645304Z"}
{"node": "rerank", "candidate_count": 50, "event": "start", "query_preview": "According to the developer guidelines, what must every custom exception inherit ", "correlation_id": "01KTYJ48NREE2EJQAHPK0YKK5W", "level": "info", "timestamp": "2026-06-12T18:39:55.645954Z"}
{"node": "rerank", "top_k": 5, "source": "mode", "event": "top_k_resolved", "query_preview": "According to the developer guidelines, what must every custom exception inherit ", "correlation_id": "01KTYJ48NREE2EJQAHPK0YKK5W", "level": "info", "timestamp": "2026-06-12T18:39:55.646009Z"}
{"candidates": 50, "top_k": 5, "backend": "cross_encoder", "event": "rerank.start", "query_preview": "According to the developer guidelines, what must every custom exception inherit ", "correlation_id": "01KTYJ48NREE2EJQAHPK0YKK5W", "level": "info", "timestamp": "2026-06-12T18:39:55.646042Z"}
{"name": "reranker", "event": "model.load.start", "query_preview": "According to the developer guidelines, what must every custom exception inherit ", "correlation_id": "01KTYJ48NREE2EJQAHPK0YKK5W", "level": "info", "timestamp": "2026-06-12T18:39:55.646077Z"}
{"name": "reranker", "event": "model.load.done", "query_preview": "According to the developer guidelines, what must every custom exception inherit ", "correlation_id": "01KTYJ48NREE2EJQAHPK0YKK5W", "level": "info", "timestamp": "2026-06-12T18:39:56.642158Z"}
{"candidates": 50, "top_k": 5, "backend": "cross_encoder", "returned": 5, "event": "rerank.done", "query_preview": "According to the developer guidelines, what must every custom exception inherit ", "correlation_id": "01KTYJ48NREE2EJQAHPK0YKK5W", "level": "info", "timestamp": "2026-06-12T18:40:13.283542Z"}
{"node": "rerank", "reranked_count": 5, "event": "done", "query_preview": "According to the developer guidelines, what must every custom exception inherit ", "correlation_id": "01KTYJ48NREE2EJQAHPK0YKK5W", "level": "info", "timestamp": "2026-06-12T18:40:13.283636Z"}
{"node": "query_tables", "reason": "empty_or_not_table_shaped", "event": "skip", "query_preview": "According to the developer guidelines, what must every custom exception inherit ", "correlation_id": "01KTYJ48NREE2EJQAHPK0YKK5W", "level": "info", "timestamp": "2026-06-12T18:40:13.285802Z"}
{"node": "assess", "reranked_count": 5, "event": "start", "query_preview": "According to the developer guidelines, what must every custom exception inherit ", "correlation_id": "01KTYJ48NREE2EJQAHPK0YKK5W", "level": "info", "timestamp": "2026-06-12T18:40:13.286660Z"}
{"prompt_tag": "assess_sufficiency@v4", "schema": "SufficiencyAssessment", "model": "cyankiwi/Qwen3.5-4B-AWQ-4bit", "max_tokens": 1024, "temperature": 0.1, "top_p": 0.8, "presence_penalty": 1.0, "seed": 42, "message_count": 1, "event": "model_call.start", "query_preview": "According to the developer guidelines, what must every custom exception inherit ", "correlation_id": "01KTYJ48NREE2EJQAHPK0YKK5W", "level": "info", "timestamp": "2026-06-12T18:40:13.290694Z"}
Authentication error: Langfuse client initialized without public_key. Client will be disabled. Provide a public_key parameter or set LANGFUSE_PUBLIC_KEY environment variable. 
{"prompt_tag": "assess_sufficiency@v4", "schema": "SufficiencyAssessment", "tokens": 2010, "event": "model_call.done", "query_preview": "According to the developer guidelines, what must every custom exception inherit ", "correlation_id": "01KTYJ48NREE2EJQAHPK0YKK5W", "level": "info", "timestamp": "2026-06-12T18:40:14.159012Z"}
{"node": "answer", "regenerate_attempt": 0, "event": "start", "query_preview": "According to the developer guidelines, what must every custom exception inherit ", "correlation_id": "01KTYJ48NREE2EJQAHPK0YKK5W", "level": "info", "timestamp": "2026-06-12T18:40:14.161081Z"}
{"prompt_tag": "answer@v5", "schema": "DraftAnswer", "model": "cyankiwi/Qwen3.5-4B-AWQ-4bit", "max_tokens": 1800, "temperature": 0.1, "top_p": 0.8, "presence_penalty": 1.0, "seed": 42, "message_count": 2, "event": "model_call.start", "query_preview": "According to the developer guidelines, what must every custom exception inherit ", "correlation_id": "01KTYJ48NREE2EJQAHPK0YKK5W", "level": "info", "timestamp": "2026-06-12T18:40:14.163728Z"}
Authentication error: Langfuse client initialized without public_key. Client will be disabled. Provide a public_key parameter or set LANGFUSE_PUBLIC_KEY environment variable. 
{"prompt_tag": "answer@v5", "schema": "DraftAnswer", "tokens": 3617, "event": "model_call.done", "query_preview": "According to the developer guidelines, what must every custom exception inherit ", "correlation_id": "01KTYJ48NREE2EJQAHPK0YKK5W", "level": "info", "timestamp": "2026-06-12T18:40:15.409130Z"}
{"node": "verify", "claim_count": 1, "event": "start", "query_preview": "According to the developer guidelines, what must every custom exception inherit ", "correlation_id": "01KTYJ48NREE2EJQAHPK0YKK5W", "level": "info", "timestamp": "2026-06-12T18:40:15.411966Z"}
{"prompt_tag": "verify_grounding@v2", "schema": "VerificationResult", "model": "cyankiwi/Qwen3.5-4B-AWQ-4bit", "max_tokens": 1024, "temperature": 0.1, "top_p": 0.8, "presence_penalty": 1.0, "seed": 42, "message_count": 1, "event": "model_call.start", "query_preview": "According to the developer guidelines, what must every custom exception inherit ", "correlation_id": "01KTYJ48NREE2EJQAHPK0YKK5W", "level": "info", "timestamp": "2026-06-12T18:40:15.415586Z"}
Authentication error: Langfuse client initialized without public_key. Client will be disabled. Provide a public_key parameter or set LANGFUSE_PUBLIC_KEY environment variable. 
{"prompt_tag": "verify_grounding@v2", "schema": "VerificationResult", "tokens": 1892, "event": "model_call.done", "query_preview": "According to the developer guidelines, what must every custom exception inherit ", "correlation_id": "01KTYJ48NREE2EJQAHPK0YKK5W", "level": "info", "timestamp": "2026-06-12T18:40:15.884932Z"}
{"node": "assess_relevance", "event": "start", "query_preview": "According to the developer guidelines, what must every custom exception inherit ", "correlation_id": "01KTYJ48NREE2EJQAHPK0YKK5W", "level": "info", "timestamp": "2026-06-12T18:40:15.886414Z"}
{"prompt_tag": "assess_relevance@v3", "schema": "RelevanceAssessment", "model": "cyankiwi/Qwen3.5-4B-AWQ-4bit", "max_tokens": 1024, "temperature": 0.1, "top_p": 0.8, "presence_penalty": 1.0, "seed": 42, "message_count": 1, "event": "model_call.start", "query_preview": "According to the developer guidelines, what must every custom exception inherit ", "correlation_id": "01KTYJ48NREE2EJQAHPK0YKK5W", "level": "info", "timestamp": "2026-06-12T18:40:15.888658Z"}
Authentication error: Langfuse client initialized without public_key. Client will be disabled. Provide a public_key parameter or set LANGFUSE_PUBLIC_KEY environment variable. 
{"prompt_tag": "assess_relevance@v3", "schema": "RelevanceAssessment", "tokens": 837, "event": "model_call.done", "query_preview": "According to the developer guidelines, what must every custom exception inherit ", "correlation_id": "01KTYJ48NREE2EJQAHPK0YKK5W", "level": "info", "timestamp": "2026-06-12T18:40:16.228337Z"}
{"node": "assess_relevance", "responsive": true, "event": "relevance", "query_preview": "According to the developer guidelines, what must every custom exception inherit ", "correlation_id": "01KTYJ48NREE2EJQAHPK0YKK5W", "level": "info", "timestamp": "2026-06-12T18:40:16.228389Z"}
{"node": "compose", "event": "start", "query_preview": "According to the developer guidelines, what must every custom exception inherit ", "correlation_id": "01KTYJ48NREE2EJQAHPK0YKK5W", "level": "info", "timestamp": "2026-06-12T18:40:16.229465Z"}
Authentication error: Langfuse client initialized without public_key. Client will be disabled. Provide a public_key parameter or set LANGFUSE_PUBLIC_KEY environment variable. 
{"node": "retrieve", "query_len": 73, "event": "start", "query_preview": "What is the guidelines' rule about passing data across module boundaries?", "correlation_id": "01KTYJ50V5WK8XYXMZBKYCVH80", "level": "info", "timestamp": "2026-06-12T18:40:16.231029Z"}
{"query_len": 73, "k": 50, "event": "hybrid.start", "query_preview": "What is the guidelines' rule about passing data across module boundaries?", "correlation_id": "01KTYJ50V5WK8XYXMZBKYCVH80", "level": "info", "timestamp": "2026-06-12T18:40:16.231068Z"}
{"query_len": 73, "k": 50, "dense": 50, "bm25": 0, "fused": 50, "term": false, "event": "hybrid.done", "query_preview": "What is the guidelines' rule about passing data across module boundaries?", "correlation_id": "01KTYJ50V5WK8XYXMZBKYCVH80", "level": "info", "timestamp": "2026-06-12T18:40:16.314358Z"}
{"node": "retrieve", "candidate_count": 50, "event": "done", "query_preview": "What is the guidelines' rule about passing data across module boundaries?", "correlation_id": "01KTYJ50V5WK8XYXMZBKYCVH80", "level": "info", "timestamp": "2026-06-12T18:40:16.315257Z"}
{"node": "expand_graph", "reason": "disabled_or_empty", "event": "skip", "query_preview": "What is the guidelines' rule about passing data across module boundaries?", "correlation_id": "01KTYJ50V5WK8XYXMZBKYCVH80", "level": "info", "timestamp": "2026-06-12T18:40:16.316536Z"}
{"node": "rerank", "candidate_count": 50, "event": "start", "query_preview": "What is the guidelines' rule about passing data across module boundaries?", "correlation_id": "01KTYJ50V5WK8XYXMZBKYCVH80", "level": "info", "timestamp": "2026-06-12T18:40:16.317010Z"}
{"node": "rerank", "top_k": 5, "source": "mode", "event": "top_k_resolved", "query_preview": "What is the guidelines' rule about passing data across module boundaries?", "correlation_id": "01KTYJ50V5WK8XYXMZBKYCVH80", "level": "info", "timestamp": "2026-06-12T18:40:16.317064Z"}
{"candidates": 50, "top_k": 5, "backend": "cross_encoder", "event": "rerank.start", "query_preview": "What is the guidelines' rule about passing data across module boundaries?", "correlation_id": "01KTYJ50V5WK8XYXMZBKYCVH80", "level": "info", "timestamp": "2026-06-12T18:40:16.317095Z"}
{"candidates": 50, "top_k": 5, "backend": "cross_encoder", "returned": 5, "event": "rerank.done", "query_preview": "What is the guidelines' rule about passing data across module boundaries?", "correlation_id": "01KTYJ50V5WK8XYXMZBKYCVH80", "level": "info", "timestamp": "2026-06-12T18:40:34.217540Z"}
{"node": "rerank", "reranked_count": 5, "event": "done", "query_preview": "What is the guidelines' rule about passing data across module boundaries?", "correlation_id": "01KTYJ50V5WK8XYXMZBKYCVH80", "level": "info", "timestamp": "2026-06-12T18:40:34.217634Z"}
{"node": "query_tables", "reason": "empty_or_not_table_shaped", "event": "skip", "query_preview": "What is the guidelines' rule about passing data across module boundaries?", "correlation_id": "01KTYJ50V5WK8XYXMZBKYCVH80", "level": "info", "timestamp": "2026-06-12T18:40:34.219407Z"}
{"node": "assess", "reranked_count": 5, "event": "start", "query_preview": "What is the guidelines' rule about passing data across module boundaries?", "correlation_id": "01KTYJ50V5WK8XYXMZBKYCVH80", "level": "info", "timestamp": "2026-06-12T18:40:34.220112Z"}
{"prompt_tag": "assess_sufficiency@v4", "schema": "SufficiencyAssessment", "model": "cyankiwi/Qwen3.5-4B-AWQ-4bit", "max_tokens": 1024, "temperature": 0.1, "top_p": 0.8, "presence_penalty": 1.0, "seed": 42, "message_count": 1, "event": "model_call.start", "query_preview": "What is the guidelines' rule about passing data across module boundaries?", "correlation_id": "01KTYJ50V5WK8XYXMZBKYCVH80", "level": "info", "timestamp": "2026-06-12T18:40:34.222289Z"}
Authentication error: Langfuse client initialized without public_key. Client will be disabled. Provide a public_key parameter or set LANGFUSE_PUBLIC_KEY environment variable. 
{"prompt_tag": "assess_sufficiency@v4", "schema": "SufficiencyAssessment", "tokens": 1933, "event": "model_call.done", "query_preview": "What is the guidelines' rule about passing data across module boundaries?", "correlation_id": "01KTYJ50V5WK8XYXMZBKYCVH80", "level": "info", "timestamp": "2026-06-12T18:40:35.234051Z"}
{"node": "answer", "regenerate_attempt": 0, "event": "start", "query_preview": "What is the guidelines' rule about passing data across module boundaries?", "correlation_id": "01KTYJ50V5WK8XYXMZBKYCVH80", "level": "info", "timestamp": "2026-06-12T18:40:35.235247Z"}
{"prompt_tag": "answer@v5", "schema": "DraftAnswer", "model": "cyankiwi/Qwen3.5-4B-AWQ-4bit", "max_tokens": 1800, "temperature": 0.1, "top_p": 0.8, "presence_penalty": 1.0, "seed": 42, "message_count": 2, "event": "model_call.start", "query_preview": "What is the guidelines' rule about passing data across module boundaries?", "correlation_id": "01KTYJ50V5WK8XYXMZBKYCVH80", "level": "info", "timestamp": "2026-06-12T18:40:35.237378Z"}
Authentication error: Langfuse client initialized without public_key. Client will be disabled. Provide a public_key parameter or set LANGFUSE_PUBLIC_KEY environment variable. 
{"prompt_tag": "answer@v5", "schema": "DraftAnswer", "tokens": 3725, "event": "model_call.done", "query_preview": "What is the guidelines' rule about passing data across module boundaries?", "correlation_id": "01KTYJ50V5WK8XYXMZBKYCVH80", "level": "info", "timestamp": "2026-06-12T18:40:38.294970Z"}
{"node": "verify", "claim_count": 3, "event": "start", "query_preview": "What is the guidelines' rule about passing data across module boundaries?", "correlation_id": "01KTYJ50V5WK8XYXMZBKYCVH80", "level": "info", "timestamp": "2026-06-12T18:40:38.295799Z"}
{"prompt_tag": "verify_grounding@v2", "schema": "VerificationResult", "model": "cyankiwi/Qwen3.5-4B-AWQ-4bit", "max_tokens": 1024, "temperature": 0.1, "top_p": 0.8, "presence_penalty": 1.0, "seed": 42, "message_count": 1, "event": "model_call.start", "query_preview": "What is the guidelines' rule about passing data across module boundaries?", "correlation_id": "01KTYJ50V5WK8XYXMZBKYCVH80", "level": "info", "timestamp": "2026-06-12T18:40:38.299123Z"}
Authentication error: Langfuse client initialized without public_key. Client will be disabled. Provide a public_key parameter or set LANGFUSE_PUBLIC_KEY environment variable. 
{"prompt_tag": "verify_grounding@v2", "schema": "VerificationResult", "tokens": 1928, "event": "model_call.done", "query_preview": "What is the guidelines' rule about passing data across module boundaries?", "correlation_id": "01KTYJ50V5WK8XYXMZBKYCVH80", "level": "info", "timestamp": "2026-06-12T18:40:38.826064Z"}
{"node": "assess_relevance", "event": "start", "query_preview": "What is the guidelines' rule about passing data across module boundaries?", "correlation_id": "01KTYJ50V5WK8XYXMZBKYCVH80", "level": "info", "timestamp": "2026-06-12T18:40:38.827661Z"}
{"prompt_tag": "assess_relevance@v3", "schema": "RelevanceAssessment", "model": "cyankiwi/Qwen3.5-4B-AWQ-4bit", "max_tokens": 1024, "temperature": 0.1, "top_p": 0.8, "presence_penalty": 1.0, "seed": 42, "message_count": 1, "event": "model_call.start", "query_preview": "What is the guidelines' rule about passing data across module boundaries?", "correlation_id": "01KTYJ50V5WK8XYXMZBKYCVH80", "level": "info", "timestamp": "2026-06-12T18:40:38.829010Z"}
Authentication error: Langfuse client initialized without public_key. Client will be disabled. Provide a public_key parameter or set LANGFUSE_PUBLIC_KEY environment variable. 
{"prompt_tag": "assess_relevance@v3", "schema": "RelevanceAssessment", "tokens": 946, "event": "model_call.done", "query_preview": "What is the guidelines' rule about passing data across module boundaries?", "correlation_id": "01KTYJ50V5WK8XYXMZBKYCVH80", "level": "info", "timestamp": "2026-06-12T18:40:39.260135Z"}
{"node": "assess_relevance", "responsive": true, "event": "relevance", "query_preview": "What is the guidelines' rule about passing data across module boundaries?", "correlation_id": "01KTYJ50V5WK8XYXMZBKYCVH80", "level": "info", "timestamp": "2026-06-12T18:40:39.260192Z"}
{"node": "compose", "event": "start", "query_preview": "What is the guidelines' rule about passing data across module boundaries?", "correlation_id": "01KTYJ50V5WK8XYXMZBKYCVH80", "level": "info", "timestamp": "2026-06-12T18:40:39.261367Z"}
Authentication error: Langfuse client initialized without public_key. Client will be disabled. Provide a public_key parameter or set LANGFUSE_PUBLIC_KEY environment variable. 
{"node": "retrieve", "query_len": 66, "event": "start", "query_preview": "What pyright policy do the guidelines mandate for src/memex in CI?", "correlation_id": "01KTYJ5QAXZ9DV24F663RMA40W", "level": "info", "timestamp": "2026-06-12T18:40:39.262945Z"}
{"query_len": 66, "k": 50, "event": "hybrid.start", "query_preview": "What pyright policy do the guidelines mandate for src/memex in CI?", "correlation_id": "01KTYJ5QAXZ9DV24F663RMA40W", "level": "info", "timestamp": "2026-06-12T18:40:39.262985Z"}
{"query_len": 66, "k": 50, "dense": 50, "bm25": 0, "fused": 50, "term": false, "event": "hybrid.done", "query_preview": "What pyright policy do the guidelines mandate for src/memex in CI?", "correlation_id": "01KTYJ5QAXZ9DV24F663RMA40W", "level": "info", "timestamp": "2026-06-12T18:40:39.351504Z"}
{"node": "retrieve", "candidate_count": 50, "event": "done", "query_preview": "What pyright policy do the guidelines mandate for src/memex in CI?", "correlation_id": "01KTYJ5QAXZ9DV24F663RMA40W", "level": "info", "timestamp": "2026-06-12T18:40:39.352811Z"}
{"node": "expand_graph", "reason": "disabled_or_empty", "event": "skip", "query_preview": "What pyright policy do the guidelines mandate for src/memex in CI?", "correlation_id": "01KTYJ5QAXZ9DV24F663RMA40W", "level": "info", "timestamp": "2026-06-12T18:40:39.354307Z"}
{"node": "rerank", "candidate_count": 50, "event": "start", "query_preview": "What pyright policy do the guidelines mandate for src/memex in CI?", "correlation_id": "01KTYJ5QAXZ9DV24F663RMA40W", "level": "info", "timestamp": "2026-06-12T18:40:39.354817Z"}
{"node": "rerank", "top_k": 5, "source": "mode", "event": "top_k_resolved", "query_preview": "What pyright policy do the guidelines mandate for src/memex in CI?", "correlation_id": "01KTYJ5QAXZ9DV24F663RMA40W", "level": "info", "timestamp": "2026-06-12T18:40:39.354866Z"}
{"candidates": 50, "top_k": 5, "backend": "cross_encoder", "event": "rerank.start", "query_preview": "What pyright policy do the guidelines mandate for src/memex in CI?", "correlation_id": "01KTYJ5QAXZ9DV24F663RMA40W", "level": "info", "timestamp": "2026-06-12T18:40:39.354889Z"}
{"candidates": 50, "top_k": 5, "backend": "cross_encoder", "returned": 5, "event": "rerank.done", "query_preview": "What pyright policy do the guidelines mandate for src/memex in CI?", "correlation_id": "01KTYJ5QAXZ9DV24F663RMA40W", "level": "info", "timestamp": "2026-06-12T18:41:04.998071Z"}
{"node": "rerank", "reranked_count": 5, "event": "done", "query_preview": "What pyright policy do the guidelines mandate for src/memex in CI?", "correlation_id": "01KTYJ5QAXZ9DV24F663RMA40W", "level": "info", "timestamp": "2026-06-12T18:41:04.998168Z"}
{"node": "query_tables", "reason": "empty_or_not_table_shaped", "event": "skip", "query_preview": "What pyright policy do the guidelines mandate for src/memex in CI?", "correlation_id": "01KTYJ5QAXZ9DV24F663RMA40W", "level": "info", "timestamp": "2026-06-12T18:41:04.999736Z"}
{"node": "assess", "reranked_count": 5, "event": "start", "query_preview": "What pyright policy do the guidelines mandate for src/memex in CI?", "correlation_id": "01KTYJ5QAXZ9DV24F663RMA40W", "level": "info", "timestamp": "2026-06-12T18:41:05.000488Z"}
{"prompt_tag": "assess_sufficiency@v4", "schema": "SufficiencyAssessment", "model": "cyankiwi/Qwen3.5-4B-AWQ-4bit", "max_tokens": 1024, "temperature": 0.1, "top_p": 0.8, "presence_penalty": 1.0, "seed": 42, "message_count": 1, "event": "model_call.start", "query_preview": "What pyright policy do the guidelines mandate for src/memex in CI?", "correlation_id": "01KTYJ5QAXZ9DV24F663RMA40W", "level": "info", "timestamp": "2026-06-12T18:41:05.002233Z"}
Authentication error: Langfuse client initialized without public_key. Client will be disabled. Provide a public_key parameter or set LANGFUSE_PUBLIC_KEY environment variable. 
{"prompt_tag": "assess_sufficiency@v4", "schema": "SufficiencyAssessment", "tokens": 2222, "event": "model_call.done", "query_preview": "What pyright policy do the guidelines mandate for src/memex in CI?", "correlation_id": "01KTYJ5QAXZ9DV24F663RMA40W", "level": "info", "timestamp": "2026-06-12T18:41:05.812842Z"}
{"node": "answer", "regenerate_attempt": 0, "event": "start", "query_preview": "What pyright policy do the guidelines mandate for src/memex in CI?", "correlation_id": "01KTYJ5QAXZ9DV24F663RMA40W", "level": "info", "timestamp": "2026-06-12T18:41:05.814585Z"}
{"prompt_tag": "answer@v5", "schema": "DraftAnswer", "model": "cyankiwi/Qwen3.5-4B-AWQ-4bit", "max_tokens": 1800, "temperature": 0.1, "top_p": 0.8, "presence_penalty": 1.0, "seed": 42, "message_count": 2, "event": "model_call.start", "query_preview": "What pyright policy do the guidelines mandate for src/memex in CI?", "correlation_id": "01KTYJ5QAXZ9DV24F663RMA40W", "level": "info", "timestamp": "2026-06-12T18:41:05.817099Z"}
Authentication error: Langfuse client initialized without public_key. Client will be disabled. Provide a public_key parameter or set LANGFUSE_PUBLIC_KEY environment variable. 
{"prompt_tag": "answer@v5", "schema": "DraftAnswer", "tokens": 3853, "event": "model_call.done", "query_preview": "What pyright policy do the guidelines mandate for src/memex in CI?", "correlation_id": "01KTYJ5QAXZ9DV24F663RMA40W", "level": "info", "timestamp": "2026-06-12T18:41:07.223959Z"}
{"node": "verify", "claim_count": 1, "event": "start", "query_preview": "What pyright policy do the guidelines mandate for src/memex in CI?", "correlation_id": "01KTYJ5QAXZ9DV24F663RMA40W", "level": "info", "timestamp": "2026-06-12T18:41:07.225183Z"}
{"prompt_tag": "verify_grounding@v2", "schema": "VerificationResult", "model": "cyankiwi/Qwen3.5-4B-AWQ-4bit", "max_tokens": 1024, "temperature": 0.1, "top_p": 0.8, "presence_penalty": 1.0, "seed": 42, "message_count": 1, "event": "model_call.start", "query_preview": "What pyright policy do the guidelines mandate for src/memex in CI?", "correlation_id": "01KTYJ5QAXZ9DV24F663RMA40W", "level": "info", "timestamp": "2026-06-12T18:41:07.229115Z"}
Authentication error: Langfuse client initialized without public_key. Client will be disabled. Provide a public_key parameter or set LANGFUSE_PUBLIC_KEY environment variable. 
{"prompt_tag": "verify_grounding@v2", "schema": "VerificationResult", "tokens": 2129, "event": "model_call.done", "query_preview": "What pyright policy do the guidelines mandate for src/memex in CI?", "correlation_id": "01KTYJ5QAXZ9DV24F663RMA40W", "level": "info", "timestamp": "2026-06-12T18:41:07.734080Z"}
{"node": "assess_relevance", "event": "start", "query_preview": "What pyright policy do the guidelines mandate for src/memex in CI?", "correlation_id": "01KTYJ5QAXZ9DV24F663RMA40W", "level": "info", "timestamp": "2026-06-12T18:41:07.735919Z"}
{"prompt_tag": "assess_relevance@v3", "schema": "RelevanceAssessment", "model": "cyankiwi/Qwen3.5-4B-AWQ-4bit", "max_tokens": 1024, "temperature": 0.1, "top_p": 0.8, "presence_penalty": 1.0, "seed": 42, "message_count": 1, "event": "model_call.start", "query_preview": "What pyright policy do the guidelines mandate for src/memex in CI?", "correlation_id": "01KTYJ5QAXZ9DV24F663RMA40W", "level": "info", "timestamp": "2026-06-12T18:41:07.737066Z"}
Authentication error: Langfuse client initialized without public_key. Client will be disabled. Provide a public_key parameter or set LANGFUSE_PUBLIC_KEY environment variable. 
{"prompt_tag": "assess_relevance@v3", "schema": "RelevanceAssessment", "tokens": 850, "event": "model_call.done", "query_preview": "What pyright policy do the guidelines mandate for src/memex in CI?", "correlation_id": "01KTYJ5QAXZ9DV24F663RMA40W", "level": "info", "timestamp": "2026-06-12T18:41:08.120784Z"}
{"node": "assess_relevance", "responsive": true, "event": "relevance", "query_preview": "What pyright policy do the guidelines mandate for src/memex in CI?", "correlation_id": "01KTYJ5QAXZ9DV24F663RMA40W", "level": "info", "timestamp": "2026-06-12T18:41:08.120836Z"}
{"node": "compose", "event": "start", "query_preview": "What pyright policy do the guidelines mandate for src/memex in CI?", "correlation_id": "01KTYJ5QAXZ9DV24F663RMA40W", "level": "info", "timestamp": "2026-06-12T18:41:08.122416Z"}
Authentication error: Langfuse client initialized without public_key. Client will be disabled. Provide a public_key parameter or set LANGFUSE_PUBLIC_KEY environment variable. 
{"node": "retrieve", "query_len": 58, "event": "start", "query_preview": "What is the guidelines' rule about async versus sync code?", "correlation_id": "01KTYJ6KGVHYMKJBCPCWQXWP37", "level": "info", "timestamp": "2026-06-12T18:41:08.124322Z"}
{"query_len": 58, "k": 50, "event": "hybrid.start", "query_preview": "What is the guidelines' rule about async versus sync code?", "correlation_id": "01KTYJ6KGVHYMKJBCPCWQXWP37", "level": "info", "timestamp": "2026-06-12T18:41:08.124367Z"}
{"query_len": 58, "k": 50, "dense": 50, "bm25": 0, "fused": 50, "term": false, "event": "hybrid.done", "query_preview": "What is the guidelines' rule about async versus sync code?", "correlation_id": "01KTYJ6KGVHYMKJBCPCWQXWP37", "level": "info", "timestamp": "2026-06-12T18:41:08.207928Z"}
{"node": "retrieve", "candidate_count": 50, "event": "done", "query_preview": "What is the guidelines' rule about async versus sync code?", "correlation_id": "01KTYJ6KGVHYMKJBCPCWQXWP37", "level": "info", "timestamp": "2026-06-12T18:41:08.208870Z"}
{"node": "expand_graph", "reason": "disabled_or_empty", "event": "skip", "query_preview": "What is the guidelines' rule about async versus sync code?", "correlation_id": "01KTYJ6KGVHYMKJBCPCWQXWP37", "level": "info", "timestamp": "2026-06-12T18:41:08.210133Z"}
{"node": "rerank", "candidate_count": 50, "event": "start", "query_preview": "What is the guidelines' rule about async versus sync code?", "correlation_id": "01KTYJ6KGVHYMKJBCPCWQXWP37", "level": "info", "timestamp": "2026-06-12T18:41:08.210615Z"}
{"node": "rerank", "top_k": 5, "source": "mode", "event": "top_k_resolved", "query_preview": "What is the guidelines' rule about async versus sync code?", "correlation_id": "01KTYJ6KGVHYMKJBCPCWQXWP37", "level": "info", "timestamp": "2026-06-12T18:41:08.210661Z"}
{"candidates": 50, "top_k": 5, "backend": "cross_encoder", "event": "rerank.start", "query_preview": "What is the guidelines' rule about async versus sync code?", "correlation_id": "01KTYJ6KGVHYMKJBCPCWQXWP37", "level": "info", "timestamp": "2026-06-12T18:41:08.210684Z"}
{"candidates": 50, "top_k": 5, "backend": "cross_encoder", "returned": 5, "event": "rerank.done", "query_preview": "What is the guidelines' rule about async versus sync code?", "correlation_id": "01KTYJ6KGVHYMKJBCPCWQXWP37", "level": "info", "timestamp": "2026-06-12T18:41:36.857268Z"}
{"node": "rerank", "reranked_count": 5, "event": "done", "query_preview": "What is the guidelines' rule about async versus sync code?", "correlation_id": "01KTYJ6KGVHYMKJBCPCWQXWP37", "level": "info", "timestamp": "2026-06-12T18:41:36.857368Z"}
{"node": "query_tables", "reason": "empty_or_not_table_shaped", "event": "skip", "query_preview": "What is the guidelines' rule about async versus sync code?", "correlation_id": "01KTYJ6KGVHYMKJBCPCWQXWP37", "level": "info", "timestamp": "2026-06-12T18:41:36.859369Z"}
{"node": "assess", "reranked_count": 5, "event": "start", "query_preview": "What is the guidelines' rule about async versus sync code?", "correlation_id": "01KTYJ6KGVHYMKJBCPCWQXWP37", "level": "info", "timestamp": "2026-06-12T18:41:36.860170Z"}
{"prompt_tag": "assess_sufficiency@v4", "schema": "SufficiencyAssessment", "model": "cyankiwi/Qwen3.5-4B-AWQ-4bit", "max_tokens": 1024, "temperature": 0.1, "top_p": 0.8, "presence_penalty": 1.0, "seed": 42, "message_count": 1, "event": "model_call.start", "query_preview": "What is the guidelines' rule about async versus sync code?", "correlation_id": "01KTYJ6KGVHYMKJBCPCWQXWP37", "level": "info", "timestamp": "2026-06-12T18:41:36.862126Z"}
Authentication error: Langfuse client initialized without public_key. Client will be disabled. Provide a public_key parameter or set LANGFUSE_PUBLIC_KEY environment variable. 
{"prompt_tag": "assess_sufficiency@v4", "schema": "SufficiencyAssessment", "tokens": 2678, "event": "model_call.done", "query_preview": "What is the guidelines' rule about async versus sync code?", "correlation_id": "01KTYJ6KGVHYMKJBCPCWQXWP37", "level": "info", "timestamp": "2026-06-12T18:41:38.060322Z"}
{"node": "answer", "regenerate_attempt": 0, "event": "start", "query_preview": "What is the guidelines' rule about async versus sync code?", "correlation_id": "01KTYJ6KGVHYMKJBCPCWQXWP37", "level": "info", "timestamp": "2026-06-12T18:41:38.061968Z"}
{"prompt_tag": "answer@v5", "schema": "DraftAnswer", "model": "cyankiwi/Qwen3.5-4B-AWQ-4bit", "max_tokens": 1800, "temperature": 0.1, "top_p": 0.8, "presence_penalty": 1.0, "seed": 42, "message_count": 2, "event": "model_call.start", "query_preview": "What is the guidelines' rule about async versus sync code?", "correlation_id": "01KTYJ6KGVHYMKJBCPCWQXWP37", "level": "info", "timestamp": "2026-06-12T18:41:38.064664Z"}
Authentication error: Langfuse client initialized without public_key. Client will be disabled. Provide a public_key parameter or set LANGFUSE_PUBLIC_KEY environment variable. 
{"prompt_tag": "answer@v5", "schema": "DraftAnswer", "tokens": 4318, "event": "model_call.done", "query_preview": "What is the guidelines' rule about async versus sync code?", "correlation_id": "01KTYJ6KGVHYMKJBCPCWQXWP37", "level": "info", "timestamp": "2026-06-12T18:41:39.948392Z"}
{"node": "verify", "claim_count": 1, "event": "start", "query_preview": "What is the guidelines' rule about async versus sync code?", "correlation_id": "01KTYJ6KGVHYMKJBCPCWQXWP37", "level": "info", "timestamp": "2026-06-12T18:41:39.949442Z"}
{"prompt_tag": "verify_grounding@v2", "schema": "VerificationResult", "model": "cyankiwi/Qwen3.5-4B-AWQ-4bit", "max_tokens": 1024, "temperature": 0.1, "top_p": 0.8, "presence_penalty": 1.0, "seed": 42, "message_count": 1, "event": "model_call.start", "query_preview": "What is the guidelines' rule about async versus sync code?", "correlation_id": "01KTYJ6KGVHYMKJBCPCWQXWP37", "level": "info", "timestamp": "2026-06-12T18:41:39.953355Z"}
Authentication error: Langfuse client initialized without public_key. Client will be disabled. Provide a public_key parameter or set LANGFUSE_PUBLIC_KEY environment variable. 
{"prompt_tag": "verify_grounding@v2", "schema": "VerificationResult", "tokens": 2572, "event": "model_call.done", "query_preview": "What is the guidelines' rule about async versus sync code?", "correlation_id": "01KTYJ6KGVHYMKJBCPCWQXWP37", "level": "info", "timestamp": "2026-06-12T18:41:40.529348Z"}
{"node": "assess_relevance", "event": "start", "query_preview": "What is the guidelines' rule about async versus sync code?", "correlation_id": "01KTYJ6KGVHYMKJBCPCWQXWP37", "level": "info", "timestamp": "2026-06-12T18:41:40.530783Z"}
{"prompt_tag": "assess_relevance@v3", "schema": "RelevanceAssessment", "model": "cyankiwi/Qwen3.5-4B-AWQ-4bit", "max_tokens": 1024, "temperature": 0.1, "top_p": 0.8, "presence_penalty": 1.0, "seed": 42, "message_count": 1, "event": "model_call.start", "query_preview": "What is the guidelines' rule about async versus sync code?", "correlation_id": "01KTYJ6KGVHYMKJBCPCWQXWP37", "level": "info", "timestamp": "2026-06-12T18:41:40.532099Z"}
Authentication error: Langfuse client initialized without public_key. Client will be disabled. Provide a public_key parameter or set LANGFUSE_PUBLIC_KEY environment variable. 
{"prompt_tag": "assess_relevance@v3", "schema": "RelevanceAssessment", "tokens": 895, "event": "model_call.done", "query_preview": "What is the guidelines' rule about async versus sync code?", "correlation_id": "01KTYJ6KGVHYMKJBCPCWQXWP37", "level": "info", "timestamp": "2026-06-12T18:41:40.947928Z"}
{"node": "assess_relevance", "responsive": true, "event": "relevance", "query_preview": "What is the guidelines' rule about async versus sync code?", "correlation_id": "01KTYJ6KGVHYMKJBCPCWQXWP37", "level": "info", "timestamp": "2026-06-12T18:41:40.947982Z"}
{"node": "compose", "event": "start", "query_preview": "What is the guidelines' rule about async versus sync code?", "correlation_id": "01KTYJ6KGVHYMKJBCPCWQXWP37", "level": "info", "timestamp": "2026-06-12T18:41:40.949389Z"}
Authentication error: Langfuse client initialized without public_key. Client will be disabled. Provide a public_key parameter or set LANGFUSE_PUBLIC_KEY environment variable. 
{"node": "retrieve", "query_len": 86, "event": "start", "query_preview": "How many stages does a document flow through in the Memex pipeline, and what are", "correlation_id": "01KTYJ7KJP1PSZ5NWK9N6DV5PK", "level": "info", "timestamp": "2026-06-12T18:41:40.951235Z"}
{"query_len": 86, "k": 50, "event": "hybrid.start", "query_preview": "How many stages does a document flow through in the Memex pipeline, and what are", "correlation_id": "01KTYJ7KJP1PSZ5NWK9N6DV5PK", "level": "info", "timestamp": "2026-06-12T18:41:40.951279Z"}
{"query_len": 86, "k": 50, "dense": 50, "bm25": 0, "fused": 50, "term": false, "event": "hybrid.done", "query_preview": "How many stages does a document flow through in the Memex pipeline, and what are", "correlation_id": "01KTYJ7KJP1PSZ5NWK9N6DV5PK", "level": "info", "timestamp": "2026-06-12T18:41:41.039766Z"}
{"node": "retrieve", "candidate_count": 50, "event": "done", "query_preview": "How many stages does a document flow through in the Memex pipeline, and what are", "correlation_id": "01KTYJ7KJP1PSZ5NWK9N6DV5PK", "level": "info", "timestamp": "2026-06-12T18:41:41.040989Z"}
{"node": "expand_graph", "reason": "disabled_or_empty", "event": "skip", "query_preview": "How many stages does a document flow through in the Memex pipeline, and what are", "correlation_id": "01KTYJ7KJP1PSZ5NWK9N6DV5PK", "level": "info", "timestamp": "2026-06-12T18:41:41.042669Z"}
{"node": "rerank", "candidate_count": 50, "event": "start", "query_preview": "How many stages does a document flow through in the Memex pipeline, and what are", "correlation_id": "01KTYJ7KJP1PSZ5NWK9N6DV5PK", "level": "info", "timestamp": "2026-06-12T18:41:41.043274Z"}
{"node": "rerank", "top_k": 5, "source": "mode", "event": "top_k_resolved", "query_preview": "How many stages does a document flow through in the Memex pipeline, and what are", "correlation_id": "01KTYJ7KJP1PSZ5NWK9N6DV5PK", "level": "info", "timestamp": "2026-06-12T18:41:41.043335Z"}
{"candidates": 50, "top_k": 5, "backend": "cross_encoder", "event": "rerank.start", "query_preview": "How many stages does a document flow through in the Memex pipeline, and what are", "correlation_id": "01KTYJ7KJP1PSZ5NWK9N6DV5PK", "level": "info", "timestamp": "2026-06-12T18:41:41.043369Z"}
{"candidates": 50, "top_k": 5, "backend": "cross_encoder", "returned": 5, "event": "rerank.done", "query_preview": "How many stages does a document flow through in the Memex pipeline, and what are", "correlation_id": "01KTYJ7KJP1PSZ5NWK9N6DV5PK", "level": "info", "timestamp": "2026-06-12T18:42:04.988832Z"}
{"node": "rerank", "reranked_count": 5, "event": "done", "query_preview": "How many stages does a document flow through in the Memex pipeline, and what are", "correlation_id": "01KTYJ7KJP1PSZ5NWK9N6DV5PK", "level": "info", "timestamp": "2026-06-12T18:42:04.988955Z"}
{"prompt_tag": "generate_table_sql@v1", "schema": "GeneratedSQL", "model": "cyankiwi/Qwen3.5-4B-AWQ-4bit", "max_tokens": 1024, "temperature": 0.1, "top_p": 0.8, "presence_penalty": 1.0, "seed": 42, "message_count": 1, "event": "model_call.start", "query_preview": "How many stages does a document flow through in the Memex pipeline, and what are", "correlation_id": "01KTYJ7KJP1PSZ5NWK9N6DV5PK", "level": "info", "timestamp": "2026-06-12T18:42:04.998216Z"}
Authentication error: Langfuse client initialized without public_key. Client will be disabled. Provide a public_key parameter or set LANGFUSE_PUBLIC_KEY environment variable. 
{"prompt_tag": "generate_table_sql@v1", "schema": "GeneratedSQL", "tokens": 1026, "event": "model_call.done", "query_preview": "How many stages does a document flow through in the Memex pipeline, and what are", "correlation_id": "01KTYJ7KJP1PSZ5NWK9N6DV5PK", "level": "info", "timestamp": "2026-06-12T18:42:05.633482Z"}
{"node": "query_doc_tables", "sql": "SELECT * FROM c_4cb526adad ORDER BY operation LIMIT 1", "target": "c_4cb526adad", "event": "table_sql.generated", "query_preview": "How many stages does a document flow through in the Memex pipeline, and what are", "correlation_id": "01KTYJ7KJP1PSZ5NWK9N6DV5PK", "level": "info", "timestamp": "2026-06-12T18:42:05.633538Z"}
{"node": "query_doc_tables", "kind": "rows", "target": "4cb526adad", "event": "table_sql.result", "query_preview": "How many stages does a document flow through in the Memex pipeline, and what are", "correlation_id": "01KTYJ7KJP1PSZ5NWK9N6DV5PK", "level": "info", "timestamp": "2026-06-12T18:42:05.634262Z"}
{"node": "query_tables", "kind": "rows", "chunk_id": "f59860eb-guidelines#sql0001", "event": "injected", "query_preview": "How many stages does a document flow through in the Memex pipeline, and what are", "correlation_id": "01KTYJ7KJP1PSZ5NWK9N6DV5PK", "level": "info", "timestamp": "2026-06-12T18:42:05.634551Z"}
{"node": "assess", "reranked_count": 6, "event": "start", "query_preview": "How many stages does a document flow through in the Memex pipeline, and what are", "correlation_id": "01KTYJ7KJP1PSZ5NWK9N6DV5PK", "level": "info", "timestamp": "2026-06-12T18:42:05.635306Z"}
{"prompt_tag": "assess_sufficiency@v4", "schema": "SufficiencyAssessment", "model": "cyankiwi/Qwen3.5-4B-AWQ-4bit", "max_tokens": 1024, "temperature": 0.1, "top_p": 0.8, "presence_penalty": 1.0, "seed": 42, "message_count": 1, "event": "model_call.start", "query_preview": "How many stages does a document flow through in the Memex pipeline, and what are", "correlation_id": "01KTYJ7KJP1PSZ5NWK9N6DV5PK", "level": "info", "timestamp": "2026-06-12T18:42:05.636645Z"}
Authentication error: Langfuse client initialized without public_key. Client will be disabled. Provide a public_key parameter or set LANGFUSE_PUBLIC_KEY environment variable. 
{"prompt_tag": "assess_sufficiency@v4", "schema": "SufficiencyAssessment", "tokens": 2252, "event": "model_call.done", "query_preview": "How many stages does a document flow through in the Memex pipeline, and what are", "correlation_id": "01KTYJ7KJP1PSZ5NWK9N6DV5PK", "level": "info", "timestamp": "2026-06-12T18:42:06.417228Z"}
{"node": "answer", "regenerate_attempt": 0, "event": "start", "query_preview": "How many stages does a document flow through in the Memex pipeline, and what are", "correlation_id": "01KTYJ7KJP1PSZ5NWK9N6DV5PK", "level": "info", "timestamp": "2026-06-12T18:42:06.418425Z"}
{"prompt_tag": "answer@v5", "schema": "DraftAnswer", "model": "cyankiwi/Qwen3.5-4B-AWQ-4bit", "max_tokens": 1800, "temperature": 0.1, "top_p": 0.8, "presence_penalty": 1.0, "seed": 42, "message_count": 2, "event": "model_call.start", "query_preview": "How many stages does a document flow through in the Memex pipeline, and what are", "correlation_id": "01KTYJ7KJP1PSZ5NWK9N6DV5PK", "level": "info", "timestamp": "2026-06-12T18:42:06.420391Z"}
Authentication error: Langfuse client initialized without public_key. Client will be disabled. Provide a public_key parameter or set LANGFUSE_PUBLIC_KEY environment variable. 
{"prompt_tag": "answer@v5", "schema": "DraftAnswer", "tokens": 3873, "event": "model_call.done", "query_preview": "How many stages does a document flow through in the Memex pipeline, and what are", "correlation_id": "01KTYJ7KJP1PSZ5NWK9N6DV5PK", "level": "info", "timestamp": "2026-06-12T18:42:07.759088Z"}
{"node": "verify", "claim_count": 1, "event": "start", "query_preview": "How many stages does a document flow through in the Memex pipeline, and what are", "correlation_id": "01KTYJ7KJP1PSZ5NWK9N6DV5PK", "level": "info", "timestamp": "2026-06-12T18:42:07.759900Z"}
{"prompt_tag": "verify_grounding@v2", "schema": "VerificationResult", "model": "cyankiwi/Qwen3.5-4B-AWQ-4bit", "max_tokens": 1024, "temperature": 0.1, "top_p": 0.8, "presence_penalty": 1.0, "seed": 42, "message_count": 1, "event": "model_call.start", "query_preview": "How many stages does a document flow through in the Memex pipeline, and what are", "correlation_id": "01KTYJ7KJP1PSZ5NWK9N6DV5PK", "level": "info", "timestamp": "2026-06-12T18:42:07.762903Z"}
Authentication error: Langfuse client initialized without public_key. Client will be disabled. Provide a public_key parameter or set LANGFUSE_PUBLIC_KEY environment variable. 
{"prompt_tag": "verify_grounding@v2", "schema": "VerificationResult", "tokens": 2152, "event": "model_call.done", "query_preview": "How many stages does a document flow through in the Memex pipeline, and what are", "correlation_id": "01KTYJ7KJP1PSZ5NWK9N6DV5PK", "level": "info", "timestamp": "2026-06-12T18:42:08.278613Z"}
{"node": "assess_relevance", "event": "start", "query_preview": "How many stages does a document flow through in the Memex pipeline, and what are", "correlation_id": "01KTYJ7KJP1PSZ5NWK9N6DV5PK", "level": "info", "timestamp": "2026-06-12T18:42:08.279844Z"}
{"prompt_tag": "assess_relevance@v3", "schema": "RelevanceAssessment", "model": "cyankiwi/Qwen3.5-4B-AWQ-4bit", "max_tokens": 1024, "temperature": 0.1, "top_p": 0.8, "presence_penalty": 1.0, "seed": 42, "message_count": 1, "event": "model_call.start", "query_preview": "How many stages does a document flow through in the Memex pipeline, and what are", "correlation_id": "01KTYJ7KJP1PSZ5NWK9N6DV5PK", "level": "info", "timestamp": "2026-06-12T18:42:08.280821Z"}
Authentication error: Langfuse client initialized without public_key. Client will be disabled. Provide a public_key parameter or set LANGFUSE_PUBLIC_KEY environment variable. 
{"prompt_tag": "assess_relevance@v3", "schema": "RelevanceAssessment", "tokens": 842, "event": "model_call.done", "query_preview": "How many stages does a document flow through in the Memex pipeline, and what are", "correlation_id": "01KTYJ7KJP1PSZ5NWK9N6DV5PK", "level": "info", "timestamp": "2026-06-12T18:42:08.656743Z"}
{"node": "assess_relevance", "responsive": true, "event": "relevance", "query_preview": "How many stages does a document flow through in the Memex pipeline, and what are", "correlation_id": "01KTYJ7KJP1PSZ5NWK9N6DV5PK", "level": "info", "timestamp": "2026-06-12T18:42:08.656795Z"}
{"node": "compose", "event": "start", "query_preview": "How many stages does a document flow through in the Memex pipeline, and what are", "correlation_id": "01KTYJ7KJP1PSZ5NWK9N6DV5PK", "level": "info", "timestamp": "2026-06-12T18:42:08.657904Z"}
Authentication error: Langfuse client initialized without public_key. Client will be disabled. Provide a public_key parameter or set LANGFUSE_PUBLIC_KEY environment variable. 
{"node": "retrieve", "query_len": 72, "event": "start", "query_preview": "What type of identifier is the correlation_id, and when is it generated?", "correlation_id": "01KTYJ8EMJVCJ0F9SJYKQ6K9MZ", "level": "info", "timestamp": "2026-06-12T18:42:08.659452Z"}
{"query_len": 72, "k": 50, "event": "hybrid.start", "query_preview": "What type of identifier is the correlation_id, and when is it generated?", "correlation_id": "01KTYJ8EMJVCJ0F9SJYKQ6K9MZ", "level": "info", "timestamp": "2026-06-12T18:42:08.659489Z"}
{"query_len": 72, "k": 50, "dense": 50, "bm25": 50, "fused": 50, "term": true, "event": "hybrid.done", "query_preview": "What type of identifier is the correlation_id, and when is it generated?", "correlation_id": "01KTYJ8EMJVCJ0F9SJYKQ6K9MZ", "level": "info", "timestamp": "2026-06-12T18:42:08.732915Z"}
{"node": "retrieve", "candidate_count": 50, "event": "done", "query_preview": "What type of identifier is the correlation_id, and when is it generated?", "correlation_id": "01KTYJ8EMJVCJ0F9SJYKQ6K9MZ", "level": "info", "timestamp": "2026-06-12T18:42:08.733863Z"}
{"node": "expand_graph", "reason": "disabled_or_empty", "event": "skip", "query_preview": "What type of identifier is the correlation_id, and when is it generated?", "correlation_id": "01KTYJ8EMJVCJ0F9SJYKQ6K9MZ", "level": "info", "timestamp": "2026-06-12T18:42:08.735168Z"}
{"node": "rerank", "candidate_count": 50, "event": "start", "query_preview": "What type of identifier is the correlation_id, and when is it generated?", "correlation_id": "01KTYJ8EMJVCJ0F9SJYKQ6K9MZ", "level": "info", "timestamp": "2026-06-12T18:42:08.735664Z"}
{"node": "rerank", "top_k": 5, "source": "mode", "event": "top_k_resolved", "query_preview": "What type of identifier is the correlation_id, and when is it generated?", "correlation_id": "01KTYJ8EMJVCJ0F9SJYKQ6K9MZ", "level": "info", "timestamp": "2026-06-12T18:42:08.735710Z"}
{"candidates": 50, "top_k": 5, "backend": "cross_encoder", "event": "rerank.start", "query_preview": "What type of identifier is the correlation_id, and when is it generated?", "correlation_id": "01KTYJ8EMJVCJ0F9SJYKQ6K9MZ", "level": "info", "timestamp": "2026-06-12T18:42:08.735732Z"}
{"candidates": 50, "top_k": 5, "backend": "cross_encoder", "returned": 5, "event": "rerank.done", "query_preview": "What type of identifier is the correlation_id, and when is it generated?", "correlation_id": "01KTYJ8EMJVCJ0F9SJYKQ6K9MZ", "level": "info", "timestamp": "2026-06-12T18:42:29.409329Z"}
{"node": "rerank", "reranked_count": 5, "event": "done", "query_preview": "What type of identifier is the correlation_id, and when is it generated?", "correlation_id": "01KTYJ8EMJVCJ0F9SJYKQ6K9MZ", "level": "info", "timestamp": "2026-06-12T18:42:29.409426Z"}
{"node": "query_tables", "reason": "empty_or_not_table_shaped", "event": "skip", "query_preview": "What type of identifier is the correlation_id, and when is it generated?", "correlation_id": "01KTYJ8EMJVCJ0F9SJYKQ6K9MZ", "level": "info", "timestamp": "2026-06-12T18:42:29.411146Z"}
{"node": "assess", "reranked_count": 5, "event": "start", "query_preview": "What type of identifier is the correlation_id, and when is it generated?", "correlation_id": "01KTYJ8EMJVCJ0F9SJYKQ6K9MZ", "level": "info", "timestamp": "2026-06-12T18:42:29.411830Z"}
{"prompt_tag": "assess_sufficiency@v4", "schema": "SufficiencyAssessment", "model": "cyankiwi/Qwen3.5-4B-AWQ-4bit", "max_tokens": 1024, "temperature": 0.1, "top_p": 0.8, "presence_penalty": 1.0, "seed": 42, "message_count": 1, "event": "model_call.start", "query_preview": "What type of identifier is the correlation_id, and when is it generated?", "correlation_id": "01KTYJ8EMJVCJ0F9SJYKQ6K9MZ", "level": "info", "timestamp": "2026-06-12T18:42:29.413682Z"}
Authentication error: Langfuse client initialized without public_key. Client will be disabled. Provide a public_key parameter or set LANGFUSE_PUBLIC_KEY environment variable. 
{"prompt_tag": "assess_sufficiency@v4", "schema": "SufficiencyAssessment", "tokens": 1499, "event": "model_call.done", "query_preview": "What type of identifier is the correlation_id, and when is it generated?", "correlation_id": "01KTYJ8EMJVCJ0F9SJYKQ6K9MZ", "level": "info", "timestamp": "2026-06-12T18:42:30.046008Z"}
{"node": "answer", "regenerate_attempt": 0, "event": "start", "query_preview": "What type of identifier is the correlation_id, and when is it generated?", "correlation_id": "01KTYJ8EMJVCJ0F9SJYKQ6K9MZ", "level": "info", "timestamp": "2026-06-12T18:42:30.047632Z"}
{"prompt_tag": "answer@v5", "schema": "DraftAnswer", "model": "cyankiwi/Qwen3.5-4B-AWQ-4bit", "max_tokens": 1800, "temperature": 0.1, "top_p": 0.8, "presence_penalty": 1.0, "seed": 42, "message_count": 2, "event": "model_call.start", "query_preview": "What type of identifier is the correlation_id, and when is it generated?", "correlation_id": "01KTYJ8EMJVCJ0F9SJYKQ6K9MZ", "level": "info", "timestamp": "2026-06-12T18:42:30.049638Z"}
Authentication error: Langfuse client initialized without public_key. Client will be disabled. Provide a public_key parameter or set LANGFUSE_PUBLIC_KEY environment variable. 
{"prompt_tag": "answer@v5", "schema": "DraftAnswer", "tokens": 3216, "event": "model_call.done", "query_preview": "What type of identifier is the correlation_id, and when is it generated?", "correlation_id": "01KTYJ8EMJVCJ0F9SJYKQ6K9MZ", "level": "info", "timestamp": "2026-06-12T18:42:32.044279Z"}
{"node": "answer", "exact": 0, "suffix": 0, "fuzzy": 2, "unresolved": 0, "event": "chunk_id_repair", "query_preview": "What type of identifier is the correlation_id, and when is it generated?", "correlation_id": "01KTYJ8EMJVCJ0F9SJYKQ6K9MZ", "level": "info", "timestamp": "2026-06-12T18:42:32.044519Z"}
{"node": "verify", "claim_count": 2, "event": "start", "query_preview": "What type of identifier is the correlation_id, and when is it generated?", "correlation_id": "01KTYJ8EMJVCJ0F9SJYKQ6K9MZ", "level": "info", "timestamp": "2026-06-12T18:42:32.045411Z"}
{"prompt_tag": "verify_grounding@v2", "schema": "VerificationResult", "model": "cyankiwi/Qwen3.5-4B-AWQ-4bit", "max_tokens": 1024, "temperature": 0.1, "top_p": 0.8, "presence_penalty": 1.0, "seed": 42, "message_count": 1, "event": "model_call.start", "query_preview": "What type of identifier is the correlation_id, and when is it generated?", "correlation_id": "01KTYJ8EMJVCJ0F9SJYKQ6K9MZ", "level": "info", "timestamp": "2026-06-12T18:42:32.048460Z"}
Authentication error: Langfuse client initialized without public_key. Client will be disabled. Provide a public_key parameter or set LANGFUSE_PUBLIC_KEY environment variable. 
{"prompt_tag": "verify_grounding@v2", "schema": "VerificationResult", "tokens": 1464, "event": "model_call.done", "query_preview": "What type of identifier is the correlation_id, and when is it generated?", "correlation_id": "01KTYJ8EMJVCJ0F9SJYKQ6K9MZ", "level": "info", "timestamp": "2026-06-12T18:42:32.475708Z"}
{"node": "assess_relevance", "event": "start", "query_preview": "What type of identifier is the correlation_id, and when is it generated?", "correlation_id": "01KTYJ8EMJVCJ0F9SJYKQ6K9MZ", "level": "info", "timestamp": "2026-06-12T18:42:32.476972Z"}
{"prompt_tag": "assess_relevance@v3", "schema": "RelevanceAssessment", "model": "cyankiwi/Qwen3.5-4B-AWQ-4bit", "max_tokens": 1024, "temperature": 0.1, "top_p": 0.8, "presence_penalty": 1.0, "seed": 42, "message_count": 1, "event": "model_call.start", "query_preview": "What type of identifier is the correlation_id, and when is it generated?", "correlation_id": "01KTYJ8EMJVCJ0F9SJYKQ6K9MZ", "level": "info", "timestamp": "2026-06-12T18:42:32.478063Z"}
Authentication error: Langfuse client initialized without public_key. Client will be disabled. Provide a public_key parameter or set LANGFUSE_PUBLIC_KEY environment variable. 
{"prompt_tag": "assess_relevance@v3", "schema": "RelevanceAssessment", "tokens": 887, "event": "model_call.done", "query_preview": "What type of identifier is the correlation_id, and when is it generated?", "correlation_id": "01KTYJ8EMJVCJ0F9SJYKQ6K9MZ", "level": "info", "timestamp": "2026-06-12T18:42:32.899660Z"}
{"node": "assess_relevance", "responsive": true, "event": "relevance", "query_preview": "What type of identifier is the correlation_id, and when is it generated?", "correlation_id": "01KTYJ8EMJVCJ0F9SJYKQ6K9MZ", "level": "info", "timestamp": "2026-06-12T18:42:32.899712Z"}
{"node": "compose", "event": "start", "query_preview": "What type of identifier is the correlation_id, and when is it generated?", "correlation_id": "01KTYJ8EMJVCJ0F9SJYKQ6K9MZ", "level": "info", "timestamp": "2026-06-12T18:42:32.900778Z"}
Authentication error: Langfuse client initialized without public_key. Client will be disabled. Provide a public_key parameter or set LANGFUSE_PUBLIC_KEY environment variable. 
{"node": "retrieve", "query_len": 53, "event": "start", "query_preview": "Where and for how long are pipeline events persisted?", "correlation_id": "01KTYJ96A5QYZNVQ8Y5GSHZ7XV", "level": "info", "timestamp": "2026-06-12T18:42:32.902223Z"}
{"query_len": 53, "k": 50, "event": "hybrid.start", "query_preview": "Where and for how long are pipeline events persisted?", "correlation_id": "01KTYJ96A5QYZNVQ8Y5GSHZ7XV", "level": "info", "timestamp": "2026-06-12T18:42:32.902260Z"}
{"query_len": 53, "k": 50, "dense": 50, "bm25": 0, "fused": 50, "term": false, "event": "hybrid.done", "query_preview": "Where and for how long are pipeline events persisted?", "correlation_id": "01KTYJ96A5QYZNVQ8Y5GSHZ7XV", "level": "info", "timestamp": "2026-06-12T18:42:32.986737Z"}
{"node": "retrieve", "candidate_count": 50, "event": "done", "query_preview": "Where and for how long are pipeline events persisted?", "correlation_id": "01KTYJ96A5QYZNVQ8Y5GSHZ7XV", "level": "info", "timestamp": "2026-06-12T18:42:32.987945Z"}
{"node": "expand_graph", "reason": "disabled_or_empty", "event": "skip", "query_preview": "Where and for how long are pipeline events persisted?", "correlation_id": "01KTYJ96A5QYZNVQ8Y5GSHZ7XV", "level": "info", "timestamp": "2026-06-12T18:42:32.989508Z"}
{"node": "rerank", "candidate_count": 50, "event": "start", "query_preview": "Where and for how long are pipeline events persisted?", "correlation_id": "01KTYJ96A5QYZNVQ8Y5GSHZ7XV", "level": "info", "timestamp": "2026-06-12T18:42:32.990129Z"}
{"node": "rerank", "top_k": 5, "source": "mode", "event": "top_k_resolved", "query_preview": "Where and for how long are pipeline events persisted?", "correlation_id": "01KTYJ96A5QYZNVQ8Y5GSHZ7XV", "level": "info", "timestamp": "2026-06-12T18:42:32.990190Z"}
{"candidates": 50, "top_k": 5, "backend": "cross_encoder", "event": "rerank.start", "query_preview": "Where and for how long are pipeline events persisted?", "correlation_id": "01KTYJ96A5QYZNVQ8Y5GSHZ7XV", "level": "info", "timestamp": "2026-06-12T18:42:32.990226Z"}
{"candidates": 50, "top_k": 5, "backend": "cross_encoder", "returned": 5, "event": "rerank.done", "query_preview": "Where and for how long are pipeline events persisted?", "correlation_id": "01KTYJ96A5QYZNVQ8Y5GSHZ7XV", "level": "info", "timestamp": "2026-06-12T18:43:02.280571Z"}
{"node": "rerank", "reranked_count": 5, "event": "done", "query_preview": "Where and for how long are pipeline events persisted?", "correlation_id": "01KTYJ96A5QYZNVQ8Y5GSHZ7XV", "level": "info", "timestamp": "2026-06-12T18:43:02.280693Z"}
{"node": "query_tables", "reason": "empty_or_not_table_shaped", "event": "skip", "query_preview": "Where and for how long are pipeline events persisted?", "correlation_id": "01KTYJ96A5QYZNVQ8Y5GSHZ7XV", "level": "info", "timestamp": "2026-06-12T18:43:02.282799Z"}
{"node": "assess", "reranked_count": 5, "event": "start", "query_preview": "Where and for how long are pipeline events persisted?", "correlation_id": "01KTYJ96A5QYZNVQ8Y5GSHZ7XV", "level": "info", "timestamp": "2026-06-12T18:43:02.283665Z"}
{"prompt_tag": "assess_sufficiency@v4", "schema": "SufficiencyAssessment", "model": "cyankiwi/Qwen3.5-4B-AWQ-4bit", "max_tokens": 1024, "temperature": 0.1, "top_p": 0.8, "presence_penalty": 1.0, "seed": 42, "message_count": 1, "event": "model_call.start", "query_preview": "Where and for how long are pipeline events persisted?", "correlation_id": "01KTYJ96A5QYZNVQ8Y5GSHZ7XV", "level": "info", "timestamp": "2026-06-12T18:43:02.285575Z"}
Authentication error: Langfuse client initialized without public_key. Client will be disabled. Provide a public_key parameter or set LANGFUSE_PUBLIC_KEY environment variable. 
{"prompt_tag": "assess_sufficiency@v4", "schema": "SufficiencyAssessment", "tokens": 2164, "event": "model_call.done", "query_preview": "Where and for how long are pipeline events persisted?", "correlation_id": "01KTYJ96A5QYZNVQ8Y5GSHZ7XV", "level": "info", "timestamp": "2026-06-12T18:43:03.052122Z"}
{"node": "answer", "regenerate_attempt": 0, "event": "start", "query_preview": "Where and for how long are pipeline events persisted?", "correlation_id": "01KTYJ96A5QYZNVQ8Y5GSHZ7XV", "level": "info", "timestamp": "2026-06-12T18:43:03.053213Z"}
{"prompt_tag": "answer@v5", "schema": "DraftAnswer", "model": "cyankiwi/Qwen3.5-4B-AWQ-4bit", "max_tokens": 1800, "temperature": 0.1, "top_p": 0.8, "presence_penalty": 1.0, "seed": 42, "message_count": 2, "event": "model_call.start", "query_preview": "Where and for how long are pipeline events persisted?", "correlation_id": "01KTYJ96A5QYZNVQ8Y5GSHZ7XV", "level": "info", "timestamp": "2026-06-12T18:43:03.055200Z"}
Authentication error: Langfuse client initialized without public_key. Client will be disabled. Provide a public_key parameter or set LANGFUSE_PUBLIC_KEY environment variable. 
{"prompt_tag": "answer@v5", "schema": "DraftAnswer", "tokens": 3802, "event": "model_call.done", "query_preview": "Where and for how long are pipeline events persisted?", "correlation_id": "01KTYJ96A5QYZNVQ8Y5GSHZ7XV", "level": "info", "timestamp": "2026-06-12T18:43:04.479083Z"}
{"node": "answer", "exact": 0, "suffix": 0, "fuzzy": 1, "unresolved": 0, "event": "chunk_id_repair", "query_preview": "Where and for how long are pipeline events persisted?", "correlation_id": "01KTYJ96A5QYZNVQ8Y5GSHZ7XV", "level": "info", "timestamp": "2026-06-12T18:43:04.479207Z"}
{"node": "verify", "claim_count": 1, "event": "start", "query_preview": "Where and for how long are pipeline events persisted?", "correlation_id": "01KTYJ96A5QYZNVQ8Y5GSHZ7XV", "level": "info", "timestamp": "2026-06-12T18:43:04.480123Z"}
{"prompt_tag": "verify_grounding@v2", "schema": "VerificationResult", "model": "cyankiwi/Qwen3.5-4B-AWQ-4bit", "max_tokens": 1024, "temperature": 0.1, "top_p": 0.8, "presence_penalty": 1.0, "seed": 42, "message_count": 1, "event": "model_call.start", "query_preview": "Where and for how long are pipeline events persisted?", "correlation_id": "01KTYJ96A5QYZNVQ8Y5GSHZ7XV", "level": "info", "timestamp": "2026-06-12T18:43:04.483071Z"}
Authentication error: Langfuse client initialized without public_key. Client will be disabled. Provide a public_key parameter or set LANGFUSE_PUBLIC_KEY environment variable. 
{"prompt_tag": "verify_grounding@v2", "schema": "VerificationResult", "tokens": 2075, "event": "model_call.done", "query_preview": "Where and for how long are pipeline events persisted?", "correlation_id": "01KTYJ96A5QYZNVQ8Y5GSHZ7XV", "level": "info", "timestamp": "2026-06-12T18:43:04.980002Z"}
{"node": "assess_relevance", "event": "start", "query_preview": "Where and for how long are pipeline events persisted?", "correlation_id": "01KTYJ96A5QYZNVQ8Y5GSHZ7XV", "level": "info", "timestamp": "2026-06-12T18:43:04.981901Z"}
{"prompt_tag": "assess_relevance@v3", "schema": "RelevanceAssessment", "model": "cyankiwi/Qwen3.5-4B-AWQ-4bit", "max_tokens": 1024, "temperature": 0.1, "top_p": 0.8, "presence_penalty": 1.0, "seed": 42, "message_count": 1, "event": "model_call.start", "query_preview": "Where and for how long are pipeline events persisted?", "correlation_id": "01KTYJ96A5QYZNVQ8Y5GSHZ7XV", "level": "info", "timestamp": "2026-06-12T18:43:04.982886Z"}
Authentication error: Langfuse client initialized without public_key. Client will be disabled. Provide a public_key parameter or set LANGFUSE_PUBLIC_KEY environment variable. 
{"prompt_tag": "assess_relevance@v3", "schema": "RelevanceAssessment", "tokens": 850, "event": "model_call.done", "query_preview": "Where and for how long are pipeline events persisted?", "correlation_id": "01KTYJ96A5QYZNVQ8Y5GSHZ7XV", "level": "info", "timestamp": "2026-06-12T18:43:05.387411Z"}
{"node": "assess_relevance", "responsive": true, "event": "relevance", "query_preview": "Where and for how long are pipeline events persisted?", "correlation_id": "01KTYJ96A5QYZNVQ8Y5GSHZ7XV", "level": "info", "timestamp": "2026-06-12T18:43:05.387465Z"}
{"node": "compose", "event": "start", "query_preview": "Where and for how long are pipeline events persisted?", "correlation_id": "01KTYJ96A5QYZNVQ8Y5GSHZ7XV", "level": "info", "timestamp": "2026-06-12T18:43:05.388503Z"}
Authentication error: Langfuse client initialized without public_key. Client will be disabled. Provide a public_key parameter or set LANGFUSE_PUBLIC_KEY environment variable. 
{"node": "retrieve", "query_len": 62, "event": "start", "query_preview": "What does the module-boundary rule forbid a module from doing?", "correlation_id": "01KTYJA61CNG10D9PFPPBJDQTR", "level": "info", "timestamp": "2026-06-12T18:43:05.389926Z"}
{"query_len": 62, "k": 50, "event": "hybrid.start", "query_preview": "What does the module-boundary rule forbid a module from doing?", "correlation_id": "01KTYJA61CNG10D9PFPPBJDQTR", "level": "info", "timestamp": "2026-06-12T18:43:05.389961Z"}
{"query_len": 62, "k": 50, "dense": 50, "bm25": 0, "fused": 50, "term": false, "event": "hybrid.done", "query_preview": "What does the module-boundary rule forbid a module from doing?", "correlation_id": "01KTYJA61CNG10D9PFPPBJDQTR", "level": "info", "timestamp": "2026-06-12T18:43:05.463299Z"}
{"node": "retrieve", "candidate_count": 50, "event": "done", "query_preview": "What does the module-boundary rule forbid a module from doing?", "correlation_id": "01KTYJA61CNG10D9PFPPBJDQTR", "level": "info", "timestamp": "2026-06-12T18:43:05.464272Z"}
{"node": "expand_graph", "reason": "disabled_or_empty", "event": "skip", "query_preview": "What does the module-boundary rule forbid a module from doing?", "correlation_id": "01KTYJA61CNG10D9PFPPBJDQTR", "level": "info", "timestamp": "2026-06-12T18:43:05.465528Z"}
{"node": "rerank", "candidate_count": 50, "event": "start", "query_preview": "What does the module-boundary rule forbid a module from doing?", "correlation_id": "01KTYJA61CNG10D9PFPPBJDQTR", "level": "info", "timestamp": "2026-06-12T18:43:05.465992Z"}
{"node": "rerank", "top_k": 5, "source": "mode", "event": "top_k_resolved", "query_preview": "What does the module-boundary rule forbid a module from doing?", "correlation_id": "01KTYJA61CNG10D9PFPPBJDQTR", "level": "info", "timestamp": "2026-06-12T18:43:05.466038Z"}
{"candidates": 50, "top_k": 5, "backend": "cross_encoder", "event": "rerank.start", "query_preview": "What does the module-boundary rule forbid a module from doing?", "correlation_id": "01KTYJA61CNG10D9PFPPBJDQTR", "level": "info", "timestamp": "2026-06-12T18:43:05.466065Z"}
{"candidates": 50, "top_k": 5, "backend": "cross_encoder", "returned": 5, "event": "rerank.done", "query_preview": "What does the module-boundary rule forbid a module from doing?", "correlation_id": "01KTYJA61CNG10D9PFPPBJDQTR", "level": "info", "timestamp": "2026-06-12T18:43:26.916704Z"}
{"node": "rerank", "reranked_count": 5, "event": "done", "query_preview": "What does the module-boundary rule forbid a module from doing?", "correlation_id": "01KTYJA61CNG10D9PFPPBJDQTR", "level": "info", "timestamp": "2026-06-12T18:43:26.916898Z"}
{"node": "query_tables", "reason": "empty_or_not_table_shaped", "event": "skip", "query_preview": "What does the module-boundary rule forbid a module from doing?", "correlation_id": "01KTYJA61CNG10D9PFPPBJDQTR", "level": "info", "timestamp": "2026-06-12T18:43:26.919531Z"}
{"node": "assess", "reranked_count": 5, "event": "start", "query_preview": "What does the module-boundary rule forbid a module from doing?", "correlation_id": "01KTYJA61CNG10D9PFPPBJDQTR", "level": "info", "timestamp": "2026-06-12T18:43:26.920119Z"}
{"prompt_tag": "assess_sufficiency@v4", "schema": "SufficiencyAssessment", "model": "cyankiwi/Qwen3.5-4B-AWQ-4bit", "max_tokens": 1024, "temperature": 0.1, "top_p": 0.8, "presence_penalty": 1.0, "seed": 42, "message_count": 1, "event": "model_call.start", "query_preview": "What does the module-boundary rule forbid a module from doing?", "correlation_id": "01KTYJA61CNG10D9PFPPBJDQTR", "level": "info", "timestamp": "2026-06-12T18:43:26.921707Z"}
Authentication error: Langfuse client initialized without public_key. Client will be disabled. Provide a public_key parameter or set LANGFUSE_PUBLIC_KEY environment variable. 
{"prompt_tag": "assess_sufficiency@v4", "schema": "SufficiencyAssessment", "tokens": 1815, "event": "model_call.done", "query_preview": "What does the module-boundary rule forbid a module from doing?", "correlation_id": "01KTYJA61CNG10D9PFPPBJDQTR", "level": "info", "timestamp": "2026-06-12T18:43:27.851663Z"}
{"node": "answer", "regenerate_attempt": 0, "event": "start", "query_preview": "What does the module-boundary rule forbid a module from doing?", "correlation_id": "01KTYJA61CNG10D9PFPPBJDQTR", "level": "info", "timestamp": "2026-06-12T18:43:27.852824Z"}
{"prompt_tag": "answer@v5", "schema": "DraftAnswer", "model": "cyankiwi/Qwen3.5-4B-AWQ-4bit", "max_tokens": 1800, "temperature": 0.1, "top_p": 0.8, "presence_penalty": 1.0, "seed": 42, "message_count": 2, "event": "model_call.start", "query_preview": "What does the module-boundary rule forbid a module from doing?", "correlation_id": "01KTYJA61CNG10D9PFPPBJDQTR", "level": "info", "timestamp": "2026-06-12T18:43:27.854830Z"}
Authentication error: Langfuse client initialized without public_key. Client will be disabled. Provide a public_key parameter or set LANGFUSE_PUBLIC_KEY environment variable. 
{"prompt_tag": "answer@v5", "schema": "DraftAnswer", "tokens": 3440, "event": "model_call.done", "query_preview": "What does the module-boundary rule forbid a module from doing?", "correlation_id": "01KTYJA61CNG10D9PFPPBJDQTR", "level": "info", "timestamp": "2026-06-12T18:43:29.326455Z"}
{"node": "verify", "claim_count": 1, "event": "start", "query_preview": "What does the module-boundary rule forbid a module from doing?", "correlation_id": "01KTYJA61CNG10D9PFPPBJDQTR", "level": "info", "timestamp": "2026-06-12T18:43:29.327428Z"}
{"prompt_tag": "verify_grounding@v2", "schema": "VerificationResult", "model": "cyankiwi/Qwen3.5-4B-AWQ-4bit", "max_tokens": 1024, "temperature": 0.1, "top_p": 0.8, "presence_penalty": 1.0, "seed": 42, "message_count": 1, "event": "model_call.start", "query_preview": "What does the module-boundary rule forbid a module from doing?", "correlation_id": "01KTYJA61CNG10D9PFPPBJDQTR", "level": "info", "timestamp": "2026-06-12T18:43:29.330542Z"}
Authentication error: Langfuse client initialized without public_key. Client will be disabled. Provide a public_key parameter or set LANGFUSE_PUBLIC_KEY environment variable. 
{"prompt_tag": "verify_grounding@v2", "schema": "VerificationResult", "tokens": 1502, "event": "model_call.done", "query_preview": "What does the module-boundary rule forbid a module from doing?", "correlation_id": "01KTYJA61CNG10D9PFPPBJDQTR", "level": "info", "timestamp": "2026-06-12T18:43:29.738963Z"}
{"node": "assess_relevance", "event": "start", "query_preview": "What does the module-boundary rule forbid a module from doing?", "correlation_id": "01KTYJA61CNG10D9PFPPBJDQTR", "level": "info", "timestamp": "2026-06-12T18:43:29.740127Z"}
{"prompt_tag": "assess_relevance@v3", "schema": "RelevanceAssessment", "model": "cyankiwi/Qwen3.5-4B-AWQ-4bit", "max_tokens": 1024, "temperature": 0.1, "top_p": 0.8, "presence_penalty": 1.0, "seed": 42, "message_count": 1, "event": "model_call.start", "query_preview": "What does the module-boundary rule forbid a module from doing?", "correlation_id": "01KTYJA61CNG10D9PFPPBJDQTR", "level": "info", "timestamp": "2026-06-12T18:43:29.741122Z"}
Authentication error: Langfuse client initialized without public_key. Client will be disabled. Provide a public_key parameter or set LANGFUSE_PUBLIC_KEY environment variable. 
{"prompt_tag": "assess_relevance@v3", "schema": "RelevanceAssessment", "tokens": 858, "event": "model_call.done", "query_preview": "What does the module-boundary rule forbid a module from doing?", "correlation_id": "01KTYJA61CNG10D9PFPPBJDQTR", "level": "info", "timestamp": "2026-06-12T18:43:30.116555Z"}
{"node": "assess_relevance", "responsive": true, "event": "relevance", "query_preview": "What does the module-boundary rule forbid a module from doing?", "correlation_id": "01KTYJA61CNG10D9PFPPBJDQTR", "level": "info", "timestamp": "2026-06-12T18:43:30.116607Z"}
{"node": "compose", "event": "start", "query_preview": "What does the module-boundary rule forbid a module from doing?", "correlation_id": "01KTYJA61CNG10D9PFPPBJDQTR", "level": "info", "timestamp": "2026-06-12T18:43:30.117672Z"}
Authentication error: Langfuse client initialized without public_key. Client will be disabled. Provide a public_key parameter or set LANGFUSE_PUBLIC_KEY environment variable. 
{"node": "retrieve", "query_len": 106, "event": "start", "query_preview": "In Memex's hybrid retrieval, how many fused candidates does the reranker take an", "correlation_id": "01KTYJAY660ZS11SW4X93VTC6B", "level": "info", "timestamp": "2026-06-12T18:43:30.119090Z"}
{"query_len": 106, "k": 50, "event": "hybrid.start", "query_preview": "In Memex's hybrid retrieval, how many fused candidates does the reranker take an", "correlation_id": "01KTYJAY660ZS11SW4X93VTC6B", "level": "info", "timestamp": "2026-06-12T18:43:30.119126Z"}
{"query_len": 106, "k": 50, "dense": 50, "bm25": 0, "fused": 50, "term": false, "event": "hybrid.done", "query_preview": "In Memex's hybrid retrieval, how many fused candidates does the reranker take an", "correlation_id": "01KTYJAY660ZS11SW4X93VTC6B", "level": "info", "timestamp": "2026-06-12T18:43:30.199121Z"}
{"node": "retrieve", "candidate_count": 50, "event": "done", "query_preview": "In Memex's hybrid retrieval, how many fused candidates does the reranker take an", "correlation_id": "01KTYJAY660ZS11SW4X93VTC6B", "level": "info", "timestamp": "2026-06-12T18:43:30.199994Z"}
{"node": "expand_graph", "reason": "disabled_or_empty", "event": "skip", "query_preview": "In Memex's hybrid retrieval, how many fused candidates does the reranker take an", "correlation_id": "01KTYJAY660ZS11SW4X93VTC6B", "level": "info", "timestamp": "2026-06-12T18:43:30.201270Z"}
{"node": "rerank", "candidate_count": 50, "event": "start", "query_preview": "In Memex's hybrid retrieval, how many fused candidates does the reranker take an", "correlation_id": "01KTYJAY660ZS11SW4X93VTC6B", "level": "info", "timestamp": "2026-06-12T18:43:30.201746Z"}
{"node": "rerank", "top_k": 5, "source": "mode", "event": "top_k_resolved", "query_preview": "In Memex's hybrid retrieval, how many fused candidates does the reranker take an", "correlation_id": "01KTYJAY660ZS11SW4X93VTC6B", "level": "info", "timestamp": "2026-06-12T18:43:30.201791Z"}
{"candidates": 50, "top_k": 5, "backend": "cross_encoder", "event": "rerank.start", "query_preview": "In Memex's hybrid retrieval, how many fused candidates does the reranker take an", "correlation_id": "01KTYJAY660ZS11SW4X93VTC6B", "level": "info", "timestamp": "2026-06-12T18:43:30.201813Z"}
{"candidates": 50, "top_k": 5, "backend": "cross_encoder", "returned": 5, "event": "rerank.done", "query_preview": "In Memex's hybrid retrieval, how many fused candidates does the reranker take an", "correlation_id": "01KTYJAY660ZS11SW4X93VTC6B", "level": "info", "timestamp": "2026-06-12T18:44:14.166198Z"}
{"node": "rerank", "reranked_count": 5, "event": "done", "query_preview": "In Memex's hybrid retrieval, how many fused candidates does the reranker take an", "correlation_id": "01KTYJAY660ZS11SW4X93VTC6B", "level": "info", "timestamp": "2026-06-12T18:44:14.166298Z"}
{"prompt_tag": "generate_table_sql@v1", "schema": "GeneratedSQL", "model": "cyankiwi/Qwen3.5-4B-AWQ-4bit", "max_tokens": 1024, "temperature": 0.1, "top_p": 0.8, "presence_penalty": 1.0, "seed": 42, "message_count": 1, "event": "model_call.start", "query_preview": "In Memex's hybrid retrieval, how many fused candidates does the reranker take an", "correlation_id": "01KTYJAY660ZS11SW4X93VTC6B", "level": "info", "timestamp": "2026-06-12T18:44:14.172101Z"}
Authentication error: Langfuse client initialized without public_key. Client will be disabled. Provide a public_key parameter or set LANGFUSE_PUBLIC_KEY environment variable. 
{"prompt_tag": "generate_table_sql@v1", "schema": "GeneratedSQL", "tokens": 1020, "event": "model_call.done", "query_preview": "In Memex's hybrid retrieval, how many fused candidates does the reranker take an", "correlation_id": "01KTYJAY660ZS11SW4X93VTC6B", "level": "info", "timestamp": "2026-06-12T18:44:14.867977Z"}
{"node": "query_doc_tables", "sql": "SELECT COUNT(*) FROM c3249d865c WHERE what_it_tests = 'fused candidates'", "target": "c3249d865c", "event": "table_sql.generated", "query_preview": "In Memex's hybrid retrieval, how many fused candidates does the reranker take an", "correlation_id": "01KTYJAY660ZS11SW4X93VTC6B", "level": "info", "timestamp": "2026-06-12T18:44:14.868034Z"}
{"node": "query_doc_tables", "kind": "aggregate", "target": "c3249d865c", "event": "table_sql.result", "query_preview": "In Memex's hybrid retrieval, how many fused candidates does the reranker take an", "correlation_id": "01KTYJAY660ZS11SW4X93VTC6B", "level": "info", "timestamp": "2026-06-12T18:44:14.868709Z"}
{"node": "query_tables", "kind": "aggregate", "chunk_id": "f59860eb-guidelines#sql0001", "event": "injected", "query_preview": "In Memex's hybrid retrieval, how many fused candidates does the reranker take an", "correlation_id": "01KTYJAY660ZS11SW4X93VTC6B", "level": "info", "timestamp": "2026-06-12T18:44:14.869067Z"}
{"node": "assess", "reranked_count": 6, "event": "start", "query_preview": "In Memex's hybrid retrieval, how many fused candidates does the reranker take an", "correlation_id": "01KTYJAY660ZS11SW4X93VTC6B", "level": "info", "timestamp": "2026-06-12T18:44:14.869895Z"}
{"prompt_tag": "assess_sufficiency@v4", "schema": "SufficiencyAssessment", "model": "cyankiwi/Qwen3.5-4B-AWQ-4bit", "max_tokens": 1024, "temperature": 0.1, "top_p": 0.8, "presence_penalty": 1.0, "seed": 42, "message_count": 1, "event": "model_call.start", "query_preview": "In Memex's hybrid retrieval, how many fused candidates does the reranker take an", "correlation_id": "01KTYJAY660ZS11SW4X93VTC6B", "level": "info", "timestamp": "2026-06-12T18:44:14.871212Z"}
Authentication error: Langfuse client initialized without public_key. Client will be disabled. Provide a public_key parameter or set LANGFUSE_PUBLIC_KEY environment variable. 
{"prompt_tag": "assess_sufficiency@v4", "schema": "SufficiencyAssessment", "tokens": 2480, "event": "model_call.done", "query_preview": "In Memex's hybrid retrieval, how many fused candidates does the reranker take an", "correlation_id": "01KTYJAY660ZS11SW4X93VTC6B", "level": "info", "timestamp": "2026-06-12T18:44:15.618738Z"}
{"node": "answer", "regenerate_attempt": 0, "event": "start", "query_preview": "In Memex's hybrid retrieval, how many fused candidates does the reranker take an", "correlation_id": "01KTYJAY660ZS11SW4X93VTC6B", "level": "info", "timestamp": "2026-06-12T18:44:15.621532Z"}
{"prompt_tag": "answer@v5", "schema": "DraftAnswer", "model": "cyankiwi/Qwen3.5-4B-AWQ-4bit", "max_tokens": 1800, "temperature": 0.1, "top_p": 0.8, "presence_penalty": 1.0, "seed": 42, "message_count": 2, "event": "model_call.start", "query_preview": "In Memex's hybrid retrieval, how many fused candidates does the reranker take an", "correlation_id": "01KTYJAY660ZS11SW4X93VTC6B", "level": "info", "timestamp": "2026-06-12T18:44:15.623574Z"}
Authentication error: Langfuse client initialized without public_key. Client will be disabled. Provide a public_key parameter or set LANGFUSE_PUBLIC_KEY environment variable. 
{"prompt_tag": "answer@v5", "schema": "DraftAnswer", "tokens": 4175, "event": "model_call.done", "query_preview": "In Memex's hybrid retrieval, how many fused candidates does the reranker take an", "correlation_id": "01KTYJAY660ZS11SW4X93VTC6B", "level": "info", "timestamp": "2026-06-12T18:44:17.589466Z"}
{"node": "verify", "claim_count": 2, "event": "start", "query_preview": "In Memex's hybrid retrieval, how many fused candidates does the reranker take an", "correlation_id": "01KTYJAY660ZS11SW4X93VTC6B", "level": "info", "timestamp": "2026-06-12T18:44:17.590275Z"}
{"prompt_tag": "verify_grounding@v2", "schema": "VerificationResult", "model": "cyankiwi/Qwen3.5-4B-AWQ-4bit", "max_tokens": 1024, "temperature": 0.1, "top_p": 0.8, "presence_penalty": 1.0, "seed": 42, "message_count": 1, "event": "model_call.start", "query_preview": "In Memex's hybrid retrieval, how many fused candidates does the reranker take an", "correlation_id": "01KTYJAY660ZS11SW4X93VTC6B", "level": "info", "timestamp": "2026-06-12T18:44:17.593342Z"}
Authentication error: Langfuse client initialized without public_key. Client will be disabled. Provide a public_key parameter or set LANGFUSE_PUBLIC_KEY environment variable. 
{"prompt_tag": "verify_grounding@v2", "schema": "VerificationResult", "tokens": 2432, "event": "model_call.done", "query_preview": "In Memex's hybrid retrieval, how many fused candidates does the reranker take an", "correlation_id": "01KTYJAY660ZS11SW4X93VTC6B", "level": "info", "timestamp": "2026-06-12T18:44:18.174340Z"}
{"node": "assess_relevance", "event": "start", "query_preview": "In Memex's hybrid retrieval, how many fused candidates does the reranker take an", "correlation_id": "01KTYJAY660ZS11SW4X93VTC6B", "level": "info", "timestamp": "2026-06-12T18:44:18.175489Z"}
{"prompt_tag": "assess_relevance@v3", "schema": "RelevanceAssessment", "model": "cyankiwi/Qwen3.5-4B-AWQ-4bit", "max_tokens": 1024, "temperature": 0.1, "top_p": 0.8, "presence_penalty": 1.0, "seed": 42, "message_count": 1, "event": "model_call.start", "query_preview": "In Memex's hybrid retrieval, how many fused candidates does the reranker take an", "correlation_id": "01KTYJAY660ZS11SW4X93VTC6B", "level": "info", "timestamp": "2026-06-12T18:44:18.176473Z"}
Authentication error: Langfuse client initialized without public_key. Client will be disabled. Provide a public_key parameter or set LANGFUSE_PUBLIC_KEY environment variable. 
{"prompt_tag": "assess_relevance@v3", "schema": "RelevanceAssessment", "tokens": 875, "event": "model_call.done", "query_preview": "In Memex's hybrid retrieval, how many fused candidates does the reranker take an", "correlation_id": "01KTYJAY660ZS11SW4X93VTC6B", "level": "info", "timestamp": "2026-06-12T18:44:18.622106Z"}
{"node": "assess_relevance", "responsive": true, "event": "relevance", "query_preview": "In Memex's hybrid retrieval, how many fused candidates does the reranker take an", "correlation_id": "01KTYJAY660ZS11SW4X93VTC6B", "level": "info", "timestamp": "2026-06-12T18:44:18.622160Z"}
{"node": "compose", "event": "start", "query_preview": "In Memex's hybrid retrieval, how many fused candidates does the reranker take an", "correlation_id": "01KTYJAY660ZS11SW4X93VTC6B", "level": "info", "timestamp": "2026-06-12T18:44:18.623239Z"}
Authentication error: Langfuse client initialized without public_key. Client will be disabled. Provide a public_key parameter or set LANGFUSE_PUBLIC_KEY environment variable. 
{"node": "retrieve", "query_len": 71, "event": "start", "query_preview": "What knowledge-graph database does Memex use, and what is it a fork of?", "correlation_id": "01KTYJCDHZVEEG2BHZB8CR4EJQ", "level": "info", "timestamp": "2026-06-12T18:44:18.624672Z"}
{"query_len": 71, "k": 50, "event": "hybrid.start", "query_preview": "What knowledge-graph database does Memex use, and what is it a fork of?", "correlation_id": "01KTYJCDHZVEEG2BHZB8CR4EJQ", "level": "info", "timestamp": "2026-06-12T18:44:18.624709Z"}
{"query_len": 71, "k": 50, "dense": 50, "bm25": 0, "fused": 50, "term": false, "event": "hybrid.done", "query_preview": "What knowledge-graph database does Memex use, and what is it a fork of?", "correlation_id": "01KTYJCDHZVEEG2BHZB8CR4EJQ", "level": "info", "timestamp": "2026-06-12T18:44:18.781598Z"}
{"node": "retrieve", "candidate_count": 50, "event": "done", "query_preview": "What knowledge-graph database does Memex use, and what is it a fork of?", "correlation_id": "01KTYJCDHZVEEG2BHZB8CR4EJQ", "level": "info", "timestamp": "2026-06-12T18:44:18.782560Z"}
{"node": "expand_graph", "reason": "disabled_or_empty", "event": "skip", "query_preview": "What knowledge-graph database does Memex use, and what is it a fork of?", "correlation_id": "01KTYJCDHZVEEG2BHZB8CR4EJQ", "level": "info", "timestamp": "2026-06-12T18:44:18.784274Z"}
{"node": "rerank", "candidate_count": 50, "event": "start", "query_preview": "What knowledge-graph database does Memex use, and what is it a fork of?", "correlation_id": "01KTYJCDHZVEEG2BHZB8CR4EJQ", "level": "info", "timestamp": "2026-06-12T18:44:18.784995Z"}
{"node": "rerank", "top_k": 5, "source": "mode", "event": "top_k_resolved", "query_preview": "What knowledge-graph database does Memex use, and what is it a fork of?", "correlation_id": "01KTYJCDHZVEEG2BHZB8CR4EJQ", "level": "info", "timestamp": "2026-06-12T18:44:18.785047Z"}
{"candidates": 50, "top_k": 5, "backend": "cross_encoder", "event": "rerank.start", "query_preview": "What knowledge-graph database does Memex use, and what is it a fork of?", "correlation_id": "01KTYJCDHZVEEG2BHZB8CR4EJQ", "level": "info", "timestamp": "2026-06-12T18:44:18.785078Z"}
{"candidates": 50, "top_k": 5, "backend": "cross_encoder", "returned": 5, "event": "rerank.done", "query_preview": "What knowledge-graph database does Memex use, and what is it a fork of?", "correlation_id": "01KTYJCDHZVEEG2BHZB8CR4EJQ", "level": "info", "timestamp": "2026-06-12T18:44:54.970289Z"}
{"node": "rerank", "reranked_count": 5, "event": "done", "query_preview": "What knowledge-graph database does Memex use, and what is it a fork of?", "correlation_id": "01KTYJCDHZVEEG2BHZB8CR4EJQ", "level": "info", "timestamp": "2026-06-12T18:44:54.970385Z"}
{"node": "query_tables", "reason": "empty_or_not_table_shaped", "event": "skip", "query_preview": "What knowledge-graph database does Memex use, and what is it a fork of?", "correlation_id": "01KTYJCDHZVEEG2BHZB8CR4EJQ", "level": "info", "timestamp": "2026-06-12T18:44:54.972508Z"}
{"node": "assess", "reranked_count": 5, "event": "start", "query_preview": "What knowledge-graph database does Memex use, and what is it a fork of?", "correlation_id": "01KTYJCDHZVEEG2BHZB8CR4EJQ", "level": "info", "timestamp": "2026-06-12T18:44:54.973257Z"}
{"prompt_tag": "assess_sufficiency@v4", "schema": "SufficiencyAssessment", "model": "cyankiwi/Qwen3.5-4B-AWQ-4bit", "max_tokens": 1024, "temperature": 0.1, "top_p": 0.8, "presence_penalty": 1.0, "seed": 42, "message_count": 1, "event": "model_call.start", "query_preview": "What knowledge-graph database does Memex use, and what is it a fork of?", "correlation_id": "01KTYJCDHZVEEG2BHZB8CR4EJQ", "level": "info", "timestamp": "2026-06-12T18:44:54.975525Z"}
Authentication error: Langfuse client initialized without public_key. Client will be disabled. Provide a public_key parameter or set LANGFUSE_PUBLIC_KEY environment variable. 
{"prompt_tag": "assess_sufficiency@v4", "schema": "SufficiencyAssessment", "tokens": 2347, "event": "model_call.done", "query_preview": "What knowledge-graph database does Memex use, and what is it a fork of?", "correlation_id": "01KTYJCDHZVEEG2BHZB8CR4EJQ", "level": "info", "timestamp": "2026-06-12T18:44:55.768844Z"}
{"node": "answer", "regenerate_attempt": 0, "event": "start", "query_preview": "What knowledge-graph database does Memex use, and what is it a fork of?", "correlation_id": "01KTYJCDHZVEEG2BHZB8CR4EJQ", "level": "info", "timestamp": "2026-06-12T18:44:55.770272Z"}
{"prompt_tag": "answer@v5", "schema": "DraftAnswer", "model": "cyankiwi/Qwen3.5-4B-AWQ-4bit", "max_tokens": 1800, "temperature": 0.1, "top_p": 0.8, "presence_penalty": 1.0, "seed": 42, "message_count": 2, "event": "model_call.start", "query_preview": "What knowledge-graph database does Memex use, and what is it a fork of?", "correlation_id": "01KTYJCDHZVEEG2BHZB8CR4EJQ", "level": "info", "timestamp": "2026-06-12T18:44:55.772974Z"}
Authentication error: Langfuse client initialized without public_key. Client will be disabled. Provide a public_key parameter or set LANGFUSE_PUBLIC_KEY environment variable. 
{"prompt_tag": "answer@v5", "schema": "DraftAnswer", "tokens": 4024, "event": "model_call.done", "query_preview": "What knowledge-graph database does Memex use, and what is it a fork of?", "correlation_id": "01KTYJCDHZVEEG2BHZB8CR4EJQ", "level": "info", "timestamp": "2026-06-12T18:44:57.588282Z"}
{"node": "verify", "claim_count": 2, "event": "start", "query_preview": "What knowledge-graph database does Memex use, and what is it a fork of?", "correlation_id": "01KTYJCDHZVEEG2BHZB8CR4EJQ", "level": "info", "timestamp": "2026-06-12T18:44:57.589294Z"}
{"prompt_tag": "verify_grounding@v2", "schema": "VerificationResult", "model": "cyankiwi/Qwen3.5-4B-AWQ-4bit", "max_tokens": 1024, "temperature": 0.1, "top_p": 0.8, "presence_penalty": 1.0, "seed": 42, "message_count": 1, "event": "model_call.start", "query_preview": "What knowledge-graph database does Memex use, and what is it a fork of?", "correlation_id": "01KTYJCDHZVEEG2BHZB8CR4EJQ", "level": "info", "timestamp": "2026-06-12T18:44:57.592420Z"}
Authentication error: Langfuse client initialized without public_key. Client will be disabled. Provide a public_key parameter or set LANGFUSE_PUBLIC_KEY environment variable. 
{"prompt_tag": "verify_grounding@v2", "schema": "VerificationResult", "tokens": 2286, "event": "model_call.done", "query_preview": "What knowledge-graph database does Memex use, and what is it a fork of?", "correlation_id": "01KTYJCDHZVEEG2BHZB8CR4EJQ", "level": "info", "timestamp": "2026-06-12T18:44:58.152834Z"}
{"node": "assess_relevance", "event": "start", "query_preview": "What knowledge-graph database does Memex use, and what is it a fork of?", "correlation_id": "01KTYJCDHZVEEG2BHZB8CR4EJQ", "level": "info", "timestamp": "2026-06-12T18:44:58.153976Z"}
{"prompt_tag": "assess_relevance@v3", "schema": "RelevanceAssessment", "model": "cyankiwi/Qwen3.5-4B-AWQ-4bit", "max_tokens": 1024, "temperature": 0.1, "top_p": 0.8, "presence_penalty": 1.0, "seed": 42, "message_count": 1, "event": "model_call.start", "query_preview": "What knowledge-graph database does Memex use, and what is it a fork of?", "correlation_id": "01KTYJCDHZVEEG2BHZB8CR4EJQ", "level": "info", "timestamp": "2026-06-12T18:44:58.154968Z"}
Authentication error: Langfuse client initialized without public_key. Client will be disabled. Provide a public_key parameter or set LANGFUSE_PUBLIC_KEY environment variable. 
{"prompt_tag": "assess_relevance@v3", "schema": "RelevanceAssessment", "tokens": 850, "event": "model_call.done", "query_preview": "What knowledge-graph database does Memex use, and what is it a fork of?", "correlation_id": "01KTYJCDHZVEEG2BHZB8CR4EJQ", "level": "info", "timestamp": "2026-06-12T18:44:58.589925Z"}
{"node": "assess_relevance", "responsive": true, "event": "relevance", "query_preview": "What knowledge-graph database does Memex use, and what is it a fork of?", "correlation_id": "01KTYJCDHZVEEG2BHZB8CR4EJQ", "level": "info", "timestamp": "2026-06-12T18:44:58.589977Z"}
{"node": "compose", "event": "start", "query_preview": "What knowledge-graph database does Memex use, and what is it a fork of?", "correlation_id": "01KTYJCDHZVEEG2BHZB8CR4EJQ", "level": "info", "timestamp": "2026-06-12T18:44:58.591073Z"}
Authentication error: Langfuse client initialized without public_key. Client will be disabled. Provide a public_key parameter or set LANGFUSE_PUBLIC_KEY environment variable. 
{"node": "retrieve", "query_len": 61, "event": "start", "query_preview": "What are the three caching tiers described in the guidelines?", "correlation_id": "01KTYJDMJZRN2R4M35MJFBWCPS", "level": "info", "timestamp": "2026-06-12T18:44:58.592496Z"}
{"query_len": 61, "k": 50, "event": "hybrid.start", "query_preview": "What are the three caching tiers described in the guidelines?", "correlation_id": "01KTYJDMJZRN2R4M35MJFBWCPS", "level": "info", "timestamp": "2026-06-12T18:44:58.592531Z"}
{"query_len": 61, "k": 50, "dense": 50, "bm25": 0, "fused": 50, "term": false, "event": "hybrid.done", "query_preview": "What are the three caching tiers described in the guidelines?", "correlation_id": "01KTYJDMJZRN2R4M35MJFBWCPS", "level": "info", "timestamp": "2026-06-12T18:44:58.666129Z"}
{"node": "retrieve", "candidate_count": 50, "event": "done", "query_preview": "What are the three caching tiers described in the guidelines?", "correlation_id": "01KTYJDMJZRN2R4M35MJFBWCPS", "level": "info", "timestamp": "2026-06-12T18:44:58.666996Z"}
{"node": "expand_graph", "reason": "disabled_or_empty", "event": "skip", "query_preview": "What are the three caching tiers described in the guidelines?", "correlation_id": "01KTYJDMJZRN2R4M35MJFBWCPS", "level": "info", "timestamp": "2026-06-12T18:44:58.668424Z"}
{"node": "rerank", "candidate_count": 50, "event": "start", "query_preview": "What are the three caching tiers described in the guidelines?", "correlation_id": "01KTYJDMJZRN2R4M35MJFBWCPS", "level": "info", "timestamp": "2026-06-12T18:44:58.668926Z"}
{"node": "rerank", "top_k": 5, "source": "mode", "event": "top_k_resolved", "query_preview": "What are the three caching tiers described in the guidelines?", "correlation_id": "01KTYJDMJZRN2R4M35MJFBWCPS", "level": "info", "timestamp": "2026-06-12T18:44:58.668971Z"}
{"candidates": 50, "top_k": 5, "backend": "cross_encoder", "event": "rerank.start", "query_preview": "What are the three caching tiers described in the guidelines?", "correlation_id": "01KTYJDMJZRN2R4M35MJFBWCPS", "level": "info", "timestamp": "2026-06-12T18:44:58.668994Z"}
{"candidates": 50, "top_k": 5, "backend": "cross_encoder", "returned": 5, "event": "rerank.done", "query_preview": "What are the three caching tiers described in the guidelines?", "correlation_id": "01KTYJDMJZRN2R4M35MJFBWCPS", "level": "info", "timestamp": "2026-06-12T18:45:18.890469Z"}
{"node": "rerank", "reranked_count": 5, "event": "done", "query_preview": "What are the three caching tiers described in the guidelines?", "correlation_id": "01KTYJDMJZRN2R4M35MJFBWCPS", "level": "info", "timestamp": "2026-06-12T18:45:18.890565Z"}
{"node": "query_tables", "reason": "empty_or_not_table_shaped", "event": "skip", "query_preview": "What are the three caching tiers described in the guidelines?", "correlation_id": "01KTYJDMJZRN2R4M35MJFBWCPS", "level": "info", "timestamp": "2026-06-12T18:45:18.892327Z"}
{"node": "assess", "reranked_count": 5, "event": "start", "query_preview": "What are the three caching tiers described in the guidelines?", "correlation_id": "01KTYJDMJZRN2R4M35MJFBWCPS", "level": "info", "timestamp": "2026-06-12T18:45:18.893037Z"}
{"prompt_tag": "assess_sufficiency@v4", "schema": "SufficiencyAssessment", "model": "cyankiwi/Qwen3.5-4B-AWQ-4bit", "max_tokens": 1024, "temperature": 0.1, "top_p": 0.8, "presence_penalty": 1.0, "seed": 42, "message_count": 1, "event": "model_call.start", "query_preview": "What are the three caching tiers described in the guidelines?", "correlation_id": "01KTYJDMJZRN2R4M35MJFBWCPS", "level": "info", "timestamp": "2026-06-12T18:45:18.895220Z"}
Authentication error: Langfuse client initialized without public_key. Client will be disabled. Provide a public_key parameter or set LANGFUSE_PUBLIC_KEY environment variable. 
{"prompt_tag": "assess_sufficiency@v4", "schema": "SufficiencyAssessment", "tokens": 1035, "event": "model_call.done", "query_preview": "What are the three caching tiers described in the guidelines?", "correlation_id": "01KTYJDMJZRN2R4M35MJFBWCPS", "level": "info", "timestamp": "2026-06-12T18:45:19.569109Z"}
{"node": "answer", "regenerate_attempt": 0, "event": "start", "query_preview": "What are the three caching tiers described in the guidelines?", "correlation_id": "01KTYJDMJZRN2R4M35MJFBWCPS", "level": "info", "timestamp": "2026-06-12T18:45:19.570551Z"}
{"prompt_tag": "answer@v5", "schema": "DraftAnswer", "model": "cyankiwi/Qwen3.5-4B-AWQ-4bit", "max_tokens": 1800, "temperature": 0.1, "top_p": 0.8, "presence_penalty": 1.0, "seed": 42, "message_count": 2, "event": "model_call.start", "query_preview": "What are the three caching tiers described in the guidelines?", "correlation_id": "01KTYJDMJZRN2R4M35MJFBWCPS", "level": "info", "timestamp": "2026-06-12T18:45:19.573477Z"}
Authentication error: Langfuse client initialized without public_key. Client will be disabled. Provide a public_key parameter or set LANGFUSE_PUBLIC_KEY environment variable. 
{"prompt_tag": "answer@v5", "schema": "DraftAnswer", "tokens": 2635, "event": "model_call.done", "query_preview": "What are the three caching tiers described in the guidelines?", "correlation_id": "01KTYJDMJZRN2R4M35MJFBWCPS", "level": "info", "timestamp": "2026-06-12T18:45:20.579850Z"}
{"node": "verify", "claim_count": 1, "event": "start", "query_preview": "What are the three caching tiers described in the guidelines?", "correlation_id": "01KTYJDMJZRN2R4M35MJFBWCPS", "level": "info", "timestamp": "2026-06-12T18:45:20.580763Z"}
{"prompt_tag": "verify_grounding@v2", "schema": "VerificationResult", "model": "cyankiwi/Qwen3.5-4B-AWQ-4bit", "max_tokens": 1024, "temperature": 0.1, "top_p": 0.8, "presence_penalty": 1.0, "seed": 42, "message_count": 1, "event": "model_call.start", "query_preview": "What are the three caching tiers described in the guidelines?", "correlation_id": "01KTYJDMJZRN2R4M35MJFBWCPS", "level": "info", "timestamp": "2026-06-12T18:45:20.583743Z"}
Authentication error: Langfuse client initialized without public_key. Client will be disabled. Provide a public_key parameter or set LANGFUSE_PUBLIC_KEY environment variable. 
{"prompt_tag": "verify_grounding@v2", "schema": "VerificationResult", "tokens": 927, "event": "model_call.done", "query_preview": "What are the three caching tiers described in the guidelines?", "correlation_id": "01KTYJDMJZRN2R4M35MJFBWCPS", "level": "info", "timestamp": "2026-06-12T18:45:20.907898Z"}
{"node": "assess_relevance", "event": "start", "query_preview": "What are the three caching tiers described in the guidelines?", "correlation_id": "01KTYJDMJZRN2R4M35MJFBWCPS", "level": "info", "timestamp": "2026-06-12T18:45:20.909046Z"}
{"prompt_tag": "assess_relevance@v3", "schema": "RelevanceAssessment", "model": "cyankiwi/Qwen3.5-4B-AWQ-4bit", "max_tokens": 1024, "temperature": 0.1, "top_p": 0.8, "presence_penalty": 1.0, "seed": 42, "message_count": 1, "event": "model_call.start", "query_preview": "What are the three caching tiers described in the guidelines?", "correlation_id": "01KTYJDMJZRN2R4M35MJFBWCPS", "level": "info", "timestamp": "2026-06-12T18:45:20.910024Z"}
Authentication error: Langfuse client initialized without public_key. Client will be disabled. Provide a public_key parameter or set LANGFUSE_PUBLIC_KEY environment variable. 
{"prompt_tag": "assess_relevance@v3", "schema": "RelevanceAssessment", "tokens": 816, "event": "model_call.done", "query_preview": "What are the three caching tiers described in the guidelines?", "correlation_id": "01KTYJDMJZRN2R4M35MJFBWCPS", "level": "info", "timestamp": "2026-06-12T18:45:21.228047Z"}
{"node": "assess_relevance", "responsive": true, "event": "relevance", "query_preview": "What are the three caching tiers described in the guidelines?", "correlation_id": "01KTYJDMJZRN2R4M35MJFBWCPS", "level": "info", "timestamp": "2026-06-12T18:45:21.228106Z"}
{"node": "compose", "event": "start", "query_preview": "What are the three caching tiers described in the guidelines?", "correlation_id": "01KTYJDMJZRN2R4M35MJFBWCPS", "level": "info", "timestamp": "2026-06-12T18:45:21.229120Z"}
Authentication error: Langfuse client initialized without public_key. Client will be disabled. Provide a public_key parameter or set LANGFUSE_PUBLIC_KEY environment variable. 
{"node": "retrieve", "query_len": 52, "event": "start", "query_preview": "What do the guidelines call the public API of Memex?", "correlation_id": "01KTYJEAPDJH8QZRAE65NVEYZW", "level": "info", "timestamp": "2026-06-12T18:45:21.230526Z"}
{"query_len": 52, "k": 50, "event": "hybrid.start", "query_preview": "What do the guidelines call the public API of Memex?", "correlation_id": "01KTYJEAPDJH8QZRAE65NVEYZW", "level": "info", "timestamp": "2026-06-12T18:45:21.230561Z"}
{"query_len": 52, "k": 50, "dense": 50, "bm25": 0, "fused": 50, "term": false, "event": "hybrid.done", "query_preview": "What do the guidelines call the public API of Memex?", "correlation_id": "01KTYJEAPDJH8QZRAE65NVEYZW", "level": "info", "timestamp": "2026-06-12T18:45:21.298206Z"}
{"node": "retrieve", "candidate_count": 50, "event": "done", "query_preview": "What do the guidelines call the public API of Memex?", "correlation_id": "01KTYJEAPDJH8QZRAE65NVEYZW", "level": "info", "timestamp": "2026-06-12T18:45:21.299154Z"}
{"node": "expand_graph", "reason": "disabled_or_empty", "event": "skip", "query_preview": "What do the guidelines call the public API of Memex?", "correlation_id": "01KTYJEAPDJH8QZRAE65NVEYZW", "level": "info", "timestamp": "2026-06-12T18:45:21.300827Z"}
{"node": "rerank", "candidate_count": 50, "event": "start", "query_preview": "What do the guidelines call the public API of Memex?", "correlation_id": "01KTYJEAPDJH8QZRAE65NVEYZW", "level": "info", "timestamp": "2026-06-12T18:45:21.301400Z"}
{"node": "rerank", "top_k": 5, "source": "mode", "event": "top_k_resolved", "query_preview": "What do the guidelines call the public API of Memex?", "correlation_id": "01KTYJEAPDJH8QZRAE65NVEYZW", "level": "info", "timestamp": "2026-06-12T18:45:21.301453Z"}
{"candidates": 50, "top_k": 5, "backend": "cross_encoder", "event": "rerank.start", "query_preview": "What do the guidelines call the public API of Memex?", "correlation_id": "01KTYJEAPDJH8QZRAE65NVEYZW", "level": "info", "timestamp": "2026-06-12T18:45:21.301477Z"}
{"candidates": 50, "top_k": 5, "backend": "cross_encoder", "returned": 5, "event": "rerank.done", "query_preview": "What do the guidelines call the public API of Memex?", "correlation_id": "01KTYJEAPDJH8QZRAE65NVEYZW", "level": "info", "timestamp": "2026-06-12T18:45:43.099347Z"}
{"node": "rerank", "reranked_count": 5, "event": "done", "query_preview": "What do the guidelines call the public API of Memex?", "correlation_id": "01KTYJEAPDJH8QZRAE65NVEYZW", "level": "info", "timestamp": "2026-06-12T18:45:43.099452Z"}
{"node": "query_tables", "reason": "empty_or_not_table_shaped", "event": "skip", "query_preview": "What do the guidelines call the public API of Memex?", "correlation_id": "01KTYJEAPDJH8QZRAE65NVEYZW", "level": "info", "timestamp": "2026-06-12T18:45:43.101343Z"}
{"node": "assess", "reranked_count": 5, "event": "start", "query_preview": "What do the guidelines call the public API of Memex?", "correlation_id": "01KTYJEAPDJH8QZRAE65NVEYZW", "level": "info", "timestamp": "2026-06-12T18:45:43.102110Z"}
{"prompt_tag": "assess_sufficiency@v4", "schema": "SufficiencyAssessment", "model": "cyankiwi/Qwen3.5-4B-AWQ-4bit", "max_tokens": 1024, "temperature": 0.1, "top_p": 0.8, "presence_penalty": 1.0, "seed": 42, "message_count": 1, "event": "model_call.start", "query_preview": "What do the guidelines call the public API of Memex?", "correlation_id": "01KTYJEAPDJH8QZRAE65NVEYZW", "level": "info", "timestamp": "2026-06-12T18:45:43.104257Z"}
Authentication error: Langfuse client initialized without public_key. Client will be disabled. Provide a public_key parameter or set LANGFUSE_PUBLIC_KEY environment variable. 
{"prompt_tag": "assess_sufficiency@v4", "schema": "SufficiencyAssessment", "tokens": 1873, "event": "model_call.done", "query_preview": "What do the guidelines call the public API of Memex?", "correlation_id": "01KTYJEAPDJH8QZRAE65NVEYZW", "level": "info", "timestamp": "2026-06-12T18:45:43.954240Z"}
{"node": "answer", "regenerate_attempt": 0, "event": "start", "query_preview": "What do the guidelines call the public API of Memex?", "correlation_id": "01KTYJEAPDJH8QZRAE65NVEYZW", "level": "info", "timestamp": "2026-06-12T18:45:43.955415Z"}
{"prompt_tag": "answer@v5", "schema": "DraftAnswer", "model": "cyankiwi/Qwen3.5-4B-AWQ-4bit", "max_tokens": 1800, "temperature": 0.1, "top_p": 0.8, "presence_penalty": 1.0, "seed": 42, "message_count": 2, "event": "model_call.start", "query_preview": "What do the guidelines call the public API of Memex?", "correlation_id": "01KTYJEAPDJH8QZRAE65NVEYZW", "level": "info", "timestamp": "2026-06-12T18:45:43.957526Z"}
Authentication error: Langfuse client initialized without public_key. Client will be disabled. Provide a public_key parameter or set LANGFUSE_PUBLIC_KEY environment variable. 
{"prompt_tag": "answer@v5", "schema": "DraftAnswer", "tokens": 3467, "event": "model_call.done", "query_preview": "What do the guidelines call the public API of Memex?", "correlation_id": "01KTYJEAPDJH8QZRAE65NVEYZW", "level": "info", "timestamp": "2026-06-12T18:45:45.071452Z"}
{"node": "verify", "claim_count": 1, "event": "start", "query_preview": "What do the guidelines call the public API of Memex?", "correlation_id": "01KTYJEAPDJH8QZRAE65NVEYZW", "level": "info", "timestamp": "2026-06-12T18:45:45.072288Z"}
{"prompt_tag": "verify_grounding@v2", "schema": "VerificationResult", "model": "cyankiwi/Qwen3.5-4B-AWQ-4bit", "max_tokens": 1024, "temperature": 0.1, "top_p": 0.8, "presence_penalty": 1.0, "seed": 42, "message_count": 1, "event": "model_call.start", "query_preview": "What do the guidelines call the public API of Memex?", "correlation_id": "01KTYJEAPDJH8QZRAE65NVEYZW", "level": "info", "timestamp": "2026-06-12T18:45:45.075372Z"}
Authentication error: Langfuse client initialized without public_key. Client will be disabled. Provide a public_key parameter or set LANGFUSE_PUBLIC_KEY environment variable. 
{"prompt_tag": "verify_grounding@v2", "schema": "VerificationResult", "tokens": 1759, "event": "model_call.done", "query_preview": "What do the guidelines call the public API of Memex?", "correlation_id": "01KTYJEAPDJH8QZRAE65NVEYZW", "level": "info", "timestamp": "2026-06-12T18:45:45.527166Z"}
{"node": "assess_relevance", "event": "start", "query_preview": "What do the guidelines call the public API of Memex?", "correlation_id": "01KTYJEAPDJH8QZRAE65NVEYZW", "level": "info", "timestamp": "2026-06-12T18:45:45.528299Z"}
{"prompt_tag": "assess_relevance@v3", "schema": "RelevanceAssessment", "model": "cyankiwi/Qwen3.5-4B-AWQ-4bit", "max_tokens": 1024, "temperature": 0.1, "top_p": 0.8, "presence_penalty": 1.0, "seed": 42, "message_count": 1, "event": "model_call.start", "query_preview": "What do the guidelines call the public API of Memex?", "correlation_id": "01KTYJEAPDJH8QZRAE65NVEYZW", "level": "info", "timestamp": "2026-06-12T18:45:45.529286Z"}
Authentication error: Langfuse client initialized without public_key. Client will be disabled. Provide a public_key parameter or set LANGFUSE_PUBLIC_KEY environment variable. 
{"prompt_tag": "assess_relevance@v3", "schema": "RelevanceAssessment", "tokens": 819, "event": "model_call.done", "query_preview": "What do the guidelines call the public API of Memex?", "correlation_id": "01KTYJEAPDJH8QZRAE65NVEYZW", "level": "info", "timestamp": "2026-06-12T18:45:45.898544Z"}
{"node": "assess_relevance", "responsive": true, "event": "relevance", "query_preview": "What do the guidelines call the public API of Memex?", "correlation_id": "01KTYJEAPDJH8QZRAE65NVEYZW", "level": "info", "timestamp": "2026-06-12T18:45:45.898595Z"}
{"node": "compose", "event": "start", "query_preview": "What do the guidelines call the public API of Memex?", "correlation_id": "01KTYJEAPDJH8QZRAE65NVEYZW", "level": "info", "timestamp": "2026-06-12T18:45:45.899641Z"}
Authentication error: Langfuse client initialized without public_key. Client will be disabled. Provide a public_key parameter or set LANGFUSE_PUBLIC_KEY environment variable. 
{"node": "retrieve", "query_len": 125, "event": "start", "query_preview": "According to the developer guidelines, what is the exact maximum line length in ", "correlation_id": "01KTYJF2SCG2N3NZ0EQDHHHG6M", "level": "info", "timestamp": "2026-06-12T18:45:45.901051Z"}
{"query_len": 125, "k": 50, "event": "hybrid.start", "query_preview": "According to the developer guidelines, what is the exact maximum line length in ", "correlation_id": "01KTYJF2SCG2N3NZ0EQDHHHG6M", "level": "info", "timestamp": "2026-06-12T18:45:45.901088Z"}
{"query_len": 125, "k": 50, "dense": 50, "bm25": 0, "fused": 50, "term": false, "event": "hybrid.done", "query_preview": "According to the developer guidelines, what is the exact maximum line length in ", "correlation_id": "01KTYJF2SCG2N3NZ0EQDHHHG6M", "level": "info", "timestamp": "2026-06-12T18:45:45.975033Z"}
{"node": "retrieve", "candidate_count": 50, "event": "done", "query_preview": "According to the developer guidelines, what is the exact maximum line length in ", "correlation_id": "01KTYJF2SCG2N3NZ0EQDHHHG6M", "level": "info", "timestamp": "2026-06-12T18:45:45.975932Z"}
{"node": "expand_graph", "reason": "disabled_or_empty", "event": "skip", "query_preview": "According to the developer guidelines, what is the exact maximum line length in ", "correlation_id": "01KTYJF2SCG2N3NZ0EQDHHHG6M", "level": "info", "timestamp": "2026-06-12T18:45:45.977233Z"}
{"node": "rerank", "candidate_count": 50, "event": "start", "query_preview": "According to the developer guidelines, what is the exact maximum line length in ", "correlation_id": "01KTYJF2SCG2N3NZ0EQDHHHG6M", "level": "info", "timestamp": "2026-06-12T18:45:45.977705Z"}
{"node": "rerank", "top_k": 5, "source": "mode", "event": "top_k_resolved", "query_preview": "According to the developer guidelines, what is the exact maximum line length in ", "correlation_id": "01KTYJF2SCG2N3NZ0EQDHHHG6M", "level": "info", "timestamp": "2026-06-12T18:45:45.977749Z"}
{"candidates": 50, "top_k": 5, "backend": "cross_encoder", "event": "rerank.start", "query_preview": "According to the developer guidelines, what is the exact maximum line length in ", "correlation_id": "01KTYJF2SCG2N3NZ0EQDHHHG6M", "level": "info", "timestamp": "2026-06-12T18:45:45.977771Z"}
{"candidates": 50, "top_k": 5, "backend": "cross_encoder", "returned": 5, "event": "rerank.done", "query_preview": "According to the developer guidelines, what is the exact maximum line length in ", "correlation_id": "01KTYJF2SCG2N3NZ0EQDHHHG6M", "level": "info", "timestamp": "2026-06-12T18:46:07.563505Z"}
{"node": "rerank", "reranked_count": 5, "event": "done", "query_preview": "According to the developer guidelines, what is the exact maximum line length in ", "correlation_id": "01KTYJF2SCG2N3NZ0EQDHHHG6M", "level": "info", "timestamp": "2026-06-12T18:46:07.563608Z"}
{"prompt_tag": "generate_table_sql@v1", "schema": "GeneratedSQL", "model": "cyankiwi/Qwen3.5-4B-AWQ-4bit", "max_tokens": 1024, "temperature": 0.1, "top_p": 0.8, "presence_penalty": 1.0, "seed": 42, "message_count": 1, "event": "model_call.start", "query_preview": "According to the developer guidelines, what is the exact maximum line length in ", "correlation_id": "01KTYJF2SCG2N3NZ0EQDHHHG6M", "level": "info", "timestamp": "2026-06-12T18:46:07.570083Z"}
Authentication error: Langfuse client initialized without public_key. Client will be disabled. Provide a public_key parameter or set LANGFUSE_PUBLIC_KEY environment variable. 
{"prompt_tag": "generate_table_sql@v1", "schema": "GeneratedSQL", "tokens": 1013, "event": "model_call.done", "query_preview": "According to the developer guidelines, what is the exact maximum line length in ", "correlation_id": "01KTYJF2SCG2N3NZ0EQDHHHG6M", "level": "info", "timestamp": "2026-06-12T18:46:08.219463Z"}
{"node": "query_doc_tables", "sql": "SELECT MAX(line_length__num) FROM c3249d865c", "target": "c3249d865c", "event": "table_sql.generated", "query_preview": "According to the developer guidelines, what is the exact maximum line length in ", "correlation_id": "01KTYJF2SCG2N3NZ0EQDHHHG6M", "level": "info", "timestamp": "2026-06-12T18:46:08.219525Z"}
{"node": "query_doc_tables", "target": "c3249d865c", "event": "table_sql.no_result", "query_preview": "According to the developer guidelines, what is the exact maximum line length in ", "correlation_id": "01KTYJF2SCG2N3NZ0EQDHHHG6M", "level": "info", "timestamp": "2026-06-12T18:46:08.219900Z"}
{"node": "query_tables", "event": "no_table_answer", "query_preview": "According to the developer guidelines, what is the exact maximum line length in ", "correlation_id": "01KTYJF2SCG2N3NZ0EQDHHHG6M", "level": "info", "timestamp": "2026-06-12T18:46:08.220197Z"}
{"node": "assess", "reranked_count": 5, "event": "start", "query_preview": "According to the developer guidelines, what is the exact maximum line length in ", "correlation_id": "01KTYJF2SCG2N3NZ0EQDHHHG6M", "level": "info", "timestamp": "2026-06-12T18:46:08.220895Z"}
{"prompt_tag": "assess_sufficiency@v4", "schema": "SufficiencyAssessment", "model": "cyankiwi/Qwen3.5-4B-AWQ-4bit", "max_tokens": 1024, "temperature": 0.1, "top_p": 0.8, "presence_penalty": 1.0, "seed": 42, "message_count": 1, "event": "model_call.start", "query_preview": "According to the developer guidelines, what is the exact maximum line length in ", "correlation_id": "01KTYJF2SCG2N3NZ0EQDHHHG6M", "level": "info", "timestamp": "2026-06-12T18:46:08.222203Z"}
Authentication error: Langfuse client initialized without public_key. Client will be disabled. Provide a public_key parameter or set LANGFUSE_PUBLIC_KEY environment variable. 
{"prompt_tag": "assess_sufficiency@v4", "schema": "SufficiencyAssessment", "tokens": 2075, "event": "model_call.done", "query_preview": "According to the developer guidelines, what is the exact maximum line length in ", "correlation_id": "01KTYJF2SCG2N3NZ0EQDHHHG6M", "level": "info", "timestamp": "2026-06-12T18:46:08.987571Z"}
{"node": "answer", "regenerate_attempt": 0, "event": "start", "query_preview": "According to the developer guidelines, what is the exact maximum line length in ", "correlation_id": "01KTYJF2SCG2N3NZ0EQDHHHG6M", "level": "info", "timestamp": "2026-06-12T18:46:08.988710Z"}
{"prompt_tag": "answer@v5", "schema": "DraftAnswer", "model": "cyankiwi/Qwen3.5-4B-AWQ-4bit", "max_tokens": 1800, "temperature": 0.1, "top_p": 0.8, "presence_penalty": 1.0, "seed": 42, "message_count": 2, "event": "model_call.start", "query_preview": "According to the developer guidelines, what is the exact maximum line length in ", "correlation_id": "01KTYJF2SCG2N3NZ0EQDHHHG6M", "level": "info", "timestamp": "2026-06-12T18:46:08.990816Z"}
Authentication error: Langfuse client initialized without public_key. Client will be disabled. Provide a public_key parameter or set LANGFUSE_PUBLIC_KEY environment variable. 
{"prompt_tag": "answer@v5", "schema": "DraftAnswer", "tokens": 3645, "event": "model_call.done", "query_preview": "According to the developer guidelines, what is the exact maximum line length in ", "correlation_id": "01KTYJF2SCG2N3NZ0EQDHHHG6M", "level": "info", "timestamp": "2026-06-12T18:46:09.850580Z"}
{"node": "verify", "claim_count": 0, "event": "start", "query_preview": "According to the developer guidelines, what is the exact maximum line length in ", "correlation_id": "01KTYJF2SCG2N3NZ0EQDHHHG6M", "level": "info", "timestamp": "2026-06-12T18:46:09.851381Z"}
{"node": "verify", "event": "empty_draft_shortcircuit", "query_preview": "According to the developer guidelines, what is the exact maximum line length in ", "correlation_id": "01KTYJF2SCG2N3NZ0EQDHHHG6M", "level": "info", "timestamp": "2026-06-12T18:46:09.851417Z"}
{"node": "assess_relevance", "event": "start", "query_preview": "According to the developer guidelines, what is the exact maximum line length in ", "correlation_id": "01KTYJF2SCG2N3NZ0EQDHHHG6M", "level": "info", "timestamp": "2026-06-12T18:46:09.852234Z"}
{"prompt_tag": "assess_relevance@v3", "schema": "RelevanceAssessment", "model": "cyankiwi/Qwen3.5-4B-AWQ-4bit", "max_tokens": 1024, "temperature": 0.1, "top_p": 0.8, "presence_penalty": 1.0, "seed": 42, "message_count": 1, "event": "model_call.start", "query_preview": "According to the developer guidelines, what is the exact maximum line length in ", "correlation_id": "01KTYJF2SCG2N3NZ0EQDHHHG6M", "level": "info", "timestamp": "2026-06-12T18:46:09.853235Z"}
Authentication error: Langfuse client initialized without public_key. Client will be disabled. Provide a public_key parameter or set LANGFUSE_PUBLIC_KEY environment variable. 
{"prompt_tag": "assess_relevance@v3", "schema": "RelevanceAssessment", "tokens": 847, "event": "model_call.done", "query_preview": "According to the developer guidelines, what is the exact maximum line length in ", "correlation_id": "01KTYJF2SCG2N3NZ0EQDHHHG6M", "level": "info", "timestamp": "2026-06-12T18:46:10.243985Z"}
{"node": "assess_relevance", "responsive": true, "event": "relevance", "query_preview": "According to the developer guidelines, what is the exact maximum line length in ", "correlation_id": "01KTYJF2SCG2N3NZ0EQDHHHG6M", "level": "info", "timestamp": "2026-06-12T18:46:10.244037Z"}
{"node": "compose", "event": "start", "query_preview": "According to the developer guidelines, what is the exact maximum line length in ", "correlation_id": "01KTYJF2SCG2N3NZ0EQDHHHG6M", "level": "info", "timestamp": "2026-06-12T18:46:10.245099Z"}
Authentication error: Langfuse client initialized without public_key. Client will be disabled. Provide a public_key parameter or set LANGFUSE_PUBLIC_KEY environment variable. 
{"node": "retrieve", "query_len": 64, "event": "start", "query_preview": "How many unit tests does the Memex test suite currently contain?", "correlation_id": "01KTYJFTJ5ZCJ7JTDWEFRBS8E8", "level": "info", "timestamp": "2026-06-12T18:46:10.246551Z"}
{"query_len": 64, "k": 50, "event": "hybrid.start", "query_preview": "How many unit tests does the Memex test suite currently contain?", "correlation_id": "01KTYJFTJ5ZCJ7JTDWEFRBS8E8", "level": "info", "timestamp": "2026-06-12T18:46:10.246588Z"}
{"query_len": 64, "k": 50, "dense": 50, "bm25": 0, "fused": 50, "term": false, "event": "hybrid.done", "query_preview": "How many unit tests does the Memex test suite currently contain?", "correlation_id": "01KTYJFTJ5ZCJ7JTDWEFRBS8E8", "level": "info", "timestamp": "2026-06-12T18:46:10.359448Z"}
{"node": "retrieve", "candidate_count": 50, "event": "done", "query_preview": "How many unit tests does the Memex test suite currently contain?", "correlation_id": "01KTYJFTJ5ZCJ7JTDWEFRBS8E8", "level": "info", "timestamp": "2026-06-12T18:46:10.360359Z"}
{"node": "expand_graph", "reason": "disabled_or_empty", "event": "skip", "query_preview": "How many unit tests does the Memex test suite currently contain?", "correlation_id": "01KTYJFTJ5ZCJ7JTDWEFRBS8E8", "level": "info", "timestamp": "2026-06-12T18:46:10.362071Z"}
{"node": "rerank", "candidate_count": 50, "event": "start", "query_preview": "How many unit tests does the Memex test suite currently contain?", "correlation_id": "01KTYJFTJ5ZCJ7JTDWEFRBS8E8", "level": "info", "timestamp": "2026-06-12T18:46:10.362793Z"}
{"node": "rerank", "top_k": 5, "source": "mode", "event": "top_k_resolved", "query_preview": "How many unit tests does the Memex test suite currently contain?", "correlation_id": "01KTYJFTJ5ZCJ7JTDWEFRBS8E8", "level": "info", "timestamp": "2026-06-12T18:46:10.362849Z"}
{"candidates": 50, "top_k": 5, "backend": "cross_encoder", "event": "rerank.start", "query_preview": "How many unit tests does the Memex test suite currently contain?", "correlation_id": "01KTYJFTJ5ZCJ7JTDWEFRBS8E8", "level": "info", "timestamp": "2026-06-12T18:46:10.362875Z"}
{"candidates": 50, "top_k": 5, "backend": "cross_encoder", "returned": 5, "event": "rerank.done", "query_preview": "How many unit tests does the Memex test suite currently contain?", "correlation_id": "01KTYJFTJ5ZCJ7JTDWEFRBS8E8", "level": "info", "timestamp": "2026-06-12T18:46:31.091247Z"}
{"node": "rerank", "reranked_count": 5, "event": "done", "query_preview": "How many unit tests does the Memex test suite currently contain?", "correlation_id": "01KTYJFTJ5ZCJ7JTDWEFRBS8E8", "level": "info", "timestamp": "2026-06-12T18:46:31.091365Z"}
{"node": "query_tables", "reason": "no_relevant_tables", "event": "skip", "query_preview": "How many unit tests does the Memex test suite currently contain?", "correlation_id": "01KTYJFTJ5ZCJ7JTDWEFRBS8E8", "level": "info", "timestamp": "2026-06-12T18:46:31.094376Z"}
{"node": "assess", "reranked_count": 5, "event": "start", "query_preview": "How many unit tests does the Memex test suite currently contain?", "correlation_id": "01KTYJFTJ5ZCJ7JTDWEFRBS8E8", "level": "info", "timestamp": "2026-06-12T18:46:31.095388Z"}
{"prompt_tag": "assess_sufficiency@v4", "schema": "SufficiencyAssessment", "model": "cyankiwi/Qwen3.5-4B-AWQ-4bit", "max_tokens": 1024, "temperature": 0.1, "top_p": 0.8, "presence_penalty": 1.0, "seed": 42, "message_count": 1, "event": "model_call.start", "query_preview": "How many unit tests does the Memex test suite currently contain?", "correlation_id": "01KTYJFTJ5ZCJ7JTDWEFRBS8E8", "level": "info", "timestamp": "2026-06-12T18:46:31.097564Z"}
Authentication error: Langfuse client initialized without public_key. Client will be disabled. Provide a public_key parameter or set LANGFUSE_PUBLIC_KEY environment variable. 
{"prompt_tag": "assess_sufficiency@v4", "schema": "SufficiencyAssessment", "tokens": 2512, "event": "model_call.done", "query_preview": "How many unit tests does the Memex test suite currently contain?", "correlation_id": "01KTYJFTJ5ZCJ7JTDWEFRBS8E8", "level": "info", "timestamp": "2026-06-12T18:46:31.977682Z"}
{"node": "refuse", "event": "start", "query_preview": "How many unit tests does the Memex test suite currently contain?", "correlation_id": "01KTYJFTJ5ZCJ7JTDWEFRBS8E8", "level": "info", "timestamp": "2026-06-12T18:46:31.979525Z"}
Authentication error: Langfuse client initialized without public_key. Client will be disabled. Provide a public_key parameter or set LANGFUSE_PUBLIC_KEY environment variable. 
{"node": "retrieve", "query_len": 108, "event": "start", "query_preview": "Which commercial cloud LLM API do the guidelines recommend as a fallback when lo", "correlation_id": "01KTYJGFSCWFVHPFZ16AAJYAQ2", "level": "info", "timestamp": "2026-06-12T18:46:31.981514Z"}
{"query_len": 108, "k": 50, "event": "hybrid.start", "query_preview": "Which commercial cloud LLM API do the guidelines recommend as a fallback when lo", "correlation_id": "01KTYJGFSCWFVHPFZ16AAJYAQ2", "level": "info", "timestamp": "2026-06-12T18:46:31.981558Z"}
{"query_len": 108, "k": 50, "dense": 50, "bm25": 0, "fused": 50, "term": false, "event": "hybrid.done", "query_preview": "Which commercial cloud LLM API do the guidelines recommend as a fallback when lo", "correlation_id": "01KTYJGFSCWFVHPFZ16AAJYAQ2", "level": "info", "timestamp": "2026-06-12T18:46:32.273705Z"}
{"node": "retrieve", "candidate_count": 50, "event": "done", "query_preview": "Which commercial cloud LLM API do the guidelines recommend as a fallback when lo", "correlation_id": "01KTYJGFSCWFVHPFZ16AAJYAQ2", "level": "info", "timestamp": "2026-06-12T18:46:32.274609Z"}
{"node": "expand_graph", "reason": "disabled_or_empty", "event": "skip", "query_preview": "Which commercial cloud LLM API do the guidelines recommend as a fallback when lo", "correlation_id": "01KTYJGFSCWFVHPFZ16AAJYAQ2", "level": "info", "timestamp": "2026-06-12T18:46:32.275913Z"}
{"node": "rerank", "candidate_count": 50, "event": "start", "query_preview": "Which commercial cloud LLM API do the guidelines recommend as a fallback when lo", "correlation_id": "01KTYJGFSCWFVHPFZ16AAJYAQ2", "level": "info", "timestamp": "2026-06-12T18:46:32.276398Z"}
{"node": "rerank", "top_k": 5, "source": "mode", "event": "top_k_resolved", "query_preview": "Which commercial cloud LLM API do the guidelines recommend as a fallback when lo", "correlation_id": "01KTYJGFSCWFVHPFZ16AAJYAQ2", "level": "info", "timestamp": "2026-06-12T18:46:32.276445Z"}
{"candidates": 50, "top_k": 5, "backend": "cross_encoder", "event": "rerank.start", "query_preview": "Which commercial cloud LLM API do the guidelines recommend as a fallback when lo", "correlation_id": "01KTYJGFSCWFVHPFZ16AAJYAQ2", "level": "info", "timestamp": "2026-06-12T18:46:32.276474Z"}
{"candidates": 50, "top_k": 5, "backend": "cross_encoder", "returned": 5, "event": "rerank.done", "query_preview": "Which commercial cloud LLM API do the guidelines recommend as a fallback when lo", "correlation_id": "01KTYJGFSCWFVHPFZ16AAJYAQ2", "level": "info", "timestamp": "2026-06-12T18:47:37.914751Z"}
{"node": "rerank", "reranked_count": 5, "event": "done", "query_preview": "Which commercial cloud LLM API do the guidelines recommend as a fallback when lo", "correlation_id": "01KTYJGFSCWFVHPFZ16AAJYAQ2", "level": "info", "timestamp": "2026-06-12T18:47:37.914854Z"}
{"node": "query_tables", "reason": "empty_or_not_table_shaped", "event": "skip", "query_preview": "Which commercial cloud LLM API do the guidelines recommend as a fallback when lo", "correlation_id": "01KTYJGFSCWFVHPFZ16AAJYAQ2", "level": "info", "timestamp": "2026-06-12T18:47:37.916830Z"}
{"node": "assess", "reranked_count": 5, "event": "start", "query_preview": "Which commercial cloud LLM API do the guidelines recommend as a fallback when lo", "correlation_id": "01KTYJGFSCWFVHPFZ16AAJYAQ2", "level": "info", "timestamp": "2026-06-12T18:47:37.917665Z"}
{"prompt_tag": "assess_sufficiency@v4", "schema": "SufficiencyAssessment", "model": "cyankiwi/Qwen3.5-4B-AWQ-4bit", "max_tokens": 1024, "temperature": 0.1, "top_p": 0.8, "presence_penalty": 1.0, "seed": 42, "message_count": 1, "event": "model_call.start", "query_preview": "Which commercial cloud LLM API do the guidelines recommend as a fallback when lo", "correlation_id": "01KTYJGFSCWFVHPFZ16AAJYAQ2", "level": "info", "timestamp": "2026-06-12T18:47:37.919837Z"}
Authentication error: Langfuse client initialized without public_key. Client will be disabled. Provide a public_key parameter or set LANGFUSE_PUBLIC_KEY environment variable. 
{"prompt_tag": "assess_sufficiency@v4", "schema": "SufficiencyAssessment", "tokens": 2753, "event": "model_call.done", "query_preview": "Which commercial cloud LLM API do the guidelines recommend as a fallback when lo", "correlation_id": "01KTYJGFSCWFVHPFZ16AAJYAQ2", "level": "info", "timestamp": "2026-06-12T18:47:38.806931Z"}
{"node": "refuse", "event": "start", "query_preview": "Which commercial cloud LLM API do the guidelines recommend as a fallback when lo", "correlation_id": "01KTYJGFSCWFVHPFZ16AAJYAQ2", "level": "info", "timestamp": "2026-06-12T18:47:38.808630Z"}
Authentication error: Langfuse client initialized without public_key. Client will be disabled. Provide a public_key parameter or set LANGFUSE_PUBLIC_KEY environment variable. 
{"node": "retrieve", "query_len": 90, "event": "start", "query_preview": "What do the guidelines recommend for deploying Memex to AWS or a cloud Kubernete", "correlation_id": "01KTYJJH1SW0DHZ8F81REXXBHS", "level": "info", "timestamp": "2026-06-12T18:47:38.810493Z"}
{"query_len": 90, "k": 50, "event": "hybrid.start", "query_preview": "What do the guidelines recommend for deploying Memex to AWS or a cloud Kubernete", "correlation_id": "01KTYJJH1SW0DHZ8F81REXXBHS", "level": "info", "timestamp": "2026-06-12T18:47:38.810536Z"}
{"query_len": 90, "k": 50, "dense": 50, "bm25": 0, "fused": 50, "term": false, "event": "hybrid.done", "query_preview": "What do the guidelines recommend for deploying Memex to AWS or a cloud Kubernete", "correlation_id": "01KTYJJH1SW0DHZ8F81REXXBHS", "level": "info", "timestamp": "2026-06-12T18:47:39.147276Z"}
{"node": "retrieve", "candidate_count": 50, "event": "done", "query_preview": "What do the guidelines recommend for deploying Memex to AWS or a cloud Kubernete", "correlation_id": "01KTYJJH1SW0DHZ8F81REXXBHS", "level": "info", "timestamp": "2026-06-12T18:47:39.148616Z"}
{"node": "expand_graph", "reason": "disabled_or_empty", "event": "skip", "query_preview": "What do the guidelines recommend for deploying Memex to AWS or a cloud Kubernete", "correlation_id": "01KTYJJH1SW0DHZ8F81REXXBHS", "level": "info", "timestamp": "2026-06-12T18:47:39.150341Z"}
{"node": "rerank", "candidate_count": 50, "event": "start", "query_preview": "What do the guidelines recommend for deploying Memex to AWS or a cloud Kubernete", "correlation_id": "01KTYJJH1SW0DHZ8F81REXXBHS", "level": "info", "timestamp": "2026-06-12T18:47:39.151154Z"}
{"node": "rerank", "top_k": 5, "source": "mode", "event": "top_k_resolved", "query_preview": "What do the guidelines recommend for deploying Memex to AWS or a cloud Kubernete", "correlation_id": "01KTYJJH1SW0DHZ8F81REXXBHS", "level": "info", "timestamp": "2026-06-12T18:47:39.151215Z"}
{"candidates": 50, "top_k": 5, "backend": "cross_encoder", "event": "rerank.start", "query_preview": "What do the guidelines recommend for deploying Memex to AWS or a cloud Kubernete", "correlation_id": "01KTYJJH1SW0DHZ8F81REXXBHS", "level": "info", "timestamp": "2026-06-12T18:47:39.151238Z"}
{"candidates": 50, "top_k": 5, "backend": "cross_encoder", "returned": 5, "event": "rerank.done", "query_preview": "What do the guidelines recommend for deploying Memex to AWS or a cloud Kubernete", "correlation_id": "01KTYJJH1SW0DHZ8F81REXXBHS", "level": "info", "timestamp": "2026-06-12T18:48:10.674223Z"}
{"node": "rerank", "reranked_count": 5, "event": "done", "query_preview": "What do the guidelines recommend for deploying Memex to AWS or a cloud Kubernete", "correlation_id": "01KTYJJH1SW0DHZ8F81REXXBHS", "level": "info", "timestamp": "2026-06-12T18:48:10.674324Z"}
{"node": "query_tables", "reason": "empty_or_not_table_shaped", "event": "skip", "query_preview": "What do the guidelines recommend for deploying Memex to AWS or a cloud Kubernete", "correlation_id": "01KTYJJH1SW0DHZ8F81REXXBHS", "level": "info", "timestamp": "2026-06-12T18:48:10.676152Z"}
{"node": "assess", "reranked_count": 5, "event": "start", "query_preview": "What do the guidelines recommend for deploying Memex to AWS or a cloud Kubernete", "correlation_id": "01KTYJJH1SW0DHZ8F81REXXBHS", "level": "info", "timestamp": "2026-06-12T18:48:10.676869Z"}
{"prompt_tag": "assess_sufficiency@v4", "schema": "SufficiencyAssessment", "model": "cyankiwi/Qwen3.5-4B-AWQ-4bit", "max_tokens": 1024, "temperature": 0.1, "top_p": 0.8, "presence_penalty": 1.0, "seed": 42, "message_count": 1, "event": "model_call.start", "query_preview": "What do the guidelines recommend for deploying Memex to AWS or a cloud Kubernete", "correlation_id": "01KTYJJH1SW0DHZ8F81REXXBHS", "level": "info", "timestamp": "2026-06-12T18:48:10.678860Z"}
Authentication error: Langfuse client initialized without public_key. Client will be disabled. Provide a public_key parameter or set LANGFUSE_PUBLIC_KEY environment variable. 
{"prompt_tag": "assess_sufficiency@v4", "schema": "SufficiencyAssessment", "tokens": 2551, "event": "model_call.done", "query_preview": "What do the guidelines recommend for deploying Memex to AWS or a cloud Kubernete", "correlation_id": "01KTYJJH1SW0DHZ8F81REXXBHS", "level": "info", "timestamp": "2026-06-12T18:48:11.775328Z"}
{"node": "answer", "regenerate_attempt": 0, "event": "start", "query_preview": "What do the guidelines recommend for deploying Memex to AWS or a cloud Kubernete", "correlation_id": "01KTYJJH1SW0DHZ8F81REXXBHS", "level": "info", "timestamp": "2026-06-12T18:48:11.776474Z"}
{"prompt_tag": "answer@v5", "schema": "DraftAnswer", "model": "cyankiwi/Qwen3.5-4B-AWQ-4bit", "max_tokens": 1800, "temperature": 0.1, "top_p": 0.8, "presence_penalty": 1.0, "seed": 42, "message_count": 2, "event": "model_call.start", "query_preview": "What do the guidelines recommend for deploying Memex to AWS or a cloud Kubernete", "correlation_id": "01KTYJJH1SW0DHZ8F81REXXBHS", "level": "info", "timestamp": "2026-06-12T18:48:11.778478Z"}
Authentication error: Langfuse client initialized without public_key. Client will be disabled. Provide a public_key parameter or set LANGFUSE_PUBLIC_KEY environment variable. 
{"prompt_tag": "answer@v5", "schema": "DraftAnswer", "tokens": 4102, "event": "model_call.done", "query_preview": "What do the guidelines recommend for deploying Memex to AWS or a cloud Kubernete", "correlation_id": "01KTYJJH1SW0DHZ8F81REXXBHS", "level": "info", "timestamp": "2026-06-12T18:48:12.777195Z"}
{"node": "verify", "claim_count": 0, "event": "start", "query_preview": "What do the guidelines recommend for deploying Memex to AWS or a cloud Kubernete", "correlation_id": "01KTYJJH1SW0DHZ8F81REXXBHS", "level": "info", "timestamp": "2026-06-12T18:48:12.778127Z"}
{"node": "verify", "event": "empty_draft_shortcircuit", "query_preview": "What do the guidelines recommend for deploying Memex to AWS or a cloud Kubernete", "correlation_id": "01KTYJJH1SW0DHZ8F81REXXBHS", "level": "info", "timestamp": "2026-06-12T18:48:12.778163Z"}
{"node": "assess_relevance", "event": "start", "query_preview": "What do the guidelines recommend for deploying Memex to AWS or a cloud Kubernete", "correlation_id": "01KTYJJH1SW0DHZ8F81REXXBHS", "level": "info", "timestamp": "2026-06-12T18:48:12.779242Z"}
{"prompt_tag": "assess_relevance@v3", "schema": "RelevanceAssessment", "model": "cyankiwi/Qwen3.5-4B-AWQ-4bit", "max_tokens": 1024, "temperature": 0.1, "top_p": 0.8, "presence_penalty": 1.0, "seed": 42, "message_count": 1, "event": "model_call.start", "query_preview": "What do the guidelines recommend for deploying Memex to AWS or a cloud Kubernete", "correlation_id": "01KTYJJH1SW0DHZ8F81REXXBHS", "level": "info", "timestamp": "2026-06-12T18:48:12.780255Z"}
Authentication error: Langfuse client initialized without public_key. Client will be disabled. Provide a public_key parameter or set LANGFUSE_PUBLIC_KEY environment variable. 
{"prompt_tag": "assess_relevance@v3", "schema": "RelevanceAssessment", "tokens": 855, "event": "model_call.done", "query_preview": "What do the guidelines recommend for deploying Memex to AWS or a cloud Kubernete", "correlation_id": "01KTYJJH1SW0DHZ8F81REXXBHS", "level": "info", "timestamp": "2026-06-12T18:48:13.250142Z"}
{"node": "assess_relevance", "responsive": true, "event": "relevance", "query_preview": "What do the guidelines recommend for deploying Memex to AWS or a cloud Kubernete", "correlation_id": "01KTYJJH1SW0DHZ8F81REXXBHS", "level": "info", "timestamp": "2026-06-12T18:48:13.250198Z"}
{"node": "compose", "event": "start", "query_preview": "What do the guidelines recommend for deploying Memex to AWS or a cloud Kubernete", "correlation_id": "01KTYJJH1SW0DHZ8F81REXXBHS", "level": "info", "timestamp": "2026-06-12T18:48:13.251601Z"}
Authentication error: Langfuse client initialized without public_key. Client will be disabled. Provide a public_key parameter or set LANGFUSE_PUBLIC_KEY environment variable. 
{"node": "retrieve", "query_len": 75, "event": "start", "query_preview": "What is the recommended monthly price for the Memex SaaS subscription tier?", "correlation_id": "01KTYJKJP40XA111ZKKHFTD531", "level": "info", "timestamp": "2026-06-12T18:48:13.253380Z"}
{"query_len": 75, "k": 50, "event": "hybrid.start", "query_preview": "What is the recommended monthly price for the Memex SaaS subscription tier?", "correlation_id": "01KTYJKJP40XA111ZKKHFTD531", "level": "info", "timestamp": "2026-06-12T18:48:13.253419Z"}
{"query_len": 75, "k": 50, "dense": 50, "bm25": 50, "fused": 50, "term": true, "event": "hybrid.done", "query_preview": "What is the recommended monthly price for the Memex SaaS subscription tier?", "correlation_id": "01KTYJKJP40XA111ZKKHFTD531", "level": "info", "timestamp": "2026-06-12T18:48:13.338378Z"}
{"node": "retrieve", "candidate_count": 50, "event": "done", "query_preview": "What is the recommended monthly price for the Memex SaaS subscription tier?", "correlation_id": "01KTYJKJP40XA111ZKKHFTD531", "level": "info", "timestamp": "2026-06-12T18:48:13.339383Z"}
{"node": "expand_graph", "reason": "disabled_or_empty", "event": "skip", "query_preview": "What is the recommended monthly price for the Memex SaaS subscription tier?", "correlation_id": "01KTYJKJP40XA111ZKKHFTD531", "level": "info", "timestamp": "2026-06-12T18:48:13.341098Z"}
{"node": "rerank", "candidate_count": 50, "event": "start", "query_preview": "What is the recommended monthly price for the Memex SaaS subscription tier?", "correlation_id": "01KTYJKJP40XA111ZKKHFTD531", "level": "info", "timestamp": "2026-06-12T18:48:13.341768Z"}
{"node": "rerank", "top_k": 5, "source": "mode", "event": "top_k_resolved", "query_preview": "What is the recommended monthly price for the Memex SaaS subscription tier?", "correlation_id": "01KTYJKJP40XA111ZKKHFTD531", "level": "info", "timestamp": "2026-06-12T18:48:13.341827Z"}
{"candidates": 50, "top_k": 5, "backend": "cross_encoder", "event": "rerank.start", "query_preview": "What is the recommended monthly price for the Memex SaaS subscription tier?", "correlation_id": "01KTYJKJP40XA111ZKKHFTD531", "level": "info", "timestamp": "2026-06-12T18:48:13.341851Z"}
{"candidates": 50, "top_k": 5, "backend": "cross_encoder", "returned": 5, "event": "rerank.done", "query_preview": "What is the recommended monthly price for the Memex SaaS subscription tier?", "correlation_id": "01KTYJKJP40XA111ZKKHFTD531", "level": "info", "timestamp": "2026-06-12T18:48:32.463007Z"}
{"node": "rerank", "reranked_count": 5, "event": "done", "query_preview": "What is the recommended monthly price for the Memex SaaS subscription tier?", "correlation_id": "01KTYJKJP40XA111ZKKHFTD531", "level": "info", "timestamp": "2026-06-12T18:48:32.463092Z"}
{"node": "query_tables", "reason": "empty_or_not_table_shaped", "event": "skip", "query_preview": "What is the recommended monthly price for the Memex SaaS subscription tier?", "correlation_id": "01KTYJKJP40XA111ZKKHFTD531", "level": "info", "timestamp": "2026-06-12T18:48:32.464672Z"}
{"node": "assess", "reranked_count": 5, "event": "start", "query_preview": "What is the recommended monthly price for the Memex SaaS subscription tier?", "correlation_id": "01KTYJKJP40XA111ZKKHFTD531", "level": "info", "timestamp": "2026-06-12T18:48:32.465333Z"}
{"prompt_tag": "assess_sufficiency@v4", "schema": "SufficiencyAssessment", "model": "cyankiwi/Qwen3.5-4B-AWQ-4bit", "max_tokens": 1024, "temperature": 0.1, "top_p": 0.8, "presence_penalty": 1.0, "seed": 42, "message_count": 1, "event": "model_call.start", "query_preview": "What is the recommended monthly price for the Memex SaaS subscription tier?", "correlation_id": "01KTYJKJP40XA111ZKKHFTD531", "level": "info", "timestamp": "2026-06-12T18:48:32.466967Z"}
Authentication error: Langfuse client initialized without public_key. Client will be disabled. Provide a public_key parameter or set LANGFUSE_PUBLIC_KEY environment variable. 
{"prompt_tag": "assess_sufficiency@v4", "schema": "SufficiencyAssessment", "tokens": 3092, "event": "model_call.done", "query_preview": "What is the recommended monthly price for the Memex SaaS subscription tier?", "correlation_id": "01KTYJKJP40XA111ZKKHFTD531", "level": "info", "timestamp": "2026-06-12T18:48:33.364280Z"}
{"node": "refuse", "event": "start", "query_preview": "What is the recommended monthly price for the Memex SaaS subscription tier?", "correlation_id": "01KTYJKJP40XA111ZKKHFTD531", "level": "info", "timestamp": "2026-06-12T18:48:33.365749Z"}
Authentication error: Langfuse client initialized without public_key. Client will be disabled. Provide a public_key parameter or set LANGFUSE_PUBLIC_KEY environment variable. 
{"node": "retrieve", "query_len": 46, "event": "start", "query_preview": "What is the npm package name to install Memex?", "correlation_id": "01KTYJM6AP5PYVKHMQEN6871HZ", "level": "info", "timestamp": "2026-06-12T18:48:33.367470Z"}
{"query_len": 46, "k": 50, "event": "hybrid.start", "query_preview": "What is the npm package name to install Memex?", "correlation_id": "01KTYJM6AP5PYVKHMQEN6871HZ", "level": "info", "timestamp": "2026-06-12T18:48:33.367506Z"}
{"query_len": 46, "k": 50, "dense": 50, "bm25": 0, "fused": 50, "term": false, "event": "hybrid.done", "query_preview": "What is the npm package name to install Memex?", "correlation_id": "01KTYJM6AP5PYVKHMQEN6871HZ", "level": "info", "timestamp": "2026-06-12T18:48:33.440813Z"}
{"node": "retrieve", "candidate_count": 50, "event": "done", "query_preview": "What is the npm package name to install Memex?", "correlation_id": "01KTYJM6AP5PYVKHMQEN6871HZ", "level": "info", "timestamp": "2026-06-12T18:48:33.441794Z"}
{"node": "expand_graph", "reason": "disabled_or_empty", "event": "skip", "query_preview": "What is the npm package name to install Memex?", "correlation_id": "01KTYJM6AP5PYVKHMQEN6871HZ", "level": "info", "timestamp": "2026-06-12T18:48:33.443397Z"}
{"node": "rerank", "candidate_count": 50, "event": "start", "query_preview": "What is the npm package name to install Memex?", "correlation_id": "01KTYJM6AP5PYVKHMQEN6871HZ", "level": "info", "timestamp": "2026-06-12T18:48:33.444129Z"}
{"node": "rerank", "top_k": 5, "source": "mode", "event": "top_k_resolved", "query_preview": "What is the npm package name to install Memex?", "correlation_id": "01KTYJM6AP5PYVKHMQEN6871HZ", "level": "info", "timestamp": "2026-06-12T18:48:33.444186Z"}
{"candidates": 50, "top_k": 5, "backend": "cross_encoder", "event": "rerank.start", "query_preview": "What is the npm package name to install Memex?", "correlation_id": "01KTYJM6AP5PYVKHMQEN6871HZ", "level": "info", "timestamp": "2026-06-12T18:48:33.444210Z"}
{"candidates": 50, "top_k": 5, "backend": "cross_encoder", "returned": 5, "event": "rerank.done", "query_preview": "What is the npm package name to install Memex?", "correlation_id": "01KTYJM6AP5PYVKHMQEN6871HZ", "level": "info", "timestamp": "2026-06-12T18:48:54.370998Z"}
{"node": "rerank", "reranked_count": 5, "event": "done", "query_preview": "What is the npm package name to install Memex?", "correlation_id": "01KTYJM6AP5PYVKHMQEN6871HZ", "level": "info", "timestamp": "2026-06-12T18:48:54.371096Z"}
{"node": "query_tables", "reason": "empty_or_not_table_shaped", "event": "skip", "query_preview": "What is the npm package name to install Memex?", "correlation_id": "01KTYJM6AP5PYVKHMQEN6871HZ", "level": "info", "timestamp": "2026-06-12T18:48:54.372758Z"}
{"node": "assess", "reranked_count": 5, "event": "start", "query_preview": "What is the npm package name to install Memex?", "correlation_id": "01KTYJM6AP5PYVKHMQEN6871HZ", "level": "info", "timestamp": "2026-06-12T18:48:54.373409Z"}
{"prompt_tag": "assess_sufficiency@v4", "schema": "SufficiencyAssessment", "model": "cyankiwi/Qwen3.5-4B-AWQ-4bit", "max_tokens": 1024, "temperature": 0.1, "top_p": 0.8, "presence_penalty": 1.0, "seed": 42, "message_count": 1, "event": "model_call.start", "query_preview": "What is the npm package name to install Memex?", "correlation_id": "01KTYJM6AP5PYVKHMQEN6871HZ", "level": "info", "timestamp": "2026-06-12T18:48:54.375368Z"}
Authentication error: Langfuse client initialized without public_key. Client will be disabled. Provide a public_key parameter or set LANGFUSE_PUBLIC_KEY environment variable. 
{"prompt_tag": "assess_sufficiency@v4", "schema": "SufficiencyAssessment", "tokens": 2690, "event": "model_call.done", "query_preview": "What is the npm package name to install Memex?", "correlation_id": "01KTYJM6AP5PYVKHMQEN6871HZ", "level": "info", "timestamp": "2026-06-12T18:48:55.232340Z"}
{"node": "refuse", "event": "start", "query_preview": "What is the npm package name to install Memex?", "correlation_id": "01KTYJM6AP5PYVKHMQEN6871HZ", "level": "info", "timestamp": "2026-06-12T18:48:55.233609Z"}
{"query_count": 18, "quick": false, "error_count": 0, "mean_citation_precision": 0.9629629629629629, "mean_citation_precision_answered_only": 0.9444444444444445, "answer_text_checked": 0, "answer_text_correct_count": 0, "mean_answer_mention_recall": null, "event": "eval.done", "level": "info", "timestamp": "2026-06-12T18:48:55.234161Z"}
