{"vault_path": "/home/drei/.memex/vault", "event": "bootstrap", "level": "info", "timestamp": "2026-06-12T21:08:33.820755Z"}
{"estimated_gb": 11.8, "budget_gb": 9.8, "total_gb": 11.6, "gpu": "NVIDIA GeForce RTX 4070", "vlm_counted": false, "co_residence_mode": "manual", "embedder_device": "cpu", "reranker_device": "cpu", "fix": "lower hardware.gpu_memory_fraction, switch to a lighter co-residence mode (MEMEX_MODELS__CO_RESIDENCE_MODE=full puts the reranker on CPU), switch to a smaller VLM variant (vlm_quantization=awq_int4), or reduce the orchestrator quant tier", "event": "vram.budget.tight", "level": "warning", "timestamp": "2026-06-12T21:08:34.612919Z"}
{"component": "bootstrap.gpu", "total_gb": 11.56, "free_gb": 4.5, "holders": ["pid 382037: VLLM::EngineCore (6170 MiB)", "pid 1155514: /home/drei/project/Doc_Flo/.venv/bin/python3 (154 MiB)"], "event": "gpu.preflight", "level": "info", "timestamp": "2026-06-12T21:08:34.711085Z"}
{"query_count": 18, "quick": false, "event": "eval.start", "level": "info", "timestamp": "2026-06-12T21:08:34.751745Z"}
Authentication error: Langfuse client initialized without public_key. Client will be disabled. Provide a public_key parameter or set LANGFUSE_PUBLIC_KEY environment variable. 
{"node": "retrieve", "query_len": 117, "event": "start", "query_preview": "According to the developer guidelines, what must every custom exception inherit ", "correlation_id": "01KTYTMJSZ3VV1C9EYKEJ876EM", "level": "info", "timestamp": "2026-06-12T21:08:34.779858Z"}
{"query_len": 117, "k": 50, "event": "hybrid.start", "query_preview": "According to the developer guidelines, what must every custom exception inherit ", "correlation_id": "01KTYTMJSZ3VV1C9EYKEJ876EM", "level": "info", "timestamp": "2026-06-12T21:08:34.779928Z"}
{"name": "embedder", "event": "model.load.start", "query_preview": "According to the developer guidelines, what must every custom exception inherit ", "correlation_id": "01KTYTMJSZ3VV1C9EYKEJ876EM", "level": "info", "timestamp": "2026-06-12T21:08:34.783922Z"}
`torch_dtype` is deprecated! Use `dtype` instead!
{"name": "embedder", "event": "model.load.done", "query_preview": "According to the developer guidelines, what must every custom exception inherit ", "correlation_id": "01KTYTMJSZ3VV1C9EYKEJ876EM", "level": "info", "timestamp": "2026-06-12T21:08:38.668892Z"}
{"query_len": 117, "k": 50, "dense": 50, "bm25": 0, "fused": 50, "term": false, "event": "hybrid.done", "query_preview": "According to the developer guidelines, what must every custom exception inherit ", "correlation_id": "01KTYTMJSZ3VV1C9EYKEJ876EM", "level": "info", "timestamp": "2026-06-12T21:08:38.899861Z"}
{"node": "retrieve", "candidate_count": 50, "event": "done", "query_preview": "According to the developer guidelines, what must every custom exception inherit ", "correlation_id": "01KTYTMJSZ3VV1C9EYKEJ876EM", "level": "info", "timestamp": "2026-06-12T21:08:38.900719Z"}
{"node": "expand_graph", "reason": "disabled_or_empty", "event": "skip", "query_preview": "According to the developer guidelines, what must every custom exception inherit ", "correlation_id": "01KTYTMJSZ3VV1C9EYKEJ876EM", "level": "info", "timestamp": "2026-06-12T21:08:38.902427Z"}
{"node": "rerank", "candidate_count": 50, "event": "start", "query_preview": "According to the developer guidelines, what must every custom exception inherit ", "correlation_id": "01KTYTMJSZ3VV1C9EYKEJ876EM", "level": "info", "timestamp": "2026-06-12T21:08:38.902962Z"}
{"node": "rerank", "top_k": 5, "source": "mode", "event": "top_k_resolved", "query_preview": "According to the developer guidelines, what must every custom exception inherit ", "correlation_id": "01KTYTMJSZ3VV1C9EYKEJ876EM", "level": "info", "timestamp": "2026-06-12T21:08:38.903013Z"}
{"candidates": 50, "top_k": 5, "backend": "cross_encoder", "event": "rerank.start", "query_preview": "According to the developer guidelines, what must every custom exception inherit ", "correlation_id": "01KTYTMJSZ3VV1C9EYKEJ876EM", "level": "info", "timestamp": "2026-06-12T21:08:38.903043Z"}
{"name": "reranker", "event": "model.load.start", "query_preview": "According to the developer guidelines, what must every custom exception inherit ", "correlation_id": "01KTYTMJSZ3VV1C9EYKEJ876EM", "level": "info", "timestamp": "2026-06-12T21:08:38.903080Z"}
{"name": "reranker", "event": "model.load.done", "query_preview": "According to the developer guidelines, what must every custom exception inherit ", "correlation_id": "01KTYTMJSZ3VV1C9EYKEJ876EM", "level": "info", "timestamp": "2026-06-12T21:08:39.871277Z"}
{"candidates": 50, "top_k": 5, "backend": "cross_encoder", "returned": 5, "event": "rerank.done", "query_preview": "According to the developer guidelines, what must every custom exception inherit ", "correlation_id": "01KTYTMJSZ3VV1C9EYKEJ876EM", "level": "info", "timestamp": "2026-06-12T21:08:56.531672Z"}
{"node": "rerank", "reranked_count": 5, "event": "done", "query_preview": "According to the developer guidelines, what must every custom exception inherit ", "correlation_id": "01KTYTMJSZ3VV1C9EYKEJ876EM", "level": "info", "timestamp": "2026-06-12T21:08:56.531770Z"}
{"node": "query_tables", "reason": "empty_or_not_table_shaped", "event": "skip", "query_preview": "According to the developer guidelines, what must every custom exception inherit ", "correlation_id": "01KTYTMJSZ3VV1C9EYKEJ876EM", "level": "info", "timestamp": "2026-06-12T21:08:56.534443Z"}
{"node": "assess", "reranked_count": 5, "event": "start", "query_preview": "According to the developer guidelines, what must every custom exception inherit ", "correlation_id": "01KTYTMJSZ3VV1C9EYKEJ876EM", "level": "info", "timestamp": "2026-06-12T21:08:56.535432Z"}
{"prompt_tag": "assess_sufficiency@v4", "schema": "SufficiencyAssessment", "model": "cyankiwi/Qwen3.5-4B-AWQ-4bit", "max_tokens": 1024, "temperature": 0.1, "top_p": 0.8, "presence_penalty": 1.0, "seed": 42, "message_count": 1, "event": "model_call.start", "query_preview": "According to the developer guidelines, what must every custom exception inherit ", "correlation_id": "01KTYTMJSZ3VV1C9EYKEJ876EM", "level": "info", "timestamp": "2026-06-12T21:08:56.539518Z"}
Authentication error: Langfuse client initialized without public_key. Client will be disabled. Provide a public_key parameter or set LANGFUSE_PUBLIC_KEY environment variable. 
{"prompt_tag": "assess_sufficiency@v4", "schema": "SufficiencyAssessment", "tokens": 2010, "event": "model_call.done", "query_preview": "According to the developer guidelines, what must every custom exception inherit ", "correlation_id": "01KTYTMJSZ3VV1C9EYKEJ876EM", "level": "info", "timestamp": "2026-06-12T21:08:57.407658Z"}
{"node": "answer", "regenerate_attempt": 0, "event": "start", "query_preview": "According to the developer guidelines, what must every custom exception inherit ", "correlation_id": "01KTYTMJSZ3VV1C9EYKEJ876EM", "level": "info", "timestamp": "2026-06-12T21:08:57.409122Z"}
{"prompt_tag": "answer@v5", "schema": "DraftAnswer", "model": "cyankiwi/Qwen3.5-4B-AWQ-4bit", "max_tokens": 1800, "temperature": 0.1, "top_p": 0.8, "presence_penalty": 1.0, "seed": 42, "message_count": 2, "event": "model_call.start", "query_preview": "According to the developer guidelines, what must every custom exception inherit ", "correlation_id": "01KTYTMJSZ3VV1C9EYKEJ876EM", "level": "info", "timestamp": "2026-06-12T21:08:57.411485Z"}
Authentication error: Langfuse client initialized without public_key. Client will be disabled. Provide a public_key parameter or set LANGFUSE_PUBLIC_KEY environment variable. 
{"prompt_tag": "answer@v5", "schema": "DraftAnswer", "tokens": 3617, "event": "model_call.done", "query_preview": "According to the developer guidelines, what must every custom exception inherit ", "correlation_id": "01KTYTMJSZ3VV1C9EYKEJ876EM", "level": "info", "timestamp": "2026-06-12T21:08:58.654314Z"}
{"node": "verify", "claim_count": 1, "event": "start", "query_preview": "According to the developer guidelines, what must every custom exception inherit ", "correlation_id": "01KTYTMJSZ3VV1C9EYKEJ876EM", "level": "info", "timestamp": "2026-06-12T21:08:58.655226Z"}
{"prompt_tag": "verify_grounding@v2", "schema": "VerificationResult", "model": "cyankiwi/Qwen3.5-4B-AWQ-4bit", "max_tokens": 1024, "temperature": 0.1, "top_p": 0.8, "presence_penalty": 1.0, "seed": 42, "message_count": 1, "event": "model_call.start", "query_preview": "According to the developer guidelines, what must every custom exception inherit ", "correlation_id": "01KTYTMJSZ3VV1C9EYKEJ876EM", "level": "info", "timestamp": "2026-06-12T21:08:58.658640Z"}
Authentication error: Langfuse client initialized without public_key. Client will be disabled. Provide a public_key parameter or set LANGFUSE_PUBLIC_KEY environment variable. 
{"prompt_tag": "verify_grounding@v2", "schema": "VerificationResult", "tokens": 1892, "event": "model_call.done", "query_preview": "According to the developer guidelines, what must every custom exception inherit ", "correlation_id": "01KTYTMJSZ3VV1C9EYKEJ876EM", "level": "info", "timestamp": "2026-06-12T21:08:59.126501Z"}
{"node": "assess_relevance", "event": "start", "query_preview": "According to the developer guidelines, what must every custom exception inherit ", "correlation_id": "01KTYTMJSZ3VV1C9EYKEJ876EM", "level": "info", "timestamp": "2026-06-12T21:08:59.127722Z"}
{"prompt_tag": "assess_relevance@v3", "schema": "RelevanceAssessment", "model": "cyankiwi/Qwen3.5-4B-AWQ-4bit", "max_tokens": 1024, "temperature": 0.1, "top_p": 0.8, "presence_penalty": 1.0, "seed": 42, "message_count": 1, "event": "model_call.start", "query_preview": "According to the developer guidelines, what must every custom exception inherit ", "correlation_id": "01KTYTMJSZ3VV1C9EYKEJ876EM", "level": "info", "timestamp": "2026-06-12T21:08:59.129456Z"}
Authentication error: Langfuse client initialized without public_key. Client will be disabled. Provide a public_key parameter or set LANGFUSE_PUBLIC_KEY environment variable. 
{"prompt_tag": "assess_relevance@v3", "schema": "RelevanceAssessment", "tokens": 837, "event": "model_call.done", "query_preview": "According to the developer guidelines, what must every custom exception inherit ", "correlation_id": "01KTYTMJSZ3VV1C9EYKEJ876EM", "level": "info", "timestamp": "2026-06-12T21:08:59.467344Z"}
{"node": "assess_relevance", "responsive": true, "event": "relevance", "query_preview": "According to the developer guidelines, what must every custom exception inherit ", "correlation_id": "01KTYTMJSZ3VV1C9EYKEJ876EM", "level": "info", "timestamp": "2026-06-12T21:08:59.467396Z"}
{"node": "compose", "event": "start", "query_preview": "According to the developer guidelines, what must every custom exception inherit ", "correlation_id": "01KTYTMJSZ3VV1C9EYKEJ876EM", "level": "info", "timestamp": "2026-06-12T21:08:59.468460Z"}
Authentication error: Langfuse client initialized without public_key. Client will be disabled. Provide a public_key parameter or set LANGFUSE_PUBLIC_KEY environment variable. 
{"node": "retrieve", "query_len": 73, "event": "start", "query_preview": "What is the guidelines' rule about passing data across module boundaries?", "correlation_id": "01KTYTNAYCSRX26TNMKPS71ZHC", "level": "info", "timestamp": "2026-06-12T21:08:59.470038Z"}
{"query_len": 73, "k": 50, "event": "hybrid.start", "query_preview": "What is the guidelines' rule about passing data across module boundaries?", "correlation_id": "01KTYTNAYCSRX26TNMKPS71ZHC", "level": "info", "timestamp": "2026-06-12T21:08:59.470080Z"}
{"query_len": 73, "k": 50, "dense": 50, "bm25": 0, "fused": 50, "term": false, "event": "hybrid.done", "query_preview": "What is the guidelines' rule about passing data across module boundaries?", "correlation_id": "01KTYTNAYCSRX26TNMKPS71ZHC", "level": "info", "timestamp": "2026-06-12T21:08:59.556192Z"}
{"node": "retrieve", "candidate_count": 50, "event": "done", "query_preview": "What is the guidelines' rule about passing data across module boundaries?", "correlation_id": "01KTYTNAYCSRX26TNMKPS71ZHC", "level": "info", "timestamp": "2026-06-12T21:08:59.557143Z"}
{"node": "expand_graph", "reason": "disabled_or_empty", "event": "skip", "query_preview": "What is the guidelines' rule about passing data across module boundaries?", "correlation_id": "01KTYTNAYCSRX26TNMKPS71ZHC", "level": "info", "timestamp": "2026-06-12T21:08:59.558595Z"}
{"node": "rerank", "candidate_count": 50, "event": "start", "query_preview": "What is the guidelines' rule about passing data across module boundaries?", "correlation_id": "01KTYTNAYCSRX26TNMKPS71ZHC", "level": "info", "timestamp": "2026-06-12T21:08:59.559148Z"}
{"node": "rerank", "top_k": 5, "source": "mode", "event": "top_k_resolved", "query_preview": "What is the guidelines' rule about passing data across module boundaries?", "correlation_id": "01KTYTNAYCSRX26TNMKPS71ZHC", "level": "info", "timestamp": "2026-06-12T21:08:59.559206Z"}
{"candidates": 50, "top_k": 5, "backend": "cross_encoder", "event": "rerank.start", "query_preview": "What is the guidelines' rule about passing data across module boundaries?", "correlation_id": "01KTYTNAYCSRX26TNMKPS71ZHC", "level": "info", "timestamp": "2026-06-12T21:08:59.559234Z"}
{"candidates": 50, "top_k": 5, "backend": "cross_encoder", "returned": 5, "event": "rerank.done", "query_preview": "What is the guidelines' rule about passing data across module boundaries?", "correlation_id": "01KTYTNAYCSRX26TNMKPS71ZHC", "level": "info", "timestamp": "2026-06-12T21:09:17.186037Z"}
{"node": "rerank", "reranked_count": 5, "event": "done", "query_preview": "What is the guidelines' rule about passing data across module boundaries?", "correlation_id": "01KTYTNAYCSRX26TNMKPS71ZHC", "level": "info", "timestamp": "2026-06-12T21:09:17.186214Z"}
{"node": "query_tables", "reason": "empty_or_not_table_shaped", "event": "skip", "query_preview": "What is the guidelines' rule about passing data across module boundaries?", "correlation_id": "01KTYTNAYCSRX26TNMKPS71ZHC", "level": "info", "timestamp": "2026-06-12T21:09:17.188569Z"}
{"node": "assess", "reranked_count": 5, "event": "start", "query_preview": "What is the guidelines' rule about passing data across module boundaries?", "correlation_id": "01KTYTNAYCSRX26TNMKPS71ZHC", "level": "info", "timestamp": "2026-06-12T21:09:17.189782Z"}
{"prompt_tag": "assess_sufficiency@v4", "schema": "SufficiencyAssessment", "model": "cyankiwi/Qwen3.5-4B-AWQ-4bit", "max_tokens": 1024, "temperature": 0.1, "top_p": 0.8, "presence_penalty": 1.0, "seed": 42, "message_count": 1, "event": "model_call.start", "query_preview": "What is the guidelines' rule about passing data across module boundaries?", "correlation_id": "01KTYTNAYCSRX26TNMKPS71ZHC", "level": "info", "timestamp": "2026-06-12T21:09:17.192269Z"}
Authentication error: Langfuse client initialized without public_key. Client will be disabled. Provide a public_key parameter or set LANGFUSE_PUBLIC_KEY environment variable. 
{"prompt_tag": "assess_sufficiency@v4", "schema": "SufficiencyAssessment", "tokens": 1933, "event": "model_call.done", "query_preview": "What is the guidelines' rule about passing data across module boundaries?", "correlation_id": "01KTYTNAYCSRX26TNMKPS71ZHC", "level": "info", "timestamp": "2026-06-12T21:09:18.209403Z"}
{"node": "answer", "regenerate_attempt": 0, "event": "start", "query_preview": "What is the guidelines' rule about passing data across module boundaries?", "correlation_id": "01KTYTNAYCSRX26TNMKPS71ZHC", "level": "info", "timestamp": "2026-06-12T21:09:18.210706Z"}
{"prompt_tag": "answer@v5", "schema": "DraftAnswer", "model": "cyankiwi/Qwen3.5-4B-AWQ-4bit", "max_tokens": 1800, "temperature": 0.1, "top_p": 0.8, "presence_penalty": 1.0, "seed": 42, "message_count": 2, "event": "model_call.start", "query_preview": "What is the guidelines' rule about passing data across module boundaries?", "correlation_id": "01KTYTNAYCSRX26TNMKPS71ZHC", "level": "info", "timestamp": "2026-06-12T21:09:18.212646Z"}
Authentication error: Langfuse client initialized without public_key. Client will be disabled. Provide a public_key parameter or set LANGFUSE_PUBLIC_KEY environment variable. 
{"prompt_tag": "answer@v5", "schema": "DraftAnswer", "tokens": 3725, "event": "model_call.done", "query_preview": "What is the guidelines' rule about passing data across module boundaries?", "correlation_id": "01KTYTNAYCSRX26TNMKPS71ZHC", "level": "info", "timestamp": "2026-06-12T21:09:21.268904Z"}
{"node": "verify", "claim_count": 3, "event": "start", "query_preview": "What is the guidelines' rule about passing data across module boundaries?", "correlation_id": "01KTYTNAYCSRX26TNMKPS71ZHC", "level": "info", "timestamp": "2026-06-12T21:09:21.269741Z"}
{"prompt_tag": "verify_grounding@v2", "schema": "VerificationResult", "model": "cyankiwi/Qwen3.5-4B-AWQ-4bit", "max_tokens": 1024, "temperature": 0.1, "top_p": 0.8, "presence_penalty": 1.0, "seed": 42, "message_count": 1, "event": "model_call.start", "query_preview": "What is the guidelines' rule about passing data across module boundaries?", "correlation_id": "01KTYTNAYCSRX26TNMKPS71ZHC", "level": "info", "timestamp": "2026-06-12T21:09:21.272946Z"}
Authentication error: Langfuse client initialized without public_key. Client will be disabled. Provide a public_key parameter or set LANGFUSE_PUBLIC_KEY environment variable. 
{"prompt_tag": "verify_grounding@v2", "schema": "VerificationResult", "tokens": 1928, "event": "model_call.done", "query_preview": "What is the guidelines' rule about passing data across module boundaries?", "correlation_id": "01KTYTNAYCSRX26TNMKPS71ZHC", "level": "info", "timestamp": "2026-06-12T21:09:21.799295Z"}
{"node": "assess_relevance", "event": "start", "query_preview": "What is the guidelines' rule about passing data across module boundaries?", "correlation_id": "01KTYTNAYCSRX26TNMKPS71ZHC", "level": "info", "timestamp": "2026-06-12T21:09:21.800675Z"}
{"prompt_tag": "assess_relevance@v3", "schema": "RelevanceAssessment", "model": "cyankiwi/Qwen3.5-4B-AWQ-4bit", "max_tokens": 1024, "temperature": 0.1, "top_p": 0.8, "presence_penalty": 1.0, "seed": 42, "message_count": 1, "event": "model_call.start", "query_preview": "What is the guidelines' rule about passing data across module boundaries?", "correlation_id": "01KTYTNAYCSRX26TNMKPS71ZHC", "level": "info", "timestamp": "2026-06-12T21:09:21.801806Z"}
Authentication error: Langfuse client initialized without public_key. Client will be disabled. Provide a public_key parameter or set LANGFUSE_PUBLIC_KEY environment variable. 
{"prompt_tag": "assess_relevance@v3", "schema": "RelevanceAssessment", "tokens": 946, "event": "model_call.done", "query_preview": "What is the guidelines' rule about passing data across module boundaries?", "correlation_id": "01KTYTNAYCSRX26TNMKPS71ZHC", "level": "info", "timestamp": "2026-06-12T21:09:22.233156Z"}
{"node": "assess_relevance", "responsive": true, "event": "relevance", "query_preview": "What is the guidelines' rule about passing data across module boundaries?", "correlation_id": "01KTYTNAYCSRX26TNMKPS71ZHC", "level": "info", "timestamp": "2026-06-12T21:09:22.234974Z"}
{"node": "compose", "event": "start", "query_preview": "What is the guidelines' rule about passing data across module boundaries?", "correlation_id": "01KTYTNAYCSRX26TNMKPS71ZHC", "level": "info", "timestamp": "2026-06-12T21:09:22.236216Z"}
Authentication error: Langfuse client initialized without public_key. Client will be disabled. Provide a public_key parameter or set LANGFUSE_PUBLIC_KEY environment variable. 
{"node": "retrieve", "query_len": 66, "event": "start", "query_preview": "What pyright policy do the guidelines mandate for src/memex in CI?", "correlation_id": "01KTYTP15WH9YJ110X8TSRFNQM", "level": "info", "timestamp": "2026-06-12T21:09:22.238008Z"}
{"query_len": 66, "k": 50, "event": "hybrid.start", "query_preview": "What pyright policy do the guidelines mandate for src/memex in CI?", "correlation_id": "01KTYTP15WH9YJ110X8TSRFNQM", "level": "info", "timestamp": "2026-06-12T21:09:22.238046Z"}
{"query_len": 66, "k": 50, "dense": 50, "bm25": 0, "fused": 50, "term": false, "event": "hybrid.done", "query_preview": "What pyright policy do the guidelines mandate for src/memex in CI?", "correlation_id": "01KTYTP15WH9YJ110X8TSRFNQM", "level": "info", "timestamp": "2026-06-12T21:09:22.313736Z"}
{"node": "retrieve", "candidate_count": 50, "event": "done", "query_preview": "What pyright policy do the guidelines mandate for src/memex in CI?", "correlation_id": "01KTYTP15WH9YJ110X8TSRFNQM", "level": "info", "timestamp": "2026-06-12T21:09:22.314575Z"}
{"node": "expand_graph", "reason": "disabled_or_empty", "event": "skip", "query_preview": "What pyright policy do the guidelines mandate for src/memex in CI?", "correlation_id": "01KTYTP15WH9YJ110X8TSRFNQM", "level": "info", "timestamp": "2026-06-12T21:09:22.315850Z"}
{"node": "rerank", "candidate_count": 50, "event": "start", "query_preview": "What pyright policy do the guidelines mandate for src/memex in CI?", "correlation_id": "01KTYTP15WH9YJ110X8TSRFNQM", "level": "info", "timestamp": "2026-06-12T21:09:22.316342Z"}
{"node": "rerank", "top_k": 5, "source": "mode", "event": "top_k_resolved", "query_preview": "What pyright policy do the guidelines mandate for src/memex in CI?", "correlation_id": "01KTYTP15WH9YJ110X8TSRFNQM", "level": "info", "timestamp": "2026-06-12T21:09:22.316388Z"}
{"candidates": 50, "top_k": 5, "backend": "cross_encoder", "event": "rerank.start", "query_preview": "What pyright policy do the guidelines mandate for src/memex in CI?", "correlation_id": "01KTYTP15WH9YJ110X8TSRFNQM", "level": "info", "timestamp": "2026-06-12T21:09:22.316410Z"}
{"candidates": 50, "top_k": 5, "backend": "cross_encoder", "returned": 5, "event": "rerank.done", "query_preview": "What pyright policy do the guidelines mandate for src/memex in CI?", "correlation_id": "01KTYTP15WH9YJ110X8TSRFNQM", "level": "info", "timestamp": "2026-06-12T21:09:46.745745Z"}
{"node": "rerank", "reranked_count": 5, "event": "done", "query_preview": "What pyright policy do the guidelines mandate for src/memex in CI?", "correlation_id": "01KTYTP15WH9YJ110X8TSRFNQM", "level": "info", "timestamp": "2026-06-12T21:09:46.745838Z"}
{"node": "query_tables", "reason": "empty_or_not_table_shaped", "event": "skip", "query_preview": "What pyright policy do the guidelines mandate for src/memex in CI?", "correlation_id": "01KTYTP15WH9YJ110X8TSRFNQM", "level": "info", "timestamp": "2026-06-12T21:09:46.747612Z"}
{"node": "assess", "reranked_count": 5, "event": "start", "query_preview": "What pyright policy do the guidelines mandate for src/memex in CI?", "correlation_id": "01KTYTP15WH9YJ110X8TSRFNQM", "level": "info", "timestamp": "2026-06-12T21:09:46.748324Z"}
{"prompt_tag": "assess_sufficiency@v4", "schema": "SufficiencyAssessment", "model": "cyankiwi/Qwen3.5-4B-AWQ-4bit", "max_tokens": 1024, "temperature": 0.1, "top_p": 0.8, "presence_penalty": 1.0, "seed": 42, "message_count": 1, "event": "model_call.start", "query_preview": "What pyright policy do the guidelines mandate for src/memex in CI?", "correlation_id": "01KTYTP15WH9YJ110X8TSRFNQM", "level": "info", "timestamp": "2026-06-12T21:09:46.750606Z"}
Authentication error: Langfuse client initialized without public_key. Client will be disabled. Provide a public_key parameter or set LANGFUSE_PUBLIC_KEY environment variable. 
{"prompt_tag": "assess_sufficiency@v4", "schema": "SufficiencyAssessment", "tokens": 2222, "event": "model_call.done", "query_preview": "What pyright policy do the guidelines mandate for src/memex in CI?", "correlation_id": "01KTYTP15WH9YJ110X8TSRFNQM", "level": "info", "timestamp": "2026-06-12T21:09:47.552294Z"}
{"node": "answer", "regenerate_attempt": 0, "event": "start", "query_preview": "What pyright policy do the guidelines mandate for src/memex in CI?", "correlation_id": "01KTYTP15WH9YJ110X8TSRFNQM", "level": "info", "timestamp": "2026-06-12T21:09:47.553450Z"}
{"prompt_tag": "answer@v5", "schema": "DraftAnswer", "model": "cyankiwi/Qwen3.5-4B-AWQ-4bit", "max_tokens": 1800, "temperature": 0.1, "top_p": 0.8, "presence_penalty": 1.0, "seed": 42, "message_count": 2, "event": "model_call.start", "query_preview": "What pyright policy do the guidelines mandate for src/memex in CI?", "correlation_id": "01KTYTP15WH9YJ110X8TSRFNQM", "level": "info", "timestamp": "2026-06-12T21:09:47.555436Z"}
Authentication error: Langfuse client initialized without public_key. Client will be disabled. Provide a public_key parameter or set LANGFUSE_PUBLIC_KEY environment variable. 
{"prompt_tag": "answer@v5", "schema": "DraftAnswer", "tokens": 3853, "event": "model_call.done", "query_preview": "What pyright policy do the guidelines mandate for src/memex in CI?", "correlation_id": "01KTYTP15WH9YJ110X8TSRFNQM", "level": "info", "timestamp": "2026-06-12T21:09:48.960824Z"}
{"node": "verify", "claim_count": 1, "event": "start", "query_preview": "What pyright policy do the guidelines mandate for src/memex in CI?", "correlation_id": "01KTYTP15WH9YJ110X8TSRFNQM", "level": "info", "timestamp": "2026-06-12T21:09:48.963331Z"}
{"prompt_tag": "verify_grounding@v2", "schema": "VerificationResult", "model": "cyankiwi/Qwen3.5-4B-AWQ-4bit", "max_tokens": 1024, "temperature": 0.1, "top_p": 0.8, "presence_penalty": 1.0, "seed": 42, "message_count": 1, "event": "model_call.start", "query_preview": "What pyright policy do the guidelines mandate for src/memex in CI?", "correlation_id": "01KTYTP15WH9YJ110X8TSRFNQM", "level": "info", "timestamp": "2026-06-12T21:09:48.966451Z"}
Authentication error: Langfuse client initialized without public_key. Client will be disabled. Provide a public_key parameter or set LANGFUSE_PUBLIC_KEY environment variable. 
{"prompt_tag": "verify_grounding@v2", "schema": "VerificationResult", "tokens": 2129, "event": "model_call.done", "query_preview": "What pyright policy do the guidelines mandate for src/memex in CI?", "correlation_id": "01KTYTP15WH9YJ110X8TSRFNQM", "level": "info", "timestamp": "2026-06-12T21:09:49.470765Z"}
{"node": "assess_relevance", "event": "start", "query_preview": "What pyright policy do the guidelines mandate for src/memex in CI?", "correlation_id": "01KTYTP15WH9YJ110X8TSRFNQM", "level": "info", "timestamp": "2026-06-12T21:09:49.472414Z"}
{"prompt_tag": "assess_relevance@v3", "schema": "RelevanceAssessment", "model": "cyankiwi/Qwen3.5-4B-AWQ-4bit", "max_tokens": 1024, "temperature": 0.1, "top_p": 0.8, "presence_penalty": 1.0, "seed": 42, "message_count": 1, "event": "model_call.start", "query_preview": "What pyright policy do the guidelines mandate for src/memex in CI?", "correlation_id": "01KTYTP15WH9YJ110X8TSRFNQM", "level": "info", "timestamp": "2026-06-12T21:09:49.473386Z"}
Authentication error: Langfuse client initialized without public_key. Client will be disabled. Provide a public_key parameter or set LANGFUSE_PUBLIC_KEY environment variable. 
{"prompt_tag": "assess_relevance@v3", "schema": "RelevanceAssessment", "tokens": 850, "event": "model_call.done", "query_preview": "What pyright policy do the guidelines mandate for src/memex in CI?", "correlation_id": "01KTYTP15WH9YJ110X8TSRFNQM", "level": "info", "timestamp": "2026-06-12T21:09:49.856919Z"}
{"node": "assess_relevance", "responsive": true, "event": "relevance", "query_preview": "What pyright policy do the guidelines mandate for src/memex in CI?", "correlation_id": "01KTYTP15WH9YJ110X8TSRFNQM", "level": "info", "timestamp": "2026-06-12T21:09:49.856971Z"}
{"node": "compose", "event": "start", "query_preview": "What pyright policy do the guidelines mandate for src/memex in CI?", "correlation_id": "01KTYTP15WH9YJ110X8TSRFNQM", "level": "info", "timestamp": "2026-06-12T21:09:49.858072Z"}
Authentication error: Langfuse client initialized without public_key. Client will be disabled. Provide a public_key parameter or set LANGFUSE_PUBLIC_KEY environment variable. 
{"node": "retrieve", "query_len": 58, "event": "start", "query_preview": "What is the guidelines' rule about async versus sync code?", "correlation_id": "01KTYTPW529EBGH6RCCXTA1H79", "level": "info", "timestamp": "2026-06-12T21:09:49.859980Z"}
{"query_len": 58, "k": 50, "event": "hybrid.start", "query_preview": "What is the guidelines' rule about async versus sync code?", "correlation_id": "01KTYTPW529EBGH6RCCXTA1H79", "level": "info", "timestamp": "2026-06-12T21:09:49.860036Z"}
{"query_len": 58, "k": 50, "dense": 50, "bm25": 0, "fused": 50, "term": false, "event": "hybrid.done", "query_preview": "What is the guidelines' rule about async versus sync code?", "correlation_id": "01KTYTPW529EBGH6RCCXTA1H79", "level": "info", "timestamp": "2026-06-12T21:09:49.935604Z"}
{"node": "retrieve", "candidate_count": 50, "event": "done", "query_preview": "What is the guidelines' rule about async versus sync code?", "correlation_id": "01KTYTPW529EBGH6RCCXTA1H79", "level": "info", "timestamp": "2026-06-12T21:09:49.936559Z"}
{"node": "expand_graph", "reason": "disabled_or_empty", "event": "skip", "query_preview": "What is the guidelines' rule about async versus sync code?", "correlation_id": "01KTYTPW529EBGH6RCCXTA1H79", "level": "info", "timestamp": "2026-06-12T21:09:49.937891Z"}
{"node": "rerank", "candidate_count": 50, "event": "start", "query_preview": "What is the guidelines' rule about async versus sync code?", "correlation_id": "01KTYTPW529EBGH6RCCXTA1H79", "level": "info", "timestamp": "2026-06-12T21:09:49.938378Z"}
{"node": "rerank", "top_k": 5, "source": "mode", "event": "top_k_resolved", "query_preview": "What is the guidelines' rule about async versus sync code?", "correlation_id": "01KTYTPW529EBGH6RCCXTA1H79", "level": "info", "timestamp": "2026-06-12T21:09:49.938425Z"}
{"candidates": 50, "top_k": 5, "backend": "cross_encoder", "event": "rerank.start", "query_preview": "What is the guidelines' rule about async versus sync code?", "correlation_id": "01KTYTPW529EBGH6RCCXTA1H79", "level": "info", "timestamp": "2026-06-12T21:09:49.938447Z"}
{"candidates": 50, "top_k": 5, "backend": "cross_encoder", "returned": 5, "event": "rerank.done", "query_preview": "What is the guidelines' rule about async versus sync code?", "correlation_id": "01KTYTPW529EBGH6RCCXTA1H79", "level": "info", "timestamp": "2026-06-12T21:10:17.465310Z"}
{"node": "rerank", "reranked_count": 5, "event": "done", "query_preview": "What is the guidelines' rule about async versus sync code?", "correlation_id": "01KTYTPW529EBGH6RCCXTA1H79", "level": "info", "timestamp": "2026-06-12T21:10:17.465407Z"}
{"node": "query_tables", "reason": "empty_or_not_table_shaped", "event": "skip", "query_preview": "What is the guidelines' rule about async versus sync code?", "correlation_id": "01KTYTPW529EBGH6RCCXTA1H79", "level": "info", "timestamp": "2026-06-12T21:10:17.467277Z"}
{"node": "assess", "reranked_count": 5, "event": "start", "query_preview": "What is the guidelines' rule about async versus sync code?", "correlation_id": "01KTYTPW529EBGH6RCCXTA1H79", "level": "info", "timestamp": "2026-06-12T21:10:17.468027Z"}
{"prompt_tag": "assess_sufficiency@v4", "schema": "SufficiencyAssessment", "model": "cyankiwi/Qwen3.5-4B-AWQ-4bit", "max_tokens": 1024, "temperature": 0.1, "top_p": 0.8, "presence_penalty": 1.0, "seed": 42, "message_count": 1, "event": "model_call.start", "query_preview": "What is the guidelines' rule about async versus sync code?", "correlation_id": "01KTYTPW529EBGH6RCCXTA1H79", "level": "info", "timestamp": "2026-06-12T21:10:17.470310Z"}
Authentication error: Langfuse client initialized without public_key. Client will be disabled. Provide a public_key parameter or set LANGFUSE_PUBLIC_KEY environment variable. 
{"prompt_tag": "assess_sufficiency@v4", "schema": "SufficiencyAssessment", "tokens": 2678, "event": "model_call.done", "query_preview": "What is the guidelines' rule about async versus sync code?", "correlation_id": "01KTYTPW529EBGH6RCCXTA1H79", "level": "info", "timestamp": "2026-06-12T21:10:18.655139Z"}
{"node": "answer", "regenerate_attempt": 0, "event": "start", "query_preview": "What is the guidelines' rule about async versus sync code?", "correlation_id": "01KTYTPW529EBGH6RCCXTA1H79", "level": "info", "timestamp": "2026-06-12T21:10:18.656361Z"}
{"prompt_tag": "answer@v5", "schema": "DraftAnswer", "model": "cyankiwi/Qwen3.5-4B-AWQ-4bit", "max_tokens": 1800, "temperature": 0.1, "top_p": 0.8, "presence_penalty": 1.0, "seed": 42, "message_count": 2, "event": "model_call.start", "query_preview": "What is the guidelines' rule about async versus sync code?", "correlation_id": "01KTYTPW529EBGH6RCCXTA1H79", "level": "info", "timestamp": "2026-06-12T21:10:18.658365Z"}
Authentication error: Langfuse client initialized without public_key. Client will be disabled. Provide a public_key parameter or set LANGFUSE_PUBLIC_KEY environment variable. 
{"prompt_tag": "answer@v5", "schema": "DraftAnswer", "tokens": 4318, "event": "model_call.done", "query_preview": "What is the guidelines' rule about async versus sync code?", "correlation_id": "01KTYTPW529EBGH6RCCXTA1H79", "level": "info", "timestamp": "2026-06-12T21:10:20.540909Z"}
{"node": "verify", "claim_count": 1, "event": "start", "query_preview": "What is the guidelines' rule about async versus sync code?", "correlation_id": "01KTYTPW529EBGH6RCCXTA1H79", "level": "info", "timestamp": "2026-06-12T21:10:20.541899Z"}
{"prompt_tag": "verify_grounding@v2", "schema": "VerificationResult", "model": "cyankiwi/Qwen3.5-4B-AWQ-4bit", "max_tokens": 1024, "temperature": 0.1, "top_p": 0.8, "presence_penalty": 1.0, "seed": 42, "message_count": 1, "event": "model_call.start", "query_preview": "What is the guidelines' rule about async versus sync code?", "correlation_id": "01KTYTPW529EBGH6RCCXTA1H79", "level": "info", "timestamp": "2026-06-12T21:10:20.544918Z"}
Authentication error: Langfuse client initialized without public_key. Client will be disabled. Provide a public_key parameter or set LANGFUSE_PUBLIC_KEY environment variable. 
{"prompt_tag": "verify_grounding@v2", "schema": "VerificationResult", "tokens": 2572, "event": "model_call.done", "query_preview": "What is the guidelines' rule about async versus sync code?", "correlation_id": "01KTYTPW529EBGH6RCCXTA1H79", "level": "info", "timestamp": "2026-06-12T21:10:21.121851Z"}
{"node": "assess_relevance", "event": "start", "query_preview": "What is the guidelines' rule about async versus sync code?", "correlation_id": "01KTYTPW529EBGH6RCCXTA1H79", "level": "info", "timestamp": "2026-06-12T21:10:21.123105Z"}
{"prompt_tag": "assess_relevance@v3", "schema": "RelevanceAssessment", "model": "cyankiwi/Qwen3.5-4B-AWQ-4bit", "max_tokens": 1024, "temperature": 0.1, "top_p": 0.8, "presence_penalty": 1.0, "seed": 42, "message_count": 1, "event": "model_call.start", "query_preview": "What is the guidelines' rule about async versus sync code?", "correlation_id": "01KTYTPW529EBGH6RCCXTA1H79", "level": "info", "timestamp": "2026-06-12T21:10:21.124070Z"}
Authentication error: Langfuse client initialized without public_key. Client will be disabled. Provide a public_key parameter or set LANGFUSE_PUBLIC_KEY environment variable. 
{"prompt_tag": "assess_relevance@v3", "schema": "RelevanceAssessment", "tokens": 895, "event": "model_call.done", "query_preview": "What is the guidelines' rule about async versus sync code?", "correlation_id": "01KTYTPW529EBGH6RCCXTA1H79", "level": "info", "timestamp": "2026-06-12T21:10:21.540166Z"}
{"node": "assess_relevance", "responsive": true, "event": "relevance", "query_preview": "What is the guidelines' rule about async versus sync code?", "correlation_id": "01KTYTPW529EBGH6RCCXTA1H79", "level": "info", "timestamp": "2026-06-12T21:10:21.542056Z"}
{"node": "compose", "event": "start", "query_preview": "What is the guidelines' rule about async versus sync code?", "correlation_id": "01KTYTPW529EBGH6RCCXTA1H79", "level": "info", "timestamp": "2026-06-12T21:10:21.543457Z"}
Authentication error: Langfuse client initialized without public_key. Client will be disabled. Provide a public_key parameter or set LANGFUSE_PUBLIC_KEY environment variable. 
{"node": "retrieve", "query_len": 86, "event": "start", "query_preview": "How many stages does a document flow through in the Memex pipeline, and what are", "correlation_id": "01KTYTQV389ZPFR4J3RF18M5VB", "level": "info", "timestamp": "2026-06-12T21:10:21.545258Z"}
{"query_len": 86, "k": 50, "event": "hybrid.start", "query_preview": "How many stages does a document flow through in the Memex pipeline, and what are", "correlation_id": "01KTYTQV389ZPFR4J3RF18M5VB", "level": "info", "timestamp": "2026-06-12T21:10:21.545302Z"}
{"query_len": 86, "k": 50, "dense": 50, "bm25": 0, "fused": 50, "term": false, "event": "hybrid.done", "query_preview": "How many stages does a document flow through in the Memex pipeline, and what are", "correlation_id": "01KTYTQV389ZPFR4J3RF18M5VB", "level": "info", "timestamp": "2026-06-12T21:10:21.615083Z"}
{"node": "retrieve", "candidate_count": 50, "event": "done", "query_preview": "How many stages does a document flow through in the Memex pipeline, and what are", "correlation_id": "01KTYTQV389ZPFR4J3RF18M5VB", "level": "info", "timestamp": "2026-06-12T21:10:21.615948Z"}
{"node": "expand_graph", "reason": "disabled_or_empty", "event": "skip", "query_preview": "How many stages does a document flow through in the Memex pipeline, and what are", "correlation_id": "01KTYTQV389ZPFR4J3RF18M5VB", "level": "info", "timestamp": "2026-06-12T21:10:21.617269Z"}
{"node": "rerank", "candidate_count": 50, "event": "start", "query_preview": "How many stages does a document flow through in the Memex pipeline, and what are", "correlation_id": "01KTYTQV389ZPFR4J3RF18M5VB", "level": "info", "timestamp": "2026-06-12T21:10:21.617832Z"}
{"node": "rerank", "top_k": 5, "source": "mode", "event": "top_k_resolved", "query_preview": "How many stages does a document flow through in the Memex pipeline, and what are", "correlation_id": "01KTYTQV389ZPFR4J3RF18M5VB", "level": "info", "timestamp": "2026-06-12T21:10:21.617879Z"}
{"candidates": 50, "top_k": 5, "backend": "cross_encoder", "event": "rerank.start", "query_preview": "How many stages does a document flow through in the Memex pipeline, and what are", "correlation_id": "01KTYTQV389ZPFR4J3RF18M5VB", "level": "info", "timestamp": "2026-06-12T21:10:21.617902Z"}
{"candidates": 50, "top_k": 5, "backend": "cross_encoder", "returned": 5, "event": "rerank.done", "query_preview": "How many stages does a document flow through in the Memex pipeline, and what are", "correlation_id": "01KTYTQV389ZPFR4J3RF18M5VB", "level": "info", "timestamp": "2026-06-12T21:10:44.199000Z"}
{"node": "rerank", "reranked_count": 5, "event": "done", "query_preview": "How many stages does a document flow through in the Memex pipeline, and what are", "correlation_id": "01KTYTQV389ZPFR4J3RF18M5VB", "level": "info", "timestamp": "2026-06-12T21:10:44.199083Z"}
{"prompt_tag": "generate_table_sql@v1", "schema": "GeneratedSQL", "model": "cyankiwi/Qwen3.5-4B-AWQ-4bit", "max_tokens": 1024, "temperature": 0.1, "top_p": 0.8, "presence_penalty": 1.0, "seed": 42, "message_count": 1, "event": "model_call.start", "query_preview": "How many stages does a document flow through in the Memex pipeline, and what are", "correlation_id": "01KTYTQV389ZPFR4J3RF18M5VB", "level": "info", "timestamp": "2026-06-12T21:10:44.204225Z"}
Authentication error: Langfuse client initialized without public_key. Client will be disabled. Provide a public_key parameter or set LANGFUSE_PUBLIC_KEY environment variable. 
{"prompt_tag": "generate_table_sql@v1", "schema": "GeneratedSQL", "tokens": 1026, "event": "model_call.done", "query_preview": "How many stages does a document flow through in the Memex pipeline, and what are", "correlation_id": "01KTYTQV389ZPFR4J3RF18M5VB", "level": "info", "timestamp": "2026-06-12T21:10:44.833267Z"}
{"node": "query_doc_tables", "sql": "SELECT * FROM c_4cb526adad ORDER BY operation LIMIT 1", "target": "c_4cb526adad", "event": "table_sql.generated", "query_preview": "How many stages does a document flow through in the Memex pipeline, and what are", "correlation_id": "01KTYTQV389ZPFR4J3RF18M5VB", "level": "info", "timestamp": "2026-06-12T21:10:44.833335Z"}
{"node": "query_doc_tables", "kind": "rows", "target": "4cb526adad", "event": "table_sql.result", "query_preview": "How many stages does a document flow through in the Memex pipeline, and what are", "correlation_id": "01KTYTQV389ZPFR4J3RF18M5VB", "level": "info", "timestamp": "2026-06-12T21:10:44.834294Z"}
{"node": "query_tables", "kind": "rows", "chunk_id": "f59860eb-guidelines#sql0001", "event": "injected", "query_preview": "How many stages does a document flow through in the Memex pipeline, and what are", "correlation_id": "01KTYTQV389ZPFR4J3RF18M5VB", "level": "info", "timestamp": "2026-06-12T21:10:44.834582Z"}
{"node": "assess", "reranked_count": 6, "event": "start", "query_preview": "How many stages does a document flow through in the Memex pipeline, and what are", "correlation_id": "01KTYTQV389ZPFR4J3RF18M5VB", "level": "info", "timestamp": "2026-06-12T21:10:44.835469Z"}
{"prompt_tag": "assess_sufficiency@v4", "schema": "SufficiencyAssessment", "model": "cyankiwi/Qwen3.5-4B-AWQ-4bit", "max_tokens": 1024, "temperature": 0.1, "top_p": 0.8, "presence_penalty": 1.0, "seed": 42, "message_count": 1, "event": "model_call.start", "query_preview": "How many stages does a document flow through in the Memex pipeline, and what are", "correlation_id": "01KTYTQV389ZPFR4J3RF18M5VB", "level": "info", "timestamp": "2026-06-12T21:10:44.837053Z"}
Authentication error: Langfuse client initialized without public_key. Client will be disabled. Provide a public_key parameter or set LANGFUSE_PUBLIC_KEY environment variable. 
{"prompt_tag": "assess_sufficiency@v4", "schema": "SufficiencyAssessment", "tokens": 2252, "event": "model_call.done", "query_preview": "How many stages does a document flow through in the Memex pipeline, and what are", "correlation_id": "01KTYTQV389ZPFR4J3RF18M5VB", "level": "info", "timestamp": "2026-06-12T21:10:45.618633Z"}
{"node": "answer", "regenerate_attempt": 0, "event": "start", "query_preview": "How many stages does a document flow through in the Memex pipeline, and what are", "correlation_id": "01KTYTQV389ZPFR4J3RF18M5VB", "level": "info", "timestamp": "2026-06-12T21:10:45.620380Z"}
{"prompt_tag": "answer@v5", "schema": "DraftAnswer", "model": "cyankiwi/Qwen3.5-4B-AWQ-4bit", "max_tokens": 1800, "temperature": 0.1, "top_p": 0.8, "presence_penalty": 1.0, "seed": 42, "message_count": 2, "event": "model_call.start", "query_preview": "How many stages does a document flow through in the Memex pipeline, and what are", "correlation_id": "01KTYTQV389ZPFR4J3RF18M5VB", "level": "info", "timestamp": "2026-06-12T21:10:45.622316Z"}
Authentication error: Langfuse client initialized without public_key. Client will be disabled. Provide a public_key parameter or set LANGFUSE_PUBLIC_KEY environment variable. 
{"prompt_tag": "answer@v5", "schema": "DraftAnswer", "tokens": 3873, "event": "model_call.done", "query_preview": "How many stages does a document flow through in the Memex pipeline, and what are", "correlation_id": "01KTYTQV389ZPFR4J3RF18M5VB", "level": "info", "timestamp": "2026-06-12T21:10:46.960400Z"}
{"node": "verify", "claim_count": 1, "event": "start", "query_preview": "How many stages does a document flow through in the Memex pipeline, and what are", "correlation_id": "01KTYTQV389ZPFR4J3RF18M5VB", "level": "info", "timestamp": "2026-06-12T21:10:46.961347Z"}
{"prompt_tag": "verify_grounding@v2", "schema": "VerificationResult", "model": "cyankiwi/Qwen3.5-4B-AWQ-4bit", "max_tokens": 1024, "temperature": 0.1, "top_p": 0.8, "presence_penalty": 1.0, "seed": 42, "message_count": 1, "event": "model_call.start", "query_preview": "How many stages does a document flow through in the Memex pipeline, and what are", "correlation_id": "01KTYTQV389ZPFR4J3RF18M5VB", "level": "info", "timestamp": "2026-06-12T21:10:46.964330Z"}
Authentication error: Langfuse client initialized without public_key. Client will be disabled. Provide a public_key parameter or set LANGFUSE_PUBLIC_KEY environment variable. 
{"prompt_tag": "verify_grounding@v2", "schema": "VerificationResult", "tokens": 2152, "event": "model_call.done", "query_preview": "How many stages does a document flow through in the Memex pipeline, and what are", "correlation_id": "01KTYTQV389ZPFR4J3RF18M5VB", "level": "info", "timestamp": "2026-06-12T21:10:47.480205Z"}
{"node": "assess_relevance", "event": "start", "query_preview": "How many stages does a document flow through in the Memex pipeline, and what are", "correlation_id": "01KTYTQV389ZPFR4J3RF18M5VB", "level": "info", "timestamp": "2026-06-12T21:10:47.481529Z"}
{"prompt_tag": "assess_relevance@v3", "schema": "RelevanceAssessment", "model": "cyankiwi/Qwen3.5-4B-AWQ-4bit", "max_tokens": 1024, "temperature": 0.1, "top_p": 0.8, "presence_penalty": 1.0, "seed": 42, "message_count": 1, "event": "model_call.start", "query_preview": "How many stages does a document flow through in the Memex pipeline, and what are", "correlation_id": "01KTYTQV389ZPFR4J3RF18M5VB", "level": "info", "timestamp": "2026-06-12T21:10:47.482513Z"}
Authentication error: Langfuse client initialized without public_key. Client will be disabled. Provide a public_key parameter or set LANGFUSE_PUBLIC_KEY environment variable. 
{"prompt_tag": "assess_relevance@v3", "schema": "RelevanceAssessment", "tokens": 842, "event": "model_call.done", "query_preview": "How many stages does a document flow through in the Memex pipeline, and what are", "correlation_id": "01KTYTQV389ZPFR4J3RF18M5VB", "level": "info", "timestamp": "2026-06-12T21:10:47.856103Z"}
{"node": "assess_relevance", "responsive": true, "event": "relevance", "query_preview": "How many stages does a document flow through in the Memex pipeline, and what are", "correlation_id": "01KTYTQV389ZPFR4J3RF18M5VB", "level": "info", "timestamp": "2026-06-12T21:10:47.856168Z"}
{"node": "compose", "event": "start", "query_preview": "How many stages does a document flow through in the Memex pipeline, and what are", "correlation_id": "01KTYTQV389ZPFR4J3RF18M5VB", "level": "info", "timestamp": "2026-06-12T21:10:47.857549Z"}
Authentication error: Langfuse client initialized without public_key. Client will be disabled. Provide a public_key parameter or set LANGFUSE_PUBLIC_KEY environment variable. 
{"node": "retrieve", "query_len": 72, "event": "start", "query_preview": "What type of identifier is the correlation_id, and when is it generated?", "correlation_id": "01KTYTRMSJ9H125YQKH7Y49454", "level": "info", "timestamp": "2026-06-12T21:10:47.859127Z"}
{"query_len": 72, "k": 50, "event": "hybrid.start", "query_preview": "What type of identifier is the correlation_id, and when is it generated?", "correlation_id": "01KTYTRMSJ9H125YQKH7Y49454", "level": "info", "timestamp": "2026-06-12T21:10:47.859161Z"}
{"query_len": 72, "k": 50, "dense": 50, "bm25": 50, "fused": 50, "term": true, "event": "hybrid.done", "query_preview": "What type of identifier is the correlation_id, and when is it generated?", "correlation_id": "01KTYTRMSJ9H125YQKH7Y49454", "level": "info", "timestamp": "2026-06-12T21:10:47.937146Z"}
{"node": "retrieve", "candidate_count": 50, "event": "done", "query_preview": "What type of identifier is the correlation_id, and when is it generated?", "correlation_id": "01KTYTRMSJ9H125YQKH7Y49454", "level": "info", "timestamp": "2026-06-12T21:10:47.938036Z"}
{"node": "expand_graph", "reason": "disabled_or_empty", "event": "skip", "query_preview": "What type of identifier is the correlation_id, and when is it generated?", "correlation_id": "01KTYTRMSJ9H125YQKH7Y49454", "level": "info", "timestamp": "2026-06-12T21:10:47.939395Z"}
{"node": "rerank", "candidate_count": 50, "event": "start", "query_preview": "What type of identifier is the correlation_id, and when is it generated?", "correlation_id": "01KTYTRMSJ9H125YQKH7Y49454", "level": "info", "timestamp": "2026-06-12T21:10:47.939887Z"}
{"node": "rerank", "top_k": 5, "source": "mode", "event": "top_k_resolved", "query_preview": "What type of identifier is the correlation_id, and when is it generated?", "correlation_id": "01KTYTRMSJ9H125YQKH7Y49454", "level": "info", "timestamp": "2026-06-12T21:10:47.939933Z"}
{"candidates": 50, "top_k": 5, "backend": "cross_encoder", "event": "rerank.start", "query_preview": "What type of identifier is the correlation_id, and when is it generated?", "correlation_id": "01KTYTRMSJ9H125YQKH7Y49454", "level": "info", "timestamp": "2026-06-12T21:10:47.939955Z"}
{"candidates": 50, "top_k": 5, "backend": "cross_encoder", "returned": 5, "event": "rerank.done", "query_preview": "What type of identifier is the correlation_id, and when is it generated?", "correlation_id": "01KTYTRMSJ9H125YQKH7Y49454", "level": "info", "timestamp": "2026-06-12T21:11:04.722336Z"}
{"node": "rerank", "reranked_count": 5, "event": "done", "query_preview": "What type of identifier is the correlation_id, and when is it generated?", "correlation_id": "01KTYTRMSJ9H125YQKH7Y49454", "level": "info", "timestamp": "2026-06-12T21:11:04.722414Z"}
{"node": "query_tables", "reason": "empty_or_not_table_shaped", "event": "skip", "query_preview": "What type of identifier is the correlation_id, and when is it generated?", "correlation_id": "01KTYTRMSJ9H125YQKH7Y49454", "level": "info", "timestamp": "2026-06-12T21:11:04.723914Z"}
{"node": "assess", "reranked_count": 5, "event": "start", "query_preview": "What type of identifier is the correlation_id, and when is it generated?", "correlation_id": "01KTYTRMSJ9H125YQKH7Y49454", "level": "info", "timestamp": "2026-06-12T21:11:04.724549Z"}
{"prompt_tag": "assess_sufficiency@v4", "schema": "SufficiencyAssessment", "model": "cyankiwi/Qwen3.5-4B-AWQ-4bit", "max_tokens": 1024, "temperature": 0.1, "top_p": 0.8, "presence_penalty": 1.0, "seed": 42, "message_count": 1, "event": "model_call.start", "query_preview": "What type of identifier is the correlation_id, and when is it generated?", "correlation_id": "01KTYTRMSJ9H125YQKH7Y49454", "level": "info", "timestamp": "2026-06-12T21:11:04.726191Z"}
Authentication error: Langfuse client initialized without public_key. Client will be disabled. Provide a public_key parameter or set LANGFUSE_PUBLIC_KEY environment variable. 
{"prompt_tag": "assess_sufficiency@v4", "schema": "SufficiencyAssessment", "tokens": 1499, "event": "model_call.done", "query_preview": "What type of identifier is the correlation_id, and when is it generated?", "correlation_id": "01KTYTRMSJ9H125YQKH7Y49454", "level": "info", "timestamp": "2026-06-12T21:11:05.348952Z"}
{"node": "answer", "regenerate_attempt": 0, "event": "start", "query_preview": "What type of identifier is the correlation_id, and when is it generated?", "correlation_id": "01KTYTRMSJ9H125YQKH7Y49454", "level": "info", "timestamp": "2026-06-12T21:11:05.350441Z"}
{"prompt_tag": "answer@v5", "schema": "DraftAnswer", "model": "cyankiwi/Qwen3.5-4B-AWQ-4bit", "max_tokens": 1800, "temperature": 0.1, "top_p": 0.8, "presence_penalty": 1.0, "seed": 42, "message_count": 2, "event": "model_call.start", "query_preview": "What type of identifier is the correlation_id, and when is it generated?", "correlation_id": "01KTYTRMSJ9H125YQKH7Y49454", "level": "info", "timestamp": "2026-06-12T21:11:05.352375Z"}
Authentication error: Langfuse client initialized without public_key. Client will be disabled. Provide a public_key parameter or set LANGFUSE_PUBLIC_KEY environment variable. 
{"prompt_tag": "answer@v5", "schema": "DraftAnswer", "tokens": 3216, "event": "model_call.done", "query_preview": "What type of identifier is the correlation_id, and when is it generated?", "correlation_id": "01KTYTRMSJ9H125YQKH7Y49454", "level": "info", "timestamp": "2026-06-12T21:11:07.346846Z"}
{"node": "answer", "exact": 0, "suffix": 0, "fuzzy": 2, "unresolved": 0, "event": "chunk_id_repair", "query_preview": "What type of identifier is the correlation_id, and when is it generated?", "correlation_id": "01KTYTRMSJ9H125YQKH7Y49454", "level": "info", "timestamp": "2026-06-12T21:11:07.347022Z"}
{"node": "verify", "claim_count": 2, "event": "start", "query_preview": "What type of identifier is the correlation_id, and when is it generated?", "correlation_id": "01KTYTRMSJ9H125YQKH7Y49454", "level": "info", "timestamp": "2026-06-12T21:11:07.347914Z"}
{"prompt_tag": "verify_grounding@v2", "schema": "VerificationResult", "model": "cyankiwi/Qwen3.5-4B-AWQ-4bit", "max_tokens": 1024, "temperature": 0.1, "top_p": 0.8, "presence_penalty": 1.0, "seed": 42, "message_count": 1, "event": "model_call.start", "query_preview": "What type of identifier is the correlation_id, and when is it generated?", "correlation_id": "01KTYTRMSJ9H125YQKH7Y49454", "level": "info", "timestamp": "2026-06-12T21:11:07.351064Z"}
Authentication error: Langfuse client initialized without public_key. Client will be disabled. Provide a public_key parameter or set LANGFUSE_PUBLIC_KEY environment variable. 
{"prompt_tag": "verify_grounding@v2", "schema": "VerificationResult", "tokens": 1464, "event": "model_call.done", "query_preview": "What type of identifier is the correlation_id, and when is it generated?", "correlation_id": "01KTYTRMSJ9H125YQKH7Y49454", "level": "info", "timestamp": "2026-06-12T21:11:07.778636Z"}
{"node": "assess_relevance", "event": "start", "query_preview": "What type of identifier is the correlation_id, and when is it generated?", "correlation_id": "01KTYTRMSJ9H125YQKH7Y49454", "level": "info", "timestamp": "2026-06-12T21:11:07.780079Z"}
{"prompt_tag": "assess_relevance@v3", "schema": "RelevanceAssessment", "model": "cyankiwi/Qwen3.5-4B-AWQ-4bit", "max_tokens": 1024, "temperature": 0.1, "top_p": 0.8, "presence_penalty": 1.0, "seed": 42, "message_count": 1, "event": "model_call.start", "query_preview": "What type of identifier is the correlation_id, and when is it generated?", "correlation_id": "01KTYTRMSJ9H125YQKH7Y49454", "level": "info", "timestamp": "2026-06-12T21:11:07.781069Z"}
Authentication error: Langfuse client initialized without public_key. Client will be disabled. Provide a public_key parameter or set LANGFUSE_PUBLIC_KEY environment variable. 
{"prompt_tag": "assess_relevance@v3", "schema": "RelevanceAssessment", "tokens": 887, "event": "model_call.done", "query_preview": "What type of identifier is the correlation_id, and when is it generated?", "correlation_id": "01KTYTRMSJ9H125YQKH7Y49454", "level": "info", "timestamp": "2026-06-12T21:11:08.202964Z"}
{"node": "assess_relevance", "responsive": true, "event": "relevance", "query_preview": "What type of identifier is the correlation_id, and when is it generated?", "correlation_id": "01KTYTRMSJ9H125YQKH7Y49454", "level": "info", "timestamp": "2026-06-12T21:11:08.203033Z"}
{"node": "compose", "event": "start", "query_preview": "What type of identifier is the correlation_id, and when is it generated?", "correlation_id": "01KTYTRMSJ9H125YQKH7Y49454", "level": "info", "timestamp": "2026-06-12T21:11:08.205056Z"}
Authentication error: Langfuse client initialized without public_key. Client will be disabled. Provide a public_key parameter or set LANGFUSE_PUBLIC_KEY environment variable. 
{"node": "retrieve", "query_len": 53, "event": "start", "query_preview": "Where and for how long are pipeline events persisted?", "correlation_id": "01KTYTS8NDZS35QKHFQ6FSNWD3", "level": "info", "timestamp": "2026-06-12T21:11:08.206968Z"}
{"query_len": 53, "k": 50, "event": "hybrid.start", "query_preview": "Where and for how long are pipeline events persisted?", "correlation_id": "01KTYTS8NDZS35QKHFQ6FSNWD3", "level": "info", "timestamp": "2026-06-12T21:11:08.207021Z"}
{"query_len": 53, "k": 50, "dense": 50, "bm25": 0, "fused": 50, "term": false, "event": "hybrid.done", "query_preview": "Where and for how long are pipeline events persisted?", "correlation_id": "01KTYTS8NDZS35QKHFQ6FSNWD3", "level": "info", "timestamp": "2026-06-12T21:11:08.291973Z"}
{"node": "retrieve", "candidate_count": 50, "event": "done", "query_preview": "Where and for how long are pipeline events persisted?", "correlation_id": "01KTYTS8NDZS35QKHFQ6FSNWD3", "level": "info", "timestamp": "2026-06-12T21:11:08.292829Z"}
{"node": "expand_graph", "reason": "disabled_or_empty", "event": "skip", "query_preview": "Where and for how long are pipeline events persisted?", "correlation_id": "01KTYTS8NDZS35QKHFQ6FSNWD3", "level": "info", "timestamp": "2026-06-12T21:11:08.294116Z"}
{"node": "rerank", "candidate_count": 50, "event": "start", "query_preview": "Where and for how long are pipeline events persisted?", "correlation_id": "01KTYTS8NDZS35QKHFQ6FSNWD3", "level": "info", "timestamp": "2026-06-12T21:11:08.294617Z"}
{"node": "rerank", "top_k": 5, "source": "mode", "event": "top_k_resolved", "query_preview": "Where and for how long are pipeline events persisted?", "correlation_id": "01KTYTS8NDZS35QKHFQ6FSNWD3", "level": "info", "timestamp": "2026-06-12T21:11:08.294663Z"}
{"candidates": 50, "top_k": 5, "backend": "cross_encoder", "event": "rerank.start", "query_preview": "Where and for how long are pipeline events persisted?", "correlation_id": "01KTYTS8NDZS35QKHFQ6FSNWD3", "level": "info", "timestamp": "2026-06-12T21:11:08.294687Z"}
{"candidates": 50, "top_k": 5, "backend": "cross_encoder", "returned": 5, "event": "rerank.done", "query_preview": "Where and for how long are pipeline events persisted?", "correlation_id": "01KTYTS8NDZS35QKHFQ6FSNWD3", "level": "info", "timestamp": "2026-06-12T21:11:36.609786Z"}
{"node": "rerank", "reranked_count": 5, "event": "done", "query_preview": "Where and for how long are pipeline events persisted?", "correlation_id": "01KTYTS8NDZS35QKHFQ6FSNWD3", "level": "info", "timestamp": "2026-06-12T21:11:36.609910Z"}
{"node": "query_tables", "reason": "empty_or_not_table_shaped", "event": "skip", "query_preview": "Where and for how long are pipeline events persisted?", "correlation_id": "01KTYTS8NDZS35QKHFQ6FSNWD3", "level": "info", "timestamp": "2026-06-12T21:11:36.611485Z"}
{"node": "assess", "reranked_count": 5, "event": "start", "query_preview": "Where and for how long are pipeline events persisted?", "correlation_id": "01KTYTS8NDZS35QKHFQ6FSNWD3", "level": "info", "timestamp": "2026-06-12T21:11:36.612055Z"}
{"prompt_tag": "assess_sufficiency@v4", "schema": "SufficiencyAssessment", "model": "cyankiwi/Qwen3.5-4B-AWQ-4bit", "max_tokens": 1024, "temperature": 0.1, "top_p": 0.8, "presence_penalty": 1.0, "seed": 42, "message_count": 1, "event": "model_call.start", "query_preview": "Where and for how long are pipeline events persisted?", "correlation_id": "01KTYTS8NDZS35QKHFQ6FSNWD3", "level": "info", "timestamp": "2026-06-12T21:11:36.613634Z"}
Authentication error: Langfuse client initialized without public_key. Client will be disabled. Provide a public_key parameter or set LANGFUSE_PUBLIC_KEY environment variable. 
{"prompt_tag": "assess_sufficiency@v4", "schema": "SufficiencyAssessment", "tokens": 2164, "event": "model_call.done", "query_preview": "Where and for how long are pipeline events persisted?", "correlation_id": "01KTYTS8NDZS35QKHFQ6FSNWD3", "level": "info", "timestamp": "2026-06-12T21:11:37.377411Z"}
{"node": "answer", "regenerate_attempt": 0, "event": "start", "query_preview": "Where and for how long are pipeline events persisted?", "correlation_id": "01KTYTS8NDZS35QKHFQ6FSNWD3", "level": "info", "timestamp": "2026-06-12T21:11:37.380643Z"}
{"prompt_tag": "answer@v5", "schema": "DraftAnswer", "model": "cyankiwi/Qwen3.5-4B-AWQ-4bit", "max_tokens": 1800, "temperature": 0.1, "top_p": 0.8, "presence_penalty": 1.0, "seed": 42, "message_count": 2, "event": "model_call.start", "query_preview": "Where and for how long are pipeline events persisted?", "correlation_id": "01KTYTS8NDZS35QKHFQ6FSNWD3", "level": "info", "timestamp": "2026-06-12T21:11:37.382637Z"}
Authentication error: Langfuse client initialized without public_key. Client will be disabled. Provide a public_key parameter or set LANGFUSE_PUBLIC_KEY environment variable. 
{"prompt_tag": "answer@v5", "schema": "DraftAnswer", "tokens": 3802, "event": "model_call.done", "query_preview": "Where and for how long are pipeline events persisted?", "correlation_id": "01KTYTS8NDZS35QKHFQ6FSNWD3", "level": "info", "timestamp": "2026-06-12T21:11:38.805893Z"}
{"node": "answer", "exact": 0, "suffix": 0, "fuzzy": 1, "unresolved": 0, "event": "chunk_id_repair", "query_preview": "Where and for how long are pipeline events persisted?", "correlation_id": "01KTYTS8NDZS35QKHFQ6FSNWD3", "level": "info", "timestamp": "2026-06-12T21:11:38.806048Z"}
{"node": "verify", "claim_count": 1, "event": "start", "query_preview": "Where and for how long are pipeline events persisted?", "correlation_id": "01KTYTS8NDZS35QKHFQ6FSNWD3", "level": "info", "timestamp": "2026-06-12T21:11:38.807024Z"}
{"prompt_tag": "verify_grounding@v2", "schema": "VerificationResult", "model": "cyankiwi/Qwen3.5-4B-AWQ-4bit", "max_tokens": 1024, "temperature": 0.1, "top_p": 0.8, "presence_penalty": 1.0, "seed": 42, "message_count": 1, "event": "model_call.start", "query_preview": "Where and for how long are pipeline events persisted?", "correlation_id": "01KTYTS8NDZS35QKHFQ6FSNWD3", "level": "info", "timestamp": "2026-06-12T21:11:38.810097Z"}
Authentication error: Langfuse client initialized without public_key. Client will be disabled. Provide a public_key parameter or set LANGFUSE_PUBLIC_KEY environment variable. 
{"prompt_tag": "verify_grounding@v2", "schema": "VerificationResult", "tokens": 2075, "event": "model_call.done", "query_preview": "Where and for how long are pipeline events persisted?", "correlation_id": "01KTYTS8NDZS35QKHFQ6FSNWD3", "level": "info", "timestamp": "2026-06-12T21:11:39.306049Z"}
{"node": "assess_relevance", "event": "start", "query_preview": "Where and for how long are pipeline events persisted?", "correlation_id": "01KTYTS8NDZS35QKHFQ6FSNWD3", "level": "info", "timestamp": "2026-06-12T21:11:39.307822Z"}
{"prompt_tag": "assess_relevance@v3", "schema": "RelevanceAssessment", "model": "cyankiwi/Qwen3.5-4B-AWQ-4bit", "max_tokens": 1024, "temperature": 0.1, "top_p": 0.8, "presence_penalty": 1.0, "seed": 42, "message_count": 1, "event": "model_call.start", "query_preview": "Where and for how long are pipeline events persisted?", "correlation_id": "01KTYTS8NDZS35QKHFQ6FSNWD3", "level": "info", "timestamp": "2026-06-12T21:11:39.309144Z"}
Authentication error: Langfuse client initialized without public_key. Client will be disabled. Provide a public_key parameter or set LANGFUSE_PUBLIC_KEY environment variable. 
{"prompt_tag": "assess_relevance@v3", "schema": "RelevanceAssessment", "tokens": 850, "event": "model_call.done", "query_preview": "Where and for how long are pipeline events persisted?", "correlation_id": "01KTYTS8NDZS35QKHFQ6FSNWD3", "level": "info", "timestamp": "2026-06-12T21:11:39.710646Z"}
{"node": "assess_relevance", "responsive": true, "event": "relevance", "query_preview": "Where and for how long are pipeline events persisted?", "correlation_id": "01KTYTS8NDZS35QKHFQ6FSNWD3", "level": "info", "timestamp": "2026-06-12T21:11:39.710698Z"}
{"node": "compose", "event": "start", "query_preview": "Where and for how long are pipeline events persisted?", "correlation_id": "01KTYTS8NDZS35QKHFQ6FSNWD3", "level": "info", "timestamp": "2026-06-12T21:11:39.712023Z"}
Authentication error: Langfuse client initialized without public_key. Client will be disabled. Provide a public_key parameter or set LANGFUSE_PUBLIC_KEY environment variable. 
{"node": "retrieve", "query_len": 62, "event": "start", "query_preview": "What does the module-boundary rule forbid a module from doing?", "correlation_id": "01KTYTT7E06ESZARPE2BE9611X", "level": "info", "timestamp": "2026-06-12T21:11:39.713648Z"}
{"query_len": 62, "k": 50, "event": "hybrid.start", "query_preview": "What does the module-boundary rule forbid a module from doing?", "correlation_id": "01KTYTT7E06ESZARPE2BE9611X", "level": "info", "timestamp": "2026-06-12T21:11:39.713682Z"}
{"query_len": 62, "k": 50, "dense": 50, "bm25": 0, "fused": 50, "term": false, "event": "hybrid.done", "query_preview": "What does the module-boundary rule forbid a module from doing?", "correlation_id": "01KTYTT7E06ESZARPE2BE9611X", "level": "info", "timestamp": "2026-06-12T21:11:39.779650Z"}
{"node": "retrieve", "candidate_count": 50, "event": "done", "query_preview": "What does the module-boundary rule forbid a module from doing?", "correlation_id": "01KTYTT7E06ESZARPE2BE9611X", "level": "info", "timestamp": "2026-06-12T21:11:39.780552Z"}
{"node": "expand_graph", "reason": "disabled_or_empty", "event": "skip", "query_preview": "What does the module-boundary rule forbid a module from doing?", "correlation_id": "01KTYTT7E06ESZARPE2BE9611X", "level": "info", "timestamp": "2026-06-12T21:11:39.781859Z"}
{"node": "rerank", "candidate_count": 50, "event": "start", "query_preview": "What does the module-boundary rule forbid a module from doing?", "correlation_id": "01KTYTT7E06ESZARPE2BE9611X", "level": "info", "timestamp": "2026-06-12T21:11:39.782371Z"}
{"node": "rerank", "top_k": 5, "source": "mode", "event": "top_k_resolved", "query_preview": "What does the module-boundary rule forbid a module from doing?", "correlation_id": "01KTYTT7E06ESZARPE2BE9611X", "level": "info", "timestamp": "2026-06-12T21:11:39.782426Z"}
{"candidates": 50, "top_k": 5, "backend": "cross_encoder", "event": "rerank.start", "query_preview": "What does the module-boundary rule forbid a module from doing?", "correlation_id": "01KTYTT7E06ESZARPE2BE9611X", "level": "info", "timestamp": "2026-06-12T21:11:39.782449Z"}
{"candidates": 50, "top_k": 5, "backend": "cross_encoder", "returned": 5, "event": "rerank.done", "query_preview": "What does the module-boundary rule forbid a module from doing?", "correlation_id": "01KTYTT7E06ESZARPE2BE9611X", "level": "info", "timestamp": "2026-06-12T21:11:59.693336Z"}
{"node": "rerank", "reranked_count": 5, "event": "done", "query_preview": "What does the module-boundary rule forbid a module from doing?", "correlation_id": "01KTYTT7E06ESZARPE2BE9611X", "level": "info", "timestamp": "2026-06-12T21:11:59.693411Z"}
{"node": "query_tables", "reason": "empty_or_not_table_shaped", "event": "skip", "query_preview": "What does the module-boundary rule forbid a module from doing?", "correlation_id": "01KTYTT7E06ESZARPE2BE9611X", "level": "info", "timestamp": "2026-06-12T21:11:59.694854Z"}
{"node": "assess", "reranked_count": 5, "event": "start", "query_preview": "What does the module-boundary rule forbid a module from doing?", "correlation_id": "01KTYTT7E06ESZARPE2BE9611X", "level": "info", "timestamp": "2026-06-12T21:11:59.695423Z"}
{"prompt_tag": "assess_sufficiency@v4", "schema": "SufficiencyAssessment", "model": "cyankiwi/Qwen3.5-4B-AWQ-4bit", "max_tokens": 1024, "temperature": 0.1, "top_p": 0.8, "presence_penalty": 1.0, "seed": 42, "message_count": 1, "event": "model_call.start", "query_preview": "What does the module-boundary rule forbid a module from doing?", "correlation_id": "01KTYTT7E06ESZARPE2BE9611X", "level": "info", "timestamp": "2026-06-12T21:11:59.696929Z"}
Authentication error: Langfuse client initialized without public_key. Client will be disabled. Provide a public_key parameter or set LANGFUSE_PUBLIC_KEY environment variable. 
{"prompt_tag": "assess_sufficiency@v4", "schema": "SufficiencyAssessment", "tokens": 1815, "event": "model_call.done", "query_preview": "What does the module-boundary rule forbid a module from doing?", "correlation_id": "01KTYTT7E06ESZARPE2BE9611X", "level": "info", "timestamp": "2026-06-12T21:12:00.608967Z"}
{"node": "answer", "regenerate_attempt": 0, "event": "start", "query_preview": "What does the module-boundary rule forbid a module from doing?", "correlation_id": "01KTYTT7E06ESZARPE2BE9611X", "level": "info", "timestamp": "2026-06-12T21:12:00.610806Z"}
{"prompt_tag": "answer@v5", "schema": "DraftAnswer", "model": "cyankiwi/Qwen3.5-4B-AWQ-4bit", "max_tokens": 1800, "temperature": 0.1, "top_p": 0.8, "presence_penalty": 1.0, "seed": 42, "message_count": 2, "event": "model_call.start", "query_preview": "What does the module-boundary rule forbid a module from doing?", "correlation_id": "01KTYTT7E06ESZARPE2BE9611X", "level": "info", "timestamp": "2026-06-12T21:12:00.612859Z"}
Authentication error: Langfuse client initialized without public_key. Client will be disabled. Provide a public_key parameter or set LANGFUSE_PUBLIC_KEY environment variable. 
{"prompt_tag": "answer@v5", "schema": "DraftAnswer", "tokens": 3440, "event": "model_call.done", "query_preview": "What does the module-boundary rule forbid a module from doing?", "correlation_id": "01KTYTT7E06ESZARPE2BE9611X", "level": "info", "timestamp": "2026-06-12T21:12:02.085381Z"}
{"node": "verify", "claim_count": 1, "event": "start", "query_preview": "What does the module-boundary rule forbid a module from doing?", "correlation_id": "01KTYTT7E06ESZARPE2BE9611X", "level": "info", "timestamp": "2026-06-12T21:12:02.086403Z"}
{"prompt_tag": "verify_grounding@v2", "schema": "VerificationResult", "model": "cyankiwi/Qwen3.5-4B-AWQ-4bit", "max_tokens": 1024, "temperature": 0.1, "top_p": 0.8, "presence_penalty": 1.0, "seed": 42, "message_count": 1, "event": "model_call.start", "query_preview": "What does the module-boundary rule forbid a module from doing?", "correlation_id": "01KTYTT7E06ESZARPE2BE9611X", "level": "info", "timestamp": "2026-06-12T21:12:02.090335Z"}
Authentication error: Langfuse client initialized without public_key. Client will be disabled. Provide a public_key parameter or set LANGFUSE_PUBLIC_KEY environment variable. 
{"prompt_tag": "verify_grounding@v2", "schema": "VerificationResult", "tokens": 1502, "event": "model_call.done", "query_preview": "What does the module-boundary rule forbid a module from doing?", "correlation_id": "01KTYTT7E06ESZARPE2BE9611X", "level": "info", "timestamp": "2026-06-12T21:12:02.499721Z"}
{"node": "assess_relevance", "event": "start", "query_preview": "What does the module-boundary rule forbid a module from doing?", "correlation_id": "01KTYTT7E06ESZARPE2BE9611X", "level": "info", "timestamp": "2026-06-12T21:12:02.501438Z"}
{"prompt_tag": "assess_relevance@v3", "schema": "RelevanceAssessment", "model": "cyankiwi/Qwen3.5-4B-AWQ-4bit", "max_tokens": 1024, "temperature": 0.1, "top_p": 0.8, "presence_penalty": 1.0, "seed": 42, "message_count": 1, "event": "model_call.start", "query_preview": "What does the module-boundary rule forbid a module from doing?", "correlation_id": "01KTYTT7E06ESZARPE2BE9611X", "level": "info", "timestamp": "2026-06-12T21:12:02.502648Z"}
Authentication error: Langfuse client initialized without public_key. Client will be disabled. Provide a public_key parameter or set LANGFUSE_PUBLIC_KEY environment variable. 
{"prompt_tag": "assess_relevance@v3", "schema": "RelevanceAssessment", "tokens": 858, "event": "model_call.done", "query_preview": "What does the module-boundary rule forbid a module from doing?", "correlation_id": "01KTYTT7E06ESZARPE2BE9611X", "level": "info", "timestamp": "2026-06-12T21:12:02.879555Z"}
{"node": "assess_relevance", "responsive": true, "event": "relevance", "query_preview": "What does the module-boundary rule forbid a module from doing?", "correlation_id": "01KTYTT7E06ESZARPE2BE9611X", "level": "info", "timestamp": "2026-06-12T21:12:02.879619Z"}
{"node": "compose", "event": "start", "query_preview": "What does the module-boundary rule forbid a module from doing?", "correlation_id": "01KTYTT7E06ESZARPE2BE9611X", "level": "info", "timestamp": "2026-06-12T21:12:02.881583Z"}
Authentication error: Langfuse client initialized without public_key. Client will be disabled. Provide a public_key parameter or set LANGFUSE_PUBLIC_KEY environment variable. 
{"node": "retrieve", "query_len": 106, "event": "start", "query_preview": "In Memex's hybrid retrieval, how many fused candidates does the reranker take an", "correlation_id": "01KTYTTY22ZQJCJVEWCRKC6AK9", "level": "info", "timestamp": "2026-06-12T21:12:02.883657Z"}
{"query_len": 106, "k": 50, "event": "hybrid.start", "query_preview": "In Memex's hybrid retrieval, how many fused candidates does the reranker take an", "correlation_id": "01KTYTTY22ZQJCJVEWCRKC6AK9", "level": "info", "timestamp": "2026-06-12T21:12:02.883700Z"}
{"query_len": 106, "k": 50, "dense": 50, "bm25": 0, "fused": 50, "term": false, "event": "hybrid.done", "query_preview": "In Memex's hybrid retrieval, how many fused candidates does the reranker take an", "correlation_id": "01KTYTTY22ZQJCJVEWCRKC6AK9", "level": "info", "timestamp": "2026-06-12T21:12:02.953603Z"}
{"node": "retrieve", "candidate_count": 50, "event": "done", "query_preview": "In Memex's hybrid retrieval, how many fused candidates does the reranker take an", "correlation_id": "01KTYTTY22ZQJCJVEWCRKC6AK9", "level": "info", "timestamp": "2026-06-12T21:12:02.954937Z"}
{"node": "expand_graph", "reason": "disabled_or_empty", "event": "skip", "query_preview": "In Memex's hybrid retrieval, how many fused candidates does the reranker take an", "correlation_id": "01KTYTTY22ZQJCJVEWCRKC6AK9", "level": "info", "timestamp": "2026-06-12T21:12:02.956618Z"}
{"node": "rerank", "candidate_count": 50, "event": "start", "query_preview": "In Memex's hybrid retrieval, how many fused candidates does the reranker take an", "correlation_id": "01KTYTTY22ZQJCJVEWCRKC6AK9", "level": "info", "timestamp": "2026-06-12T21:12:02.957267Z"}
{"node": "rerank", "top_k": 5, "source": "mode", "event": "top_k_resolved", "query_preview": "In Memex's hybrid retrieval, how many fused candidates does the reranker take an", "correlation_id": "01KTYTTY22ZQJCJVEWCRKC6AK9", "level": "info", "timestamp": "2026-06-12T21:12:02.957329Z"}
{"candidates": 50, "top_k": 5, "backend": "cross_encoder", "event": "rerank.start", "query_preview": "In Memex's hybrid retrieval, how many fused candidates does the reranker take an", "correlation_id": "01KTYTTY22ZQJCJVEWCRKC6AK9", "level": "info", "timestamp": "2026-06-12T21:12:02.957363Z"}
{"candidates": 50, "top_k": 5, "backend": "cross_encoder", "returned": 5, "event": "rerank.done", "query_preview": "In Memex's hybrid retrieval, how many fused candidates does the reranker take an", "correlation_id": "01KTYTTY22ZQJCJVEWCRKC6AK9", "level": "info", "timestamp": "2026-06-12T21:12:45.051404Z"}
{"node": "rerank", "reranked_count": 5, "event": "done", "query_preview": "In Memex's hybrid retrieval, how many fused candidates does the reranker take an", "correlation_id": "01KTYTTY22ZQJCJVEWCRKC6AK9", "level": "info", "timestamp": "2026-06-12T21:12:45.051519Z"}
{"prompt_tag": "generate_table_sql@v1", "schema": "GeneratedSQL", "model": "cyankiwi/Qwen3.5-4B-AWQ-4bit", "max_tokens": 1024, "temperature": 0.1, "top_p": 0.8, "presence_penalty": 1.0, "seed": 42, "message_count": 1, "event": "model_call.start", "query_preview": "In Memex's hybrid retrieval, how many fused candidates does the reranker take an", "correlation_id": "01KTYTTY22ZQJCJVEWCRKC6AK9", "level": "info", "timestamp": "2026-06-12T21:12:45.056799Z"}
Authentication error: Langfuse client initialized without public_key. Client will be disabled. Provide a public_key parameter or set LANGFUSE_PUBLIC_KEY environment variable. 
{"prompt_tag": "generate_table_sql@v1", "schema": "GeneratedSQL", "tokens": 1020, "event": "model_call.done", "query_preview": "In Memex's hybrid retrieval, how many fused candidates does the reranker take an", "correlation_id": "01KTYTTY22ZQJCJVEWCRKC6AK9", "level": "info", "timestamp": "2026-06-12T21:12:45.752384Z"}
{"node": "query_doc_tables", "sql": "SELECT COUNT(*) FROM c3249d865c WHERE what_it_tests = 'fused candidates'", "target": "c3249d865c", "event": "table_sql.generated", "query_preview": "In Memex's hybrid retrieval, how many fused candidates does the reranker take an", "correlation_id": "01KTYTTY22ZQJCJVEWCRKC6AK9", "level": "info", "timestamp": "2026-06-12T21:12:45.752450Z"}
{"node": "query_doc_tables", "kind": "aggregate", "target": "c3249d865c", "event": "table_sql.result", "query_preview": "In Memex's hybrid retrieval, how many fused candidates does the reranker take an", "correlation_id": "01KTYTTY22ZQJCJVEWCRKC6AK9", "level": "info", "timestamp": "2026-06-12T21:12:45.753114Z"}
{"node": "query_tables", "kind": "aggregate", "chunk_id": "f59860eb-guidelines#sql0001", "event": "injected", "query_preview": "In Memex's hybrid retrieval, how many fused candidates does the reranker take an", "correlation_id": "01KTYTTY22ZQJCJVEWCRKC6AK9", "level": "info", "timestamp": "2026-06-12T21:12:45.753501Z"}
{"node": "assess", "reranked_count": 6, "event": "start", "query_preview": "In Memex's hybrid retrieval, how many fused candidates does the reranker take an", "correlation_id": "01KTYTTY22ZQJCJVEWCRKC6AK9", "level": "info", "timestamp": "2026-06-12T21:12:45.754475Z"}
{"prompt_tag": "assess_sufficiency@v4", "schema": "SufficiencyAssessment", "model": "cyankiwi/Qwen3.5-4B-AWQ-4bit", "max_tokens": 1024, "temperature": 0.1, "top_p": 0.8, "presence_penalty": 1.0, "seed": 42, "message_count": 1, "event": "model_call.start", "query_preview": "In Memex's hybrid retrieval, how many fused candidates does the reranker take an", "correlation_id": "01KTYTTY22ZQJCJVEWCRKC6AK9", "level": "info", "timestamp": "2026-06-12T21:12:45.756155Z"}
Authentication error: Langfuse client initialized without public_key. Client will be disabled. Provide a public_key parameter or set LANGFUSE_PUBLIC_KEY environment variable. 
{"prompt_tag": "assess_sufficiency@v4", "schema": "SufficiencyAssessment", "tokens": 2480, "event": "model_call.done", "query_preview": "In Memex's hybrid retrieval, how many fused candidates does the reranker take an", "correlation_id": "01KTYTTY22ZQJCJVEWCRKC6AK9", "level": "info", "timestamp": "2026-06-12T21:12:46.503769Z"}
{"node": "answer", "regenerate_attempt": 0, "event": "start", "query_preview": "In Memex's hybrid retrieval, how many fused candidates does the reranker take an", "correlation_id": "01KTYTTY22ZQJCJVEWCRKC6AK9", "level": "info", "timestamp": "2026-06-12T21:12:46.505302Z"}
{"prompt_tag": "answer@v5", "schema": "DraftAnswer", "model": "cyankiwi/Qwen3.5-4B-AWQ-4bit", "max_tokens": 1800, "temperature": 0.1, "top_p": 0.8, "presence_penalty": 1.0, "seed": 42, "message_count": 2, "event": "model_call.start", "query_preview": "In Memex's hybrid retrieval, how many fused candidates does the reranker take an", "correlation_id": "01KTYTTY22ZQJCJVEWCRKC6AK9", "level": "info", "timestamp": "2026-06-12T21:12:46.507955Z"}
Authentication error: Langfuse client initialized without public_key. Client will be disabled. Provide a public_key parameter or set LANGFUSE_PUBLIC_KEY environment variable. 
{"prompt_tag": "answer@v5", "schema": "DraftAnswer", "tokens": 4175, "event": "model_call.done", "query_preview": "In Memex's hybrid retrieval, how many fused candidates does the reranker take an", "correlation_id": "01KTYTTY22ZQJCJVEWCRKC6AK9", "level": "info", "timestamp": "2026-06-12T21:12:48.474792Z"}
{"node": "verify", "claim_count": 2, "event": "start", "query_preview": "In Memex's hybrid retrieval, how many fused candidates does the reranker take an", "correlation_id": "01KTYTTY22ZQJCJVEWCRKC6AK9", "level": "info", "timestamp": "2026-06-12T21:12:48.475666Z"}
{"prompt_tag": "verify_grounding@v2", "schema": "VerificationResult", "model": "cyankiwi/Qwen3.5-4B-AWQ-4bit", "max_tokens": 1024, "temperature": 0.1, "top_p": 0.8, "presence_penalty": 1.0, "seed": 42, "message_count": 1, "event": "model_call.start", "query_preview": "In Memex's hybrid retrieval, how many fused candidates does the reranker take an", "correlation_id": "01KTYTTY22ZQJCJVEWCRKC6AK9", "level": "info", "timestamp": "2026-06-12T21:12:48.478766Z"}
Authentication error: Langfuse client initialized without public_key. Client will be disabled. Provide a public_key parameter or set LANGFUSE_PUBLIC_KEY environment variable. 
{"prompt_tag": "verify_grounding@v2", "schema": "VerificationResult", "tokens": 2432, "event": "model_call.done", "query_preview": "In Memex's hybrid retrieval, how many fused candidates does the reranker take an", "correlation_id": "01KTYTTY22ZQJCJVEWCRKC6AK9", "level": "info", "timestamp": "2026-06-12T21:12:49.059999Z"}
{"node": "assess_relevance", "event": "start", "query_preview": "In Memex's hybrid retrieval, how many fused candidates does the reranker take an", "correlation_id": "01KTYTTY22ZQJCJVEWCRKC6AK9", "level": "info", "timestamp": "2026-06-12T21:12:49.061476Z"}
{"prompt_tag": "assess_relevance@v3", "schema": "RelevanceAssessment", "model": "cyankiwi/Qwen3.5-4B-AWQ-4bit", "max_tokens": 1024, "temperature": 0.1, "top_p": 0.8, "presence_penalty": 1.0, "seed": 42, "message_count": 1, "event": "model_call.start", "query_preview": "In Memex's hybrid retrieval, how many fused candidates does the reranker take an", "correlation_id": "01KTYTTY22ZQJCJVEWCRKC6AK9", "level": "info", "timestamp": "2026-06-12T21:12:49.062819Z"}
Authentication error: Langfuse client initialized without public_key. Client will be disabled. Provide a public_key parameter or set LANGFUSE_PUBLIC_KEY environment variable. 
{"prompt_tag": "assess_relevance@v3", "schema": "RelevanceAssessment", "tokens": 875, "event": "model_call.done", "query_preview": "In Memex's hybrid retrieval, how many fused candidates does the reranker take an", "correlation_id": "01KTYTTY22ZQJCJVEWCRKC6AK9", "level": "info", "timestamp": "2026-06-12T21:12:49.508436Z"}
{"node": "assess_relevance", "responsive": true, "event": "relevance", "query_preview": "In Memex's hybrid retrieval, how many fused candidates does the reranker take an", "correlation_id": "01KTYTTY22ZQJCJVEWCRKC6AK9", "level": "info", "timestamp": "2026-06-12T21:12:49.508488Z"}
{"node": "compose", "event": "start", "query_preview": "In Memex's hybrid retrieval, how many fused candidates does the reranker take an", "correlation_id": "01KTYTTY22ZQJCJVEWCRKC6AK9", "level": "info", "timestamp": "2026-06-12T21:12:49.509801Z"}
Authentication error: Langfuse client initialized without public_key. Client will be disabled. Provide a public_key parameter or set LANGFUSE_PUBLIC_KEY environment variable. 
{"node": "retrieve", "query_len": 71, "event": "start", "query_preview": "What knowledge-graph database does Memex use, and what is it a fork of?", "correlation_id": "01KTYTWBK65H0R3KMJES0VAJVK", "level": "info", "timestamp": "2026-06-12T21:12:49.511382Z"}
{"query_len": 71, "k": 50, "event": "hybrid.start", "query_preview": "What knowledge-graph database does Memex use, and what is it a fork of?", "correlation_id": "01KTYTWBK65H0R3KMJES0VAJVK", "level": "info", "timestamp": "2026-06-12T21:12:49.511419Z"}
{"query_len": 71, "k": 50, "dense": 50, "bm25": 0, "fused": 50, "term": false, "event": "hybrid.done", "query_preview": "What knowledge-graph database does Memex use, and what is it a fork of?", "correlation_id": "01KTYTWBK65H0R3KMJES0VAJVK", "level": "info", "timestamp": "2026-06-12T21:12:49.579748Z"}
{"node": "retrieve", "candidate_count": 50, "event": "done", "query_preview": "What knowledge-graph database does Memex use, and what is it a fork of?", "correlation_id": "01KTYTWBK65H0R3KMJES0VAJVK", "level": "info", "timestamp": "2026-06-12T21:12:49.580641Z"}
{"node": "expand_graph", "reason": "disabled_or_empty", "event": "skip", "query_preview": "What knowledge-graph database does Memex use, and what is it a fork of?", "correlation_id": "01KTYTWBK65H0R3KMJES0VAJVK", "level": "info", "timestamp": "2026-06-12T21:12:49.582102Z"}
{"node": "rerank", "candidate_count": 50, "event": "start", "query_preview": "What knowledge-graph database does Memex use, and what is it a fork of?", "correlation_id": "01KTYTWBK65H0R3KMJES0VAJVK", "level": "info", "timestamp": "2026-06-12T21:12:49.582622Z"}
{"node": "rerank", "top_k": 5, "source": "mode", "event": "top_k_resolved", "query_preview": "What knowledge-graph database does Memex use, and what is it a fork of?", "correlation_id": "01KTYTWBK65H0R3KMJES0VAJVK", "level": "info", "timestamp": "2026-06-12T21:12:49.582669Z"}
{"candidates": 50, "top_k": 5, "backend": "cross_encoder", "event": "rerank.start", "query_preview": "What knowledge-graph database does Memex use, and what is it a fork of?", "correlation_id": "01KTYTWBK65H0R3KMJES0VAJVK", "level": "info", "timestamp": "2026-06-12T21:12:49.582693Z"}
{"candidates": 50, "top_k": 5, "backend": "cross_encoder", "returned": 5, "event": "rerank.done", "query_preview": "What knowledge-graph database does Memex use, and what is it a fork of?", "correlation_id": "01KTYTWBK65H0R3KMJES0VAJVK", "level": "info", "timestamp": "2026-06-12T21:13:23.678181Z"}
{"node": "rerank", "reranked_count": 5, "event": "done", "query_preview": "What knowledge-graph database does Memex use, and what is it a fork of?", "correlation_id": "01KTYTWBK65H0R3KMJES0VAJVK", "level": "info", "timestamp": "2026-06-12T21:13:23.678257Z"}
{"node": "query_tables", "reason": "empty_or_not_table_shaped", "event": "skip", "query_preview": "What knowledge-graph database does Memex use, and what is it a fork of?", "correlation_id": "01KTYTWBK65H0R3KMJES0VAJVK", "level": "info", "timestamp": "2026-06-12T21:13:23.679983Z"}
{"node": "assess", "reranked_count": 5, "event": "start", "query_preview": "What knowledge-graph database does Memex use, and what is it a fork of?", "correlation_id": "01KTYTWBK65H0R3KMJES0VAJVK", "level": "info", "timestamp": "2026-06-12T21:13:23.680561Z"}
{"prompt_tag": "assess_sufficiency@v4", "schema": "SufficiencyAssessment", "model": "cyankiwi/Qwen3.5-4B-AWQ-4bit", "max_tokens": 1024, "temperature": 0.1, "top_p": 0.8, "presence_penalty": 1.0, "seed": 42, "message_count": 1, "event": "model_call.start", "query_preview": "What knowledge-graph database does Memex use, and what is it a fork of?", "correlation_id": "01KTYTWBK65H0R3KMJES0VAJVK", "level": "info", "timestamp": "2026-06-12T21:13:23.682134Z"}
Authentication error: Langfuse client initialized without public_key. Client will be disabled. Provide a public_key parameter or set LANGFUSE_PUBLIC_KEY environment variable. 
{"prompt_tag": "assess_sufficiency@v4", "schema": "SufficiencyAssessment", "tokens": 2347, "event": "model_call.done", "query_preview": "What knowledge-graph database does Memex use, and what is it a fork of?", "correlation_id": "01KTYTWBK65H0R3KMJES0VAJVK", "level": "info", "timestamp": "2026-06-12T21:13:24.473285Z"}
{"node": "answer", "regenerate_attempt": 0, "event": "start", "query_preview": "What knowledge-graph database does Memex use, and what is it a fork of?", "correlation_id": "01KTYTWBK65H0R3KMJES0VAJVK", "level": "info", "timestamp": "2026-06-12T21:13:24.475310Z"}
{"prompt_tag": "answer@v5", "schema": "DraftAnswer", "model": "cyankiwi/Qwen3.5-4B-AWQ-4bit", "max_tokens": 1800, "temperature": 0.1, "top_p": 0.8, "presence_penalty": 1.0, "seed": 42, "message_count": 2, "event": "model_call.start", "query_preview": "What knowledge-graph database does Memex use, and what is it a fork of?", "correlation_id": "01KTYTWBK65H0R3KMJES0VAJVK", "level": "info", "timestamp": "2026-06-12T21:13:24.477980Z"}
Authentication error: Langfuse client initialized without public_key. Client will be disabled. Provide a public_key parameter or set LANGFUSE_PUBLIC_KEY environment variable. 
{"prompt_tag": "answer@v5", "schema": "DraftAnswer", "tokens": 4024, "event": "model_call.done", "query_preview": "What knowledge-graph database does Memex use, and what is it a fork of?", "correlation_id": "01KTYTWBK65H0R3KMJES0VAJVK", "level": "info", "timestamp": "2026-06-12T21:13:26.294321Z"}
{"node": "verify", "claim_count": 2, "event": "start", "query_preview": "What knowledge-graph database does Memex use, and what is it a fork of?", "correlation_id": "01KTYTWBK65H0R3KMJES0VAJVK", "level": "info", "timestamp": "2026-06-12T21:13:26.295319Z"}
{"prompt_tag": "verify_grounding@v2", "schema": "VerificationResult", "model": "cyankiwi/Qwen3.5-4B-AWQ-4bit", "max_tokens": 1024, "temperature": 0.1, "top_p": 0.8, "presence_penalty": 1.0, "seed": 42, "message_count": 1, "event": "model_call.start", "query_preview": "What knowledge-graph database does Memex use, and what is it a fork of?", "correlation_id": "01KTYTWBK65H0R3KMJES0VAJVK", "level": "info", "timestamp": "2026-06-12T21:13:26.299182Z"}
Authentication error: Langfuse client initialized without public_key. Client will be disabled. Provide a public_key parameter or set LANGFUSE_PUBLIC_KEY environment variable. 
{"prompt_tag": "verify_grounding@v2", "schema": "VerificationResult", "tokens": 2286, "event": "model_call.done", "query_preview": "What knowledge-graph database does Memex use, and what is it a fork of?", "correlation_id": "01KTYTWBK65H0R3KMJES0VAJVK", "level": "info", "timestamp": "2026-06-12T21:13:26.860681Z"}
{"node": "assess_relevance", "event": "start", "query_preview": "What knowledge-graph database does Memex use, and what is it a fork of?", "correlation_id": "01KTYTWBK65H0R3KMJES0VAJVK", "level": "info", "timestamp": "2026-06-12T21:13:26.862254Z"}
{"prompt_tag": "assess_relevance@v3", "schema": "RelevanceAssessment", "model": "cyankiwi/Qwen3.5-4B-AWQ-4bit", "max_tokens": 1024, "temperature": 0.1, "top_p": 0.8, "presence_penalty": 1.0, "seed": 42, "message_count": 1, "event": "model_call.start", "query_preview": "What knowledge-graph database does Memex use, and what is it a fork of?", "correlation_id": "01KTYTWBK65H0R3KMJES0VAJVK", "level": "info", "timestamp": "2026-06-12T21:13:26.863248Z"}
Authentication error: Langfuse client initialized without public_key. Client will be disabled. Provide a public_key parameter or set LANGFUSE_PUBLIC_KEY environment variable. 
{"prompt_tag": "assess_relevance@v3", "schema": "RelevanceAssessment", "tokens": 850, "event": "model_call.done", "query_preview": "What knowledge-graph database does Memex use, and what is it a fork of?", "correlation_id": "01KTYTWBK65H0R3KMJES0VAJVK", "level": "info", "timestamp": "2026-06-12T21:13:27.299444Z"}
{"node": "assess_relevance", "responsive": true, "event": "relevance", "query_preview": "What knowledge-graph database does Memex use, and what is it a fork of?", "correlation_id": "01KTYTWBK65H0R3KMJES0VAJVK", "level": "info", "timestamp": "2026-06-12T21:13:27.299504Z"}
{"node": "compose", "event": "start", "query_preview": "What knowledge-graph database does Memex use, and what is it a fork of?", "correlation_id": "01KTYTWBK65H0R3KMJES0VAJVK", "level": "info", "timestamp": "2026-06-12T21:13:27.300882Z"}
Authentication error: Langfuse client initialized without public_key. Client will be disabled. Provide a public_key parameter or set LANGFUSE_PUBLIC_KEY environment variable. 
{"node": "retrieve", "query_len": 61, "event": "start", "query_preview": "What are the three caching tiers described in the guidelines?", "correlation_id": "01KTYTXGG5WXJEMDFR91RDA56P", "level": "info", "timestamp": "2026-06-12T21:13:27.302936Z"}
{"query_len": 61, "k": 50, "event": "hybrid.start", "query_preview": "What are the three caching tiers described in the guidelines?", "correlation_id": "01KTYTXGG5WXJEMDFR91RDA56P", "level": "info", "timestamp": "2026-06-12T21:13:27.302988Z"}
{"query_len": 61, "k": 50, "dense": 50, "bm25": 0, "fused": 50, "term": false, "event": "hybrid.done", "query_preview": "What are the three caching tiers described in the guidelines?", "correlation_id": "01KTYTXGG5WXJEMDFR91RDA56P", "level": "info", "timestamp": "2026-06-12T21:13:27.372470Z"}
{"node": "retrieve", "candidate_count": 50, "event": "done", "query_preview": "What are the three caching tiers described in the guidelines?", "correlation_id": "01KTYTXGG5WXJEMDFR91RDA56P", "level": "info", "timestamp": "2026-06-12T21:13:27.373452Z"}
{"node": "expand_graph", "reason": "disabled_or_empty", "event": "skip", "query_preview": "What are the three caching tiers described in the guidelines?", "correlation_id": "01KTYTXGG5WXJEMDFR91RDA56P", "level": "info", "timestamp": "2026-06-12T21:13:27.375081Z"}
{"node": "rerank", "candidate_count": 50, "event": "start", "query_preview": "What are the three caching tiers described in the guidelines?", "correlation_id": "01KTYTXGG5WXJEMDFR91RDA56P", "level": "info", "timestamp": "2026-06-12T21:13:27.375647Z"}
{"node": "rerank", "top_k": 5, "source": "mode", "event": "top_k_resolved", "query_preview": "What are the three caching tiers described in the guidelines?", "correlation_id": "01KTYTXGG5WXJEMDFR91RDA56P", "level": "info", "timestamp": "2026-06-12T21:13:27.375698Z"}
{"candidates": 50, "top_k": 5, "backend": "cross_encoder", "event": "rerank.start", "query_preview": "What are the three caching tiers described in the guidelines?", "correlation_id": "01KTYTXGG5WXJEMDFR91RDA56P", "level": "info", "timestamp": "2026-06-12T21:13:27.375720Z"}
{"candidates": 50, "top_k": 5, "backend": "cross_encoder", "returned": 5, "event": "rerank.done", "query_preview": "What are the three caching tiers described in the guidelines?", "correlation_id": "01KTYTXGG5WXJEMDFR91RDA56P", "level": "info", "timestamp": "2026-06-12T21:13:46.857617Z"}
{"node": "rerank", "reranked_count": 5, "event": "done", "query_preview": "What are the three caching tiers described in the guidelines?", "correlation_id": "01KTYTXGG5WXJEMDFR91RDA56P", "level": "info", "timestamp": "2026-06-12T21:13:46.857692Z"}
{"node": "query_tables", "reason": "empty_or_not_table_shaped", "event": "skip", "query_preview": "What are the three caching tiers described in the guidelines?", "correlation_id": "01KTYTXGG5WXJEMDFR91RDA56P", "level": "info", "timestamp": "2026-06-12T21:13:46.859628Z"}
{"node": "assess", "reranked_count": 5, "event": "start", "query_preview": "What are the three caching tiers described in the guidelines?", "correlation_id": "01KTYTXGG5WXJEMDFR91RDA56P", "level": "info", "timestamp": "2026-06-12T21:13:46.860497Z"}
{"prompt_tag": "assess_sufficiency@v4", "schema": "SufficiencyAssessment", "model": "cyankiwi/Qwen3.5-4B-AWQ-4bit", "max_tokens": 1024, "temperature": 0.1, "top_p": 0.8, "presence_penalty": 1.0, "seed": 42, "message_count": 1, "event": "model_call.start", "query_preview": "What are the three caching tiers described in the guidelines?", "correlation_id": "01KTYTXGG5WXJEMDFR91RDA56P", "level": "info", "timestamp": "2026-06-12T21:13:46.861968Z"}
Authentication error: Langfuse client initialized without public_key. Client will be disabled. Provide a public_key parameter or set LANGFUSE_PUBLIC_KEY environment variable. 
{"prompt_tag": "assess_sufficiency@v4", "schema": "SufficiencyAssessment", "tokens": 1035, "event": "model_call.done", "query_preview": "What are the three caching tiers described in the guidelines?", "correlation_id": "01KTYTXGG5WXJEMDFR91RDA56P", "level": "info", "timestamp": "2026-06-12T21:13:47.529981Z"}
{"node": "answer", "regenerate_attempt": 0, "event": "start", "query_preview": "What are the three caching tiers described in the guidelines?", "correlation_id": "01KTYTXGG5WXJEMDFR91RDA56P", "level": "info", "timestamp": "2026-06-12T21:13:47.531798Z"}
{"prompt_tag": "answer@v5", "schema": "DraftAnswer", "model": "cyankiwi/Qwen3.5-4B-AWQ-4bit", "max_tokens": 1800, "temperature": 0.1, "top_p": 0.8, "presence_penalty": 1.0, "seed": 42, "message_count": 2, "event": "model_call.start", "query_preview": "What are the three caching tiers described in the guidelines?", "correlation_id": "01KTYTXGG5WXJEMDFR91RDA56P", "level": "info", "timestamp": "2026-06-12T21:13:47.533905Z"}
Authentication error: Langfuse client initialized without public_key. Client will be disabled. Provide a public_key parameter or set LANGFUSE_PUBLIC_KEY environment variable. 
{"prompt_tag": "answer@v5", "schema": "DraftAnswer", "tokens": 2635, "event": "model_call.done", "query_preview": "What are the three caching tiers described in the guidelines?", "correlation_id": "01KTYTXGG5WXJEMDFR91RDA56P", "level": "info", "timestamp": "2026-06-12T21:13:48.536015Z"}
{"node": "verify", "claim_count": 1, "event": "start", "query_preview": "What are the three caching tiers described in the guidelines?", "correlation_id": "01KTYTXGG5WXJEMDFR91RDA56P", "level": "info", "timestamp": "2026-06-12T21:13:48.536839Z"}
{"prompt_tag": "verify_grounding@v2", "schema": "VerificationResult", "model": "cyankiwi/Qwen3.5-4B-AWQ-4bit", "max_tokens": 1024, "temperature": 0.1, "top_p": 0.8, "presence_penalty": 1.0, "seed": 42, "message_count": 1, "event": "model_call.start", "query_preview": "What are the three caching tiers described in the guidelines?", "correlation_id": "01KTYTXGG5WXJEMDFR91RDA56P", "level": "info", "timestamp": "2026-06-12T21:13:48.539891Z"}
Authentication error: Langfuse client initialized without public_key. Client will be disabled. Provide a public_key parameter or set LANGFUSE_PUBLIC_KEY environment variable. 
{"prompt_tag": "verify_grounding@v2", "schema": "VerificationResult", "tokens": 927, "event": "model_call.done", "query_preview": "What are the three caching tiers described in the guidelines?", "correlation_id": "01KTYTXGG5WXJEMDFR91RDA56P", "level": "info", "timestamp": "2026-06-12T21:13:48.863560Z"}
{"node": "assess_relevance", "event": "start", "query_preview": "What are the three caching tiers described in the guidelines?", "correlation_id": "01KTYTXGG5WXJEMDFR91RDA56P", "level": "info", "timestamp": "2026-06-12T21:13:48.865240Z"}
{"prompt_tag": "assess_relevance@v3", "schema": "RelevanceAssessment", "model": "cyankiwi/Qwen3.5-4B-AWQ-4bit", "max_tokens": 1024, "temperature": 0.1, "top_p": 0.8, "presence_penalty": 1.0, "seed": 42, "message_count": 1, "event": "model_call.start", "query_preview": "What are the three caching tiers described in the guidelines?", "correlation_id": "01KTYTXGG5WXJEMDFR91RDA56P", "level": "info", "timestamp": "2026-06-12T21:13:48.866254Z"}
Authentication error: Langfuse client initialized without public_key. Client will be disabled. Provide a public_key parameter or set LANGFUSE_PUBLIC_KEY environment variable. 
{"prompt_tag": "assess_relevance@v3", "schema": "RelevanceAssessment", "tokens": 816, "event": "model_call.done", "query_preview": "What are the three caching tiers described in the guidelines?", "correlation_id": "01KTYTXGG5WXJEMDFR91RDA56P", "level": "info", "timestamp": "2026-06-12T21:13:49.183778Z"}
{"node": "assess_relevance", "responsive": true, "event": "relevance", "query_preview": "What are the three caching tiers described in the guidelines?", "correlation_id": "01KTYTXGG5WXJEMDFR91RDA56P", "level": "info", "timestamp": "2026-06-12T21:13:49.183829Z"}
{"node": "compose", "event": "start", "query_preview": "What are the three caching tiers described in the guidelines?", "correlation_id": "01KTYTXGG5WXJEMDFR91RDA56P", "level": "info", "timestamp": "2026-06-12T21:13:49.185441Z"}
Authentication error: Langfuse client initialized without public_key. Client will be disabled. Provide a public_key parameter or set LANGFUSE_PUBLIC_KEY environment variable. 
{"node": "retrieve", "query_len": 52, "event": "start", "query_preview": "What do the guidelines call the public API of Memex?", "correlation_id": "01KTYTY5W2EC02J3WPTKTJ73EP", "level": "info", "timestamp": "2026-06-12T21:13:49.187523Z"}
{"query_len": 52, "k": 50, "event": "hybrid.start", "query_preview": "What do the guidelines call the public API of Memex?", "correlation_id": "01KTYTY5W2EC02J3WPTKTJ73EP", "level": "info", "timestamp": "2026-06-12T21:13:49.187574Z"}
{"query_len": 52, "k": 50, "dense": 50, "bm25": 0, "fused": 50, "term": false, "event": "hybrid.done", "query_preview": "What do the guidelines call the public API of Memex?", "correlation_id": "01KTYTY5W2EC02J3WPTKTJ73EP", "level": "info", "timestamp": "2026-06-12T21:13:49.259286Z"}
{"node": "retrieve", "candidate_count": 50, "event": "done", "query_preview": "What do the guidelines call the public API of Memex?", "correlation_id": "01KTYTY5W2EC02J3WPTKTJ73EP", "level": "info", "timestamp": "2026-06-12T21:13:49.260615Z"}
{"node": "expand_graph", "reason": "disabled_or_empty", "event": "skip", "query_preview": "What do the guidelines call the public API of Memex?", "correlation_id": "01KTYTY5W2EC02J3WPTKTJ73EP", "level": "info", "timestamp": "2026-06-12T21:13:49.262185Z"}
{"node": "rerank", "candidate_count": 50, "event": "start", "query_preview": "What do the guidelines call the public API of Memex?", "correlation_id": "01KTYTY5W2EC02J3WPTKTJ73EP", "level": "info", "timestamp": "2026-06-12T21:13:49.262868Z"}
{"node": "rerank", "top_k": 5, "source": "mode", "event": "top_k_resolved", "query_preview": "What do the guidelines call the public API of Memex?", "correlation_id": "01KTYTY5W2EC02J3WPTKTJ73EP", "level": "info", "timestamp": "2026-06-12T21:13:49.262932Z"}
{"candidates": 50, "top_k": 5, "backend": "cross_encoder", "event": "rerank.start", "query_preview": "What do the guidelines call the public API of Memex?", "correlation_id": "01KTYTY5W2EC02J3WPTKTJ73EP", "level": "info", "timestamp": "2026-06-12T21:13:49.262967Z"}
{"candidates": 50, "top_k": 5, "backend": "cross_encoder", "returned": 5, "event": "rerank.done", "query_preview": "What do the guidelines call the public API of Memex?", "correlation_id": "01KTYTY5W2EC02J3WPTKTJ73EP", "level": "info", "timestamp": "2026-06-12T21:14:10.100208Z"}
{"node": "rerank", "reranked_count": 5, "event": "done", "query_preview": "What do the guidelines call the public API of Memex?", "correlation_id": "01KTYTY5W2EC02J3WPTKTJ73EP", "level": "info", "timestamp": "2026-06-12T21:14:10.100331Z"}
{"node": "query_tables", "reason": "empty_or_not_table_shaped", "event": "skip", "query_preview": "What do the guidelines call the public API of Memex?", "correlation_id": "01KTYTY5W2EC02J3WPTKTJ73EP", "level": "info", "timestamp": "2026-06-12T21:14:10.102292Z"}
{"node": "assess", "reranked_count": 5, "event": "start", "query_preview": "What do the guidelines call the public API of Memex?", "correlation_id": "01KTYTY5W2EC02J3WPTKTJ73EP", "level": "info", "timestamp": "2026-06-12T21:14:10.102941Z"}
{"prompt_tag": "assess_sufficiency@v4", "schema": "SufficiencyAssessment", "model": "cyankiwi/Qwen3.5-4B-AWQ-4bit", "max_tokens": 1024, "temperature": 0.1, "top_p": 0.8, "presence_penalty": 1.0, "seed": 42, "message_count": 1, "event": "model_call.start", "query_preview": "What do the guidelines call the public API of Memex?", "correlation_id": "01KTYTY5W2EC02J3WPTKTJ73EP", "level": "info", "timestamp": "2026-06-12T21:14:10.104484Z"}
Authentication error: Langfuse client initialized without public_key. Client will be disabled. Provide a public_key parameter or set LANGFUSE_PUBLIC_KEY environment variable. 
{"prompt_tag": "assess_sufficiency@v4", "schema": "SufficiencyAssessment", "tokens": 1873, "event": "model_call.done", "query_preview": "What do the guidelines call the public API of Memex?", "correlation_id": "01KTYTY5W2EC02J3WPTKTJ73EP", "level": "info", "timestamp": "2026-06-12T21:14:10.954943Z"}
{"node": "answer", "regenerate_attempt": 0, "event": "start", "query_preview": "What do the guidelines call the public API of Memex?", "correlation_id": "01KTYTY5W2EC02J3WPTKTJ73EP", "level": "info", "timestamp": "2026-06-12T21:14:10.956817Z"}
{"prompt_tag": "answer@v5", "schema": "DraftAnswer", "model": "cyankiwi/Qwen3.5-4B-AWQ-4bit", "max_tokens": 1800, "temperature": 0.1, "top_p": 0.8, "presence_penalty": 1.0, "seed": 42, "message_count": 2, "event": "model_call.start", "query_preview": "What do the guidelines call the public API of Memex?", "correlation_id": "01KTYTY5W2EC02J3WPTKTJ73EP", "level": "info", "timestamp": "2026-06-12T21:14:10.959459Z"}
Authentication error: Langfuse client initialized without public_key. Client will be disabled. Provide a public_key parameter or set LANGFUSE_PUBLIC_KEY environment variable. 
{"prompt_tag": "answer@v5", "schema": "DraftAnswer", "tokens": 3467, "event": "model_call.done", "query_preview": "What do the guidelines call the public API of Memex?", "correlation_id": "01KTYTY5W2EC02J3WPTKTJ73EP", "level": "info", "timestamp": "2026-06-12T21:14:12.079315Z"}
{"node": "verify", "claim_count": 1, "event": "start", "query_preview": "What do the guidelines call the public API of Memex?", "correlation_id": "01KTYTY5W2EC02J3WPTKTJ73EP", "level": "info", "timestamp": "2026-06-12T21:14:12.080533Z"}
{"prompt_tag": "verify_grounding@v2", "schema": "VerificationResult", "model": "cyankiwi/Qwen3.5-4B-AWQ-4bit", "max_tokens": 1024, "temperature": 0.1, "top_p": 0.8, "presence_penalty": 1.0, "seed": 42, "message_count": 1, "event": "model_call.start", "query_preview": "What do the guidelines call the public API of Memex?", "correlation_id": "01KTYTY5W2EC02J3WPTKTJ73EP", "level": "info", "timestamp": "2026-06-12T21:14:12.084434Z"}
Authentication error: Langfuse client initialized without public_key. Client will be disabled. Provide a public_key parameter or set LANGFUSE_PUBLIC_KEY environment variable. 
{"prompt_tag": "verify_grounding@v2", "schema": "VerificationResult", "tokens": 1759, "event": "model_call.done", "query_preview": "What do the guidelines call the public API of Memex?", "correlation_id": "01KTYTY5W2EC02J3WPTKTJ73EP", "level": "info", "timestamp": "2026-06-12T21:14:12.538135Z"}
{"node": "assess_relevance", "event": "start", "query_preview": "What do the guidelines call the public API of Memex?", "correlation_id": "01KTYTY5W2EC02J3WPTKTJ73EP", "level": "info", "timestamp": "2026-06-12T21:14:12.539980Z"}
{"prompt_tag": "assess_relevance@v3", "schema": "RelevanceAssessment", "model": "cyankiwi/Qwen3.5-4B-AWQ-4bit", "max_tokens": 1024, "temperature": 0.1, "top_p": 0.8, "presence_penalty": 1.0, "seed": 42, "message_count": 1, "event": "model_call.start", "query_preview": "What do the guidelines call the public API of Memex?", "correlation_id": "01KTYTY5W2EC02J3WPTKTJ73EP", "level": "info", "timestamp": "2026-06-12T21:14:12.541283Z"}
Authentication error: Langfuse client initialized without public_key. Client will be disabled. Provide a public_key parameter or set LANGFUSE_PUBLIC_KEY environment variable. 
{"prompt_tag": "assess_relevance@v3", "schema": "RelevanceAssessment", "tokens": 819, "event": "model_call.done", "query_preview": "What do the guidelines call the public API of Memex?", "correlation_id": "01KTYTY5W2EC02J3WPTKTJ73EP", "level": "info", "timestamp": "2026-06-12T21:14:12.912270Z"}
{"node": "assess_relevance", "responsive": true, "event": "relevance", "query_preview": "What do the guidelines call the public API of Memex?", "correlation_id": "01KTYTY5W2EC02J3WPTKTJ73EP", "level": "info", "timestamp": "2026-06-12T21:14:12.912336Z"}
{"node": "compose", "event": "start", "query_preview": "What do the guidelines call the public API of Memex?", "correlation_id": "01KTYTY5W2EC02J3WPTKTJ73EP", "level": "info", "timestamp": "2026-06-12T21:14:12.914442Z"}
Authentication error: Langfuse client initialized without public_key. Client will be disabled. Provide a public_key parameter or set LANGFUSE_PUBLIC_KEY environment variable. 
{"node": "retrieve", "query_len": 125, "event": "start", "query_preview": "According to the developer guidelines, what is the exact maximum line length in ", "correlation_id": "01KTYTYX1K7NHKYZ8BT2AQA0TD", "level": "info", "timestamp": "2026-06-12T21:14:12.916909Z"}
{"query_len": 125, "k": 50, "event": "hybrid.start", "query_preview": "According to the developer guidelines, what is the exact maximum line length in ", "correlation_id": "01KTYTYX1K7NHKYZ8BT2AQA0TD", "level": "info", "timestamp": "2026-06-12T21:14:12.916953Z"}
{"query_len": 125, "k": 50, "dense": 50, "bm25": 0, "fused": 50, "term": false, "event": "hybrid.done", "query_preview": "According to the developer guidelines, what is the exact maximum line length in ", "correlation_id": "01KTYTYX1K7NHKYZ8BT2AQA0TD", "level": "info", "timestamp": "2026-06-12T21:14:12.984214Z"}
{"node": "retrieve", "candidate_count": 50, "event": "done", "query_preview": "According to the developer guidelines, what is the exact maximum line length in ", "correlation_id": "01KTYTYX1K7NHKYZ8BT2AQA0TD", "level": "info", "timestamp": "2026-06-12T21:14:12.985515Z"}
{"node": "expand_graph", "reason": "disabled_or_empty", "event": "skip", "query_preview": "According to the developer guidelines, what is the exact maximum line length in ", "correlation_id": "01KTYTYX1K7NHKYZ8BT2AQA0TD", "level": "info", "timestamp": "2026-06-12T21:14:12.987112Z"}
{"node": "rerank", "candidate_count": 50, "event": "start", "query_preview": "According to the developer guidelines, what is the exact maximum line length in ", "correlation_id": "01KTYTYX1K7NHKYZ8BT2AQA0TD", "level": "info", "timestamp": "2026-06-12T21:14:12.987725Z"}
{"node": "rerank", "top_k": 5, "source": "mode", "event": "top_k_resolved", "query_preview": "According to the developer guidelines, what is the exact maximum line length in ", "correlation_id": "01KTYTYX1K7NHKYZ8BT2AQA0TD", "level": "info", "timestamp": "2026-06-12T21:14:12.987785Z"}
{"candidates": 50, "top_k": 5, "backend": "cross_encoder", "event": "rerank.start", "query_preview": "According to the developer guidelines, what is the exact maximum line length in ", "correlation_id": "01KTYTYX1K7NHKYZ8BT2AQA0TD", "level": "info", "timestamp": "2026-06-12T21:14:12.987821Z"}
{"candidates": 50, "top_k": 5, "backend": "cross_encoder", "returned": 5, "event": "rerank.done", "query_preview": "According to the developer guidelines, what is the exact maximum line length in ", "correlation_id": "01KTYTYX1K7NHKYZ8BT2AQA0TD", "level": "info", "timestamp": "2026-06-12T21:14:30.867167Z"}
{"node": "rerank", "reranked_count": 5, "event": "done", "query_preview": "According to the developer guidelines, what is the exact maximum line length in ", "correlation_id": "01KTYTYX1K7NHKYZ8BT2AQA0TD", "level": "info", "timestamp": "2026-06-12T21:14:30.867279Z"}
{"prompt_tag": "generate_table_sql@v1", "schema": "GeneratedSQL", "model": "cyankiwi/Qwen3.5-4B-AWQ-4bit", "max_tokens": 1024, "temperature": 0.1, "top_p": 0.8, "presence_penalty": 1.0, "seed": 42, "message_count": 1, "event": "model_call.start", "query_preview": "According to the developer guidelines, what is the exact maximum line length in ", "correlation_id": "01KTYTYX1K7NHKYZ8BT2AQA0TD", "level": "info", "timestamp": "2026-06-12T21:14:30.874217Z"}
Authentication error: Langfuse client initialized without public_key. Client will be disabled. Provide a public_key parameter or set LANGFUSE_PUBLIC_KEY environment variable. 
{"prompt_tag": "generate_table_sql@v1", "schema": "GeneratedSQL", "tokens": 1013, "event": "model_call.done", "query_preview": "According to the developer guidelines, what is the exact maximum line length in ", "correlation_id": "01KTYTYX1K7NHKYZ8BT2AQA0TD", "level": "info", "timestamp": "2026-06-12T21:14:31.517957Z"}
{"node": "query_doc_tables", "sql": "SELECT MAX(line_length__num) FROM c3249d865c", "target": "c3249d865c", "event": "table_sql.generated", "query_preview": "According to the developer guidelines, what is the exact maximum line length in ", "correlation_id": "01KTYTYX1K7NHKYZ8BT2AQA0TD", "level": "info", "timestamp": "2026-06-12T21:14:31.518019Z"}
{"node": "query_doc_tables", "target": "c3249d865c", "event": "table_sql.no_result", "query_preview": "According to the developer guidelines, what is the exact maximum line length in ", "correlation_id": "01KTYTYX1K7NHKYZ8BT2AQA0TD", "level": "info", "timestamp": "2026-06-12T21:14:31.518373Z"}
{"node": "query_tables", "event": "no_table_answer", "query_preview": "According to the developer guidelines, what is the exact maximum line length in ", "correlation_id": "01KTYTYX1K7NHKYZ8BT2AQA0TD", "level": "info", "timestamp": "2026-06-12T21:14:31.518624Z"}
{"node": "assess", "reranked_count": 5, "event": "start", "query_preview": "According to the developer guidelines, what is the exact maximum line length in ", "correlation_id": "01KTYTYX1K7NHKYZ8BT2AQA0TD", "level": "info", "timestamp": "2026-06-12T21:14:31.519584Z"}
{"prompt_tag": "assess_sufficiency@v4", "schema": "SufficiencyAssessment", "model": "cyankiwi/Qwen3.5-4B-AWQ-4bit", "max_tokens": 1024, "temperature": 0.1, "top_p": 0.8, "presence_penalty": 1.0, "seed": 42, "message_count": 1, "event": "model_call.start", "query_preview": "According to the developer guidelines, what is the exact maximum line length in ", "correlation_id": "01KTYTYX1K7NHKYZ8BT2AQA0TD", "level": "info", "timestamp": "2026-06-12T21:14:31.521330Z"}
Authentication error: Langfuse client initialized without public_key. Client will be disabled. Provide a public_key parameter or set LANGFUSE_PUBLIC_KEY environment variable. 
{"prompt_tag": "assess_sufficiency@v4", "schema": "SufficiencyAssessment", "tokens": 2075, "event": "model_call.done", "query_preview": "According to the developer guidelines, what is the exact maximum line length in ", "correlation_id": "01KTYTYX1K7NHKYZ8BT2AQA0TD", "level": "info", "timestamp": "2026-06-12T21:14:32.289252Z"}
{"node": "answer", "regenerate_attempt": 0, "event": "start", "query_preview": "According to the developer guidelines, what is the exact maximum line length in ", "correlation_id": "01KTYTYX1K7NHKYZ8BT2AQA0TD", "level": "info", "timestamp": "2026-06-12T21:14:32.290876Z"}
{"prompt_tag": "answer@v5", "schema": "DraftAnswer", "model": "cyankiwi/Qwen3.5-4B-AWQ-4bit", "max_tokens": 1800, "temperature": 0.1, "top_p": 0.8, "presence_penalty": 1.0, "seed": 42, "message_count": 2, "event": "model_call.start", "query_preview": "According to the developer guidelines, what is the exact maximum line length in ", "correlation_id": "01KTYTYX1K7NHKYZ8BT2AQA0TD", "level": "info", "timestamp": "2026-06-12T21:14:32.293575Z"}
Authentication error: Langfuse client initialized without public_key. Client will be disabled. Provide a public_key parameter or set LANGFUSE_PUBLIC_KEY environment variable. 
{"prompt_tag": "answer@v5", "schema": "DraftAnswer", "tokens": 3645, "event": "model_call.done", "query_preview": "According to the developer guidelines, what is the exact maximum line length in ", "correlation_id": "01KTYTYX1K7NHKYZ8BT2AQA0TD", "level": "info", "timestamp": "2026-06-12T21:14:33.153621Z"}
{"node": "verify", "claim_count": 0, "event": "start", "query_preview": "According to the developer guidelines, what is the exact maximum line length in ", "correlation_id": "01KTYTYX1K7NHKYZ8BT2AQA0TD", "level": "info", "timestamp": "2026-06-12T21:14:33.154698Z"}
{"node": "verify", "event": "empty_draft_shortcircuit", "query_preview": "According to the developer guidelines, what is the exact maximum line length in ", "correlation_id": "01KTYTYX1K7NHKYZ8BT2AQA0TD", "level": "info", "timestamp": "2026-06-12T21:14:33.154746Z"}
{"node": "assess_relevance", "event": "start", "query_preview": "According to the developer guidelines, what is the exact maximum line length in ", "correlation_id": "01KTYTYX1K7NHKYZ8BT2AQA0TD", "level": "info", "timestamp": "2026-06-12T21:14:33.155898Z"}
{"prompt_tag": "assess_relevance@v3", "schema": "RelevanceAssessment", "model": "cyankiwi/Qwen3.5-4B-AWQ-4bit", "max_tokens": 1024, "temperature": 0.1, "top_p": 0.8, "presence_penalty": 1.0, "seed": 42, "message_count": 1, "event": "model_call.start", "query_preview": "According to the developer guidelines, what is the exact maximum line length in ", "correlation_id": "01KTYTYX1K7NHKYZ8BT2AQA0TD", "level": "info", "timestamp": "2026-06-12T21:14:33.157246Z"}
Authentication error: Langfuse client initialized without public_key. Client will be disabled. Provide a public_key parameter or set LANGFUSE_PUBLIC_KEY environment variable. 
{"prompt_tag": "assess_relevance@v3", "schema": "RelevanceAssessment", "tokens": 847, "event": "model_call.done", "query_preview": "According to the developer guidelines, what is the exact maximum line length in ", "correlation_id": "01KTYTYX1K7NHKYZ8BT2AQA0TD", "level": "info", "timestamp": "2026-06-12T21:14:33.549482Z"}
{"node": "assess_relevance", "responsive": true, "event": "relevance", "query_preview": "According to the developer guidelines, what is the exact maximum line length in ", "correlation_id": "01KTYTYX1K7NHKYZ8BT2AQA0TD", "level": "info", "timestamp": "2026-06-12T21:14:33.549547Z"}
{"node": "compose", "event": "start", "query_preview": "According to the developer guidelines, what is the exact maximum line length in ", "correlation_id": "01KTYTYX1K7NHKYZ8BT2AQA0TD", "level": "info", "timestamp": "2026-06-12T21:14:33.551139Z"}
Authentication error: Langfuse client initialized without public_key. Client will be disabled. Provide a public_key parameter or set LANGFUSE_PUBLIC_KEY environment variable. 
{"node": "retrieve", "query_len": 64, "event": "start", "query_preview": "How many unit tests does the Memex test suite currently contain?", "correlation_id": "01KTYTZH6FZMR3GMCTZ7KPWEXP", "level": "info", "timestamp": "2026-06-12T21:14:33.553042Z"}
{"query_len": 64, "k": 50, "event": "hybrid.start", "query_preview": "How many unit tests does the Memex test suite currently contain?", "correlation_id": "01KTYTZH6FZMR3GMCTZ7KPWEXP", "level": "info", "timestamp": "2026-06-12T21:14:33.553091Z"}
{"query_len": 64, "k": 50, "dense": 50, "bm25": 0, "fused": 50, "term": false, "event": "hybrid.done", "query_preview": "How many unit tests does the Memex test suite currently contain?", "correlation_id": "01KTYTZH6FZMR3GMCTZ7KPWEXP", "level": "info", "timestamp": "2026-06-12T21:14:33.623753Z"}
{"node": "retrieve", "candidate_count": 50, "event": "done", "query_preview": "How many unit tests does the Memex test suite currently contain?", "correlation_id": "01KTYTZH6FZMR3GMCTZ7KPWEXP", "level": "info", "timestamp": "2026-06-12T21:14:33.625120Z"}
{"node": "expand_graph", "reason": "disabled_or_empty", "event": "skip", "query_preview": "How many unit tests does the Memex test suite currently contain?", "correlation_id": "01KTYTZH6FZMR3GMCTZ7KPWEXP", "level": "info", "timestamp": "2026-06-12T21:14:33.626679Z"}
{"node": "rerank", "candidate_count": 50, "event": "start", "query_preview": "How many unit tests does the Memex test suite currently contain?", "correlation_id": "01KTYTZH6FZMR3GMCTZ7KPWEXP", "level": "info", "timestamp": "2026-06-12T21:14:33.627313Z"}
{"node": "rerank", "top_k": 5, "source": "mode", "event": "top_k_resolved", "query_preview": "How many unit tests does the Memex test suite currently contain?", "correlation_id": "01KTYTZH6FZMR3GMCTZ7KPWEXP", "level": "info", "timestamp": "2026-06-12T21:14:33.627375Z"}
{"candidates": 50, "top_k": 5, "backend": "cross_encoder", "event": "rerank.start", "query_preview": "How many unit tests does the Memex test suite currently contain?", "correlation_id": "01KTYTZH6FZMR3GMCTZ7KPWEXP", "level": "info", "timestamp": "2026-06-12T21:14:33.627410Z"}
{"candidates": 50, "top_k": 5, "backend": "cross_encoder", "returned": 5, "event": "rerank.done", "query_preview": "How many unit tests does the Memex test suite currently contain?", "correlation_id": "01KTYTZH6FZMR3GMCTZ7KPWEXP", "level": "info", "timestamp": "2026-06-12T21:14:53.072164Z"}
{"node": "rerank", "reranked_count": 5, "event": "done", "query_preview": "How many unit tests does the Memex test suite currently contain?", "correlation_id": "01KTYTZH6FZMR3GMCTZ7KPWEXP", "level": "info", "timestamp": "2026-06-12T21:14:53.072253Z"}
{"node": "query_tables", "reason": "no_relevant_tables", "event": "skip", "query_preview": "How many unit tests does the Memex test suite currently contain?", "correlation_id": "01KTYTZH6FZMR3GMCTZ7KPWEXP", "level": "info", "timestamp": "2026-06-12T21:14:53.074913Z"}
{"node": "assess", "reranked_count": 5, "event": "start", "query_preview": "How many unit tests does the Memex test suite currently contain?", "correlation_id": "01KTYTZH6FZMR3GMCTZ7KPWEXP", "level": "info", "timestamp": "2026-06-12T21:14:53.075999Z"}
{"prompt_tag": "assess_sufficiency@v4", "schema": "SufficiencyAssessment", "model": "cyankiwi/Qwen3.5-4B-AWQ-4bit", "max_tokens": 1024, "temperature": 0.1, "top_p": 0.8, "presence_penalty": 1.0, "seed": 42, "message_count": 1, "event": "model_call.start", "query_preview": "How many unit tests does the Memex test suite currently contain?", "correlation_id": "01KTYTZH6FZMR3GMCTZ7KPWEXP", "level": "info", "timestamp": "2026-06-12T21:14:53.078032Z"}
Authentication error: Langfuse client initialized without public_key. Client will be disabled. Provide a public_key parameter or set LANGFUSE_PUBLIC_KEY environment variable. 
{"prompt_tag": "assess_sufficiency@v4", "schema": "SufficiencyAssessment", "tokens": 2512, "event": "model_call.done", "query_preview": "How many unit tests does the Memex test suite currently contain?", "correlation_id": "01KTYTZH6FZMR3GMCTZ7KPWEXP", "level": "info", "timestamp": "2026-06-12T21:14:53.949849Z"}
{"node": "refuse", "event": "start", "query_preview": "How many unit tests does the Memex test suite currently contain?", "correlation_id": "01KTYTZH6FZMR3GMCTZ7KPWEXP", "level": "info", "timestamp": "2026-06-12T21:14:53.951400Z"}
Authentication error: Langfuse client initialized without public_key. Client will be disabled. Provide a public_key parameter or set LANGFUSE_PUBLIC_KEY environment variable. 
{"node": "retrieve", "query_len": 108, "event": "start", "query_preview": "Which commercial cloud LLM API do the guidelines recommend as a fallback when lo", "correlation_id": "01KTYV0540SEE12B55C1BVYAJZ", "level": "info", "timestamp": "2026-06-12T21:14:53.953556Z"}
{"query_len": 108, "k": 50, "event": "hybrid.start", "query_preview": "Which commercial cloud LLM API do the guidelines recommend as a fallback when lo", "correlation_id": "01KTYV0540SEE12B55C1BVYAJZ", "level": "info", "timestamp": "2026-06-12T21:14:53.953594Z"}
{"query_len": 108, "k": 50, "dense": 50, "bm25": 0, "fused": 50, "term": false, "event": "hybrid.done", "query_preview": "Which commercial cloud LLM API do the guidelines recommend as a fallback when lo", "correlation_id": "01KTYV0540SEE12B55C1BVYAJZ", "level": "info", "timestamp": "2026-06-12T21:14:54.016434Z"}
{"node": "retrieve", "candidate_count": 50, "event": "done", "query_preview": "Which commercial cloud LLM API do the guidelines recommend as a fallback when lo", "correlation_id": "01KTYV0540SEE12B55C1BVYAJZ", "level": "info", "timestamp": "2026-06-12T21:14:54.017347Z"}
{"node": "expand_graph", "reason": "disabled_or_empty", "event": "skip", "query_preview": "Which commercial cloud LLM API do the guidelines recommend as a fallback when lo", "correlation_id": "01KTYV0540SEE12B55C1BVYAJZ", "level": "info", "timestamp": "2026-06-12T21:14:54.018656Z"}
{"node": "rerank", "candidate_count": 50, "event": "start", "query_preview": "Which commercial cloud LLM API do the guidelines recommend as a fallback when lo", "correlation_id": "01KTYV0540SEE12B55C1BVYAJZ", "level": "info", "timestamp": "2026-06-12T21:14:54.019258Z"}
{"node": "rerank", "top_k": 5, "source": "mode", "event": "top_k_resolved", "query_preview": "Which commercial cloud LLM API do the guidelines recommend as a fallback when lo", "correlation_id": "01KTYV0540SEE12B55C1BVYAJZ", "level": "info", "timestamp": "2026-06-12T21:14:54.019337Z"}
{"candidates": 50, "top_k": 5, "backend": "cross_encoder", "event": "rerank.start", "query_preview": "Which commercial cloud LLM API do the guidelines recommend as a fallback when lo", "correlation_id": "01KTYV0540SEE12B55C1BVYAJZ", "level": "info", "timestamp": "2026-06-12T21:14:54.019383Z"}
{"candidates": 50, "top_k": 5, "backend": "cross_encoder", "returned": 5, "event": "rerank.done", "query_preview": "Which commercial cloud LLM API do the guidelines recommend as a fallback when lo", "correlation_id": "01KTYV0540SEE12B55C1BVYAJZ", "level": "info", "timestamp": "2026-06-12T21:15:56.762277Z"}
{"node": "rerank", "reranked_count": 5, "event": "done", "query_preview": "Which commercial cloud LLM API do the guidelines recommend as a fallback when lo", "correlation_id": "01KTYV0540SEE12B55C1BVYAJZ", "level": "info", "timestamp": "2026-06-12T21:15:56.762387Z"}
{"node": "query_tables", "reason": "empty_or_not_table_shaped", "event": "skip", "query_preview": "Which commercial cloud LLM API do the guidelines recommend as a fallback when lo", "correlation_id": "01KTYV0540SEE12B55C1BVYAJZ", "level": "info", "timestamp": "2026-06-12T21:15:56.764441Z"}
{"node": "assess", "reranked_count": 5, "event": "start", "query_preview": "Which commercial cloud LLM API do the guidelines recommend as a fallback when lo", "correlation_id": "01KTYV0540SEE12B55C1BVYAJZ", "level": "info", "timestamp": "2026-06-12T21:15:56.765249Z"}
{"prompt_tag": "assess_sufficiency@v4", "schema": "SufficiencyAssessment", "model": "cyankiwi/Qwen3.5-4B-AWQ-4bit", "max_tokens": 1024, "temperature": 0.1, "top_p": 0.8, "presence_penalty": 1.0, "seed": 42, "message_count": 1, "event": "model_call.start", "query_preview": "Which commercial cloud LLM API do the guidelines recommend as a fallback when lo", "correlation_id": "01KTYV0540SEE12B55C1BVYAJZ", "level": "info", "timestamp": "2026-06-12T21:15:56.767536Z"}
Authentication error: Langfuse client initialized without public_key. Client will be disabled. Provide a public_key parameter or set LANGFUSE_PUBLIC_KEY environment variable. 
{"prompt_tag": "assess_sufficiency@v4", "schema": "SufficiencyAssessment", "tokens": 2753, "event": "model_call.done", "query_preview": "Which commercial cloud LLM API do the guidelines recommend as a fallback when lo", "correlation_id": "01KTYV0540SEE12B55C1BVYAJZ", "level": "info", "timestamp": "2026-06-12T21:15:57.647088Z"}
{"node": "refuse", "event": "start", "query_preview": "Which commercial cloud LLM API do the guidelines recommend as a fallback when lo", "correlation_id": "01KTYV0540SEE12B55C1BVYAJZ", "level": "info", "timestamp": "2026-06-12T21:15:57.648731Z"}
Authentication error: Langfuse client initialized without public_key. Client will be disabled. Provide a public_key parameter or set LANGFUSE_PUBLIC_KEY environment variable. 
{"node": "retrieve", "query_len": 90, "event": "start", "query_preview": "What do the guidelines recommend for deploying Memex to AWS or a cloud Kubernete", "correlation_id": "01KTYV23AHR4H7Y1PC05N8VQ2S", "level": "info", "timestamp": "2026-06-12T21:15:57.650692Z"}
{"query_len": 90, "k": 50, "event": "hybrid.start", "query_preview": "What do the guidelines recommend for deploying Memex to AWS or a cloud Kubernete", "correlation_id": "01KTYV23AHR4H7Y1PC05N8VQ2S", "level": "info", "timestamp": "2026-06-12T21:15:57.650737Z"}
{"query_len": 90, "k": 50, "dense": 50, "bm25": 0, "fused": 50, "term": false, "event": "hybrid.done", "query_preview": "What do the guidelines recommend for deploying Memex to AWS or a cloud Kubernete", "correlation_id": "01KTYV23AHR4H7Y1PC05N8VQ2S", "level": "info", "timestamp": "2026-06-12T21:15:57.722647Z"}
{"node": "retrieve", "candidate_count": 50, "event": "done", "query_preview": "What do the guidelines recommend for deploying Memex to AWS or a cloud Kubernete", "correlation_id": "01KTYV23AHR4H7Y1PC05N8VQ2S", "level": "info", "timestamp": "2026-06-12T21:15:57.723532Z"}
{"node": "expand_graph", "reason": "disabled_or_empty", "event": "skip", "query_preview": "What do the guidelines recommend for deploying Memex to AWS or a cloud Kubernete", "correlation_id": "01KTYV23AHR4H7Y1PC05N8VQ2S", "level": "info", "timestamp": "2026-06-12T21:15:57.724888Z"}
{"node": "rerank", "candidate_count": 50, "event": "start", "query_preview": "What do the guidelines recommend for deploying Memex to AWS or a cloud Kubernete", "correlation_id": "01KTYV23AHR4H7Y1PC05N8VQ2S", "level": "info", "timestamp": "2026-06-12T21:15:57.725382Z"}
{"node": "rerank", "top_k": 5, "source": "mode", "event": "top_k_resolved", "query_preview": "What do the guidelines recommend for deploying Memex to AWS or a cloud Kubernete", "correlation_id": "01KTYV23AHR4H7Y1PC05N8VQ2S", "level": "info", "timestamp": "2026-06-12T21:15:57.725429Z"}
{"candidates": 50, "top_k": 5, "backend": "cross_encoder", "event": "rerank.start", "query_preview": "What do the guidelines recommend for deploying Memex to AWS or a cloud Kubernete", "correlation_id": "01KTYV23AHR4H7Y1PC05N8VQ2S", "level": "info", "timestamp": "2026-06-12T21:15:57.725452Z"}
{"candidates": 50, "top_k": 5, "backend": "cross_encoder", "returned": 5, "event": "rerank.done", "query_preview": "What do the guidelines recommend for deploying Memex to AWS or a cloud Kubernete", "correlation_id": "01KTYV23AHR4H7Y1PC05N8VQ2S", "level": "info", "timestamp": "2026-06-12T21:16:28.809031Z"}
{"node": "rerank", "reranked_count": 5, "event": "done", "query_preview": "What do the guidelines recommend for deploying Memex to AWS or a cloud Kubernete", "correlation_id": "01KTYV23AHR4H7Y1PC05N8VQ2S", "level": "info", "timestamp": "2026-06-12T21:16:28.809114Z"}
{"node": "query_tables", "reason": "empty_or_not_table_shaped", "event": "skip", "query_preview": "What do the guidelines recommend for deploying Memex to AWS or a cloud Kubernete", "correlation_id": "01KTYV23AHR4H7Y1PC05N8VQ2S", "level": "info", "timestamp": "2026-06-12T21:16:28.810649Z"}
{"node": "assess", "reranked_count": 5, "event": "start", "query_preview": "What do the guidelines recommend for deploying Memex to AWS or a cloud Kubernete", "correlation_id": "01KTYV23AHR4H7Y1PC05N8VQ2S", "level": "info", "timestamp": "2026-06-12T21:16:28.811220Z"}
{"prompt_tag": "assess_sufficiency@v4", "schema": "SufficiencyAssessment", "model": "cyankiwi/Qwen3.5-4B-AWQ-4bit", "max_tokens": 1024, "temperature": 0.1, "top_p": 0.8, "presence_penalty": 1.0, "seed": 42, "message_count": 1, "event": "model_call.start", "query_preview": "What do the guidelines recommend for deploying Memex to AWS or a cloud Kubernete", "correlation_id": "01KTYV23AHR4H7Y1PC05N8VQ2S", "level": "info", "timestamp": "2026-06-12T21:16:28.812718Z"}
Authentication error: Langfuse client initialized without public_key. Client will be disabled. Provide a public_key parameter or set LANGFUSE_PUBLIC_KEY environment variable. 
{"prompt_tag": "assess_sufficiency@v4", "schema": "SufficiencyAssessment", "tokens": 2551, "event": "model_call.done", "query_preview": "What do the guidelines recommend for deploying Memex to AWS or a cloud Kubernete", "correlation_id": "01KTYV23AHR4H7Y1PC05N8VQ2S", "level": "info", "timestamp": "2026-06-12T21:16:29.888051Z"}
{"node": "answer", "regenerate_attempt": 0, "event": "start", "query_preview": "What do the guidelines recommend for deploying Memex to AWS or a cloud Kubernete", "correlation_id": "01KTYV23AHR4H7Y1PC05N8VQ2S", "level": "info", "timestamp": "2026-06-12T21:16:29.889445Z"}
{"prompt_tag": "answer@v5", "schema": "DraftAnswer", "model": "cyankiwi/Qwen3.5-4B-AWQ-4bit", "max_tokens": 1800, "temperature": 0.1, "top_p": 0.8, "presence_penalty": 1.0, "seed": 42, "message_count": 2, "event": "model_call.start", "query_preview": "What do the guidelines recommend for deploying Memex to AWS or a cloud Kubernete", "correlation_id": "01KTYV23AHR4H7Y1PC05N8VQ2S", "level": "info", "timestamp": "2026-06-12T21:16:29.891513Z"}
Authentication error: Langfuse client initialized without public_key. Client will be disabled. Provide a public_key parameter or set LANGFUSE_PUBLIC_KEY environment variable. 
{"prompt_tag": "answer@v5", "schema": "DraftAnswer", "tokens": 4102, "event": "model_call.done", "query_preview": "What do the guidelines recommend for deploying Memex to AWS or a cloud Kubernete", "correlation_id": "01KTYV23AHR4H7Y1PC05N8VQ2S", "level": "info", "timestamp": "2026-06-12T21:16:30.866050Z"}
{"node": "verify", "claim_count": 0, "event": "start", "query_preview": "What do the guidelines recommend for deploying Memex to AWS or a cloud Kubernete", "correlation_id": "01KTYV23AHR4H7Y1PC05N8VQ2S", "level": "info", "timestamp": "2026-06-12T21:16:30.866964Z"}
{"node": "verify", "event": "empty_draft_shortcircuit", "query_preview": "What do the guidelines recommend for deploying Memex to AWS or a cloud Kubernete", "correlation_id": "01KTYV23AHR4H7Y1PC05N8VQ2S", "level": "info", "timestamp": "2026-06-12T21:16:30.866996Z"}
{"node": "assess_relevance", "event": "start", "query_preview": "What do the guidelines recommend for deploying Memex to AWS or a cloud Kubernete", "correlation_id": "01KTYV23AHR4H7Y1PC05N8VQ2S", "level": "info", "timestamp": "2026-06-12T21:16:30.868650Z"}
{"prompt_tag": "assess_relevance@v3", "schema": "RelevanceAssessment", "model": "cyankiwi/Qwen3.5-4B-AWQ-4bit", "max_tokens": 1024, "temperature": 0.1, "top_p": 0.8, "presence_penalty": 1.0, "seed": 42, "message_count": 1, "event": "model_call.start", "query_preview": "What do the guidelines recommend for deploying Memex to AWS or a cloud Kubernete", "correlation_id": "01KTYV23AHR4H7Y1PC05N8VQ2S", "level": "info", "timestamp": "2026-06-12T21:16:30.869930Z"}
Authentication error: Langfuse client initialized without public_key. Client will be disabled. Provide a public_key parameter or set LANGFUSE_PUBLIC_KEY environment variable. 
{"prompt_tag": "assess_relevance@v3", "schema": "RelevanceAssessment", "tokens": 855, "event": "model_call.done", "query_preview": "What do the guidelines recommend for deploying Memex to AWS or a cloud Kubernete", "correlation_id": "01KTYV23AHR4H7Y1PC05N8VQ2S", "level": "info", "timestamp": "2026-06-12T21:16:31.331333Z"}
{"node": "assess_relevance", "responsive": true, "event": "relevance", "query_preview": "What do the guidelines recommend for deploying Memex to AWS or a cloud Kubernete", "correlation_id": "01KTYV23AHR4H7Y1PC05N8VQ2S", "level": "info", "timestamp": "2026-06-12T21:16:31.331387Z"}
{"node": "compose", "event": "start", "query_preview": "What do the guidelines recommend for deploying Memex to AWS or a cloud Kubernete", "correlation_id": "01KTYV23AHR4H7Y1PC05N8VQ2S", "level": "info", "timestamp": "2026-06-12T21:16:31.332940Z"}
Authentication error: Langfuse client initialized without public_key. Client will be disabled. Provide a public_key parameter or set LANGFUSE_PUBLIC_KEY environment variable. 
{"node": "retrieve", "query_len": 75, "event": "start", "query_preview": "What is the recommended monthly price for the Memex SaaS subscription tier?", "correlation_id": "01KTYV3475A9SVV24SWHRW7XG1", "level": "info", "timestamp": "2026-06-12T21:16:31.334872Z"}
{"query_len": 75, "k": 50, "event": "hybrid.start", "query_preview": "What is the recommended monthly price for the Memex SaaS subscription tier?", "correlation_id": "01KTYV3475A9SVV24SWHRW7XG1", "level": "info", "timestamp": "2026-06-12T21:16:31.334907Z"}
{"query_len": 75, "k": 50, "dense": 50, "bm25": 50, "fused": 50, "term": true, "event": "hybrid.done", "query_preview": "What is the recommended monthly price for the Memex SaaS subscription tier?", "correlation_id": "01KTYV3475A9SVV24SWHRW7XG1", "level": "info", "timestamp": "2026-06-12T21:16:31.416137Z"}
{"node": "retrieve", "candidate_count": 50, "event": "done", "query_preview": "What is the recommended monthly price for the Memex SaaS subscription tier?", "correlation_id": "01KTYV3475A9SVV24SWHRW7XG1", "level": "info", "timestamp": "2026-06-12T21:16:31.417047Z"}
{"node": "expand_graph", "reason": "disabled_or_empty", "event": "skip", "query_preview": "What is the recommended monthly price for the Memex SaaS subscription tier?", "correlation_id": "01KTYV3475A9SVV24SWHRW7XG1", "level": "info", "timestamp": "2026-06-12T21:16:31.418433Z"}
{"node": "rerank", "candidate_count": 50, "event": "start", "query_preview": "What is the recommended monthly price for the Memex SaaS subscription tier?", "correlation_id": "01KTYV3475A9SVV24SWHRW7XG1", "level": "info", "timestamp": "2026-06-12T21:16:31.418942Z"}
{"node": "rerank", "top_k": 5, "source": "mode", "event": "top_k_resolved", "query_preview": "What is the recommended monthly price for the Memex SaaS subscription tier?", "correlation_id": "01KTYV3475A9SVV24SWHRW7XG1", "level": "info", "timestamp": "2026-06-12T21:16:31.418994Z"}
{"candidates": 50, "top_k": 5, "backend": "cross_encoder", "event": "rerank.start", "query_preview": "What is the recommended monthly price for the Memex SaaS subscription tier?", "correlation_id": "01KTYV3475A9SVV24SWHRW7XG1", "level": "info", "timestamp": "2026-06-12T21:16:31.419017Z"}
{"candidates": 50, "top_k": 5, "backend": "cross_encoder", "returned": 5, "event": "rerank.done", "query_preview": "What is the recommended monthly price for the Memex SaaS subscription tier?", "correlation_id": "01KTYV3475A9SVV24SWHRW7XG1", "level": "info", "timestamp": "2026-06-12T21:16:49.723271Z"}
{"node": "rerank", "reranked_count": 5, "event": "done", "query_preview": "What is the recommended monthly price for the Memex SaaS subscription tier?", "correlation_id": "01KTYV3475A9SVV24SWHRW7XG1", "level": "info", "timestamp": "2026-06-12T21:16:49.723344Z"}
{"node": "query_tables", "reason": "empty_or_not_table_shaped", "event": "skip", "query_preview": "What is the recommended monthly price for the Memex SaaS subscription tier?", "correlation_id": "01KTYV3475A9SVV24SWHRW7XG1", "level": "info", "timestamp": "2026-06-12T21:16:49.724883Z"}
{"node": "assess", "reranked_count": 5, "event": "start", "query_preview": "What is the recommended monthly price for the Memex SaaS subscription tier?", "correlation_id": "01KTYV3475A9SVV24SWHRW7XG1", "level": "info", "timestamp": "2026-06-12T21:16:49.725484Z"}
{"prompt_tag": "assess_sufficiency@v4", "schema": "SufficiencyAssessment", "model": "cyankiwi/Qwen3.5-4B-AWQ-4bit", "max_tokens": 1024, "temperature": 0.1, "top_p": 0.8, "presence_penalty": 1.0, "seed": 42, "message_count": 1, "event": "model_call.start", "query_preview": "What is the recommended monthly price for the Memex SaaS subscription tier?", "correlation_id": "01KTYV3475A9SVV24SWHRW7XG1", "level": "info", "timestamp": "2026-06-12T21:16:49.727012Z"}
Authentication error: Langfuse client initialized without public_key. Client will be disabled. Provide a public_key parameter or set LANGFUSE_PUBLIC_KEY environment variable. 
{"prompt_tag": "assess_sufficiency@v4", "schema": "SufficiencyAssessment", "tokens": 3092, "event": "model_call.done", "query_preview": "What is the recommended monthly price for the Memex SaaS subscription tier?", "correlation_id": "01KTYV3475A9SVV24SWHRW7XG1", "level": "info", "timestamp": "2026-06-12T21:16:50.648975Z"}
{"node": "refuse", "event": "start", "query_preview": "What is the recommended monthly price for the Memex SaaS subscription tier?", "correlation_id": "01KTYV3475A9SVV24SWHRW7XG1", "level": "info", "timestamp": "2026-06-12T21:16:50.650356Z"}
Authentication error: Langfuse client initialized without public_key. Client will be disabled. Provide a public_key parameter or set LANGFUSE_PUBLIC_KEY environment variable. 
{"node": "retrieve", "query_len": 46, "event": "start", "query_preview": "What is the npm package name to install Memex?", "correlation_id": "01KTYV3Q2VQQ4DA0WRVM2PW106", "level": "info", "timestamp": "2026-06-12T21:16:50.652106Z"}
{"query_len": 46, "k": 50, "event": "hybrid.start", "query_preview": "What is the npm package name to install Memex?", "correlation_id": "01KTYV3Q2VQQ4DA0WRVM2PW106", "level": "info", "timestamp": "2026-06-12T21:16:50.652142Z"}
{"query_len": 46, "k": 50, "dense": 50, "bm25": 0, "fused": 50, "term": false, "event": "hybrid.done", "query_preview": "What is the npm package name to install Memex?", "correlation_id": "01KTYV3Q2VQQ4DA0WRVM2PW106", "level": "info", "timestamp": "2026-06-12T21:16:50.716924Z"}
{"node": "retrieve", "candidate_count": 50, "event": "done", "query_preview": "What is the npm package name to install Memex?", "correlation_id": "01KTYV3Q2VQQ4DA0WRVM2PW106", "level": "info", "timestamp": "2026-06-12T21:16:50.717832Z"}
{"node": "expand_graph", "reason": "disabled_or_empty", "event": "skip", "query_preview": "What is the npm package name to install Memex?", "correlation_id": "01KTYV3Q2VQQ4DA0WRVM2PW106", "level": "info", "timestamp": "2026-06-12T21:16:50.719251Z"}
{"node": "rerank", "candidate_count": 50, "event": "start", "query_preview": "What is the npm package name to install Memex?", "correlation_id": "01KTYV3Q2VQQ4DA0WRVM2PW106", "level": "info", "timestamp": "2026-06-12T21:16:50.719825Z"}
{"node": "rerank", "top_k": 5, "source": "mode", "event": "top_k_resolved", "query_preview": "What is the npm package name to install Memex?", "correlation_id": "01KTYV3Q2VQQ4DA0WRVM2PW106", "level": "info", "timestamp": "2026-06-12T21:16:50.719876Z"}
{"candidates": 50, "top_k": 5, "backend": "cross_encoder", "event": "rerank.start", "query_preview": "What is the npm package name to install Memex?", "correlation_id": "01KTYV3Q2VQQ4DA0WRVM2PW106", "level": "info", "timestamp": "2026-06-12T21:16:50.719899Z"}
{"candidates": 50, "top_k": 5, "backend": "cross_encoder", "returned": 5, "event": "rerank.done", "query_preview": "What is the npm package name to install Memex?", "correlation_id": "01KTYV3Q2VQQ4DA0WRVM2PW106", "level": "info", "timestamp": "2026-06-12T21:17:11.165658Z"}
{"node": "rerank", "reranked_count": 5, "event": "done", "query_preview": "What is the npm package name to install Memex?", "correlation_id": "01KTYV3Q2VQQ4DA0WRVM2PW106", "level": "info", "timestamp": "2026-06-12T21:17:11.165735Z"}
{"node": "query_tables", "reason": "empty_or_not_table_shaped", "event": "skip", "query_preview": "What is the npm package name to install Memex?", "correlation_id": "01KTYV3Q2VQQ4DA0WRVM2PW106", "level": "info", "timestamp": "2026-06-12T21:17:11.167373Z"}
{"node": "assess", "reranked_count": 5, "event": "start", "query_preview": "What is the npm package name to install Memex?", "correlation_id": "01KTYV3Q2VQQ4DA0WRVM2PW106", "level": "info", "timestamp": "2026-06-12T21:17:11.168008Z"}
{"prompt_tag": "assess_sufficiency@v4", "schema": "SufficiencyAssessment", "model": "cyankiwi/Qwen3.5-4B-AWQ-4bit", "max_tokens": 1024, "temperature": 0.1, "top_p": 0.8, "presence_penalty": 1.0, "seed": 42, "message_count": 1, "event": "model_call.start", "query_preview": "What is the npm package name to install Memex?", "correlation_id": "01KTYV3Q2VQQ4DA0WRVM2PW106", "level": "info", "timestamp": "2026-06-12T21:17:11.169469Z"}
Authentication error: Langfuse client initialized without public_key. Client will be disabled. Provide a public_key parameter or set LANGFUSE_PUBLIC_KEY environment variable. 
{"prompt_tag": "assess_sufficiency@v4", "schema": "SufficiencyAssessment", "tokens": 2690, "event": "model_call.done", "query_preview": "What is the npm package name to install Memex?", "correlation_id": "01KTYV3Q2VQQ4DA0WRVM2PW106", "level": "info", "timestamp": "2026-06-12T21:17:12.018406Z"}
{"node": "refuse", "event": "start", "query_preview": "What is the npm package name to install Memex?", "correlation_id": "01KTYV3Q2VQQ4DA0WRVM2PW106", "level": "info", "timestamp": "2026-06-12T21:17:12.019755Z"}
{"query_count": 18, "quick": false, "error_count": 0, "mean_citation_precision": 0.9629629629629629, "mean_citation_precision_answered_only": 0.9444444444444445, "answer_text_checked": 0, "answer_text_correct_count": 0, "mean_answer_mention_recall": null, "event": "eval.done", "level": "info", "timestamp": "2026-06-12T21:17:12.020483Z"}
