{"vault_path": "/home/drei/.memex/vault", "event": "bootstrap", "level": "info", "timestamp": "2026-06-12T04:06:35.818729Z"}
{"estimated_gb": 11.8, "budget_gb": 9.8, "total_gb": 11.6, "gpu": "NVIDIA GeForce RTX 4070", "vlm_counted": false, "co_residence_mode": "manual", "embedder_device": "cpu", "reranker_device": "cpu", "fix": "lower hardware.gpu_memory_fraction, switch to a lighter co-residence mode (MEMEX_MODELS__CO_RESIDENCE_MODE=full puts the reranker on CPU), switch to a smaller VLM variant (vlm_quantization=awq_int4), or reduce the orchestrator quant tier", "event": "vram.budget.tight", "level": "warning", "timestamp": "2026-06-12T04:06:36.672914Z"}
{"component": "bootstrap.gpu", "total_gb": 11.56, "free_gb": 4.29, "holders": ["pid 382037: VLLM::EngineCore (6170 MiB)", "pid 980403: /home/drei/project/Doc_Flo/.venv/bin/python3 (154 MiB)"], "event": "gpu.preflight", "level": "info", "timestamp": "2026-06-12T04:06:36.772095Z"}
{"query_count": 16, "quick": false, "event": "eval.start", "level": "info", "timestamp": "2026-06-12T04:06:36.810110Z"}
Authentication error: Langfuse client initialized without public_key. Client will be disabled. Provide a public_key parameter or set LANGFUSE_PUBLIC_KEY environment variable. 
{"node": "retrieve", "query_len": 47, "event": "start", "correlation_id": "01KTX05A0A0RXY2ACMA2QYK7TH", "query_preview": "What was NVIDIA's total revenue in fiscal 2026?", "level": "info", "timestamp": "2026-06-12T04:06:36.833772Z"}
{"query_len": 47, "k": 50, "event": "hybrid.start", "correlation_id": "01KTX05A0A0RXY2ACMA2QYK7TH", "query_preview": "What was NVIDIA's total revenue in fiscal 2026?", "level": "info", "timestamp": "2026-06-12T04:06:36.833836Z"}
{"name": "embedder", "event": "model.load.start", "correlation_id": "01KTX05A0A0RXY2ACMA2QYK7TH", "query_preview": "What was NVIDIA's total revenue in fiscal 2026?", "level": "info", "timestamp": "2026-06-12T04:06:36.837275Z"}
`torch_dtype` is deprecated! Use `dtype` instead!
{"name": "embedder", "event": "model.load.done", "correlation_id": "01KTX05A0A0RXY2ACMA2QYK7TH", "query_preview": "What was NVIDIA's total revenue in fiscal 2026?", "level": "info", "timestamp": "2026-06-12T04:06:40.721073Z"}
{"query_len": 47, "k": 50, "dense": 50, "bm25": 0, "fused": 50, "term": false, "event": "hybrid.done", "correlation_id": "01KTX05A0A0RXY2ACMA2QYK7TH", "query_preview": "What was NVIDIA's total revenue in fiscal 2026?", "level": "info", "timestamp": "2026-06-12T04:06:40.877413Z"}
{"node": "retrieve", "candidate_count": 50, "event": "done", "correlation_id": "01KTX05A0A0RXY2ACMA2QYK7TH", "query_preview": "What was NVIDIA's total revenue in fiscal 2026?", "level": "info", "timestamp": "2026-06-12T04:06:40.878255Z"}
{"node": "expand_graph", "reason": "disabled_or_empty", "event": "skip", "correlation_id": "01KTX05A0A0RXY2ACMA2QYK7TH", "query_preview": "What was NVIDIA's total revenue in fiscal 2026?", "level": "info", "timestamp": "2026-06-12T04:06:40.880020Z"}
{"node": "rerank", "candidate_count": 50, "event": "start", "correlation_id": "01KTX05A0A0RXY2ACMA2QYK7TH", "query_preview": "What was NVIDIA's total revenue in fiscal 2026?", "level": "info", "timestamp": "2026-06-12T04:06:40.880624Z"}
{"node": "rerank", "top_k": 5, "source": "mode", "event": "top_k_resolved", "correlation_id": "01KTX05A0A0RXY2ACMA2QYK7TH", "query_preview": "What was NVIDIA's total revenue in fiscal 2026?", "level": "info", "timestamp": "2026-06-12T04:06:40.880681Z"}
{"candidates": 50, "top_k": 5, "backend": "cross_encoder", "event": "rerank.start", "correlation_id": "01KTX05A0A0RXY2ACMA2QYK7TH", "query_preview": "What was NVIDIA's total revenue in fiscal 2026?", "level": "info", "timestamp": "2026-06-12T04:06:40.880713Z"}
{"name": "reranker", "event": "model.load.start", "correlation_id": "01KTX05A0A0RXY2ACMA2QYK7TH", "query_preview": "What was NVIDIA's total revenue in fiscal 2026?", "level": "info", "timestamp": "2026-06-12T04:06:40.880746Z"}
{"name": "reranker", "event": "model.load.done", "correlation_id": "01KTX05A0A0RXY2ACMA2QYK7TH", "query_preview": "What was NVIDIA's total revenue in fiscal 2026?", "level": "info", "timestamp": "2026-06-12T04:06:42.426497Z"}
{"candidates": 50, "top_k": 5, "backend": "cross_encoder", "returned": 5, "event": "rerank.done", "correlation_id": "01KTX05A0A0RXY2ACMA2QYK7TH", "query_preview": "What was NVIDIA's total revenue in fiscal 2026?", "level": "info", "timestamp": "2026-06-12T04:07:52.785274Z"}
{"node": "rerank", "reranked_count": 5, "event": "done", "correlation_id": "01KTX05A0A0RXY2ACMA2QYK7TH", "query_preview": "What was NVIDIA's total revenue in fiscal 2026?", "level": "info", "timestamp": "2026-06-12T04:07:52.785602Z"}
{"prompt_tag": "generate_table_sql@v1", "schema": "GeneratedSQL", "model": "cyankiwi/Qwen3.5-4B-AWQ-4bit", "max_tokens": 1024, "temperature": 0.1, "top_p": 0.8, "presence_penalty": 1.0, "seed": 42, "message_count": 1, "event": "model_call.start", "correlation_id": "01KTX05A0A0RXY2ACMA2QYK7TH", "query_preview": "What was NVIDIA's total revenue in fiscal 2026?", "level": "info", "timestamp": "2026-06-12T04:07:52.810215Z"}
Authentication error: Langfuse client initialized without public_key. Client will be disabled. Provide a public_key parameter or set LANGFUSE_PUBLIC_KEY environment variable. 
{"prompt_tag": "generate_table_sql@v1", "schema": "GeneratedSQL", "tokens": 3537, "event": "model_call.done", "correlation_id": "01KTX05A0A0RXY2ACMA2QYK7TH", "query_preview": "What was NVIDIA's total revenue in fiscal 2026?", "level": "info", "timestamp": "2026-06-12T04:07:53.560281Z"}
{"node": "query_doc_tables", "sql": "", "target": "", "event": "table_sql.generated", "correlation_id": "01KTX05A0A0RXY2ACMA2QYK7TH", "query_preview": "What was NVIDIA's total revenue in fiscal 2026?", "level": "info", "timestamp": "2026-06-12T04:07:53.560340Z"}
{"node": "query_doc_tables", "sql": "", "event": "table_sql.rejected_not_select", "correlation_id": "01KTX05A0A0RXY2ACMA2QYK7TH", "query_preview": "What was NVIDIA's total revenue in fiscal 2026?", "level": "info", "timestamp": "2026-06-12T04:07:53.560362Z"}
{"node": "query_tables", "event": "no_table_answer", "correlation_id": "01KTX05A0A0RXY2ACMA2QYK7TH", "query_preview": "What was NVIDIA's total revenue in fiscal 2026?", "level": "info", "timestamp": "2026-06-12T04:07:53.560818Z"}
{"node": "assess", "reranked_count": 5, "event": "start", "correlation_id": "01KTX05A0A0RXY2ACMA2QYK7TH", "query_preview": "What was NVIDIA's total revenue in fiscal 2026?", "level": "info", "timestamp": "2026-06-12T04:07:53.561985Z"}
{"prompt_tag": "assess_sufficiency@v4", "schema": "SufficiencyAssessment", "model": "cyankiwi/Qwen3.5-4B-AWQ-4bit", "max_tokens": 1024, "temperature": 0.1, "top_p": 0.8, "presence_penalty": 1.0, "seed": 42, "message_count": 1, "event": "model_call.start", "correlation_id": "01KTX05A0A0RXY2ACMA2QYK7TH", "query_preview": "What was NVIDIA's total revenue in fiscal 2026?", "level": "info", "timestamp": "2026-06-12T04:07:53.564631Z"}
Authentication error: Langfuse client initialized without public_key. Client will be disabled. Provide a public_key parameter or set LANGFUSE_PUBLIC_KEY environment variable. 
{"prompt_tag": "assess_sufficiency@v4", "schema": "SufficiencyAssessment", "tokens": 3077, "event": "model_call.done", "correlation_id": "01KTX05A0A0RXY2ACMA2QYK7TH", "query_preview": "What was NVIDIA's total revenue in fiscal 2026?", "level": "info", "timestamp": "2026-06-12T04:07:54.407624Z"}
{"node": "answer", "regenerate_attempt": 0, "event": "start", "correlation_id": "01KTX05A0A0RXY2ACMA2QYK7TH", "query_preview": "What was NVIDIA's total revenue in fiscal 2026?", "level": "info", "timestamp": "2026-06-12T04:07:54.409542Z"}
{"prompt_tag": "answer@v5", "schema": "DraftAnswer", "model": "cyankiwi/Qwen3.5-4B-AWQ-4bit", "max_tokens": 1800, "temperature": 0.1, "top_p": 0.8, "presence_penalty": 1.0, "seed": 42, "message_count": 2, "event": "model_call.start", "correlation_id": "01KTX05A0A0RXY2ACMA2QYK7TH", "query_preview": "What was NVIDIA's total revenue in fiscal 2026?", "level": "info", "timestamp": "2026-06-12T04:07:54.415472Z"}
Authentication error: Langfuse client initialized without public_key. Client will be disabled. Provide a public_key parameter or set LANGFUSE_PUBLIC_KEY environment variable. 
{"prompt_tag": "answer@v5", "schema": "DraftAnswer", "tokens": 4727, "event": "model_call.done", "correlation_id": "01KTX05A0A0RXY2ACMA2QYK7TH", "query_preview": "What was NVIDIA's total revenue in fiscal 2026?", "level": "info", "timestamp": "2026-06-12T04:07:56.077243Z"}
{"node": "answer", "original": "NVIDIA's total revenue in fiscal 2026 was $215.9 billion, as stated in the 2026 Annual Review (Form 10-K).", "event": "answer.summary_scope_rebuilt", "correlation_id": "01KTX05A0A0RXY2ACMA2QYK7TH", "query_preview": "What was NVIDIA's total revenue in fiscal 2026?", "level": "info", "timestamp": "2026-06-12T04:07:56.077331Z"}
{"node": "verify", "claim_count": 1, "event": "start", "correlation_id": "01KTX05A0A0RXY2ACMA2QYK7TH", "query_preview": "What was NVIDIA's total revenue in fiscal 2026?", "level": "info", "timestamp": "2026-06-12T04:07:56.078515Z"}
{"prompt_tag": "verify_grounding@v2", "schema": "VerificationResult", "model": "cyankiwi/Qwen3.5-4B-AWQ-4bit", "max_tokens": 1024, "temperature": 0.1, "top_p": 0.8, "presence_penalty": 1.0, "seed": 42, "message_count": 1, "event": "model_call.start", "correlation_id": "01KTX05A0A0RXY2ACMA2QYK7TH", "query_preview": "What was NVIDIA's total revenue in fiscal 2026?", "level": "info", "timestamp": "2026-06-12T04:07:56.087305Z"}
Authentication error: Langfuse client initialized without public_key. Client will be disabled. Provide a public_key parameter or set LANGFUSE_PUBLIC_KEY environment variable. 
{"prompt_tag": "verify_grounding@v2", "schema": "VerificationResult", "tokens": 2992, "event": "model_call.done", "correlation_id": "01KTX05A0A0RXY2ACMA2QYK7TH", "query_preview": "What was NVIDIA's total revenue in fiscal 2026?", "level": "info", "timestamp": "2026-06-12T04:07:56.723563Z"}
{"node": "assess_relevance", "event": "start", "correlation_id": "01KTX05A0A0RXY2ACMA2QYK7TH", "query_preview": "What was NVIDIA's total revenue in fiscal 2026?", "level": "info", "timestamp": "2026-06-12T04:07:56.725680Z"}
{"node": "assess_relevance", "event": "relevance.scope_rebuilt_refuse", "correlation_id": "01KTX05A0A0RXY2ACMA2QYK7TH", "query_preview": "What was NVIDIA's total revenue in fiscal 2026?", "level": "info", "timestamp": "2026-06-12T04:07:56.725729Z"}
{"node": "refuse", "event": "start", "correlation_id": "01KTX05A0A0RXY2ACMA2QYK7TH", "query_preview": "What was NVIDIA's total revenue in fiscal 2026?", "level": "info", "timestamp": "2026-06-12T04:07:56.727262Z"}
Authentication error: Langfuse client initialized without public_key. Client will be disabled. Provide a public_key parameter or set LANGFUSE_PUBLIC_KEY environment variable. 
{"node": "retrieve", "query_len": 60, "event": "start", "correlation_id": "01KTX07R1QA4W0MKPZ7HE4F32Z", "query_preview": "What was NVIDIA's diluted earnings per share in fiscal 2026?", "level": "info", "timestamp": "2026-06-12T04:07:56.729239Z"}
{"query_len": 60, "k": 50, "event": "hybrid.start", "correlation_id": "01KTX07R1QA4W0MKPZ7HE4F32Z", "query_preview": "What was NVIDIA's diluted earnings per share in fiscal 2026?", "level": "info", "timestamp": "2026-06-12T04:07:56.729283Z"}
{"query_len": 60, "k": 50, "dense": 50, "bm25": 0, "fused": 50, "term": false, "event": "hybrid.done", "correlation_id": "01KTX07R1QA4W0MKPZ7HE4F32Z", "query_preview": "What was NVIDIA's diluted earnings per share in fiscal 2026?", "level": "info", "timestamp": "2026-06-12T04:07:56.810612Z"}
{"node": "retrieve", "candidate_count": 50, "event": "done", "correlation_id": "01KTX07R1QA4W0MKPZ7HE4F32Z", "query_preview": "What was NVIDIA's diluted earnings per share in fiscal 2026?", "level": "info", "timestamp": "2026-06-12T04:07:56.811590Z"}
{"node": "expand_graph", "reason": "disabled_or_empty", "event": "skip", "correlation_id": "01KTX07R1QA4W0MKPZ7HE4F32Z", "query_preview": "What was NVIDIA's diluted earnings per share in fiscal 2026?", "level": "info", "timestamp": "2026-06-12T04:07:56.812858Z"}
{"node": "rerank", "candidate_count": 50, "event": "start", "correlation_id": "01KTX07R1QA4W0MKPZ7HE4F32Z", "query_preview": "What was NVIDIA's diluted earnings per share in fiscal 2026?", "level": "info", "timestamp": "2026-06-12T04:07:56.813338Z"}
{"node": "rerank", "top_k": 5, "source": "mode", "event": "top_k_resolved", "correlation_id": "01KTX07R1QA4W0MKPZ7HE4F32Z", "query_preview": "What was NVIDIA's diluted earnings per share in fiscal 2026?", "level": "info", "timestamp": "2026-06-12T04:07:56.813395Z"}
{"candidates": 50, "top_k": 5, "backend": "cross_encoder", "event": "rerank.start", "correlation_id": "01KTX07R1QA4W0MKPZ7HE4F32Z", "query_preview": "What was NVIDIA's diluted earnings per share in fiscal 2026?", "level": "info", "timestamp": "2026-06-12T04:07:56.813423Z"}
{"candidates": 50, "top_k": 5, "backend": "cross_encoder", "returned": 5, "event": "rerank.done", "correlation_id": "01KTX07R1QA4W0MKPZ7HE4F32Z", "query_preview": "What was NVIDIA's diluted earnings per share in fiscal 2026?", "level": "info", "timestamp": "2026-06-12T04:09:10.630434Z"}
{"node": "rerank", "reranked_count": 5, "event": "done", "correlation_id": "01KTX07R1QA4W0MKPZ7HE4F32Z", "query_preview": "What was NVIDIA's diluted earnings per share in fiscal 2026?", "level": "info", "timestamp": "2026-06-12T04:09:10.630518Z"}
{"node": "query_tables", "reason": "empty_or_not_table_shaped", "event": "skip", "correlation_id": "01KTX07R1QA4W0MKPZ7HE4F32Z", "query_preview": "What was NVIDIA's diluted earnings per share in fiscal 2026?", "level": "info", "timestamp": "2026-06-12T04:09:10.632503Z"}
{"node": "assess", "reranked_count": 5, "event": "start", "correlation_id": "01KTX07R1QA4W0MKPZ7HE4F32Z", "query_preview": "What was NVIDIA's diluted earnings per share in fiscal 2026?", "level": "info", "timestamp": "2026-06-12T04:09:10.633411Z"}
{"prompt_tag": "assess_sufficiency@v4", "schema": "SufficiencyAssessment", "model": "cyankiwi/Qwen3.5-4B-AWQ-4bit", "max_tokens": 1024, "temperature": 0.1, "top_p": 0.8, "presence_penalty": 1.0, "seed": 42, "message_count": 1, "event": "model_call.start", "correlation_id": "01KTX07R1QA4W0MKPZ7HE4F32Z", "query_preview": "What was NVIDIA's diluted earnings per share in fiscal 2026?", "level": "info", "timestamp": "2026-06-12T04:09:10.634932Z"}
Authentication error: Langfuse client initialized without public_key. Client will be disabled. Provide a public_key parameter or set LANGFUSE_PUBLIC_KEY environment variable. 
{"prompt_tag": "assess_sufficiency@v4", "schema": "SufficiencyAssessment", "tokens": 3246, "event": "model_call.done", "correlation_id": "01KTX07R1QA4W0MKPZ7HE4F32Z", "query_preview": "What was NVIDIA's diluted earnings per share in fiscal 2026?", "level": "info", "timestamp": "2026-06-12T04:09:12.170695Z"}
{"node": "answer", "regenerate_attempt": 0, "event": "start", "correlation_id": "01KTX07R1QA4W0MKPZ7HE4F32Z", "query_preview": "What was NVIDIA's diluted earnings per share in fiscal 2026?", "level": "info", "timestamp": "2026-06-12T04:09:12.172336Z"}
{"prompt_tag": "answer@v5", "schema": "DraftAnswer", "model": "cyankiwi/Qwen3.5-4B-AWQ-4bit", "max_tokens": 1800, "temperature": 0.1, "top_p": 0.8, "presence_penalty": 1.0, "seed": 42, "message_count": 2, "event": "model_call.start", "correlation_id": "01KTX07R1QA4W0MKPZ7HE4F32Z", "query_preview": "What was NVIDIA's diluted earnings per share in fiscal 2026?", "level": "info", "timestamp": "2026-06-12T04:09:12.174306Z"}
Authentication error: Langfuse client initialized without public_key. Client will be disabled. Provide a public_key parameter or set LANGFUSE_PUBLIC_KEY environment variable. 
{"prompt_tag": "answer@v5", "schema": "DraftAnswer", "tokens": 4809, "event": "model_call.done", "correlation_id": "01KTX07R1QA4W0MKPZ7HE4F32Z", "query_preview": "What was NVIDIA's diluted earnings per share in fiscal 2026?", "level": "info", "timestamp": "2026-06-12T04:09:13.715705Z"}
{"node": "verify", "claim_count": 1, "event": "start", "correlation_id": "01KTX07R1QA4W0MKPZ7HE4F32Z", "query_preview": "What was NVIDIA's diluted earnings per share in fiscal 2026?", "level": "info", "timestamp": "2026-06-12T04:09:13.716663Z"}
{"prompt_tag": "verify_grounding@v2", "schema": "VerificationResult", "model": "cyankiwi/Qwen3.5-4B-AWQ-4bit", "max_tokens": 1024, "temperature": 0.1, "top_p": 0.8, "presence_penalty": 1.0, "seed": 42, "message_count": 1, "event": "model_call.start", "correlation_id": "01KTX07R1QA4W0MKPZ7HE4F32Z", "query_preview": "What was NVIDIA's diluted earnings per share in fiscal 2026?", "level": "info", "timestamp": "2026-06-12T04:09:13.719712Z"}
Authentication error: Langfuse client initialized without public_key. Client will be disabled. Provide a public_key parameter or set LANGFUSE_PUBLIC_KEY environment variable. 
{"prompt_tag": "verify_grounding@v2", "schema": "VerificationResult", "tokens": 3091, "event": "model_call.done", "correlation_id": "01KTX07R1QA4W0MKPZ7HE4F32Z", "query_preview": "What was NVIDIA's diluted earnings per share in fiscal 2026?", "level": "info", "timestamp": "2026-06-12T04:09:14.370836Z"}
{"node": "assess_relevance", "event": "start", "correlation_id": "01KTX07R1QA4W0MKPZ7HE4F32Z", "query_preview": "What was NVIDIA's diluted earnings per share in fiscal 2026?", "level": "info", "timestamp": "2026-06-12T04:09:14.372156Z"}
{"prompt_tag": "assess_relevance@v3", "schema": "RelevanceAssessment", "model": "cyankiwi/Qwen3.5-4B-AWQ-4bit", "max_tokens": 1024, "temperature": 0.1, "top_p": 0.8, "presence_penalty": 1.0, "seed": 42, "message_count": 1, "event": "model_call.start", "correlation_id": "01KTX07R1QA4W0MKPZ7HE4F32Z", "query_preview": "What was NVIDIA's diluted earnings per share in fiscal 2026?", "level": "info", "timestamp": "2026-06-12T04:09:14.378181Z"}
Authentication error: Langfuse client initialized without public_key. Client will be disabled. Provide a public_key parameter or set LANGFUSE_PUBLIC_KEY environment variable. 
{"prompt_tag": "assess_relevance@v3", "schema": "RelevanceAssessment", "tokens": 840, "event": "model_call.done", "correlation_id": "01KTX07R1QA4W0MKPZ7HE4F32Z", "query_preview": "What was NVIDIA's diluted earnings per share in fiscal 2026?", "level": "info", "timestamp": "2026-06-12T04:09:14.848325Z"}
{"node": "assess_relevance", "responsive": true, "event": "relevance", "correlation_id": "01KTX07R1QA4W0MKPZ7HE4F32Z", "query_preview": "What was NVIDIA's diluted earnings per share in fiscal 2026?", "level": "info", "timestamp": "2026-06-12T04:09:14.848398Z"}
{"node": "compose", "event": "start", "correlation_id": "01KTX07R1QA4W0MKPZ7HE4F32Z", "query_preview": "What was NVIDIA's diluted earnings per share in fiscal 2026?", "level": "info", "timestamp": "2026-06-12T04:09:14.849629Z"}
Authentication error: Langfuse client initialized without public_key. Client will be disabled. Provide a public_key parameter or set LANGFUSE_PUBLIC_KEY environment variable. 
{"node": "retrieve", "query_len": 53, "event": "start", "correlation_id": "01KTX0A4B2W8AHEEY5WV6SQ1KH", "query_preview": "What was NVIDIA's Data Center revenue in fiscal 2026?", "level": "info", "timestamp": "2026-06-12T04:09:14.851119Z"}
{"query_len": 53, "k": 50, "event": "hybrid.start", "correlation_id": "01KTX0A4B2W8AHEEY5WV6SQ1KH", "query_preview": "What was NVIDIA's Data Center revenue in fiscal 2026?", "level": "info", "timestamp": "2026-06-12T04:09:14.851155Z"}
{"query_len": 53, "k": 50, "dense": 50, "bm25": 0, "fused": 50, "term": false, "event": "hybrid.done", "correlation_id": "01KTX0A4B2W8AHEEY5WV6SQ1KH", "query_preview": "What was NVIDIA's Data Center revenue in fiscal 2026?", "level": "info", "timestamp": "2026-06-12T04:09:14.943844Z"}
{"node": "retrieve", "candidate_count": 50, "event": "done", "correlation_id": "01KTX0A4B2W8AHEEY5WV6SQ1KH", "query_preview": "What was NVIDIA's Data Center revenue in fiscal 2026?", "level": "info", "timestamp": "2026-06-12T04:09:14.944704Z"}
{"node": "expand_graph", "reason": "disabled_or_empty", "event": "skip", "correlation_id": "01KTX0A4B2W8AHEEY5WV6SQ1KH", "query_preview": "What was NVIDIA's Data Center revenue in fiscal 2026?", "level": "info", "timestamp": "2026-06-12T04:09:14.945933Z"}
{"node": "rerank", "candidate_count": 50, "event": "start", "correlation_id": "01KTX0A4B2W8AHEEY5WV6SQ1KH", "query_preview": "What was NVIDIA's Data Center revenue in fiscal 2026?", "level": "info", "timestamp": "2026-06-12T04:09:14.946414Z"}
{"node": "rerank", "top_k": 5, "source": "mode", "event": "top_k_resolved", "correlation_id": "01KTX0A4B2W8AHEEY5WV6SQ1KH", "query_preview": "What was NVIDIA's Data Center revenue in fiscal 2026?", "level": "info", "timestamp": "2026-06-12T04:09:14.946467Z"}
{"candidates": 50, "top_k": 5, "backend": "cross_encoder", "event": "rerank.start", "correlation_id": "01KTX0A4B2W8AHEEY5WV6SQ1KH", "query_preview": "What was NVIDIA's Data Center revenue in fiscal 2026?", "level": "info", "timestamp": "2026-06-12T04:09:14.946491Z"}
{"candidates": 50, "top_k": 5, "backend": "cross_encoder", "returned": 5, "event": "rerank.done", "correlation_id": "01KTX0A4B2W8AHEEY5WV6SQ1KH", "query_preview": "What was NVIDIA's Data Center revenue in fiscal 2026?", "level": "info", "timestamp": "2026-06-12T04:10:23.681457Z"}
{"node": "rerank", "reranked_count": 5, "event": "done", "correlation_id": "01KTX0A4B2W8AHEEY5WV6SQ1KH", "query_preview": "What was NVIDIA's Data Center revenue in fiscal 2026?", "level": "info", "timestamp": "2026-06-12T04:10:23.681819Z"}
{"node": "query_tables", "reason": "empty_or_not_table_shaped", "event": "skip", "correlation_id": "01KTX0A4B2W8AHEEY5WV6SQ1KH", "query_preview": "What was NVIDIA's Data Center revenue in fiscal 2026?", "level": "info", "timestamp": "2026-06-12T04:10:23.688625Z"}
{"node": "assess", "reranked_count": 5, "event": "start", "correlation_id": "01KTX0A4B2W8AHEEY5WV6SQ1KH", "query_preview": "What was NVIDIA's Data Center revenue in fiscal 2026?", "level": "info", "timestamp": "2026-06-12T04:10:23.689127Z"}
{"prompt_tag": "assess_sufficiency@v4", "schema": "SufficiencyAssessment", "model": "cyankiwi/Qwen3.5-4B-AWQ-4bit", "max_tokens": 1024, "temperature": 0.1, "top_p": 0.8, "presence_penalty": 1.0, "seed": 42, "message_count": 1, "event": "model_call.start", "correlation_id": "01KTX0A4B2W8AHEEY5WV6SQ1KH", "query_preview": "What was NVIDIA's Data Center revenue in fiscal 2026?", "level": "info", "timestamp": "2026-06-12T04:10:23.692448Z"}
Authentication error: Langfuse client initialized without public_key. Client will be disabled. Provide a public_key parameter or set LANGFUSE_PUBLIC_KEY environment variable. 
{"prompt_tag": "assess_sufficiency@v4", "schema": "SufficiencyAssessment", "tokens": 2936, "event": "model_call.done", "correlation_id": "01KTX0A4B2W8AHEEY5WV6SQ1KH", "query_preview": "What was NVIDIA's Data Center revenue in fiscal 2026?", "level": "info", "timestamp": "2026-06-12T04:10:24.816246Z"}
{"node": "answer", "regenerate_attempt": 0, "event": "start", "correlation_id": "01KTX0A4B2W8AHEEY5WV6SQ1KH", "query_preview": "What was NVIDIA's Data Center revenue in fiscal 2026?", "level": "info", "timestamp": "2026-06-12T04:10:24.817768Z"}
{"prompt_tag": "answer@v5", "schema": "DraftAnswer", "model": "cyankiwi/Qwen3.5-4B-AWQ-4bit", "max_tokens": 1800, "temperature": 0.1, "top_p": 0.8, "presence_penalty": 1.0, "seed": 42, "message_count": 2, "event": "model_call.start", "correlation_id": "01KTX0A4B2W8AHEEY5WV6SQ1KH", "query_preview": "What was NVIDIA's Data Center revenue in fiscal 2026?", "level": "info", "timestamp": "2026-06-12T04:10:24.819863Z"}
Authentication error: Langfuse client initialized without public_key. Client will be disabled. Provide a public_key parameter or set LANGFUSE_PUBLIC_KEY environment variable. 
{"prompt_tag": "answer@v5", "schema": "DraftAnswer", "tokens": 4544, "event": "model_call.done", "correlation_id": "01KTX0A4B2W8AHEEY5WV6SQ1KH", "query_preview": "What was NVIDIA's Data Center revenue in fiscal 2026?", "level": "info", "timestamp": "2026-06-12T04:10:26.343249Z"}
{"node": "answer", "original": "NVIDIA's Data Center revenue in fiscal 2026 was $193.737 billion.", "event": "answer.summary_scope_rebuilt", "correlation_id": "01KTX0A4B2W8AHEEY5WV6SQ1KH", "query_preview": "What was NVIDIA's Data Center revenue in fiscal 2026?", "level": "info", "timestamp": "2026-06-12T04:10:26.343390Z"}
{"node": "answer", "exact": 0, "suffix": 0, "fuzzy": 1, "unresolved": 0, "event": "chunk_id_repair", "correlation_id": "01KTX0A4B2W8AHEEY5WV6SQ1KH", "query_preview": "What was NVIDIA's Data Center revenue in fiscal 2026?", "level": "info", "timestamp": "2026-06-12T04:10:26.343544Z"}
{"node": "verify", "claim_count": 1, "event": "start", "correlation_id": "01KTX0A4B2W8AHEEY5WV6SQ1KH", "query_preview": "What was NVIDIA's Data Center revenue in fiscal 2026?", "level": "info", "timestamp": "2026-06-12T04:10:26.344367Z"}
{"prompt_tag": "verify_grounding@v2", "schema": "VerificationResult", "model": "cyankiwi/Qwen3.5-4B-AWQ-4bit", "max_tokens": 1024, "temperature": 0.1, "top_p": 0.8, "presence_penalty": 1.0, "seed": 42, "message_count": 1, "event": "model_call.start", "correlation_id": "01KTX0A4B2W8AHEEY5WV6SQ1KH", "query_preview": "What was NVIDIA's Data Center revenue in fiscal 2026?", "level": "info", "timestamp": "2026-06-12T04:10:26.360510Z"}
Authentication error: Langfuse client initialized without public_key. Client will be disabled. Provide a public_key parameter or set LANGFUSE_PUBLIC_KEY environment variable. 
{"prompt_tag": "verify_grounding@v2", "schema": "VerificationResult", "tokens": 2825, "event": "model_call.done", "correlation_id": "01KTX0A4B2W8AHEEY5WV6SQ1KH", "query_preview": "What was NVIDIA's Data Center revenue in fiscal 2026?", "level": "info", "timestamp": "2026-06-12T04:10:26.975209Z"}
{"node": "assess_relevance", "event": "start", "correlation_id": "01KTX0A4B2W8AHEEY5WV6SQ1KH", "query_preview": "What was NVIDIA's Data Center revenue in fiscal 2026?", "level": "info", "timestamp": "2026-06-12T04:10:26.976770Z"}
{"node": "assess_relevance", "event": "relevance.scope_rebuilt_refuse", "correlation_id": "01KTX0A4B2W8AHEEY5WV6SQ1KH", "query_preview": "What was NVIDIA's Data Center revenue in fiscal 2026?", "level": "info", "timestamp": "2026-06-12T04:10:26.976806Z"}
{"node": "refuse", "event": "start", "correlation_id": "01KTX0A4B2W8AHEEY5WV6SQ1KH", "query_preview": "What was NVIDIA's Data Center revenue in fiscal 2026?", "level": "info", "timestamp": "2026-06-12T04:10:26.977594Z"}
Authentication error: Langfuse client initialized without public_key. Client will be disabled. Provide a public_key parameter or set LANGFUSE_PUBLIC_KEY environment variable. 
{"node": "retrieve", "query_len": 93, "event": "start", "correlation_id": "01KTX0CAS28WPCM4XMJ9TX9YD1", "query_preview": "How much cumulative Blackwell and Rubin revenue does NVIDIA see visibility into ", "level": "info", "timestamp": "2026-06-12T04:10:26.980612Z"}
{"query_len": 93, "k": 50, "event": "hybrid.start", "correlation_id": "01KTX0CAS28WPCM4XMJ9TX9YD1", "query_preview": "How much cumulative Blackwell and Rubin revenue does NVIDIA see visibility into ", "level": "info", "timestamp": "2026-06-12T04:10:26.980700Z"}
{"query_len": 93, "k": 50, "dense": 50, "bm25": 0, "fused": 50, "term": false, "event": "hybrid.done", "correlation_id": "01KTX0CAS28WPCM4XMJ9TX9YD1", "query_preview": "How much cumulative Blackwell and Rubin revenue does NVIDIA see visibility into ", "level": "info", "timestamp": "2026-06-12T04:10:27.061854Z"}
{"node": "retrieve", "candidate_count": 50, "event": "done", "correlation_id": "01KTX0CAS28WPCM4XMJ9TX9YD1", "query_preview": "How much cumulative Blackwell and Rubin revenue does NVIDIA see visibility into ", "level": "info", "timestamp": "2026-06-12T04:10:27.062902Z"}
{"node": "expand_graph", "reason": "disabled_or_empty", "event": "skip", "correlation_id": "01KTX0CAS28WPCM4XMJ9TX9YD1", "query_preview": "How much cumulative Blackwell and Rubin revenue does NVIDIA see visibility into ", "level": "info", "timestamp": "2026-06-12T04:10:27.064615Z"}
{"node": "rerank", "candidate_count": 50, "event": "start", "correlation_id": "01KTX0CAS28WPCM4XMJ9TX9YD1", "query_preview": "How much cumulative Blackwell and Rubin revenue does NVIDIA see visibility into ", "level": "info", "timestamp": "2026-06-12T04:10:27.065177Z"}
{"node": "rerank", "top_k": 5, "source": "mode", "event": "top_k_resolved", "correlation_id": "01KTX0CAS28WPCM4XMJ9TX9YD1", "query_preview": "How much cumulative Blackwell and Rubin revenue does NVIDIA see visibility into ", "level": "info", "timestamp": "2026-06-12T04:10:27.065342Z"}
{"candidates": 50, "top_k": 5, "backend": "cross_encoder", "event": "rerank.start", "correlation_id": "01KTX0CAS28WPCM4XMJ9TX9YD1", "query_preview": "How much cumulative Blackwell and Rubin revenue does NVIDIA see visibility into ", "level": "info", "timestamp": "2026-06-12T04:10:27.065388Z"}
{"candidates": 50, "top_k": 5, "backend": "cross_encoder", "returned": 5, "event": "rerank.done", "correlation_id": "01KTX0CAS28WPCM4XMJ9TX9YD1", "query_preview": "How much cumulative Blackwell and Rubin revenue does NVIDIA see visibility into ", "level": "info", "timestamp": "2026-06-12T04:11:39.524586Z"}
{"node": "rerank", "reranked_count": 5, "event": "done", "correlation_id": "01KTX0CAS28WPCM4XMJ9TX9YD1", "query_preview": "How much cumulative Blackwell and Rubin revenue does NVIDIA see visibility into ", "level": "info", "timestamp": "2026-06-12T04:11:39.524692Z"}
{"node": "query_tables", "reason": "empty_or_not_table_shaped", "event": "skip", "correlation_id": "01KTX0CAS28WPCM4XMJ9TX9YD1", "query_preview": "How much cumulative Blackwell and Rubin revenue does NVIDIA see visibility into ", "level": "info", "timestamp": "2026-06-12T04:11:39.526720Z"}
{"node": "assess", "reranked_count": 5, "event": "start", "correlation_id": "01KTX0CAS28WPCM4XMJ9TX9YD1", "query_preview": "How much cumulative Blackwell and Rubin revenue does NVIDIA see visibility into ", "level": "info", "timestamp": "2026-06-12T04:11:39.527480Z"}
{"prompt_tag": "assess_sufficiency@v4", "schema": "SufficiencyAssessment", "model": "cyankiwi/Qwen3.5-4B-AWQ-4bit", "max_tokens": 1024, "temperature": 0.1, "top_p": 0.8, "presence_penalty": 1.0, "seed": 42, "message_count": 1, "event": "model_call.start", "correlation_id": "01KTX0CAS28WPCM4XMJ9TX9YD1", "query_preview": "How much cumulative Blackwell and Rubin revenue does NVIDIA see visibility into ", "level": "info", "timestamp": "2026-06-12T04:11:39.529516Z"}
Authentication error: Langfuse client initialized without public_key. Client will be disabled. Provide a public_key parameter or set LANGFUSE_PUBLIC_KEY environment variable. 
{"prompt_tag": "assess_sufficiency@v4", "schema": "SufficiencyAssessment", "tokens": 2612, "event": "model_call.done", "correlation_id": "01KTX0CAS28WPCM4XMJ9TX9YD1", "query_preview": "How much cumulative Blackwell and Rubin revenue does NVIDIA see visibility into ", "level": "info", "timestamp": "2026-06-12T04:11:40.632310Z"}
{"node": "answer", "regenerate_attempt": 0, "event": "start", "correlation_id": "01KTX0CAS28WPCM4XMJ9TX9YD1", "query_preview": "How much cumulative Blackwell and Rubin revenue does NVIDIA see visibility into ", "level": "info", "timestamp": "2026-06-12T04:11:40.633435Z"}
{"prompt_tag": "answer@v5", "schema": "DraftAnswer", "model": "cyankiwi/Qwen3.5-4B-AWQ-4bit", "max_tokens": 1800, "temperature": 0.1, "top_p": 0.8, "presence_penalty": 1.0, "seed": 42, "message_count": 2, "event": "model_call.start", "correlation_id": "01KTX0CAS28WPCM4XMJ9TX9YD1", "query_preview": "How much cumulative Blackwell and Rubin revenue does NVIDIA see visibility into ", "level": "info", "timestamp": "2026-06-12T04:11:40.635397Z"}
Authentication error: Langfuse client initialized without public_key. Client will be disabled. Provide a public_key parameter or set LANGFUSE_PUBLIC_KEY environment variable. 
{"prompt_tag": "answer@v5", "schema": "DraftAnswer", "tokens": 4234, "event": "model_call.done", "correlation_id": "01KTX0CAS28WPCM4XMJ9TX9YD1", "query_preview": "How much cumulative Blackwell and Rubin revenue does NVIDIA see visibility into ", "level": "info", "timestamp": "2026-06-12T04:11:42.270054Z"}
{"node": "verify", "claim_count": 1, "event": "start", "correlation_id": "01KTX0CAS28WPCM4XMJ9TX9YD1", "query_preview": "How much cumulative Blackwell and Rubin revenue does NVIDIA see visibility into ", "level": "info", "timestamp": "2026-06-12T04:11:42.270897Z"}
{"prompt_tag": "verify_grounding@v2", "schema": "VerificationResult", "model": "cyankiwi/Qwen3.5-4B-AWQ-4bit", "max_tokens": 1024, "temperature": 0.1, "top_p": 0.8, "presence_penalty": 1.0, "seed": 42, "message_count": 1, "event": "model_call.start", "correlation_id": "01KTX0CAS28WPCM4XMJ9TX9YD1", "query_preview": "How much cumulative Blackwell and Rubin revenue does NVIDIA see visibility into ", "level": "info", "timestamp": "2026-06-12T04:11:42.274072Z"}
Authentication error: Langfuse client initialized without public_key. Client will be disabled. Provide a public_key parameter or set LANGFUSE_PUBLIC_KEY environment variable. 
{"prompt_tag": "verify_grounding@v2", "schema": "VerificationResult", "tokens": 2500, "event": "model_call.done", "correlation_id": "01KTX0CAS28WPCM4XMJ9TX9YD1", "query_preview": "How much cumulative Blackwell and Rubin revenue does NVIDIA see visibility into ", "level": "info", "timestamp": "2026-06-12T04:11:42.839243Z"}
{"node": "assess_relevance", "event": "start", "correlation_id": "01KTX0CAS28WPCM4XMJ9TX9YD1", "query_preview": "How much cumulative Blackwell and Rubin revenue does NVIDIA see visibility into ", "level": "info", "timestamp": "2026-06-12T04:11:42.840426Z"}
{"prompt_tag": "assess_relevance@v3", "schema": "RelevanceAssessment", "model": "cyankiwi/Qwen3.5-4B-AWQ-4bit", "max_tokens": 1024, "temperature": 0.1, "top_p": 0.8, "presence_penalty": 1.0, "seed": 42, "message_count": 1, "event": "model_call.start", "correlation_id": "01KTX0CAS28WPCM4XMJ9TX9YD1", "query_preview": "How much cumulative Blackwell and Rubin revenue does NVIDIA see visibility into ", "level": "info", "timestamp": "2026-06-12T04:11:42.841418Z"}
Authentication error: Langfuse client initialized without public_key. Client will be disabled. Provide a public_key parameter or set LANGFUSE_PUBLIC_KEY environment variable. 
{"prompt_tag": "assess_relevance@v3", "schema": "RelevanceAssessment", "tokens": 869, "event": "model_call.done", "correlation_id": "01KTX0CAS28WPCM4XMJ9TX9YD1", "query_preview": "How much cumulative Blackwell and Rubin revenue does NVIDIA see visibility into ", "level": "info", "timestamp": "2026-06-12T04:11:43.322038Z"}
{"node": "assess_relevance", "responsive": true, "event": "relevance", "correlation_id": "01KTX0CAS28WPCM4XMJ9TX9YD1", "query_preview": "How much cumulative Blackwell and Rubin revenue does NVIDIA see visibility into ", "level": "info", "timestamp": "2026-06-12T04:11:43.322099Z"}
{"node": "compose", "event": "start", "correlation_id": "01KTX0CAS28WPCM4XMJ9TX9YD1", "query_preview": "How much cumulative Blackwell and Rubin revenue does NVIDIA see visibility into ", "level": "info", "timestamp": "2026-06-12T04:11:43.323227Z"}
Authentication error: Langfuse client initialized without public_key. Client will be disabled. Provide a public_key parameter or set LANGFUSE_PUBLIC_KEY environment variable. 
{"node": "retrieve", "query_len": 46, "event": "start", "correlation_id": "01KTX0ENAV4XKGRAZX5AH3W7B2", "query_preview": "What was NVIDIA's gross margin in fiscal 2026?", "level": "info", "timestamp": "2026-06-12T04:11:43.324722Z"}
{"query_len": 46, "k": 50, "event": "hybrid.start", "correlation_id": "01KTX0ENAV4XKGRAZX5AH3W7B2", "query_preview": "What was NVIDIA's gross margin in fiscal 2026?", "level": "info", "timestamp": "2026-06-12T04:11:43.324758Z"}
{"query_len": 46, "k": 50, "dense": 50, "bm25": 0, "fused": 50, "term": false, "event": "hybrid.done", "correlation_id": "01KTX0ENAV4XKGRAZX5AH3W7B2", "query_preview": "What was NVIDIA's gross margin in fiscal 2026?", "level": "info", "timestamp": "2026-06-12T04:11:43.416281Z"}
{"node": "retrieve", "candidate_count": 50, "event": "done", "correlation_id": "01KTX0ENAV4XKGRAZX5AH3W7B2", "query_preview": "What was NVIDIA's gross margin in fiscal 2026?", "level": "info", "timestamp": "2026-06-12T04:11:43.417220Z"}
{"node": "expand_graph", "reason": "disabled_or_empty", "event": "skip", "correlation_id": "01KTX0ENAV4XKGRAZX5AH3W7B2", "query_preview": "What was NVIDIA's gross margin in fiscal 2026?", "level": "info", "timestamp": "2026-06-12T04:11:43.418911Z"}
{"node": "rerank", "candidate_count": 50, "event": "start", "correlation_id": "01KTX0ENAV4XKGRAZX5AH3W7B2", "query_preview": "What was NVIDIA's gross margin in fiscal 2026?", "level": "info", "timestamp": "2026-06-12T04:11:43.419536Z"}
{"node": "rerank", "top_k": 5, "source": "mode", "event": "top_k_resolved", "correlation_id": "01KTX0ENAV4XKGRAZX5AH3W7B2", "query_preview": "What was NVIDIA's gross margin in fiscal 2026?", "level": "info", "timestamp": "2026-06-12T04:11:43.419602Z"}
{"candidates": 50, "top_k": 5, "backend": "cross_encoder", "event": "rerank.start", "correlation_id": "01KTX0ENAV4XKGRAZX5AH3W7B2", "query_preview": "What was NVIDIA's gross margin in fiscal 2026?", "level": "info", "timestamp": "2026-06-12T04:11:43.419629Z"}
{"candidates": 50, "top_k": 5, "backend": "cross_encoder", "returned": 5, "event": "rerank.done", "correlation_id": "01KTX0ENAV4XKGRAZX5AH3W7B2", "query_preview": "What was NVIDIA's gross margin in fiscal 2026?", "level": "info", "timestamp": "2026-06-12T04:12:49.564776Z"}
{"node": "rerank", "reranked_count": 5, "event": "done", "correlation_id": "01KTX0ENAV4XKGRAZX5AH3W7B2", "query_preview": "What was NVIDIA's gross margin in fiscal 2026?", "level": "info", "timestamp": "2026-06-12T04:12:49.564924Z"}
{"node": "query_tables", "reason": "empty_or_not_table_shaped", "event": "skip", "correlation_id": "01KTX0ENAV4XKGRAZX5AH3W7B2", "query_preview": "What was NVIDIA's gross margin in fiscal 2026?", "level": "info", "timestamp": "2026-06-12T04:12:49.567023Z"}
{"node": "assess", "reranked_count": 5, "event": "start", "correlation_id": "01KTX0ENAV4XKGRAZX5AH3W7B2", "query_preview": "What was NVIDIA's gross margin in fiscal 2026?", "level": "info", "timestamp": "2026-06-12T04:12:49.567936Z"}
{"prompt_tag": "assess_sufficiency@v4", "schema": "SufficiencyAssessment", "model": "cyankiwi/Qwen3.5-4B-AWQ-4bit", "max_tokens": 1024, "temperature": 0.1, "top_p": 0.8, "presence_penalty": 1.0, "seed": 42, "message_count": 1, "event": "model_call.start", "correlation_id": "01KTX0ENAV4XKGRAZX5AH3W7B2", "query_preview": "What was NVIDIA's gross margin in fiscal 2026?", "level": "info", "timestamp": "2026-06-12T04:12:49.570040Z"}
Authentication error: Langfuse client initialized without public_key. Client will be disabled. Provide a public_key parameter or set LANGFUSE_PUBLIC_KEY environment variable. 
{"prompt_tag": "assess_sufficiency@v4", "schema": "SufficiencyAssessment", "tokens": 2486, "event": "model_call.done", "correlation_id": "01KTX0ENAV4XKGRAZX5AH3W7B2", "query_preview": "What was NVIDIA's gross margin in fiscal 2026?", "level": "info", "timestamp": "2026-06-12T04:12:50.360853Z"}
{"node": "answer", "regenerate_attempt": 0, "event": "start", "correlation_id": "01KTX0ENAV4XKGRAZX5AH3W7B2", "query_preview": "What was NVIDIA's gross margin in fiscal 2026?", "level": "info", "timestamp": "2026-06-12T04:12:50.362745Z"}
{"prompt_tag": "answer@v5", "schema": "DraftAnswer", "model": "cyankiwi/Qwen3.5-4B-AWQ-4bit", "max_tokens": 1800, "temperature": 0.1, "top_p": 0.8, "presence_penalty": 1.0, "seed": 42, "message_count": 2, "event": "model_call.start", "correlation_id": "01KTX0ENAV4XKGRAZX5AH3W7B2", "query_preview": "What was NVIDIA's gross margin in fiscal 2026?", "level": "info", "timestamp": "2026-06-12T04:12:50.364769Z"}
Authentication error: Langfuse client initialized without public_key. Client will be disabled. Provide a public_key parameter or set LANGFUSE_PUBLIC_KEY environment variable. 
{"prompt_tag": "answer@v5", "schema": "DraftAnswer", "tokens": 4119, "event": "model_call.done", "correlation_id": "01KTX0ENAV4XKGRAZX5AH3W7B2", "query_preview": "What was NVIDIA's gross margin in fiscal 2026?", "level": "info", "timestamp": "2026-06-12T04:12:51.774972Z"}
{"node": "answer", "original": "NVIDIA's gross margin in fiscal 2026 was 71.1%.", "event": "answer.summary_scope_rebuilt", "correlation_id": "01KTX0ENAV4XKGRAZX5AH3W7B2", "query_preview": "What was NVIDIA's gross margin in fiscal 2026?", "level": "info", "timestamp": "2026-06-12T04:12:51.775040Z"}
{"node": "verify", "claim_count": 1, "event": "start", "correlation_id": "01KTX0ENAV4XKGRAZX5AH3W7B2", "query_preview": "What was NVIDIA's gross margin in fiscal 2026?", "level": "info", "timestamp": "2026-06-12T04:12:51.775809Z"}
{"prompt_tag": "verify_grounding@v2", "schema": "VerificationResult", "model": "cyankiwi/Qwen3.5-4B-AWQ-4bit", "max_tokens": 1024, "temperature": 0.1, "top_p": 0.8, "presence_penalty": 1.0, "seed": 42, "message_count": 1, "event": "model_call.start", "correlation_id": "01KTX0ENAV4XKGRAZX5AH3W7B2", "query_preview": "What was NVIDIA's gross margin in fiscal 2026?", "level": "info", "timestamp": "2026-06-12T04:12:51.779076Z"}
Authentication error: Langfuse client initialized without public_key. Client will be disabled. Provide a public_key parameter or set LANGFUSE_PUBLIC_KEY environment variable. 
{"prompt_tag": "verify_grounding@v2", "schema": "VerificationResult", "tokens": 2404, "event": "model_call.done", "correlation_id": "01KTX0ENAV4XKGRAZX5AH3W7B2", "query_preview": "What was NVIDIA's gross margin in fiscal 2026?", "level": "info", "timestamp": "2026-06-12T04:12:52.327663Z"}
{"node": "assess_relevance", "event": "start", "correlation_id": "01KTX0ENAV4XKGRAZX5AH3W7B2", "query_preview": "What was NVIDIA's gross margin in fiscal 2026?", "level": "info", "timestamp": "2026-06-12T04:12:52.328785Z"}
{"node": "assess_relevance", "event": "relevance.scope_rebuilt_refuse", "correlation_id": "01KTX0ENAV4XKGRAZX5AH3W7B2", "query_preview": "What was NVIDIA's gross margin in fiscal 2026?", "level": "info", "timestamp": "2026-06-12T04:12:52.328819Z"}
{"node": "refuse", "event": "start", "correlation_id": "01KTX0ENAV4XKGRAZX5AH3W7B2", "query_preview": "What was NVIDIA's gross margin in fiscal 2026?", "level": "info", "timestamp": "2026-06-12T04:12:52.329585Z"}
Authentication error: Langfuse client initialized without public_key. Client will be disabled. Provide a public_key parameter or set LANGFUSE_PUBLIC_KEY environment variable. 
{"node": "retrieve", "query_len": 61, "event": "start", "correlation_id": "01KTX0GRQAG62STWDDHYDBKVAZ", "query_preview": "What is the home address of NVIDIA's Chief Financial Officer?", "level": "info", "timestamp": "2026-06-12T04:12:52.330986Z"}
{"query_len": 61, "k": 50, "event": "hybrid.start", "correlation_id": "01KTX0GRQAG62STWDDHYDBKVAZ", "query_preview": "What is the home address of NVIDIA's Chief Financial Officer?", "level": "info", "timestamp": "2026-06-12T04:12:52.331019Z"}
{"query_len": 61, "k": 50, "dense": 50, "bm25": 0, "fused": 50, "term": false, "event": "hybrid.done", "correlation_id": "01KTX0GRQAG62STWDDHYDBKVAZ", "query_preview": "What is the home address of NVIDIA's Chief Financial Officer?", "level": "info", "timestamp": "2026-06-12T04:12:52.407362Z"}
{"node": "retrieve", "candidate_count": 50, "event": "done", "correlation_id": "01KTX0GRQAG62STWDDHYDBKVAZ", "query_preview": "What is the home address of NVIDIA's Chief Financial Officer?", "level": "info", "timestamp": "2026-06-12T04:12:52.408452Z"}
{"node": "expand_graph", "reason": "disabled_or_empty", "event": "skip", "correlation_id": "01KTX0GRQAG62STWDDHYDBKVAZ", "query_preview": "What is the home address of NVIDIA's Chief Financial Officer?", "level": "info", "timestamp": "2026-06-12T04:12:52.410155Z"}
{"node": "rerank", "candidate_count": 50, "event": "start", "correlation_id": "01KTX0GRQAG62STWDDHYDBKVAZ", "query_preview": "What is the home address of NVIDIA's Chief Financial Officer?", "level": "info", "timestamp": "2026-06-12T04:12:52.410877Z"}
{"node": "rerank", "top_k": 5, "source": "mode", "event": "top_k_resolved", "correlation_id": "01KTX0GRQAG62STWDDHYDBKVAZ", "query_preview": "What is the home address of NVIDIA's Chief Financial Officer?", "level": "info", "timestamp": "2026-06-12T04:12:52.410938Z"}
{"candidates": 50, "top_k": 5, "backend": "cross_encoder", "event": "rerank.start", "correlation_id": "01KTX0GRQAG62STWDDHYDBKVAZ", "query_preview": "What is the home address of NVIDIA's Chief Financial Officer?", "level": "info", "timestamp": "2026-06-12T04:12:52.410966Z"}
{"candidates": 50, "top_k": 5, "backend": "cross_encoder", "returned": 5, "event": "rerank.done", "correlation_id": "01KTX0GRQAG62STWDDHYDBKVAZ", "query_preview": "What is the home address of NVIDIA's Chief Financial Officer?", "level": "info", "timestamp": "2026-06-12T04:13:51.456662Z"}
{"node": "rerank", "reranked_count": 5, "event": "done", "correlation_id": "01KTX0GRQAG62STWDDHYDBKVAZ", "query_preview": "What is the home address of NVIDIA's Chief Financial Officer?", "level": "info", "timestamp": "2026-06-12T04:13:51.456810Z"}
{"node": "query_tables", "reason": "empty_or_not_table_shaped", "event": "skip", "correlation_id": "01KTX0GRQAG62STWDDHYDBKVAZ", "query_preview": "What is the home address of NVIDIA's Chief Financial Officer?", "level": "info", "timestamp": "2026-06-12T04:13:51.460187Z"}
{"node": "assess", "reranked_count": 5, "event": "start", "correlation_id": "01KTX0GRQAG62STWDDHYDBKVAZ", "query_preview": "What is the home address of NVIDIA's Chief Financial Officer?", "level": "info", "timestamp": "2026-06-12T04:13:51.461279Z"}
{"prompt_tag": "assess_sufficiency@v4", "schema": "SufficiencyAssessment", "model": "cyankiwi/Qwen3.5-4B-AWQ-4bit", "max_tokens": 1024, "temperature": 0.1, "top_p": 0.8, "presence_penalty": 1.0, "seed": 42, "message_count": 1, "event": "model_call.start", "correlation_id": "01KTX0GRQAG62STWDDHYDBKVAZ", "query_preview": "What is the home address of NVIDIA's Chief Financial Officer?", "level": "info", "timestamp": "2026-06-12T04:13:51.463286Z"}
Authentication error: Langfuse client initialized without public_key. Client will be disabled. Provide a public_key parameter or set LANGFUSE_PUBLIC_KEY environment variable. 
{"prompt_tag": "assess_sufficiency@v4", "schema": "SufficiencyAssessment", "tokens": 1476, "event": "model_call.done", "correlation_id": "01KTX0GRQAG62STWDDHYDBKVAZ", "query_preview": "What is the home address of NVIDIA's Chief Financial Officer?", "level": "info", "timestamp": "2026-06-12T04:13:52.319140Z"}
{"node": "answer", "regenerate_attempt": 0, "event": "start", "correlation_id": "01KTX0GRQAG62STWDDHYDBKVAZ", "query_preview": "What is the home address of NVIDIA's Chief Financial Officer?", "level": "info", "timestamp": "2026-06-12T04:13:52.321355Z"}
{"prompt_tag": "answer@v5", "schema": "DraftAnswer", "model": "cyankiwi/Qwen3.5-4B-AWQ-4bit", "max_tokens": 1800, "temperature": 0.1, "top_p": 0.8, "presence_penalty": 1.0, "seed": 42, "message_count": 2, "event": "model_call.start", "correlation_id": "01KTX0GRQAG62STWDDHYDBKVAZ", "query_preview": "What is the home address of NVIDIA's Chief Financial Officer?", "level": "info", "timestamp": "2026-06-12T04:13:52.324002Z"}
Authentication error: Langfuse client initialized without public_key. Client will be disabled. Provide a public_key parameter or set LANGFUSE_PUBLIC_KEY environment variable. 
{"prompt_tag": "answer@v5", "schema": "DraftAnswer", "tokens": 3025, "event": "model_call.done", "correlation_id": "01KTX0GRQAG62STWDDHYDBKVAZ", "query_preview": "What is the home address of NVIDIA's Chief Financial Officer?", "level": "info", "timestamp": "2026-06-12T04:13:53.038171Z"}
{"node": "verify", "claim_count": 0, "event": "start", "correlation_id": "01KTX0GRQAG62STWDDHYDBKVAZ", "query_preview": "What is the home address of NVIDIA's Chief Financial Officer?", "level": "info", "timestamp": "2026-06-12T04:13:53.039487Z"}
{"node": "verify", "event": "empty_draft_shortcircuit", "correlation_id": "01KTX0GRQAG62STWDDHYDBKVAZ", "query_preview": "What is the home address of NVIDIA's Chief Financial Officer?", "level": "info", "timestamp": "2026-06-12T04:13:53.039537Z"}
{"node": "assess_relevance", "event": "start", "correlation_id": "01KTX0GRQAG62STWDDHYDBKVAZ", "query_preview": "What is the home address of NVIDIA's Chief Financial Officer?", "level": "info", "timestamp": "2026-06-12T04:13:53.041200Z"}
{"prompt_tag": "assess_relevance@v3", "schema": "RelevanceAssessment", "model": "cyankiwi/Qwen3.5-4B-AWQ-4bit", "max_tokens": 1024, "temperature": 0.1, "top_p": 0.8, "presence_penalty": 1.0, "seed": 42, "message_count": 1, "event": "model_call.start", "correlation_id": "01KTX0GRQAG62STWDDHYDBKVAZ", "query_preview": "What is the home address of NVIDIA's Chief Financial Officer?", "level": "info", "timestamp": "2026-06-12T04:13:53.042464Z"}
Authentication error: Langfuse client initialized without public_key. Client will be disabled. Provide a public_key parameter or set LANGFUSE_PUBLIC_KEY environment variable. 
{"prompt_tag": "assess_relevance@v3", "schema": "RelevanceAssessment", "tokens": 830, "event": "model_call.done", "correlation_id": "01KTX0GRQAG62STWDDHYDBKVAZ", "query_preview": "What is the home address of NVIDIA's Chief Financial Officer?", "level": "info", "timestamp": "2026-06-12T04:13:53.416510Z"}
{"node": "assess_relevance", "responsive": true, "event": "relevance", "correlation_id": "01KTX0GRQAG62STWDDHYDBKVAZ", "query_preview": "What is the home address of NVIDIA's Chief Financial Officer?", "level": "info", "timestamp": "2026-06-12T04:13:53.416566Z"}
{"node": "compose", "event": "start", "correlation_id": "01KTX0GRQAG62STWDDHYDBKVAZ", "query_preview": "What is the home address of NVIDIA's Chief Financial Officer?", "level": "info", "timestamp": "2026-06-12T04:13:53.418637Z"}
Authentication error: Langfuse client initialized without public_key. Client will be disabled. Provide a public_key parameter or set LANGFUSE_PUBLIC_KEY environment variable. 
{"node": "retrieve", "query_len": 79, "event": "start", "correlation_id": "01KTX0JMCBMA3RST76YRKJM1V9", "query_preview": "How many NVIDIA employees work specifically in the Stuttgart office in Germany?", "level": "info", "timestamp": "2026-06-12T04:13:53.421521Z"}
{"query_len": 79, "k": 50, "event": "hybrid.start", "correlation_id": "01KTX0JMCBMA3RST76YRKJM1V9", "query_preview": "How many NVIDIA employees work specifically in the Stuttgart office in Germany?", "level": "info", "timestamp": "2026-06-12T04:13:53.421566Z"}
{"query_len": 79, "k": 50, "dense": 50, "bm25": 0, "fused": 50, "term": false, "event": "hybrid.done", "correlation_id": "01KTX0JMCBMA3RST76YRKJM1V9", "query_preview": "How many NVIDIA employees work specifically in the Stuttgart office in Germany?", "level": "info", "timestamp": "2026-06-12T04:13:53.567918Z"}
{"node": "retrieve", "candidate_count": 50, "event": "done", "correlation_id": "01KTX0JMCBMA3RST76YRKJM1V9", "query_preview": "How many NVIDIA employees work specifically in the Stuttgart office in Germany?", "level": "info", "timestamp": "2026-06-12T04:13:53.568862Z"}
{"node": "expand_graph", "reason": "disabled_or_empty", "event": "skip", "correlation_id": "01KTX0JMCBMA3RST76YRKJM1V9", "query_preview": "How many NVIDIA employees work specifically in the Stuttgart office in Germany?", "level": "info", "timestamp": "2026-06-12T04:13:53.570224Z"}
{"node": "rerank", "candidate_count": 50, "event": "start", "correlation_id": "01KTX0JMCBMA3RST76YRKJM1V9", "query_preview": "How many NVIDIA employees work specifically in the Stuttgart office in Germany?", "level": "info", "timestamp": "2026-06-12T04:13:53.570733Z"}
{"node": "rerank", "top_k": 5, "source": "mode", "event": "top_k_resolved", "correlation_id": "01KTX0JMCBMA3RST76YRKJM1V9", "query_preview": "How many NVIDIA employees work specifically in the Stuttgart office in Germany?", "level": "info", "timestamp": "2026-06-12T04:13:53.570778Z"}
{"candidates": 50, "top_k": 5, "backend": "cross_encoder", "event": "rerank.start", "correlation_id": "01KTX0JMCBMA3RST76YRKJM1V9", "query_preview": "How many NVIDIA employees work specifically in the Stuttgart office in Germany?", "level": "info", "timestamp": "2026-06-12T04:13:53.570802Z"}
{"candidates": 50, "top_k": 5, "backend": "cross_encoder", "returned": 5, "event": "rerank.done", "correlation_id": "01KTX0JMCBMA3RST76YRKJM1V9", "query_preview": "How many NVIDIA employees work specifically in the Stuttgart office in Germany?", "level": "info", "timestamp": "2026-06-12T04:14:51.918980Z"}
{"node": "rerank", "reranked_count": 5, "event": "done", "correlation_id": "01KTX0JMCBMA3RST76YRKJM1V9", "query_preview": "How many NVIDIA employees work specifically in the Stuttgart office in Germany?", "level": "info", "timestamp": "2026-06-12T04:14:51.919088Z"}
{"node": "query_tables", "reason": "no_relevant_tables", "event": "skip", "correlation_id": "01KTX0JMCBMA3RST76YRKJM1V9", "query_preview": "How many NVIDIA employees work specifically in the Stuttgart office in Germany?", "level": "info", "timestamp": "2026-06-12T04:14:51.924219Z"}
{"node": "assess", "reranked_count": 5, "event": "start", "correlation_id": "01KTX0JMCBMA3RST76YRKJM1V9", "query_preview": "How many NVIDIA employees work specifically in the Stuttgart office in Germany?", "level": "info", "timestamp": "2026-06-12T04:14:51.925400Z"}
{"prompt_tag": "assess_sufficiency@v4", "schema": "SufficiencyAssessment", "model": "cyankiwi/Qwen3.5-4B-AWQ-4bit", "max_tokens": 1024, "temperature": 0.1, "top_p": 0.8, "presence_penalty": 1.0, "seed": 42, "message_count": 1, "event": "model_call.start", "correlation_id": "01KTX0JMCBMA3RST76YRKJM1V9", "query_preview": "How many NVIDIA employees work specifically in the Stuttgart office in Germany?", "level": "info", "timestamp": "2026-06-12T04:14:51.927344Z"}
Authentication error: Langfuse client initialized without public_key. Client will be disabled. Provide a public_key parameter or set LANGFUSE_PUBLIC_KEY environment variable. 
{"prompt_tag": "assess_sufficiency@v4", "schema": "SufficiencyAssessment", "tokens": 2763, "event": "model_call.done", "correlation_id": "01KTX0JMCBMA3RST76YRKJM1V9", "query_preview": "How many NVIDIA employees work specifically in the Stuttgart office in Germany?", "level": "info", "timestamp": "2026-06-12T04:14:52.848089Z"}
{"node": "refuse", "event": "start", "correlation_id": "01KTX0JMCBMA3RST76YRKJM1V9", "query_preview": "How many NVIDIA employees work specifically in the Stuttgart office in Germany?", "level": "info", "timestamp": "2026-06-12T04:14:52.849268Z"}
Authentication error: Langfuse client initialized without public_key. Client will be disabled. Provide a public_key parameter or set LANGFUSE_PUBLIC_KEY environment variable. 
{"node": "retrieve", "query_len": 55, "event": "start", "correlation_id": "01KTX0MEDHZW7HTGWVX4SXCW7W", "query_preview": "What was NVIDIA's projected revenue for fiscal Q1 2028?", "level": "info", "timestamp": "2026-06-12T04:14:52.850758Z"}
{"query_len": 55, "k": 50, "event": "hybrid.start", "correlation_id": "01KTX0MEDHZW7HTGWVX4SXCW7W", "query_preview": "What was NVIDIA's projected revenue for fiscal Q1 2028?", "level": "info", "timestamp": "2026-06-12T04:14:52.850797Z"}
{"query_len": 55, "k": 50, "dense": 50, "bm25": 0, "fused": 50, "term": false, "event": "hybrid.done", "correlation_id": "01KTX0MEDHZW7HTGWVX4SXCW7W", "query_preview": "What was NVIDIA's projected revenue for fiscal Q1 2028?", "level": "info", "timestamp": "2026-06-12T04:14:52.955315Z"}
{"node": "retrieve", "candidate_count": 50, "event": "done", "correlation_id": "01KTX0MEDHZW7HTGWVX4SXCW7W", "query_preview": "What was NVIDIA's projected revenue for fiscal Q1 2028?", "level": "info", "timestamp": "2026-06-12T04:14:52.956286Z"}
{"node": "expand_graph", "reason": "disabled_or_empty", "event": "skip", "correlation_id": "01KTX0MEDHZW7HTGWVX4SXCW7W", "query_preview": "What was NVIDIA's projected revenue for fiscal Q1 2028?", "level": "info", "timestamp": "2026-06-12T04:14:52.957799Z"}
{"node": "rerank", "candidate_count": 50, "event": "start", "correlation_id": "01KTX0MEDHZW7HTGWVX4SXCW7W", "query_preview": "What was NVIDIA's projected revenue for fiscal Q1 2028?", "level": "info", "timestamp": "2026-06-12T04:14:52.958410Z"}
{"node": "rerank", "top_k": 5, "source": "mode", "event": "top_k_resolved", "correlation_id": "01KTX0MEDHZW7HTGWVX4SXCW7W", "query_preview": "What was NVIDIA's projected revenue for fiscal Q1 2028?", "level": "info", "timestamp": "2026-06-12T04:14:52.958457Z"}
{"candidates": 50, "top_k": 5, "backend": "cross_encoder", "event": "rerank.start", "correlation_id": "01KTX0MEDHZW7HTGWVX4SXCW7W", "query_preview": "What was NVIDIA's projected revenue for fiscal Q1 2028?", "level": "info", "timestamp": "2026-06-12T04:14:52.958481Z"}
{"candidates": 50, "top_k": 5, "backend": "cross_encoder", "returned": 5, "event": "rerank.done", "correlation_id": "01KTX0MEDHZW7HTGWVX4SXCW7W", "query_preview": "What was NVIDIA's projected revenue for fiscal Q1 2028?", "level": "info", "timestamp": "2026-06-12T04:16:07.777313Z"}
{"node": "rerank", "reranked_count": 5, "event": "done", "correlation_id": "01KTX0MEDHZW7HTGWVX4SXCW7W", "query_preview": "What was NVIDIA's projected revenue for fiscal Q1 2028?", "level": "info", "timestamp": "2026-06-12T04:16:07.777470Z"}
{"node": "query_tables", "reason": "empty_or_not_table_shaped", "event": "skip", "correlation_id": "01KTX0MEDHZW7HTGWVX4SXCW7W", "query_preview": "What was NVIDIA's projected revenue for fiscal Q1 2028?", "level": "info", "timestamp": "2026-06-12T04:16:07.780499Z"}
{"node": "assess", "reranked_count": 5, "event": "start", "correlation_id": "01KTX0MEDHZW7HTGWVX4SXCW7W", "query_preview": "What was NVIDIA's projected revenue for fiscal Q1 2028?", "level": "info", "timestamp": "2026-06-12T04:16:07.781495Z"}
{"prompt_tag": "assess_sufficiency@v4", "schema": "SufficiencyAssessment", "model": "cyankiwi/Qwen3.5-4B-AWQ-4bit", "max_tokens": 1024, "temperature": 0.1, "top_p": 0.8, "presence_penalty": 1.0, "seed": 42, "message_count": 1, "event": "model_call.start", "correlation_id": "01KTX0MEDHZW7HTGWVX4SXCW7W", "query_preview": "What was NVIDIA's projected revenue for fiscal Q1 2028?", "level": "info", "timestamp": "2026-06-12T04:16:07.785427Z"}
Authentication error: Langfuse client initialized without public_key. Client will be disabled. Provide a public_key parameter or set LANGFUSE_PUBLIC_KEY environment variable. 
{"prompt_tag": "assess_sufficiency@v4", "schema": "SufficiencyAssessment", "tokens": 3094, "event": "model_call.done", "correlation_id": "01KTX0MEDHZW7HTGWVX4SXCW7W", "query_preview": "What was NVIDIA's projected revenue for fiscal Q1 2028?", "level": "info", "timestamp": "2026-06-12T04:16:08.813967Z"}
{"node": "refuse", "event": "start", "correlation_id": "01KTX0MEDHZW7HTGWVX4SXCW7W", "query_preview": "What was NVIDIA's projected revenue for fiscal Q1 2028?", "level": "info", "timestamp": "2026-06-12T04:16:08.815451Z"}
Authentication error: Langfuse client initialized without public_key. Client will be disabled. Provide a public_key parameter or set LANGFUSE_PUBLIC_KEY environment variable. 
{"node": "retrieve", "query_len": 101, "event": "start", "correlation_id": "01KTX0PRKG8E5AAP129BV95XWW", "query_preview": "According to the Compensation Committee process timeline figure, what did the CC", "level": "info", "timestamp": "2026-06-12T04:16:08.817760Z"}
{"query_len": 101, "k": 50, "event": "hybrid.start", "correlation_id": "01KTX0PRKG8E5AAP129BV95XWW", "query_preview": "According to the Compensation Committee process timeline figure, what did the CC", "level": "info", "timestamp": "2026-06-12T04:16:08.817805Z"}
{"query_len": 101, "k": 50, "dense": 50, "bm25": 0, "fused": 50, "term": false, "event": "hybrid.done", "correlation_id": "01KTX0PRKG8E5AAP129BV95XWW", "query_preview": "According to the Compensation Committee process timeline figure, what did the CC", "level": "info", "timestamp": "2026-06-12T04:16:09.075248Z"}
{"node": "retrieve", "candidate_count": 50, "event": "done", "correlation_id": "01KTX0PRKG8E5AAP129BV95XWW", "query_preview": "According to the Compensation Committee process timeline figure, what did the CC", "level": "info", "timestamp": "2026-06-12T04:16:09.076586Z"}
{"query_len": 101, "doc_ids": 1, "k": 50, "event": "hybrid_in_docs.start", "correlation_id": "01KTX0PRKG8E5AAP129BV95XWW", "query_preview": "According to the Compensation Committee process timeline figure, what did the CC", "level": "info", "timestamp": "2026-06-12T04:16:09.132456Z"}
{"query_len": 101, "doc_ids": 1, "k": 50, "dense": 50, "bm25": 0, "fused": 50, "term": false, "event": "hybrid_in_docs.done", "correlation_id": "01KTX0PRKG8E5AAP129BV95XWW", "query_preview": "According to the Compensation Committee process timeline figure, what did the CC", "level": "info", "timestamp": "2026-06-12T04:16:09.208784Z"}
{"node": "resolve_artifact_scope", "via": "dominant", "arttype": "timeline", "doc_ids": ["0e725ba0-2026-annual-report-web"], "scoped_count": 50, "replaced_from": 50, "event": "scoped", "correlation_id": "01KTX0PRKG8E5AAP129BV95XWW", "query_preview": "According to the Compensation Committee process timeline figure, what did the CC", "level": "info", "timestamp": "2026-06-12T04:16:09.209732Z"}
{"node": "expand_graph", "reason": "disabled_or_empty", "event": "skip", "correlation_id": "01KTX0PRKG8E5AAP129BV95XWW", "query_preview": "According to the Compensation Committee process timeline figure, what did the CC", "level": "info", "timestamp": "2026-06-12T04:16:09.210596Z"}
{"node": "rerank", "candidate_count": 50, "event": "start", "correlation_id": "01KTX0PRKG8E5AAP129BV95XWW", "query_preview": "According to the Compensation Committee process timeline figure, what did the CC", "level": "info", "timestamp": "2026-06-12T04:16:09.211190Z"}
{"node": "rerank", "top_k": 5, "source": "mode", "event": "top_k_resolved", "correlation_id": "01KTX0PRKG8E5AAP129BV95XWW", "query_preview": "According to the Compensation Committee process timeline figure, what did the CC", "level": "info", "timestamp": "2026-06-12T04:16:09.211245Z"}
{"candidates": 50, "top_k": 5, "backend": "cross_encoder", "event": "rerank.start", "correlation_id": "01KTX0PRKG8E5AAP129BV95XWW", "query_preview": "According to the Compensation Committee process timeline figure, what did the CC", "level": "info", "timestamp": "2026-06-12T04:16:09.211312Z"}
{"candidates": 50, "top_k": 5, "backend": "cross_encoder", "returned": 5, "event": "rerank.done", "correlation_id": "01KTX0PRKG8E5AAP129BV95XWW", "query_preview": "According to the Compensation Committee process timeline figure, what did the CC", "level": "info", "timestamp": "2026-06-12T04:17:29.786022Z"}
{"node": "rerank", "reranked_count": 5, "event": "done", "correlation_id": "01KTX0PRKG8E5AAP129BV95XWW", "query_preview": "According to the Compensation Committee process timeline figure, what did the CC", "level": "info", "timestamp": "2026-06-12T04:17:29.786133Z"}
{"node": "query_tables", "reason": "empty_or_not_table_shaped", "event": "skip", "correlation_id": "01KTX0PRKG8E5AAP129BV95XWW", "query_preview": "According to the Compensation Committee process timeline figure, what did the CC", "level": "info", "timestamp": "2026-06-12T04:17:29.788152Z"}
{"node": "assess", "reranked_count": 5, "event": "start", "correlation_id": "01KTX0PRKG8E5AAP129BV95XWW", "query_preview": "According to the Compensation Committee process timeline figure, what did the CC", "level": "info", "timestamp": "2026-06-12T04:17:29.788911Z"}
{"prompt_tag": "assess_sufficiency@v4", "schema": "SufficiencyAssessment", "model": "cyankiwi/Qwen3.5-4B-AWQ-4bit", "max_tokens": 1024, "temperature": 0.1, "top_p": 0.8, "presence_penalty": 1.0, "seed": 42, "message_count": 1, "event": "model_call.start", "correlation_id": "01KTX0PRKG8E5AAP129BV95XWW", "query_preview": "According to the Compensation Committee process timeline figure, what did the CC", "level": "info", "timestamp": "2026-06-12T04:17:29.807397Z"}
Authentication error: Langfuse client initialized without public_key. Client will be disabled. Provide a public_key parameter or set LANGFUSE_PUBLIC_KEY environment variable. 
{"prompt_tag": "assess_sufficiency@v4", "schema": "SufficiencyAssessment", "tokens": 2852, "event": "model_call.done", "correlation_id": "01KTX0PRKG8E5AAP129BV95XWW", "query_preview": "According to the Compensation Committee process timeline figure, what did the CC", "level": "info", "timestamp": "2026-06-12T04:17:30.871683Z"}
{"node": "answer", "regenerate_attempt": 0, "event": "start", "correlation_id": "01KTX0PRKG8E5AAP129BV95XWW", "query_preview": "According to the Compensation Committee process timeline figure, what did the CC", "level": "info", "timestamp": "2026-06-12T04:17:30.872952Z"}
{"prompt_tag": "answer@v5", "schema": "DraftAnswer", "model": "cyankiwi/Qwen3.5-4B-AWQ-4bit", "max_tokens": 1800, "temperature": 0.1, "top_p": 0.8, "presence_penalty": 1.0, "seed": 42, "message_count": 2, "event": "model_call.start", "correlation_id": "01KTX0PRKG8E5AAP129BV95XWW", "query_preview": "According to the Compensation Committee process timeline figure, what did the CC", "level": "info", "timestamp": "2026-06-12T04:17:30.875123Z"}
Authentication error: Langfuse client initialized without public_key. Client will be disabled. Provide a public_key parameter or set LANGFUSE_PUBLIC_KEY environment variable. 
{"prompt_tag": "answer@v5", "schema": "DraftAnswer", "tokens": 4554, "event": "model_call.done", "correlation_id": "01KTX0PRKG8E5AAP129BV95XWW", "query_preview": "According to the Compensation Committee process timeline figure, what did the CC", "level": "info", "timestamp": "2026-06-12T04:17:33.185808Z"}
{"node": "answer", "original": "According to the Compensation Committee process timeline figure, in December 2024 the CC determined peer companies and m", "event": "answer.summary_scope_rebuilt", "correlation_id": "01KTX0PRKG8E5AAP129BV95XWW", "query_preview": "According to the Compensation Committee process timeline figure, what did the CC", "level": "info", "timestamp": "2026-06-12T04:17:33.185894Z"}
{"node": "verify", "claim_count": 2, "event": "start", "correlation_id": "01KTX0PRKG8E5AAP129BV95XWW", "query_preview": "According to the Compensation Committee process timeline figure, what did the CC", "level": "info", "timestamp": "2026-06-12T04:17:33.186859Z"}
{"prompt_tag": "verify_grounding@v2", "schema": "VerificationResult", "model": "cyankiwi/Qwen3.5-4B-AWQ-4bit", "max_tokens": 1024, "temperature": 0.1, "top_p": 0.8, "presence_penalty": 1.0, "seed": 42, "message_count": 1, "event": "model_call.start", "correlation_id": "01KTX0PRKG8E5AAP129BV95XWW", "query_preview": "According to the Compensation Committee process timeline figure, what did the CC", "level": "info", "timestamp": "2026-06-12T04:17:33.207431Z"}
Authentication error: Langfuse client initialized without public_key. Client will be disabled. Provide a public_key parameter or set LANGFUSE_PUBLIC_KEY environment variable. 
{"prompt_tag": "verify_grounding@v2", "schema": "VerificationResult", "tokens": 2802, "event": "model_call.done", "correlation_id": "01KTX0PRKG8E5AAP129BV95XWW", "query_preview": "According to the Compensation Committee process timeline figure, what did the CC", "level": "info", "timestamp": "2026-06-12T04:17:33.845056Z"}
{"node": "assess_relevance", "event": "start", "correlation_id": "01KTX0PRKG8E5AAP129BV95XWW", "query_preview": "According to the Compensation Committee process timeline figure, what did the CC", "level": "info", "timestamp": "2026-06-12T04:17:33.846584Z"}
{"node": "assess_relevance", "event": "relevance.scope_rebuilt_refuse", "correlation_id": "01KTX0PRKG8E5AAP129BV95XWW", "query_preview": "According to the Compensation Committee process timeline figure, what did the CC", "level": "info", "timestamp": "2026-06-12T04:17:33.846621Z"}
{"node": "refuse", "event": "start", "correlation_id": "01KTX0PRKG8E5AAP129BV95XWW", "query_preview": "According to the Compensation Committee process timeline figure, what did the CC", "level": "info", "timestamp": "2026-06-12T04:17:33.847742Z"}
Authentication error: Langfuse client initialized without public_key. Client will be disabled. Provide a public_key parameter or set LANGFUSE_PUBLIC_KEY environment variable. 
{"node": "retrieve", "query_len": 135, "event": "start", "correlation_id": "01KTX0SBMRJC6BVGQQ1EVMQ9W7", "query_preview": "Per the Compensation Committee timeline figure, when did the CC certify achievem", "level": "info", "timestamp": "2026-06-12T04:17:33.849448Z"}
{"query_len": 135, "k": 50, "event": "hybrid.start", "correlation_id": "01KTX0SBMRJC6BVGQQ1EVMQ9W7", "query_preview": "Per the Compensation Committee timeline figure, when did the CC certify achievem", "level": "info", "timestamp": "2026-06-12T04:17:33.849502Z"}
{"query_len": 135, "k": 50, "dense": 50, "bm25": 0, "fused": 50, "term": false, "event": "hybrid.done", "correlation_id": "01KTX0SBMRJC6BVGQQ1EVMQ9W7", "query_preview": "Per the Compensation Committee timeline figure, when did the CC certify achievem", "level": "info", "timestamp": "2026-06-12T04:17:34.746230Z"}
{"node": "retrieve", "candidate_count": 50, "event": "done", "correlation_id": "01KTX0SBMRJC6BVGQQ1EVMQ9W7", "query_preview": "Per the Compensation Committee timeline figure, when did the CC certify achievem", "level": "info", "timestamp": "2026-06-12T04:17:34.747134Z"}
{"query_len": 135, "doc_ids": 1, "k": 50, "event": "hybrid_in_docs.start", "correlation_id": "01KTX0SBMRJC6BVGQQ1EVMQ9W7", "query_preview": "Per the Compensation Committee timeline figure, when did the CC certify achievem", "level": "info", "timestamp": "2026-06-12T04:17:34.751926Z"}
{"query_len": 135, "doc_ids": 1, "k": 50, "dense": 50, "bm25": 0, "fused": 50, "term": false, "event": "hybrid_in_docs.done", "correlation_id": "01KTX0SBMRJC6BVGQQ1EVMQ9W7", "query_preview": "Per the Compensation Committee timeline figure, when did the CC certify achievem", "level": "info", "timestamp": "2026-06-12T04:17:34.823369Z"}
{"node": "resolve_artifact_scope", "via": "dominant", "arttype": "figure", "doc_ids": ["0e725ba0-2026-annual-report-web"], "scoped_count": 50, "replaced_from": 50, "event": "scoped", "correlation_id": "01KTX0SBMRJC6BVGQQ1EVMQ9W7", "query_preview": "Per the Compensation Committee timeline figure, when did the CC certify achievem", "level": "info", "timestamp": "2026-06-12T04:17:34.824297Z"}
{"node": "expand_graph", "reason": "disabled_or_empty", "event": "skip", "correlation_id": "01KTX0SBMRJC6BVGQQ1EVMQ9W7", "query_preview": "Per the Compensation Committee timeline figure, when did the CC certify achievem", "level": "info", "timestamp": "2026-06-12T04:17:34.825113Z"}
{"node": "rerank", "candidate_count": 50, "event": "start", "correlation_id": "01KTX0SBMRJC6BVGQQ1EVMQ9W7", "query_preview": "Per the Compensation Committee timeline figure, when did the CC certify achievem", "level": "info", "timestamp": "2026-06-12T04:17:34.825706Z"}
{"node": "rerank", "top_k": 5, "source": "mode", "event": "top_k_resolved", "correlation_id": "01KTX0SBMRJC6BVGQQ1EVMQ9W7", "query_preview": "Per the Compensation Committee timeline figure, when did the CC certify achievem", "level": "info", "timestamp": "2026-06-12T04:17:34.825756Z"}
{"candidates": 50, "top_k": 5, "backend": "cross_encoder", "event": "rerank.start", "correlation_id": "01KTX0SBMRJC6BVGQQ1EVMQ9W7", "query_preview": "Per the Compensation Committee timeline figure, when did the CC certify achievem", "level": "info", "timestamp": "2026-06-12T04:17:34.825791Z"}
{"candidates": 50, "top_k": 5, "backend": "cross_encoder", "returned": 5, "event": "rerank.done", "correlation_id": "01KTX0SBMRJC6BVGQQ1EVMQ9W7", "query_preview": "Per the Compensation Committee timeline figure, when did the CC certify achievem", "level": "info", "timestamp": "2026-06-12T04:19:02.897674Z"}
{"node": "rerank", "reranked_count": 5, "event": "done", "correlation_id": "01KTX0SBMRJC6BVGQQ1EVMQ9W7", "query_preview": "Per the Compensation Committee timeline figure, when did the CC certify achievem", "level": "info", "timestamp": "2026-06-12T04:19:02.902369Z"}
{"node": "query_tables", "reason": "empty_or_not_table_shaped", "event": "skip", "correlation_id": "01KTX0SBMRJC6BVGQQ1EVMQ9W7", "query_preview": "Per the Compensation Committee timeline figure, when did the CC certify achievem", "level": "info", "timestamp": "2026-06-12T04:19:02.904657Z"}
{"node": "assess", "reranked_count": 5, "event": "start", "correlation_id": "01KTX0SBMRJC6BVGQQ1EVMQ9W7", "query_preview": "Per the Compensation Committee timeline figure, when did the CC certify achievem", "level": "info", "timestamp": "2026-06-12T04:19:02.905584Z"}
{"prompt_tag": "assess_sufficiency@v4", "schema": "SufficiencyAssessment", "model": "cyankiwi/Qwen3.5-4B-AWQ-4bit", "max_tokens": 1024, "temperature": 0.1, "top_p": 0.8, "presence_penalty": 1.0, "seed": 42, "message_count": 1, "event": "model_call.start", "correlation_id": "01KTX0SBMRJC6BVGQQ1EVMQ9W7", "query_preview": "Per the Compensation Committee timeline figure, when did the CC certify achievem", "level": "info", "timestamp": "2026-06-12T04:19:02.936331Z"}
Authentication error: Langfuse client initialized without public_key. Client will be disabled. Provide a public_key parameter or set LANGFUSE_PUBLIC_KEY environment variable. 
{"prompt_tag": "assess_sufficiency@v4", "schema": "SufficiencyAssessment", "tokens": 2769, "event": "model_call.done", "correlation_id": "01KTX0SBMRJC6BVGQQ1EVMQ9W7", "query_preview": "Per the Compensation Committee timeline figure, when did the CC certify achievem", "level": "info", "timestamp": "2026-06-12T04:19:04.051640Z"}
{"node": "answer", "regenerate_attempt": 0, "event": "start", "correlation_id": "01KTX0SBMRJC6BVGQQ1EVMQ9W7", "query_preview": "Per the Compensation Committee timeline figure, when did the CC certify achievem", "level": "info", "timestamp": "2026-06-12T04:19:04.053364Z"}
{"prompt_tag": "answer@v5", "schema": "DraftAnswer", "model": "cyankiwi/Qwen3.5-4B-AWQ-4bit", "max_tokens": 1800, "temperature": 0.1, "top_p": 0.8, "presence_penalty": 1.0, "seed": 42, "message_count": 2, "event": "model_call.start", "correlation_id": "01KTX0SBMRJC6BVGQQ1EVMQ9W7", "query_preview": "Per the Compensation Committee timeline figure, when did the CC certify achievem", "level": "info", "timestamp": "2026-06-12T04:19:04.056078Z"}
Authentication error: Langfuse client initialized without public_key. Client will be disabled. Provide a public_key parameter or set LANGFUSE_PUBLIC_KEY environment variable. 
{"prompt_tag": "answer@v5", "schema": "DraftAnswer", "tokens": 4387, "event": "model_call.done", "correlation_id": "01KTX0SBMRJC6BVGQQ1EVMQ9W7", "query_preview": "Per the Compensation Committee timeline figure, when did the CC certify achievem", "level": "info", "timestamp": "2026-06-12T04:19:05.661472Z"}
{"node": "answer", "original": "The Compensation Committee certified achievement and payouts for the Fiscal 2026 Variable Cash Plan in March 2026.", "event": "answer.summary_scope_rebuilt", "correlation_id": "01KTX0SBMRJC6BVGQQ1EVMQ9W7", "query_preview": "Per the Compensation Committee timeline figure, when did the CC certify achievem", "level": "info", "timestamp": "2026-06-12T04:19:05.661553Z"}
{"node": "verify", "claim_count": 1, "event": "start", "correlation_id": "01KTX0SBMRJC6BVGQQ1EVMQ9W7", "query_preview": "Per the Compensation Committee timeline figure, when did the CC certify achievem", "level": "info", "timestamp": "2026-06-12T04:19:05.662670Z"}
{"prompt_tag": "verify_grounding@v2", "schema": "VerificationResult", "model": "cyankiwi/Qwen3.5-4B-AWQ-4bit", "max_tokens": 1024, "temperature": 0.1, "top_p": 0.8, "presence_penalty": 1.0, "seed": 42, "message_count": 1, "event": "model_call.start", "correlation_id": "01KTX0SBMRJC6BVGQQ1EVMQ9W7", "query_preview": "Per the Compensation Committee timeline figure, when did the CC certify achievem", "level": "info", "timestamp": "2026-06-12T04:19:05.667297Z"}
Authentication error: Langfuse client initialized without public_key. Client will be disabled. Provide a public_key parameter or set LANGFUSE_PUBLIC_KEY environment variable. 
{"prompt_tag": "verify_grounding@v2", "schema": "VerificationResult", "tokens": 2654, "event": "model_call.done", "correlation_id": "01KTX0SBMRJC6BVGQQ1EVMQ9W7", "query_preview": "Per the Compensation Committee timeline figure, when did the CC certify achievem", "level": "info", "timestamp": "2026-06-12T04:19:06.256434Z"}
{"node": "assess_relevance", "event": "start", "correlation_id": "01KTX0SBMRJC6BVGQQ1EVMQ9W7", "query_preview": "Per the Compensation Committee timeline figure, when did the CC certify achievem", "level": "info", "timestamp": "2026-06-12T04:19:06.258392Z"}
{"node": "assess_relevance", "event": "relevance.scope_rebuilt_refuse", "correlation_id": "01KTX0SBMRJC6BVGQQ1EVMQ9W7", "query_preview": "Per the Compensation Committee timeline figure, when did the CC certify achievem", "level": "info", "timestamp": "2026-06-12T04:19:06.258442Z"}
{"node": "refuse", "event": "start", "correlation_id": "01KTX0SBMRJC6BVGQQ1EVMQ9W7", "query_preview": "Per the Compensation Committee timeline figure, when did the CC certify achievem", "level": "info", "timestamp": "2026-06-12T04:19:06.259864Z"}
Authentication error: Langfuse client initialized without public_key. Client will be disabled. Provide a public_key parameter or set LANGFUSE_PUBLIC_KEY environment variable. 
{"node": "retrieve", "query_len": 84, "event": "start", "correlation_id": "01KTX0W5WM2MV2662GVZ942RC9", "query_preview": "What was the operating income of NVIDIA's Automotive market platform in fiscal 2", "level": "info", "timestamp": "2026-06-12T04:19:06.261750Z"}
{"query_len": 84, "k": 50, "event": "hybrid.start", "correlation_id": "01KTX0W5WM2MV2662GVZ942RC9", "query_preview": "What was the operating income of NVIDIA's Automotive market platform in fiscal 2", "level": "info", "timestamp": "2026-06-12T04:19:06.261802Z"}
{"query_len": 84, "k": 50, "dense": 50, "bm25": 0, "fused": 50, "term": false, "event": "hybrid.done", "correlation_id": "01KTX0W5WM2MV2662GVZ942RC9", "query_preview": "What was the operating income of NVIDIA's Automotive market platform in fiscal 2", "level": "info", "timestamp": "2026-06-12T04:19:06.369468Z"}
{"node": "retrieve", "candidate_count": 50, "event": "done", "correlation_id": "01KTX0W5WM2MV2662GVZ942RC9", "query_preview": "What was the operating income of NVIDIA's Automotive market platform in fiscal 2", "level": "info", "timestamp": "2026-06-12T04:19:06.370411Z"}
{"node": "expand_graph", "reason": "disabled_or_empty", "event": "skip", "correlation_id": "01KTX0W5WM2MV2662GVZ942RC9", "query_preview": "What was the operating income of NVIDIA's Automotive market platform in fiscal 2", "level": "info", "timestamp": "2026-06-12T04:19:06.371706Z"}
{"node": "rerank", "candidate_count": 50, "event": "start", "correlation_id": "01KTX0W5WM2MV2662GVZ942RC9", "query_preview": "What was the operating income of NVIDIA's Automotive market platform in fiscal 2", "level": "info", "timestamp": "2026-06-12T04:19:06.372177Z"}
{"node": "rerank", "top_k": 5, "source": "mode", "event": "top_k_resolved", "correlation_id": "01KTX0W5WM2MV2662GVZ942RC9", "query_preview": "What was the operating income of NVIDIA's Automotive market platform in fiscal 2", "level": "info", "timestamp": "2026-06-12T04:19:06.372228Z"}
{"candidates": 50, "top_k": 5, "backend": "cross_encoder", "event": "rerank.start", "correlation_id": "01KTX0W5WM2MV2662GVZ942RC9", "query_preview": "What was the operating income of NVIDIA's Automotive market platform in fiscal 2", "level": "info", "timestamp": "2026-06-12T04:19:06.372252Z"}
{"candidates": 50, "top_k": 5, "backend": "cross_encoder", "returned": 5, "event": "rerank.done", "correlation_id": "01KTX0W5WM2MV2662GVZ942RC9", "query_preview": "What was the operating income of NVIDIA's Automotive market platform in fiscal 2", "level": "info", "timestamp": "2026-06-12T04:20:13.776023Z"}
{"node": "rerank", "reranked_count": 5, "event": "done", "correlation_id": "01KTX0W5WM2MV2662GVZ942RC9", "query_preview": "What was the operating income of NVIDIA's Automotive market platform in fiscal 2", "level": "info", "timestamp": "2026-06-12T04:20:13.776126Z"}
{"node": "query_tables", "reason": "empty_or_not_table_shaped", "event": "skip", "correlation_id": "01KTX0W5WM2MV2662GVZ942RC9", "query_preview": "What was the operating income of NVIDIA's Automotive market platform in fiscal 2", "level": "info", "timestamp": "2026-06-12T04:20:13.777989Z"}
{"node": "assess", "reranked_count": 5, "event": "start", "correlation_id": "01KTX0W5WM2MV2662GVZ942RC9", "query_preview": "What was the operating income of NVIDIA's Automotive market platform in fiscal 2", "level": "info", "timestamp": "2026-06-12T04:20:13.778737Z"}
{"prompt_tag": "assess_sufficiency@v4", "schema": "SufficiencyAssessment", "model": "cyankiwi/Qwen3.5-4B-AWQ-4bit", "max_tokens": 1024, "temperature": 0.1, "top_p": 0.8, "presence_penalty": 1.0, "seed": 42, "message_count": 1, "event": "model_call.start", "correlation_id": "01KTX0W5WM2MV2662GVZ942RC9", "query_preview": "What was the operating income of NVIDIA's Automotive market platform in fiscal 2", "level": "info", "timestamp": "2026-06-12T04:20:13.781080Z"}
Authentication error: Langfuse client initialized without public_key. Client will be disabled. Provide a public_key parameter or set LANGFUSE_PUBLIC_KEY environment variable. 
{"prompt_tag": "assess_sufficiency@v4", "schema": "SufficiencyAssessment", "tokens": 3367, "event": "model_call.done", "correlation_id": "01KTX0W5WM2MV2662GVZ942RC9", "query_preview": "What was the operating income of NVIDIA's Automotive market platform in fiscal 2", "level": "info", "timestamp": "2026-06-12T04:20:14.717110Z"}
{"node": "answer", "regenerate_attempt": 0, "event": "start", "correlation_id": "01KTX0W5WM2MV2662GVZ942RC9", "query_preview": "What was the operating income of NVIDIA's Automotive market platform in fiscal 2", "level": "info", "timestamp": "2026-06-12T04:20:14.718733Z"}
{"prompt_tag": "answer@v5", "schema": "DraftAnswer", "model": "cyankiwi/Qwen3.5-4B-AWQ-4bit", "max_tokens": 1800, "temperature": 0.1, "top_p": 0.8, "presence_penalty": 1.0, "seed": 42, "message_count": 2, "event": "model_call.start", "correlation_id": "01KTX0W5WM2MV2662GVZ942RC9", "query_preview": "What was the operating income of NVIDIA's Automotive market platform in fiscal 2", "level": "info", "timestamp": "2026-06-12T04:20:14.720678Z"}
Authentication error: Langfuse client initialized without public_key. Client will be disabled. Provide a public_key parameter or set LANGFUSE_PUBLIC_KEY environment variable. 
{"prompt_tag": "answer@v5", "schema": "DraftAnswer", "tokens": 4971, "event": "model_call.done", "correlation_id": "01KTX0W5WM2MV2662GVZ942RC9", "query_preview": "What was the operating income of NVIDIA's Automotive market platform in fiscal 2", "level": "info", "timestamp": "2026-06-12T04:20:15.987736Z"}
{"node": "answer", "summary_head": "The chunks do not contain the operating income for NVIDIA's Automotive market platform in fiscal 2026. While they provid", "event": "answer.denial_reframe_retry", "correlation_id": "01KTX0W5WM2MV2662GVZ942RC9", "query_preview": "What was the operating income of NVIDIA's Automotive market platform in fiscal 2", "level": "info", "timestamp": "2026-06-12T04:20:15.987801Z"}
{"prompt_tag": "answer@v5", "schema": "DraftAnswer", "model": "cyankiwi/Qwen3.5-4B-AWQ-4bit", "max_tokens": 1800, "temperature": 0.1, "top_p": 0.8, "presence_penalty": 1.0, "seed": 42, "message_count": 2, "event": "model_call.start", "correlation_id": "01KTX0W5WM2MV2662GVZ942RC9", "query_preview": "What was the operating income of NVIDIA's Automotive market platform in fiscal 2", "level": "info", "timestamp": "2026-06-12T04:20:15.989790Z"}
Authentication error: Langfuse client initialized without public_key. Client will be disabled. Provide a public_key parameter or set LANGFUSE_PUBLIC_KEY environment variable. 
{"prompt_tag": "answer@v5", "schema": "DraftAnswer", "tokens": 5123, "event": "model_call.done", "correlation_id": "01KTX0W5WM2MV2662GVZ942RC9", "query_preview": "What was the operating income of NVIDIA's Automotive market platform in fiscal 2", "level": "info", "timestamp": "2026-06-12T04:20:16.797444Z"}
{"node": "verify", "claim_count": 0, "event": "start", "correlation_id": "01KTX0W5WM2MV2662GVZ942RC9", "query_preview": "What was the operating income of NVIDIA's Automotive market platform in fiscal 2", "level": "info", "timestamp": "2026-06-12T04:20:16.798497Z"}
{"node": "verify", "event": "empty_draft_shortcircuit", "correlation_id": "01KTX0W5WM2MV2662GVZ942RC9", "query_preview": "What was the operating income of NVIDIA's Automotive market platform in fiscal 2", "level": "info", "timestamp": "2026-06-12T04:20:16.798535Z"}
{"node": "assess_relevance", "event": "start", "correlation_id": "01KTX0W5WM2MV2662GVZ942RC9", "query_preview": "What was the operating income of NVIDIA's Automotive market platform in fiscal 2", "level": "info", "timestamp": "2026-06-12T04:20:16.799838Z"}
{"prompt_tag": "assess_relevance@v3", "schema": "RelevanceAssessment", "model": "cyankiwi/Qwen3.5-4B-AWQ-4bit", "max_tokens": 1024, "temperature": 0.1, "top_p": 0.8, "presence_penalty": 1.0, "seed": 42, "message_count": 1, "event": "model_call.start", "correlation_id": "01KTX0W5WM2MV2662GVZ942RC9", "query_preview": "What was the operating income of NVIDIA's Automotive market platform in fiscal 2", "level": "info", "timestamp": "2026-06-12T04:20:16.801216Z"}
Authentication error: Langfuse client initialized without public_key. Client will be disabled. Provide a public_key parameter or set LANGFUSE_PUBLIC_KEY environment variable. 
{"prompt_tag": "assess_relevance@v3", "schema": "RelevanceAssessment", "tokens": 866, "event": "model_call.done", "correlation_id": "01KTX0W5WM2MV2662GVZ942RC9", "query_preview": "What was the operating income of NVIDIA's Automotive market platform in fiscal 2", "level": "info", "timestamp": "2026-06-12T04:20:17.272837Z"}
{"node": "assess_relevance", "responsive": true, "event": "relevance", "correlation_id": "01KTX0W5WM2MV2662GVZ942RC9", "query_preview": "What was the operating income of NVIDIA's Automotive market platform in fiscal 2", "level": "info", "timestamp": "2026-06-12T04:20:17.272890Z"}
{"node": "compose", "event": "start", "correlation_id": "01KTX0W5WM2MV2662GVZ942RC9", "query_preview": "What was the operating income of NVIDIA's Automotive market platform in fiscal 2", "level": "info", "timestamp": "2026-06-12T04:20:17.274590Z"}
Authentication error: Langfuse client initialized without public_key. Client will be disabled. Provide a public_key parameter or set LANGFUSE_PUBLIC_KEY environment variable. 
{"node": "retrieve", "query_len": 70, "event": "start", "correlation_id": "01KTX0YB7VZ9AYV85ASC449YSE", "query_preview": "What was the gross margin of NVIDIA's Graphics segment in fiscal 2026?", "level": "info", "timestamp": "2026-06-12T04:20:17.276660Z"}
{"query_len": 70, "k": 50, "event": "hybrid.start", "correlation_id": "01KTX0YB7VZ9AYV85ASC449YSE", "query_preview": "What was the gross margin of NVIDIA's Graphics segment in fiscal 2026?", "level": "info", "timestamp": "2026-06-12T04:20:17.276704Z"}
{"query_len": 70, "k": 50, "dense": 50, "bm25": 0, "fused": 50, "term": false, "event": "hybrid.done", "correlation_id": "01KTX0YB7VZ9AYV85ASC449YSE", "query_preview": "What was the gross margin of NVIDIA's Graphics segment in fiscal 2026?", "level": "info", "timestamp": "2026-06-12T04:20:17.351976Z"}
{"node": "retrieve", "candidate_count": 50, "event": "done", "correlation_id": "01KTX0YB7VZ9AYV85ASC449YSE", "query_preview": "What was the gross margin of NVIDIA's Graphics segment in fiscal 2026?", "level": "info", "timestamp": "2026-06-12T04:20:17.352932Z"}
{"node": "expand_graph", "reason": "disabled_or_empty", "event": "skip", "correlation_id": "01KTX0YB7VZ9AYV85ASC449YSE", "query_preview": "What was the gross margin of NVIDIA's Graphics segment in fiscal 2026?", "level": "info", "timestamp": "2026-06-12T04:20:17.354188Z"}
{"node": "rerank", "candidate_count": 50, "event": "start", "correlation_id": "01KTX0YB7VZ9AYV85ASC449YSE", "query_preview": "What was the gross margin of NVIDIA's Graphics segment in fiscal 2026?", "level": "info", "timestamp": "2026-06-12T04:20:17.354707Z"}
{"node": "rerank", "top_k": 5, "source": "mode", "event": "top_k_resolved", "correlation_id": "01KTX0YB7VZ9AYV85ASC449YSE", "query_preview": "What was the gross margin of NVIDIA's Graphics segment in fiscal 2026?", "level": "info", "timestamp": "2026-06-12T04:20:17.354753Z"}
{"candidates": 50, "top_k": 5, "backend": "cross_encoder", "event": "rerank.start", "correlation_id": "01KTX0YB7VZ9AYV85ASC449YSE", "query_preview": "What was the gross margin of NVIDIA's Graphics segment in fiscal 2026?", "level": "info", "timestamp": "2026-06-12T04:20:17.354778Z"}
{"candidates": 50, "top_k": 5, "backend": "cross_encoder", "returned": 5, "event": "rerank.done", "correlation_id": "01KTX0YB7VZ9AYV85ASC449YSE", "query_preview": "What was the gross margin of NVIDIA's Graphics segment in fiscal 2026?", "level": "info", "timestamp": "2026-06-12T04:21:24.297917Z"}
{"node": "rerank", "reranked_count": 5, "event": "done", "correlation_id": "01KTX0YB7VZ9AYV85ASC449YSE", "query_preview": "What was the gross margin of NVIDIA's Graphics segment in fiscal 2026?", "level": "info", "timestamp": "2026-06-12T04:21:24.298026Z"}
{"node": "query_tables", "reason": "empty_or_not_table_shaped", "event": "skip", "correlation_id": "01KTX0YB7VZ9AYV85ASC449YSE", "query_preview": "What was the gross margin of NVIDIA's Graphics segment in fiscal 2026?", "level": "info", "timestamp": "2026-06-12T04:21:24.300011Z"}
{"node": "assess", "reranked_count": 5, "event": "start", "correlation_id": "01KTX0YB7VZ9AYV85ASC449YSE", "query_preview": "What was the gross margin of NVIDIA's Graphics segment in fiscal 2026?", "level": "info", "timestamp": "2026-06-12T04:21:24.300807Z"}
{"prompt_tag": "assess_sufficiency@v4", "schema": "SufficiencyAssessment", "model": "cyankiwi/Qwen3.5-4B-AWQ-4bit", "max_tokens": 1024, "temperature": 0.1, "top_p": 0.8, "presence_penalty": 1.0, "seed": 42, "message_count": 1, "event": "model_call.start", "correlation_id": "01KTX0YB7VZ9AYV85ASC449YSE", "query_preview": "What was the gross margin of NVIDIA's Graphics segment in fiscal 2026?", "level": "info", "timestamp": "2026-06-12T04:21:24.302894Z"}
Authentication error: Langfuse client initialized without public_key. Client will be disabled. Provide a public_key parameter or set LANGFUSE_PUBLIC_KEY environment variable. 
{"prompt_tag": "assess_sufficiency@v4", "schema": "SufficiencyAssessment", "tokens": 2919, "event": "model_call.done", "correlation_id": "01KTX0YB7VZ9AYV85ASC449YSE", "query_preview": "What was the gross margin of NVIDIA's Graphics segment in fiscal 2026?", "level": "info", "timestamp": "2026-06-12T04:21:25.267980Z"}
{"node": "answer", "regenerate_attempt": 0, "event": "start", "correlation_id": "01KTX0YB7VZ9AYV85ASC449YSE", "query_preview": "What was the gross margin of NVIDIA's Graphics segment in fiscal 2026?", "level": "info", "timestamp": "2026-06-12T04:21:25.269352Z"}
{"prompt_tag": "answer@v5", "schema": "DraftAnswer", "model": "cyankiwi/Qwen3.5-4B-AWQ-4bit", "max_tokens": 1800, "temperature": 0.1, "top_p": 0.8, "presence_penalty": 1.0, "seed": 42, "message_count": 2, "event": "model_call.start", "correlation_id": "01KTX0YB7VZ9AYV85ASC449YSE", "query_preview": "What was the gross margin of NVIDIA's Graphics segment in fiscal 2026?", "level": "info", "timestamp": "2026-06-12T04:21:25.271360Z"}
Authentication error: Langfuse client initialized without public_key. Client will be disabled. Provide a public_key parameter or set LANGFUSE_PUBLIC_KEY environment variable. 
{"prompt_tag": "answer@v5", "schema": "DraftAnswer", "tokens": 4558, "event": "model_call.done", "correlation_id": "01KTX0YB7VZ9AYV85ASC449YSE", "query_preview": "What was the gross margin of NVIDIA's Graphics segment in fiscal 2026?", "level": "info", "timestamp": "2026-06-12T04:21:26.889265Z"}
{"node": "answer", "original": "The gross margin for NVIDIA's Graphics segment in fiscal 2026 was 71.1%, as stated in the company's 2026 Annual Review.", "event": "answer.summary_scope_rebuilt", "correlation_id": "01KTX0YB7VZ9AYV85ASC449YSE", "query_preview": "What was the gross margin of NVIDIA's Graphics segment in fiscal 2026?", "level": "info", "timestamp": "2026-06-12T04:21:26.889337Z"}
{"node": "verify", "claim_count": 1, "event": "start", "correlation_id": "01KTX0YB7VZ9AYV85ASC449YSE", "query_preview": "What was the gross margin of NVIDIA's Graphics segment in fiscal 2026?", "level": "info", "timestamp": "2026-06-12T04:21:26.890109Z"}
{"prompt_tag": "verify_grounding@v2", "schema": "VerificationResult", "model": "cyankiwi/Qwen3.5-4B-AWQ-4bit", "max_tokens": 1024, "temperature": 0.1, "top_p": 0.8, "presence_penalty": 1.0, "seed": 42, "message_count": 1, "event": "model_call.start", "correlation_id": "01KTX0YB7VZ9AYV85ASC449YSE", "query_preview": "What was the gross margin of NVIDIA's Graphics segment in fiscal 2026?", "level": "info", "timestamp": "2026-06-12T04:21:26.893786Z"}
Authentication error: Langfuse client initialized without public_key. Client will be disabled. Provide a public_key parameter or set LANGFUSE_PUBLIC_KEY environment variable. 
{"prompt_tag": "verify_grounding@v2", "schema": "VerificationResult", "tokens": 2822, "event": "model_call.done", "correlation_id": "01KTX0YB7VZ9AYV85ASC449YSE", "query_preview": "What was the gross margin of NVIDIA's Graphics segment in fiscal 2026?", "level": "info", "timestamp": "2026-06-12T04:21:27.507284Z"}
{"node": "assess_relevance", "event": "start", "correlation_id": "01KTX0YB7VZ9AYV85ASC449YSE", "query_preview": "What was the gross margin of NVIDIA's Graphics segment in fiscal 2026?", "level": "info", "timestamp": "2026-06-12T04:21:27.508480Z"}
{"node": "assess_relevance", "event": "relevance.scope_rebuilt_refuse", "correlation_id": "01KTX0YB7VZ9AYV85ASC449YSE", "query_preview": "What was the gross margin of NVIDIA's Graphics segment in fiscal 2026?", "level": "info", "timestamp": "2026-06-12T04:21:27.508522Z"}
{"node": "refuse", "event": "start", "correlation_id": "01KTX0YB7VZ9AYV85ASC449YSE", "query_preview": "What was the gross margin of NVIDIA's Graphics segment in fiscal 2026?", "level": "info", "timestamp": "2026-06-12T04:21:27.509357Z"}
Authentication error: Langfuse client initialized without public_key. Client will be disabled. Provide a public_key parameter or set LANGFUSE_PUBLIC_KEY environment variable. 
{"node": "retrieve", "query_len": 48, "event": "start", "correlation_id": "01KTX10FTN1MJK7P7NPTKS085M", "query_preview": "What was NVIDIA's Gaming revenue in fiscal 2026?", "level": "info", "timestamp": "2026-06-12T04:21:27.510879Z"}
{"query_len": 48, "k": 50, "event": "hybrid.start", "correlation_id": "01KTX10FTN1MJK7P7NPTKS085M", "query_preview": "What was NVIDIA's Gaming revenue in fiscal 2026?", "level": "info", "timestamp": "2026-06-12T04:21:27.510916Z"}
{"query_len": 48, "k": 50, "dense": 50, "bm25": 0, "fused": 50, "term": false, "event": "hybrid.done", "correlation_id": "01KTX10FTN1MJK7P7NPTKS085M", "query_preview": "What was NVIDIA's Gaming revenue in fiscal 2026?", "level": "info", "timestamp": "2026-06-12T04:21:27.585181Z"}
{"node": "retrieve", "candidate_count": 50, "event": "done", "correlation_id": "01KTX10FTN1MJK7P7NPTKS085M", "query_preview": "What was NVIDIA's Gaming revenue in fiscal 2026?", "level": "info", "timestamp": "2026-06-12T04:21:27.586157Z"}
{"node": "expand_graph", "reason": "disabled_or_empty", "event": "skip", "correlation_id": "01KTX10FTN1MJK7P7NPTKS085M", "query_preview": "What was NVIDIA's Gaming revenue in fiscal 2026?", "level": "info", "timestamp": "2026-06-12T04:21:27.587414Z"}
{"node": "rerank", "candidate_count": 50, "event": "start", "correlation_id": "01KTX10FTN1MJK7P7NPTKS085M", "query_preview": "What was NVIDIA's Gaming revenue in fiscal 2026?", "level": "info", "timestamp": "2026-06-12T04:21:27.587898Z"}
{"node": "rerank", "top_k": 5, "source": "mode", "event": "top_k_resolved", "correlation_id": "01KTX10FTN1MJK7P7NPTKS085M", "query_preview": "What was NVIDIA's Gaming revenue in fiscal 2026?", "level": "info", "timestamp": "2026-06-12T04:21:27.587942Z"}
{"candidates": 50, "top_k": 5, "backend": "cross_encoder", "event": "rerank.start", "correlation_id": "01KTX10FTN1MJK7P7NPTKS085M", "query_preview": "What was NVIDIA's Gaming revenue in fiscal 2026?", "level": "info", "timestamp": "2026-06-12T04:21:27.587965Z"}
{"candidates": 50, "top_k": 5, "backend": "cross_encoder", "returned": 5, "event": "rerank.done", "correlation_id": "01KTX10FTN1MJK7P7NPTKS085M", "query_preview": "What was NVIDIA's Gaming revenue in fiscal 2026?", "level": "info", "timestamp": "2026-06-12T04:22:40.742207Z"}
{"node": "rerank", "reranked_count": 5, "event": "done", "correlation_id": "01KTX10FTN1MJK7P7NPTKS085M", "query_preview": "What was NVIDIA's Gaming revenue in fiscal 2026?", "level": "info", "timestamp": "2026-06-12T04:22:40.742316Z"}
{"node": "query_tables", "reason": "empty_or_not_table_shaped", "event": "skip", "correlation_id": "01KTX10FTN1MJK7P7NPTKS085M", "query_preview": "What was NVIDIA's Gaming revenue in fiscal 2026?", "level": "info", "timestamp": "2026-06-12T04:22:40.744608Z"}
{"node": "assess", "reranked_count": 5, "event": "start", "correlation_id": "01KTX10FTN1MJK7P7NPTKS085M", "query_preview": "What was NVIDIA's Gaming revenue in fiscal 2026?", "level": "info", "timestamp": "2026-06-12T04:22:40.745683Z"}
{"prompt_tag": "assess_sufficiency@v4", "schema": "SufficiencyAssessment", "model": "cyankiwi/Qwen3.5-4B-AWQ-4bit", "max_tokens": 1024, "temperature": 0.1, "top_p": 0.8, "presence_penalty": 1.0, "seed": 42, "message_count": 1, "event": "model_call.start", "correlation_id": "01KTX10FTN1MJK7P7NPTKS085M", "query_preview": "What was NVIDIA's Gaming revenue in fiscal 2026?", "level": "info", "timestamp": "2026-06-12T04:22:40.747849Z"}
Authentication error: Langfuse client initialized without public_key. Client will be disabled. Provide a public_key parameter or set LANGFUSE_PUBLIC_KEY environment variable. 
{"prompt_tag": "assess_sufficiency@v4", "schema": "SufficiencyAssessment", "tokens": 2994, "event": "model_call.done", "correlation_id": "01KTX10FTN1MJK7P7NPTKS085M", "query_preview": "What was NVIDIA's Gaming revenue in fiscal 2026?", "level": "info", "timestamp": "2026-06-12T04:22:41.890419Z"}
{"node": "answer", "regenerate_attempt": 0, "event": "start", "correlation_id": "01KTX10FTN1MJK7P7NPTKS085M", "query_preview": "What was NVIDIA's Gaming revenue in fiscal 2026?", "level": "info", "timestamp": "2026-06-12T04:22:41.891817Z"}
{"prompt_tag": "answer@v5", "schema": "DraftAnswer", "model": "cyankiwi/Qwen3.5-4B-AWQ-4bit", "max_tokens": 1800, "temperature": 0.1, "top_p": 0.8, "presence_penalty": 1.0, "seed": 42, "message_count": 2, "event": "model_call.start", "correlation_id": "01KTX10FTN1MJK7P7NPTKS085M", "query_preview": "What was NVIDIA's Gaming revenue in fiscal 2026?", "level": "info", "timestamp": "2026-06-12T04:22:41.894475Z"}
Authentication error: Langfuse client initialized without public_key. Client will be disabled. Provide a public_key parameter or set LANGFUSE_PUBLIC_KEY environment variable. 
{"prompt_tag": "answer@v5", "schema": "DraftAnswer", "tokens": 4602, "event": "model_call.done", "correlation_id": "01KTX10FTN1MJK7P7NPTKS085M", "query_preview": "What was NVIDIA's Gaming revenue in fiscal 2026?", "level": "info", "timestamp": "2026-06-12T04:22:43.562672Z"}
{"node": "answer", "original": "NVIDIA's Gaming revenue in fiscal 2026 was $16,042 million according to the provided financial report.", "event": "answer.summary_scope_rebuilt", "correlation_id": "01KTX10FTN1MJK7P7NPTKS085M", "query_preview": "What was NVIDIA's Gaming revenue in fiscal 2026?", "level": "info", "timestamp": "2026-06-12T04:22:43.562760Z"}
{"node": "verify", "claim_count": 1, "event": "start", "correlation_id": "01KTX10FTN1MJK7P7NPTKS085M", "query_preview": "What was NVIDIA's Gaming revenue in fiscal 2026?", "level": "info", "timestamp": "2026-06-12T04:22:43.563748Z"}
{"prompt_tag": "verify_grounding@v2", "schema": "VerificationResult", "model": "cyankiwi/Qwen3.5-4B-AWQ-4bit", "max_tokens": 1024, "temperature": 0.1, "top_p": 0.8, "presence_penalty": 1.0, "seed": 42, "message_count": 1, "event": "model_call.start", "correlation_id": "01KTX10FTN1MJK7P7NPTKS085M", "query_preview": "What was NVIDIA's Gaming revenue in fiscal 2026?", "level": "info", "timestamp": "2026-06-12T04:22:43.567701Z"}
Authentication error: Langfuse client initialized without public_key. Client will be disabled. Provide a public_key parameter or set LANGFUSE_PUBLIC_KEY environment variable. 
{"prompt_tag": "verify_grounding@v2", "schema": "VerificationResult", "tokens": 2879, "event": "model_call.done", "correlation_id": "01KTX10FTN1MJK7P7NPTKS085M", "query_preview": "What was NVIDIA's Gaming revenue in fiscal 2026?", "level": "info", "timestamp": "2026-06-12T04:22:44.212704Z"}
{"node": "assess_relevance", "event": "start", "correlation_id": "01KTX10FTN1MJK7P7NPTKS085M", "query_preview": "What was NVIDIA's Gaming revenue in fiscal 2026?", "level": "info", "timestamp": "2026-06-12T04:22:44.214674Z"}
{"node": "assess_relevance", "event": "relevance.scope_rebuilt_refuse", "correlation_id": "01KTX10FTN1MJK7P7NPTKS085M", "query_preview": "What was NVIDIA's Gaming revenue in fiscal 2026?", "level": "info", "timestamp": "2026-06-12T04:22:44.214723Z"}
{"node": "refuse", "event": "start", "correlation_id": "01KTX10FTN1MJK7P7NPTKS085M", "query_preview": "What was NVIDIA's Gaming revenue in fiscal 2026?", "level": "info", "timestamp": "2026-06-12T04:22:44.216106Z"}
Authentication error: Langfuse client initialized without public_key. Client will be disabled. Provide a public_key parameter or set LANGFUSE_PUBLIC_KEY environment variable. 
{"node": "retrieve", "query_len": 101, "event": "start", "correlation_id": "01KTX12TQRCPW1WWWTGC22KK1P", "query_preview": "What was the total amount of fees earned or paid in cash to all of NVIDIA's dire", "level": "info", "timestamp": "2026-06-12T04:22:44.217896Z"}
{"query_len": 101, "k": 50, "event": "hybrid.start", "correlation_id": "01KTX12TQRCPW1WWWTGC22KK1P", "query_preview": "What was the total amount of fees earned or paid in cash to all of NVIDIA's dire", "level": "info", "timestamp": "2026-06-12T04:22:44.217937Z"}
{"query_len": 101, "k": 50, "dense": 50, "bm25": 0, "fused": 50, "term": false, "event": "hybrid.done", "correlation_id": "01KTX12TQRCPW1WWWTGC22KK1P", "query_preview": "What was the total amount of fees earned or paid in cash to all of NVIDIA's dire", "level": "info", "timestamp": "2026-06-12T04:22:44.315723Z"}
{"node": "retrieve", "candidate_count": 50, "event": "done", "correlation_id": "01KTX12TQRCPW1WWWTGC22KK1P", "query_preview": "What was the total amount of fees earned or paid in cash to all of NVIDIA's dire", "level": "info", "timestamp": "2026-06-12T04:22:44.316733Z"}
{"node": "expand_graph", "reason": "disabled_or_empty", "event": "skip", "correlation_id": "01KTX12TQRCPW1WWWTGC22KK1P", "query_preview": "What was the total amount of fees earned or paid in cash to all of NVIDIA's dire", "level": "info", "timestamp": "2026-06-12T04:22:44.318023Z"}
{"node": "rerank", "candidate_count": 50, "event": "start", "correlation_id": "01KTX12TQRCPW1WWWTGC22KK1P", "query_preview": "What was the total amount of fees earned or paid in cash to all of NVIDIA's dire", "level": "info", "timestamp": "2026-06-12T04:22:44.318526Z"}
{"node": "rerank", "top_k": 5, "source": "mode", "event": "top_k_resolved", "correlation_id": "01KTX12TQRCPW1WWWTGC22KK1P", "query_preview": "What was the total amount of fees earned or paid in cash to all of NVIDIA's dire", "level": "info", "timestamp": "2026-06-12T04:22:44.318573Z"}
{"candidates": 50, "top_k": 5, "backend": "cross_encoder", "event": "rerank.start", "correlation_id": "01KTX12TQRCPW1WWWTGC22KK1P", "query_preview": "What was the total amount of fees earned or paid in cash to all of NVIDIA's dire", "level": "info", "timestamp": "2026-06-12T04:22:44.318596Z"}
{"candidates": 50, "top_k": 5, "backend": "cross_encoder", "returned": 5, "event": "rerank.done", "correlation_id": "01KTX12TQRCPW1WWWTGC22KK1P", "query_preview": "What was the total amount of fees earned or paid in cash to all of NVIDIA's dire", "level": "info", "timestamp": "2026-06-12T04:24:01.149204Z"}
{"node": "rerank", "reranked_count": 5, "event": "done", "correlation_id": "01KTX12TQRCPW1WWWTGC22KK1P", "query_preview": "What was the total amount of fees earned or paid in cash to all of NVIDIA's dire", "level": "info", "timestamp": "2026-06-12T04:24:01.149320Z"}
{"prompt_tag": "generate_table_sql@v1", "schema": "GeneratedSQL", "model": "cyankiwi/Qwen3.5-4B-AWQ-4bit", "max_tokens": 1024, "temperature": 0.1, "top_p": 0.8, "presence_penalty": 1.0, "seed": 42, "message_count": 1, "event": "model_call.start", "correlation_id": "01KTX12TQRCPW1WWWTGC22KK1P", "query_preview": "What was the total amount of fees earned or paid in cash to all of NVIDIA's dire", "level": "info", "timestamp": "2026-06-12T04:24:01.159548Z"}
Authentication error: Langfuse client initialized without public_key. Client will be disabled. Provide a public_key parameter or set LANGFUSE_PUBLIC_KEY environment variable. 
{"prompt_tag": "generate_table_sql@v1", "schema": "GeneratedSQL", "tokens": 3414, "event": "model_call.done", "correlation_id": "01KTX12TQRCPW1WWWTGC22KK1P", "query_preview": "What was the total amount of fees earned or paid in cash to all of NVIDIA's dire", "level": "info", "timestamp": "2026-06-12T04:24:02.277672Z"}
{"node": "query_doc_tables", "sql": "SELECT SUM(fees_earned_or_paid_in_cash__num) FROM c_4c58c39e1e", "target": "c_4c58c39e1e", "event": "table_sql.generated", "correlation_id": "01KTX12TQRCPW1WWWTGC22KK1P", "query_preview": "What was the total amount of fees earned or paid in cash to all of NVIDIA's dire", "level": "info", "timestamp": "2026-06-12T04:24:02.277729Z"}
{"node": "query_doc_tables", "kind": "aggregate", "target": "4c58c39e1e", "event": "table_sql.result", "correlation_id": "01KTX12TQRCPW1WWWTGC22KK1P", "query_preview": "What was the total amount of fees earned or paid in cash to all of NVIDIA's dire", "level": "info", "timestamp": "2026-06-12T04:24:02.280171Z"}
{"node": "query_tables", "kind": "aggregate", "chunk_id": "0e725ba0-2026-annual-report-web#sql0001", "event": "injected", "correlation_id": "01KTX12TQRCPW1WWWTGC22KK1P", "query_preview": "What was the total amount of fees earned or paid in cash to all of NVIDIA's dire", "level": "info", "timestamp": "2026-06-12T04:24:02.280447Z"}
{"node": "assess", "reranked_count": 6, "event": "start", "correlation_id": "01KTX12TQRCPW1WWWTGC22KK1P", "query_preview": "What was the total amount of fees earned or paid in cash to all of NVIDIA's dire", "level": "info", "timestamp": "2026-06-12T04:24:02.281199Z"}
{"prompt_tag": "assess_sufficiency@v4", "schema": "SufficiencyAssessment", "model": "cyankiwi/Qwen3.5-4B-AWQ-4bit", "max_tokens": 1024, "temperature": 0.1, "top_p": 0.8, "presence_penalty": 1.0, "seed": 42, "message_count": 1, "event": "model_call.start", "correlation_id": "01KTX12TQRCPW1WWWTGC22KK1P", "query_preview": "What was the total amount of fees earned or paid in cash to all of NVIDIA's dire", "level": "info", "timestamp": "2026-06-12T04:24:02.282442Z"}
Authentication error: Langfuse client initialized without public_key. Client will be disabled. Provide a public_key parameter or set LANGFUSE_PUBLIC_KEY environment variable. 
{"prompt_tag": "assess_sufficiency@v4", "schema": "SufficiencyAssessment", "tokens": 2905, "event": "model_call.done", "correlation_id": "01KTX12TQRCPW1WWWTGC22KK1P", "query_preview": "What was the total amount of fees earned or paid in cash to all of NVIDIA's dire", "level": "info", "timestamp": "2026-06-12T04:24:03.336861Z"}
{"node": "answer", "regenerate_attempt": 0, "event": "start", "correlation_id": "01KTX12TQRCPW1WWWTGC22KK1P", "query_preview": "What was the total amount of fees earned or paid in cash to all of NVIDIA's dire", "level": "info", "timestamp": "2026-06-12T04:24:03.337994Z"}
{"prompt_tag": "answer@v5", "schema": "DraftAnswer", "model": "cyankiwi/Qwen3.5-4B-AWQ-4bit", "max_tokens": 1800, "temperature": 0.1, "top_p": 0.8, "presence_penalty": 1.0, "seed": 42, "message_count": 2, "event": "model_call.start", "correlation_id": "01KTX12TQRCPW1WWWTGC22KK1P", "query_preview": "What was the total amount of fees earned or paid in cash to all of NVIDIA's dire", "level": "info", "timestamp": "2026-06-12T04:24:03.339938Z"}
Authentication error: Langfuse client initialized without public_key. Client will be disabled. Provide a public_key parameter or set LANGFUSE_PUBLIC_KEY environment variable. 
{"prompt_tag": "answer@v5", "schema": "DraftAnswer", "tokens": 4541, "event": "model_call.done", "correlation_id": "01KTX12TQRCPW1WWWTGC22KK1P", "query_preview": "What was the total amount of fees earned or paid in cash to all of NVIDIA's dire", "level": "info", "timestamp": "2026-06-12T04:24:05.088894Z"}
{"node": "verify", "claim_count": 1, "event": "start", "correlation_id": "01KTX12TQRCPW1WWWTGC22KK1P", "query_preview": "What was the total amount of fees earned or paid in cash to all of NVIDIA's dire", "level": "info", "timestamp": "2026-06-12T04:24:05.089738Z"}
{"prompt_tag": "verify_grounding@v2", "schema": "VerificationResult", "model": "cyankiwi/Qwen3.5-4B-AWQ-4bit", "max_tokens": 1024, "temperature": 0.1, "top_p": 0.8, "presence_penalty": 1.0, "seed": 42, "message_count": 1, "event": "model_call.start", "correlation_id": "01KTX12TQRCPW1WWWTGC22KK1P", "query_preview": "What was the total amount of fees earned or paid in cash to all of NVIDIA's dire", "level": "info", "timestamp": "2026-06-12T04:24:05.092853Z"}
Authentication error: Langfuse client initialized without public_key. Client will be disabled. Provide a public_key parameter or set LANGFUSE_PUBLIC_KEY environment variable. 
{"prompt_tag": "verify_grounding@v2", "schema": "VerificationResult", "tokens": 2480, "event": "model_call.done", "correlation_id": "01KTX12TQRCPW1WWWTGC22KK1P", "query_preview": "What was the total amount of fees earned or paid in cash to all of NVIDIA's dire", "level": "info", "timestamp": "2026-06-12T04:24:05.654046Z"}
{"node": "assess_relevance", "event": "start", "correlation_id": "01KTX12TQRCPW1WWWTGC22KK1P", "query_preview": "What was the total amount of fees earned or paid in cash to all of NVIDIA's dire", "level": "info", "timestamp": "2026-06-12T04:24:05.655181Z"}
{"prompt_tag": "assess_relevance@v3", "schema": "RelevanceAssessment", "model": "cyankiwi/Qwen3.5-4B-AWQ-4bit", "max_tokens": 1024, "temperature": 0.1, "top_p": 0.8, "presence_penalty": 1.0, "seed": 42, "message_count": 1, "event": "model_call.start", "correlation_id": "01KTX12TQRCPW1WWWTGC22KK1P", "query_preview": "What was the total amount of fees earned or paid in cash to all of NVIDIA's dire", "level": "info", "timestamp": "2026-06-12T04:24:05.656140Z"}
Authentication error: Langfuse client initialized without public_key. Client will be disabled. Provide a public_key parameter or set LANGFUSE_PUBLIC_KEY environment variable. 
{"prompt_tag": "assess_relevance@v3", "schema": "RelevanceAssessment", "tokens": 892, "event": "model_call.done", "correlation_id": "01KTX12TQRCPW1WWWTGC22KK1P", "query_preview": "What was the total amount of fees earned or paid in cash to all of NVIDIA's dire", "level": "info", "timestamp": "2026-06-12T04:24:06.198629Z"}
{"node": "assess_relevance", "responsive": true, "event": "relevance", "correlation_id": "01KTX12TQRCPW1WWWTGC22KK1P", "query_preview": "What was the total amount of fees earned or paid in cash to all of NVIDIA's dire", "level": "info", "timestamp": "2026-06-12T04:24:06.198682Z"}
{"node": "compose", "event": "start", "correlation_id": "01KTX12TQRCPW1WWWTGC22KK1P", "query_preview": "What was the total amount of fees earned or paid in cash to all of NVIDIA's dire", "level": "info", "timestamp": "2026-06-12T04:24:06.199769Z"}
Authentication error: Langfuse client initialized without public_key. Client will be disabled. Provide a public_key parameter or set LANGFUSE_PUBLIC_KEY environment variable. 
{"node": "retrieve", "query_len": 76, "event": "start", "correlation_id": "01KTX15ASRHHFKYAEQT2SCS1R6", "query_preview": "Which NVIDIA director received the lowest total compensation in fiscal 2026?", "level": "info", "timestamp": "2026-06-12T04:24:06.201232Z"}
{"query_len": 76, "k": 50, "event": "hybrid.start", "correlation_id": "01KTX15ASRHHFKYAEQT2SCS1R6", "query_preview": "Which NVIDIA director received the lowest total compensation in fiscal 2026?", "level": "info", "timestamp": "2026-06-12T04:24:06.201267Z"}
{"query_len": 76, "k": 50, "dense": 50, "bm25": 0, "fused": 50, "term": false, "event": "hybrid.done", "correlation_id": "01KTX15ASRHHFKYAEQT2SCS1R6", "query_preview": "Which NVIDIA director received the lowest total compensation in fiscal 2026?", "level": "info", "timestamp": "2026-06-12T04:24:06.283957Z"}
{"node": "retrieve", "candidate_count": 50, "event": "done", "correlation_id": "01KTX15ASRHHFKYAEQT2SCS1R6", "query_preview": "Which NVIDIA director received the lowest total compensation in fiscal 2026?", "level": "info", "timestamp": "2026-06-12T04:24:06.285065Z"}
{"node": "expand_graph", "reason": "disabled_or_empty", "event": "skip", "correlation_id": "01KTX15ASRHHFKYAEQT2SCS1R6", "query_preview": "Which NVIDIA director received the lowest total compensation in fiscal 2026?", "level": "info", "timestamp": "2026-06-12T04:24:06.286582Z"}
{"node": "rerank", "candidate_count": 50, "event": "start", "correlation_id": "01KTX15ASRHHFKYAEQT2SCS1R6", "query_preview": "Which NVIDIA director received the lowest total compensation in fiscal 2026?", "level": "info", "timestamp": "2026-06-12T04:24:06.287148Z"}
{"node": "rerank", "top_k": 5, "source": "mode", "event": "top_k_resolved", "correlation_id": "01KTX15ASRHHFKYAEQT2SCS1R6", "query_preview": "Which NVIDIA director received the lowest total compensation in fiscal 2026?", "level": "info", "timestamp": "2026-06-12T04:24:06.287207Z"}
{"candidates": 50, "top_k": 5, "backend": "cross_encoder", "event": "rerank.start", "correlation_id": "01KTX15ASRHHFKYAEQT2SCS1R6", "query_preview": "Which NVIDIA director received the lowest total compensation in fiscal 2026?", "level": "info", "timestamp": "2026-06-12T04:24:06.287256Z"}
{"candidates": 50, "top_k": 5, "backend": "cross_encoder", "returned": 5, "event": "rerank.done", "correlation_id": "01KTX15ASRHHFKYAEQT2SCS1R6", "query_preview": "Which NVIDIA director received the lowest total compensation in fiscal 2026?", "level": "info", "timestamp": "2026-06-12T04:25:36.976078Z"}
{"node": "rerank", "reranked_count": 5, "event": "done", "correlation_id": "01KTX15ASRHHFKYAEQT2SCS1R6", "query_preview": "Which NVIDIA director received the lowest total compensation in fiscal 2026?", "level": "info", "timestamp": "2026-06-12T04:25:36.976196Z"}
{"prompt_tag": "generate_table_sql@v1", "schema": "GeneratedSQL", "model": "cyankiwi/Qwen3.5-4B-AWQ-4bit", "max_tokens": 1024, "temperature": 0.1, "top_p": 0.8, "presence_penalty": 1.0, "seed": 42, "message_count": 1, "event": "model_call.start", "correlation_id": "01KTX15ASRHHFKYAEQT2SCS1R6", "query_preview": "Which NVIDIA director received the lowest total compensation in fiscal 2026?", "level": "info", "timestamp": "2026-06-12T04:25:36.988341Z"}
Authentication error: Langfuse client initialized without public_key. Client will be disabled. Provide a public_key parameter or set LANGFUSE_PUBLIC_KEY environment variable. 
{"prompt_tag": "generate_table_sql@v1", "schema": "GeneratedSQL", "tokens": 3577, "event": "model_call.done", "correlation_id": "01KTX15ASRHHFKYAEQT2SCS1R6", "query_preview": "Which NVIDIA director received the lowest total compensation in fiscal 2026?", "level": "info", "timestamp": "2026-06-12T04:25:38.124113Z"}
{"node": "query_doc_tables", "sql": "SELECT * FROM c_4c58c39e1e ORDER BY total__num ASC LIMIT 1", "target": "c_4c58c39e1e", "event": "table_sql.generated", "correlation_id": "01KTX15ASRHHFKYAEQT2SCS1R6", "query_preview": "Which NVIDIA director received the lowest total compensation in fiscal 2026?", "level": "info", "timestamp": "2026-06-12T04:25:38.124169Z"}
{"node": "query_doc_tables", "kind": "rows", "target": "4c58c39e1e", "event": "table_sql.result", "correlation_id": "01KTX15ASRHHFKYAEQT2SCS1R6", "query_preview": "Which NVIDIA director received the lowest total compensation in fiscal 2026?", "level": "info", "timestamp": "2026-06-12T04:25:38.126356Z"}
{"node": "query_tables", "kind": "rows", "chunk_id": "0e725ba0-2026-annual-report-web#sql0001", "event": "injected", "correlation_id": "01KTX15ASRHHFKYAEQT2SCS1R6", "query_preview": "Which NVIDIA director received the lowest total compensation in fiscal 2026?", "level": "info", "timestamp": "2026-06-12T04:25:38.126744Z"}
{"node": "assess", "reranked_count": 6, "event": "start", "correlation_id": "01KTX15ASRHHFKYAEQT2SCS1R6", "query_preview": "Which NVIDIA director received the lowest total compensation in fiscal 2026?", "level": "info", "timestamp": "2026-06-12T04:25:38.127497Z"}
{"prompt_tag": "assess_sufficiency@v4", "schema": "SufficiencyAssessment", "model": "cyankiwi/Qwen3.5-4B-AWQ-4bit", "max_tokens": 1024, "temperature": 0.1, "top_p": 0.8, "presence_penalty": 1.0, "seed": 42, "message_count": 1, "event": "model_call.start", "correlation_id": "01KTX15ASRHHFKYAEQT2SCS1R6", "query_preview": "Which NVIDIA director received the lowest total compensation in fiscal 2026?", "level": "info", "timestamp": "2026-06-12T04:25:38.128758Z"}
Authentication error: Langfuse client initialized without public_key. Client will be disabled. Provide a public_key parameter or set LANGFUSE_PUBLIC_KEY environment variable. 
{"prompt_tag": "assess_sufficiency@v4", "schema": "SufficiencyAssessment", "tokens": 4140, "event": "model_call.done", "correlation_id": "01KTX15ASRHHFKYAEQT2SCS1R6", "query_preview": "Which NVIDIA director received the lowest total compensation in fiscal 2026?", "level": "info", "timestamp": "2026-06-12T04:25:39.330067Z"}
{"node": "answer", "regenerate_attempt": 0, "event": "start", "correlation_id": "01KTX15ASRHHFKYAEQT2SCS1R6", "query_preview": "Which NVIDIA director received the lowest total compensation in fiscal 2026?", "level": "info", "timestamp": "2026-06-12T04:25:39.331185Z"}
{"prompt_tag": "answer@v5", "schema": "DraftAnswer", "model": "cyankiwi/Qwen3.5-4B-AWQ-4bit", "max_tokens": 1800, "temperature": 0.1, "top_p": 0.8, "presence_penalty": 1.0, "seed": 42, "message_count": 2, "event": "model_call.start", "correlation_id": "01KTX15ASRHHFKYAEQT2SCS1R6", "query_preview": "Which NVIDIA director received the lowest total compensation in fiscal 2026?", "level": "info", "timestamp": "2026-06-12T04:25:39.333189Z"}
Authentication error: Langfuse client initialized without public_key. Client will be disabled. Provide a public_key parameter or set LANGFUSE_PUBLIC_KEY environment variable. 
{"prompt_tag": "answer@v5", "schema": "DraftAnswer", "tokens": 5773, "event": "model_call.done", "correlation_id": "01KTX15ASRHHFKYAEQT2SCS1R6", "query_preview": "Which NVIDIA director received the lowest total compensation in fiscal 2026?", "level": "info", "timestamp": "2026-06-12T04:25:41.183360Z"}
{"node": "answer", "original": "The chunks contain a table showing director compensation for Fiscal 2026, with Ellen Ochoa having the lowest total compe", "event": "answer.summary_scope_rebuilt", "correlation_id": "01KTX15ASRHHFKYAEQT2SCS1R6", "query_preview": "Which NVIDIA director received the lowest total compensation in fiscal 2026?", "level": "info", "timestamp": "2026-06-12T04:25:41.183454Z"}
{"node": "answer", "exact": 0, "suffix": 0, "fuzzy": 1, "unresolved": 0, "event": "chunk_id_repair", "correlation_id": "01KTX15ASRHHFKYAEQT2SCS1R6", "query_preview": "Which NVIDIA director received the lowest total compensation in fiscal 2026?", "level": "info", "timestamp": "2026-06-12T04:25:41.183578Z"}
{"node": "verify", "claim_count": 1, "event": "start", "correlation_id": "01KTX15ASRHHFKYAEQT2SCS1R6", "query_preview": "Which NVIDIA director received the lowest total compensation in fiscal 2026?", "level": "info", "timestamp": "2026-06-12T04:25:41.184427Z"}
{"prompt_tag": "verify_grounding@v2", "schema": "VerificationResult", "model": "cyankiwi/Qwen3.5-4B-AWQ-4bit", "max_tokens": 1024, "temperature": 0.1, "top_p": 0.8, "presence_penalty": 1.0, "seed": 42, "message_count": 1, "event": "model_call.start", "correlation_id": "01KTX15ASRHHFKYAEQT2SCS1R6", "query_preview": "Which NVIDIA director received the lowest total compensation in fiscal 2026?", "level": "info", "timestamp": "2026-06-12T04:25:41.187810Z"}
Authentication error: Langfuse client initialized without public_key. Client will be disabled. Provide a public_key parameter or set LANGFUSE_PUBLIC_KEY environment variable. 
{"prompt_tag": "verify_grounding@v2", "schema": "VerificationResult", "tokens": 3774, "event": "model_call.done", "correlation_id": "01KTX15ASRHHFKYAEQT2SCS1R6", "query_preview": "Which NVIDIA director received the lowest total compensation in fiscal 2026?", "level": "info", "timestamp": "2026-06-12T04:25:41.953664Z"}
{"node": "assess_relevance", "event": "start", "correlation_id": "01KTX15ASRHHFKYAEQT2SCS1R6", "query_preview": "Which NVIDIA director received the lowest total compensation in fiscal 2026?", "level": "info", "timestamp": "2026-06-12T04:25:41.954978Z"}
{"node": "assess_relevance", "event": "relevance.scope_rebuilt_refuse", "correlation_id": "01KTX15ASRHHFKYAEQT2SCS1R6", "query_preview": "Which NVIDIA director received the lowest total compensation in fiscal 2026?", "level": "info", "timestamp": "2026-06-12T04:25:41.955025Z"}
{"node": "refuse", "event": "start", "correlation_id": "01KTX15ASRHHFKYAEQT2SCS1R6", "query_preview": "Which NVIDIA director received the lowest total compensation in fiscal 2026?", "level": "info", "timestamp": "2026-06-12T04:25:41.955793Z"}
Authentication error: Langfuse client initialized without public_key. Client will be disabled. Provide a public_key parameter or set LANGFUSE_PUBLIC_KEY environment variable. 
{"node": "retrieve", "query_len": 130, "event": "start", "correlation_id": "01KTX188A474HWQYXD4QWCRXDG", "query_preview": "According to the fiscal 2026 director compensation table, what was the total val", "level": "info", "timestamp": "2026-06-12T04:25:41.957172Z"}
{"query_len": 130, "k": 50, "event": "hybrid.start", "correlation_id": "01KTX188A474HWQYXD4QWCRXDG", "query_preview": "According to the fiscal 2026 director compensation table, what was the total val", "level": "info", "timestamp": "2026-06-12T04:25:41.957216Z"}
{"query_len": 130, "k": 50, "dense": 50, "bm25": 0, "fused": 50, "term": false, "event": "hybrid.done", "correlation_id": "01KTX188A474HWQYXD4QWCRXDG", "query_preview": "According to the fiscal 2026 director compensation table, what was the total val", "level": "info", "timestamp": "2026-06-12T04:25:42.189046Z"}
{"node": "retrieve", "candidate_count": 50, "event": "done", "correlation_id": "01KTX188A474HWQYXD4QWCRXDG", "query_preview": "According to the fiscal 2026 director compensation table, what was the total val", "level": "info", "timestamp": "2026-06-12T04:25:42.190161Z"}
{"node": "expand_graph", "reason": "disabled_or_empty", "event": "skip", "correlation_id": "01KTX188A474HWQYXD4QWCRXDG", "query_preview": "According to the fiscal 2026 director compensation table, what was the total val", "level": "info", "timestamp": "2026-06-12T04:25:42.191692Z"}
{"node": "rerank", "candidate_count": 50, "event": "start", "correlation_id": "01KTX188A474HWQYXD4QWCRXDG", "query_preview": "According to the fiscal 2026 director compensation table, what was the total val", "level": "info", "timestamp": "2026-06-12T04:25:42.192288Z"}
{"node": "rerank", "top_k": 5, "source": "mode", "event": "top_k_resolved", "correlation_id": "01KTX188A474HWQYXD4QWCRXDG", "query_preview": "According to the fiscal 2026 director compensation table, what was the total val", "level": "info", "timestamp": "2026-06-12T04:25:42.192341Z"}
{"candidates": 50, "top_k": 5, "backend": "cross_encoder", "event": "rerank.start", "correlation_id": "01KTX188A474HWQYXD4QWCRXDG", "query_preview": "According to the fiscal 2026 director compensation table, what was the total val", "level": "info", "timestamp": "2026-06-12T04:25:42.192380Z"}
{"candidates": 50, "top_k": 5, "backend": "cross_encoder", "returned": 5, "event": "rerank.done", "correlation_id": "01KTX188A474HWQYXD4QWCRXDG", "query_preview": "According to the fiscal 2026 director compensation table, what was the total val", "level": "info", "timestamp": "2026-06-12T04:27:03.102308Z"}
{"node": "rerank", "reranked_count": 5, "event": "done", "correlation_id": "01KTX188A474HWQYXD4QWCRXDG", "query_preview": "According to the fiscal 2026 director compensation table, what was the total val", "level": "info", "timestamp": "2026-06-12T04:27:03.102414Z"}
{"prompt_tag": "generate_table_sql@v1", "schema": "GeneratedSQL", "model": "cyankiwi/Qwen3.5-4B-AWQ-4bit", "max_tokens": 1024, "temperature": 0.1, "top_p": 0.8, "presence_penalty": 1.0, "seed": 42, "message_count": 1, "event": "model_call.start", "correlation_id": "01KTX188A474HWQYXD4QWCRXDG", "query_preview": "According to the fiscal 2026 director compensation table, what was the total val", "level": "info", "timestamp": "2026-06-12T04:27:03.113562Z"}
Authentication error: Langfuse client initialized without public_key. Client will be disabled. Provide a public_key parameter or set LANGFUSE_PUBLIC_KEY environment variable. 
{"prompt_tag": "generate_table_sql@v1", "schema": "GeneratedSQL", "tokens": 3682, "event": "model_call.done", "correlation_id": "01KTX188A474HWQYXD4QWCRXDG", "query_preview": "According to the fiscal 2026 director compensation table, what was the total val", "level": "info", "timestamp": "2026-06-12T04:27:04.246134Z"}
{"node": "query_doc_tables", "sql": "SELECT SUM(stock_awards_1__num) FROM c_4c58c39e1e", "target": "c_4c58c39e1e", "event": "table_sql.generated", "correlation_id": "01KTX188A474HWQYXD4QWCRXDG", "query_preview": "According to the fiscal 2026 director compensation table, what was the total val", "level": "info", "timestamp": "2026-06-12T04:27:04.246197Z"}
{"node": "query_doc_tables", "column": "Stock Awards ($) (1)", "target": "4c58c39e1e", "event": "table_sql.aggregate_column_ungrounded", "correlation_id": "01KTX188A474HWQYXD4QWCRXDG", "query_preview": "According to the fiscal 2026 director compensation table, what was the total val", "level": "info", "timestamp": "2026-06-12T04:27:04.248282Z"}
{"node": "query_doc_tables", "target": "c_4c58c39e1e", "event": "table_sql.no_result", "correlation_id": "01KTX188A474HWQYXD4QWCRXDG", "query_preview": "According to the fiscal 2026 director compensation table, what was the total val", "level": "info", "timestamp": "2026-06-12T04:27:04.248437Z"}
{"node": "query_tables", "event": "no_table_answer", "correlation_id": "01KTX188A474HWQYXD4QWCRXDG", "query_preview": "According to the fiscal 2026 director compensation table, what was the total val", "level": "info", "timestamp": "2026-06-12T04:27:04.248738Z"}
{"node": "assess", "reranked_count": 5, "event": "start", "correlation_id": "01KTX188A474HWQYXD4QWCRXDG", "query_preview": "According to the fiscal 2026 director compensation table, what was the total val", "level": "info", "timestamp": "2026-06-12T04:27:04.249492Z"}
{"prompt_tag": "assess_sufficiency@v4", "schema": "SufficiencyAssessment", "model": "cyankiwi/Qwen3.5-4B-AWQ-4bit", "max_tokens": 1024, "temperature": 0.1, "top_p": 0.8, "presence_penalty": 1.0, "seed": 42, "message_count": 1, "event": "model_call.start", "correlation_id": "01KTX188A474HWQYXD4QWCRXDG", "query_preview": "According to the fiscal 2026 director compensation table, what was the total val", "level": "info", "timestamp": "2026-06-12T04:27:04.250760Z"}
Authentication error: Langfuse client initialized without public_key. Client will be disabled. Provide a public_key parameter or set LANGFUSE_PUBLIC_KEY environment variable. 
{"prompt_tag": "assess_sufficiency@v4", "schema": "SufficiencyAssessment", "tokens": 4133, "event": "model_call.done", "correlation_id": "01KTX188A474HWQYXD4QWCRXDG", "query_preview": "According to the fiscal 2026 director compensation table, what was the total val", "level": "info", "timestamp": "2026-06-12T04:27:05.334761Z"}
{"node": "refuse", "event": "start", "correlation_id": "01KTX188A474HWQYXD4QWCRXDG", "query_preview": "According to the fiscal 2026 director compensation table, what was the total val", "level": "info", "timestamp": "2026-06-12T04:27:05.336302Z"}
{"query_count": 16, "quick": false, "error_count": 0, "mean_citation_precision": 0.8125, "mean_citation_precision_answered_only": 0.0, "answer_text_checked": 0, "answer_text_correct_count": 0, "mean_answer_mention_recall": null, "event": "eval.done", "level": "info", "timestamp": "2026-06-12T04:27:05.336986Z"}
