{"vault_path": "/home/drei/.memex/vault", "event": "bootstrap", "level": "info", "timestamp": "2026-06-12T04:27:08.710600Z"}
{"estimated_gb": 11.8, "budget_gb": 9.8, "total_gb": 11.6, "gpu": "NVIDIA GeForce RTX 4070", "vlm_counted": false, "co_residence_mode": "manual", "embedder_device": "cpu", "reranker_device": "cpu", "fix": "lower hardware.gpu_memory_fraction, switch to a lighter co-residence mode (MEMEX_MODELS__CO_RESIDENCE_MODE=full puts the reranker on CPU), switch to a smaller VLM variant (vlm_quantization=awq_int4), or reduce the orchestrator quant tier", "event": "vram.budget.tight", "level": "warning", "timestamp": "2026-06-12T04:27:09.553013Z"}
{"component": "bootstrap.gpu", "total_gb": 11.56, "free_gb": 4.3, "holders": ["pid 382037: VLLM::EngineCore (6170 MiB)", "pid 982918: /home/drei/project/Doc_Flo/.venv/bin/python3 (154 MiB)"], "event": "gpu.preflight", "level": "info", "timestamp": "2026-06-12T04:27:09.651514Z"}
{"query_count": 16, "quick": false, "event": "eval.start", "level": "info", "timestamp": "2026-06-12T04:27:09.687658Z"}
Authentication error: Langfuse client initialized without public_key. Client will be disabled. Provide a public_key parameter or set LANGFUSE_PUBLIC_KEY environment variable. 
{"node": "retrieve", "query_len": 47, "event": "start", "query_preview": "What was NVIDIA's total revenue in fiscal 2026?", "correlation_id": "01KTX1AXZQFT5VQ326WC94F35C", "level": "info", "timestamp": "2026-06-12T04:27:09.712476Z"}
{"query_len": 47, "k": 50, "event": "hybrid.start", "query_preview": "What was NVIDIA's total revenue in fiscal 2026?", "correlation_id": "01KTX1AXZQFT5VQ326WC94F35C", "level": "info", "timestamp": "2026-06-12T04:27:09.712544Z"}
{"name": "embedder", "event": "model.load.start", "query_preview": "What was NVIDIA's total revenue in fiscal 2026?", "correlation_id": "01KTX1AXZQFT5VQ326WC94F35C", "level": "info", "timestamp": "2026-06-12T04:27:09.716183Z"}
`torch_dtype` is deprecated! Use `dtype` instead!
{"name": "embedder", "event": "model.load.done", "query_preview": "What was NVIDIA's total revenue in fiscal 2026?", "correlation_id": "01KTX1AXZQFT5VQ326WC94F35C", "level": "info", "timestamp": "2026-06-12T04:27:13.816417Z"}
{"query_len": 47, "k": 50, "dense": 50, "bm25": 0, "fused": 50, "term": false, "event": "hybrid.done", "query_preview": "What was NVIDIA's total revenue in fiscal 2026?", "correlation_id": "01KTX1AXZQFT5VQ326WC94F35C", "level": "info", "timestamp": "2026-06-12T04:27:13.912809Z"}
{"node": "retrieve", "candidate_count": 50, "event": "done", "query_preview": "What was NVIDIA's total revenue in fiscal 2026?", "correlation_id": "01KTX1AXZQFT5VQ326WC94F35C", "level": "info", "timestamp": "2026-06-12T04:27:13.913724Z"}
{"node": "expand_graph", "reason": "disabled_or_empty", "event": "skip", "query_preview": "What was NVIDIA's total revenue in fiscal 2026?", "correlation_id": "01KTX1AXZQFT5VQ326WC94F35C", "level": "info", "timestamp": "2026-06-12T04:27:13.915499Z"}
{"node": "rerank", "candidate_count": 50, "event": "start", "query_preview": "What was NVIDIA's total revenue in fiscal 2026?", "correlation_id": "01KTX1AXZQFT5VQ326WC94F35C", "level": "info", "timestamp": "2026-06-12T04:27:13.916105Z"}
{"node": "rerank", "top_k": 5, "source": "mode", "event": "top_k_resolved", "query_preview": "What was NVIDIA's total revenue in fiscal 2026?", "correlation_id": "01KTX1AXZQFT5VQ326WC94F35C", "level": "info", "timestamp": "2026-06-12T04:27:13.916162Z"}
{"candidates": 50, "top_k": 5, "backend": "cross_encoder", "event": "rerank.start", "query_preview": "What was NVIDIA's total revenue in fiscal 2026?", "correlation_id": "01KTX1AXZQFT5VQ326WC94F35C", "level": "info", "timestamp": "2026-06-12T04:27:13.916195Z"}
{"name": "reranker", "event": "model.load.start", "query_preview": "What was NVIDIA's total revenue in fiscal 2026?", "correlation_id": "01KTX1AXZQFT5VQ326WC94F35C", "level": "info", "timestamp": "2026-06-12T04:27:13.916228Z"}
{"name": "reranker", "event": "model.load.done", "query_preview": "What was NVIDIA's total revenue in fiscal 2026?", "correlation_id": "01KTX1AXZQFT5VQ326WC94F35C", "level": "info", "timestamp": "2026-06-12T04:27:15.431360Z"}
{"candidates": 50, "top_k": 5, "backend": "cross_encoder", "returned": 5, "event": "rerank.done", "query_preview": "What was NVIDIA's total revenue in fiscal 2026?", "correlation_id": "01KTX1AXZQFT5VQ326WC94F35C", "level": "info", "timestamp": "2026-06-12T04:28:23.509591Z"}
{"node": "rerank", "reranked_count": 5, "event": "done", "query_preview": "What was NVIDIA's total revenue in fiscal 2026?", "correlation_id": "01KTX1AXZQFT5VQ326WC94F35C", "level": "info", "timestamp": "2026-06-12T04:28:23.509695Z"}
{"prompt_tag": "generate_table_sql@v1", "schema": "GeneratedSQL", "model": "cyankiwi/Qwen3.5-4B-AWQ-4bit", "max_tokens": 1024, "temperature": 0.1, "top_p": 0.8, "presence_penalty": 1.0, "seed": 42, "message_count": 1, "event": "model_call.start", "query_preview": "What was NVIDIA's total revenue in fiscal 2026?", "correlation_id": "01KTX1AXZQFT5VQ326WC94F35C", "level": "info", "timestamp": "2026-06-12T04:28:23.524855Z"}
Authentication error: Langfuse client initialized without public_key. Client will be disabled. Provide a public_key parameter or set LANGFUSE_PUBLIC_KEY environment variable. 
{"prompt_tag": "generate_table_sql@v1", "schema": "GeneratedSQL", "tokens": 3537, "event": "model_call.done", "query_preview": "What was NVIDIA's total revenue in fiscal 2026?", "correlation_id": "01KTX1AXZQFT5VQ326WC94F35C", "level": "info", "timestamp": "2026-06-12T04:28:24.276968Z"}
{"node": "query_doc_tables", "sql": "", "target": "", "event": "table_sql.generated", "query_preview": "What was NVIDIA's total revenue in fiscal 2026?", "correlation_id": "01KTX1AXZQFT5VQ326WC94F35C", "level": "info", "timestamp": "2026-06-12T04:28:24.277041Z"}
{"node": "query_doc_tables", "sql": "", "event": "table_sql.rejected_not_select", "query_preview": "What was NVIDIA's total revenue in fiscal 2026?", "correlation_id": "01KTX1AXZQFT5VQ326WC94F35C", "level": "info", "timestamp": "2026-06-12T04:28:24.277080Z"}
{"node": "query_tables", "event": "no_table_answer", "query_preview": "What was NVIDIA's total revenue in fiscal 2026?", "correlation_id": "01KTX1AXZQFT5VQ326WC94F35C", "level": "info", "timestamp": "2026-06-12T04:28:24.287154Z"}
{"node": "assess", "reranked_count": 5, "event": "start", "query_preview": "What was NVIDIA's total revenue in fiscal 2026?", "correlation_id": "01KTX1AXZQFT5VQ326WC94F35C", "level": "info", "timestamp": "2026-06-12T04:28:24.288075Z"}
{"prompt_tag": "assess_sufficiency@v4", "schema": "SufficiencyAssessment", "model": "cyankiwi/Qwen3.5-4B-AWQ-4bit", "max_tokens": 1024, "temperature": 0.1, "top_p": 0.8, "presence_penalty": 1.0, "seed": 42, "message_count": 1, "event": "model_call.start", "query_preview": "What was NVIDIA's total revenue in fiscal 2026?", "correlation_id": "01KTX1AXZQFT5VQ326WC94F35C", "level": "info", "timestamp": "2026-06-12T04:28:24.292871Z"}
Authentication error: Langfuse client initialized without public_key. Client will be disabled. Provide a public_key parameter or set LANGFUSE_PUBLIC_KEY environment variable. 
{"prompt_tag": "assess_sufficiency@v4", "schema": "SufficiencyAssessment", "tokens": 3077, "event": "model_call.done", "query_preview": "What was NVIDIA's total revenue in fiscal 2026?", "correlation_id": "01KTX1AXZQFT5VQ326WC94F35C", "level": "info", "timestamp": "2026-06-12T04:28:25.135235Z"}
{"node": "answer", "regenerate_attempt": 0, "event": "start", "query_preview": "What was NVIDIA's total revenue in fiscal 2026?", "correlation_id": "01KTX1AXZQFT5VQ326WC94F35C", "level": "info", "timestamp": "2026-06-12T04:28:25.136863Z"}
{"prompt_tag": "answer@v5", "schema": "DraftAnswer", "model": "cyankiwi/Qwen3.5-4B-AWQ-4bit", "max_tokens": 1800, "temperature": 0.1, "top_p": 0.8, "presence_penalty": 1.0, "seed": 42, "message_count": 2, "event": "model_call.start", "query_preview": "What was NVIDIA's total revenue in fiscal 2026?", "correlation_id": "01KTX1AXZQFT5VQ326WC94F35C", "level": "info", "timestamp": "2026-06-12T04:28:25.146028Z"}
Authentication error: Langfuse client initialized without public_key. Client will be disabled. Provide a public_key parameter or set LANGFUSE_PUBLIC_KEY environment variable. 
{"prompt_tag": "answer@v5", "schema": "DraftAnswer", "tokens": 4727, "event": "model_call.done", "query_preview": "What was NVIDIA's total revenue in fiscal 2026?", "correlation_id": "01KTX1AXZQFT5VQ326WC94F35C", "level": "info", "timestamp": "2026-06-12T04:28:27.041077Z"}
{"node": "answer", "original": "NVIDIA's total revenue in fiscal 2026 was $215.9 billion, as stated in the 2026 Annual Review (Form 10-K).", "event": "answer.summary_scope_rebuilt", "query_preview": "What was NVIDIA's total revenue in fiscal 2026?", "correlation_id": "01KTX1AXZQFT5VQ326WC94F35C", "level": "info", "timestamp": "2026-06-12T04:28:27.041174Z"}
{"node": "verify", "claim_count": 1, "event": "start", "query_preview": "What was NVIDIA's total revenue in fiscal 2026?", "correlation_id": "01KTX1AXZQFT5VQ326WC94F35C", "level": "info", "timestamp": "2026-06-12T04:28:27.042134Z"}
{"prompt_tag": "verify_grounding@v2", "schema": "VerificationResult", "model": "cyankiwi/Qwen3.5-4B-AWQ-4bit", "max_tokens": 1024, "temperature": 0.1, "top_p": 0.8, "presence_penalty": 1.0, "seed": 42, "message_count": 1, "event": "model_call.start", "query_preview": "What was NVIDIA's total revenue in fiscal 2026?", "correlation_id": "01KTX1AXZQFT5VQ326WC94F35C", "level": "info", "timestamp": "2026-06-12T04:28:27.049065Z"}
Authentication error: Langfuse client initialized without public_key. Client will be disabled. Provide a public_key parameter or set LANGFUSE_PUBLIC_KEY environment variable. 
{"prompt_tag": "verify_grounding@v2", "schema": "VerificationResult", "tokens": 2992, "event": "model_call.done", "query_preview": "What was NVIDIA's total revenue in fiscal 2026?", "correlation_id": "01KTX1AXZQFT5VQ326WC94F35C", "level": "info", "timestamp": "2026-06-12T04:28:27.686413Z"}
{"node": "assess_relevance", "event": "start", "query_preview": "What was NVIDIA's total revenue in fiscal 2026?", "correlation_id": "01KTX1AXZQFT5VQ326WC94F35C", "level": "info", "timestamp": "2026-06-12T04:28:27.688166Z"}
{"node": "assess_relevance", "event": "relevance.scope_rebuilt_refuse", "query_preview": "What was NVIDIA's total revenue in fiscal 2026?", "correlation_id": "01KTX1AXZQFT5VQ326WC94F35C", "level": "info", "timestamp": "2026-06-12T04:28:27.688213Z"}
{"node": "refuse", "event": "start", "query_preview": "What was NVIDIA's total revenue in fiscal 2026?", "correlation_id": "01KTX1AXZQFT5VQ326WC94F35C", "level": "info", "timestamp": "2026-06-12T04:28:27.689262Z"}
Authentication error: Langfuse client initialized without public_key. Client will be disabled. Provide a public_key parameter or set LANGFUSE_PUBLIC_KEY environment variable. 
{"node": "retrieve", "query_len": 60, "event": "start", "query_preview": "What was NVIDIA's diluted earnings per share in fiscal 2026?", "correlation_id": "01KTX1DA59VVKP2ZM57GSWKDMT", "level": "info", "timestamp": "2026-06-12T04:28:27.691229Z"}
{"query_len": 60, "k": 50, "event": "hybrid.start", "query_preview": "What was NVIDIA's diluted earnings per share in fiscal 2026?", "correlation_id": "01KTX1DA59VVKP2ZM57GSWKDMT", "level": "info", "timestamp": "2026-06-12T04:28:27.691276Z"}
{"query_len": 60, "k": 50, "dense": 50, "bm25": 0, "fused": 50, "term": false, "event": "hybrid.done", "query_preview": "What was NVIDIA's diluted earnings per share in fiscal 2026?", "correlation_id": "01KTX1DA59VVKP2ZM57GSWKDMT", "level": "info", "timestamp": "2026-06-12T04:28:27.768069Z"}
{"node": "retrieve", "candidate_count": 50, "event": "done", "query_preview": "What was NVIDIA's diluted earnings per share in fiscal 2026?", "correlation_id": "01KTX1DA59VVKP2ZM57GSWKDMT", "level": "info", "timestamp": "2026-06-12T04:28:27.769042Z"}
{"node": "expand_graph", "reason": "disabled_or_empty", "event": "skip", "query_preview": "What was NVIDIA's diluted earnings per share in fiscal 2026?", "correlation_id": "01KTX1DA59VVKP2ZM57GSWKDMT", "level": "info", "timestamp": "2026-06-12T04:28:27.770303Z"}
{"node": "rerank", "candidate_count": 50, "event": "start", "query_preview": "What was NVIDIA's diluted earnings per share in fiscal 2026?", "correlation_id": "01KTX1DA59VVKP2ZM57GSWKDMT", "level": "info", "timestamp": "2026-06-12T04:28:27.770781Z"}
{"node": "rerank", "top_k": 5, "source": "mode", "event": "top_k_resolved", "query_preview": "What was NVIDIA's diluted earnings per share in fiscal 2026?", "correlation_id": "01KTX1DA59VVKP2ZM57GSWKDMT", "level": "info", "timestamp": "2026-06-12T04:28:27.770837Z"}
{"candidates": 50, "top_k": 5, "backend": "cross_encoder", "event": "rerank.start", "query_preview": "What was NVIDIA's diluted earnings per share in fiscal 2026?", "correlation_id": "01KTX1DA59VVKP2ZM57GSWKDMT", "level": "info", "timestamp": "2026-06-12T04:28:27.770863Z"}
{"candidates": 50, "top_k": 5, "backend": "cross_encoder", "returned": 5, "event": "rerank.done", "query_preview": "What was NVIDIA's diluted earnings per share in fiscal 2026?", "correlation_id": "01KTX1DA59VVKP2ZM57GSWKDMT", "level": "info", "timestamp": "2026-06-12T04:29:40.318512Z"}
{"node": "rerank", "reranked_count": 5, "event": "done", "query_preview": "What was NVIDIA's diluted earnings per share in fiscal 2026?", "correlation_id": "01KTX1DA59VVKP2ZM57GSWKDMT", "level": "info", "timestamp": "2026-06-12T04:29:40.318880Z"}
{"node": "query_tables", "reason": "empty_or_not_table_shaped", "event": "skip", "query_preview": "What was NVIDIA's diluted earnings per share in fiscal 2026?", "correlation_id": "01KTX1DA59VVKP2ZM57GSWKDMT", "level": "info", "timestamp": "2026-06-12T04:29:40.321046Z"}
{"node": "assess", "reranked_count": 5, "event": "start", "query_preview": "What was NVIDIA's diluted earnings per share in fiscal 2026?", "correlation_id": "01KTX1DA59VVKP2ZM57GSWKDMT", "level": "info", "timestamp": "2026-06-12T04:29:40.321955Z"}
{"prompt_tag": "assess_sufficiency@v4", "schema": "SufficiencyAssessment", "model": "cyankiwi/Qwen3.5-4B-AWQ-4bit", "max_tokens": 1024, "temperature": 0.1, "top_p": 0.8, "presence_penalty": 1.0, "seed": 42, "message_count": 1, "event": "model_call.start", "query_preview": "What was NVIDIA's diluted earnings per share in fiscal 2026?", "correlation_id": "01KTX1DA59VVKP2ZM57GSWKDMT", "level": "info", "timestamp": "2026-06-12T04:29:40.324075Z"}
Authentication error: Langfuse client initialized without public_key. Client will be disabled. Provide a public_key parameter or set LANGFUSE_PUBLIC_KEY environment variable. 
{"prompt_tag": "assess_sufficiency@v4", "schema": "SufficiencyAssessment", "tokens": 3246, "event": "model_call.done", "query_preview": "What was NVIDIA's diluted earnings per share in fiscal 2026?", "correlation_id": "01KTX1DA59VVKP2ZM57GSWKDMT", "level": "info", "timestamp": "2026-06-12T04:29:41.886977Z"}
{"node": "answer", "regenerate_attempt": 0, "event": "start", "query_preview": "What was NVIDIA's diluted earnings per share in fiscal 2026?", "correlation_id": "01KTX1DA59VVKP2ZM57GSWKDMT", "level": "info", "timestamp": "2026-06-12T04:29:41.888455Z"}
{"prompt_tag": "answer@v5", "schema": "DraftAnswer", "model": "cyankiwi/Qwen3.5-4B-AWQ-4bit", "max_tokens": 1800, "temperature": 0.1, "top_p": 0.8, "presence_penalty": 1.0, "seed": 42, "message_count": 2, "event": "model_call.start", "query_preview": "What was NVIDIA's diluted earnings per share in fiscal 2026?", "correlation_id": "01KTX1DA59VVKP2ZM57GSWKDMT", "level": "info", "timestamp": "2026-06-12T04:29:41.891111Z"}
Authentication error: Langfuse client initialized without public_key. Client will be disabled. Provide a public_key parameter or set LANGFUSE_PUBLIC_KEY environment variable. 
{"prompt_tag": "answer@v5", "schema": "DraftAnswer", "tokens": 4809, "event": "model_call.done", "query_preview": "What was NVIDIA's diluted earnings per share in fiscal 2026?", "correlation_id": "01KTX1DA59VVKP2ZM57GSWKDMT", "level": "info", "timestamp": "2026-06-12T04:29:43.434794Z"}
{"node": "verify", "claim_count": 1, "event": "start", "query_preview": "What was NVIDIA's diluted earnings per share in fiscal 2026?", "correlation_id": "01KTX1DA59VVKP2ZM57GSWKDMT", "level": "info", "timestamp": "2026-06-12T04:29:43.436031Z"}
{"prompt_tag": "verify_grounding@v2", "schema": "VerificationResult", "model": "cyankiwi/Qwen3.5-4B-AWQ-4bit", "max_tokens": 1024, "temperature": 0.1, "top_p": 0.8, "presence_penalty": 1.0, "seed": 42, "message_count": 1, "event": "model_call.start", "query_preview": "What was NVIDIA's diluted earnings per share in fiscal 2026?", "correlation_id": "01KTX1DA59VVKP2ZM57GSWKDMT", "level": "info", "timestamp": "2026-06-12T04:29:43.439895Z"}
Authentication error: Langfuse client initialized without public_key. Client will be disabled. Provide a public_key parameter or set LANGFUSE_PUBLIC_KEY environment variable. 
{"prompt_tag": "verify_grounding@v2", "schema": "VerificationResult", "tokens": 3091, "event": "model_call.done", "query_preview": "What was NVIDIA's diluted earnings per share in fiscal 2026?", "correlation_id": "01KTX1DA59VVKP2ZM57GSWKDMT", "level": "info", "timestamp": "2026-06-12T04:29:44.090545Z"}
{"node": "assess_relevance", "event": "start", "query_preview": "What was NVIDIA's diluted earnings per share in fiscal 2026?", "correlation_id": "01KTX1DA59VVKP2ZM57GSWKDMT", "level": "info", "timestamp": "2026-06-12T04:29:44.092366Z"}
{"prompt_tag": "assess_relevance@v3", "schema": "RelevanceAssessment", "model": "cyankiwi/Qwen3.5-4B-AWQ-4bit", "max_tokens": 1024, "temperature": 0.1, "top_p": 0.8, "presence_penalty": 1.0, "seed": 42, "message_count": 1, "event": "model_call.start", "query_preview": "What was NVIDIA's diluted earnings per share in fiscal 2026?", "correlation_id": "01KTX1DA59VVKP2ZM57GSWKDMT", "level": "info", "timestamp": "2026-06-12T04:29:44.098907Z"}
Authentication error: Langfuse client initialized without public_key. Client will be disabled. Provide a public_key parameter or set LANGFUSE_PUBLIC_KEY environment variable. 
{"prompt_tag": "assess_relevance@v3", "schema": "RelevanceAssessment", "tokens": 840, "event": "model_call.done", "query_preview": "What was NVIDIA's diluted earnings per share in fiscal 2026?", "correlation_id": "01KTX1DA59VVKP2ZM57GSWKDMT", "level": "info", "timestamp": "2026-06-12T04:29:44.567638Z"}
{"node": "assess_relevance", "responsive": true, "event": "relevance", "query_preview": "What was NVIDIA's diluted earnings per share in fiscal 2026?", "correlation_id": "01KTX1DA59VVKP2ZM57GSWKDMT", "level": "info", "timestamp": "2026-06-12T04:29:44.567692Z"}
{"node": "compose", "event": "start", "query_preview": "What was NVIDIA's diluted earnings per share in fiscal 2026?", "correlation_id": "01KTX1DA59VVKP2ZM57GSWKDMT", "level": "info", "timestamp": "2026-06-12T04:29:44.568850Z"}
Authentication error: Langfuse client initialized without public_key. Client will be disabled. Provide a public_key parameter or set LANGFUSE_PUBLIC_KEY environment variable. 
{"node": "retrieve", "query_len": 53, "event": "start", "query_preview": "What was NVIDIA's Data Center revenue in fiscal 2026?", "correlation_id": "01KTX1FN7SK0C7G4MRJCE8KE4C", "level": "info", "timestamp": "2026-06-12T04:29:44.570342Z"}
{"query_len": 53, "k": 50, "event": "hybrid.start", "query_preview": "What was NVIDIA's Data Center revenue in fiscal 2026?", "correlation_id": "01KTX1FN7SK0C7G4MRJCE8KE4C", "level": "info", "timestamp": "2026-06-12T04:29:44.570377Z"}
{"query_len": 53, "k": 50, "dense": 50, "bm25": 0, "fused": 50, "term": false, "event": "hybrid.done", "query_preview": "What was NVIDIA's Data Center revenue in fiscal 2026?", "correlation_id": "01KTX1FN7SK0C7G4MRJCE8KE4C", "level": "info", "timestamp": "2026-06-12T04:29:44.667667Z"}
{"node": "retrieve", "candidate_count": 50, "event": "done", "query_preview": "What was NVIDIA's Data Center revenue in fiscal 2026?", "correlation_id": "01KTX1FN7SK0C7G4MRJCE8KE4C", "level": "info", "timestamp": "2026-06-12T04:29:44.668503Z"}
{"node": "expand_graph", "reason": "disabled_or_empty", "event": "skip", "query_preview": "What was NVIDIA's Data Center revenue in fiscal 2026?", "correlation_id": "01KTX1FN7SK0C7G4MRJCE8KE4C", "level": "info", "timestamp": "2026-06-12T04:29:44.669783Z"}
{"node": "rerank", "candidate_count": 50, "event": "start", "query_preview": "What was NVIDIA's Data Center revenue in fiscal 2026?", "correlation_id": "01KTX1FN7SK0C7G4MRJCE8KE4C", "level": "info", "timestamp": "2026-06-12T04:29:44.670259Z"}
{"node": "rerank", "top_k": 5, "source": "mode", "event": "top_k_resolved", "query_preview": "What was NVIDIA's Data Center revenue in fiscal 2026?", "correlation_id": "01KTX1FN7SK0C7G4MRJCE8KE4C", "level": "info", "timestamp": "2026-06-12T04:29:44.670318Z"}
{"candidates": 50, "top_k": 5, "backend": "cross_encoder", "event": "rerank.start", "query_preview": "What was NVIDIA's Data Center revenue in fiscal 2026?", "correlation_id": "01KTX1FN7SK0C7G4MRJCE8KE4C", "level": "info", "timestamp": "2026-06-12T04:29:44.670343Z"}
{"candidates": 50, "top_k": 5, "backend": "cross_encoder", "returned": 5, "event": "rerank.done", "query_preview": "What was NVIDIA's Data Center revenue in fiscal 2026?", "correlation_id": "01KTX1FN7SK0C7G4MRJCE8KE4C", "level": "info", "timestamp": "2026-06-12T04:30:53.037719Z"}
{"node": "rerank", "reranked_count": 5, "event": "done", "query_preview": "What was NVIDIA's Data Center revenue in fiscal 2026?", "correlation_id": "01KTX1FN7SK0C7G4MRJCE8KE4C", "level": "info", "timestamp": "2026-06-12T04:30:53.037819Z"}
{"node": "query_tables", "reason": "empty_or_not_table_shaped", "event": "skip", "query_preview": "What was NVIDIA's Data Center revenue in fiscal 2026?", "correlation_id": "01KTX1FN7SK0C7G4MRJCE8KE4C", "level": "info", "timestamp": "2026-06-12T04:30:53.039930Z"}
{"node": "assess", "reranked_count": 5, "event": "start", "query_preview": "What was NVIDIA's Data Center revenue in fiscal 2026?", "correlation_id": "01KTX1FN7SK0C7G4MRJCE8KE4C", "level": "info", "timestamp": "2026-06-12T04:30:53.040829Z"}
{"prompt_tag": "assess_sufficiency@v4", "schema": "SufficiencyAssessment", "model": "cyankiwi/Qwen3.5-4B-AWQ-4bit", "max_tokens": 1024, "temperature": 0.1, "top_p": 0.8, "presence_penalty": 1.0, "seed": 42, "message_count": 1, "event": "model_call.start", "query_preview": "What was NVIDIA's Data Center revenue in fiscal 2026?", "correlation_id": "01KTX1FN7SK0C7G4MRJCE8KE4C", "level": "info", "timestamp": "2026-06-12T04:30:53.043109Z"}
Authentication error: Langfuse client initialized without public_key. Client will be disabled. Provide a public_key parameter or set LANGFUSE_PUBLIC_KEY environment variable. 
{"prompt_tag": "assess_sufficiency@v4", "schema": "SufficiencyAssessment", "tokens": 2936, "event": "model_call.done", "query_preview": "What was NVIDIA's Data Center revenue in fiscal 2026?", "correlation_id": "01KTX1FN7SK0C7G4MRJCE8KE4C", "level": "info", "timestamp": "2026-06-12T04:30:54.165300Z"}
{"node": "answer", "regenerate_attempt": 0, "event": "start", "query_preview": "What was NVIDIA's Data Center revenue in fiscal 2026?", "correlation_id": "01KTX1FN7SK0C7G4MRJCE8KE4C", "level": "info", "timestamp": "2026-06-12T04:30:54.166952Z"}
{"prompt_tag": "answer@v5", "schema": "DraftAnswer", "model": "cyankiwi/Qwen3.5-4B-AWQ-4bit", "max_tokens": 1800, "temperature": 0.1, "top_p": 0.8, "presence_penalty": 1.0, "seed": 42, "message_count": 2, "event": "model_call.start", "query_preview": "What was NVIDIA's Data Center revenue in fiscal 2026?", "correlation_id": "01KTX1FN7SK0C7G4MRJCE8KE4C", "level": "info", "timestamp": "2026-06-12T04:30:54.169053Z"}
Authentication error: Langfuse client initialized without public_key. Client will be disabled. Provide a public_key parameter or set LANGFUSE_PUBLIC_KEY environment variable. 
{"prompt_tag": "answer@v5", "schema": "DraftAnswer", "tokens": 4544, "event": "model_call.done", "query_preview": "What was NVIDIA's Data Center revenue in fiscal 2026?", "correlation_id": "01KTX1FN7SK0C7G4MRJCE8KE4C", "level": "info", "timestamp": "2026-06-12T04:30:55.685693Z"}
{"node": "answer", "original": "NVIDIA's Data Center revenue in fiscal 2026 was $193.737 billion.", "event": "answer.summary_scope_rebuilt", "query_preview": "What was NVIDIA's Data Center revenue in fiscal 2026?", "correlation_id": "01KTX1FN7SK0C7G4MRJCE8KE4C", "level": "info", "timestamp": "2026-06-12T04:30:55.685766Z"}
{"node": "answer", "exact": 0, "suffix": 0, "fuzzy": 1, "unresolved": 0, "event": "chunk_id_repair", "query_preview": "What was NVIDIA's Data Center revenue in fiscal 2026?", "correlation_id": "01KTX1FN7SK0C7G4MRJCE8KE4C", "level": "info", "timestamp": "2026-06-12T04:30:55.685872Z"}
{"node": "verify", "claim_count": 1, "event": "start", "query_preview": "What was NVIDIA's Data Center revenue in fiscal 2026?", "correlation_id": "01KTX1FN7SK0C7G4MRJCE8KE4C", "level": "info", "timestamp": "2026-06-12T04:30:55.687029Z"}
{"prompt_tag": "verify_grounding@v2", "schema": "VerificationResult", "model": "cyankiwi/Qwen3.5-4B-AWQ-4bit", "max_tokens": 1024, "temperature": 0.1, "top_p": 0.8, "presence_penalty": 1.0, "seed": 42, "message_count": 1, "event": "model_call.start", "query_preview": "What was NVIDIA's Data Center revenue in fiscal 2026?", "correlation_id": "01KTX1FN7SK0C7G4MRJCE8KE4C", "level": "info", "timestamp": "2026-06-12T04:30:55.690899Z"}
Authentication error: Langfuse client initialized without public_key. Client will be disabled. Provide a public_key parameter or set LANGFUSE_PUBLIC_KEY environment variable. 
{"prompt_tag": "verify_grounding@v2", "schema": "VerificationResult", "tokens": 2825, "event": "model_call.done", "query_preview": "What was NVIDIA's Data Center revenue in fiscal 2026?", "correlation_id": "01KTX1FN7SK0C7G4MRJCE8KE4C", "level": "info", "timestamp": "2026-06-12T04:30:56.304186Z"}
{"node": "assess_relevance", "event": "start", "query_preview": "What was NVIDIA's Data Center revenue in fiscal 2026?", "correlation_id": "01KTX1FN7SK0C7G4MRJCE8KE4C", "level": "info", "timestamp": "2026-06-12T04:30:56.306190Z"}
{"node": "assess_relevance", "event": "relevance.scope_rebuilt_refuse", "query_preview": "What was NVIDIA's Data Center revenue in fiscal 2026?", "correlation_id": "01KTX1FN7SK0C7G4MRJCE8KE4C", "level": "info", "timestamp": "2026-06-12T04:30:56.306235Z"}
{"node": "refuse", "event": "start", "query_preview": "What was NVIDIA's Data Center revenue in fiscal 2026?", "correlation_id": "01KTX1FN7SK0C7G4MRJCE8KE4C", "level": "info", "timestamp": "2026-06-12T04:30:56.307463Z"}
Authentication error: Langfuse client initialized without public_key. Client will be disabled. Provide a public_key parameter or set LANGFUSE_PUBLIC_KEY environment variable. 
{"node": "retrieve", "query_len": 93, "event": "start", "query_preview": "How much cumulative Blackwell and Rubin revenue does NVIDIA see visibility into ", "correlation_id": "01KTX1HV9MWEV851M46AJKY8E9", "level": "info", "timestamp": "2026-06-12T04:30:56.309240Z"}
{"query_len": 93, "k": 50, "event": "hybrid.start", "query_preview": "How much cumulative Blackwell and Rubin revenue does NVIDIA see visibility into ", "correlation_id": "01KTX1HV9MWEV851M46AJKY8E9", "level": "info", "timestamp": "2026-06-12T04:30:56.309281Z"}
{"query_len": 93, "k": 50, "dense": 50, "bm25": 0, "fused": 50, "term": false, "event": "hybrid.done", "query_preview": "How much cumulative Blackwell and Rubin revenue does NVIDIA see visibility into ", "correlation_id": "01KTX1HV9MWEV851M46AJKY8E9", "level": "info", "timestamp": "2026-06-12T04:30:56.400308Z"}
{"node": "retrieve", "candidate_count": 50, "event": "done", "query_preview": "How much cumulative Blackwell and Rubin revenue does NVIDIA see visibility into ", "correlation_id": "01KTX1HV9MWEV851M46AJKY8E9", "level": "info", "timestamp": "2026-06-12T04:30:56.401436Z"}
{"node": "expand_graph", "reason": "disabled_or_empty", "event": "skip", "query_preview": "How much cumulative Blackwell and Rubin revenue does NVIDIA see visibility into ", "correlation_id": "01KTX1HV9MWEV851M46AJKY8E9", "level": "info", "timestamp": "2026-06-12T04:30:56.402799Z"}
{"node": "rerank", "candidate_count": 50, "event": "start", "query_preview": "How much cumulative Blackwell and Rubin revenue does NVIDIA see visibility into ", "correlation_id": "01KTX1HV9MWEV851M46AJKY8E9", "level": "info", "timestamp": "2026-06-12T04:30:56.403304Z"}
{"node": "rerank", "top_k": 5, "source": "mode", "event": "top_k_resolved", "query_preview": "How much cumulative Blackwell and Rubin revenue does NVIDIA see visibility into ", "correlation_id": "01KTX1HV9MWEV851M46AJKY8E9", "level": "info", "timestamp": "2026-06-12T04:30:56.403363Z"}
{"candidates": 50, "top_k": 5, "backend": "cross_encoder", "event": "rerank.start", "query_preview": "How much cumulative Blackwell and Rubin revenue does NVIDIA see visibility into ", "correlation_id": "01KTX1HV9MWEV851M46AJKY8E9", "level": "info", "timestamp": "2026-06-12T04:30:56.403394Z"}
{"candidates": 50, "top_k": 5, "backend": "cross_encoder", "returned": 5, "event": "rerank.done", "query_preview": "How much cumulative Blackwell and Rubin revenue does NVIDIA see visibility into ", "correlation_id": "01KTX1HV9MWEV851M46AJKY8E9", "level": "info", "timestamp": "2026-06-12T04:32:09.811902Z"}
{"node": "rerank", "reranked_count": 5, "event": "done", "query_preview": "How much cumulative Blackwell and Rubin revenue does NVIDIA see visibility into ", "correlation_id": "01KTX1HV9MWEV851M46AJKY8E9", "level": "info", "timestamp": "2026-06-12T04:32:09.812010Z"}
{"node": "query_tables", "reason": "empty_or_not_table_shaped", "event": "skip", "query_preview": "How much cumulative Blackwell and Rubin revenue does NVIDIA see visibility into ", "correlation_id": "01KTX1HV9MWEV851M46AJKY8E9", "level": "info", "timestamp": "2026-06-12T04:32:09.814292Z"}
{"node": "assess", "reranked_count": 5, "event": "start", "query_preview": "How much cumulative Blackwell and Rubin revenue does NVIDIA see visibility into ", "correlation_id": "01KTX1HV9MWEV851M46AJKY8E9", "level": "info", "timestamp": "2026-06-12T04:32:09.815110Z"}
{"prompt_tag": "assess_sufficiency@v4", "schema": "SufficiencyAssessment", "model": "cyankiwi/Qwen3.5-4B-AWQ-4bit", "max_tokens": 1024, "temperature": 0.1, "top_p": 0.8, "presence_penalty": 1.0, "seed": 42, "message_count": 1, "event": "model_call.start", "query_preview": "How much cumulative Blackwell and Rubin revenue does NVIDIA see visibility into ", "correlation_id": "01KTX1HV9MWEV851M46AJKY8E9", "level": "info", "timestamp": "2026-06-12T04:32:09.817447Z"}
Authentication error: Langfuse client initialized without public_key. Client will be disabled. Provide a public_key parameter or set LANGFUSE_PUBLIC_KEY environment variable. 
{"prompt_tag": "assess_sufficiency@v4", "schema": "SufficiencyAssessment", "tokens": 2612, "event": "model_call.done", "query_preview": "How much cumulative Blackwell and Rubin revenue does NVIDIA see visibility into ", "correlation_id": "01KTX1HV9MWEV851M46AJKY8E9", "level": "info", "timestamp": "2026-06-12T04:32:10.917711Z"}
{"node": "answer", "regenerate_attempt": 0, "event": "start", "query_preview": "How much cumulative Blackwell and Rubin revenue does NVIDIA see visibility into ", "correlation_id": "01KTX1HV9MWEV851M46AJKY8E9", "level": "info", "timestamp": "2026-06-12T04:32:10.919091Z"}
{"prompt_tag": "answer@v5", "schema": "DraftAnswer", "model": "cyankiwi/Qwen3.5-4B-AWQ-4bit", "max_tokens": 1800, "temperature": 0.1, "top_p": 0.8, "presence_penalty": 1.0, "seed": 42, "message_count": 2, "event": "model_call.start", "query_preview": "How much cumulative Blackwell and Rubin revenue does NVIDIA see visibility into ", "correlation_id": "01KTX1HV9MWEV851M46AJKY8E9", "level": "info", "timestamp": "2026-06-12T04:32:10.921015Z"}
Authentication error: Langfuse client initialized without public_key. Client will be disabled. Provide a public_key parameter or set LANGFUSE_PUBLIC_KEY environment variable. 
{"prompt_tag": "answer@v5", "schema": "DraftAnswer", "tokens": 4234, "event": "model_call.done", "query_preview": "How much cumulative Blackwell and Rubin revenue does NVIDIA see visibility into ", "correlation_id": "01KTX1HV9MWEV851M46AJKY8E9", "level": "info", "timestamp": "2026-06-12T04:32:12.556087Z"}
{"node": "verify", "claim_count": 1, "event": "start", "query_preview": "How much cumulative Blackwell and Rubin revenue does NVIDIA see visibility into ", "correlation_id": "01KTX1HV9MWEV851M46AJKY8E9", "level": "info", "timestamp": "2026-06-12T04:32:12.556914Z"}
{"prompt_tag": "verify_grounding@v2", "schema": "VerificationResult", "model": "cyankiwi/Qwen3.5-4B-AWQ-4bit", "max_tokens": 1024, "temperature": 0.1, "top_p": 0.8, "presence_penalty": 1.0, "seed": 42, "message_count": 1, "event": "model_call.start", "query_preview": "How much cumulative Blackwell and Rubin revenue does NVIDIA see visibility into ", "correlation_id": "01KTX1HV9MWEV851M46AJKY8E9", "level": "info", "timestamp": "2026-06-12T04:32:12.560046Z"}
Authentication error: Langfuse client initialized without public_key. Client will be disabled. Provide a public_key parameter or set LANGFUSE_PUBLIC_KEY environment variable. 
{"prompt_tag": "verify_grounding@v2", "schema": "VerificationResult", "tokens": 2500, "event": "model_call.done", "query_preview": "How much cumulative Blackwell and Rubin revenue does NVIDIA see visibility into ", "correlation_id": "01KTX1HV9MWEV851M46AJKY8E9", "level": "info", "timestamp": "2026-06-12T04:32:13.123642Z"}
{"node": "assess_relevance", "event": "start", "query_preview": "How much cumulative Blackwell and Rubin revenue does NVIDIA see visibility into ", "correlation_id": "01KTX1HV9MWEV851M46AJKY8E9", "level": "info", "timestamp": "2026-06-12T04:32:13.124792Z"}
{"prompt_tag": "assess_relevance@v3", "schema": "RelevanceAssessment", "model": "cyankiwi/Qwen3.5-4B-AWQ-4bit", "max_tokens": 1024, "temperature": 0.1, "top_p": 0.8, "presence_penalty": 1.0, "seed": 42, "message_count": 1, "event": "model_call.start", "query_preview": "How much cumulative Blackwell and Rubin revenue does NVIDIA see visibility into ", "correlation_id": "01KTX1HV9MWEV851M46AJKY8E9", "level": "info", "timestamp": "2026-06-12T04:32:13.125776Z"}
Authentication error: Langfuse client initialized without public_key. Client will be disabled. Provide a public_key parameter or set LANGFUSE_PUBLIC_KEY environment variable. 
{"prompt_tag": "assess_relevance@v3", "schema": "RelevanceAssessment", "tokens": 869, "event": "model_call.done", "query_preview": "How much cumulative Blackwell and Rubin revenue does NVIDIA see visibility into ", "correlation_id": "01KTX1HV9MWEV851M46AJKY8E9", "level": "info", "timestamp": "2026-06-12T04:32:13.605489Z"}
{"node": "assess_relevance", "responsive": true, "event": "relevance", "query_preview": "How much cumulative Blackwell and Rubin revenue does NVIDIA see visibility into ", "correlation_id": "01KTX1HV9MWEV851M46AJKY8E9", "level": "info", "timestamp": "2026-06-12T04:32:13.605542Z"}
{"node": "compose", "event": "start", "query_preview": "How much cumulative Blackwell and Rubin revenue does NVIDIA see visibility into ", "correlation_id": "01KTX1HV9MWEV851M46AJKY8E9", "level": "info", "timestamp": "2026-06-12T04:32:13.606601Z"}
Authentication error: Langfuse client initialized without public_key. Client will be disabled. Provide a public_key parameter or set LANGFUSE_PUBLIC_KEY environment variable. 
{"node": "retrieve", "query_len": 46, "event": "start", "query_preview": "What was NVIDIA's gross margin in fiscal 2026?", "correlation_id": "01KTX1M6S7M29SCNESVTADWQXA", "level": "info", "timestamp": "2026-06-12T04:32:13.608017Z"}
{"query_len": 46, "k": 50, "event": "hybrid.start", "query_preview": "What was NVIDIA's gross margin in fiscal 2026?", "correlation_id": "01KTX1M6S7M29SCNESVTADWQXA", "level": "info", "timestamp": "2026-06-12T04:32:13.608050Z"}
{"query_len": 46, "k": 50, "dense": 50, "bm25": 0, "fused": 50, "term": false, "event": "hybrid.done", "query_preview": "What was NVIDIA's gross margin in fiscal 2026?", "correlation_id": "01KTX1M6S7M29SCNESVTADWQXA", "level": "info", "timestamp": "2026-06-12T04:32:13.681559Z"}
{"node": "retrieve", "candidate_count": 50, "event": "done", "query_preview": "What was NVIDIA's gross margin in fiscal 2026?", "correlation_id": "01KTX1M6S7M29SCNESVTADWQXA", "level": "info", "timestamp": "2026-06-12T04:32:13.682458Z"}
{"node": "expand_graph", "reason": "disabled_or_empty", "event": "skip", "query_preview": "What was NVIDIA's gross margin in fiscal 2026?", "correlation_id": "01KTX1M6S7M29SCNESVTADWQXA", "level": "info", "timestamp": "2026-06-12T04:32:13.684064Z"}
{"node": "rerank", "candidate_count": 50, "event": "start", "query_preview": "What was NVIDIA's gross margin in fiscal 2026?", "correlation_id": "01KTX1M6S7M29SCNESVTADWQXA", "level": "info", "timestamp": "2026-06-12T04:32:13.684547Z"}
{"node": "rerank", "top_k": 5, "source": "mode", "event": "top_k_resolved", "query_preview": "What was NVIDIA's gross margin in fiscal 2026?", "correlation_id": "01KTX1M6S7M29SCNESVTADWQXA", "level": "info", "timestamp": "2026-06-12T04:32:13.684599Z"}
{"candidates": 50, "top_k": 5, "backend": "cross_encoder", "event": "rerank.start", "query_preview": "What was NVIDIA's gross margin in fiscal 2026?", "correlation_id": "01KTX1M6S7M29SCNESVTADWQXA", "level": "info", "timestamp": "2026-06-12T04:32:13.684624Z"}
{"candidates": 50, "top_k": 5, "backend": "cross_encoder", "returned": 5, "event": "rerank.done", "query_preview": "What was NVIDIA's gross margin in fiscal 2026?", "correlation_id": "01KTX1M6S7M29SCNESVTADWQXA", "level": "info", "timestamp": "2026-06-12T04:33:21.062275Z"}
{"node": "rerank", "reranked_count": 5, "event": "done", "query_preview": "What was NVIDIA's gross margin in fiscal 2026?", "correlation_id": "01KTX1M6S7M29SCNESVTADWQXA", "level": "info", "timestamp": "2026-06-12T04:33:21.062375Z"}
{"node": "query_tables", "reason": "empty_or_not_table_shaped", "event": "skip", "query_preview": "What was NVIDIA's gross margin in fiscal 2026?", "correlation_id": "01KTX1M6S7M29SCNESVTADWQXA", "level": "info", "timestamp": "2026-06-12T04:33:21.064433Z"}
{"node": "assess", "reranked_count": 5, "event": "start", "query_preview": "What was NVIDIA's gross margin in fiscal 2026?", "correlation_id": "01KTX1M6S7M29SCNESVTADWQXA", "level": "info", "timestamp": "2026-06-12T04:33:21.065331Z"}
{"prompt_tag": "assess_sufficiency@v4", "schema": "SufficiencyAssessment", "model": "cyankiwi/Qwen3.5-4B-AWQ-4bit", "max_tokens": 1024, "temperature": 0.1, "top_p": 0.8, "presence_penalty": 1.0, "seed": 42, "message_count": 1, "event": "model_call.start", "query_preview": "What was NVIDIA's gross margin in fiscal 2026?", "correlation_id": "01KTX1M6S7M29SCNESVTADWQXA", "level": "info", "timestamp": "2026-06-12T04:33:21.067515Z"}
Authentication error: Langfuse client initialized without public_key. Client will be disabled. Provide a public_key parameter or set LANGFUSE_PUBLIC_KEY environment variable. 
{"prompt_tag": "assess_sufficiency@v4", "schema": "SufficiencyAssessment", "tokens": 2486, "event": "model_call.done", "query_preview": "What was NVIDIA's gross margin in fiscal 2026?", "correlation_id": "01KTX1M6S7M29SCNESVTADWQXA", "level": "info", "timestamp": "2026-06-12T04:33:21.870817Z"}
{"node": "answer", "regenerate_attempt": 0, "event": "start", "query_preview": "What was NVIDIA's gross margin in fiscal 2026?", "correlation_id": "01KTX1M6S7M29SCNESVTADWQXA", "level": "info", "timestamp": "2026-06-12T04:33:21.872634Z"}
{"prompt_tag": "answer@v5", "schema": "DraftAnswer", "model": "cyankiwi/Qwen3.5-4B-AWQ-4bit", "max_tokens": 1800, "temperature": 0.1, "top_p": 0.8, "presence_penalty": 1.0, "seed": 42, "message_count": 2, "event": "model_call.start", "query_preview": "What was NVIDIA's gross margin in fiscal 2026?", "correlation_id": "01KTX1M6S7M29SCNESVTADWQXA", "level": "info", "timestamp": "2026-06-12T04:33:21.875486Z"}
Authentication error: Langfuse client initialized without public_key. Client will be disabled. Provide a public_key parameter or set LANGFUSE_PUBLIC_KEY environment variable. 
{"prompt_tag": "answer@v5", "schema": "DraftAnswer", "tokens": 4119, "event": "model_call.done", "query_preview": "What was NVIDIA's gross margin in fiscal 2026?", "correlation_id": "01KTX1M6S7M29SCNESVTADWQXA", "level": "info", "timestamp": "2026-06-12T04:33:23.285378Z"}
{"node": "answer", "original": "NVIDIA's gross margin in fiscal 2026 was 71.1%.", "event": "answer.summary_scope_rebuilt", "query_preview": "What was NVIDIA's gross margin in fiscal 2026?", "correlation_id": "01KTX1M6S7M29SCNESVTADWQXA", "level": "info", "timestamp": "2026-06-12T04:33:23.285461Z"}
{"node": "verify", "claim_count": 1, "event": "start", "query_preview": "What was NVIDIA's gross margin in fiscal 2026?", "correlation_id": "01KTX1M6S7M29SCNESVTADWQXA", "level": "info", "timestamp": "2026-06-12T04:33:23.286412Z"}
{"prompt_tag": "verify_grounding@v2", "schema": "VerificationResult", "model": "cyankiwi/Qwen3.5-4B-AWQ-4bit", "max_tokens": 1024, "temperature": 0.1, "top_p": 0.8, "presence_penalty": 1.0, "seed": 42, "message_count": 1, "event": "model_call.start", "query_preview": "What was NVIDIA's gross margin in fiscal 2026?", "correlation_id": "01KTX1M6S7M29SCNESVTADWQXA", "level": "info", "timestamp": "2026-06-12T04:33:23.290480Z"}
Authentication error: Langfuse client initialized without public_key. Client will be disabled. Provide a public_key parameter or set LANGFUSE_PUBLIC_KEY environment variable. 
{"prompt_tag": "verify_grounding@v2", "schema": "VerificationResult", "tokens": 2404, "event": "model_call.done", "query_preview": "What was NVIDIA's gross margin in fiscal 2026?", "correlation_id": "01KTX1M6S7M29SCNESVTADWQXA", "level": "info", "timestamp": "2026-06-12T04:33:23.840796Z"}
{"node": "assess_relevance", "event": "start", "query_preview": "What was NVIDIA's gross margin in fiscal 2026?", "correlation_id": "01KTX1M6S7M29SCNESVTADWQXA", "level": "info", "timestamp": "2026-06-12T04:33:23.842593Z"}
{"node": "assess_relevance", "event": "relevance.scope_rebuilt_refuse", "query_preview": "What was NVIDIA's gross margin in fiscal 2026?", "correlation_id": "01KTX1M6S7M29SCNESVTADWQXA", "level": "info", "timestamp": "2026-06-12T04:33:23.842630Z"}
{"node": "refuse", "event": "start", "query_preview": "What was NVIDIA's gross margin in fiscal 2026?", "correlation_id": "01KTX1M6S7M29SCNESVTADWQXA", "level": "info", "timestamp": "2026-06-12T04:33:23.843662Z"}
Authentication error: Langfuse client initialized without public_key. Client will be disabled. Provide a public_key parameter or set LANGFUSE_PUBLIC_KEY environment variable. 
{"node": "retrieve", "query_len": 61, "event": "start", "query_preview": "What is the home address of NVIDIA's Chief Financial Officer?", "correlation_id": "01KTX1PBC4729CE0M1JMVXRZNE", "level": "info", "timestamp": "2026-06-12T04:33:23.845413Z"}
{"query_len": 61, "k": 50, "event": "hybrid.start", "query_preview": "What is the home address of NVIDIA's Chief Financial Officer?", "correlation_id": "01KTX1PBC4729CE0M1JMVXRZNE", "level": "info", "timestamp": "2026-06-12T04:33:23.845453Z"}
{"query_len": 61, "k": 50, "dense": 50, "bm25": 0, "fused": 50, "term": false, "event": "hybrid.done", "query_preview": "What is the home address of NVIDIA's Chief Financial Officer?", "correlation_id": "01KTX1PBC4729CE0M1JMVXRZNE", "level": "info", "timestamp": "2026-06-12T04:33:24.035900Z"}
{"node": "retrieve", "candidate_count": 50, "event": "done", "query_preview": "What is the home address of NVIDIA's Chief Financial Officer?", "correlation_id": "01KTX1PBC4729CE0M1JMVXRZNE", "level": "info", "timestamp": "2026-06-12T04:33:24.036830Z"}
{"node": "expand_graph", "reason": "disabled_or_empty", "event": "skip", "query_preview": "What is the home address of NVIDIA's Chief Financial Officer?", "correlation_id": "01KTX1PBC4729CE0M1JMVXRZNE", "level": "info", "timestamp": "2026-06-12T04:33:24.038090Z"}
{"node": "rerank", "candidate_count": 50, "event": "start", "query_preview": "What is the home address of NVIDIA's Chief Financial Officer?", "correlation_id": "01KTX1PBC4729CE0M1JMVXRZNE", "level": "info", "timestamp": "2026-06-12T04:33:24.038559Z"}
{"node": "rerank", "top_k": 5, "source": "mode", "event": "top_k_resolved", "query_preview": "What is the home address of NVIDIA's Chief Financial Officer?", "correlation_id": "01KTX1PBC4729CE0M1JMVXRZNE", "level": "info", "timestamp": "2026-06-12T04:33:24.038606Z"}
{"candidates": 50, "top_k": 5, "backend": "cross_encoder", "event": "rerank.start", "query_preview": "What is the home address of NVIDIA's Chief Financial Officer?", "correlation_id": "01KTX1PBC4729CE0M1JMVXRZNE", "level": "info", "timestamp": "2026-06-12T04:33:24.038630Z"}
{"candidates": 50, "top_k": 5, "backend": "cross_encoder", "returned": 5, "event": "rerank.done", "query_preview": "What is the home address of NVIDIA's Chief Financial Officer?", "correlation_id": "01KTX1PBC4729CE0M1JMVXRZNE", "level": "info", "timestamp": "2026-06-12T04:34:22.354789Z"}
{"node": "rerank", "reranked_count": 5, "event": "done", "query_preview": "What is the home address of NVIDIA's Chief Financial Officer?", "correlation_id": "01KTX1PBC4729CE0M1JMVXRZNE", "level": "info", "timestamp": "2026-06-12T04:34:22.354943Z"}
{"node": "query_tables", "reason": "empty_or_not_table_shaped", "event": "skip", "query_preview": "What is the home address of NVIDIA's Chief Financial Officer?", "correlation_id": "01KTX1PBC4729CE0M1JMVXRZNE", "level": "info", "timestamp": "2026-06-12T04:34:22.358290Z"}
{"node": "assess", "reranked_count": 5, "event": "start", "query_preview": "What is the home address of NVIDIA's Chief Financial Officer?", "correlation_id": "01KTX1PBC4729CE0M1JMVXRZNE", "level": "info", "timestamp": "2026-06-12T04:34:22.359675Z"}
{"prompt_tag": "assess_sufficiency@v4", "schema": "SufficiencyAssessment", "model": "cyankiwi/Qwen3.5-4B-AWQ-4bit", "max_tokens": 1024, "temperature": 0.1, "top_p": 0.8, "presence_penalty": 1.0, "seed": 42, "message_count": 1, "event": "model_call.start", "query_preview": "What is the home address of NVIDIA's Chief Financial Officer?", "correlation_id": "01KTX1PBC4729CE0M1JMVXRZNE", "level": "info", "timestamp": "2026-06-12T04:34:22.362849Z"}
Authentication error: Langfuse client initialized without public_key. Client will be disabled. Provide a public_key parameter or set LANGFUSE_PUBLIC_KEY environment variable. 
{"prompt_tag": "assess_sufficiency@v4", "schema": "SufficiencyAssessment", "tokens": 1476, "event": "model_call.done", "query_preview": "What is the home address of NVIDIA's Chief Financial Officer?", "correlation_id": "01KTX1PBC4729CE0M1JMVXRZNE", "level": "info", "timestamp": "2026-06-12T04:34:23.219931Z"}
{"node": "answer", "regenerate_attempt": 0, "event": "start", "query_preview": "What is the home address of NVIDIA's Chief Financial Officer?", "correlation_id": "01KTX1PBC4729CE0M1JMVXRZNE", "level": "info", "timestamp": "2026-06-12T04:34:23.221931Z"}
{"prompt_tag": "answer@v5", "schema": "DraftAnswer", "model": "cyankiwi/Qwen3.5-4B-AWQ-4bit", "max_tokens": 1800, "temperature": 0.1, "top_p": 0.8, "presence_penalty": 1.0, "seed": 42, "message_count": 2, "event": "model_call.start", "query_preview": "What is the home address of NVIDIA's Chief Financial Officer?", "correlation_id": "01KTX1PBC4729CE0M1JMVXRZNE", "level": "info", "timestamp": "2026-06-12T04:34:23.224291Z"}
Authentication error: Langfuse client initialized without public_key. Client will be disabled. Provide a public_key parameter or set LANGFUSE_PUBLIC_KEY environment variable. 
{"prompt_tag": "answer@v5", "schema": "DraftAnswer", "tokens": 3025, "event": "model_call.done", "query_preview": "What is the home address of NVIDIA's Chief Financial Officer?", "correlation_id": "01KTX1PBC4729CE0M1JMVXRZNE", "level": "info", "timestamp": "2026-06-12T04:34:23.936214Z"}
{"node": "verify", "claim_count": 0, "event": "start", "query_preview": "What is the home address of NVIDIA's Chief Financial Officer?", "correlation_id": "01KTX1PBC4729CE0M1JMVXRZNE", "level": "info", "timestamp": "2026-06-12T04:34:23.937411Z"}
{"node": "verify", "event": "empty_draft_shortcircuit", "query_preview": "What is the home address of NVIDIA's Chief Financial Officer?", "correlation_id": "01KTX1PBC4729CE0M1JMVXRZNE", "level": "info", "timestamp": "2026-06-12T04:34:23.937470Z"}
{"node": "assess_relevance", "event": "start", "query_preview": "What is the home address of NVIDIA's Chief Financial Officer?", "correlation_id": "01KTX1PBC4729CE0M1JMVXRZNE", "level": "info", "timestamp": "2026-06-12T04:34:23.938933Z"}
{"prompt_tag": "assess_relevance@v3", "schema": "RelevanceAssessment", "model": "cyankiwi/Qwen3.5-4B-AWQ-4bit", "max_tokens": 1024, "temperature": 0.1, "top_p": 0.8, "presence_penalty": 1.0, "seed": 42, "message_count": 1, "event": "model_call.start", "query_preview": "What is the home address of NVIDIA's Chief Financial Officer?", "correlation_id": "01KTX1PBC4729CE0M1JMVXRZNE", "level": "info", "timestamp": "2026-06-12T04:34:23.940216Z"}
Authentication error: Langfuse client initialized without public_key. Client will be disabled. Provide a public_key parameter or set LANGFUSE_PUBLIC_KEY environment variable. 
{"prompt_tag": "assess_relevance@v3", "schema": "RelevanceAssessment", "tokens": 830, "event": "model_call.done", "query_preview": "What is the home address of NVIDIA's Chief Financial Officer?", "correlation_id": "01KTX1PBC4729CE0M1JMVXRZNE", "level": "info", "timestamp": "2026-06-12T04:34:24.314110Z"}
{"node": "assess_relevance", "responsive": true, "event": "relevance", "query_preview": "What is the home address of NVIDIA's Chief Financial Officer?", "correlation_id": "01KTX1PBC4729CE0M1JMVXRZNE", "level": "info", "timestamp": "2026-06-12T04:34:24.314176Z"}
{"node": "compose", "event": "start", "query_preview": "What is the home address of NVIDIA's Chief Financial Officer?", "correlation_id": "01KTX1PBC4729CE0M1JMVXRZNE", "level": "info", "timestamp": "2026-06-12T04:34:24.315893Z"}
Authentication error: Langfuse client initialized without public_key. Client will be disabled. Provide a public_key parameter or set LANGFUSE_PUBLIC_KEY environment variable. 
{"node": "retrieve", "query_len": 79, "event": "start", "query_preview": "How many NVIDIA employees work specifically in the Stuttgart office in Germany?", "correlation_id": "01KTX1R6DWW84701AMAEQ4PR3P", "level": "info", "timestamp": "2026-06-12T04:34:24.317989Z"}
{"query_len": 79, "k": 50, "event": "hybrid.start", "query_preview": "How many NVIDIA employees work specifically in the Stuttgart office in Germany?", "correlation_id": "01KTX1R6DWW84701AMAEQ4PR3P", "level": "info", "timestamp": "2026-06-12T04:34:24.318031Z"}
{"query_len": 79, "k": 50, "dense": 50, "bm25": 0, "fused": 50, "term": false, "event": "hybrid.done", "query_preview": "How many NVIDIA employees work specifically in the Stuttgart office in Germany?", "correlation_id": "01KTX1R6DWW84701AMAEQ4PR3P", "level": "info", "timestamp": "2026-06-12T04:34:24.596407Z"}
{"node": "retrieve", "candidate_count": 50, "event": "done", "query_preview": "How many NVIDIA employees work specifically in the Stuttgart office in Germany?", "correlation_id": "01KTX1R6DWW84701AMAEQ4PR3P", "level": "info", "timestamp": "2026-06-12T04:34:24.597332Z"}
{"node": "expand_graph", "reason": "disabled_or_empty", "event": "skip", "query_preview": "How many NVIDIA employees work specifically in the Stuttgart office in Germany?", "correlation_id": "01KTX1R6DWW84701AMAEQ4PR3P", "level": "info", "timestamp": "2026-06-12T04:34:24.598626Z"}
{"node": "rerank", "candidate_count": 50, "event": "start", "query_preview": "How many NVIDIA employees work specifically in the Stuttgart office in Germany?", "correlation_id": "01KTX1R6DWW84701AMAEQ4PR3P", "level": "info", "timestamp": "2026-06-12T04:34:24.599105Z"}
{"node": "rerank", "top_k": 5, "source": "mode", "event": "top_k_resolved", "query_preview": "How many NVIDIA employees work specifically in the Stuttgart office in Germany?", "correlation_id": "01KTX1R6DWW84701AMAEQ4PR3P", "level": "info", "timestamp": "2026-06-12T04:34:24.599154Z"}
{"candidates": 50, "top_k": 5, "backend": "cross_encoder", "event": "rerank.start", "query_preview": "How many NVIDIA employees work specifically in the Stuttgart office in Germany?", "correlation_id": "01KTX1R6DWW84701AMAEQ4PR3P", "level": "info", "timestamp": "2026-06-12T04:34:24.599180Z"}
{"candidates": 50, "top_k": 5, "backend": "cross_encoder", "returned": 5, "event": "rerank.done", "query_preview": "How many NVIDIA employees work specifically in the Stuttgart office in Germany?", "correlation_id": "01KTX1R6DWW84701AMAEQ4PR3P", "level": "info", "timestamp": "2026-06-12T04:35:23.549733Z"}
{"node": "rerank", "reranked_count": 5, "event": "done", "query_preview": "How many NVIDIA employees work specifically in the Stuttgart office in Germany?", "correlation_id": "01KTX1R6DWW84701AMAEQ4PR3P", "level": "info", "timestamp": "2026-06-12T04:35:23.554242Z"}
{"node": "query_tables", "reason": "no_relevant_tables", "event": "skip", "query_preview": "How many NVIDIA employees work specifically in the Stuttgart office in Germany?", "correlation_id": "01KTX1R6DWW84701AMAEQ4PR3P", "level": "info", "timestamp": "2026-06-12T04:35:23.558821Z"}
{"node": "assess", "reranked_count": 5, "event": "start", "query_preview": "How many NVIDIA employees work specifically in the Stuttgart office in Germany?", "correlation_id": "01KTX1R6DWW84701AMAEQ4PR3P", "level": "info", "timestamp": "2026-06-12T04:35:23.559867Z"}
{"prompt_tag": "assess_sufficiency@v4", "schema": "SufficiencyAssessment", "model": "cyankiwi/Qwen3.5-4B-AWQ-4bit", "max_tokens": 1024, "temperature": 0.1, "top_p": 0.8, "presence_penalty": 1.0, "seed": 42, "message_count": 1, "event": "model_call.start", "query_preview": "How many NVIDIA employees work specifically in the Stuttgart office in Germany?", "correlation_id": "01KTX1R6DWW84701AMAEQ4PR3P", "level": "info", "timestamp": "2026-06-12T04:35:23.561957Z"}
Authentication error: Langfuse client initialized without public_key. Client will be disabled. Provide a public_key parameter or set LANGFUSE_PUBLIC_KEY environment variable. 
{"prompt_tag": "assess_sufficiency@v4", "schema": "SufficiencyAssessment", "tokens": 2763, "event": "model_call.done", "query_preview": "How many NVIDIA employees work specifically in the Stuttgart office in Germany?", "correlation_id": "01KTX1R6DWW84701AMAEQ4PR3P", "level": "info", "timestamp": "2026-06-12T04:35:24.483597Z"}
{"node": "refuse", "event": "start", "query_preview": "How many NVIDIA employees work specifically in the Stuttgart office in Germany?", "correlation_id": "01KTX1R6DWW84701AMAEQ4PR3P", "level": "info", "timestamp": "2026-06-12T04:35:24.485144Z"}
Authentication error: Langfuse client initialized without public_key. Client will be disabled. Provide a public_key parameter or set LANGFUSE_PUBLIC_KEY environment variable. 
{"node": "retrieve", "query_len": 55, "event": "start", "query_preview": "What was NVIDIA's projected revenue for fiscal Q1 2028?", "correlation_id": "01KTX1T165Q9RMJ3TJ64E91AD7", "level": "info", "timestamp": "2026-06-12T04:35:24.486997Z"}
{"query_len": 55, "k": 50, "event": "hybrid.start", "query_preview": "What was NVIDIA's projected revenue for fiscal Q1 2028?", "correlation_id": "01KTX1T165Q9RMJ3TJ64E91AD7", "level": "info", "timestamp": "2026-06-12T04:35:24.487039Z"}
{"query_len": 55, "k": 50, "dense": 50, "bm25": 0, "fused": 50, "term": false, "event": "hybrid.done", "query_preview": "What was NVIDIA's projected revenue for fiscal Q1 2028?", "correlation_id": "01KTX1T165Q9RMJ3TJ64E91AD7", "level": "info", "timestamp": "2026-06-12T04:35:24.859120Z"}
{"node": "retrieve", "candidate_count": 50, "event": "done", "query_preview": "What was NVIDIA's projected revenue for fiscal Q1 2028?", "correlation_id": "01KTX1T165Q9RMJ3TJ64E91AD7", "level": "info", "timestamp": "2026-06-12T04:35:24.860129Z"}
{"node": "expand_graph", "reason": "disabled_or_empty", "event": "skip", "query_preview": "What was NVIDIA's projected revenue for fiscal Q1 2028?", "correlation_id": "01KTX1T165Q9RMJ3TJ64E91AD7", "level": "info", "timestamp": "2026-06-12T04:35:24.861852Z"}
{"node": "rerank", "candidate_count": 50, "event": "start", "query_preview": "What was NVIDIA's projected revenue for fiscal Q1 2028?", "correlation_id": "01KTX1T165Q9RMJ3TJ64E91AD7", "level": "info", "timestamp": "2026-06-12T04:35:24.862442Z"}
{"node": "rerank", "top_k": 5, "source": "mode", "event": "top_k_resolved", "query_preview": "What was NVIDIA's projected revenue for fiscal Q1 2028?", "correlation_id": "01KTX1T165Q9RMJ3TJ64E91AD7", "level": "info", "timestamp": "2026-06-12T04:35:24.862500Z"}
{"candidates": 50, "top_k": 5, "backend": "cross_encoder", "event": "rerank.start", "query_preview": "What was NVIDIA's projected revenue for fiscal Q1 2028?", "correlation_id": "01KTX1T165Q9RMJ3TJ64E91AD7", "level": "info", "timestamp": "2026-06-12T04:35:24.862527Z"}
{"candidates": 50, "top_k": 5, "backend": "cross_encoder", "returned": 5, "event": "rerank.done", "query_preview": "What was NVIDIA's projected revenue for fiscal Q1 2028?", "correlation_id": "01KTX1T165Q9RMJ3TJ64E91AD7", "level": "info", "timestamp": "2026-06-12T04:36:38.781781Z"}
{"node": "rerank", "reranked_count": 5, "event": "done", "query_preview": "What was NVIDIA's projected revenue for fiscal Q1 2028?", "correlation_id": "01KTX1T165Q9RMJ3TJ64E91AD7", "level": "info", "timestamp": "2026-06-12T04:36:38.781892Z"}
{"node": "query_tables", "reason": "empty_or_not_table_shaped", "event": "skip", "query_preview": "What was NVIDIA's projected revenue for fiscal Q1 2028?", "correlation_id": "01KTX1T165Q9RMJ3TJ64E91AD7", "level": "info", "timestamp": "2026-06-12T04:36:38.783750Z"}
{"node": "assess", "reranked_count": 5, "event": "start", "query_preview": "What was NVIDIA's projected revenue for fiscal Q1 2028?", "correlation_id": "01KTX1T165Q9RMJ3TJ64E91AD7", "level": "info", "timestamp": "2026-06-12T04:36:38.784493Z"}
{"prompt_tag": "assess_sufficiency@v4", "schema": "SufficiencyAssessment", "model": "cyankiwi/Qwen3.5-4B-AWQ-4bit", "max_tokens": 1024, "temperature": 0.1, "top_p": 0.8, "presence_penalty": 1.0, "seed": 42, "message_count": 1, "event": "model_call.start", "query_preview": "What was NVIDIA's projected revenue for fiscal Q1 2028?", "correlation_id": "01KTX1T165Q9RMJ3TJ64E91AD7", "level": "info", "timestamp": "2026-06-12T04:36:38.786857Z"}
Authentication error: Langfuse client initialized without public_key. Client will be disabled. Provide a public_key parameter or set LANGFUSE_PUBLIC_KEY environment variable. 
{"prompt_tag": "assess_sufficiency@v4", "schema": "SufficiencyAssessment", "tokens": 3094, "event": "model_call.done", "query_preview": "What was NVIDIA's projected revenue for fiscal Q1 2028?", "correlation_id": "01KTX1T165Q9RMJ3TJ64E91AD7", "level": "info", "timestamp": "2026-06-12T04:36:39.851767Z"}
{"node": "refuse", "event": "start", "query_preview": "What was NVIDIA's projected revenue for fiscal Q1 2028?", "correlation_id": "01KTX1T165Q9RMJ3TJ64E91AD7", "level": "info", "timestamp": "2026-06-12T04:36:39.853052Z"}
Authentication error: Langfuse client initialized without public_key. Client will be disabled. Provide a public_key parameter or set LANGFUSE_PUBLIC_KEY environment variable. 
{"node": "retrieve", "query_len": 101, "event": "start", "query_preview": "According to the Compensation Committee process timeline figure, what did the CC", "correlation_id": "01KTX1WASDVCC6HNJ3T3J2YTGD", "level": "info", "timestamp": "2026-06-12T04:36:39.854524Z"}
{"query_len": 101, "k": 50, "event": "hybrid.start", "query_preview": "According to the Compensation Committee process timeline figure, what did the CC", "correlation_id": "01KTX1WASDVCC6HNJ3T3J2YTGD", "level": "info", "timestamp": "2026-06-12T04:36:39.854561Z"}
{"query_len": 101, "k": 50, "dense": 50, "bm25": 0, "fused": 50, "term": false, "event": "hybrid.done", "query_preview": "According to the Compensation Committee process timeline figure, what did the CC", "correlation_id": "01KTX1WASDVCC6HNJ3T3J2YTGD", "level": "info", "timestamp": "2026-06-12T04:36:39.991611Z"}
{"node": "retrieve", "candidate_count": 50, "event": "done", "query_preview": "According to the Compensation Committee process timeline figure, what did the CC", "correlation_id": "01KTX1WASDVCC6HNJ3T3J2YTGD", "level": "info", "timestamp": "2026-06-12T04:36:39.992558Z"}
{"query_len": 101, "doc_ids": 1, "k": 50, "event": "hybrid_in_docs.start", "query_preview": "According to the Compensation Committee process timeline figure, what did the CC", "correlation_id": "01KTX1WASDVCC6HNJ3T3J2YTGD", "level": "info", "timestamp": "2026-06-12T04:36:40.029923Z"}
{"query_len": 101, "doc_ids": 1, "k": 50, "dense": 50, "bm25": 0, "fused": 50, "term": false, "event": "hybrid_in_docs.done", "query_preview": "According to the Compensation Committee process timeline figure, what did the CC", "correlation_id": "01KTX1WASDVCC6HNJ3T3J2YTGD", "level": "info", "timestamp": "2026-06-12T04:36:40.094931Z"}
{"node": "resolve_artifact_scope", "via": "dominant", "arttype": "timeline", "doc_ids": ["0e725ba0-2026-annual-report-web"], "scoped_count": 50, "replaced_from": 50, "event": "scoped", "query_preview": "According to the Compensation Committee process timeline figure, what did the CC", "correlation_id": "01KTX1WASDVCC6HNJ3T3J2YTGD", "level": "info", "timestamp": "2026-06-12T04:36:40.096264Z"}
{"node": "expand_graph", "reason": "disabled_or_empty", "event": "skip", "query_preview": "According to the Compensation Committee process timeline figure, what did the CC", "correlation_id": "01KTX1WASDVCC6HNJ3T3J2YTGD", "level": "info", "timestamp": "2026-06-12T04:36:40.097277Z"}
{"node": "rerank", "candidate_count": 50, "event": "start", "query_preview": "According to the Compensation Committee process timeline figure, what did the CC", "correlation_id": "01KTX1WASDVCC6HNJ3T3J2YTGD", "level": "info", "timestamp": "2026-06-12T04:36:40.097984Z"}
{"node": "rerank", "top_k": 5, "source": "mode", "event": "top_k_resolved", "query_preview": "According to the Compensation Committee process timeline figure, what did the CC", "correlation_id": "01KTX1WASDVCC6HNJ3T3J2YTGD", "level": "info", "timestamp": "2026-06-12T04:36:40.098050Z"}
{"candidates": 50, "top_k": 5, "backend": "cross_encoder", "event": "rerank.start", "query_preview": "According to the Compensation Committee process timeline figure, what did the CC", "correlation_id": "01KTX1WASDVCC6HNJ3T3J2YTGD", "level": "info", "timestamp": "2026-06-12T04:36:40.098176Z"}
{"candidates": 50, "top_k": 5, "backend": "cross_encoder", "returned": 5, "event": "rerank.done", "query_preview": "According to the Compensation Committee process timeline figure, what did the CC", "correlation_id": "01KTX1WASDVCC6HNJ3T3J2YTGD", "level": "info", "timestamp": "2026-06-12T04:38:01.327469Z"}
{"node": "rerank", "reranked_count": 5, "event": "done", "query_preview": "According to the Compensation Committee process timeline figure, what did the CC", "correlation_id": "01KTX1WASDVCC6HNJ3T3J2YTGD", "level": "info", "timestamp": "2026-06-12T04:38:01.327571Z"}
{"node": "query_tables", "reason": "empty_or_not_table_shaped", "event": "skip", "query_preview": "According to the Compensation Committee process timeline figure, what did the CC", "correlation_id": "01KTX1WASDVCC6HNJ3T3J2YTGD", "level": "info", "timestamp": "2026-06-12T04:38:01.329827Z"}
{"node": "assess", "reranked_count": 5, "event": "start", "query_preview": "According to the Compensation Committee process timeline figure, what did the CC", "correlation_id": "01KTX1WASDVCC6HNJ3T3J2YTGD", "level": "info", "timestamp": "2026-06-12T04:38:01.330772Z"}
{"prompt_tag": "assess_sufficiency@v4", "schema": "SufficiencyAssessment", "model": "cyankiwi/Qwen3.5-4B-AWQ-4bit", "max_tokens": 1024, "temperature": 0.1, "top_p": 0.8, "presence_penalty": 1.0, "seed": 42, "message_count": 1, "event": "model_call.start", "query_preview": "According to the Compensation Committee process timeline figure, what did the CC", "correlation_id": "01KTX1WASDVCC6HNJ3T3J2YTGD", "level": "info", "timestamp": "2026-06-12T04:38:01.332962Z"}
Authentication error: Langfuse client initialized without public_key. Client will be disabled. Provide a public_key parameter or set LANGFUSE_PUBLIC_KEY environment variable. 
{"prompt_tag": "assess_sufficiency@v4", "schema": "SufficiencyAssessment", "tokens": 2852, "event": "model_call.done", "query_preview": "According to the Compensation Committee process timeline figure, what did the CC", "correlation_id": "01KTX1WASDVCC6HNJ3T3J2YTGD", "level": "info", "timestamp": "2026-06-12T04:38:02.395482Z"}
{"node": "answer", "regenerate_attempt": 0, "event": "start", "query_preview": "According to the Compensation Committee process timeline figure, what did the CC", "correlation_id": "01KTX1WASDVCC6HNJ3T3J2YTGD", "level": "info", "timestamp": "2026-06-12T04:38:02.398487Z"}
{"prompt_tag": "answer@v5", "schema": "DraftAnswer", "model": "cyankiwi/Qwen3.5-4B-AWQ-4bit", "max_tokens": 1800, "temperature": 0.1, "top_p": 0.8, "presence_penalty": 1.0, "seed": 42, "message_count": 2, "event": "model_call.start", "query_preview": "According to the Compensation Committee process timeline figure, what did the CC", "correlation_id": "01KTX1WASDVCC6HNJ3T3J2YTGD", "level": "info", "timestamp": "2026-06-12T04:38:02.400996Z"}
Authentication error: Langfuse client initialized without public_key. Client will be disabled. Provide a public_key parameter or set LANGFUSE_PUBLIC_KEY environment variable. 
{"prompt_tag": "answer@v5", "schema": "DraftAnswer", "tokens": 4554, "event": "model_call.done", "query_preview": "According to the Compensation Committee process timeline figure, what did the CC", "correlation_id": "01KTX1WASDVCC6HNJ3T3J2YTGD", "level": "info", "timestamp": "2026-06-12T04:38:04.710052Z"}
{"node": "answer", "original": "According to the Compensation Committee process timeline figure, in December 2024 the CC determined peer companies and m", "event": "answer.summary_scope_rebuilt", "query_preview": "According to the Compensation Committee process timeline figure, what did the CC", "correlation_id": "01KTX1WASDVCC6HNJ3T3J2YTGD", "level": "info", "timestamp": "2026-06-12T04:38:04.710141Z"}
{"node": "verify", "claim_count": 2, "event": "start", "query_preview": "According to the Compensation Committee process timeline figure, what did the CC", "correlation_id": "01KTX1WASDVCC6HNJ3T3J2YTGD", "level": "info", "timestamp": "2026-06-12T04:38:04.711146Z"}
{"prompt_tag": "verify_grounding@v2", "schema": "VerificationResult", "model": "cyankiwi/Qwen3.5-4B-AWQ-4bit", "max_tokens": 1024, "temperature": 0.1, "top_p": 0.8, "presence_penalty": 1.0, "seed": 42, "message_count": 1, "event": "model_call.start", "query_preview": "According to the Compensation Committee process timeline figure, what did the CC", "correlation_id": "01KTX1WASDVCC6HNJ3T3J2YTGD", "level": "info", "timestamp": "2026-06-12T04:38:04.715129Z"}
Authentication error: Langfuse client initialized without public_key. Client will be disabled. Provide a public_key parameter or set LANGFUSE_PUBLIC_KEY environment variable. 
{"prompt_tag": "verify_grounding@v2", "schema": "VerificationResult", "tokens": 2802, "event": "model_call.done", "query_preview": "According to the Compensation Committee process timeline figure, what did the CC", "correlation_id": "01KTX1WASDVCC6HNJ3T3J2YTGD", "level": "info", "timestamp": "2026-06-12T04:38:05.352689Z"}
{"node": "assess_relevance", "event": "start", "query_preview": "According to the Compensation Committee process timeline figure, what did the CC", "correlation_id": "01KTX1WASDVCC6HNJ3T3J2YTGD", "level": "info", "timestamp": "2026-06-12T04:38:05.354178Z"}
{"node": "assess_relevance", "event": "relevance.scope_rebuilt_refuse", "query_preview": "According to the Compensation Committee process timeline figure, what did the CC", "correlation_id": "01KTX1WASDVCC6HNJ3T3J2YTGD", "level": "info", "timestamp": "2026-06-12T04:38:05.354215Z"}
{"node": "refuse", "event": "start", "query_preview": "According to the Compensation Committee process timeline figure, what did the CC", "correlation_id": "01KTX1WASDVCC6HNJ3T3J2YTGD", "level": "info", "timestamp": "2026-06-12T04:38:05.355263Z"}
Authentication error: Langfuse client initialized without public_key. Client will be disabled. Provide a public_key parameter or set LANGFUSE_PUBLIC_KEY environment variable. 
{"node": "retrieve", "query_len": 135, "event": "start", "query_preview": "Per the Compensation Committee timeline figure, when did the CC certify achievem", "correlation_id": "01KTX1YY9BDPEW3K00WA13P5BN", "level": "info", "timestamp": "2026-06-12T04:38:05.357066Z"}
{"query_len": 135, "k": 50, "event": "hybrid.start", "query_preview": "Per the Compensation Committee timeline figure, when did the CC certify achievem", "correlation_id": "01KTX1YY9BDPEW3K00WA13P5BN", "level": "info", "timestamp": "2026-06-12T04:38:05.357108Z"}
{"query_len": 135, "k": 50, "dense": 50, "bm25": 0, "fused": 50, "term": false, "event": "hybrid.done", "query_preview": "Per the Compensation Committee timeline figure, when did the CC certify achievem", "correlation_id": "01KTX1YY9BDPEW3K00WA13P5BN", "level": "info", "timestamp": "2026-06-12T04:38:05.635415Z"}
{"node": "retrieve", "candidate_count": 50, "event": "done", "query_preview": "Per the Compensation Committee timeline figure, when did the CC certify achievem", "correlation_id": "01KTX1YY9BDPEW3K00WA13P5BN", "level": "info", "timestamp": "2026-06-12T04:38:05.636284Z"}
{"query_len": 135, "doc_ids": 1, "k": 50, "event": "hybrid_in_docs.start", "query_preview": "Per the Compensation Committee timeline figure, when did the CC certify achievem", "correlation_id": "01KTX1YY9BDPEW3K00WA13P5BN", "level": "info", "timestamp": "2026-06-12T04:38:05.639730Z"}
{"query_len": 135, "doc_ids": 1, "k": 50, "dense": 50, "bm25": 0, "fused": 50, "term": false, "event": "hybrid_in_docs.done", "query_preview": "Per the Compensation Committee timeline figure, when did the CC certify achievem", "correlation_id": "01KTX1YY9BDPEW3K00WA13P5BN", "level": "info", "timestamp": "2026-06-12T04:38:05.755521Z"}
{"node": "resolve_artifact_scope", "via": "dominant", "arttype": "figure", "doc_ids": ["0e725ba0-2026-annual-report-web"], "scoped_count": 50, "replaced_from": 50, "event": "scoped", "query_preview": "Per the Compensation Committee timeline figure, when did the CC certify achievem", "correlation_id": "01KTX1YY9BDPEW3K00WA13P5BN", "level": "info", "timestamp": "2026-06-12T04:38:05.756810Z"}
{"node": "expand_graph", "reason": "disabled_or_empty", "event": "skip", "query_preview": "Per the Compensation Committee timeline figure, when did the CC certify achievem", "correlation_id": "01KTX1YY9BDPEW3K00WA13P5BN", "level": "info", "timestamp": "2026-06-12T04:38:05.757588Z"}
{"node": "rerank", "candidate_count": 50, "event": "start", "query_preview": "Per the Compensation Committee timeline figure, when did the CC certify achievem", "correlation_id": "01KTX1YY9BDPEW3K00WA13P5BN", "level": "info", "timestamp": "2026-06-12T04:38:05.758115Z"}
{"node": "rerank", "top_k": 5, "source": "mode", "event": "top_k_resolved", "query_preview": "Per the Compensation Committee timeline figure, when did the CC certify achievem", "correlation_id": "01KTX1YY9BDPEW3K00WA13P5BN", "level": "info", "timestamp": "2026-06-12T04:38:05.758164Z"}
{"candidates": 50, "top_k": 5, "backend": "cross_encoder", "event": "rerank.start", "query_preview": "Per the Compensation Committee timeline figure, when did the CC certify achievem", "correlation_id": "01KTX1YY9BDPEW3K00WA13P5BN", "level": "info", "timestamp": "2026-06-12T04:38:05.758199Z"}
{"candidates": 50, "top_k": 5, "backend": "cross_encoder", "returned": 5, "event": "rerank.done", "query_preview": "Per the Compensation Committee timeline figure, when did the CC certify achievem", "correlation_id": "01KTX1YY9BDPEW3K00WA13P5BN", "level": "info", "timestamp": "2026-06-12T04:39:35.949782Z"}
{"node": "rerank", "reranked_count": 5, "event": "done", "query_preview": "Per the Compensation Committee timeline figure, when did the CC certify achievem", "correlation_id": "01KTX1YY9BDPEW3K00WA13P5BN", "level": "info", "timestamp": "2026-06-12T04:39:35.949887Z"}
{"node": "query_tables", "reason": "empty_or_not_table_shaped", "event": "skip", "query_preview": "Per the Compensation Committee timeline figure, when did the CC certify achievem", "correlation_id": "01KTX1YY9BDPEW3K00WA13P5BN", "level": "info", "timestamp": "2026-06-12T04:39:35.952113Z"}
{"node": "assess", "reranked_count": 5, "event": "start", "query_preview": "Per the Compensation Committee timeline figure, when did the CC certify achievem", "correlation_id": "01KTX1YY9BDPEW3K00WA13P5BN", "level": "info", "timestamp": "2026-06-12T04:39:35.952875Z"}
{"prompt_tag": "assess_sufficiency@v4", "schema": "SufficiencyAssessment", "model": "cyankiwi/Qwen3.5-4B-AWQ-4bit", "max_tokens": 1024, "temperature": 0.1, "top_p": 0.8, "presence_penalty": 1.0, "seed": 42, "message_count": 1, "event": "model_call.start", "query_preview": "Per the Compensation Committee timeline figure, when did the CC certify achievem", "correlation_id": "01KTX1YY9BDPEW3K00WA13P5BN", "level": "info", "timestamp": "2026-06-12T04:39:35.994397Z"}
Authentication error: Langfuse client initialized without public_key. Client will be disabled. Provide a public_key parameter or set LANGFUSE_PUBLIC_KEY environment variable. 
{"prompt_tag": "assess_sufficiency@v4", "schema": "SufficiencyAssessment", "tokens": 2769, "event": "model_call.done", "query_preview": "Per the Compensation Committee timeline figure, when did the CC certify achievem", "correlation_id": "01KTX1YY9BDPEW3K00WA13P5BN", "level": "info", "timestamp": "2026-06-12T04:39:37.103238Z"}
{"node": "answer", "regenerate_attempt": 0, "event": "start", "query_preview": "Per the Compensation Committee timeline figure, when did the CC certify achievem", "correlation_id": "01KTX1YY9BDPEW3K00WA13P5BN", "level": "info", "timestamp": "2026-06-12T04:39:37.104509Z"}
{"prompt_tag": "answer@v5", "schema": "DraftAnswer", "model": "cyankiwi/Qwen3.5-4B-AWQ-4bit", "max_tokens": 1800, "temperature": 0.1, "top_p": 0.8, "presence_penalty": 1.0, "seed": 42, "message_count": 2, "event": "model_call.start", "query_preview": "Per the Compensation Committee timeline figure, when did the CC certify achievem", "correlation_id": "01KTX1YY9BDPEW3K00WA13P5BN", "level": "info", "timestamp": "2026-06-12T04:39:37.106479Z"}
Authentication error: Langfuse client initialized without public_key. Client will be disabled. Provide a public_key parameter or set LANGFUSE_PUBLIC_KEY environment variable. 
{"prompt_tag": "answer@v5", "schema": "DraftAnswer", "tokens": 4387, "event": "model_call.done", "query_preview": "Per the Compensation Committee timeline figure, when did the CC certify achievem", "correlation_id": "01KTX1YY9BDPEW3K00WA13P5BN", "level": "info", "timestamp": "2026-06-12T04:39:38.707894Z"}
{"node": "answer", "original": "The Compensation Committee certified achievement and payouts for the Fiscal 2026 Variable Cash Plan in March 2026.", "event": "answer.summary_scope_rebuilt", "query_preview": "Per the Compensation Committee timeline figure, when did the CC certify achievem", "correlation_id": "01KTX1YY9BDPEW3K00WA13P5BN", "level": "info", "timestamp": "2026-06-12T04:39:38.707974Z"}
{"node": "verify", "claim_count": 1, "event": "start", "query_preview": "Per the Compensation Committee timeline figure, when did the CC certify achievem", "correlation_id": "01KTX1YY9BDPEW3K00WA13P5BN", "level": "info", "timestamp": "2026-06-12T04:39:38.708748Z"}
{"prompt_tag": "verify_grounding@v2", "schema": "VerificationResult", "model": "cyankiwi/Qwen3.5-4B-AWQ-4bit", "max_tokens": 1024, "temperature": 0.1, "top_p": 0.8, "presence_penalty": 1.0, "seed": 42, "message_count": 1, "event": "model_call.start", "query_preview": "Per the Compensation Committee timeline figure, when did the CC certify achievem", "correlation_id": "01KTX1YY9BDPEW3K00WA13P5BN", "level": "info", "timestamp": "2026-06-12T04:39:38.711941Z"}
Authentication error: Langfuse client initialized without public_key. Client will be disabled. Provide a public_key parameter or set LANGFUSE_PUBLIC_KEY environment variable. 
{"prompt_tag": "verify_grounding@v2", "schema": "VerificationResult", "tokens": 2654, "event": "model_call.done", "query_preview": "Per the Compensation Committee timeline figure, when did the CC certify achievem", "correlation_id": "01KTX1YY9BDPEW3K00WA13P5BN", "level": "info", "timestamp": "2026-06-12T04:39:39.301474Z"}
{"node": "assess_relevance", "event": "start", "query_preview": "Per the Compensation Committee timeline figure, when did the CC certify achievem", "correlation_id": "01KTX1YY9BDPEW3K00WA13P5BN", "level": "info", "timestamp": "2026-06-12T04:39:39.302799Z"}
{"node": "assess_relevance", "event": "relevance.scope_rebuilt_refuse", "query_preview": "Per the Compensation Committee timeline figure, when did the CC certify achievem", "correlation_id": "01KTX1YY9BDPEW3K00WA13P5BN", "level": "info", "timestamp": "2026-06-12T04:39:39.302836Z"}
{"node": "refuse", "event": "start", "query_preview": "Per the Compensation Committee timeline figure, when did the CC certify achievem", "correlation_id": "01KTX1YY9BDPEW3K00WA13P5BN", "level": "info", "timestamp": "2026-06-12T04:39:39.303605Z"}
Authentication error: Langfuse client initialized without public_key. Client will be disabled. Provide a public_key parameter or set LANGFUSE_PUBLIC_KEY environment variable. 
{"node": "retrieve", "query_len": 84, "event": "start", "query_preview": "What was the operating income of NVIDIA's Automotive market platform in fiscal 2", "correlation_id": "01KTX21T181J1JY0A4CVPR9GSD", "level": "info", "timestamp": "2026-06-12T04:39:39.304986Z"}
{"query_len": 84, "k": 50, "event": "hybrid.start", "query_preview": "What was the operating income of NVIDIA's Automotive market platform in fiscal 2", "correlation_id": "01KTX21T181J1JY0A4CVPR9GSD", "level": "info", "timestamp": "2026-06-12T04:39:39.305026Z"}
{"query_len": 84, "k": 50, "dense": 50, "bm25": 0, "fused": 50, "term": false, "event": "hybrid.done", "query_preview": "What was the operating income of NVIDIA's Automotive market platform in fiscal 2", "correlation_id": "01KTX21T181J1JY0A4CVPR9GSD", "level": "info", "timestamp": "2026-06-12T04:39:39.387697Z"}
{"node": "retrieve", "candidate_count": 50, "event": "done", "query_preview": "What was the operating income of NVIDIA's Automotive market platform in fiscal 2", "correlation_id": "01KTX21T181J1JY0A4CVPR9GSD", "level": "info", "timestamp": "2026-06-12T04:39:39.388756Z"}
{"node": "expand_graph", "reason": "disabled_or_empty", "event": "skip", "query_preview": "What was the operating income of NVIDIA's Automotive market platform in fiscal 2", "correlation_id": "01KTX21T181J1JY0A4CVPR9GSD", "level": "info", "timestamp": "2026-06-12T04:39:39.390091Z"}
{"node": "rerank", "candidate_count": 50, "event": "start", "query_preview": "What was the operating income of NVIDIA's Automotive market platform in fiscal 2", "correlation_id": "01KTX21T181J1JY0A4CVPR9GSD", "level": "info", "timestamp": "2026-06-12T04:39:39.390576Z"}
{"node": "rerank", "top_k": 5, "source": "mode", "event": "top_k_resolved", "query_preview": "What was the operating income of NVIDIA's Automotive market platform in fiscal 2", "correlation_id": "01KTX21T181J1JY0A4CVPR9GSD", "level": "info", "timestamp": "2026-06-12T04:39:39.390624Z"}
{"candidates": 50, "top_k": 5, "backend": "cross_encoder", "event": "rerank.start", "query_preview": "What was the operating income of NVIDIA's Automotive market platform in fiscal 2", "correlation_id": "01KTX21T181J1JY0A4CVPR9GSD", "level": "info", "timestamp": "2026-06-12T04:39:39.390648Z"}
{"candidates": 50, "top_k": 5, "backend": "cross_encoder", "returned": 5, "event": "rerank.done", "query_preview": "What was the operating income of NVIDIA's Automotive market platform in fiscal 2", "correlation_id": "01KTX21T181J1JY0A4CVPR9GSD", "level": "info", "timestamp": "2026-06-12T04:40:46.007649Z"}
{"node": "rerank", "reranked_count": 5, "event": "done", "query_preview": "What was the operating income of NVIDIA's Automotive market platform in fiscal 2", "correlation_id": "01KTX21T181J1JY0A4CVPR9GSD", "level": "info", "timestamp": "2026-06-12T04:40:46.007760Z"}
{"node": "query_tables", "reason": "empty_or_not_table_shaped", "event": "skip", "query_preview": "What was the operating income of NVIDIA's Automotive market platform in fiscal 2", "correlation_id": "01KTX21T181J1JY0A4CVPR9GSD", "level": "info", "timestamp": "2026-06-12T04:40:46.009902Z"}
{"node": "assess", "reranked_count": 5, "event": "start", "query_preview": "What was the operating income of NVIDIA's Automotive market platform in fiscal 2", "correlation_id": "01KTX21T181J1JY0A4CVPR9GSD", "level": "info", "timestamp": "2026-06-12T04:40:46.010793Z"}
{"prompt_tag": "assess_sufficiency@v4", "schema": "SufficiencyAssessment", "model": "cyankiwi/Qwen3.5-4B-AWQ-4bit", "max_tokens": 1024, "temperature": 0.1, "top_p": 0.8, "presence_penalty": 1.0, "seed": 42, "message_count": 1, "event": "model_call.start", "query_preview": "What was the operating income of NVIDIA's Automotive market platform in fiscal 2", "correlation_id": "01KTX21T181J1JY0A4CVPR9GSD", "level": "info", "timestamp": "2026-06-12T04:40:46.012597Z"}
Authentication error: Langfuse client initialized without public_key. Client will be disabled. Provide a public_key parameter or set LANGFUSE_PUBLIC_KEY environment variable. 
{"prompt_tag": "assess_sufficiency@v4", "schema": "SufficiencyAssessment", "tokens": 3367, "event": "model_call.done", "query_preview": "What was the operating income of NVIDIA's Automotive market platform in fiscal 2", "correlation_id": "01KTX21T181J1JY0A4CVPR9GSD", "level": "info", "timestamp": "2026-06-12T04:40:46.909705Z"}
{"node": "answer", "regenerate_attempt": 0, "event": "start", "query_preview": "What was the operating income of NVIDIA's Automotive market platform in fiscal 2", "correlation_id": "01KTX21T181J1JY0A4CVPR9GSD", "level": "info", "timestamp": "2026-06-12T04:40:46.910883Z"}
{"prompt_tag": "answer@v5", "schema": "DraftAnswer", "model": "cyankiwi/Qwen3.5-4B-AWQ-4bit", "max_tokens": 1800, "temperature": 0.1, "top_p": 0.8, "presence_penalty": 1.0, "seed": 42, "message_count": 2, "event": "model_call.start", "query_preview": "What was the operating income of NVIDIA's Automotive market platform in fiscal 2", "correlation_id": "01KTX21T181J1JY0A4CVPR9GSD", "level": "info", "timestamp": "2026-06-12T04:40:46.912913Z"}
Authentication error: Langfuse client initialized without public_key. Client will be disabled. Provide a public_key parameter or set LANGFUSE_PUBLIC_KEY environment variable. 
{"prompt_tag": "answer@v5", "schema": "DraftAnswer", "tokens": 4971, "event": "model_call.done", "query_preview": "What was the operating income of NVIDIA's Automotive market platform in fiscal 2", "correlation_id": "01KTX21T181J1JY0A4CVPR9GSD", "level": "info", "timestamp": "2026-06-12T04:40:48.181974Z"}
{"node": "answer", "summary_head": "The chunks do not contain the operating income for NVIDIA's Automotive market platform in fiscal 2026. While they provid", "event": "answer.denial_reframe_retry", "query_preview": "What was the operating income of NVIDIA's Automotive market platform in fiscal 2", "correlation_id": "01KTX21T181J1JY0A4CVPR9GSD", "level": "info", "timestamp": "2026-06-12T04:40:48.182039Z"}
{"prompt_tag": "answer@v5", "schema": "DraftAnswer", "model": "cyankiwi/Qwen3.5-4B-AWQ-4bit", "max_tokens": 1800, "temperature": 0.1, "top_p": 0.8, "presence_penalty": 1.0, "seed": 42, "message_count": 2, "event": "model_call.start", "query_preview": "What was the operating income of NVIDIA's Automotive market platform in fiscal 2", "correlation_id": "01KTX21T181J1JY0A4CVPR9GSD", "level": "info", "timestamp": "2026-06-12T04:40:48.184042Z"}
Authentication error: Langfuse client initialized without public_key. Client will be disabled. Provide a public_key parameter or set LANGFUSE_PUBLIC_KEY environment variable. 
{"prompt_tag": "answer@v5", "schema": "DraftAnswer", "tokens": 5123, "event": "model_call.done", "query_preview": "What was the operating income of NVIDIA's Automotive market platform in fiscal 2", "correlation_id": "01KTX21T181J1JY0A4CVPR9GSD", "level": "info", "timestamp": "2026-06-12T04:40:48.990919Z"}
{"node": "verify", "claim_count": 0, "event": "start", "query_preview": "What was the operating income of NVIDIA's Automotive market platform in fiscal 2", "correlation_id": "01KTX21T181J1JY0A4CVPR9GSD", "level": "info", "timestamp": "2026-06-12T04:40:48.991817Z"}
{"node": "verify", "event": "empty_draft_shortcircuit", "query_preview": "What was the operating income of NVIDIA's Automotive market platform in fiscal 2", "correlation_id": "01KTX21T181J1JY0A4CVPR9GSD", "level": "info", "timestamp": "2026-06-12T04:40:48.991856Z"}
{"node": "assess_relevance", "event": "start", "query_preview": "What was the operating income of NVIDIA's Automotive market platform in fiscal 2", "correlation_id": "01KTX21T181J1JY0A4CVPR9GSD", "level": "info", "timestamp": "2026-06-12T04:40:48.992747Z"}
{"prompt_tag": "assess_relevance@v3", "schema": "RelevanceAssessment", "model": "cyankiwi/Qwen3.5-4B-AWQ-4bit", "max_tokens": 1024, "temperature": 0.1, "top_p": 0.8, "presence_penalty": 1.0, "seed": 42, "message_count": 1, "event": "model_call.start", "query_preview": "What was the operating income of NVIDIA's Automotive market platform in fiscal 2", "correlation_id": "01KTX21T181J1JY0A4CVPR9GSD", "level": "info", "timestamp": "2026-06-12T04:40:48.993857Z"}
Authentication error: Langfuse client initialized without public_key. Client will be disabled. Provide a public_key parameter or set LANGFUSE_PUBLIC_KEY environment variable. 
{"prompt_tag": "assess_relevance@v3", "schema": "RelevanceAssessment", "tokens": 866, "event": "model_call.done", "query_preview": "What was the operating income of NVIDIA's Automotive market platform in fiscal 2", "correlation_id": "01KTX21T181J1JY0A4CVPR9GSD", "level": "info", "timestamp": "2026-06-12T04:40:49.465953Z"}
{"node": "assess_relevance", "responsive": true, "event": "relevance", "query_preview": "What was the operating income of NVIDIA's Automotive market platform in fiscal 2", "correlation_id": "01KTX21T181J1JY0A4CVPR9GSD", "level": "info", "timestamp": "2026-06-12T04:40:49.466018Z"}
{"node": "compose", "event": "start", "query_preview": "What was the operating income of NVIDIA's Automotive market platform in fiscal 2", "correlation_id": "01KTX21T181J1JY0A4CVPR9GSD", "level": "info", "timestamp": "2026-06-12T04:40:49.467262Z"}
Authentication error: Langfuse client initialized without public_key. Client will be disabled. Provide a public_key parameter or set LANGFUSE_PUBLIC_KEY environment variable. 
{"node": "retrieve", "query_len": 70, "event": "start", "query_preview": "What was the gross margin of NVIDIA's Graphics segment in fiscal 2026?", "correlation_id": "01KTX23YHVD142SX34SAY2QZC8", "level": "info", "timestamp": "2026-06-12T04:40:49.468887Z"}
{"query_len": 70, "k": 50, "event": "hybrid.start", "query_preview": "What was the gross margin of NVIDIA's Graphics segment in fiscal 2026?", "correlation_id": "01KTX23YHVD142SX34SAY2QZC8", "level": "info", "timestamp": "2026-06-12T04:40:49.468925Z"}
{"query_len": 70, "k": 50, "dense": 50, "bm25": 0, "fused": 50, "term": false, "event": "hybrid.done", "query_preview": "What was the gross margin of NVIDIA's Graphics segment in fiscal 2026?", "correlation_id": "01KTX23YHVD142SX34SAY2QZC8", "level": "info", "timestamp": "2026-06-12T04:40:49.549403Z"}
{"node": "retrieve", "candidate_count": 50, "event": "done", "query_preview": "What was the gross margin of NVIDIA's Graphics segment in fiscal 2026?", "correlation_id": "01KTX23YHVD142SX34SAY2QZC8", "level": "info", "timestamp": "2026-06-12T04:40:49.550405Z"}
{"node": "expand_graph", "reason": "disabled_or_empty", "event": "skip", "query_preview": "What was the gross margin of NVIDIA's Graphics segment in fiscal 2026?", "correlation_id": "01KTX23YHVD142SX34SAY2QZC8", "level": "info", "timestamp": "2026-06-12T04:40:49.551697Z"}
{"node": "rerank", "candidate_count": 50, "event": "start", "query_preview": "What was the gross margin of NVIDIA's Graphics segment in fiscal 2026?", "correlation_id": "01KTX23YHVD142SX34SAY2QZC8", "level": "info", "timestamp": "2026-06-12T04:40:49.552189Z"}
{"node": "rerank", "top_k": 5, "source": "mode", "event": "top_k_resolved", "query_preview": "What was the gross margin of NVIDIA's Graphics segment in fiscal 2026?", "correlation_id": "01KTX23YHVD142SX34SAY2QZC8", "level": "info", "timestamp": "2026-06-12T04:40:49.552239Z"}
{"candidates": 50, "top_k": 5, "backend": "cross_encoder", "event": "rerank.start", "query_preview": "What was the gross margin of NVIDIA's Graphics segment in fiscal 2026?", "correlation_id": "01KTX23YHVD142SX34SAY2QZC8", "level": "info", "timestamp": "2026-06-12T04:40:49.552264Z"}
{"candidates": 50, "top_k": 5, "backend": "cross_encoder", "returned": 5, "event": "rerank.done", "query_preview": "What was the gross margin of NVIDIA's Graphics segment in fiscal 2026?", "correlation_id": "01KTX23YHVD142SX34SAY2QZC8", "level": "info", "timestamp": "2026-06-12T04:41:56.429957Z"}
{"node": "rerank", "reranked_count": 5, "event": "done", "query_preview": "What was the gross margin of NVIDIA's Graphics segment in fiscal 2026?", "correlation_id": "01KTX23YHVD142SX34SAY2QZC8", "level": "info", "timestamp": "2026-06-12T04:41:56.430070Z"}
{"node": "query_tables", "reason": "empty_or_not_table_shaped", "event": "skip", "query_preview": "What was the gross margin of NVIDIA's Graphics segment in fiscal 2026?", "correlation_id": "01KTX23YHVD142SX34SAY2QZC8", "level": "info", "timestamp": "2026-06-12T04:41:56.432405Z"}
{"node": "assess", "reranked_count": 5, "event": "start", "query_preview": "What was the gross margin of NVIDIA's Graphics segment in fiscal 2026?", "correlation_id": "01KTX23YHVD142SX34SAY2QZC8", "level": "info", "timestamp": "2026-06-12T04:41:56.433377Z"}
{"prompt_tag": "assess_sufficiency@v4", "schema": "SufficiencyAssessment", "model": "cyankiwi/Qwen3.5-4B-AWQ-4bit", "max_tokens": 1024, "temperature": 0.1, "top_p": 0.8, "presence_penalty": 1.0, "seed": 42, "message_count": 1, "event": "model_call.start", "query_preview": "What was the gross margin of NVIDIA's Graphics segment in fiscal 2026?", "correlation_id": "01KTX23YHVD142SX34SAY2QZC8", "level": "info", "timestamp": "2026-06-12T04:41:56.435463Z"}
Authentication error: Langfuse client initialized without public_key. Client will be disabled. Provide a public_key parameter or set LANGFUSE_PUBLIC_KEY environment variable. 
{"prompt_tag": "assess_sufficiency@v4", "schema": "SufficiencyAssessment", "tokens": 2919, "event": "model_call.done", "query_preview": "What was the gross margin of NVIDIA's Graphics segment in fiscal 2026?", "correlation_id": "01KTX23YHVD142SX34SAY2QZC8", "level": "info", "timestamp": "2026-06-12T04:41:57.372002Z"}
{"node": "answer", "regenerate_attempt": 0, "event": "start", "query_preview": "What was the gross margin of NVIDIA's Graphics segment in fiscal 2026?", "correlation_id": "01KTX23YHVD142SX34SAY2QZC8", "level": "info", "timestamp": "2026-06-12T04:41:57.373883Z"}
{"prompt_tag": "answer@v5", "schema": "DraftAnswer", "model": "cyankiwi/Qwen3.5-4B-AWQ-4bit", "max_tokens": 1800, "temperature": 0.1, "top_p": 0.8, "presence_penalty": 1.0, "seed": 42, "message_count": 2, "event": "model_call.start", "query_preview": "What was the gross margin of NVIDIA's Graphics segment in fiscal 2026?", "correlation_id": "01KTX23YHVD142SX34SAY2QZC8", "level": "info", "timestamp": "2026-06-12T04:41:57.376559Z"}
Authentication error: Langfuse client initialized without public_key. Client will be disabled. Provide a public_key parameter or set LANGFUSE_PUBLIC_KEY environment variable. 
{"prompt_tag": "answer@v5", "schema": "DraftAnswer", "tokens": 4558, "event": "model_call.done", "query_preview": "What was the gross margin of NVIDIA's Graphics segment in fiscal 2026?", "correlation_id": "01KTX23YHVD142SX34SAY2QZC8", "level": "info", "timestamp": "2026-06-12T04:41:58.995228Z"}
{"node": "answer", "original": "The gross margin for NVIDIA's Graphics segment in fiscal 2026 was 71.1%, as stated in the company's 2026 Annual Review.", "event": "answer.summary_scope_rebuilt", "query_preview": "What was the gross margin of NVIDIA's Graphics segment in fiscal 2026?", "correlation_id": "01KTX23YHVD142SX34SAY2QZC8", "level": "info", "timestamp": "2026-06-12T04:41:58.995301Z"}
{"node": "verify", "claim_count": 1, "event": "start", "query_preview": "What was the gross margin of NVIDIA's Graphics segment in fiscal 2026?", "correlation_id": "01KTX23YHVD142SX34SAY2QZC8", "level": "info", "timestamp": "2026-06-12T04:41:58.996456Z"}
{"prompt_tag": "verify_grounding@v2", "schema": "VerificationResult", "model": "cyankiwi/Qwen3.5-4B-AWQ-4bit", "max_tokens": 1024, "temperature": 0.1, "top_p": 0.8, "presence_penalty": 1.0, "seed": 42, "message_count": 1, "event": "model_call.start", "query_preview": "What was the gross margin of NVIDIA's Graphics segment in fiscal 2026?", "correlation_id": "01KTX23YHVD142SX34SAY2QZC8", "level": "info", "timestamp": "2026-06-12T04:41:59.000952Z"}
Authentication error: Langfuse client initialized without public_key. Client will be disabled. Provide a public_key parameter or set LANGFUSE_PUBLIC_KEY environment variable. 
{"prompt_tag": "verify_grounding@v2", "schema": "VerificationResult", "tokens": 2822, "event": "model_call.done", "query_preview": "What was the gross margin of NVIDIA's Graphics segment in fiscal 2026?", "correlation_id": "01KTX23YHVD142SX34SAY2QZC8", "level": "info", "timestamp": "2026-06-12T04:41:59.615760Z"}
{"node": "assess_relevance", "event": "start", "query_preview": "What was the gross margin of NVIDIA's Graphics segment in fiscal 2026?", "correlation_id": "01KTX23YHVD142SX34SAY2QZC8", "level": "info", "timestamp": "2026-06-12T04:41:59.617585Z"}
{"node": "assess_relevance", "event": "relevance.scope_rebuilt_refuse", "query_preview": "What was the gross margin of NVIDIA's Graphics segment in fiscal 2026?", "correlation_id": "01KTX23YHVD142SX34SAY2QZC8", "level": "info", "timestamp": "2026-06-12T04:41:59.617640Z"}
{"node": "refuse", "event": "start", "query_preview": "What was the gross margin of NVIDIA's Graphics segment in fiscal 2026?", "correlation_id": "01KTX23YHVD142SX34SAY2QZC8", "level": "info", "timestamp": "2026-06-12T04:41:59.618901Z"}
Authentication error: Langfuse client initialized without public_key. Client will be disabled. Provide a public_key parameter or set LANGFUSE_PUBLIC_KEY environment variable. 
{"node": "retrieve", "query_len": 48, "event": "start", "query_preview": "What was NVIDIA's Gaming revenue in fiscal 2026?", "correlation_id": "01KTX263237SS7QMZRRD2G4S52", "level": "info", "timestamp": "2026-06-12T04:41:59.620427Z"}
{"query_len": 48, "k": 50, "event": "hybrid.start", "query_preview": "What was NVIDIA's Gaming revenue in fiscal 2026?", "correlation_id": "01KTX263237SS7QMZRRD2G4S52", "level": "info", "timestamp": "2026-06-12T04:41:59.620463Z"}
{"query_len": 48, "k": 50, "dense": 50, "bm25": 0, "fused": 50, "term": false, "event": "hybrid.done", "query_preview": "What was NVIDIA's Gaming revenue in fiscal 2026?", "correlation_id": "01KTX263237SS7QMZRRD2G4S52", "level": "info", "timestamp": "2026-06-12T04:41:59.701213Z"}
{"node": "retrieve", "candidate_count": 50, "event": "done", "query_preview": "What was NVIDIA's Gaming revenue in fiscal 2026?", "correlation_id": "01KTX263237SS7QMZRRD2G4S52", "level": "info", "timestamp": "2026-06-12T04:41:59.702345Z"}
{"node": "expand_graph", "reason": "disabled_or_empty", "event": "skip", "query_preview": "What was NVIDIA's Gaming revenue in fiscal 2026?", "correlation_id": "01KTX263237SS7QMZRRD2G4S52", "level": "info", "timestamp": "2026-06-12T04:41:59.704095Z"}
{"node": "rerank", "candidate_count": 50, "event": "start", "query_preview": "What was NVIDIA's Gaming revenue in fiscal 2026?", "correlation_id": "01KTX263237SS7QMZRRD2G4S52", "level": "info", "timestamp": "2026-06-12T04:41:59.704643Z"}
{"node": "rerank", "top_k": 5, "source": "mode", "event": "top_k_resolved", "query_preview": "What was NVIDIA's Gaming revenue in fiscal 2026?", "correlation_id": "01KTX263237SS7QMZRRD2G4S52", "level": "info", "timestamp": "2026-06-12T04:41:59.704694Z"}
{"candidates": 50, "top_k": 5, "backend": "cross_encoder", "event": "rerank.start", "query_preview": "What was NVIDIA's Gaming revenue in fiscal 2026?", "correlation_id": "01KTX263237SS7QMZRRD2G4S52", "level": "info", "timestamp": "2026-06-12T04:41:59.704719Z"}
{"candidates": 50, "top_k": 5, "backend": "cross_encoder", "returned": 5, "event": "rerank.done", "query_preview": "What was NVIDIA's Gaming revenue in fiscal 2026?", "correlation_id": "01KTX263237SS7QMZRRD2G4S52", "level": "info", "timestamp": "2026-06-12T04:43:12.608793Z"}
{"node": "rerank", "reranked_count": 5, "event": "done", "query_preview": "What was NVIDIA's Gaming revenue in fiscal 2026?", "correlation_id": "01KTX263237SS7QMZRRD2G4S52", "level": "info", "timestamp": "2026-06-12T04:43:12.608901Z"}
{"node": "query_tables", "reason": "empty_or_not_table_shaped", "event": "skip", "query_preview": "What was NVIDIA's Gaming revenue in fiscal 2026?", "correlation_id": "01KTX263237SS7QMZRRD2G4S52", "level": "info", "timestamp": "2026-06-12T04:43:12.610923Z"}
{"node": "assess", "reranked_count": 5, "event": "start", "query_preview": "What was NVIDIA's Gaming revenue in fiscal 2026?", "correlation_id": "01KTX263237SS7QMZRRD2G4S52", "level": "info", "timestamp": "2026-06-12T04:43:12.611717Z"}
{"prompt_tag": "assess_sufficiency@v4", "schema": "SufficiencyAssessment", "model": "cyankiwi/Qwen3.5-4B-AWQ-4bit", "max_tokens": 1024, "temperature": 0.1, "top_p": 0.8, "presence_penalty": 1.0, "seed": 42, "message_count": 1, "event": "model_call.start", "query_preview": "What was NVIDIA's Gaming revenue in fiscal 2026?", "correlation_id": "01KTX263237SS7QMZRRD2G4S52", "level": "info", "timestamp": "2026-06-12T04:43:12.613782Z"}
Authentication error: Langfuse client initialized without public_key. Client will be disabled. Provide a public_key parameter or set LANGFUSE_PUBLIC_KEY environment variable. 
{"prompt_tag": "assess_sufficiency@v4", "schema": "SufficiencyAssessment", "tokens": 2994, "event": "model_call.done", "query_preview": "What was NVIDIA's Gaming revenue in fiscal 2026?", "correlation_id": "01KTX263237SS7QMZRRD2G4S52", "level": "info", "timestamp": "2026-06-12T04:43:13.763204Z"}
{"node": "answer", "regenerate_attempt": 0, "event": "start", "query_preview": "What was NVIDIA's Gaming revenue in fiscal 2026?", "correlation_id": "01KTX263237SS7QMZRRD2G4S52", "level": "info", "timestamp": "2026-06-12T04:43:13.764472Z"}
{"prompt_tag": "answer@v5", "schema": "DraftAnswer", "model": "cyankiwi/Qwen3.5-4B-AWQ-4bit", "max_tokens": 1800, "temperature": 0.1, "top_p": 0.8, "presence_penalty": 1.0, "seed": 42, "message_count": 2, "event": "model_call.start", "query_preview": "What was NVIDIA's Gaming revenue in fiscal 2026?", "correlation_id": "01KTX263237SS7QMZRRD2G4S52", "level": "info", "timestamp": "2026-06-12T04:43:13.766605Z"}
Authentication error: Langfuse client initialized without public_key. Client will be disabled. Provide a public_key parameter or set LANGFUSE_PUBLIC_KEY environment variable. 
{"prompt_tag": "answer@v5", "schema": "DraftAnswer", "tokens": 4602, "event": "model_call.done", "query_preview": "What was NVIDIA's Gaming revenue in fiscal 2026?", "correlation_id": "01KTX263237SS7QMZRRD2G4S52", "level": "info", "timestamp": "2026-06-12T04:43:15.311267Z"}
{"node": "answer", "original": "NVIDIA's Gaming revenue in fiscal 2026 was $16,042 million according to the provided financial report.", "event": "answer.summary_scope_rebuilt", "query_preview": "What was NVIDIA's Gaming revenue in fiscal 2026?", "correlation_id": "01KTX263237SS7QMZRRD2G4S52", "level": "info", "timestamp": "2026-06-12T04:43:15.311358Z"}
{"node": "verify", "claim_count": 1, "event": "start", "query_preview": "What was NVIDIA's Gaming revenue in fiscal 2026?", "correlation_id": "01KTX263237SS7QMZRRD2G4S52", "level": "info", "timestamp": "2026-06-12T04:43:15.312238Z"}
{"prompt_tag": "verify_grounding@v2", "schema": "VerificationResult", "model": "cyankiwi/Qwen3.5-4B-AWQ-4bit", "max_tokens": 1024, "temperature": 0.1, "top_p": 0.8, "presence_penalty": 1.0, "seed": 42, "message_count": 1, "event": "model_call.start", "query_preview": "What was NVIDIA's Gaming revenue in fiscal 2026?", "correlation_id": "01KTX263237SS7QMZRRD2G4S52", "level": "info", "timestamp": "2026-06-12T04:43:15.315370Z"}
Authentication error: Langfuse client initialized without public_key. Client will be disabled. Provide a public_key parameter or set LANGFUSE_PUBLIC_KEY environment variable. 
{"prompt_tag": "verify_grounding@v2", "schema": "VerificationResult", "tokens": 2879, "event": "model_call.done", "query_preview": "What was NVIDIA's Gaming revenue in fiscal 2026?", "correlation_id": "01KTX263237SS7QMZRRD2G4S52", "level": "info", "timestamp": "2026-06-12T04:43:15.936344Z"}
{"node": "assess_relevance", "event": "start", "query_preview": "What was NVIDIA's Gaming revenue in fiscal 2026?", "correlation_id": "01KTX263237SS7QMZRRD2G4S52", "level": "info", "timestamp": "2026-06-12T04:43:15.937709Z"}
{"node": "assess_relevance", "event": "relevance.scope_rebuilt_refuse", "query_preview": "What was NVIDIA's Gaming revenue in fiscal 2026?", "correlation_id": "01KTX263237SS7QMZRRD2G4S52", "level": "info", "timestamp": "2026-06-12T04:43:15.937742Z"}
{"node": "refuse", "event": "start", "query_preview": "What was NVIDIA's Gaming revenue in fiscal 2026?", "correlation_id": "01KTX263237SS7QMZRRD2G4S52", "level": "info", "timestamp": "2026-06-12T04:43:15.938517Z"}
Authentication error: Langfuse client initialized without public_key. Client will be disabled. Provide a public_key parameter or set LANGFUSE_PUBLIC_KEY environment variable. 
{"node": "retrieve", "query_len": 101, "event": "start", "query_preview": "What was the total amount of fees earned or paid in cash to all of NVIDIA's dire", "correlation_id": "01KTX28DK2MDY60R3FG9S280TQ", "level": "info", "timestamp": "2026-06-12T04:43:15.939897Z"}
{"query_len": 101, "k": 50, "event": "hybrid.start", "query_preview": "What was the total amount of fees earned or paid in cash to all of NVIDIA's dire", "correlation_id": "01KTX28DK2MDY60R3FG9S280TQ", "level": "info", "timestamp": "2026-06-12T04:43:15.939930Z"}
{"query_len": 101, "k": 50, "dense": 50, "bm25": 0, "fused": 50, "term": false, "event": "hybrid.done", "query_preview": "What was the total amount of fees earned or paid in cash to all of NVIDIA's dire", "correlation_id": "01KTX28DK2MDY60R3FG9S280TQ", "level": "info", "timestamp": "2026-06-12T04:43:16.013511Z"}
{"node": "retrieve", "candidate_count": 50, "event": "done", "query_preview": "What was the total amount of fees earned or paid in cash to all of NVIDIA's dire", "correlation_id": "01KTX28DK2MDY60R3FG9S280TQ", "level": "info", "timestamp": "2026-06-12T04:43:16.014469Z"}
{"node": "expand_graph", "reason": "disabled_or_empty", "event": "skip", "query_preview": "What was the total amount of fees earned or paid in cash to all of NVIDIA's dire", "correlation_id": "01KTX28DK2MDY60R3FG9S280TQ", "level": "info", "timestamp": "2026-06-12T04:43:16.016034Z"}
{"node": "rerank", "candidate_count": 50, "event": "start", "query_preview": "What was the total amount of fees earned or paid in cash to all of NVIDIA's dire", "correlation_id": "01KTX28DK2MDY60R3FG9S280TQ", "level": "info", "timestamp": "2026-06-12T04:43:16.016512Z"}
{"node": "rerank", "top_k": 5, "source": "mode", "event": "top_k_resolved", "query_preview": "What was the total amount of fees earned or paid in cash to all of NVIDIA's dire", "correlation_id": "01KTX28DK2MDY60R3FG9S280TQ", "level": "info", "timestamp": "2026-06-12T04:43:16.016559Z"}
{"candidates": 50, "top_k": 5, "backend": "cross_encoder", "event": "rerank.start", "query_preview": "What was the total amount of fees earned or paid in cash to all of NVIDIA's dire", "correlation_id": "01KTX28DK2MDY60R3FG9S280TQ", "level": "info", "timestamp": "2026-06-12T04:43:16.016584Z"}
{"candidates": 50, "top_k": 5, "backend": "cross_encoder", "returned": 5, "event": "rerank.done", "query_preview": "What was the total amount of fees earned or paid in cash to all of NVIDIA's dire", "correlation_id": "01KTX28DK2MDY60R3FG9S280TQ", "level": "info", "timestamp": "2026-06-12T04:44:30.513519Z"}
{"node": "rerank", "reranked_count": 5, "event": "done", "query_preview": "What was the total amount of fees earned or paid in cash to all of NVIDIA's dire", "correlation_id": "01KTX28DK2MDY60R3FG9S280TQ", "level": "info", "timestamp": "2026-06-12T04:44:30.513628Z"}
{"prompt_tag": "generate_table_sql@v1", "schema": "GeneratedSQL", "model": "cyankiwi/Qwen3.5-4B-AWQ-4bit", "max_tokens": 1024, "temperature": 0.1, "top_p": 0.8, "presence_penalty": 1.0, "seed": 42, "message_count": 1, "event": "model_call.start", "query_preview": "What was the total amount of fees earned or paid in cash to all of NVIDIA's dire", "correlation_id": "01KTX28DK2MDY60R3FG9S280TQ", "level": "info", "timestamp": "2026-06-12T04:44:30.522757Z"}
Authentication error: Langfuse client initialized without public_key. Client will be disabled. Provide a public_key parameter or set LANGFUSE_PUBLIC_KEY environment variable. 
{"prompt_tag": "generate_table_sql@v1", "schema": "GeneratedSQL", "tokens": 3414, "event": "model_call.done", "query_preview": "What was the total amount of fees earned or paid in cash to all of NVIDIA's dire", "correlation_id": "01KTX28DK2MDY60R3FG9S280TQ", "level": "info", "timestamp": "2026-06-12T04:44:31.678384Z"}
{"node": "query_doc_tables", "sql": "SELECT SUM(fees_earned_or_paid_in_cash__num) FROM c_4c58c39e1e", "target": "c_4c58c39e1e", "event": "table_sql.generated", "query_preview": "What was the total amount of fees earned or paid in cash to all of NVIDIA's dire", "correlation_id": "01KTX28DK2MDY60R3FG9S280TQ", "level": "info", "timestamp": "2026-06-12T04:44:31.678446Z"}
{"node": "query_doc_tables", "kind": "aggregate", "target": "4c58c39e1e", "event": "table_sql.result", "query_preview": "What was the total amount of fees earned or paid in cash to all of NVIDIA's dire", "correlation_id": "01KTX28DK2MDY60R3FG9S280TQ", "level": "info", "timestamp": "2026-06-12T04:44:31.679900Z"}
{"node": "query_tables", "kind": "aggregate", "chunk_id": "0e725ba0-2026-annual-report-web#sql0001", "event": "injected", "query_preview": "What was the total amount of fees earned or paid in cash to all of NVIDIA's dire", "correlation_id": "01KTX28DK2MDY60R3FG9S280TQ", "level": "info", "timestamp": "2026-06-12T04:44:31.680308Z"}
{"node": "assess", "reranked_count": 6, "event": "start", "query_preview": "What was the total amount of fees earned or paid in cash to all of NVIDIA's dire", "correlation_id": "01KTX28DK2MDY60R3FG9S280TQ", "level": "info", "timestamp": "2026-06-12T04:44:31.681092Z"}
{"prompt_tag": "assess_sufficiency@v4", "schema": "SufficiencyAssessment", "model": "cyankiwi/Qwen3.5-4B-AWQ-4bit", "max_tokens": 1024, "temperature": 0.1, "top_p": 0.8, "presence_penalty": 1.0, "seed": 42, "message_count": 1, "event": "model_call.start", "query_preview": "What was the total amount of fees earned or paid in cash to all of NVIDIA's dire", "correlation_id": "01KTX28DK2MDY60R3FG9S280TQ", "level": "info", "timestamp": "2026-06-12T04:44:31.682425Z"}
Authentication error: Langfuse client initialized without public_key. Client will be disabled. Provide a public_key parameter or set LANGFUSE_PUBLIC_KEY environment variable. 
{"prompt_tag": "assess_sufficiency@v4", "schema": "SufficiencyAssessment", "tokens": 2905, "event": "model_call.done", "query_preview": "What was the total amount of fees earned or paid in cash to all of NVIDIA's dire", "correlation_id": "01KTX28DK2MDY60R3FG9S280TQ", "level": "info", "timestamp": "2026-06-12T04:44:32.737883Z"}
{"node": "answer", "regenerate_attempt": 0, "event": "start", "query_preview": "What was the total amount of fees earned or paid in cash to all of NVIDIA's dire", "correlation_id": "01KTX28DK2MDY60R3FG9S280TQ", "level": "info", "timestamp": "2026-06-12T04:44:32.739212Z"}
{"prompt_tag": "answer@v5", "schema": "DraftAnswer", "model": "cyankiwi/Qwen3.5-4B-AWQ-4bit", "max_tokens": 1800, "temperature": 0.1, "top_p": 0.8, "presence_penalty": 1.0, "seed": 42, "message_count": 2, "event": "model_call.start", "query_preview": "What was the total amount of fees earned or paid in cash to all of NVIDIA's dire", "correlation_id": "01KTX28DK2MDY60R3FG9S280TQ", "level": "info", "timestamp": "2026-06-12T04:44:32.741352Z"}
Authentication error: Langfuse client initialized without public_key. Client will be disabled. Provide a public_key parameter or set LANGFUSE_PUBLIC_KEY environment variable. 
{"prompt_tag": "answer@v5", "schema": "DraftAnswer", "tokens": 4541, "event": "model_call.done", "query_preview": "What was the total amount of fees earned or paid in cash to all of NVIDIA's dire", "correlation_id": "01KTX28DK2MDY60R3FG9S280TQ", "level": "info", "timestamp": "2026-06-12T04:44:34.489569Z"}
{"node": "verify", "claim_count": 1, "event": "start", "query_preview": "What was the total amount of fees earned or paid in cash to all of NVIDIA's dire", "correlation_id": "01KTX28DK2MDY60R3FG9S280TQ", "level": "info", "timestamp": "2026-06-12T04:44:34.490383Z"}
{"prompt_tag": "verify_grounding@v2", "schema": "VerificationResult", "model": "cyankiwi/Qwen3.5-4B-AWQ-4bit", "max_tokens": 1024, "temperature": 0.1, "top_p": 0.8, "presence_penalty": 1.0, "seed": 42, "message_count": 1, "event": "model_call.start", "query_preview": "What was the total amount of fees earned or paid in cash to all of NVIDIA's dire", "correlation_id": "01KTX28DK2MDY60R3FG9S280TQ", "level": "info", "timestamp": "2026-06-12T04:44:34.493531Z"}
Authentication error: Langfuse client initialized without public_key. Client will be disabled. Provide a public_key parameter or set LANGFUSE_PUBLIC_KEY environment variable. 
{"prompt_tag": "verify_grounding@v2", "schema": "VerificationResult", "tokens": 2480, "event": "model_call.done", "query_preview": "What was the total amount of fees earned or paid in cash to all of NVIDIA's dire", "correlation_id": "01KTX28DK2MDY60R3FG9S280TQ", "level": "info", "timestamp": "2026-06-12T04:44:35.057821Z"}
{"node": "assess_relevance", "event": "start", "query_preview": "What was the total amount of fees earned or paid in cash to all of NVIDIA's dire", "correlation_id": "01KTX28DK2MDY60R3FG9S280TQ", "level": "info", "timestamp": "2026-06-12T04:44:35.058978Z"}
{"prompt_tag": "assess_relevance@v3", "schema": "RelevanceAssessment", "model": "cyankiwi/Qwen3.5-4B-AWQ-4bit", "max_tokens": 1024, "temperature": 0.1, "top_p": 0.8, "presence_penalty": 1.0, "seed": 42, "message_count": 1, "event": "model_call.start", "query_preview": "What was the total amount of fees earned or paid in cash to all of NVIDIA's dire", "correlation_id": "01KTX28DK2MDY60R3FG9S280TQ", "level": "info", "timestamp": "2026-06-12T04:44:35.059946Z"}
Authentication error: Langfuse client initialized without public_key. Client will be disabled. Provide a public_key parameter or set LANGFUSE_PUBLIC_KEY environment variable. 
{"prompt_tag": "assess_relevance@v3", "schema": "RelevanceAssessment", "tokens": 892, "event": "model_call.done", "query_preview": "What was the total amount of fees earned or paid in cash to all of NVIDIA's dire", "correlation_id": "01KTX28DK2MDY60R3FG9S280TQ", "level": "info", "timestamp": "2026-06-12T04:44:35.603804Z"}
{"node": "assess_relevance", "responsive": true, "event": "relevance", "query_preview": "What was the total amount of fees earned or paid in cash to all of NVIDIA's dire", "correlation_id": "01KTX28DK2MDY60R3FG9S280TQ", "level": "info", "timestamp": "2026-06-12T04:44:35.603870Z"}
{"node": "compose", "event": "start", "query_preview": "What was the total amount of fees earned or paid in cash to all of NVIDIA's dire", "correlation_id": "01KTX28DK2MDY60R3FG9S280TQ", "level": "info", "timestamp": "2026-06-12T04:44:35.605099Z"}
Authentication error: Langfuse client initialized without public_key. Client will be disabled. Provide a public_key parameter or set LANGFUSE_PUBLIC_KEY environment variable. 
{"node": "retrieve", "query_len": 76, "event": "start", "query_preview": "Which NVIDIA director received the lowest total compensation in fiscal 2026?", "correlation_id": "01KTX2AVCN8VCXN5A3RTW62VHV", "level": "info", "timestamp": "2026-06-12T04:44:35.606577Z"}
{"query_len": 76, "k": 50, "event": "hybrid.start", "query_preview": "Which NVIDIA director received the lowest total compensation in fiscal 2026?", "correlation_id": "01KTX2AVCN8VCXN5A3RTW62VHV", "level": "info", "timestamp": "2026-06-12T04:44:35.606613Z"}
{"query_len": 76, "k": 50, "dense": 50, "bm25": 0, "fused": 50, "term": false, "event": "hybrid.done", "query_preview": "Which NVIDIA director received the lowest total compensation in fiscal 2026?", "correlation_id": "01KTX2AVCN8VCXN5A3RTW62VHV", "level": "info", "timestamp": "2026-06-12T04:44:35.687087Z"}
{"node": "retrieve", "candidate_count": 50, "event": "done", "query_preview": "Which NVIDIA director received the lowest total compensation in fiscal 2026?", "correlation_id": "01KTX2AVCN8VCXN5A3RTW62VHV", "level": "info", "timestamp": "2026-06-12T04:44:35.688191Z"}
{"node": "expand_graph", "reason": "disabled_or_empty", "event": "skip", "query_preview": "Which NVIDIA director received the lowest total compensation in fiscal 2026?", "correlation_id": "01KTX2AVCN8VCXN5A3RTW62VHV", "level": "info", "timestamp": "2026-06-12T04:44:35.689584Z"}
{"node": "rerank", "candidate_count": 50, "event": "start", "query_preview": "Which NVIDIA director received the lowest total compensation in fiscal 2026?", "correlation_id": "01KTX2AVCN8VCXN5A3RTW62VHV", "level": "info", "timestamp": "2026-06-12T04:44:35.690102Z"}
{"node": "rerank", "top_k": 5, "source": "mode", "event": "top_k_resolved", "query_preview": "Which NVIDIA director received the lowest total compensation in fiscal 2026?", "correlation_id": "01KTX2AVCN8VCXN5A3RTW62VHV", "level": "info", "timestamp": "2026-06-12T04:44:35.690154Z"}
{"candidates": 50, "top_k": 5, "backend": "cross_encoder", "event": "rerank.start", "query_preview": "Which NVIDIA director received the lowest total compensation in fiscal 2026?", "correlation_id": "01KTX2AVCN8VCXN5A3RTW62VHV", "level": "info", "timestamp": "2026-06-12T04:44:35.690192Z"}
{"candidates": 50, "top_k": 5, "backend": "cross_encoder", "returned": 5, "event": "rerank.done", "query_preview": "Which NVIDIA director received the lowest total compensation in fiscal 2026?", "correlation_id": "01KTX2AVCN8VCXN5A3RTW62VHV", "level": "info", "timestamp": "2026-06-12T04:46:05.708919Z"}
{"node": "rerank", "reranked_count": 5, "event": "done", "query_preview": "Which NVIDIA director received the lowest total compensation in fiscal 2026?", "correlation_id": "01KTX2AVCN8VCXN5A3RTW62VHV", "level": "info", "timestamp": "2026-06-12T04:46:05.709026Z"}
{"prompt_tag": "generate_table_sql@v1", "schema": "GeneratedSQL", "model": "cyankiwi/Qwen3.5-4B-AWQ-4bit", "max_tokens": 1024, "temperature": 0.1, "top_p": 0.8, "presence_penalty": 1.0, "seed": 42, "message_count": 1, "event": "model_call.start", "query_preview": "Which NVIDIA director received the lowest total compensation in fiscal 2026?", "correlation_id": "01KTX2AVCN8VCXN5A3RTW62VHV", "level": "info", "timestamp": "2026-06-12T04:46:05.718843Z"}
Authentication error: Langfuse client initialized without public_key. Client will be disabled. Provide a public_key parameter or set LANGFUSE_PUBLIC_KEY environment variable. 
{"prompt_tag": "generate_table_sql@v1", "schema": "GeneratedSQL", "tokens": 3577, "event": "model_call.done", "query_preview": "Which NVIDIA director received the lowest total compensation in fiscal 2026?", "correlation_id": "01KTX2AVCN8VCXN5A3RTW62VHV", "level": "info", "timestamp": "2026-06-12T04:46:06.904303Z"}
{"node": "query_doc_tables", "sql": "SELECT * FROM c_4c58c39e1e ORDER BY total__num ASC LIMIT 1", "target": "c_4c58c39e1e", "event": "table_sql.generated", "query_preview": "Which NVIDIA director received the lowest total compensation in fiscal 2026?", "correlation_id": "01KTX2AVCN8VCXN5A3RTW62VHV", "level": "info", "timestamp": "2026-06-12T04:46:06.904369Z"}
{"node": "query_doc_tables", "kind": "rows", "target": "4c58c39e1e", "event": "table_sql.result", "query_preview": "Which NVIDIA director received the lowest total compensation in fiscal 2026?", "correlation_id": "01KTX2AVCN8VCXN5A3RTW62VHV", "level": "info", "timestamp": "2026-06-12T04:46:06.905436Z"}
{"node": "query_tables", "kind": "rows", "chunk_id": "0e725ba0-2026-annual-report-web#sql0001", "event": "injected", "query_preview": "Which NVIDIA director received the lowest total compensation in fiscal 2026?", "correlation_id": "01KTX2AVCN8VCXN5A3RTW62VHV", "level": "info", "timestamp": "2026-06-12T04:46:06.905735Z"}
{"node": "assess", "reranked_count": 6, "event": "start", "query_preview": "Which NVIDIA director received the lowest total compensation in fiscal 2026?", "correlation_id": "01KTX2AVCN8VCXN5A3RTW62VHV", "level": "info", "timestamp": "2026-06-12T04:46:06.906537Z"}
{"prompt_tag": "assess_sufficiency@v4", "schema": "SufficiencyAssessment", "model": "cyankiwi/Qwen3.5-4B-AWQ-4bit", "max_tokens": 1024, "temperature": 0.1, "top_p": 0.8, "presence_penalty": 1.0, "seed": 42, "message_count": 1, "event": "model_call.start", "query_preview": "Which NVIDIA director received the lowest total compensation in fiscal 2026?", "correlation_id": "01KTX2AVCN8VCXN5A3RTW62VHV", "level": "info", "timestamp": "2026-06-12T04:46:06.907894Z"}
Authentication error: Langfuse client initialized without public_key. Client will be disabled. Provide a public_key parameter or set LANGFUSE_PUBLIC_KEY environment variable. 
{"prompt_tag": "assess_sufficiency@v4", "schema": "SufficiencyAssessment", "tokens": 4140, "event": "model_call.done", "query_preview": "Which NVIDIA director received the lowest total compensation in fiscal 2026?", "correlation_id": "01KTX2AVCN8VCXN5A3RTW62VHV", "level": "info", "timestamp": "2026-06-12T04:46:08.083322Z"}
{"node": "answer", "regenerate_attempt": 0, "event": "start", "query_preview": "Which NVIDIA director received the lowest total compensation in fiscal 2026?", "correlation_id": "01KTX2AVCN8VCXN5A3RTW62VHV", "level": "info", "timestamp": "2026-06-12T04:46:08.084874Z"}
{"prompt_tag": "answer@v5", "schema": "DraftAnswer", "model": "cyankiwi/Qwen3.5-4B-AWQ-4bit", "max_tokens": 1800, "temperature": 0.1, "top_p": 0.8, "presence_penalty": 1.0, "seed": 42, "message_count": 2, "event": "model_call.start", "query_preview": "Which NVIDIA director received the lowest total compensation in fiscal 2026?", "correlation_id": "01KTX2AVCN8VCXN5A3RTW62VHV", "level": "info", "timestamp": "2026-06-12T04:46:08.087708Z"}
Authentication error: Langfuse client initialized without public_key. Client will be disabled. Provide a public_key parameter or set LANGFUSE_PUBLIC_KEY environment variable. 
{"prompt_tag": "answer@v5", "schema": "DraftAnswer", "tokens": 5773, "event": "model_call.done", "query_preview": "Which NVIDIA director received the lowest total compensation in fiscal 2026?", "correlation_id": "01KTX2AVCN8VCXN5A3RTW62VHV", "level": "info", "timestamp": "2026-06-12T04:46:09.939565Z"}
{"node": "answer", "original": "The chunks contain a table showing director compensation for Fiscal 2026, with Ellen Ochoa having the lowest total compe", "event": "answer.summary_scope_rebuilt", "query_preview": "Which NVIDIA director received the lowest total compensation in fiscal 2026?", "correlation_id": "01KTX2AVCN8VCXN5A3RTW62VHV", "level": "info", "timestamp": "2026-06-12T04:46:09.939640Z"}
{"node": "answer", "exact": 0, "suffix": 0, "fuzzy": 1, "unresolved": 0, "event": "chunk_id_repair", "query_preview": "Which NVIDIA director received the lowest total compensation in fiscal 2026?", "correlation_id": "01KTX2AVCN8VCXN5A3RTW62VHV", "level": "info", "timestamp": "2026-06-12T04:46:09.939733Z"}
{"node": "verify", "claim_count": 1, "event": "start", "query_preview": "Which NVIDIA director received the lowest total compensation in fiscal 2026?", "correlation_id": "01KTX2AVCN8VCXN5A3RTW62VHV", "level": "info", "timestamp": "2026-06-12T04:46:09.940486Z"}
{"prompt_tag": "verify_grounding@v2", "schema": "VerificationResult", "model": "cyankiwi/Qwen3.5-4B-AWQ-4bit", "max_tokens": 1024, "temperature": 0.1, "top_p": 0.8, "presence_penalty": 1.0, "seed": 42, "message_count": 1, "event": "model_call.start", "query_preview": "Which NVIDIA director received the lowest total compensation in fiscal 2026?", "correlation_id": "01KTX2AVCN8VCXN5A3RTW62VHV", "level": "info", "timestamp": "2026-06-12T04:46:09.943728Z"}
Authentication error: Langfuse client initialized without public_key. Client will be disabled. Provide a public_key parameter or set LANGFUSE_PUBLIC_KEY environment variable. 
{"prompt_tag": "verify_grounding@v2", "schema": "VerificationResult", "tokens": 3774, "event": "model_call.done", "query_preview": "Which NVIDIA director received the lowest total compensation in fiscal 2026?", "correlation_id": "01KTX2AVCN8VCXN5A3RTW62VHV", "level": "info", "timestamp": "2026-06-12T04:46:10.709876Z"}
{"node": "assess_relevance", "event": "start", "query_preview": "Which NVIDIA director received the lowest total compensation in fiscal 2026?", "correlation_id": "01KTX2AVCN8VCXN5A3RTW62VHV", "level": "info", "timestamp": "2026-06-12T04:46:10.711466Z"}
{"node": "assess_relevance", "event": "relevance.scope_rebuilt_refuse", "query_preview": "Which NVIDIA director received the lowest total compensation in fiscal 2026?", "correlation_id": "01KTX2AVCN8VCXN5A3RTW62VHV", "level": "info", "timestamp": "2026-06-12T04:46:10.711503Z"}
{"node": "refuse", "event": "start", "query_preview": "Which NVIDIA director received the lowest total compensation in fiscal 2026?", "correlation_id": "01KTX2AVCN8VCXN5A3RTW62VHV", "level": "info", "timestamp": "2026-06-12T04:46:10.712450Z"}
Authentication error: Langfuse client initialized without public_key. Client will be disabled. Provide a public_key parameter or set LANGFUSE_PUBLIC_KEY environment variable. 
{"node": "retrieve", "query_len": 130, "event": "start", "query_preview": "According to the fiscal 2026 director compensation table, what was the total val", "correlation_id": "01KTX2DR8RZ8TEHV3H04SE2T72", "level": "info", "timestamp": "2026-06-12T04:46:10.713818Z"}
{"query_len": 130, "k": 50, "event": "hybrid.start", "query_preview": "According to the fiscal 2026 director compensation table, what was the total val", "correlation_id": "01KTX2DR8RZ8TEHV3H04SE2T72", "level": "info", "timestamp": "2026-06-12T04:46:10.713860Z"}
{"query_len": 130, "k": 50, "dense": 50, "bm25": 0, "fused": 50, "term": false, "event": "hybrid.done", "query_preview": "According to the fiscal 2026 director compensation table, what was the total val", "correlation_id": "01KTX2DR8RZ8TEHV3H04SE2T72", "level": "info", "timestamp": "2026-06-12T04:46:10.790167Z"}
{"node": "retrieve", "candidate_count": 50, "event": "done", "query_preview": "According to the fiscal 2026 director compensation table, what was the total val", "correlation_id": "01KTX2DR8RZ8TEHV3H04SE2T72", "level": "info", "timestamp": "2026-06-12T04:46:10.791238Z"}
{"node": "expand_graph", "reason": "disabled_or_empty", "event": "skip", "query_preview": "According to the fiscal 2026 director compensation table, what was the total val", "correlation_id": "01KTX2DR8RZ8TEHV3H04SE2T72", "level": "info", "timestamp": "2026-06-12T04:46:10.792685Z"}
{"node": "rerank", "candidate_count": 50, "event": "start", "query_preview": "According to the fiscal 2026 director compensation table, what was the total val", "correlation_id": "01KTX2DR8RZ8TEHV3H04SE2T72", "level": "info", "timestamp": "2026-06-12T04:46:10.793240Z"}
{"node": "rerank", "top_k": 5, "source": "mode", "event": "top_k_resolved", "query_preview": "According to the fiscal 2026 director compensation table, what was the total val", "correlation_id": "01KTX2DR8RZ8TEHV3H04SE2T72", "level": "info", "timestamp": "2026-06-12T04:46:10.793291Z"}
{"candidates": 50, "top_k": 5, "backend": "cross_encoder", "event": "rerank.start", "query_preview": "According to the fiscal 2026 director compensation table, what was the total val", "correlation_id": "01KTX2DR8RZ8TEHV3H04SE2T72", "level": "info", "timestamp": "2026-06-12T04:46:10.793324Z"}
{"candidates": 50, "top_k": 5, "backend": "cross_encoder", "returned": 5, "event": "rerank.done", "query_preview": "According to the fiscal 2026 director compensation table, what was the total val", "correlation_id": "01KTX2DR8RZ8TEHV3H04SE2T72", "level": "info", "timestamp": "2026-06-12T04:47:33.911877Z"}
{"node": "rerank", "reranked_count": 5, "event": "done", "query_preview": "According to the fiscal 2026 director compensation table, what was the total val", "correlation_id": "01KTX2DR8RZ8TEHV3H04SE2T72", "level": "info", "timestamp": "2026-06-12T04:47:33.911983Z"}
{"prompt_tag": "generate_table_sql@v1", "schema": "GeneratedSQL", "model": "cyankiwi/Qwen3.5-4B-AWQ-4bit", "max_tokens": 1024, "temperature": 0.1, "top_p": 0.8, "presence_penalty": 1.0, "seed": 42, "message_count": 1, "event": "model_call.start", "query_preview": "According to the fiscal 2026 director compensation table, what was the total val", "correlation_id": "01KTX2DR8RZ8TEHV3H04SE2T72", "level": "info", "timestamp": "2026-06-12T04:47:33.920311Z"}
Authentication error: Langfuse client initialized without public_key. Client will be disabled. Provide a public_key parameter or set LANGFUSE_PUBLIC_KEY environment variable. 
{"prompt_tag": "generate_table_sql@v1", "schema": "GeneratedSQL", "tokens": 3682, "event": "model_call.done", "query_preview": "According to the fiscal 2026 director compensation table, what was the total val", "correlation_id": "01KTX2DR8RZ8TEHV3H04SE2T72", "level": "info", "timestamp": "2026-06-12T04:47:35.061742Z"}
{"node": "query_doc_tables", "sql": "SELECT SUM(stock_awards_1__num) FROM c_4c58c39e1e", "target": "c_4c58c39e1e", "event": "table_sql.generated", "query_preview": "According to the fiscal 2026 director compensation table, what was the total val", "correlation_id": "01KTX2DR8RZ8TEHV3H04SE2T72", "level": "info", "timestamp": "2026-06-12T04:47:35.061796Z"}
{"node": "query_doc_tables", "column": "Stock Awards ($) (1)", "target": "4c58c39e1e", "event": "table_sql.aggregate_column_ungrounded", "query_preview": "According to the fiscal 2026 director compensation table, what was the total val", "correlation_id": "01KTX2DR8RZ8TEHV3H04SE2T72", "level": "info", "timestamp": "2026-06-12T04:47:35.062626Z"}
{"node": "query_doc_tables", "target": "c_4c58c39e1e", "event": "table_sql.no_result", "query_preview": "According to the fiscal 2026 director compensation table, what was the total val", "correlation_id": "01KTX2DR8RZ8TEHV3H04SE2T72", "level": "info", "timestamp": "2026-06-12T04:47:35.062821Z"}
{"node": "query_tables", "event": "no_table_answer", "query_preview": "According to the fiscal 2026 director compensation table, what was the total val", "correlation_id": "01KTX2DR8RZ8TEHV3H04SE2T72", "level": "info", "timestamp": "2026-06-12T04:47:35.063092Z"}
{"node": "assess", "reranked_count": 5, "event": "start", "query_preview": "According to the fiscal 2026 director compensation table, what was the total val", "correlation_id": "01KTX2DR8RZ8TEHV3H04SE2T72", "level": "info", "timestamp": "2026-06-12T04:47:35.064041Z"}
{"prompt_tag": "assess_sufficiency@v4", "schema": "SufficiencyAssessment", "model": "cyankiwi/Qwen3.5-4B-AWQ-4bit", "max_tokens": 1024, "temperature": 0.1, "top_p": 0.8, "presence_penalty": 1.0, "seed": 42, "message_count": 1, "event": "model_call.start", "query_preview": "According to the fiscal 2026 director compensation table, what was the total val", "correlation_id": "01KTX2DR8RZ8TEHV3H04SE2T72", "level": "info", "timestamp": "2026-06-12T04:47:35.065369Z"}
Authentication error: Langfuse client initialized without public_key. Client will be disabled. Provide a public_key parameter or set LANGFUSE_PUBLIC_KEY environment variable. 
{"prompt_tag": "assess_sufficiency@v4", "schema": "SufficiencyAssessment", "tokens": 4133, "event": "model_call.done", "query_preview": "According to the fiscal 2026 director compensation table, what was the total val", "correlation_id": "01KTX2DR8RZ8TEHV3H04SE2T72", "level": "info", "timestamp": "2026-06-12T04:47:36.187939Z"}
{"node": "refuse", "event": "start", "query_preview": "According to the fiscal 2026 director compensation table, what was the total val", "correlation_id": "01KTX2DR8RZ8TEHV3H04SE2T72", "level": "info", "timestamp": "2026-06-12T04:47:36.189073Z"}
{"query_count": 16, "quick": false, "error_count": 0, "mean_citation_precision": 0.8125, "mean_citation_precision_answered_only": 0.0, "answer_text_checked": 0, "answer_text_correct_count": 0, "mean_answer_mention_recall": null, "event": "eval.done", "level": "info", "timestamp": "2026-06-12T04:47:36.189593Z"}
