{"vault_path": "/home/drei/.memex/vault", "event": "bootstrap", "level": "info", "timestamp": "2026-06-12T05:24:14.879852Z"}
{"estimated_gb": 11.8, "budget_gb": 9.8, "total_gb": 11.6, "gpu": "NVIDIA GeForce RTX 4070", "vlm_counted": false, "co_residence_mode": "manual", "embedder_device": "cpu", "reranker_device": "cpu", "fix": "lower hardware.gpu_memory_fraction, switch to a lighter co-residence mode (MEMEX_MODELS__CO_RESIDENCE_MODE=full puts the reranker on CPU), switch to a smaller VLM variant (vlm_quantization=awq_int4), or reduce the orchestrator quant tier", "event": "vram.budget.tight", "level": "warning", "timestamp": "2026-06-12T05:24:15.783239Z"}
{"component": "bootstrap.gpu", "total_gb": 11.56, "free_gb": 4.38, "holders": ["pid 382037: VLLM::EngineCore (6170 MiB)", "pid 992248: /home/drei/project/Doc_Flo/.venv/bin/python3 (154 MiB)"], "event": "gpu.preflight", "level": "info", "timestamp": "2026-06-12T05:24:15.874418Z"}
{"query_count": 17, "quick": false, "event": "eval.start", "level": "info", "timestamp": "2026-06-12T05:24:15.910754Z"}
Authentication error: Langfuse client initialized without public_key. Client will be disabled. Provide a public_key parameter or set LANGFUSE_PUBLIC_KEY environment variable. 
{"node": "retrieve", "query_len": 70, "event": "start", "correlation_id": "01KTX4KFX6GRF65NRX40NP8WA1", "query_preview": "Quelles architectures de coupe-feu (firewall) le cours pr\u00e9sente-t-il ?", "level": "info", "timestamp": "2026-06-12T05:24:15.936223Z"}
{"query_len": 70, "k": 50, "event": "hybrid.start", "correlation_id": "01KTX4KFX6GRF65NRX40NP8WA1", "query_preview": "Quelles architectures de coupe-feu (firewall) le cours pr\u00e9sente-t-il ?", "level": "info", "timestamp": "2026-06-12T05:24:15.936312Z"}
{"name": "embedder", "event": "model.load.start", "correlation_id": "01KTX4KFX6GRF65NRX40NP8WA1", "query_preview": "Quelles architectures de coupe-feu (firewall) le cours pr\u00e9sente-t-il ?", "level": "info", "timestamp": "2026-06-12T05:24:15.940609Z"}
`torch_dtype` is deprecated! Use `dtype` instead!
{"name": "embedder", "event": "model.load.done", "correlation_id": "01KTX4KFX6GRF65NRX40NP8WA1", "query_preview": "Quelles architectures de coupe-feu (firewall) le cours pr\u00e9sente-t-il ?", "level": "info", "timestamp": "2026-06-12T05:24:20.220755Z"}
{"query_len": 70, "k": 50, "dense": 50, "bm25": 0, "fused": 50, "term": false, "event": "hybrid.done", "correlation_id": "01KTX4KFX6GRF65NRX40NP8WA1", "query_preview": "Quelles architectures de coupe-feu (firewall) le cours pr\u00e9sente-t-il ?", "level": "info", "timestamp": "2026-06-12T05:24:20.378082Z"}
{"node": "retrieve", "candidate_count": 50, "event": "done", "correlation_id": "01KTX4KFX6GRF65NRX40NP8WA1", "query_preview": "Quelles architectures de coupe-feu (firewall) le cours pr\u00e9sente-t-il ?", "level": "info", "timestamp": "2026-06-12T05:24:20.379101Z"}
{"node": "expand_graph", "reason": "disabled_or_empty", "event": "skip", "correlation_id": "01KTX4KFX6GRF65NRX40NP8WA1", "query_preview": "Quelles architectures de coupe-feu (firewall) le cours pr\u00e9sente-t-il ?", "level": "info", "timestamp": "2026-06-12T05:24:20.381099Z"}
{"node": "rerank", "candidate_count": 50, "event": "start", "correlation_id": "01KTX4KFX6GRF65NRX40NP8WA1", "query_preview": "Quelles architectures de coupe-feu (firewall) le cours pr\u00e9sente-t-il ?", "level": "info", "timestamp": "2026-06-12T05:24:20.381625Z"}
{"node": "rerank", "top_k": 5, "source": "mode", "event": "top_k_resolved", "correlation_id": "01KTX4KFX6GRF65NRX40NP8WA1", "query_preview": "Quelles architectures de coupe-feu (firewall) le cours pr\u00e9sente-t-il ?", "level": "info", "timestamp": "2026-06-12T05:24:20.381675Z"}
{"candidates": 50, "top_k": 5, "backend": "cross_encoder", "event": "rerank.start", "correlation_id": "01KTX4KFX6GRF65NRX40NP8WA1", "query_preview": "Quelles architectures de coupe-feu (firewall) le cours pr\u00e9sente-t-il ?", "level": "info", "timestamp": "2026-06-12T05:24:20.381715Z"}
{"name": "reranker", "event": "model.load.start", "correlation_id": "01KTX4KFX6GRF65NRX40NP8WA1", "query_preview": "Quelles architectures de coupe-feu (firewall) le cours pr\u00e9sente-t-il ?", "level": "info", "timestamp": "2026-06-12T05:24:20.381746Z"}
{"name": "reranker", "event": "model.load.done", "correlation_id": "01KTX4KFX6GRF65NRX40NP8WA1", "query_preview": "Quelles architectures de coupe-feu (firewall) le cours pr\u00e9sente-t-il ?", "level": "info", "timestamp": "2026-06-12T05:24:21.765099Z"}
{"candidates": 50, "top_k": 5, "backend": "cross_encoder", "returned": 5, "event": "rerank.done", "correlation_id": "01KTX4KFX6GRF65NRX40NP8WA1", "query_preview": "Quelles architectures de coupe-feu (firewall) le cours pr\u00e9sente-t-il ?", "level": "info", "timestamp": "2026-06-12T05:24:56.865690Z"}
{"node": "rerank", "reranked_count": 5, "event": "done", "correlation_id": "01KTX4KFX6GRF65NRX40NP8WA1", "query_preview": "Quelles architectures de coupe-feu (firewall) le cours pr\u00e9sente-t-il ?", "level": "info", "timestamp": "2026-06-12T05:24:56.865795Z"}
{"node": "query_tables", "reason": "empty_or_not_table_shaped", "event": "skip", "correlation_id": "01KTX4KFX6GRF65NRX40NP8WA1", "query_preview": "Quelles architectures de coupe-feu (firewall) le cours pr\u00e9sente-t-il ?", "level": "info", "timestamp": "2026-06-12T05:24:56.867932Z"}
{"node": "assess", "reranked_count": 5, "event": "start", "correlation_id": "01KTX4KFX6GRF65NRX40NP8WA1", "query_preview": "Quelles architectures de coupe-feu (firewall) le cours pr\u00e9sente-t-il ?", "level": "info", "timestamp": "2026-06-12T05:24:56.868768Z"}
{"prompt_tag": "assess_sufficiency@v4", "schema": "SufficiencyAssessment", "model": "cyankiwi/Qwen3.5-4B-AWQ-4bit", "max_tokens": 1024, "temperature": 0.1, "top_p": 0.8, "presence_penalty": 1.0, "seed": 42, "message_count": 1, "event": "model_call.start", "correlation_id": "01KTX4KFX6GRF65NRX40NP8WA1", "query_preview": "Quelles architectures de coupe-feu (firewall) le cours pr\u00e9sente-t-il ?", "level": "info", "timestamp": "2026-06-12T05:24:56.877082Z"}
Authentication error: Langfuse client initialized without public_key. Client will be disabled. Provide a public_key parameter or set LANGFUSE_PUBLIC_KEY environment variable. 
{"prompt_tag": "assess_sufficiency@v4", "schema": "SufficiencyAssessment", "tokens": 2834, "event": "model_call.done", "correlation_id": "01KTX4KFX6GRF65NRX40NP8WA1", "query_preview": "Quelles architectures de coupe-feu (firewall) le cours pr\u00e9sente-t-il ?", "level": "info", "timestamp": "2026-06-12T05:24:57.870153Z"}
{"node": "answer", "regenerate_attempt": 0, "event": "start", "correlation_id": "01KTX4KFX6GRF65NRX40NP8WA1", "query_preview": "Quelles architectures de coupe-feu (firewall) le cours pr\u00e9sente-t-il ?", "level": "info", "timestamp": "2026-06-12T05:24:57.871903Z"}
{"prompt_tag": "answer@v5", "schema": "DraftAnswer", "model": "cyankiwi/Qwen3.5-4B-AWQ-4bit", "max_tokens": 1800, "temperature": 0.1, "top_p": 0.8, "presence_penalty": 1.0, "seed": 42, "message_count": 2, "event": "model_call.start", "correlation_id": "01KTX4KFX6GRF65NRX40NP8WA1", "query_preview": "Quelles architectures de coupe-feu (firewall) le cours pr\u00e9sente-t-il ?", "level": "info", "timestamp": "2026-06-12T05:24:57.877802Z"}
Authentication error: Langfuse client initialized without public_key. Client will be disabled. Provide a public_key parameter or set LANGFUSE_PUBLIC_KEY environment variable. 
{"prompt_tag": "answer@v5", "schema": "DraftAnswer", "tokens": 4573, "event": "model_call.done", "correlation_id": "01KTX4KFX6GRF65NRX40NP8WA1", "query_preview": "Quelles architectures de coupe-feu (firewall) le cours pr\u00e9sente-t-il ?", "level": "info", "timestamp": "2026-06-12T05:25:00.443443Z"}
{"node": "verify", "claim_count": 2, "event": "start", "correlation_id": "01KTX4KFX6GRF65NRX40NP8WA1", "query_preview": "Quelles architectures de coupe-feu (firewall) le cours pr\u00e9sente-t-il ?", "level": "info", "timestamp": "2026-06-12T05:25:00.444614Z"}
{"prompt_tag": "verify_grounding@v2", "schema": "VerificationResult", "model": "cyankiwi/Qwen3.5-4B-AWQ-4bit", "max_tokens": 1024, "temperature": 0.1, "top_p": 0.8, "presence_penalty": 1.0, "seed": 42, "message_count": 1, "event": "model_call.start", "correlation_id": "01KTX4KFX6GRF65NRX40NP8WA1", "query_preview": "Quelles architectures de coupe-feu (firewall) le cours pr\u00e9sente-t-il ?", "level": "info", "timestamp": "2026-06-12T05:25:00.449114Z"}
Authentication error: Langfuse client initialized without public_key. Client will be disabled. Provide a public_key parameter or set LANGFUSE_PUBLIC_KEY environment variable. 
{"prompt_tag": "verify_grounding@v2", "schema": "VerificationResult", "tokens": 2400, "event": "model_call.done", "correlation_id": "01KTX4KFX6GRF65NRX40NP8WA1", "query_preview": "Quelles architectures de coupe-feu (firewall) le cours pr\u00e9sente-t-il ?", "level": "info", "timestamp": "2026-06-12T05:25:01.025681Z"}
{"node": "assess_relevance", "event": "start", "correlation_id": "01KTX4KFX6GRF65NRX40NP8WA1", "query_preview": "Quelles architectures de coupe-feu (firewall) le cours pr\u00e9sente-t-il ?", "level": "info", "timestamp": "2026-06-12T05:25:01.027421Z"}
{"prompt_tag": "assess_relevance@v3", "schema": "RelevanceAssessment", "model": "cyankiwi/Qwen3.5-4B-AWQ-4bit", "max_tokens": 1024, "temperature": 0.1, "top_p": 0.8, "presence_penalty": 1.0, "seed": 42, "message_count": 1, "event": "model_call.start", "correlation_id": "01KTX4KFX6GRF65NRX40NP8WA1", "query_preview": "Quelles architectures de coupe-feu (firewall) le cours pr\u00e9sente-t-il ?", "level": "info", "timestamp": "2026-06-12T05:25:01.033846Z"}
Authentication error: Langfuse client initialized without public_key. Client will be disabled. Provide a public_key parameter or set LANGFUSE_PUBLIC_KEY environment variable. 
{"prompt_tag": "assess_relevance@v3", "schema": "RelevanceAssessment", "tokens": 883, "event": "model_call.done", "correlation_id": "01KTX4KFX6GRF65NRX40NP8WA1", "query_preview": "Quelles architectures de coupe-feu (firewall) le cours pr\u00e9sente-t-il ?", "level": "info", "timestamp": "2026-06-12T05:25:01.389250Z"}
{"node": "assess_relevance", "responsive": true, "event": "relevance", "correlation_id": "01KTX4KFX6GRF65NRX40NP8WA1", "query_preview": "Quelles architectures de coupe-feu (firewall) le cours pr\u00e9sente-t-il ?", "level": "info", "timestamp": "2026-06-12T05:25:01.389317Z"}
{"node": "compose", "event": "start", "correlation_id": "01KTX4KFX6GRF65NRX40NP8WA1", "query_preview": "Quelles architectures de coupe-feu (firewall) le cours pr\u00e9sente-t-il ?", "level": "info", "timestamp": "2026-06-12T05:25:01.390717Z"}
Authentication error: Langfuse client initialized without public_key. Client will be disabled. Provide a public_key parameter or set LANGFUSE_PUBLIC_KEY environment variable. 
{"node": "retrieve", "query_len": 85, "event": "start", "correlation_id": "01KTX4MWAFCPZPN1AHJP4KGWKH", "query_preview": "Dans l'architecture single-tier, quels \u00e9quipements relient Internet au r\u00e9seau pr", "level": "info", "timestamp": "2026-06-12T05:25:01.392984Z"}
{"query_len": 85, "k": 50, "event": "hybrid.start", "correlation_id": "01KTX4MWAFCPZPN1AHJP4KGWKH", "query_preview": "Dans l'architecture single-tier, quels \u00e9quipements relient Internet au r\u00e9seau pr", "level": "info", "timestamp": "2026-06-12T05:25:01.393031Z"}
{"query_len": 85, "k": 50, "dense": 50, "bm25": 0, "fused": 50, "term": false, "event": "hybrid.done", "correlation_id": "01KTX4MWAFCPZPN1AHJP4KGWKH", "query_preview": "Dans l'architecture single-tier, quels \u00e9quipements relient Internet au r\u00e9seau pr", "level": "info", "timestamp": "2026-06-12T05:25:01.473989Z"}
{"node": "retrieve", "candidate_count": 50, "event": "done", "correlation_id": "01KTX4MWAFCPZPN1AHJP4KGWKH", "query_preview": "Dans l'architecture single-tier, quels \u00e9quipements relient Internet au r\u00e9seau pr", "level": "info", "timestamp": "2026-06-12T05:25:01.474963Z"}
{"node": "expand_graph", "reason": "disabled_or_empty", "event": "skip", "correlation_id": "01KTX4MWAFCPZPN1AHJP4KGWKH", "query_preview": "Dans l'architecture single-tier, quels \u00e9quipements relient Internet au r\u00e9seau pr", "level": "info", "timestamp": "2026-06-12T05:25:01.476255Z"}
{"node": "rerank", "candidate_count": 50, "event": "start", "correlation_id": "01KTX4MWAFCPZPN1AHJP4KGWKH", "query_preview": "Dans l'architecture single-tier, quels \u00e9quipements relient Internet au r\u00e9seau pr", "level": "info", "timestamp": "2026-06-12T05:25:01.476747Z"}
{"node": "rerank", "top_k": 5, "source": "mode", "event": "top_k_resolved", "correlation_id": "01KTX4MWAFCPZPN1AHJP4KGWKH", "query_preview": "Dans l'architecture single-tier, quels \u00e9quipements relient Internet au r\u00e9seau pr", "level": "info", "timestamp": "2026-06-12T05:25:01.476799Z"}
{"candidates": 50, "top_k": 5, "backend": "cross_encoder", "event": "rerank.start", "correlation_id": "01KTX4MWAFCPZPN1AHJP4KGWKH", "query_preview": "Dans l'architecture single-tier, quels \u00e9quipements relient Internet au r\u00e9seau pr", "level": "info", "timestamp": "2026-06-12T05:25:01.476833Z"}
{"candidates": 50, "top_k": 5, "backend": "cross_encoder", "returned": 5, "event": "rerank.done", "correlation_id": "01KTX4MWAFCPZPN1AHJP4KGWKH", "query_preview": "Dans l'architecture single-tier, quels \u00e9quipements relient Internet au r\u00e9seau pr", "level": "info", "timestamp": "2026-06-12T05:25:27.381961Z"}
{"node": "rerank", "reranked_count": 5, "event": "done", "correlation_id": "01KTX4MWAFCPZPN1AHJP4KGWKH", "query_preview": "Dans l'architecture single-tier, quels \u00e9quipements relient Internet au r\u00e9seau pr", "level": "info", "timestamp": "2026-06-12T05:25:27.382069Z"}
{"node": "query_tables", "reason": "empty_or_not_table_shaped", "event": "skip", "correlation_id": "01KTX4MWAFCPZPN1AHJP4KGWKH", "query_preview": "Dans l'architecture single-tier, quels \u00e9quipements relient Internet au r\u00e9seau pr", "level": "info", "timestamp": "2026-06-12T05:25:27.384517Z"}
{"node": "assess", "reranked_count": 5, "event": "start", "correlation_id": "01KTX4MWAFCPZPN1AHJP4KGWKH", "query_preview": "Dans l'architecture single-tier, quels \u00e9quipements relient Internet au r\u00e9seau pr", "level": "info", "timestamp": "2026-06-12T05:25:27.385450Z"}
{"prompt_tag": "assess_sufficiency@v4", "schema": "SufficiencyAssessment", "model": "cyankiwi/Qwen3.5-4B-AWQ-4bit", "max_tokens": 1024, "temperature": 0.1, "top_p": 0.8, "presence_penalty": 1.0, "seed": 42, "message_count": 1, "event": "model_call.start", "correlation_id": "01KTX4MWAFCPZPN1AHJP4KGWKH", "query_preview": "Dans l'architecture single-tier, quels \u00e9quipements relient Internet au r\u00e9seau pr", "level": "info", "timestamp": "2026-06-12T05:25:27.387764Z"}
Authentication error: Langfuse client initialized without public_key. Client will be disabled. Provide a public_key parameter or set LANGFUSE_PUBLIC_KEY environment variable. 
{"prompt_tag": "assess_sufficiency@v4", "schema": "SufficiencyAssessment", "tokens": 1011, "event": "model_call.done", "correlation_id": "01KTX4MWAFCPZPN1AHJP4KGWKH", "query_preview": "Dans l'architecture single-tier, quels \u00e9quipements relient Internet au r\u00e9seau pr", "level": "info", "timestamp": "2026-06-12T05:25:27.940681Z"}
{"node": "answer", "regenerate_attempt": 0, "event": "start", "correlation_id": "01KTX4MWAFCPZPN1AHJP4KGWKH", "query_preview": "Dans l'architecture single-tier, quels \u00e9quipements relient Internet au r\u00e9seau pr", "level": "info", "timestamp": "2026-06-12T05:25:27.941886Z"}
{"prompt_tag": "answer@v5", "schema": "DraftAnswer", "model": "cyankiwi/Qwen3.5-4B-AWQ-4bit", "max_tokens": 1800, "temperature": 0.1, "top_p": 0.8, "presence_penalty": 1.0, "seed": 42, "message_count": 2, "event": "model_call.start", "correlation_id": "01KTX4MWAFCPZPN1AHJP4KGWKH", "query_preview": "Dans l'architecture single-tier, quels \u00e9quipements relient Internet au r\u00e9seau pr", "level": "info", "timestamp": "2026-06-12T05:25:27.943965Z"}
Authentication error: Langfuse client initialized without public_key. Client will be disabled. Provide a public_key parameter or set LANGFUSE_PUBLIC_KEY environment variable. 
{"prompt_tag": "answer@v5", "schema": "DraftAnswer", "tokens": 2815, "event": "model_call.done", "correlation_id": "01KTX4MWAFCPZPN1AHJP4KGWKH", "query_preview": "Dans l'architecture single-tier, quels \u00e9quipements relient Internet au r\u00e9seau pr", "level": "info", "timestamp": "2026-06-12T05:25:30.641606Z"}
{"node": "answer", "exact": 0, "suffix": 0, "fuzzy": 1, "unresolved": 2, "event": "chunk_id_repair", "correlation_id": "01KTX4MWAFCPZPN1AHJP4KGWKH", "query_preview": "Dans l'architecture single-tier, quels \u00e9quipements relient Internet au r\u00e9seau pr", "level": "info", "timestamp": "2026-06-12T05:25:30.641927Z"}
{"node": "verify", "claim_count": 3, "event": "start", "correlation_id": "01KTX4MWAFCPZPN1AHJP4KGWKH", "query_preview": "Dans l'architecture single-tier, quels \u00e9quipements relient Internet au r\u00e9seau pr", "level": "info", "timestamp": "2026-06-12T05:25:30.642745Z"}
{"prompt_tag": "verify_grounding@v2", "schema": "VerificationResult", "model": "cyankiwi/Qwen3.5-4B-AWQ-4bit", "max_tokens": 1024, "temperature": 0.1, "top_p": 0.8, "presence_penalty": 1.0, "seed": 42, "message_count": 1, "event": "model_call.start", "correlation_id": "01KTX4MWAFCPZPN1AHJP4KGWKH", "query_preview": "Dans l'architecture single-tier, quels \u00e9quipements relient Internet au r\u00e9seau pr", "level": "info", "timestamp": "2026-06-12T05:25:30.646300Z"}
Authentication error: Langfuse client initialized without public_key. Client will be disabled. Provide a public_key parameter or set LANGFUSE_PUBLIC_KEY environment variable. 
{"prompt_tag": "verify_grounding@v2", "schema": "VerificationResult", "tokens": 1052, "event": "model_call.done", "correlation_id": "01KTX4MWAFCPZPN1AHJP4KGWKH", "query_preview": "Dans l'architecture single-tier, quels \u00e9quipements relient Internet au r\u00e9seau pr", "level": "info", "timestamp": "2026-06-12T05:25:31.042054Z"}
{"node": "assess_relevance", "event": "start", "correlation_id": "01KTX4MWAFCPZPN1AHJP4KGWKH", "query_preview": "Dans l'architecture single-tier, quels \u00e9quipements relient Internet au r\u00e9seau pr", "level": "info", "timestamp": "2026-06-12T05:25:31.043233Z"}
{"prompt_tag": "assess_relevance@v3", "schema": "RelevanceAssessment", "model": "cyankiwi/Qwen3.5-4B-AWQ-4bit", "max_tokens": 1024, "temperature": 0.1, "top_p": 0.8, "presence_penalty": 1.0, "seed": 42, "message_count": 1, "event": "model_call.start", "correlation_id": "01KTX4MWAFCPZPN1AHJP4KGWKH", "query_preview": "Dans l'architecture single-tier, quels \u00e9quipements relient Internet au r\u00e9seau pr", "level": "info", "timestamp": "2026-06-12T05:25:31.044252Z"}
Authentication error: Langfuse client initialized without public_key. Client will be disabled. Provide a public_key parameter or set LANGFUSE_PUBLIC_KEY environment variable. 
{"prompt_tag": "assess_relevance@v3", "schema": "RelevanceAssessment", "tokens": 898, "event": "model_call.done", "correlation_id": "01KTX4MWAFCPZPN1AHJP4KGWKH", "query_preview": "Dans l'architecture single-tier, quels \u00e9quipements relient Internet au r\u00e9seau pr", "level": "info", "timestamp": "2026-06-12T05:25:31.434389Z"}
{"node": "assess_relevance", "responsive": true, "event": "relevance", "correlation_id": "01KTX4MWAFCPZPN1AHJP4KGWKH", "query_preview": "Dans l'architecture single-tier, quels \u00e9quipements relient Internet au r\u00e9seau pr", "level": "info", "timestamp": "2026-06-12T05:25:31.434447Z"}
{"node": "compose", "event": "start", "correlation_id": "01KTX4MWAFCPZPN1AHJP4KGWKH", "query_preview": "Dans l'architecture single-tier, quels \u00e9quipements relient Internet au r\u00e9seau pr", "level": "info", "timestamp": "2026-06-12T05:25:31.435544Z"}
Authentication error: Langfuse client initialized without public_key. Client will be disabled. Provide a public_key parameter or set LANGFUSE_PUBLIC_KEY environment variable. 
{"node": "retrieve", "query_len": 93, "event": "start", "correlation_id": "01KTX4NSNCQ5Z3CV0EJTWQHV2E", "query_preview": "Quel segment r\u00e9seau appara\u00eet uniquement dans les architectures \u00e0 trois niveaux (", "level": "info", "timestamp": "2026-06-12T05:25:31.437058Z"}
{"query_len": 93, "k": 50, "event": "hybrid.start", "correlation_id": "01KTX4NSNCQ5Z3CV0EJTWQHV2E", "query_preview": "Quel segment r\u00e9seau appara\u00eet uniquement dans les architectures \u00e0 trois niveaux (", "level": "info", "timestamp": "2026-06-12T05:25:31.437098Z"}
{"query_len": 93, "k": 50, "dense": 50, "bm25": 0, "fused": 50, "term": false, "event": "hybrid.done", "correlation_id": "01KTX4NSNCQ5Z3CV0EJTWQHV2E", "query_preview": "Quel segment r\u00e9seau appara\u00eet uniquement dans les architectures \u00e0 trois niveaux (", "level": "info", "timestamp": "2026-06-12T05:25:31.513700Z"}
{"node": "retrieve", "candidate_count": 50, "event": "done", "correlation_id": "01KTX4NSNCQ5Z3CV0EJTWQHV2E", "query_preview": "Quel segment r\u00e9seau appara\u00eet uniquement dans les architectures \u00e0 trois niveaux (", "level": "info", "timestamp": "2026-06-12T05:25:31.514739Z"}
{"node": "expand_graph", "reason": "disabled_or_empty", "event": "skip", "correlation_id": "01KTX4NSNCQ5Z3CV0EJTWQHV2E", "query_preview": "Quel segment r\u00e9seau appara\u00eet uniquement dans les architectures \u00e0 trois niveaux (", "level": "info", "timestamp": "2026-06-12T05:25:31.516082Z"}
{"node": "rerank", "candidate_count": 50, "event": "start", "correlation_id": "01KTX4NSNCQ5Z3CV0EJTWQHV2E", "query_preview": "Quel segment r\u00e9seau appara\u00eet uniquement dans les architectures \u00e0 trois niveaux (", "level": "info", "timestamp": "2026-06-12T05:25:31.516624Z"}
{"node": "rerank", "top_k": 5, "source": "mode", "event": "top_k_resolved", "correlation_id": "01KTX4NSNCQ5Z3CV0EJTWQHV2E", "query_preview": "Quel segment r\u00e9seau appara\u00eet uniquement dans les architectures \u00e0 trois niveaux (", "level": "info", "timestamp": "2026-06-12T05:25:31.516674Z"}
{"candidates": 50, "top_k": 5, "backend": "cross_encoder", "event": "rerank.start", "correlation_id": "01KTX4NSNCQ5Z3CV0EJTWQHV2E", "query_preview": "Quel segment r\u00e9seau appara\u00eet uniquement dans les architectures \u00e0 trois niveaux (", "level": "info", "timestamp": "2026-06-12T05:25:31.516705Z"}
{"candidates": 50, "top_k": 5, "backend": "cross_encoder", "returned": 5, "event": "rerank.done", "correlation_id": "01KTX4NSNCQ5Z3CV0EJTWQHV2E", "query_preview": "Quel segment r\u00e9seau appara\u00eet uniquement dans les architectures \u00e0 trois niveaux (", "level": "info", "timestamp": "2026-06-12T05:25:59.234457Z"}
{"node": "rerank", "reranked_count": 5, "event": "done", "correlation_id": "01KTX4NSNCQ5Z3CV0EJTWQHV2E", "query_preview": "Quel segment r\u00e9seau appara\u00eet uniquement dans les architectures \u00e0 trois niveaux (", "level": "info", "timestamp": "2026-06-12T05:25:59.234560Z"}
{"node": "query_tables", "reason": "empty_or_not_table_shaped", "event": "skip", "correlation_id": "01KTX4NSNCQ5Z3CV0EJTWQHV2E", "query_preview": "Quel segment r\u00e9seau appara\u00eet uniquement dans les architectures \u00e0 trois niveaux (", "level": "info", "timestamp": "2026-06-12T05:25:59.236351Z"}
{"node": "assess", "reranked_count": 5, "event": "start", "correlation_id": "01KTX4NSNCQ5Z3CV0EJTWQHV2E", "query_preview": "Quel segment r\u00e9seau appara\u00eet uniquement dans les architectures \u00e0 trois niveaux (", "level": "info", "timestamp": "2026-06-12T05:25:59.237043Z"}
{"prompt_tag": "assess_sufficiency@v4", "schema": "SufficiencyAssessment", "model": "cyankiwi/Qwen3.5-4B-AWQ-4bit", "max_tokens": 1024, "temperature": 0.1, "top_p": 0.8, "presence_penalty": 1.0, "seed": 42, "message_count": 1, "event": "model_call.start", "correlation_id": "01KTX4NSNCQ5Z3CV0EJTWQHV2E", "query_preview": "Quel segment r\u00e9seau appara\u00eet uniquement dans les architectures \u00e0 trois niveaux (", "level": "info", "timestamp": "2026-06-12T05:25:59.238998Z"}
Authentication error: Langfuse client initialized without public_key. Client will be disabled. Provide a public_key parameter or set LANGFUSE_PUBLIC_KEY environment variable. 
{"prompt_tag": "assess_sufficiency@v4", "schema": "SufficiencyAssessment", "tokens": 1369, "event": "model_call.done", "correlation_id": "01KTX4NSNCQ5Z3CV0EJTWQHV2E", "query_preview": "Quel segment r\u00e9seau appara\u00eet uniquement dans les architectures \u00e0 trois niveaux (", "level": "info", "timestamp": "2026-06-12T05:26:00.004854Z"}
{"node": "answer", "regenerate_attempt": 0, "event": "start", "correlation_id": "01KTX4NSNCQ5Z3CV0EJTWQHV2E", "query_preview": "Quel segment r\u00e9seau appara\u00eet uniquement dans les architectures \u00e0 trois niveaux (", "level": "info", "timestamp": "2026-06-12T05:26:00.006041Z"}
{"prompt_tag": "answer@v5", "schema": "DraftAnswer", "model": "cyankiwi/Qwen3.5-4B-AWQ-4bit", "max_tokens": 1800, "temperature": 0.1, "top_p": 0.8, "presence_penalty": 1.0, "seed": 42, "message_count": 2, "event": "model_call.start", "correlation_id": "01KTX4NSNCQ5Z3CV0EJTWQHV2E", "query_preview": "Quel segment r\u00e9seau appara\u00eet uniquement dans les architectures \u00e0 trois niveaux (", "level": "info", "timestamp": "2026-06-12T05:26:00.008084Z"}
Authentication error: Langfuse client initialized without public_key. Client will be disabled. Provide a public_key parameter or set LANGFUSE_PUBLIC_KEY environment variable. 
{"prompt_tag": "answer@v5", "schema": "DraftAnswer", "tokens": 3012, "event": "model_call.done", "correlation_id": "01KTX4NSNCQ5Z3CV0EJTWQHV2E", "query_preview": "Quel segment r\u00e9seau appara\u00eet uniquement dans les architectures \u00e0 trois niveaux (", "level": "info", "timestamp": "2026-06-12T05:26:01.480069Z"}
{"node": "answer", "original": "Le segment r\u00e9seau qui appara\u00eet uniquement dans les architectures \u00e0 trois niveaux est le DMZ (DMZ Zone), situ\u00e9 entre les ", "event": "answer.summary_scope_rebuilt", "correlation_id": "01KTX4NSNCQ5Z3CV0EJTWQHV2E", "query_preview": "Quel segment r\u00e9seau appara\u00eet uniquement dans les architectures \u00e0 trois niveaux (", "level": "info", "timestamp": "2026-06-12T05:26:01.480178Z"}
{"node": "verify", "claim_count": 1, "event": "start", "correlation_id": "01KTX4NSNCQ5Z3CV0EJTWQHV2E", "query_preview": "Quel segment r\u00e9seau appara\u00eet uniquement dans les architectures \u00e0 trois niveaux (", "level": "info", "timestamp": "2026-06-12T05:26:01.481116Z"}
{"prompt_tag": "verify_grounding@v2", "schema": "VerificationResult", "model": "cyankiwi/Qwen3.5-4B-AWQ-4bit", "max_tokens": 1024, "temperature": 0.1, "top_p": 0.8, "presence_penalty": 1.0, "seed": 42, "message_count": 1, "event": "model_call.start", "correlation_id": "01KTX4NSNCQ5Z3CV0EJTWQHV2E", "query_preview": "Quel segment r\u00e9seau appara\u00eet uniquement dans les architectures \u00e0 trois niveaux (", "level": "info", "timestamp": "2026-06-12T05:26:01.485257Z"}
Authentication error: Langfuse client initialized without public_key. Client will be disabled. Provide a public_key parameter or set LANGFUSE_PUBLIC_KEY environment variable. 
{"prompt_tag": "verify_grounding@v2", "schema": "VerificationResult", "tokens": 1268, "event": "model_call.done", "correlation_id": "01KTX4NSNCQ5Z3CV0EJTWQHV2E", "query_preview": "Quel segment r\u00e9seau appara\u00eet uniquement dans les architectures \u00e0 trois niveaux (", "level": "info", "timestamp": "2026-06-12T05:26:01.860599Z"}
{"node": "assess_relevance", "event": "start", "correlation_id": "01KTX4NSNCQ5Z3CV0EJTWQHV2E", "query_preview": "Quel segment r\u00e9seau appara\u00eet uniquement dans les architectures \u00e0 trois niveaux (", "level": "info", "timestamp": "2026-06-12T05:26:01.861793Z"}
{"node": "assess_relevance", "event": "relevance.scope_rebuilt_refuse", "correlation_id": "01KTX4NSNCQ5Z3CV0EJTWQHV2E", "query_preview": "Quel segment r\u00e9seau appara\u00eet uniquement dans les architectures \u00e0 trois niveaux (", "level": "info", "timestamp": "2026-06-12T05:26:01.861831Z"}
{"node": "refuse", "event": "start", "correlation_id": "01KTX4NSNCQ5Z3CV0EJTWQHV2E", "query_preview": "Quel segment r\u00e9seau appara\u00eet uniquement dans les architectures \u00e0 trois niveaux (", "level": "info", "timestamp": "2026-06-12T05:26:01.862646Z"}
Authentication error: Langfuse client initialized without public_key. Client will be disabled. Provide a public_key parameter or set LANGFUSE_PUBLIC_KEY environment variable. 
{"node": "retrieve", "query_len": 73, "event": "start", "correlation_id": "01KTX4PQC71Y0H53YTEX7R8GZX", "query_preview": "Quel logiciel de d\u00e9tection d'intrusion (IDS) est pr\u00e9sent\u00e9 dans le cours ?", "level": "info", "timestamp": "2026-06-12T05:26:01.864138Z"}
{"query_len": 73, "k": 50, "event": "hybrid.start", "correlation_id": "01KTX4PQC71Y0H53YTEX7R8GZX", "query_preview": "Quel logiciel de d\u00e9tection d'intrusion (IDS) est pr\u00e9sent\u00e9 dans le cours ?", "level": "info", "timestamp": "2026-06-12T05:26:01.864175Z"}
{"query_len": 73, "k": 50, "dense": 50, "bm25": 0, "fused": 50, "term": false, "event": "hybrid.done", "correlation_id": "01KTX4PQC71Y0H53YTEX7R8GZX", "query_preview": "Quel logiciel de d\u00e9tection d'intrusion (IDS) est pr\u00e9sent\u00e9 dans le cours ?", "level": "info", "timestamp": "2026-06-12T05:26:01.942552Z"}
{"node": "retrieve", "candidate_count": 50, "event": "done", "correlation_id": "01KTX4PQC71Y0H53YTEX7R8GZX", "query_preview": "Quel logiciel de d\u00e9tection d'intrusion (IDS) est pr\u00e9sent\u00e9 dans le cours ?", "level": "info", "timestamp": "2026-06-12T05:26:01.943546Z"}
{"node": "expand_graph", "reason": "disabled_or_empty", "event": "skip", "correlation_id": "01KTX4PQC71Y0H53YTEX7R8GZX", "query_preview": "Quel logiciel de d\u00e9tection d'intrusion (IDS) est pr\u00e9sent\u00e9 dans le cours ?", "level": "info", "timestamp": "2026-06-12T05:26:01.944826Z"}
{"node": "rerank", "candidate_count": 50, "event": "start", "correlation_id": "01KTX4PQC71Y0H53YTEX7R8GZX", "query_preview": "Quel logiciel de d\u00e9tection d'intrusion (IDS) est pr\u00e9sent\u00e9 dans le cours ?", "level": "info", "timestamp": "2026-06-12T05:26:01.945315Z"}
{"node": "rerank", "top_k": 5, "source": "mode", "event": "top_k_resolved", "correlation_id": "01KTX4PQC71Y0H53YTEX7R8GZX", "query_preview": "Quel logiciel de d\u00e9tection d'intrusion (IDS) est pr\u00e9sent\u00e9 dans le cours ?", "level": "info", "timestamp": "2026-06-12T05:26:01.945364Z"}
{"candidates": 50, "top_k": 5, "backend": "cross_encoder", "event": "rerank.start", "correlation_id": "01KTX4PQC71Y0H53YTEX7R8GZX", "query_preview": "Quel logiciel de d\u00e9tection d'intrusion (IDS) est pr\u00e9sent\u00e9 dans le cours ?", "level": "info", "timestamp": "2026-06-12T05:26:01.945400Z"}
{"candidates": 50, "top_k": 5, "backend": "cross_encoder", "returned": 5, "event": "rerank.done", "correlation_id": "01KTX4PQC71Y0H53YTEX7R8GZX", "query_preview": "Quel logiciel de d\u00e9tection d'intrusion (IDS) est pr\u00e9sent\u00e9 dans le cours ?", "level": "info", "timestamp": "2026-06-12T05:26:33.654584Z"}
{"node": "rerank", "reranked_count": 5, "event": "done", "correlation_id": "01KTX4PQC71Y0H53YTEX7R8GZX", "query_preview": "Quel logiciel de d\u00e9tection d'intrusion (IDS) est pr\u00e9sent\u00e9 dans le cours ?", "level": "info", "timestamp": "2026-06-12T05:26:33.654659Z"}
{"node": "query_tables", "reason": "empty_or_not_table_shaped", "event": "skip", "correlation_id": "01KTX4PQC71Y0H53YTEX7R8GZX", "query_preview": "Quel logiciel de d\u00e9tection d'intrusion (IDS) est pr\u00e9sent\u00e9 dans le cours ?", "level": "info", "timestamp": "2026-06-12T05:26:33.656428Z"}
{"node": "assess", "reranked_count": 5, "event": "start", "correlation_id": "01KTX4PQC71Y0H53YTEX7R8GZX", "query_preview": "Quel logiciel de d\u00e9tection d'intrusion (IDS) est pr\u00e9sent\u00e9 dans le cours ?", "level": "info", "timestamp": "2026-06-12T05:26:33.657070Z"}
{"prompt_tag": "assess_sufficiency@v4", "schema": "SufficiencyAssessment", "model": "cyankiwi/Qwen3.5-4B-AWQ-4bit", "max_tokens": 1024, "temperature": 0.1, "top_p": 0.8, "presence_penalty": 1.0, "seed": 42, "message_count": 1, "event": "model_call.start", "correlation_id": "01KTX4PQC71Y0H53YTEX7R8GZX", "query_preview": "Quel logiciel de d\u00e9tection d'intrusion (IDS) est pr\u00e9sent\u00e9 dans le cours ?", "level": "info", "timestamp": "2026-06-12T05:26:33.658661Z"}
Authentication error: Langfuse client initialized without public_key. Client will be disabled. Provide a public_key parameter or set LANGFUSE_PUBLIC_KEY environment variable. 
{"prompt_tag": "assess_sufficiency@v4", "schema": "SufficiencyAssessment", "tokens": 2368, "event": "model_call.done", "correlation_id": "01KTX4PQC71Y0H53YTEX7R8GZX", "query_preview": "Quel logiciel de d\u00e9tection d'intrusion (IDS) est pr\u00e9sent\u00e9 dans le cours ?", "level": "info", "timestamp": "2026-06-12T05:26:34.414773Z"}
{"node": "answer", "regenerate_attempt": 0, "event": "start", "correlation_id": "01KTX4PQC71Y0H53YTEX7R8GZX", "query_preview": "Quel logiciel de d\u00e9tection d'intrusion (IDS) est pr\u00e9sent\u00e9 dans le cours ?", "level": "info", "timestamp": "2026-06-12T05:26:34.415991Z"}
{"prompt_tag": "answer@v5", "schema": "DraftAnswer", "model": "cyankiwi/Qwen3.5-4B-AWQ-4bit", "max_tokens": 1800, "temperature": 0.1, "top_p": 0.8, "presence_penalty": 1.0, "seed": 42, "message_count": 2, "event": "model_call.start", "correlation_id": "01KTX4PQC71Y0H53YTEX7R8GZX", "query_preview": "Quel logiciel de d\u00e9tection d'intrusion (IDS) est pr\u00e9sent\u00e9 dans le cours ?", "level": "info", "timestamp": "2026-06-12T05:26:34.418147Z"}
Authentication error: Langfuse client initialized without public_key. Client will be disabled. Provide a public_key parameter or set LANGFUSE_PUBLIC_KEY environment variable. 
{"prompt_tag": "answer@v5", "schema": "DraftAnswer", "tokens": 4167, "event": "model_call.done", "correlation_id": "01KTX4PQC71Y0H53YTEX7R8GZX", "query_preview": "Quel logiciel de d\u00e9tection d'intrusion (IDS) est pr\u00e9sent\u00e9 dans le cours ?", "level": "info", "timestamp": "2026-06-12T05:26:37.290944Z"}
{"node": "answer", "original": "Le cours pr\u00e9sente plusieurs logiciels de d\u00e9tection d'intrusion (IDS) : Snort, Surricata, OSSEC, HIDS, BRO, Crowdsec, Fai", "event": "answer.summary_scope_rebuilt", "correlation_id": "01KTX4PQC71Y0H53YTEX7R8GZX", "query_preview": "Quel logiciel de d\u00e9tection d'intrusion (IDS) est pr\u00e9sent\u00e9 dans le cours ?", "level": "info", "timestamp": "2026-06-12T05:26:37.291064Z"}
{"node": "verify", "claim_count": 2, "event": "start", "correlation_id": "01KTX4PQC71Y0H53YTEX7R8GZX", "query_preview": "Quel logiciel de d\u00e9tection d'intrusion (IDS) est pr\u00e9sent\u00e9 dans le cours ?", "level": "info", "timestamp": "2026-06-12T05:26:37.292056Z"}
{"prompt_tag": "verify_grounding@v2", "schema": "VerificationResult", "model": "cyankiwi/Qwen3.5-4B-AWQ-4bit", "max_tokens": 1024, "temperature": 0.1, "top_p": 0.8, "presence_penalty": 1.0, "seed": 42, "message_count": 1, "event": "model_call.start", "correlation_id": "01KTX4PQC71Y0H53YTEX7R8GZX", "query_preview": "Quel logiciel de d\u00e9tection d'intrusion (IDS) est pr\u00e9sent\u00e9 dans le cours ?", "level": "info", "timestamp": "2026-06-12T05:26:37.296274Z"}
Authentication error: Langfuse client initialized without public_key. Client will be disabled. Provide a public_key parameter or set LANGFUSE_PUBLIC_KEY environment variable. 
{"prompt_tag": "verify_grounding@v2", "schema": "VerificationResult", "tokens": 2329, "event": "model_call.done", "correlation_id": "01KTX4PQC71Y0H53YTEX7R8GZX", "query_preview": "Quel logiciel de d\u00e9tection d'intrusion (IDS) est pr\u00e9sent\u00e9 dans le cours ?", "level": "info", "timestamp": "2026-06-12T05:26:37.863723Z"}
{"node": "assess_relevance", "event": "start", "correlation_id": "01KTX4PQC71Y0H53YTEX7R8GZX", "query_preview": "Quel logiciel de d\u00e9tection d'intrusion (IDS) est pr\u00e9sent\u00e9 dans le cours ?", "level": "info", "timestamp": "2026-06-12T05:26:37.865142Z"}
{"node": "assess_relevance", "event": "relevance.scope_rebuilt_refuse", "correlation_id": "01KTX4PQC71Y0H53YTEX7R8GZX", "query_preview": "Quel logiciel de d\u00e9tection d'intrusion (IDS) est pr\u00e9sent\u00e9 dans le cours ?", "level": "info", "timestamp": "2026-06-12T05:26:37.865191Z"}
{"node": "refuse", "event": "start", "correlation_id": "01KTX4PQC71Y0H53YTEX7R8GZX", "query_preview": "Quel logiciel de d\u00e9tection d'intrusion (IDS) est pr\u00e9sent\u00e9 dans le cours ?", "level": "info", "timestamp": "2026-06-12T05:26:37.866359Z"}
Authentication error: Langfuse client initialized without public_key. Client will be disabled. Provide a public_key parameter or set LANGFUSE_PUBLIC_KEY environment variable. 
{"node": "retrieve", "query_len": 70, "event": "start", "correlation_id": "01KTX4QTHA04AM8BVCMHSK6BGC", "query_preview": "Quels paquets sont install\u00e9s dans la configuration pfSense pr\u00e9sent\u00e9e ?", "level": "info", "timestamp": "2026-06-12T05:26:37.867963Z"}
{"query_len": 70, "k": 50, "event": "hybrid.start", "correlation_id": "01KTX4QTHA04AM8BVCMHSK6BGC", "query_preview": "Quels paquets sont install\u00e9s dans la configuration pfSense pr\u00e9sent\u00e9e ?", "level": "info", "timestamp": "2026-06-12T05:26:37.868002Z"}
{"query_len": 70, "k": 50, "dense": 50, "bm25": 50, "fused": 50, "term": true, "event": "hybrid.done", "correlation_id": "01KTX4QTHA04AM8BVCMHSK6BGC", "query_preview": "Quels paquets sont install\u00e9s dans la configuration pfSense pr\u00e9sent\u00e9e ?", "level": "info", "timestamp": "2026-06-12T05:26:37.940428Z"}
{"node": "retrieve", "candidate_count": 50, "event": "done", "correlation_id": "01KTX4QTHA04AM8BVCMHSK6BGC", "query_preview": "Quels paquets sont install\u00e9s dans la configuration pfSense pr\u00e9sent\u00e9e ?", "level": "info", "timestamp": "2026-06-12T05:26:37.941408Z"}
{"node": "expand_graph", "reason": "disabled_or_empty", "event": "skip", "correlation_id": "01KTX4QTHA04AM8BVCMHSK6BGC", "query_preview": "Quels paquets sont install\u00e9s dans la configuration pfSense pr\u00e9sent\u00e9e ?", "level": "info", "timestamp": "2026-06-12T05:26:37.942635Z"}
{"node": "rerank", "candidate_count": 50, "event": "start", "correlation_id": "01KTX4QTHA04AM8BVCMHSK6BGC", "query_preview": "Quels paquets sont install\u00e9s dans la configuration pfSense pr\u00e9sent\u00e9e ?", "level": "info", "timestamp": "2026-06-12T05:26:37.943099Z"}
{"node": "rerank", "top_k": 5, "source": "mode", "event": "top_k_resolved", "correlation_id": "01KTX4QTHA04AM8BVCMHSK6BGC", "query_preview": "Quels paquets sont install\u00e9s dans la configuration pfSense pr\u00e9sent\u00e9e ?", "level": "info", "timestamp": "2026-06-12T05:26:37.943148Z"}
{"candidates": 50, "top_k": 5, "backend": "cross_encoder", "event": "rerank.start", "correlation_id": "01KTX4QTHA04AM8BVCMHSK6BGC", "query_preview": "Quels paquets sont install\u00e9s dans la configuration pfSense pr\u00e9sent\u00e9e ?", "level": "info", "timestamp": "2026-06-12T05:26:37.943179Z"}
{"candidates": 50, "top_k": 5, "backend": "cross_encoder", "returned": 5, "event": "rerank.done", "correlation_id": "01KTX4QTHA04AM8BVCMHSK6BGC", "query_preview": "Quels paquets sont install\u00e9s dans la configuration pfSense pr\u00e9sent\u00e9e ?", "level": "info", "timestamp": "2026-06-12T05:27:04.448729Z"}
{"node": "rerank", "reranked_count": 5, "event": "done", "correlation_id": "01KTX4QTHA04AM8BVCMHSK6BGC", "query_preview": "Quels paquets sont install\u00e9s dans la configuration pfSense pr\u00e9sent\u00e9e ?", "level": "info", "timestamp": "2026-06-12T05:27:04.448843Z"}
{"node": "query_tables", "reason": "empty_or_not_table_shaped", "event": "skip", "correlation_id": "01KTX4QTHA04AM8BVCMHSK6BGC", "query_preview": "Quels paquets sont install\u00e9s dans la configuration pfSense pr\u00e9sent\u00e9e ?", "level": "info", "timestamp": "2026-06-12T05:27:04.450691Z"}
{"node": "assess", "reranked_count": 5, "event": "start", "correlation_id": "01KTX4QTHA04AM8BVCMHSK6BGC", "query_preview": "Quels paquets sont install\u00e9s dans la configuration pfSense pr\u00e9sent\u00e9e ?", "level": "info", "timestamp": "2026-06-12T05:27:04.451893Z"}
{"prompt_tag": "assess_sufficiency@v4", "schema": "SufficiencyAssessment", "model": "cyankiwi/Qwen3.5-4B-AWQ-4bit", "max_tokens": 1024, "temperature": 0.1, "top_p": 0.8, "presence_penalty": 1.0, "seed": 42, "message_count": 1, "event": "model_call.start", "correlation_id": "01KTX4QTHA04AM8BVCMHSK6BGC", "query_preview": "Quels paquets sont install\u00e9s dans la configuration pfSense pr\u00e9sent\u00e9e ?", "level": "info", "timestamp": "2026-06-12T05:27:04.453981Z"}
Authentication error: Langfuse client initialized without public_key. Client will be disabled. Provide a public_key parameter or set LANGFUSE_PUBLIC_KEY environment variable. 
{"prompt_tag": "assess_sufficiency@v4", "schema": "SufficiencyAssessment", "tokens": 1926, "event": "model_call.done", "correlation_id": "01KTX4QTHA04AM8BVCMHSK6BGC", "query_preview": "Quels paquets sont install\u00e9s dans la configuration pfSense pr\u00e9sent\u00e9e ?", "level": "info", "timestamp": "2026-06-12T05:27:05.217447Z"}
{"node": "answer", "regenerate_attempt": 0, "event": "start", "correlation_id": "01KTX4QTHA04AM8BVCMHSK6BGC", "query_preview": "Quels paquets sont install\u00e9s dans la configuration pfSense pr\u00e9sent\u00e9e ?", "level": "info", "timestamp": "2026-06-12T05:27:05.218865Z"}
{"prompt_tag": "answer@v5", "schema": "DraftAnswer", "model": "cyankiwi/Qwen3.5-4B-AWQ-4bit", "max_tokens": 1800, "temperature": 0.1, "top_p": 0.8, "presence_penalty": 1.0, "seed": 42, "message_count": 2, "event": "model_call.start", "correlation_id": "01KTX4QTHA04AM8BVCMHSK6BGC", "query_preview": "Quels paquets sont install\u00e9s dans la configuration pfSense pr\u00e9sent\u00e9e ?", "level": "info", "timestamp": "2026-06-12T05:27:05.221443Z"}
Authentication error: Langfuse client initialized without public_key. Client will be disabled. Provide a public_key parameter or set LANGFUSE_PUBLIC_KEY environment variable. 
{"prompt_tag": "answer@v5", "schema": "DraftAnswer", "tokens": 3615, "event": "model_call.done", "correlation_id": "01KTX4QTHA04AM8BVCMHSK6BGC", "query_preview": "Quels paquets sont install\u00e9s dans la configuration pfSense pr\u00e9sent\u00e9e ?", "level": "info", "timestamp": "2026-06-12T05:27:07.097864Z"}
{"node": "answer", "original": "La configuration pfSense pr\u00e9sente les paquets suivants install\u00e9s : arping, AutoConfigBackup, bandwidthd et nmap.", "event": "answer.summary_scope_rebuilt", "correlation_id": "01KTX4QTHA04AM8BVCMHSK6BGC", "query_preview": "Quels paquets sont install\u00e9s dans la configuration pfSense pr\u00e9sent\u00e9e ?", "level": "info", "timestamp": "2026-06-12T05:27:07.097951Z"}
{"node": "answer", "exact": 0, "suffix": 0, "fuzzy": 0, "unresolved": 1, "event": "chunk_id_repair", "correlation_id": "01KTX4QTHA04AM8BVCMHSK6BGC", "query_preview": "Quels paquets sont install\u00e9s dans la configuration pfSense pr\u00e9sent\u00e9e ?", "level": "info", "timestamp": "2026-06-12T05:27:07.098077Z"}
{"node": "verify", "claim_count": 1, "event": "start", "correlation_id": "01KTX4QTHA04AM8BVCMHSK6BGC", "query_preview": "Quels paquets sont install\u00e9s dans la configuration pfSense pr\u00e9sent\u00e9e ?", "level": "info", "timestamp": "2026-06-12T05:27:07.099149Z"}
{"prompt_tag": "verify_grounding@v2", "schema": "VerificationResult", "model": "cyankiwi/Qwen3.5-4B-AWQ-4bit", "max_tokens": 1024, "temperature": 0.1, "top_p": 0.8, "presence_penalty": 1.0, "seed": 42, "message_count": 1, "event": "model_call.start", "correlation_id": "01KTX4QTHA04AM8BVCMHSK6BGC", "query_preview": "Quels paquets sont install\u00e9s dans la configuration pfSense pr\u00e9sent\u00e9e ?", "level": "info", "timestamp": "2026-06-12T05:27:07.102737Z"}
Authentication error: Langfuse client initialized without public_key. Client will be disabled. Provide a public_key parameter or set LANGFUSE_PUBLIC_KEY environment variable. 
{"prompt_tag": "verify_grounding@v2", "schema": "VerificationResult", "tokens": 1904, "event": "model_call.done", "correlation_id": "01KTX4QTHA04AM8BVCMHSK6BGC", "query_preview": "Quels paquets sont install\u00e9s dans la configuration pfSense pr\u00e9sent\u00e9e ?", "level": "info", "timestamp": "2026-06-12T05:27:07.575019Z"}
{"node": "assess_relevance", "event": "start", "correlation_id": "01KTX4QTHA04AM8BVCMHSK6BGC", "query_preview": "Quels paquets sont install\u00e9s dans la configuration pfSense pr\u00e9sent\u00e9e ?", "level": "info", "timestamp": "2026-06-12T05:27:07.576665Z"}
{"node": "assess_relevance", "event": "relevance.scope_rebuilt_refuse", "correlation_id": "01KTX4QTHA04AM8BVCMHSK6BGC", "query_preview": "Quels paquets sont install\u00e9s dans la configuration pfSense pr\u00e9sent\u00e9e ?", "level": "info", "timestamp": "2026-06-12T05:27:07.576707Z"}
{"node": "refuse", "event": "start", "correlation_id": "01KTX4QTHA04AM8BVCMHSK6BGC", "query_preview": "Quels paquets sont install\u00e9s dans la configuration pfSense pr\u00e9sent\u00e9e ?", "level": "info", "timestamp": "2026-06-12T05:27:07.578169Z"}
Authentication error: Langfuse client initialized without public_key. Client will be disabled. Provide a public_key parameter or set LANGFUSE_PUBLIC_KEY environment variable. 
{"node": "retrieve", "query_len": 52, "event": "start", "correlation_id": "01KTX4RQHTJ4T65M000QR43MC3", "query_preview": "Dans quelle cat\u00e9gorie le paquet nmap est-il class\u00e9 ?", "level": "info", "timestamp": "2026-06-12T05:27:07.580136Z"}
{"query_len": 52, "k": 50, "event": "hybrid.start", "correlation_id": "01KTX4RQHTJ4T65M000QR43MC3", "query_preview": "Dans quelle cat\u00e9gorie le paquet nmap est-il class\u00e9 ?", "level": "info", "timestamp": "2026-06-12T05:27:07.580179Z"}
{"query_len": 52, "k": 50, "dense": 50, "bm25": 0, "fused": 50, "term": false, "event": "hybrid.done", "correlation_id": "01KTX4RQHTJ4T65M000QR43MC3", "query_preview": "Dans quelle cat\u00e9gorie le paquet nmap est-il class\u00e9 ?", "level": "info", "timestamp": "2026-06-12T05:27:07.654714Z"}
{"node": "retrieve", "candidate_count": 50, "event": "done", "correlation_id": "01KTX4RQHTJ4T65M000QR43MC3", "query_preview": "Dans quelle cat\u00e9gorie le paquet nmap est-il class\u00e9 ?", "level": "info", "timestamp": "2026-06-12T05:27:07.655935Z"}
{"node": "expand_graph", "reason": "disabled_or_empty", "event": "skip", "correlation_id": "01KTX4RQHTJ4T65M000QR43MC3", "query_preview": "Dans quelle cat\u00e9gorie le paquet nmap est-il class\u00e9 ?", "level": "info", "timestamp": "2026-06-12T05:27:07.657513Z"}
{"node": "rerank", "candidate_count": 50, "event": "start", "correlation_id": "01KTX4RQHTJ4T65M000QR43MC3", "query_preview": "Dans quelle cat\u00e9gorie le paquet nmap est-il class\u00e9 ?", "level": "info", "timestamp": "2026-06-12T05:27:07.658148Z"}
{"node": "rerank", "top_k": 5, "source": "mode", "event": "top_k_resolved", "correlation_id": "01KTX4RQHTJ4T65M000QR43MC3", "query_preview": "Dans quelle cat\u00e9gorie le paquet nmap est-il class\u00e9 ?", "level": "info", "timestamp": "2026-06-12T05:27:07.658213Z"}
{"candidates": 50, "top_k": 5, "backend": "cross_encoder", "event": "rerank.start", "correlation_id": "01KTX4RQHTJ4T65M000QR43MC3", "query_preview": "Dans quelle cat\u00e9gorie le paquet nmap est-il class\u00e9 ?", "level": "info", "timestamp": "2026-06-12T05:27:07.658247Z"}
{"candidates": 50, "top_k": 5, "backend": "cross_encoder", "returned": 5, "event": "rerank.done", "correlation_id": "01KTX4RQHTJ4T65M000QR43MC3", "query_preview": "Dans quelle cat\u00e9gorie le paquet nmap est-il class\u00e9 ?", "level": "info", "timestamp": "2026-06-12T05:27:42.482779Z"}
{"node": "rerank", "reranked_count": 5, "event": "done", "correlation_id": "01KTX4RQHTJ4T65M000QR43MC3", "query_preview": "Dans quelle cat\u00e9gorie le paquet nmap est-il class\u00e9 ?", "level": "info", "timestamp": "2026-06-12T05:27:42.482873Z"}
{"node": "query_tables", "reason": "empty_or_not_table_shaped", "event": "skip", "correlation_id": "01KTX4RQHTJ4T65M000QR43MC3", "query_preview": "Dans quelle cat\u00e9gorie le paquet nmap est-il class\u00e9 ?", "level": "info", "timestamp": "2026-06-12T05:27:42.485249Z"}
{"node": "assess", "reranked_count": 5, "event": "start", "correlation_id": "01KTX4RQHTJ4T65M000QR43MC3", "query_preview": "Dans quelle cat\u00e9gorie le paquet nmap est-il class\u00e9 ?", "level": "info", "timestamp": "2026-06-12T05:27:42.486297Z"}
{"prompt_tag": "assess_sufficiency@v4", "schema": "SufficiencyAssessment", "model": "cyankiwi/Qwen3.5-4B-AWQ-4bit", "max_tokens": 1024, "temperature": 0.1, "top_p": 0.8, "presence_penalty": 1.0, "seed": 42, "message_count": 1, "event": "model_call.start", "correlation_id": "01KTX4RQHTJ4T65M000QR43MC3", "query_preview": "Dans quelle cat\u00e9gorie le paquet nmap est-il class\u00e9 ?", "level": "info", "timestamp": "2026-06-12T05:27:42.488504Z"}
Authentication error: Langfuse client initialized without public_key. Client will be disabled. Provide a public_key parameter or set LANGFUSE_PUBLIC_KEY environment variable. 
{"prompt_tag": "assess_sufficiency@v4", "schema": "SufficiencyAssessment", "tokens": 2014, "event": "model_call.done", "correlation_id": "01KTX4RQHTJ4T65M000QR43MC3", "query_preview": "Dans quelle cat\u00e9gorie le paquet nmap est-il class\u00e9 ?", "level": "info", "timestamp": "2026-06-12T05:27:43.157353Z"}
{"node": "answer", "regenerate_attempt": 0, "event": "start", "correlation_id": "01KTX4RQHTJ4T65M000QR43MC3", "query_preview": "Dans quelle cat\u00e9gorie le paquet nmap est-il class\u00e9 ?", "level": "info", "timestamp": "2026-06-12T05:27:43.158859Z"}
{"prompt_tag": "answer@v5", "schema": "DraftAnswer", "model": "cyankiwi/Qwen3.5-4B-AWQ-4bit", "max_tokens": 1800, "temperature": 0.1, "top_p": 0.8, "presence_penalty": 1.0, "seed": 42, "message_count": 2, "event": "model_call.start", "correlation_id": "01KTX4RQHTJ4T65M000QR43MC3", "query_preview": "Dans quelle cat\u00e9gorie le paquet nmap est-il class\u00e9 ?", "level": "info", "timestamp": "2026-06-12T05:27:43.161553Z"}
Authentication error: Langfuse client initialized without public_key. Client will be disabled. Provide a public_key parameter or set LANGFUSE_PUBLIC_KEY environment variable. 
{"prompt_tag": "answer@v5", "schema": "DraftAnswer", "tokens": 3662, "event": "model_call.done", "correlation_id": "01KTX4RQHTJ4T65M000QR43MC3", "query_preview": "Dans quelle cat\u00e9gorie le paquet nmap est-il class\u00e9 ?", "level": "info", "timestamp": "2026-06-12T05:27:44.582605Z"}
{"node": "answer", "exact": 0, "suffix": 0, "fuzzy": 0, "unresolved": 1, "event": "chunk_id_repair", "correlation_id": "01KTX4RQHTJ4T65M000QR43MC3", "query_preview": "Dans quelle cat\u00e9gorie le paquet nmap est-il class\u00e9 ?", "level": "info", "timestamp": "2026-06-12T05:27:44.582753Z"}
{"node": "verify", "claim_count": 1, "event": "start", "correlation_id": "01KTX4RQHTJ4T65M000QR43MC3", "query_preview": "Dans quelle cat\u00e9gorie le paquet nmap est-il class\u00e9 ?", "level": "info", "timestamp": "2026-06-12T05:27:44.583766Z"}
{"prompt_tag": "verify_grounding@v2", "schema": "VerificationResult", "model": "cyankiwi/Qwen3.5-4B-AWQ-4bit", "max_tokens": 1024, "temperature": 0.1, "top_p": 0.8, "presence_penalty": 1.0, "seed": 42, "message_count": 1, "event": "model_call.start", "correlation_id": "01KTX4RQHTJ4T65M000QR43MC3", "query_preview": "Dans quelle cat\u00e9gorie le paquet nmap est-il class\u00e9 ?", "level": "info", "timestamp": "2026-06-12T05:27:44.588206Z"}
Authentication error: Langfuse client initialized without public_key. Client will be disabled. Provide a public_key parameter or set LANGFUSE_PUBLIC_KEY environment variable. 
{"prompt_tag": "verify_grounding@v2", "schema": "VerificationResult", "tokens": 1956, "event": "model_call.done", "correlation_id": "01KTX4RQHTJ4T65M000QR43MC3", "query_preview": "Dans quelle cat\u00e9gorie le paquet nmap est-il class\u00e9 ?", "level": "info", "timestamp": "2026-06-12T05:27:45.067723Z"}
{"node": "assess_relevance", "event": "start", "correlation_id": "01KTX4RQHTJ4T65M000QR43MC3", "query_preview": "Dans quelle cat\u00e9gorie le paquet nmap est-il class\u00e9 ?", "level": "info", "timestamp": "2026-06-12T05:27:45.069313Z"}
{"prompt_tag": "assess_relevance@v3", "schema": "RelevanceAssessment", "model": "cyankiwi/Qwen3.5-4B-AWQ-4bit", "max_tokens": 1024, "temperature": 0.1, "top_p": 0.8, "presence_penalty": 1.0, "seed": 42, "message_count": 1, "event": "model_call.start", "correlation_id": "01KTX4RQHTJ4T65M000QR43MC3", "query_preview": "Dans quelle cat\u00e9gorie le paquet nmap est-il class\u00e9 ?", "level": "info", "timestamp": "2026-06-12T05:27:45.070606Z"}
Authentication error: Langfuse client initialized without public_key. Client will be disabled. Provide a public_key parameter or set LANGFUSE_PUBLIC_KEY environment variable. 
{"prompt_tag": "assess_relevance@v3", "schema": "RelevanceAssessment", "tokens": 829, "event": "model_call.done", "correlation_id": "01KTX4RQHTJ4T65M000QR43MC3", "query_preview": "Dans quelle cat\u00e9gorie le paquet nmap est-il class\u00e9 ?", "level": "info", "timestamp": "2026-06-12T05:27:45.529583Z"}
{"node": "assess_relevance", "responsive": true, "event": "relevance", "correlation_id": "01KTX4RQHTJ4T65M000QR43MC3", "query_preview": "Dans quelle cat\u00e9gorie le paquet nmap est-il class\u00e9 ?", "level": "info", "timestamp": "2026-06-12T05:27:45.529651Z"}
{"node": "compose", "event": "start", "correlation_id": "01KTX4RQHTJ4T65M000QR43MC3", "query_preview": "Dans quelle cat\u00e9gorie le paquet nmap est-il class\u00e9 ?", "level": "info", "timestamp": "2026-06-12T05:27:45.531279Z"}
Authentication error: Langfuse client initialized without public_key. Client will be disabled. Provide a public_key parameter or set LANGFUSE_PUBLIC_KEY environment variable. 
{"node": "retrieve", "query_len": 86, "event": "start", "correlation_id": "01KTX4SWKWT998SWVA4Y4M54CA", "query_preview": "Dans quelle cat\u00e9gorie le paquet bandwidthd est-il class\u00e9 d'apr\u00e8s l'interface pfS", "level": "info", "timestamp": "2026-06-12T05:27:45.533371Z"}
{"query_len": 86, "k": 50, "event": "hybrid.start", "correlation_id": "01KTX4SWKWT998SWVA4Y4M54CA", "query_preview": "Dans quelle cat\u00e9gorie le paquet bandwidthd est-il class\u00e9 d'apr\u00e8s l'interface pfS", "level": "info", "timestamp": "2026-06-12T05:27:45.533418Z"}
{"query_len": 86, "k": 50, "dense": 50, "bm25": 50, "fused": 50, "term": true, "event": "hybrid.done", "correlation_id": "01KTX4SWKWT998SWVA4Y4M54CA", "query_preview": "Dans quelle cat\u00e9gorie le paquet bandwidthd est-il class\u00e9 d'apr\u00e8s l'interface pfS", "level": "info", "timestamp": "2026-06-12T05:27:45.608199Z"}
{"node": "retrieve", "candidate_count": 50, "event": "done", "correlation_id": "01KTX4SWKWT998SWVA4Y4M54CA", "query_preview": "Dans quelle cat\u00e9gorie le paquet bandwidthd est-il class\u00e9 d'apr\u00e8s l'interface pfS", "level": "info", "timestamp": "2026-06-12T05:27:45.609184Z"}
{"node": "expand_graph", "reason": "disabled_or_empty", "event": "skip", "correlation_id": "01KTX4SWKWT998SWVA4Y4M54CA", "query_preview": "Dans quelle cat\u00e9gorie le paquet bandwidthd est-il class\u00e9 d'apr\u00e8s l'interface pfS", "level": "info", "timestamp": "2026-06-12T05:27:45.610641Z"}
{"node": "rerank", "candidate_count": 50, "event": "start", "correlation_id": "01KTX4SWKWT998SWVA4Y4M54CA", "query_preview": "Dans quelle cat\u00e9gorie le paquet bandwidthd est-il class\u00e9 d'apr\u00e8s l'interface pfS", "level": "info", "timestamp": "2026-06-12T05:27:45.611160Z"}
{"node": "rerank", "top_k": 5, "source": "mode", "event": "top_k_resolved", "correlation_id": "01KTX4SWKWT998SWVA4Y4M54CA", "query_preview": "Dans quelle cat\u00e9gorie le paquet bandwidthd est-il class\u00e9 d'apr\u00e8s l'interface pfS", "level": "info", "timestamp": "2026-06-12T05:27:45.611209Z"}
{"candidates": 50, "top_k": 5, "backend": "cross_encoder", "event": "rerank.start", "correlation_id": "01KTX4SWKWT998SWVA4Y4M54CA", "query_preview": "Dans quelle cat\u00e9gorie le paquet bandwidthd est-il class\u00e9 d'apr\u00e8s l'interface pfS", "level": "info", "timestamp": "2026-06-12T05:27:45.611241Z"}
{"candidates": 50, "top_k": 5, "backend": "cross_encoder", "returned": 5, "event": "rerank.done", "correlation_id": "01KTX4SWKWT998SWVA4Y4M54CA", "query_preview": "Dans quelle cat\u00e9gorie le paquet bandwidthd est-il class\u00e9 d'apr\u00e8s l'interface pfS", "level": "info", "timestamp": "2026-06-12T05:28:15.170305Z"}
{"node": "rerank", "reranked_count": 5, "event": "done", "correlation_id": "01KTX4SWKWT998SWVA4Y4M54CA", "query_preview": "Dans quelle cat\u00e9gorie le paquet bandwidthd est-il class\u00e9 d'apr\u00e8s l'interface pfS", "level": "info", "timestamp": "2026-06-12T05:28:15.170414Z"}
{"node": "query_tables", "reason": "empty_or_not_table_shaped", "event": "skip", "correlation_id": "01KTX4SWKWT998SWVA4Y4M54CA", "query_preview": "Dans quelle cat\u00e9gorie le paquet bandwidthd est-il class\u00e9 d'apr\u00e8s l'interface pfS", "level": "info", "timestamp": "2026-06-12T05:28:15.172610Z"}
{"node": "assess", "reranked_count": 5, "event": "start", "correlation_id": "01KTX4SWKWT998SWVA4Y4M54CA", "query_preview": "Dans quelle cat\u00e9gorie le paquet bandwidthd est-il class\u00e9 d'apr\u00e8s l'interface pfS", "level": "info", "timestamp": "2026-06-12T05:28:15.173464Z"}
{"prompt_tag": "assess_sufficiency@v4", "schema": "SufficiencyAssessment", "model": "cyankiwi/Qwen3.5-4B-AWQ-4bit", "max_tokens": 1024, "temperature": 0.1, "top_p": 0.8, "presence_penalty": 1.0, "seed": 42, "message_count": 1, "event": "model_call.start", "correlation_id": "01KTX4SWKWT998SWVA4Y4M54CA", "query_preview": "Dans quelle cat\u00e9gorie le paquet bandwidthd est-il class\u00e9 d'apr\u00e8s l'interface pfS", "level": "info", "timestamp": "2026-06-12T05:28:15.175904Z"}
Authentication error: Langfuse client initialized without public_key. Client will be disabled. Provide a public_key parameter or set LANGFUSE_PUBLIC_KEY environment variable. 
{"prompt_tag": "assess_sufficiency@v4", "schema": "SufficiencyAssessment", "tokens": 2240, "event": "model_call.done", "correlation_id": "01KTX4SWKWT998SWVA4Y4M54CA", "query_preview": "Dans quelle cat\u00e9gorie le paquet bandwidthd est-il class\u00e9 d'apr\u00e8s l'interface pfS", "level": "info", "timestamp": "2026-06-12T05:28:15.980471Z"}
{"node": "answer", "regenerate_attempt": 0, "event": "start", "correlation_id": "01KTX4SWKWT998SWVA4Y4M54CA", "query_preview": "Dans quelle cat\u00e9gorie le paquet bandwidthd est-il class\u00e9 d'apr\u00e8s l'interface pfS", "level": "info", "timestamp": "2026-06-12T05:28:15.981926Z"}
{"prompt_tag": "answer@v5", "schema": "DraftAnswer", "model": "cyankiwi/Qwen3.5-4B-AWQ-4bit", "max_tokens": 1800, "temperature": 0.1, "top_p": 0.8, "presence_penalty": 1.0, "seed": 42, "message_count": 2, "event": "model_call.start", "correlation_id": "01KTX4SWKWT998SWVA4Y4M54CA", "query_preview": "Dans quelle cat\u00e9gorie le paquet bandwidthd est-il class\u00e9 d'apr\u00e8s l'interface pfS", "level": "info", "timestamp": "2026-06-12T05:28:15.984169Z"}
Authentication error: Langfuse client initialized without public_key. Client will be disabled. Provide a public_key parameter or set LANGFUSE_PUBLIC_KEY environment variable. 
{"prompt_tag": "answer@v5", "schema": "DraftAnswer", "tokens": 3875, "event": "model_call.done", "correlation_id": "01KTX4SWKWT998SWVA4Y4M54CA", "query_preview": "Dans quelle cat\u00e9gorie le paquet bandwidthd est-il class\u00e9 d'apr\u00e8s l'interface pfS", "level": "info", "timestamp": "2026-06-12T05:28:17.419125Z"}
{"node": "answer", "original": "Le paquet bandwidthd est class\u00e9 dans la cat\u00e9gorie 'net-mgmt' selon l'interface pfSense, comme indiqu\u00e9 dans le tableau de", "event": "answer.summary_scope_rebuilt", "correlation_id": "01KTX4SWKWT998SWVA4Y4M54CA", "query_preview": "Dans quelle cat\u00e9gorie le paquet bandwidthd est-il class\u00e9 d'apr\u00e8s l'interface pfS", "level": "info", "timestamp": "2026-06-12T05:28:17.419226Z"}
{"node": "answer", "exact": 0, "suffix": 0, "fuzzy": 0, "unresolved": 1, "event": "chunk_id_repair", "correlation_id": "01KTX4SWKWT998SWVA4Y4M54CA", "query_preview": "Dans quelle cat\u00e9gorie le paquet bandwidthd est-il class\u00e9 d'apr\u00e8s l'interface pfS", "level": "info", "timestamp": "2026-06-12T05:28:17.419415Z"}
{"node": "verify", "claim_count": 1, "event": "start", "correlation_id": "01KTX4SWKWT998SWVA4Y4M54CA", "query_preview": "Dans quelle cat\u00e9gorie le paquet bandwidthd est-il class\u00e9 d'apr\u00e8s l'interface pfS", "level": "info", "timestamp": "2026-06-12T05:28:17.420319Z"}
{"prompt_tag": "verify_grounding@v2", "schema": "VerificationResult", "model": "cyankiwi/Qwen3.5-4B-AWQ-4bit", "max_tokens": 1024, "temperature": 0.1, "top_p": 0.8, "presence_penalty": 1.0, "seed": 42, "message_count": 1, "event": "model_call.start", "correlation_id": "01KTX4SWKWT998SWVA4Y4M54CA", "query_preview": "Dans quelle cat\u00e9gorie le paquet bandwidthd est-il class\u00e9 d'apr\u00e8s l'interface pfS", "level": "info", "timestamp": "2026-06-12T05:28:17.424346Z"}
Authentication error: Langfuse client initialized without public_key. Client will be disabled. Provide a public_key parameter or set LANGFUSE_PUBLIC_KEY environment variable. 
{"prompt_tag": "verify_grounding@v2", "schema": "VerificationResult", "tokens": 2150, "event": "model_call.done", "correlation_id": "01KTX4SWKWT998SWVA4Y4M54CA", "query_preview": "Dans quelle cat\u00e9gorie le paquet bandwidthd est-il class\u00e9 d'apr\u00e8s l'interface pfS", "level": "info", "timestamp": "2026-06-12T05:28:17.941621Z"}
{"node": "assess_relevance", "event": "start", "correlation_id": "01KTX4SWKWT998SWVA4Y4M54CA", "query_preview": "Dans quelle cat\u00e9gorie le paquet bandwidthd est-il class\u00e9 d'apr\u00e8s l'interface pfS", "level": "info", "timestamp": "2026-06-12T05:28:17.942764Z"}
{"node": "assess_relevance", "event": "relevance.scope_rebuilt_refuse", "correlation_id": "01KTX4SWKWT998SWVA4Y4M54CA", "query_preview": "Dans quelle cat\u00e9gorie le paquet bandwidthd est-il class\u00e9 d'apr\u00e8s l'interface pfS", "level": "info", "timestamp": "2026-06-12T05:28:17.942800Z"}
{"node": "refuse", "event": "start", "correlation_id": "01KTX4SWKWT998SWVA4Y4M54CA", "query_preview": "Dans quelle cat\u00e9gorie le paquet bandwidthd est-il class\u00e9 d'apr\u00e8s l'interface pfS", "level": "info", "timestamp": "2026-06-12T05:28:17.943563Z"}
Authentication error: Langfuse client initialized without public_key. Client will be disabled. Provide a public_key parameter or set LANGFUSE_PUBLIC_KEY environment variable. 
{"node": "retrieve", "query_len": 75, "event": "start", "correlation_id": "01KTX4TW8RDE5T37GBKKEPEC6Y", "query_preview": "Quelles sont les trois composantes du processus d'authentification 802.1X ?", "level": "info", "timestamp": "2026-06-12T05:28:17.944966Z"}
{"query_len": 75, "k": 50, "event": "hybrid.start", "correlation_id": "01KTX4TW8RDE5T37GBKKEPEC6Y", "query_preview": "Quelles sont les trois composantes du processus d'authentification 802.1X ?", "level": "info", "timestamp": "2026-06-12T05:28:17.944999Z"}
{"query_len": 75, "k": 50, "dense": 50, "bm25": 0, "fused": 50, "term": false, "event": "hybrid.done", "correlation_id": "01KTX4TW8RDE5T37GBKKEPEC6Y", "query_preview": "Quelles sont les trois composantes du processus d'authentification 802.1X ?", "level": "info", "timestamp": "2026-06-12T05:28:18.022134Z"}
{"node": "retrieve", "candidate_count": 50, "event": "done", "correlation_id": "01KTX4TW8RDE5T37GBKKEPEC6Y", "query_preview": "Quelles sont les trois composantes du processus d'authentification 802.1X ?", "level": "info", "timestamp": "2026-06-12T05:28:18.023160Z"}
{"node": "expand_graph", "reason": "disabled_or_empty", "event": "skip", "correlation_id": "01KTX4TW8RDE5T37GBKKEPEC6Y", "query_preview": "Quelles sont les trois composantes du processus d'authentification 802.1X ?", "level": "info", "timestamp": "2026-06-12T05:28:18.024443Z"}
{"node": "rerank", "candidate_count": 50, "event": "start", "correlation_id": "01KTX4TW8RDE5T37GBKKEPEC6Y", "query_preview": "Quelles sont les trois composantes du processus d'authentification 802.1X ?", "level": "info", "timestamp": "2026-06-12T05:28:18.024922Z"}
{"node": "rerank", "top_k": 5, "source": "mode", "event": "top_k_resolved", "correlation_id": "01KTX4TW8RDE5T37GBKKEPEC6Y", "query_preview": "Quelles sont les trois composantes du processus d'authentification 802.1X ?", "level": "info", "timestamp": "2026-06-12T05:28:18.024969Z"}
{"candidates": 50, "top_k": 5, "backend": "cross_encoder", "event": "rerank.start", "correlation_id": "01KTX4TW8RDE5T37GBKKEPEC6Y", "query_preview": "Quelles sont les trois composantes du processus d'authentification 802.1X ?", "level": "info", "timestamp": "2026-06-12T05:28:18.024999Z"}
{"candidates": 50, "top_k": 5, "backend": "cross_encoder", "returned": 5, "event": "rerank.done", "correlation_id": "01KTX4TW8RDE5T37GBKKEPEC6Y", "query_preview": "Quelles sont les trois composantes du processus d'authentification 802.1X ?", "level": "info", "timestamp": "2026-06-12T05:28:43.446771Z"}
{"node": "rerank", "reranked_count": 5, "event": "done", "correlation_id": "01KTX4TW8RDE5T37GBKKEPEC6Y", "query_preview": "Quelles sont les trois composantes du processus d'authentification 802.1X ?", "level": "info", "timestamp": "2026-06-12T05:28:43.446881Z"}
{"node": "query_tables", "reason": "empty_or_not_table_shaped", "event": "skip", "correlation_id": "01KTX4TW8RDE5T37GBKKEPEC6Y", "query_preview": "Quelles sont les trois composantes du processus d'authentification 802.1X ?", "level": "info", "timestamp": "2026-06-12T05:28:43.449009Z"}
{"node": "assess", "reranked_count": 5, "event": "start", "correlation_id": "01KTX4TW8RDE5T37GBKKEPEC6Y", "query_preview": "Quelles sont les trois composantes du processus d'authentification 802.1X ?", "level": "info", "timestamp": "2026-06-12T05:28:43.449819Z"}
{"prompt_tag": "assess_sufficiency@v4", "schema": "SufficiencyAssessment", "model": "cyankiwi/Qwen3.5-4B-AWQ-4bit", "max_tokens": 1024, "temperature": 0.1, "top_p": 0.8, "presence_penalty": 1.0, "seed": 42, "message_count": 1, "event": "model_call.start", "correlation_id": "01KTX4TW8RDE5T37GBKKEPEC6Y", "query_preview": "Quelles sont les trois composantes du processus d'authentification 802.1X ?", "level": "info", "timestamp": "2026-06-12T05:28:43.452174Z"}
Authentication error: Langfuse client initialized without public_key. Client will be disabled. Provide a public_key parameter or set LANGFUSE_PUBLIC_KEY environment variable. 
{"prompt_tag": "assess_sufficiency@v4", "schema": "SufficiencyAssessment", "tokens": 1352, "event": "model_call.done", "correlation_id": "01KTX4TW8RDE5T37GBKKEPEC6Y", "query_preview": "Quelles sont les trois composantes du processus d'authentification 802.1X ?", "level": "info", "timestamp": "2026-06-12T05:28:44.197698Z"}
{"node": "answer", "regenerate_attempt": 0, "event": "start", "correlation_id": "01KTX4TW8RDE5T37GBKKEPEC6Y", "query_preview": "Quelles sont les trois composantes du processus d'authentification 802.1X ?", "level": "info", "timestamp": "2026-06-12T05:28:44.198884Z"}
{"prompt_tag": "answer@v5", "schema": "DraftAnswer", "model": "cyankiwi/Qwen3.5-4B-AWQ-4bit", "max_tokens": 1800, "temperature": 0.1, "top_p": 0.8, "presence_penalty": 1.0, "seed": 42, "message_count": 2, "event": "model_call.start", "correlation_id": "01KTX4TW8RDE5T37GBKKEPEC6Y", "query_preview": "Quelles sont les trois composantes du processus d'authentification 802.1X ?", "level": "info", "timestamp": "2026-06-12T05:28:44.200956Z"}
Authentication error: Langfuse client initialized without public_key. Client will be disabled. Provide a public_key parameter or set LANGFUSE_PUBLIC_KEY environment variable. 
{"prompt_tag": "answer@v5", "schema": "DraftAnswer", "tokens": 3273, "event": "model_call.done", "correlation_id": "01KTX4TW8RDE5T37GBKKEPEC6Y", "query_preview": "Quelles sont les trois composantes du processus d'authentification 802.1X ?", "level": "info", "timestamp": "2026-06-12T05:28:48.138311Z"}
{"node": "answer", "original": "Les trois composantes du processus d'authentification 802.1X sont le Supplicant (client), l'Authenticator (switch ou poi", "event": "answer.summary_scope_rebuilt", "correlation_id": "01KTX4TW8RDE5T37GBKKEPEC6Y", "query_preview": "Quelles sont les trois composantes du processus d'authentification 802.1X ?", "level": "info", "timestamp": "2026-06-12T05:28:48.138447Z"}
{"node": "answer", "exact": 0, "suffix": 0, "fuzzy": 2, "unresolved": 1, "event": "chunk_id_repair", "correlation_id": "01KTX4TW8RDE5T37GBKKEPEC6Y", "query_preview": "Quelles sont les trois composantes du processus d'authentification 802.1X ?", "level": "info", "timestamp": "2026-06-12T05:28:48.138752Z"}
{"node": "verify", "claim_count": 3, "event": "start", "correlation_id": "01KTX4TW8RDE5T37GBKKEPEC6Y", "query_preview": "Quelles sont les trois composantes du processus d'authentification 802.1X ?", "level": "info", "timestamp": "2026-06-12T05:28:48.139628Z"}
{"prompt_tag": "verify_grounding@v2", "schema": "VerificationResult", "model": "cyankiwi/Qwen3.5-4B-AWQ-4bit", "max_tokens": 1024, "temperature": 0.1, "top_p": 0.8, "presence_penalty": 1.0, "seed": 42, "message_count": 1, "event": "model_call.start", "correlation_id": "01KTX4TW8RDE5T37GBKKEPEC6Y", "query_preview": "Quelles sont les trois composantes du processus d'authentification 802.1X ?", "level": "info", "timestamp": "2026-06-12T05:28:48.143077Z"}
Authentication error: Langfuse client initialized without public_key. Client will be disabled. Provide a public_key parameter or set LANGFUSE_PUBLIC_KEY environment variable. 
{"prompt_tag": "verify_grounding@v2", "schema": "VerificationResult", "tokens": 1486, "event": "model_call.done", "correlation_id": "01KTX4TW8RDE5T37GBKKEPEC6Y", "query_preview": "Quelles sont les trois composantes du processus d'authentification 802.1X ?", "level": "info", "timestamp": "2026-06-12T05:28:48.603401Z"}
{"node": "assess_relevance", "event": "start", "correlation_id": "01KTX4TW8RDE5T37GBKKEPEC6Y", "query_preview": "Quelles sont les trois composantes du processus d'authentification 802.1X ?", "level": "info", "timestamp": "2026-06-12T05:28:48.604802Z"}
{"node": "assess_relevance", "event": "relevance.scope_rebuilt_refuse", "correlation_id": "01KTX4TW8RDE5T37GBKKEPEC6Y", "query_preview": "Quelles sont les trois composantes du processus d'authentification 802.1X ?", "level": "info", "timestamp": "2026-06-12T05:28:48.604845Z"}
{"node": "refuse", "event": "start", "correlation_id": "01KTX4TW8RDE5T37GBKKEPEC6Y", "query_preview": "Quelles sont les trois composantes du processus d'authentification 802.1X ?", "level": "info", "timestamp": "2026-06-12T05:28:48.605696Z"}
Authentication error: Langfuse client initialized without public_key. Client will be disabled. Provide a public_key parameter or set LANGFUSE_PUBLIC_KEY environment variable. 
{"node": "retrieve", "query_len": 75, "event": "start", "correlation_id": "01KTX4VT6YANF5K831A3K5AQCY", "query_preview": "Quel message le client envoie-t-il pour amorcer l'authentification 802.1X ?", "level": "info", "timestamp": "2026-06-12T05:28:48.607144Z"}
{"query_len": 75, "k": 50, "event": "hybrid.start", "correlation_id": "01KTX4VT6YANF5K831A3K5AQCY", "query_preview": "Quel message le client envoie-t-il pour amorcer l'authentification 802.1X ?", "level": "info", "timestamp": "2026-06-12T05:28:48.607180Z"}
{"query_len": 75, "k": 50, "dense": 50, "bm25": 0, "fused": 50, "term": false, "event": "hybrid.done", "correlation_id": "01KTX4VT6YANF5K831A3K5AQCY", "query_preview": "Quel message le client envoie-t-il pour amorcer l'authentification 802.1X ?", "level": "info", "timestamp": "2026-06-12T05:28:48.681158Z"}
{"node": "retrieve", "candidate_count": 50, "event": "done", "correlation_id": "01KTX4VT6YANF5K831A3K5AQCY", "query_preview": "Quel message le client envoie-t-il pour amorcer l'authentification 802.1X ?", "level": "info", "timestamp": "2026-06-12T05:28:48.682053Z"}
{"node": "expand_graph", "reason": "disabled_or_empty", "event": "skip", "correlation_id": "01KTX4VT6YANF5K831A3K5AQCY", "query_preview": "Quel message le client envoie-t-il pour amorcer l'authentification 802.1X ?", "level": "info", "timestamp": "2026-06-12T05:28:48.683420Z"}
{"node": "rerank", "candidate_count": 50, "event": "start", "correlation_id": "01KTX4VT6YANF5K831A3K5AQCY", "query_preview": "Quel message le client envoie-t-il pour amorcer l'authentification 802.1X ?", "level": "info", "timestamp": "2026-06-12T05:28:48.683937Z"}
{"node": "rerank", "top_k": 5, "source": "mode", "event": "top_k_resolved", "correlation_id": "01KTX4VT6YANF5K831A3K5AQCY", "query_preview": "Quel message le client envoie-t-il pour amorcer l'authentification 802.1X ?", "level": "info", "timestamp": "2026-06-12T05:28:48.683986Z"}
{"candidates": 50, "top_k": 5, "backend": "cross_encoder", "event": "rerank.start", "correlation_id": "01KTX4VT6YANF5K831A3K5AQCY", "query_preview": "Quel message le client envoie-t-il pour amorcer l'authentification 802.1X ?", "level": "info", "timestamp": "2026-06-12T05:28:48.684017Z"}
{"candidates": 50, "top_k": 5, "backend": "cross_encoder", "returned": 5, "event": "rerank.done", "correlation_id": "01KTX4VT6YANF5K831A3K5AQCY", "query_preview": "Quel message le client envoie-t-il pour amorcer l'authentification 802.1X ?", "level": "info", "timestamp": "2026-06-12T05:29:21.657240Z"}
{"node": "rerank", "reranked_count": 5, "event": "done", "correlation_id": "01KTX4VT6YANF5K831A3K5AQCY", "query_preview": "Quel message le client envoie-t-il pour amorcer l'authentification 802.1X ?", "level": "info", "timestamp": "2026-06-12T05:29:21.657366Z"}
{"node": "query_tables", "reason": "empty_or_not_table_shaped", "event": "skip", "correlation_id": "01KTX4VT6YANF5K831A3K5AQCY", "query_preview": "Quel message le client envoie-t-il pour amorcer l'authentification 802.1X ?", "level": "info", "timestamp": "2026-06-12T05:29:21.659508Z"}
{"node": "assess", "reranked_count": 5, "event": "start", "correlation_id": "01KTX4VT6YANF5K831A3K5AQCY", "query_preview": "Quel message le client envoie-t-il pour amorcer l'authentification 802.1X ?", "level": "info", "timestamp": "2026-06-12T05:29:21.660442Z"}
{"prompt_tag": "assess_sufficiency@v4", "schema": "SufficiencyAssessment", "model": "cyankiwi/Qwen3.5-4B-AWQ-4bit", "max_tokens": 1024, "temperature": 0.1, "top_p": 0.8, "presence_penalty": 1.0, "seed": 42, "message_count": 1, "event": "model_call.start", "correlation_id": "01KTX4VT6YANF5K831A3K5AQCY", "query_preview": "Quel message le client envoie-t-il pour amorcer l'authentification 802.1X ?", "level": "info", "timestamp": "2026-06-12T05:29:21.662839Z"}
Authentication error: Langfuse client initialized without public_key. Client will be disabled. Provide a public_key parameter or set LANGFUSE_PUBLIC_KEY environment variable. 
{"prompt_tag": "assess_sufficiency@v4", "schema": "SufficiencyAssessment", "tokens": 2195, "event": "model_call.done", "correlation_id": "01KTX4VT6YANF5K831A3K5AQCY", "query_preview": "Quel message le client envoie-t-il pour amorcer l'authentification 802.1X ?", "level": "info", "timestamp": "2026-06-12T05:29:22.445488Z"}
{"node": "answer", "regenerate_attempt": 0, "event": "start", "correlation_id": "01KTX4VT6YANF5K831A3K5AQCY", "query_preview": "Quel message le client envoie-t-il pour amorcer l'authentification 802.1X ?", "level": "info", "timestamp": "2026-06-12T05:29:22.447014Z"}
{"prompt_tag": "answer@v5", "schema": "DraftAnswer", "model": "cyankiwi/Qwen3.5-4B-AWQ-4bit", "max_tokens": 1800, "temperature": 0.1, "top_p": 0.8, "presence_penalty": 1.0, "seed": 42, "message_count": 2, "event": "model_call.start", "correlation_id": "01KTX4VT6YANF5K831A3K5AQCY", "query_preview": "Quel message le client envoie-t-il pour amorcer l'authentification 802.1X ?", "level": "info", "timestamp": "2026-06-12T05:29:22.449035Z"}
Authentication error: Langfuse client initialized without public_key. Client will be disabled. Provide a public_key parameter or set LANGFUSE_PUBLIC_KEY environment variable. 
{"prompt_tag": "answer@v5", "schema": "DraftAnswer", "tokens": 3846, "event": "model_call.done", "correlation_id": "01KTX4VT6YANF5K831A3K5AQCY", "query_preview": "Quel message le client envoie-t-il pour amorcer l'authentification 802.1X ?", "level": "info", "timestamp": "2026-06-12T05:29:24.027262Z"}
{"node": "answer", "original": "Le client envoie un message EAPOL-Start pour amorcer l'authentification 802.1X.", "event": "answer.summary_scope_rebuilt", "correlation_id": "01KTX4VT6YANF5K831A3K5AQCY", "query_preview": "Quel message le client envoie-t-il pour amorcer l'authentification 802.1X ?", "level": "info", "timestamp": "2026-06-12T05:29:24.027348Z"}
{"node": "answer", "exact": 0, "suffix": 0, "fuzzy": 0, "unresolved": 1, "event": "chunk_id_repair", "correlation_id": "01KTX4VT6YANF5K831A3K5AQCY", "query_preview": "Quel message le client envoie-t-il pour amorcer l'authentification 802.1X ?", "level": "info", "timestamp": "2026-06-12T05:29:24.027463Z"}
{"node": "verify", "claim_count": 1, "event": "start", "correlation_id": "01KTX4VT6YANF5K831A3K5AQCY", "query_preview": "Quel message le client envoie-t-il pour amorcer l'authentification 802.1X ?", "level": "info", "timestamp": "2026-06-12T05:29:24.028377Z"}
{"prompt_tag": "verify_grounding@v2", "schema": "VerificationResult", "model": "cyankiwi/Qwen3.5-4B-AWQ-4bit", "max_tokens": 1024, "temperature": 0.1, "top_p": 0.8, "presence_penalty": 1.0, "seed": 42, "message_count": 1, "event": "model_call.start", "correlation_id": "01KTX4VT6YANF5K831A3K5AQCY", "query_preview": "Quel message le client envoie-t-il pour amorcer l'authentification 802.1X ?", "level": "info", "timestamp": "2026-06-12T05:29:24.031978Z"}
Authentication error: Langfuse client initialized without public_key. Client will be disabled. Provide a public_key parameter or set LANGFUSE_PUBLIC_KEY environment variable. 
{"prompt_tag": "verify_grounding@v2", "schema": "VerificationResult", "tokens": 2117, "event": "model_call.done", "correlation_id": "01KTX4VT6YANF5K831A3K5AQCY", "query_preview": "Quel message le client envoie-t-il pour amorcer l'authentification 802.1X ?", "level": "info", "timestamp": "2026-06-12T05:29:24.531846Z"}
{"node": "assess_relevance", "event": "start", "correlation_id": "01KTX4VT6YANF5K831A3K5AQCY", "query_preview": "Quel message le client envoie-t-il pour amorcer l'authentification 802.1X ?", "level": "info", "timestamp": "2026-06-12T05:29:24.533149Z"}
{"node": "assess_relevance", "event": "relevance.scope_rebuilt_refuse", "correlation_id": "01KTX4VT6YANF5K831A3K5AQCY", "query_preview": "Quel message le client envoie-t-il pour amorcer l'authentification 802.1X ?", "level": "info", "timestamp": "2026-06-12T05:29:24.533185Z"}
{"node": "refuse", "event": "start", "correlation_id": "01KTX4VT6YANF5K831A3K5AQCY", "query_preview": "Quel message le client envoie-t-il pour amorcer l'authentification 802.1X ?", "level": "info", "timestamp": "2026-06-12T05:29:24.533961Z"}
Authentication error: Langfuse client initialized without public_key. Client will be disabled. Provide a public_key parameter or set LANGFUSE_PUBLIC_KEY environment variable. 
{"node": "retrieve", "query_len": 74, "event": "start", "correlation_id": "01KTX4WX9P3XP272H8EX2MAHXR", "query_preview": "Quel type de serveur r\u00e9alise l'authentification dans le processus 802.1X ?", "level": "info", "timestamp": "2026-06-12T05:29:24.535609Z"}
{"query_len": 74, "k": 50, "event": "hybrid.start", "correlation_id": "01KTX4WX9P3XP272H8EX2MAHXR", "query_preview": "Quel type de serveur r\u00e9alise l'authentification dans le processus 802.1X ?", "level": "info", "timestamp": "2026-06-12T05:29:24.535647Z"}
{"query_len": 74, "k": 50, "dense": 50, "bm25": 0, "fused": 50, "term": false, "event": "hybrid.done", "correlation_id": "01KTX4WX9P3XP272H8EX2MAHXR", "query_preview": "Quel type de serveur r\u00e9alise l'authentification dans le processus 802.1X ?", "level": "info", "timestamp": "2026-06-12T05:29:24.610516Z"}
{"node": "retrieve", "candidate_count": 50, "event": "done", "correlation_id": "01KTX4WX9P3XP272H8EX2MAHXR", "query_preview": "Quel type de serveur r\u00e9alise l'authentification dans le processus 802.1X ?", "level": "info", "timestamp": "2026-06-12T05:29:24.611532Z"}
{"node": "expand_graph", "reason": "disabled_or_empty", "event": "skip", "correlation_id": "01KTX4WX9P3XP272H8EX2MAHXR", "query_preview": "Quel type de serveur r\u00e9alise l'authentification dans le processus 802.1X ?", "level": "info", "timestamp": "2026-06-12T05:29:24.612862Z"}
{"node": "rerank", "candidate_count": 50, "event": "start", "correlation_id": "01KTX4WX9P3XP272H8EX2MAHXR", "query_preview": "Quel type de serveur r\u00e9alise l'authentification dans le processus 802.1X ?", "level": "info", "timestamp": "2026-06-12T05:29:24.613486Z"}
{"node": "rerank", "top_k": 5, "source": "mode", "event": "top_k_resolved", "correlation_id": "01KTX4WX9P3XP272H8EX2MAHXR", "query_preview": "Quel type de serveur r\u00e9alise l'authentification dans le processus 802.1X ?", "level": "info", "timestamp": "2026-06-12T05:29:24.613552Z"}
{"candidates": 50, "top_k": 5, "backend": "cross_encoder", "event": "rerank.start", "correlation_id": "01KTX4WX9P3XP272H8EX2MAHXR", "query_preview": "Quel type de serveur r\u00e9alise l'authentification dans le processus 802.1X ?", "level": "info", "timestamp": "2026-06-12T05:29:24.613588Z"}
{"candidates": 50, "top_k": 5, "backend": "cross_encoder", "returned": 5, "event": "rerank.done", "correlation_id": "01KTX4WX9P3XP272H8EX2MAHXR", "query_preview": "Quel type de serveur r\u00e9alise l'authentification dans le processus 802.1X ?", "level": "info", "timestamp": "2026-06-12T05:29:49.346106Z"}
{"node": "rerank", "reranked_count": 5, "event": "done", "correlation_id": "01KTX4WX9P3XP272H8EX2MAHXR", "query_preview": "Quel type de serveur r\u00e9alise l'authentification dans le processus 802.1X ?", "level": "info", "timestamp": "2026-06-12T05:29:49.346237Z"}
{"node": "query_tables", "reason": "empty_or_not_table_shaped", "event": "skip", "correlation_id": "01KTX4WX9P3XP272H8EX2MAHXR", "query_preview": "Quel type de serveur r\u00e9alise l'authentification dans le processus 802.1X ?", "level": "info", "timestamp": "2026-06-12T05:29:49.348510Z"}
{"node": "assess", "reranked_count": 5, "event": "start", "correlation_id": "01KTX4WX9P3XP272H8EX2MAHXR", "query_preview": "Quel type de serveur r\u00e9alise l'authentification dans le processus 802.1X ?", "level": "info", "timestamp": "2026-06-12T05:29:49.349445Z"}
{"prompt_tag": "assess_sufficiency@v4", "schema": "SufficiencyAssessment", "model": "cyankiwi/Qwen3.5-4B-AWQ-4bit", "max_tokens": 1024, "temperature": 0.1, "top_p": 0.8, "presence_penalty": 1.0, "seed": 42, "message_count": 1, "event": "model_call.start", "correlation_id": "01KTX4WX9P3XP272H8EX2MAHXR", "query_preview": "Quel type de serveur r\u00e9alise l'authentification dans le processus 802.1X ?", "level": "info", "timestamp": "2026-06-12T05:29:49.351589Z"}
Authentication error: Langfuse client initialized without public_key. Client will be disabled. Provide a public_key parameter or set LANGFUSE_PUBLIC_KEY environment variable. 
{"prompt_tag": "assess_sufficiency@v4", "schema": "SufficiencyAssessment", "tokens": 1551, "event": "model_call.done", "correlation_id": "01KTX4WX9P3XP272H8EX2MAHXR", "query_preview": "Quel type de serveur r\u00e9alise l'authentification dans le processus 802.1X ?", "level": "info", "timestamp": "2026-06-12T05:29:50.087067Z"}
{"node": "answer", "regenerate_attempt": 0, "event": "start", "correlation_id": "01KTX4WX9P3XP272H8EX2MAHXR", "query_preview": "Quel type de serveur r\u00e9alise l'authentification dans le processus 802.1X ?", "level": "info", "timestamp": "2026-06-12T05:29:50.088410Z"}
{"prompt_tag": "answer@v5", "schema": "DraftAnswer", "model": "cyankiwi/Qwen3.5-4B-AWQ-4bit", "max_tokens": 1800, "temperature": 0.1, "top_p": 0.8, "presence_penalty": 1.0, "seed": 42, "message_count": 2, "event": "model_call.start", "correlation_id": "01KTX4WX9P3XP272H8EX2MAHXR", "query_preview": "Quel type de serveur r\u00e9alise l'authentification dans le processus 802.1X ?", "level": "info", "timestamp": "2026-06-12T05:29:50.090422Z"}
Authentication error: Langfuse client initialized without public_key. Client will be disabled. Provide a public_key parameter or set LANGFUSE_PUBLIC_KEY environment variable. 
{"prompt_tag": "answer@v5", "schema": "DraftAnswer", "tokens": 3301, "event": "model_call.done", "correlation_id": "01KTX4WX9P3XP272H8EX2MAHXR", "query_preview": "Quel type de serveur r\u00e9alise l'authentification dans le processus 802.1X ?", "level": "info", "timestamp": "2026-06-12T05:29:52.495122Z"}
{"node": "answer", "original": "Le serveur d'authentification (comme un serveur RADIUS) r\u00e9alise le processus d'authentification dans le protocole 802.1X", "event": "answer.summary_scope_rebuilt", "correlation_id": "01KTX4WX9P3XP272H8EX2MAHXR", "query_preview": "Quel type de serveur r\u00e9alise l'authentification dans le processus 802.1X ?", "level": "info", "timestamp": "2026-06-12T05:29:52.495217Z"}
{"node": "answer", "exact": 0, "suffix": 0, "fuzzy": 2, "unresolved": 0, "event": "chunk_id_repair", "correlation_id": "01KTX4WX9P3XP272H8EX2MAHXR", "query_preview": "Quel type de serveur r\u00e9alise l'authentification dans le processus 802.1X ?", "level": "info", "timestamp": "2026-06-12T05:29:52.495369Z"}
{"node": "verify", "claim_count": 2, "event": "start", "correlation_id": "01KTX4WX9P3XP272H8EX2MAHXR", "query_preview": "Quel type de serveur r\u00e9alise l'authentification dans le processus 802.1X ?", "level": "info", "timestamp": "2026-06-12T05:29:52.496152Z"}
{"prompt_tag": "verify_grounding@v2", "schema": "VerificationResult", "model": "cyankiwi/Qwen3.5-4B-AWQ-4bit", "max_tokens": 1024, "temperature": 0.1, "top_p": 0.8, "presence_penalty": 1.0, "seed": 42, "message_count": 1, "event": "model_call.start", "correlation_id": "01KTX4WX9P3XP272H8EX2MAHXR", "query_preview": "Quel type de serveur r\u00e9alise l'authentification dans le processus 802.1X ?", "level": "info", "timestamp": "2026-06-12T05:29:52.499203Z"}
Authentication error: Langfuse client initialized without public_key. Client will be disabled. Provide a public_key parameter or set LANGFUSE_PUBLIC_KEY environment variable. 
{"prompt_tag": "verify_grounding@v2", "schema": "VerificationResult", "tokens": 1553, "event": "model_call.done", "correlation_id": "01KTX4WX9P3XP272H8EX2MAHXR", "query_preview": "Quel type de serveur r\u00e9alise l'authentification dans le processus 802.1X ?", "level": "info", "timestamp": "2026-06-12T05:29:52.940504Z"}
{"node": "assess_relevance", "event": "start", "correlation_id": "01KTX4WX9P3XP272H8EX2MAHXR", "query_preview": "Quel type de serveur r\u00e9alise l'authentification dans le processus 802.1X ?", "level": "info", "timestamp": "2026-06-12T05:29:52.941782Z"}
{"node": "assess_relevance", "event": "relevance.scope_rebuilt_refuse", "correlation_id": "01KTX4WX9P3XP272H8EX2MAHXR", "query_preview": "Quel type de serveur r\u00e9alise l'authentification dans le processus 802.1X ?", "level": "info", "timestamp": "2026-06-12T05:29:52.941823Z"}
{"node": "refuse", "event": "start", "correlation_id": "01KTX4WX9P3XP272H8EX2MAHXR", "query_preview": "Quel type de serveur r\u00e9alise l'authentification dans le processus 802.1X ?", "level": "info", "timestamp": "2026-06-12T05:29:52.942669Z"}
Authentication error: Langfuse client initialized without public_key. Client will be disabled. Provide a public_key parameter or set LANGFUSE_PUBLIC_KEY environment variable. 
{"node": "retrieve", "query_len": 82, "event": "start", "correlation_id": "01KTX4XS1FFBE7P9GM47EBCKK6", "query_preview": "Quel message provoque la d\u00e9connexion (logoff) du client dans le processus 802.1X", "level": "info", "timestamp": "2026-06-12T05:29:52.944155Z"}
{"query_len": 82, "k": 50, "event": "hybrid.start", "correlation_id": "01KTX4XS1FFBE7P9GM47EBCKK6", "query_preview": "Quel message provoque la d\u00e9connexion (logoff) du client dans le processus 802.1X", "level": "info", "timestamp": "2026-06-12T05:29:52.944192Z"}
{"query_len": 82, "k": 50, "dense": 50, "bm25": 0, "fused": 50, "term": false, "event": "hybrid.done", "correlation_id": "01KTX4XS1FFBE7P9GM47EBCKK6", "query_preview": "Quel message provoque la d\u00e9connexion (logoff) du client dans le processus 802.1X", "level": "info", "timestamp": "2026-06-12T05:29:53.012077Z"}
{"node": "retrieve", "candidate_count": 50, "event": "done", "correlation_id": "01KTX4XS1FFBE7P9GM47EBCKK6", "query_preview": "Quel message provoque la d\u00e9connexion (logoff) du client dans le processus 802.1X", "level": "info", "timestamp": "2026-06-12T05:29:53.013083Z"}
{"node": "expand_graph", "reason": "disabled_or_empty", "event": "skip", "correlation_id": "01KTX4XS1FFBE7P9GM47EBCKK6", "query_preview": "Quel message provoque la d\u00e9connexion (logoff) du client dans le processus 802.1X", "level": "info", "timestamp": "2026-06-12T05:29:53.014527Z"}
{"node": "rerank", "candidate_count": 50, "event": "start", "correlation_id": "01KTX4XS1FFBE7P9GM47EBCKK6", "query_preview": "Quel message provoque la d\u00e9connexion (logoff) du client dans le processus 802.1X", "level": "info", "timestamp": "2026-06-12T05:29:53.015212Z"}
{"node": "rerank", "top_k": 5, "source": "mode", "event": "top_k_resolved", "correlation_id": "01KTX4XS1FFBE7P9GM47EBCKK6", "query_preview": "Quel message provoque la d\u00e9connexion (logoff) du client dans le processus 802.1X", "level": "info", "timestamp": "2026-06-12T05:29:53.015267Z"}
{"candidates": 50, "top_k": 5, "backend": "cross_encoder", "event": "rerank.start", "correlation_id": "01KTX4XS1FFBE7P9GM47EBCKK6", "query_preview": "Quel message provoque la d\u00e9connexion (logoff) du client dans le processus 802.1X", "level": "info", "timestamp": "2026-06-12T05:29:53.015300Z"}
{"candidates": 50, "top_k": 5, "backend": "cross_encoder", "returned": 5, "event": "rerank.done", "correlation_id": "01KTX4XS1FFBE7P9GM47EBCKK6", "query_preview": "Quel message provoque la d\u00e9connexion (logoff) du client dans le processus 802.1X", "level": "info", "timestamp": "2026-06-12T05:30:25.318448Z"}
{"node": "rerank", "reranked_count": 5, "event": "done", "correlation_id": "01KTX4XS1FFBE7P9GM47EBCKK6", "query_preview": "Quel message provoque la d\u00e9connexion (logoff) du client dans le processus 802.1X", "level": "info", "timestamp": "2026-06-12T05:30:25.318542Z"}
{"node": "query_tables", "reason": "empty_or_not_table_shaped", "event": "skip", "correlation_id": "01KTX4XS1FFBE7P9GM47EBCKK6", "query_preview": "Quel message provoque la d\u00e9connexion (logoff) du client dans le processus 802.1X", "level": "info", "timestamp": "2026-06-12T05:30:25.320710Z"}
{"node": "assess", "reranked_count": 5, "event": "start", "correlation_id": "01KTX4XS1FFBE7P9GM47EBCKK6", "query_preview": "Quel message provoque la d\u00e9connexion (logoff) du client dans le processus 802.1X", "level": "info", "timestamp": "2026-06-12T05:30:25.321627Z"}
{"prompt_tag": "assess_sufficiency@v4", "schema": "SufficiencyAssessment", "model": "cyankiwi/Qwen3.5-4B-AWQ-4bit", "max_tokens": 1024, "temperature": 0.1, "top_p": 0.8, "presence_penalty": 1.0, "seed": 42, "message_count": 1, "event": "model_call.start", "correlation_id": "01KTX4XS1FFBE7P9GM47EBCKK6", "query_preview": "Quel message provoque la d\u00e9connexion (logoff) du client dans le processus 802.1X", "level": "info", "timestamp": "2026-06-12T05:30:25.324103Z"}
Authentication error: Langfuse client initialized without public_key. Client will be disabled. Provide a public_key parameter or set LANGFUSE_PUBLIC_KEY environment variable. 
{"prompt_tag": "assess_sufficiency@v4", "schema": "SufficiencyAssessment", "tokens": 2167, "event": "model_call.done", "correlation_id": "01KTX4XS1FFBE7P9GM47EBCKK6", "query_preview": "Quel message provoque la d\u00e9connexion (logoff) du client dans le processus 802.1X", "level": "info", "timestamp": "2026-06-12T05:30:26.142546Z"}
{"node": "answer", "regenerate_attempt": 0, "event": "start", "correlation_id": "01KTX4XS1FFBE7P9GM47EBCKK6", "query_preview": "Quel message provoque la d\u00e9connexion (logoff) du client dans le processus 802.1X", "level": "info", "timestamp": "2026-06-12T05:30:26.144170Z"}
{"prompt_tag": "answer@v5", "schema": "DraftAnswer", "model": "cyankiwi/Qwen3.5-4B-AWQ-4bit", "max_tokens": 1800, "temperature": 0.1, "top_p": 0.8, "presence_penalty": 1.0, "seed": 42, "message_count": 2, "event": "model_call.start", "correlation_id": "01KTX4XS1FFBE7P9GM47EBCKK6", "query_preview": "Quel message provoque la d\u00e9connexion (logoff) du client dans le processus 802.1X", "level": "info", "timestamp": "2026-06-12T05:30:26.146831Z"}
Authentication error: Langfuse client initialized without public_key. Client will be disabled. Provide a public_key parameter or set LANGFUSE_PUBLIC_KEY environment variable. 
{"prompt_tag": "answer@v5", "schema": "DraftAnswer", "tokens": 3811, "event": "model_call.done", "correlation_id": "01KTX4XS1FFBE7P9GM47EBCKK6", "query_preview": "Quel message provoque la d\u00e9connexion (logoff) du client dans le processus 802.1X", "level": "info", "timestamp": "2026-06-12T05:30:27.689841Z"}
{"node": "answer", "original": "Le message qui provoque la d\u00e9connexion (logoff) du client dans le processus 802.1X est le message EAPOL-Logoff envoy\u00e9 pa", "event": "answer.summary_scope_rebuilt", "correlation_id": "01KTX4XS1FFBE7P9GM47EBCKK6", "query_preview": "Quel message provoque la d\u00e9connexion (logoff) du client dans le processus 802.1X", "level": "info", "timestamp": "2026-06-12T05:30:27.689944Z"}
{"node": "verify", "claim_count": 1, "event": "start", "correlation_id": "01KTX4XS1FFBE7P9GM47EBCKK6", "query_preview": "Quel message provoque la d\u00e9connexion (logoff) du client dans le processus 802.1X", "level": "info", "timestamp": "2026-06-12T05:30:27.690888Z"}
{"prompt_tag": "verify_grounding@v2", "schema": "VerificationResult", "model": "cyankiwi/Qwen3.5-4B-AWQ-4bit", "max_tokens": 1024, "temperature": 0.1, "top_p": 0.8, "presence_penalty": 1.0, "seed": 42, "message_count": 1, "event": "model_call.start", "correlation_id": "01KTX4XS1FFBE7P9GM47EBCKK6", "query_preview": "Quel message provoque la d\u00e9connexion (logoff) du client dans le processus 802.1X", "level": "info", "timestamp": "2026-06-12T05:30:27.695458Z"}
Authentication error: Langfuse client initialized without public_key. Client will be disabled. Provide a public_key parameter or set LANGFUSE_PUBLIC_KEY environment variable. 
{"prompt_tag": "verify_grounding@v2", "schema": "VerificationResult", "tokens": 2062, "event": "model_call.done", "correlation_id": "01KTX4XS1FFBE7P9GM47EBCKK6", "query_preview": "Quel message provoque la d\u00e9connexion (logoff) du client dans le processus 802.1X", "level": "info", "timestamp": "2026-06-12T05:30:28.190840Z"}
{"node": "assess_relevance", "event": "start", "correlation_id": "01KTX4XS1FFBE7P9GM47EBCKK6", "query_preview": "Quel message provoque la d\u00e9connexion (logoff) du client dans le processus 802.1X", "level": "info", "timestamp": "2026-06-12T05:30:28.192345Z"}
{"node": "assess_relevance", "event": "relevance.scope_rebuilt_refuse", "correlation_id": "01KTX4XS1FFBE7P9GM47EBCKK6", "query_preview": "Quel message provoque la d\u00e9connexion (logoff) du client dans le processus 802.1X", "level": "info", "timestamp": "2026-06-12T05:30:28.192398Z"}
{"node": "refuse", "event": "start", "correlation_id": "01KTX4XS1FFBE7P9GM47EBCKK6", "query_preview": "Quel message provoque la d\u00e9connexion (logoff) du client dans le processus 802.1X", "level": "info", "timestamp": "2026-06-12T05:30:28.193423Z"}
Authentication error: Langfuse client initialized without public_key. Client will be disabled. Provide a public_key parameter or set LANGFUSE_PUBLIC_KEY environment variable. 
{"node": "retrieve", "query_len": 79, "event": "start", "correlation_id": "01KTX4YVF2MYQJ530YA6PR9Y69", "query_preview": "Quelle est la plage d'adresses VLAN configur\u00e9e dans le diagramme de coupe-feu ?", "level": "info", "timestamp": "2026-06-12T05:30:28.195230Z"}
{"query_len": 79, "k": 50, "event": "hybrid.start", "correlation_id": "01KTX4YVF2MYQJ530YA6PR9Y69", "query_preview": "Quelle est la plage d'adresses VLAN configur\u00e9e dans le diagramme de coupe-feu ?", "level": "info", "timestamp": "2026-06-12T05:30:28.195272Z"}
{"query_len": 79, "k": 50, "dense": 50, "bm25": 0, "fused": 50, "term": false, "event": "hybrid.done", "correlation_id": "01KTX4YVF2MYQJ530YA6PR9Y69", "query_preview": "Quelle est la plage d'adresses VLAN configur\u00e9e dans le diagramme de coupe-feu ?", "level": "info", "timestamp": "2026-06-12T05:30:28.270382Z"}
{"node": "retrieve", "candidate_count": 50, "event": "done", "correlation_id": "01KTX4YVF2MYQJ530YA6PR9Y69", "query_preview": "Quelle est la plage d'adresses VLAN configur\u00e9e dans le diagramme de coupe-feu ?", "level": "info", "timestamp": "2026-06-12T05:30:28.271715Z"}
{"query_len": 79, "doc_ids": 1, "k": 50, "event": "hybrid_in_docs.start", "correlation_id": "01KTX4YVF2MYQJ530YA6PR9Y69", "query_preview": "Quelle est la plage d'adresses VLAN configur\u00e9e dans le diagramme de coupe-feu ?", "level": "info", "timestamp": "2026-06-12T05:30:28.285082Z"}
{"query_len": 79, "doc_ids": 1, "k": 50, "dense": 50, "bm25": 0, "fused": 50, "term": false, "event": "hybrid_in_docs.done", "correlation_id": "01KTX4YVF2MYQJ530YA6PR9Y69", "query_preview": "Quelle est la plage d'adresses VLAN configur\u00e9e dans le diagramme de coupe-feu ?", "level": "info", "timestamp": "2026-06-12T05:30:28.356281Z"}
{"node": "resolve_artifact_scope", "via": "dominant", "arttype": "diagramme", "doc_ids": ["499c900d-cr350-cours-6-coupe-feu-serveurs-mandataires-d-t"], "scoped_count": 50, "replaced_from": 50, "event": "scoped", "correlation_id": "01KTX4YVF2MYQJ530YA6PR9Y69", "query_preview": "Quelle est la plage d'adresses VLAN configur\u00e9e dans le diagramme de coupe-feu ?", "level": "info", "timestamp": "2026-06-12T05:30:28.357614Z"}
{"node": "expand_graph", "reason": "disabled_or_empty", "event": "skip", "correlation_id": "01KTX4YVF2MYQJ530YA6PR9Y69", "query_preview": "Quelle est la plage d'adresses VLAN configur\u00e9e dans le diagramme de coupe-feu ?", "level": "info", "timestamp": "2026-06-12T05:30:28.358836Z"}
{"node": "rerank", "candidate_count": 50, "event": "start", "correlation_id": "01KTX4YVF2MYQJ530YA6PR9Y69", "query_preview": "Quelle est la plage d'adresses VLAN configur\u00e9e dans le diagramme de coupe-feu ?", "level": "info", "timestamp": "2026-06-12T05:30:28.359609Z"}
{"node": "rerank", "top_k": 5, "source": "mode", "event": "top_k_resolved", "correlation_id": "01KTX4YVF2MYQJ530YA6PR9Y69", "query_preview": "Quelle est la plage d'adresses VLAN configur\u00e9e dans le diagramme de coupe-feu ?", "level": "info", "timestamp": "2026-06-12T05:30:28.359668Z"}
{"candidates": 50, "top_k": 5, "backend": "cross_encoder", "event": "rerank.start", "correlation_id": "01KTX4YVF2MYQJ530YA6PR9Y69", "query_preview": "Quelle est la plage d'adresses VLAN configur\u00e9e dans le diagramme de coupe-feu ?", "level": "info", "timestamp": "2026-06-12T05:30:28.359707Z"}
{"candidates": 50, "top_k": 5, "backend": "cross_encoder", "returned": 5, "event": "rerank.done", "correlation_id": "01KTX4YVF2MYQJ530YA6PR9Y69", "query_preview": "Quelle est la plage d'adresses VLAN configur\u00e9e dans le diagramme de coupe-feu ?", "level": "info", "timestamp": "2026-06-12T05:30:54.441300Z"}
{"node": "rerank", "reranked_count": 5, "event": "done", "correlation_id": "01KTX4YVF2MYQJ530YA6PR9Y69", "query_preview": "Quelle est la plage d'adresses VLAN configur\u00e9e dans le diagramme de coupe-feu ?", "level": "info", "timestamp": "2026-06-12T05:30:54.441379Z"}
{"node": "query_tables", "reason": "empty_or_not_table_shaped", "event": "skip", "correlation_id": "01KTX4YVF2MYQJ530YA6PR9Y69", "query_preview": "Quelle est la plage d'adresses VLAN configur\u00e9e dans le diagramme de coupe-feu ?", "level": "info", "timestamp": "2026-06-12T05:30:54.443178Z"}
{"node": "assess", "reranked_count": 5, "event": "start", "correlation_id": "01KTX4YVF2MYQJ530YA6PR9Y69", "query_preview": "Quelle est la plage d'adresses VLAN configur\u00e9e dans le diagramme de coupe-feu ?", "level": "info", "timestamp": "2026-06-12T05:30:54.443816Z"}
{"prompt_tag": "assess_sufficiency@v4", "schema": "SufficiencyAssessment", "model": "cyankiwi/Qwen3.5-4B-AWQ-4bit", "max_tokens": 1024, "temperature": 0.1, "top_p": 0.8, "presence_penalty": 1.0, "seed": 42, "message_count": 1, "event": "model_call.start", "correlation_id": "01KTX4YVF2MYQJ530YA6PR9Y69", "query_preview": "Quelle est la plage d'adresses VLAN configur\u00e9e dans le diagramme de coupe-feu ?", "level": "info", "timestamp": "2026-06-12T05:30:54.445615Z"}
Authentication error: Langfuse client initialized without public_key. Client will be disabled. Provide a public_key parameter or set LANGFUSE_PUBLIC_KEY environment variable. 
{"prompt_tag": "assess_sufficiency@v4", "schema": "SufficiencyAssessment", "tokens": 2039, "event": "model_call.done", "correlation_id": "01KTX4YVF2MYQJ530YA6PR9Y69", "query_preview": "Quelle est la plage d'adresses VLAN configur\u00e9e dans le diagramme de coupe-feu ?", "level": "info", "timestamp": "2026-06-12T05:30:55.154765Z"}
{"node": "refuse", "event": "start", "correlation_id": "01KTX4YVF2MYQJ530YA6PR9Y69", "query_preview": "Quelle est la plage d'adresses VLAN configur\u00e9e dans le diagramme de coupe-feu ?", "level": "info", "timestamp": "2026-06-12T05:30:55.155898Z"}
Authentication error: Langfuse client initialized without public_key. Client will be disabled. Provide a public_key parameter or set LANGFUSE_PUBLIC_KEY environment variable. 
{"node": "retrieve", "query_len": 83, "event": "start", "correlation_id": "01KTX4ZNSM9WFFEVW1HCZD5DJ1", "query_preview": "Combien d'utilisateurs sont connect\u00e9s au serveur RADIUS selon le diagramme 802.1", "level": "info", "timestamp": "2026-06-12T05:30:55.157334Z"}
{"query_len": 83, "k": 50, "event": "hybrid.start", "correlation_id": "01KTX4ZNSM9WFFEVW1HCZD5DJ1", "query_preview": "Combien d'utilisateurs sont connect\u00e9s au serveur RADIUS selon le diagramme 802.1", "level": "info", "timestamp": "2026-06-12T05:30:55.157378Z"}
{"query_len": 83, "k": 50, "dense": 50, "bm25": 0, "fused": 50, "term": false, "event": "hybrid.done", "correlation_id": "01KTX4ZNSM9WFFEVW1HCZD5DJ1", "query_preview": "Combien d'utilisateurs sont connect\u00e9s au serveur RADIUS selon le diagramme 802.1", "level": "info", "timestamp": "2026-06-12T05:30:55.231272Z"}
{"node": "retrieve", "candidate_count": 50, "event": "done", "correlation_id": "01KTX4ZNSM9WFFEVW1HCZD5DJ1", "query_preview": "Combien d'utilisateurs sont connect\u00e9s au serveur RADIUS selon le diagramme 802.1", "level": "info", "timestamp": "2026-06-12T05:30:55.232400Z"}
{"node": "resolve_artifact_scope", "via": "none-no-qualifier", "arttype": "diagramme", "event": "no_scope", "correlation_id": "01KTX4ZNSM9WFFEVW1HCZD5DJ1", "query_preview": "Combien d'utilisateurs sont connect\u00e9s au serveur RADIUS selon le diagramme 802.1", "level": "info", "timestamp": "2026-06-12T05:30:55.233858Z"}
{"node": "expand_graph", "reason": "disabled_or_empty", "event": "skip", "correlation_id": "01KTX4ZNSM9WFFEVW1HCZD5DJ1", "query_preview": "Combien d'utilisateurs sont connect\u00e9s au serveur RADIUS selon le diagramme 802.1", "level": "info", "timestamp": "2026-06-12T05:30:55.234466Z"}
{"node": "rerank", "candidate_count": 50, "event": "start", "correlation_id": "01KTX4ZNSM9WFFEVW1HCZD5DJ1", "query_preview": "Combien d'utilisateurs sont connect\u00e9s au serveur RADIUS selon le diagramme 802.1", "level": "info", "timestamp": "2026-06-12T05:30:55.234947Z"}
{"node": "rerank", "top_k": 5, "source": "mode", "event": "top_k_resolved", "correlation_id": "01KTX4ZNSM9WFFEVW1HCZD5DJ1", "query_preview": "Combien d'utilisateurs sont connect\u00e9s au serveur RADIUS selon le diagramme 802.1", "level": "info", "timestamp": "2026-06-12T05:30:55.234993Z"}
{"candidates": 50, "top_k": 5, "backend": "cross_encoder", "event": "rerank.start", "correlation_id": "01KTX4ZNSM9WFFEVW1HCZD5DJ1", "query_preview": "Combien d'utilisateurs sont connect\u00e9s au serveur RADIUS selon le diagramme 802.1", "level": "info", "timestamp": "2026-06-12T05:30:55.235026Z"}
{"candidates": 50, "top_k": 5, "backend": "cross_encoder", "returned": 5, "event": "rerank.done", "correlation_id": "01KTX4ZNSM9WFFEVW1HCZD5DJ1", "query_preview": "Combien d'utilisateurs sont connect\u00e9s au serveur RADIUS selon le diagramme 802.1", "level": "info", "timestamp": "2026-06-12T05:31:39.579832Z"}
{"node": "rerank", "reranked_count": 5, "event": "done", "correlation_id": "01KTX4ZNSM9WFFEVW1HCZD5DJ1", "query_preview": "Combien d'utilisateurs sont connect\u00e9s au serveur RADIUS selon le diagramme 802.1", "level": "info", "timestamp": "2026-06-12T05:31:39.579930Z"}
{"node": "query_tables", "reason": "empty_or_not_table_shaped", "event": "skip", "correlation_id": "01KTX4ZNSM9WFFEVW1HCZD5DJ1", "query_preview": "Combien d'utilisateurs sont connect\u00e9s au serveur RADIUS selon le diagramme 802.1", "level": "info", "timestamp": "2026-06-12T05:31:39.582271Z"}
{"node": "assess", "reranked_count": 5, "event": "start", "correlation_id": "01KTX4ZNSM9WFFEVW1HCZD5DJ1", "query_preview": "Combien d'utilisateurs sont connect\u00e9s au serveur RADIUS selon le diagramme 802.1", "level": "info", "timestamp": "2026-06-12T05:31:39.583485Z"}
{"prompt_tag": "assess_sufficiency@v4", "schema": "SufficiencyAssessment", "model": "cyankiwi/Qwen3.5-4B-AWQ-4bit", "max_tokens": 1024, "temperature": 0.1, "top_p": 0.8, "presence_penalty": 1.0, "seed": 42, "message_count": 1, "event": "model_call.start", "correlation_id": "01KTX4ZNSM9WFFEVW1HCZD5DJ1", "query_preview": "Combien d'utilisateurs sont connect\u00e9s au serveur RADIUS selon le diagramme 802.1", "level": "info", "timestamp": "2026-06-12T05:31:39.586106Z"}
Authentication error: Langfuse client initialized without public_key. Client will be disabled. Provide a public_key parameter or set LANGFUSE_PUBLIC_KEY environment variable. 
{"prompt_tag": "assess_sufficiency@v4", "schema": "SufficiencyAssessment", "tokens": 1463, "event": "model_call.done", "correlation_id": "01KTX4ZNSM9WFFEVW1HCZD5DJ1", "query_preview": "Combien d'utilisateurs sont connect\u00e9s au serveur RADIUS selon le diagramme 802.1", "level": "info", "timestamp": "2026-06-12T05:31:40.439268Z"}
{"node": "answer", "regenerate_attempt": 0, "event": "start", "correlation_id": "01KTX4ZNSM9WFFEVW1HCZD5DJ1", "query_preview": "Combien d'utilisateurs sont connect\u00e9s au serveur RADIUS selon le diagramme 802.1", "level": "info", "timestamp": "2026-06-12T05:31:40.440733Z"}
{"prompt_tag": "answer@v5", "schema": "DraftAnswer", "model": "cyankiwi/Qwen3.5-4B-AWQ-4bit", "max_tokens": 1800, "temperature": 0.1, "top_p": 0.8, "presence_penalty": 1.0, "seed": 42, "message_count": 2, "event": "model_call.start", "correlation_id": "01KTX4ZNSM9WFFEVW1HCZD5DJ1", "query_preview": "Combien d'utilisateurs sont connect\u00e9s au serveur RADIUS selon le diagramme 802.1", "level": "info", "timestamp": "2026-06-12T05:31:40.442801Z"}
Authentication error: Langfuse client initialized without public_key. Client will be disabled. Provide a public_key parameter or set LANGFUSE_PUBLIC_KEY environment variable. 
{"prompt_tag": "answer@v5", "schema": "DraftAnswer", "tokens": 3025, "event": "model_call.done", "correlation_id": "01KTX4ZNSM9WFFEVW1HCZD5DJ1", "query_preview": "Combien d'utilisateurs sont connect\u00e9s au serveur RADIUS selon le diagramme 802.1", "level": "info", "timestamp": "2026-06-12T05:31:41.274610Z"}
{"node": "verify", "claim_count": 0, "event": "start", "correlation_id": "01KTX4ZNSM9WFFEVW1HCZD5DJ1", "query_preview": "Combien d'utilisateurs sont connect\u00e9s au serveur RADIUS selon le diagramme 802.1", "level": "info", "timestamp": "2026-06-12T05:31:41.275532Z"}
{"node": "verify", "event": "empty_draft_shortcircuit", "correlation_id": "01KTX4ZNSM9WFFEVW1HCZD5DJ1", "query_preview": "Combien d'utilisateurs sont connect\u00e9s au serveur RADIUS selon le diagramme 802.1", "level": "info", "timestamp": "2026-06-12T05:31:41.275588Z"}
{"node": "assess_relevance", "event": "start", "correlation_id": "01KTX4ZNSM9WFFEVW1HCZD5DJ1", "query_preview": "Combien d'utilisateurs sont connect\u00e9s au serveur RADIUS selon le diagramme 802.1", "level": "info", "timestamp": "2026-06-12T05:31:41.276682Z"}
{"prompt_tag": "assess_relevance@v3", "schema": "RelevanceAssessment", "model": "cyankiwi/Qwen3.5-4B-AWQ-4bit", "max_tokens": 1024, "temperature": 0.1, "top_p": 0.8, "presence_penalty": 1.0, "seed": 42, "message_count": 1, "event": "model_call.start", "correlation_id": "01KTX4ZNSM9WFFEVW1HCZD5DJ1", "query_preview": "Combien d'utilisateurs sont connect\u00e9s au serveur RADIUS selon le diagramme 802.1", "level": "info", "timestamp": "2026-06-12T05:31:41.277810Z"}
Authentication error: Langfuse client initialized without public_key. Client will be disabled. Provide a public_key parameter or set LANGFUSE_PUBLIC_KEY environment variable. 
{"prompt_tag": "assess_relevance@v3", "schema": "RelevanceAssessment", "tokens": 872, "event": "model_call.done", "correlation_id": "01KTX4ZNSM9WFFEVW1HCZD5DJ1", "query_preview": "Combien d'utilisateurs sont connect\u00e9s au serveur RADIUS selon le diagramme 802.1", "level": "info", "timestamp": "2026-06-12T05:31:41.863856Z"}
{"node": "assess_relevance", "responsive": false, "event": "relevance", "correlation_id": "01KTX4ZNSM9WFFEVW1HCZD5DJ1", "query_preview": "Combien d'utilisateurs sont connect\u00e9s au serveur RADIUS selon le diagramme 802.1", "level": "info", "timestamp": "2026-06-12T05:31:41.863922Z"}
{"node": "refuse", "event": "start", "correlation_id": "01KTX4ZNSM9WFFEVW1HCZD5DJ1", "query_preview": "Combien d'utilisateurs sont connect\u00e9s au serveur RADIUS selon le diagramme 802.1", "level": "info", "timestamp": "2026-06-12T05:31:41.865419Z"}
Authentication error: Langfuse client initialized without public_key. Client will be disabled. Provide a public_key parameter or set LANGFUSE_PUBLIC_KEY environment variable. 
{"node": "retrieve", "query_len": 75, "event": "start", "correlation_id": "01KTX513D93S59ZP1PAWWWH1VZ", "query_preview": "Quelle version du logiciel Snort est install\u00e9e d'apr\u00e8s la capture pfSense ?", "level": "info", "timestamp": "2026-06-12T05:31:41.866954Z"}
{"query_len": 75, "k": 50, "event": "hybrid.start", "correlation_id": "01KTX513D93S59ZP1PAWWWH1VZ", "query_preview": "Quelle version du logiciel Snort est install\u00e9e d'apr\u00e8s la capture pfSense ?", "level": "info", "timestamp": "2026-06-12T05:31:41.866988Z"}
{"query_len": 75, "k": 50, "dense": 50, "bm25": 50, "fused": 50, "term": true, "event": "hybrid.done", "correlation_id": "01KTX513D93S59ZP1PAWWWH1VZ", "query_preview": "Quelle version du logiciel Snort est install\u00e9e d'apr\u00e8s la capture pfSense ?", "level": "info", "timestamp": "2026-06-12T05:31:41.933629Z"}
{"node": "retrieve", "candidate_count": 50, "event": "done", "correlation_id": "01KTX513D93S59ZP1PAWWWH1VZ", "query_preview": "Quelle version du logiciel Snort est install\u00e9e d'apr\u00e8s la capture pfSense ?", "level": "info", "timestamp": "2026-06-12T05:31:41.934653Z"}
{"node": "expand_graph", "reason": "disabled_or_empty", "event": "skip", "correlation_id": "01KTX513D93S59ZP1PAWWWH1VZ", "query_preview": "Quelle version du logiciel Snort est install\u00e9e d'apr\u00e8s la capture pfSense ?", "level": "info", "timestamp": "2026-06-12T05:31:41.935933Z"}
{"node": "rerank", "candidate_count": 50, "event": "start", "correlation_id": "01KTX513D93S59ZP1PAWWWH1VZ", "query_preview": "Quelle version du logiciel Snort est install\u00e9e d'apr\u00e8s la capture pfSense ?", "level": "info", "timestamp": "2026-06-12T05:31:41.936416Z"}
{"node": "rerank", "top_k": 5, "source": "mode", "event": "top_k_resolved", "correlation_id": "01KTX513D93S59ZP1PAWWWH1VZ", "query_preview": "Quelle version du logiciel Snort est install\u00e9e d'apr\u00e8s la capture pfSense ?", "level": "info", "timestamp": "2026-06-12T05:31:41.936463Z"}
{"candidates": 50, "top_k": 5, "backend": "cross_encoder", "event": "rerank.start", "correlation_id": "01KTX513D93S59ZP1PAWWWH1VZ", "query_preview": "Quelle version du logiciel Snort est install\u00e9e d'apr\u00e8s la capture pfSense ?", "level": "info", "timestamp": "2026-06-12T05:31:41.936493Z"}
{"candidates": 50, "top_k": 5, "backend": "cross_encoder", "returned": 5, "event": "rerank.done", "correlation_id": "01KTX513D93S59ZP1PAWWWH1VZ", "query_preview": "Quelle version du logiciel Snort est install\u00e9e d'apr\u00e8s la capture pfSense ?", "level": "info", "timestamp": "2026-06-12T05:32:14.777923Z"}
{"node": "rerank", "reranked_count": 5, "event": "done", "correlation_id": "01KTX513D93S59ZP1PAWWWH1VZ", "query_preview": "Quelle version du logiciel Snort est install\u00e9e d'apr\u00e8s la capture pfSense ?", "level": "info", "timestamp": "2026-06-12T05:32:14.782577Z"}
{"node": "query_tables", "reason": "empty_or_not_table_shaped", "event": "skip", "correlation_id": "01KTX513D93S59ZP1PAWWWH1VZ", "query_preview": "Quelle version du logiciel Snort est install\u00e9e d'apr\u00e8s la capture pfSense ?", "level": "info", "timestamp": "2026-06-12T05:32:14.786418Z"}
{"node": "assess", "reranked_count": 5, "event": "start", "correlation_id": "01KTX513D93S59ZP1PAWWWH1VZ", "query_preview": "Quelle version du logiciel Snort est install\u00e9e d'apr\u00e8s la capture pfSense ?", "level": "info", "timestamp": "2026-06-12T05:32:14.787757Z"}
{"prompt_tag": "assess_sufficiency@v4", "schema": "SufficiencyAssessment", "model": "cyankiwi/Qwen3.5-4B-AWQ-4bit", "max_tokens": 1024, "temperature": 0.1, "top_p": 0.8, "presence_penalty": 1.0, "seed": 42, "message_count": 1, "event": "model_call.start", "correlation_id": "01KTX513D93S59ZP1PAWWWH1VZ", "query_preview": "Quelle version du logiciel Snort est install\u00e9e d'apr\u00e8s la capture pfSense ?", "level": "info", "timestamp": "2026-06-12T05:32:14.792146Z"}
Authentication error: Langfuse client initialized without public_key. Client will be disabled. Provide a public_key parameter or set LANGFUSE_PUBLIC_KEY environment variable. 
{"prompt_tag": "assess_sufficiency@v4", "schema": "SufficiencyAssessment", "tokens": 1859, "event": "model_call.done", "correlation_id": "01KTX513D93S59ZP1PAWWWH1VZ", "query_preview": "Quelle version du logiciel Snort est install\u00e9e d'apr\u00e8s la capture pfSense ?", "level": "info", "timestamp": "2026-06-12T05:32:15.596028Z"}
{"node": "refuse", "event": "start", "correlation_id": "01KTX513D93S59ZP1PAWWWH1VZ", "query_preview": "Quelle version du logiciel Snort est install\u00e9e d'apr\u00e8s la capture pfSense ?", "level": "info", "timestamp": "2026-06-12T05:32:15.597223Z"}
Authentication error: Langfuse client initialized without public_key. Client will be disabled. Provide a public_key parameter or set LANGFUSE_PUBLIC_KEY environment variable. 
{"node": "retrieve", "query_len": 66, "event": "start", "correlation_id": "01KTX524BDKH63DNS70WJ2SKE8", "query_preview": "Quelle est l'adresse IP de la DMZ dans l'architecture three-tier ?", "level": "info", "timestamp": "2026-06-12T05:32:15.598874Z"}
{"query_len": 66, "k": 50, "event": "hybrid.start", "correlation_id": "01KTX524BDKH63DNS70WJ2SKE8", "query_preview": "Quelle est l'adresse IP de la DMZ dans l'architecture three-tier ?", "level": "info", "timestamp": "2026-06-12T05:32:15.598911Z"}
{"query_len": 66, "k": 50, "dense": 50, "bm25": 0, "fused": 50, "term": false, "event": "hybrid.done", "correlation_id": "01KTX524BDKH63DNS70WJ2SKE8", "query_preview": "Quelle est l'adresse IP de la DMZ dans l'architecture three-tier ?", "level": "info", "timestamp": "2026-06-12T05:32:15.664302Z"}
{"node": "retrieve", "candidate_count": 50, "event": "done", "correlation_id": "01KTX524BDKH63DNS70WJ2SKE8", "query_preview": "Quelle est l'adresse IP de la DMZ dans l'architecture three-tier ?", "level": "info", "timestamp": "2026-06-12T05:32:15.665356Z"}
{"node": "expand_graph", "reason": "disabled_or_empty", "event": "skip", "correlation_id": "01KTX524BDKH63DNS70WJ2SKE8", "query_preview": "Quelle est l'adresse IP de la DMZ dans l'architecture three-tier ?", "level": "info", "timestamp": "2026-06-12T05:32:15.666595Z"}
{"node": "rerank", "candidate_count": 50, "event": "start", "correlation_id": "01KTX524BDKH63DNS70WJ2SKE8", "query_preview": "Quelle est l'adresse IP de la DMZ dans l'architecture three-tier ?", "level": "info", "timestamp": "2026-06-12T05:32:15.667078Z"}
{"node": "rerank", "top_k": 5, "source": "mode", "event": "top_k_resolved", "correlation_id": "01KTX524BDKH63DNS70WJ2SKE8", "query_preview": "Quelle est l'adresse IP de la DMZ dans l'architecture three-tier ?", "level": "info", "timestamp": "2026-06-12T05:32:15.667127Z"}
{"candidates": 50, "top_k": 5, "backend": "cross_encoder", "event": "rerank.start", "correlation_id": "01KTX524BDKH63DNS70WJ2SKE8", "query_preview": "Quelle est l'adresse IP de la DMZ dans l'architecture three-tier ?", "level": "info", "timestamp": "2026-06-12T05:32:15.667158Z"}
{"candidates": 50, "top_k": 5, "backend": "cross_encoder", "returned": 5, "event": "rerank.done", "correlation_id": "01KTX524BDKH63DNS70WJ2SKE8", "query_preview": "Quelle est l'adresse IP de la DMZ dans l'architecture three-tier ?", "level": "info", "timestamp": "2026-06-12T05:32:40.659758Z"}
{"node": "rerank", "reranked_count": 5, "event": "done", "correlation_id": "01KTX524BDKH63DNS70WJ2SKE8", "query_preview": "Quelle est l'adresse IP de la DMZ dans l'architecture three-tier ?", "level": "info", "timestamp": "2026-06-12T05:32:40.659838Z"}
{"node": "query_tables", "reason": "empty_or_not_table_shaped", "event": "skip", "correlation_id": "01KTX524BDKH63DNS70WJ2SKE8", "query_preview": "Quelle est l'adresse IP de la DMZ dans l'architecture three-tier ?", "level": "info", "timestamp": "2026-06-12T05:32:40.661403Z"}
{"node": "assess", "reranked_count": 5, "event": "start", "correlation_id": "01KTX524BDKH63DNS70WJ2SKE8", "query_preview": "Quelle est l'adresse IP de la DMZ dans l'architecture three-tier ?", "level": "info", "timestamp": "2026-06-12T05:32:40.661987Z"}
{"prompt_tag": "assess_sufficiency@v4", "schema": "SufficiencyAssessment", "model": "cyankiwi/Qwen3.5-4B-AWQ-4bit", "max_tokens": 1024, "temperature": 0.1, "top_p": 0.8, "presence_penalty": 1.0, "seed": 42, "message_count": 1, "event": "model_call.start", "correlation_id": "01KTX524BDKH63DNS70WJ2SKE8", "query_preview": "Quelle est l'adresse IP de la DMZ dans l'architecture three-tier ?", "level": "info", "timestamp": "2026-06-12T05:32:40.663548Z"}
Authentication error: Langfuse client initialized without public_key. Client will be disabled. Provide a public_key parameter or set LANGFUSE_PUBLIC_KEY environment variable. 
{"prompt_tag": "assess_sufficiency@v4", "schema": "SufficiencyAssessment", "tokens": 956, "event": "model_call.done", "correlation_id": "01KTX524BDKH63DNS70WJ2SKE8", "query_preview": "Quelle est l'adresse IP de la DMZ dans l'architecture three-tier ?", "level": "info", "timestamp": "2026-06-12T05:32:41.183582Z"}
{"node": "refuse", "event": "start", "correlation_id": "01KTX524BDKH63DNS70WJ2SKE8", "query_preview": "Quelle est l'adresse IP de la DMZ dans l'architecture three-tier ?", "level": "info", "timestamp": "2026-06-12T05:32:41.185243Z"}
Authentication error: Langfuse client initialized without public_key. Client will be disabled. Provide a public_key parameter or set LANGFUSE_PUBLIC_KEY environment variable. 
{"node": "retrieve", "query_len": 90, "event": "start", "correlation_id": "01KTX52XB14CGX6780RRZPF9NB", "query_preview": "Quel algorithme de chiffrement le coupe-feu utilise-t-il dans l'architecture sin", "level": "info", "timestamp": "2026-06-12T05:32:41.186697Z"}
{"query_len": 90, "k": 50, "event": "hybrid.start", "correlation_id": "01KTX52XB14CGX6780RRZPF9NB", "query_preview": "Quel algorithme de chiffrement le coupe-feu utilise-t-il dans l'architecture sin", "level": "info", "timestamp": "2026-06-12T05:32:41.186732Z"}
{"query_len": 90, "k": 50, "dense": 50, "bm25": 0, "fused": 50, "term": false, "event": "hybrid.done", "correlation_id": "01KTX52XB14CGX6780RRZPF9NB", "query_preview": "Quel algorithme de chiffrement le coupe-feu utilise-t-il dans l'architecture sin", "level": "info", "timestamp": "2026-06-12T05:32:41.276393Z"}
{"node": "retrieve", "candidate_count": 50, "event": "done", "correlation_id": "01KTX52XB14CGX6780RRZPF9NB", "query_preview": "Quel algorithme de chiffrement le coupe-feu utilise-t-il dans l'architecture sin", "level": "info", "timestamp": "2026-06-12T05:32:41.277334Z"}
{"node": "expand_graph", "reason": "disabled_or_empty", "event": "skip", "correlation_id": "01KTX52XB14CGX6780RRZPF9NB", "query_preview": "Quel algorithme de chiffrement le coupe-feu utilise-t-il dans l'architecture sin", "level": "info", "timestamp": "2026-06-12T05:32:41.278566Z"}
{"node": "rerank", "candidate_count": 50, "event": "start", "correlation_id": "01KTX52XB14CGX6780RRZPF9NB", "query_preview": "Quel algorithme de chiffrement le coupe-feu utilise-t-il dans l'architecture sin", "level": "info", "timestamp": "2026-06-12T05:32:41.279020Z"}
{"node": "rerank", "top_k": 5, "source": "mode", "event": "top_k_resolved", "correlation_id": "01KTX52XB14CGX6780RRZPF9NB", "query_preview": "Quel algorithme de chiffrement le coupe-feu utilise-t-il dans l'architecture sin", "level": "info", "timestamp": "2026-06-12T05:32:41.279066Z"}
{"candidates": 50, "top_k": 5, "backend": "cross_encoder", "event": "rerank.start", "correlation_id": "01KTX52XB14CGX6780RRZPF9NB", "query_preview": "Quel algorithme de chiffrement le coupe-feu utilise-t-il dans l'architecture sin", "level": "info", "timestamp": "2026-06-12T05:32:41.279098Z"}
{"candidates": 50, "top_k": 5, "backend": "cross_encoder", "returned": 5, "event": "rerank.done", "correlation_id": "01KTX52XB14CGX6780RRZPF9NB", "query_preview": "Quel algorithme de chiffrement le coupe-feu utilise-t-il dans l'architecture sin", "level": "info", "timestamp": "2026-06-12T05:33:13.073256Z"}
{"node": "rerank", "reranked_count": 5, "event": "done", "correlation_id": "01KTX52XB14CGX6780RRZPF9NB", "query_preview": "Quel algorithme de chiffrement le coupe-feu utilise-t-il dans l'architecture sin", "level": "info", "timestamp": "2026-06-12T05:33:13.073332Z"}
{"node": "query_tables", "reason": "empty_or_not_table_shaped", "event": "skip", "correlation_id": "01KTX52XB14CGX6780RRZPF9NB", "query_preview": "Quel algorithme de chiffrement le coupe-feu utilise-t-il dans l'architecture sin", "level": "info", "timestamp": "2026-06-12T05:33:13.074844Z"}
{"node": "assess", "reranked_count": 5, "event": "start", "correlation_id": "01KTX52XB14CGX6780RRZPF9NB", "query_preview": "Quel algorithme de chiffrement le coupe-feu utilise-t-il dans l'architecture sin", "level": "info", "timestamp": "2026-06-12T05:33:13.075406Z"}
{"prompt_tag": "assess_sufficiency@v4", "schema": "SufficiencyAssessment", "model": "cyankiwi/Qwen3.5-4B-AWQ-4bit", "max_tokens": 1024, "temperature": 0.1, "top_p": 0.8, "presence_penalty": 1.0, "seed": 42, "message_count": 1, "event": "model_call.start", "correlation_id": "01KTX52XB14CGX6780RRZPF9NB", "query_preview": "Quel algorithme de chiffrement le coupe-feu utilise-t-il dans l'architecture sin", "level": "info", "timestamp": "2026-06-12T05:33:13.077077Z"}
Authentication error: Langfuse client initialized without public_key. Client will be disabled. Provide a public_key parameter or set LANGFUSE_PUBLIC_KEY environment variable. 
{"prompt_tag": "assess_sufficiency@v4", "schema": "SufficiencyAssessment", "tokens": 1513, "event": "model_call.done", "correlation_id": "01KTX52XB14CGX6780RRZPF9NB", "query_preview": "Quel algorithme de chiffrement le coupe-feu utilise-t-il dans l'architecture sin", "level": "info", "timestamp": "2026-06-12T05:33:13.637971Z"}
{"node": "answer", "regenerate_attempt": 0, "event": "start", "correlation_id": "01KTX52XB14CGX6780RRZPF9NB", "query_preview": "Quel algorithme de chiffrement le coupe-feu utilise-t-il dans l'architecture sin", "level": "info", "timestamp": "2026-06-12T05:33:13.639518Z"}
{"prompt_tag": "answer@v5", "schema": "DraftAnswer", "model": "cyankiwi/Qwen3.5-4B-AWQ-4bit", "max_tokens": 1800, "temperature": 0.1, "top_p": 0.8, "presence_penalty": 1.0, "seed": 42, "message_count": 2, "event": "model_call.start", "correlation_id": "01KTX52XB14CGX6780RRZPF9NB", "query_preview": "Quel algorithme de chiffrement le coupe-feu utilise-t-il dans l'architecture sin", "level": "info", "timestamp": "2026-06-12T05:33:13.642171Z"}
Authentication error: Langfuse client initialized without public_key. Client will be disabled. Provide a public_key parameter or set LANGFUSE_PUBLIC_KEY environment variable. 
{"prompt_tag": "answer@v5", "schema": "DraftAnswer", "tokens": 3112, "event": "model_call.done", "correlation_id": "01KTX52XB14CGX6780RRZPF9NB", "query_preview": "Quel algorithme de chiffrement le coupe-feu utilise-t-il dans l'architecture sin", "level": "info", "timestamp": "2026-06-12T05:33:14.524032Z"}
{"node": "verify", "claim_count": 0, "event": "start", "correlation_id": "01KTX52XB14CGX6780RRZPF9NB", "query_preview": "Quel algorithme de chiffrement le coupe-feu utilise-t-il dans l'architecture sin", "level": "info", "timestamp": "2026-06-12T05:33:14.524895Z"}
{"node": "verify", "event": "empty_draft_shortcircuit", "correlation_id": "01KTX52XB14CGX6780RRZPF9NB", "query_preview": "Quel algorithme de chiffrement le coupe-feu utilise-t-il dans l'architecture sin", "level": "info", "timestamp": "2026-06-12T05:33:14.524927Z"}
{"node": "assess_relevance", "event": "start", "correlation_id": "01KTX52XB14CGX6780RRZPF9NB", "query_preview": "Quel algorithme de chiffrement le coupe-feu utilise-t-il dans l'architecture sin", "level": "info", "timestamp": "2026-06-12T05:33:14.525851Z"}
{"prompt_tag": "assess_relevance@v3", "schema": "RelevanceAssessment", "model": "cyankiwi/Qwen3.5-4B-AWQ-4bit", "max_tokens": 1024, "temperature": 0.1, "top_p": 0.8, "presence_penalty": 1.0, "seed": 42, "message_count": 1, "event": "model_call.start", "correlation_id": "01KTX52XB14CGX6780RRZPF9NB", "query_preview": "Quel algorithme de chiffrement le coupe-feu utilise-t-il dans l'architecture sin", "level": "info", "timestamp": "2026-06-12T05:33:14.526869Z"}
Authentication error: Langfuse client initialized without public_key. Client will be disabled. Provide a public_key parameter or set LANGFUSE_PUBLIC_KEY environment variable. 
{"prompt_tag": "assess_relevance@v3", "schema": "RelevanceAssessment", "tokens": 868, "event": "model_call.done", "correlation_id": "01KTX52XB14CGX6780RRZPF9NB", "query_preview": "Quel algorithme de chiffrement le coupe-feu utilise-t-il dans l'architecture sin", "level": "info", "timestamp": "2026-06-12T05:33:14.988950Z"}
{"node": "assess_relevance", "responsive": false, "event": "relevance", "correlation_id": "01KTX52XB14CGX6780RRZPF9NB", "query_preview": "Quel algorithme de chiffrement le coupe-feu utilise-t-il dans l'architecture sin", "level": "info", "timestamp": "2026-06-12T05:33:14.989018Z"}
{"node": "refuse", "event": "start", "correlation_id": "01KTX52XB14CGX6780RRZPF9NB", "query_preview": "Quel algorithme de chiffrement le coupe-feu utilise-t-il dans l'architecture sin", "level": "info", "timestamp": "2026-06-12T05:33:14.990115Z"}
Authentication error: Langfuse client initialized without public_key. Client will be disabled. Provide a public_key parameter or set LANGFUSE_PUBLIC_KEY environment variable. 
{"node": "retrieve", "query_len": 69, "event": "start", "correlation_id": "01KTX53YBEBMPZJTQEZPN8D8VC", "query_preview": "Quelle valeur de bande passante le paquet bandwidthd a-t-il mesur\u00e9e ?", "level": "info", "timestamp": "2026-06-12T05:33:14.991574Z"}
{"query_len": 69, "k": 50, "event": "hybrid.start", "correlation_id": "01KTX53YBEBMPZJTQEZPN8D8VC", "query_preview": "Quelle valeur de bande passante le paquet bandwidthd a-t-il mesur\u00e9e ?", "level": "info", "timestamp": "2026-06-12T05:33:14.991610Z"}
{"query_len": 69, "k": 50, "dense": 50, "bm25": 0, "fused": 50, "term": false, "event": "hybrid.done", "correlation_id": "01KTX53YBEBMPZJTQEZPN8D8VC", "query_preview": "Quelle valeur de bande passante le paquet bandwidthd a-t-il mesur\u00e9e ?", "level": "info", "timestamp": "2026-06-12T05:33:15.093884Z"}
{"node": "retrieve", "candidate_count": 50, "event": "done", "correlation_id": "01KTX53YBEBMPZJTQEZPN8D8VC", "query_preview": "Quelle valeur de bande passante le paquet bandwidthd a-t-il mesur\u00e9e ?", "level": "info", "timestamp": "2026-06-12T05:33:15.095006Z"}
{"node": "expand_graph", "reason": "disabled_or_empty", "event": "skip", "correlation_id": "01KTX53YBEBMPZJTQEZPN8D8VC", "query_preview": "Quelle valeur de bande passante le paquet bandwidthd a-t-il mesur\u00e9e ?", "level": "info", "timestamp": "2026-06-12T05:33:15.096266Z"}
{"node": "rerank", "candidate_count": 50, "event": "start", "correlation_id": "01KTX53YBEBMPZJTQEZPN8D8VC", "query_preview": "Quelle valeur de bande passante le paquet bandwidthd a-t-il mesur\u00e9e ?", "level": "info", "timestamp": "2026-06-12T05:33:15.096794Z"}
{"node": "rerank", "top_k": 5, "source": "mode", "event": "top_k_resolved", "correlation_id": "01KTX53YBEBMPZJTQEZPN8D8VC", "query_preview": "Quelle valeur de bande passante le paquet bandwidthd a-t-il mesur\u00e9e ?", "level": "info", "timestamp": "2026-06-12T05:33:15.096839Z"}
{"candidates": 50, "top_k": 5, "backend": "cross_encoder", "event": "rerank.start", "correlation_id": "01KTX53YBEBMPZJTQEZPN8D8VC", "query_preview": "Quelle valeur de bande passante le paquet bandwidthd a-t-il mesur\u00e9e ?", "level": "info", "timestamp": "2026-06-12T05:33:15.096870Z"}
{"candidates": 50, "top_k": 5, "backend": "cross_encoder", "returned": 5, "event": "rerank.done", "correlation_id": "01KTX53YBEBMPZJTQEZPN8D8VC", "query_preview": "Quelle valeur de bande passante le paquet bandwidthd a-t-il mesur\u00e9e ?", "level": "info", "timestamp": "2026-06-12T05:33:43.739660Z"}
{"node": "rerank", "reranked_count": 5, "event": "done", "correlation_id": "01KTX53YBEBMPZJTQEZPN8D8VC", "query_preview": "Quelle valeur de bande passante le paquet bandwidthd a-t-il mesur\u00e9e ?", "level": "info", "timestamp": "2026-06-12T05:33:43.739733Z"}
{"node": "query_tables", "reason": "empty_or_not_table_shaped", "event": "skip", "correlation_id": "01KTX53YBEBMPZJTQEZPN8D8VC", "query_preview": "Quelle valeur de bande passante le paquet bandwidthd a-t-il mesur\u00e9e ?", "level": "info", "timestamp": "2026-06-12T05:33:43.741126Z"}
{"node": "assess", "reranked_count": 5, "event": "start", "correlation_id": "01KTX53YBEBMPZJTQEZPN8D8VC", "query_preview": "Quelle valeur de bande passante le paquet bandwidthd a-t-il mesur\u00e9e ?", "level": "info", "timestamp": "2026-06-12T05:33:43.741690Z"}
{"prompt_tag": "assess_sufficiency@v4", "schema": "SufficiencyAssessment", "model": "cyankiwi/Qwen3.5-4B-AWQ-4bit", "max_tokens": 1024, "temperature": 0.1, "top_p": 0.8, "presence_penalty": 1.0, "seed": 42, "message_count": 1, "event": "model_call.start", "correlation_id": "01KTX53YBEBMPZJTQEZPN8D8VC", "query_preview": "Quelle valeur de bande passante le paquet bandwidthd a-t-il mesur\u00e9e ?", "level": "info", "timestamp": "2026-06-12T05:33:43.743195Z"}
Authentication error: Langfuse client initialized without public_key. Client will be disabled. Provide a public_key parameter or set LANGFUSE_PUBLIC_KEY environment variable. 
{"prompt_tag": "assess_sufficiency@v4", "schema": "SufficiencyAssessment", "tokens": 1402, "event": "model_call.done", "correlation_id": "01KTX53YBEBMPZJTQEZPN8D8VC", "query_preview": "Quelle valeur de bande passante le paquet bandwidthd a-t-il mesur\u00e9e ?", "level": "info", "timestamp": "2026-06-12T05:33:44.401720Z"}
{"node": "refuse", "event": "start", "correlation_id": "01KTX53YBEBMPZJTQEZPN8D8VC", "query_preview": "Quelle valeur de bande passante le paquet bandwidthd a-t-il mesur\u00e9e ?", "level": "info", "timestamp": "2026-06-12T05:33:44.403169Z"}
{"query_count": 17, "quick": false, "error_count": 0, "mean_citation_precision": 0.8235294117647058, "mean_citation_precision_answered_only": 0.0, "answer_text_checked": 0, "answer_text_correct_count": 0, "mean_answer_mention_recall": null, "event": "eval.done", "level": "info", "timestamp": "2026-06-12T05:33:44.403863Z"}
