{"vault_path": "/home/drei/.memex/vault", "event": "bootstrap", "level": "info", "timestamp": "2026-06-12T05:33:47.580636Z"}
{"estimated_gb": 11.8, "budget_gb": 9.8, "total_gb": 11.6, "gpu": "NVIDIA GeForce RTX 4070", "vlm_counted": false, "co_residence_mode": "manual", "embedder_device": "cpu", "reranker_device": "cpu", "fix": "lower hardware.gpu_memory_fraction, switch to a lighter co-residence mode (MEMEX_MODELS__CO_RESIDENCE_MODE=full puts the reranker on CPU), switch to a smaller VLM variant (vlm_quantization=awq_int4), or reduce the orchestrator quant tier", "event": "vram.budget.tight", "level": "warning", "timestamp": "2026-06-12T05:33:48.477503Z"}
{"component": "bootstrap.gpu", "total_gb": 11.56, "free_gb": 4.38, "holders": ["pid 382037: VLLM::EngineCore (6170 MiB)", "pid 993568: /home/drei/project/Doc_Flo/.venv/bin/python3 (154 MiB)"], "event": "gpu.preflight", "level": "info", "timestamp": "2026-06-12T05:33:48.578708Z"}
{"query_count": 19, "quick": false, "event": "eval.start", "level": "info", "timestamp": "2026-06-12T05:33:48.615619Z"}
Authentication error: Langfuse client initialized without public_key. Client will be disabled. Provide a public_key parameter or set LANGFUSE_PUBLIC_KEY environment variable. 
{"node": "retrieve", "query_len": 62, "event": "start", "correlation_id": "01KTX54Z672THWGVE9V5M2RFMJ", "query_preview": "Que signifie un enregistrement MX dans le DNS selon le cours ?", "level": "info", "timestamp": "2026-06-12T05:33:48.640792Z"}
{"query_len": 62, "k": 50, "event": "hybrid.start", "correlation_id": "01KTX54Z672THWGVE9V5M2RFMJ", "query_preview": "Que signifie un enregistrement MX dans le DNS selon le cours ?", "level": "info", "timestamp": "2026-06-12T05:33:48.640866Z"}
{"name": "embedder", "event": "model.load.start", "correlation_id": "01KTX54Z672THWGVE9V5M2RFMJ", "query_preview": "Que signifie un enregistrement MX dans le DNS selon le cours ?", "level": "info", "timestamp": "2026-06-12T05:33:48.644157Z"}
`torch_dtype` is deprecated! Use `dtype` instead!
{"name": "embedder", "event": "model.load.done", "correlation_id": "01KTX54Z672THWGVE9V5M2RFMJ", "query_preview": "Que signifie un enregistrement MX dans le DNS selon le cours ?", "level": "info", "timestamp": "2026-06-12T05:33:52.847293Z"}
{"query_len": 62, "k": 50, "dense": 50, "bm25": 0, "fused": 50, "term": false, "event": "hybrid.done", "correlation_id": "01KTX54Z672THWGVE9V5M2RFMJ", "query_preview": "Que signifie un enregistrement MX dans le DNS selon le cours ?", "level": "info", "timestamp": "2026-06-12T05:33:52.991092Z"}
{"node": "retrieve", "candidate_count": 50, "event": "done", "correlation_id": "01KTX54Z672THWGVE9V5M2RFMJ", "query_preview": "Que signifie un enregistrement MX dans le DNS selon le cours ?", "level": "info", "timestamp": "2026-06-12T05:33:52.992505Z"}
{"node": "expand_graph", "reason": "disabled_or_empty", "event": "skip", "correlation_id": "01KTX54Z672THWGVE9V5M2RFMJ", "query_preview": "Que signifie un enregistrement MX dans le DNS selon le cours ?", "level": "info", "timestamp": "2026-06-12T05:33:52.994588Z"}
{"node": "rerank", "candidate_count": 50, "event": "start", "correlation_id": "01KTX54Z672THWGVE9V5M2RFMJ", "query_preview": "Que signifie un enregistrement MX dans le DNS selon le cours ?", "level": "info", "timestamp": "2026-06-12T05:33:52.995264Z"}
{"node": "rerank", "top_k": 5, "source": "mode", "event": "top_k_resolved", "correlation_id": "01KTX54Z672THWGVE9V5M2RFMJ", "query_preview": "Que signifie un enregistrement MX dans le DNS selon le cours ?", "level": "info", "timestamp": "2026-06-12T05:33:52.995331Z"}
{"candidates": 50, "top_k": 5, "backend": "cross_encoder", "event": "rerank.start", "correlation_id": "01KTX54Z672THWGVE9V5M2RFMJ", "query_preview": "Que signifie un enregistrement MX dans le DNS selon le cours ?", "level": "info", "timestamp": "2026-06-12T05:33:52.995387Z"}
{"name": "reranker", "event": "model.load.start", "correlation_id": "01KTX54Z672THWGVE9V5M2RFMJ", "query_preview": "Que signifie un enregistrement MX dans le DNS selon le cours ?", "level": "info", "timestamp": "2026-06-12T05:33:52.995437Z"}
{"name": "reranker", "event": "model.load.done", "correlation_id": "01KTX54Z672THWGVE9V5M2RFMJ", "query_preview": "Que signifie un enregistrement MX dans le DNS selon le cours ?", "level": "info", "timestamp": "2026-06-12T05:33:54.342987Z"}
{"candidates": 50, "top_k": 5, "backend": "cross_encoder", "returned": 5, "event": "rerank.done", "correlation_id": "01KTX54Z672THWGVE9V5M2RFMJ", "query_preview": "Que signifie un enregistrement MX dans le DNS selon le cours ?", "level": "info", "timestamp": "2026-06-12T05:34:18.956040Z"}
{"node": "rerank", "reranked_count": 5, "event": "done", "correlation_id": "01KTX54Z672THWGVE9V5M2RFMJ", "query_preview": "Que signifie un enregistrement MX dans le DNS selon le cours ?", "level": "info", "timestamp": "2026-06-12T05:34:18.956147Z"}
{"node": "query_tables", "reason": "empty_or_not_table_shaped", "event": "skip", "correlation_id": "01KTX54Z672THWGVE9V5M2RFMJ", "query_preview": "Que signifie un enregistrement MX dans le DNS selon le cours ?", "level": "info", "timestamp": "2026-06-12T05:34:18.958197Z"}
{"node": "assess", "reranked_count": 5, "event": "start", "correlation_id": "01KTX54Z672THWGVE9V5M2RFMJ", "query_preview": "Que signifie un enregistrement MX dans le DNS selon le cours ?", "level": "info", "timestamp": "2026-06-12T05:34:18.958997Z"}
{"prompt_tag": "assess_sufficiency@v4", "schema": "SufficiencyAssessment", "model": "cyankiwi/Qwen3.5-4B-AWQ-4bit", "max_tokens": 1024, "temperature": 0.1, "top_p": 0.8, "presence_penalty": 1.0, "seed": 42, "message_count": 1, "event": "model_call.start", "correlation_id": "01KTX54Z672THWGVE9V5M2RFMJ", "query_preview": "Que signifie un enregistrement MX dans le DNS selon le cours ?", "level": "info", "timestamp": "2026-06-12T05:34:18.966958Z"}
Authentication error: Langfuse client initialized without public_key. Client will be disabled. Provide a public_key parameter or set LANGFUSE_PUBLIC_KEY environment variable. 
{"prompt_tag": "assess_sufficiency@v4", "schema": "SufficiencyAssessment", "tokens": 1273, "event": "model_call.done", "correlation_id": "01KTX54Z672THWGVE9V5M2RFMJ", "query_preview": "Que signifie un enregistrement MX dans le DNS selon le cours ?", "level": "info", "timestamp": "2026-06-12T05:34:19.567327Z"}
{"node": "answer", "regenerate_attempt": 0, "event": "start", "correlation_id": "01KTX54Z672THWGVE9V5M2RFMJ", "query_preview": "Que signifie un enregistrement MX dans le DNS selon le cours ?", "level": "info", "timestamp": "2026-06-12T05:34:19.569154Z"}
{"prompt_tag": "answer@v5", "schema": "DraftAnswer", "model": "cyankiwi/Qwen3.5-4B-AWQ-4bit", "max_tokens": 1800, "temperature": 0.1, "top_p": 0.8, "presence_penalty": 1.0, "seed": 42, "message_count": 2, "event": "model_call.start", "correlation_id": "01KTX54Z672THWGVE9V5M2RFMJ", "query_preview": "Que signifie un enregistrement MX dans le DNS selon le cours ?", "level": "info", "timestamp": "2026-06-12T05:34:19.575107Z"}
Authentication error: Langfuse client initialized without public_key. Client will be disabled. Provide a public_key parameter or set LANGFUSE_PUBLIC_KEY environment variable. 
{"prompt_tag": "answer@v5", "schema": "DraftAnswer", "tokens": 2901, "event": "model_call.done", "correlation_id": "01KTX54Z672THWGVE9V5M2RFMJ", "query_preview": "Que signifie un enregistrement MX dans le DNS selon le cours ?", "level": "info", "timestamp": "2026-06-12T05:34:20.742682Z"}
{"node": "verify", "claim_count": 1, "event": "start", "correlation_id": "01KTX54Z672THWGVE9V5M2RFMJ", "query_preview": "Que signifie un enregistrement MX dans le DNS selon le cours ?", "level": "info", "timestamp": "2026-06-12T05:34:20.743837Z"}
{"prompt_tag": "verify_grounding@v2", "schema": "VerificationResult", "model": "cyankiwi/Qwen3.5-4B-AWQ-4bit", "max_tokens": 1024, "temperature": 0.1, "top_p": 0.8, "presence_penalty": 1.0, "seed": 42, "message_count": 1, "event": "model_call.start", "correlation_id": "01KTX54Z672THWGVE9V5M2RFMJ", "query_preview": "Que signifie un enregistrement MX dans le DNS selon le cours ?", "level": "info", "timestamp": "2026-06-12T05:34:20.750987Z"}
Authentication error: Langfuse client initialized without public_key. Client will be disabled. Provide a public_key parameter or set LANGFUSE_PUBLIC_KEY environment variable. 
{"prompt_tag": "verify_grounding@v2", "schema": "VerificationResult", "tokens": 1190, "event": "model_call.done", "correlation_id": "01KTX54Z672THWGVE9V5M2RFMJ", "query_preview": "Que signifie un enregistrement MX dans le DNS selon le cours ?", "level": "info", "timestamp": "2026-06-12T05:34:21.117603Z"}
{"node": "assess_relevance", "event": "start", "correlation_id": "01KTX54Z672THWGVE9V5M2RFMJ", "query_preview": "Que signifie un enregistrement MX dans le DNS selon le cours ?", "level": "info", "timestamp": "2026-06-12T05:34:21.119615Z"}
{"prompt_tag": "assess_relevance@v3", "schema": "RelevanceAssessment", "model": "cyankiwi/Qwen3.5-4B-AWQ-4bit", "max_tokens": 1024, "temperature": 0.1, "top_p": 0.8, "presence_penalty": 1.0, "seed": 42, "message_count": 1, "event": "model_call.start", "correlation_id": "01KTX54Z672THWGVE9V5M2RFMJ", "query_preview": "Que signifie un enregistrement MX dans le DNS selon le cours ?", "level": "info", "timestamp": "2026-06-12T05:34:21.121360Z"}
Authentication error: Langfuse client initialized without public_key. Client will be disabled. Provide a public_key parameter or set LANGFUSE_PUBLIC_KEY environment variable. 
{"prompt_tag": "assess_relevance@v3", "schema": "RelevanceAssessment", "tokens": 830, "event": "model_call.done", "correlation_id": "01KTX54Z672THWGVE9V5M2RFMJ", "query_preview": "Que signifie un enregistrement MX dans le DNS selon le cours ?", "level": "info", "timestamp": "2026-06-12T05:34:21.494505Z"}
{"node": "assess_relevance", "responsive": true, "event": "relevance", "correlation_id": "01KTX54Z672THWGVE9V5M2RFMJ", "query_preview": "Que signifie un enregistrement MX dans le DNS selon le cours ?", "level": "info", "timestamp": "2026-06-12T05:34:21.494558Z"}
{"node": "compose", "event": "start", "correlation_id": "01KTX54Z672THWGVE9V5M2RFMJ", "query_preview": "Que signifie un enregistrement MX dans le DNS selon le cours ?", "level": "info", "timestamp": "2026-06-12T05:34:21.496421Z"}
Authentication error: Langfuse client initialized without public_key. Client will be disabled. Provide a public_key parameter or set LANGFUSE_PUBLIC_KEY environment variable. 
{"node": "retrieve", "query_len": 68, "event": "start", "correlation_id": "01KTX55Z9SNJVQZ59AEW0H575P", "query_preview": "En quoi consiste la phase de Reconnaissance de la Cyber Kill Chain ?", "level": "info", "timestamp": "2026-06-12T05:34:21.498558Z"}
{"query_len": 68, "k": 50, "event": "hybrid.start", "correlation_id": "01KTX55Z9SNJVQZ59AEW0H575P", "query_preview": "En quoi consiste la phase de Reconnaissance de la Cyber Kill Chain ?", "level": "info", "timestamp": "2026-06-12T05:34:21.498601Z"}
{"query_len": 68, "k": 50, "dense": 50, "bm25": 0, "fused": 50, "term": false, "event": "hybrid.done", "correlation_id": "01KTX55Z9SNJVQZ59AEW0H575P", "query_preview": "En quoi consiste la phase de Reconnaissance de la Cyber Kill Chain ?", "level": "info", "timestamp": "2026-06-12T05:34:21.575472Z"}
{"node": "retrieve", "candidate_count": 50, "event": "done", "correlation_id": "01KTX55Z9SNJVQZ59AEW0H575P", "query_preview": "En quoi consiste la phase de Reconnaissance de la Cyber Kill Chain ?", "level": "info", "timestamp": "2026-06-12T05:34:21.576507Z"}
{"node": "expand_graph", "reason": "disabled_or_empty", "event": "skip", "correlation_id": "01KTX55Z9SNJVQZ59AEW0H575P", "query_preview": "En quoi consiste la phase de Reconnaissance de la Cyber Kill Chain ?", "level": "info", "timestamp": "2026-06-12T05:34:21.577979Z"}
{"node": "rerank", "candidate_count": 50, "event": "start", "correlation_id": "01KTX55Z9SNJVQZ59AEW0H575P", "query_preview": "En quoi consiste la phase de Reconnaissance de la Cyber Kill Chain ?", "level": "info", "timestamp": "2026-06-12T05:34:21.578498Z"}
{"node": "rerank", "top_k": 5, "source": "mode", "event": "top_k_resolved", "correlation_id": "01KTX55Z9SNJVQZ59AEW0H575P", "query_preview": "En quoi consiste la phase de Reconnaissance de la Cyber Kill Chain ?", "level": "info", "timestamp": "2026-06-12T05:34:21.578554Z"}
{"candidates": 50, "top_k": 5, "backend": "cross_encoder", "event": "rerank.start", "correlation_id": "01KTX55Z9SNJVQZ59AEW0H575P", "query_preview": "En quoi consiste la phase de Reconnaissance de la Cyber Kill Chain ?", "level": "info", "timestamp": "2026-06-12T05:34:21.578597Z"}
{"candidates": 50, "top_k": 5, "backend": "cross_encoder", "returned": 5, "event": "rerank.done", "correlation_id": "01KTX55Z9SNJVQZ59AEW0H575P", "query_preview": "En quoi consiste la phase de Reconnaissance de la Cyber Kill Chain ?", "level": "info", "timestamp": "2026-06-12T05:34:43.459928Z"}
{"node": "rerank", "reranked_count": 5, "event": "done", "correlation_id": "01KTX55Z9SNJVQZ59AEW0H575P", "query_preview": "En quoi consiste la phase de Reconnaissance de la Cyber Kill Chain ?", "level": "info", "timestamp": "2026-06-12T05:34:43.460032Z"}
{"node": "query_tables", "reason": "empty_or_not_table_shaped", "event": "skip", "correlation_id": "01KTX55Z9SNJVQZ59AEW0H575P", "query_preview": "En quoi consiste la phase de Reconnaissance de la Cyber Kill Chain ?", "level": "info", "timestamp": "2026-06-12T05:34:43.462093Z"}
{"node": "assess", "reranked_count": 5, "event": "start", "correlation_id": "01KTX55Z9SNJVQZ59AEW0H575P", "query_preview": "En quoi consiste la phase de Reconnaissance de la Cyber Kill Chain ?", "level": "info", "timestamp": "2026-06-12T05:34:43.463011Z"}
{"prompt_tag": "assess_sufficiency@v4", "schema": "SufficiencyAssessment", "model": "cyankiwi/Qwen3.5-4B-AWQ-4bit", "max_tokens": 1024, "temperature": 0.1, "top_p": 0.8, "presence_penalty": 1.0, "seed": 42, "message_count": 1, "event": "model_call.start", "correlation_id": "01KTX55Z9SNJVQZ59AEW0H575P", "query_preview": "En quoi consiste la phase de Reconnaissance de la Cyber Kill Chain ?", "level": "info", "timestamp": "2026-06-12T05:34:43.465286Z"}
Authentication error: Langfuse client initialized without public_key. Client will be disabled. Provide a public_key parameter or set LANGFUSE_PUBLIC_KEY environment variable. 
{"prompt_tag": "assess_sufficiency@v4", "schema": "SufficiencyAssessment", "tokens": 1137, "event": "model_call.done", "correlation_id": "01KTX55Z9SNJVQZ59AEW0H575P", "query_preview": "En quoi consiste la phase de Reconnaissance de la Cyber Kill Chain ?", "level": "info", "timestamp": "2026-06-12T05:34:44.018721Z"}
{"node": "answer", "regenerate_attempt": 0, "event": "start", "correlation_id": "01KTX55Z9SNJVQZ59AEW0H575P", "query_preview": "En quoi consiste la phase de Reconnaissance de la Cyber Kill Chain ?", "level": "info", "timestamp": "2026-06-12T05:34:44.019957Z"}
{"prompt_tag": "answer@v5", "schema": "DraftAnswer", "model": "cyankiwi/Qwen3.5-4B-AWQ-4bit", "max_tokens": 1800, "temperature": 0.1, "top_p": 0.8, "presence_penalty": 1.0, "seed": 42, "message_count": 2, "event": "model_call.start", "correlation_id": "01KTX55Z9SNJVQZ59AEW0H575P", "query_preview": "En quoi consiste la phase de Reconnaissance de la Cyber Kill Chain ?", "level": "info", "timestamp": "2026-06-12T05:34:44.022040Z"}
Authentication error: Langfuse client initialized without public_key. Client will be disabled. Provide a public_key parameter or set LANGFUSE_PUBLIC_KEY environment variable. 
{"prompt_tag": "answer@v5", "schema": "DraftAnswer", "tokens": 2859, "event": "model_call.done", "correlation_id": "01KTX55Z9SNJVQZ59AEW0H575P", "query_preview": "En quoi consiste la phase de Reconnaissance de la Cyber Kill Chain ?", "level": "info", "timestamp": "2026-06-12T05:34:45.973937Z"}
{"node": "answer", "original": "La phase de Reconnaissance de la Cyber Kill Chain consiste \u00e0 collecter le maximum d'informations sur une cible sans l'al", "event": "answer.summary_scope_rebuilt", "correlation_id": "01KTX55Z9SNJVQZ59AEW0H575P", "query_preview": "En quoi consiste la phase de Reconnaissance de la Cyber Kill Chain ?", "level": "info", "timestamp": "2026-06-12T05:34:45.974046Z"}
{"node": "verify", "claim_count": 1, "event": "start", "correlation_id": "01KTX55Z9SNJVQZ59AEW0H575P", "query_preview": "En quoi consiste la phase de Reconnaissance de la Cyber Kill Chain ?", "level": "info", "timestamp": "2026-06-12T05:34:45.974859Z"}
{"prompt_tag": "verify_grounding@v2", "schema": "VerificationResult", "model": "cyankiwi/Qwen3.5-4B-AWQ-4bit", "max_tokens": 1024, "temperature": 0.1, "top_p": 0.8, "presence_penalty": 1.0, "seed": 42, "message_count": 1, "event": "model_call.start", "correlation_id": "01KTX55Z9SNJVQZ59AEW0H575P", "query_preview": "En quoi consiste la phase de Reconnaissance de la Cyber Kill Chain ?", "level": "info", "timestamp": "2026-06-12T05:34:45.978113Z"}
Authentication error: Langfuse client initialized without public_key. Client will be disabled. Provide a public_key parameter or set LANGFUSE_PUBLIC_KEY environment variable. 
{"prompt_tag": "verify_grounding@v2", "schema": "VerificationResult", "tokens": 1106, "event": "model_call.done", "correlation_id": "01KTX55Z9SNJVQZ59AEW0H575P", "query_preview": "En quoi consiste la phase de Reconnaissance de la Cyber Kill Chain ?", "level": "info", "timestamp": "2026-06-12T05:34:46.330588Z"}
{"node": "assess_relevance", "event": "start", "correlation_id": "01KTX55Z9SNJVQZ59AEW0H575P", "query_preview": "En quoi consiste la phase de Reconnaissance de la Cyber Kill Chain ?", "level": "info", "timestamp": "2026-06-12T05:34:46.331768Z"}
{"node": "assess_relevance", "event": "relevance.scope_rebuilt_refuse", "correlation_id": "01KTX55Z9SNJVQZ59AEW0H575P", "query_preview": "En quoi consiste la phase de Reconnaissance de la Cyber Kill Chain ?", "level": "info", "timestamp": "2026-06-12T05:34:46.331804Z"}
{"node": "refuse", "event": "start", "correlation_id": "01KTX55Z9SNJVQZ59AEW0H575P", "query_preview": "En quoi consiste la phase de Reconnaissance de la Cyber Kill Chain ?", "level": "info", "timestamp": "2026-06-12T05:34:46.332599Z"}
Authentication error: Langfuse client initialized without public_key. Client will be disabled. Provide a public_key parameter or set LANGFUSE_PUBLIC_KEY environment variable. 
{"node": "retrieve", "query_len": 64, "event": "start", "correlation_id": "01KTX56QHXMY3RHHSD64ARC47B", "query_preview": "Quelle est la couche 4 du mod\u00e8le TCP/IP pr\u00e9sent\u00e9 dans le cours ?", "level": "info", "timestamp": "2026-06-12T05:34:46.334029Z"}
{"query_len": 64, "k": 50, "event": "hybrid.start", "correlation_id": "01KTX56QHXMY3RHHSD64ARC47B", "query_preview": "Quelle est la couche 4 du mod\u00e8le TCP/IP pr\u00e9sent\u00e9 dans le cours ?", "level": "info", "timestamp": "2026-06-12T05:34:46.334069Z"}
{"query_len": 64, "k": 50, "dense": 50, "bm25": 0, "fused": 50, "term": false, "event": "hybrid.done", "correlation_id": "01KTX56QHXMY3RHHSD64ARC47B", "query_preview": "Quelle est la couche 4 du mod\u00e8le TCP/IP pr\u00e9sent\u00e9 dans le cours ?", "level": "info", "timestamp": "2026-06-12T05:34:46.415171Z"}
{"node": "retrieve", "candidate_count": 50, "event": "done", "correlation_id": "01KTX56QHXMY3RHHSD64ARC47B", "query_preview": "Quelle est la couche 4 du mod\u00e8le TCP/IP pr\u00e9sent\u00e9 dans le cours ?", "level": "info", "timestamp": "2026-06-12T05:34:46.416077Z"}
{"node": "expand_graph", "reason": "disabled_or_empty", "event": "skip", "correlation_id": "01KTX56QHXMY3RHHSD64ARC47B", "query_preview": "Quelle est la couche 4 du mod\u00e8le TCP/IP pr\u00e9sent\u00e9 dans le cours ?", "level": "info", "timestamp": "2026-06-12T05:34:46.417374Z"}
{"node": "rerank", "candidate_count": 50, "event": "start", "correlation_id": "01KTX56QHXMY3RHHSD64ARC47B", "query_preview": "Quelle est la couche 4 du mod\u00e8le TCP/IP pr\u00e9sent\u00e9 dans le cours ?", "level": "info", "timestamp": "2026-06-12T05:34:46.417903Z"}
{"node": "rerank", "top_k": 5, "source": "mode", "event": "top_k_resolved", "correlation_id": "01KTX56QHXMY3RHHSD64ARC47B", "query_preview": "Quelle est la couche 4 du mod\u00e8le TCP/IP pr\u00e9sent\u00e9 dans le cours ?", "level": "info", "timestamp": "2026-06-12T05:34:46.417951Z"}
{"candidates": 50, "top_k": 5, "backend": "cross_encoder", "event": "rerank.start", "correlation_id": "01KTX56QHXMY3RHHSD64ARC47B", "query_preview": "Quelle est la couche 4 du mod\u00e8le TCP/IP pr\u00e9sent\u00e9 dans le cours ?", "level": "info", "timestamp": "2026-06-12T05:34:46.417984Z"}
{"candidates": 50, "top_k": 5, "backend": "cross_encoder", "returned": 5, "event": "rerank.done", "correlation_id": "01KTX56QHXMY3RHHSD64ARC47B", "query_preview": "Quelle est la couche 4 du mod\u00e8le TCP/IP pr\u00e9sent\u00e9 dans le cours ?", "level": "info", "timestamp": "2026-06-12T05:35:12.684972Z"}
{"node": "rerank", "reranked_count": 5, "event": "done", "correlation_id": "01KTX56QHXMY3RHHSD64ARC47B", "query_preview": "Quelle est la couche 4 du mod\u00e8le TCP/IP pr\u00e9sent\u00e9 dans le cours ?", "level": "info", "timestamp": "2026-06-12T05:35:12.685098Z"}
{"node": "query_tables", "reason": "empty_or_not_table_shaped", "event": "skip", "correlation_id": "01KTX56QHXMY3RHHSD64ARC47B", "query_preview": "Quelle est la couche 4 du mod\u00e8le TCP/IP pr\u00e9sent\u00e9 dans le cours ?", "level": "info", "timestamp": "2026-06-12T05:35:12.687499Z"}
{"node": "assess", "reranked_count": 5, "event": "start", "correlation_id": "01KTX56QHXMY3RHHSD64ARC47B", "query_preview": "Quelle est la couche 4 du mod\u00e8le TCP/IP pr\u00e9sent\u00e9 dans le cours ?", "level": "info", "timestamp": "2026-06-12T05:35:12.688494Z"}
{"prompt_tag": "assess_sufficiency@v4", "schema": "SufficiencyAssessment", "model": "cyankiwi/Qwen3.5-4B-AWQ-4bit", "max_tokens": 1024, "temperature": 0.1, "top_p": 0.8, "presence_penalty": 1.0, "seed": 42, "message_count": 1, "event": "model_call.start", "correlation_id": "01KTX56QHXMY3RHHSD64ARC47B", "query_preview": "Quelle est la couche 4 du mod\u00e8le TCP/IP pr\u00e9sent\u00e9 dans le cours ?", "level": "info", "timestamp": "2026-06-12T05:35:12.690497Z"}
Authentication error: Langfuse client initialized without public_key. Client will be disabled. Provide a public_key parameter or set LANGFUSE_PUBLIC_KEY environment variable. 
{"prompt_tag": "assess_sufficiency@v4", "schema": "SufficiencyAssessment", "tokens": 1611, "event": "model_call.done", "correlation_id": "01KTX56QHXMY3RHHSD64ARC47B", "query_preview": "Quelle est la couche 4 du mod\u00e8le TCP/IP pr\u00e9sent\u00e9 dans le cours ?", "level": "info", "timestamp": "2026-06-12T05:35:13.345273Z"}
{"node": "answer", "regenerate_attempt": 0, "event": "start", "correlation_id": "01KTX56QHXMY3RHHSD64ARC47B", "query_preview": "Quelle est la couche 4 du mod\u00e8le TCP/IP pr\u00e9sent\u00e9 dans le cours ?", "level": "info", "timestamp": "2026-06-12T05:35:13.346443Z"}
{"prompt_tag": "answer@v5", "schema": "DraftAnswer", "model": "cyankiwi/Qwen3.5-4B-AWQ-4bit", "max_tokens": 1800, "temperature": 0.1, "top_p": 0.8, "presence_penalty": 1.0, "seed": 42, "message_count": 2, "event": "model_call.start", "correlation_id": "01KTX56QHXMY3RHHSD64ARC47B", "query_preview": "Quelle est la couche 4 du mod\u00e8le TCP/IP pr\u00e9sent\u00e9 dans le cours ?", "level": "info", "timestamp": "2026-06-12T05:35:13.348510Z"}
Authentication error: Langfuse client initialized without public_key. Client will be disabled. Provide a public_key parameter or set LANGFUSE_PUBLIC_KEY environment variable. 
{"prompt_tag": "answer@v5", "schema": "DraftAnswer", "tokens": 3406, "event": "model_call.done", "correlation_id": "01KTX56QHXMY3RHHSD64ARC47B", "query_preview": "Quelle est la couche 4 du mod\u00e8le TCP/IP pr\u00e9sent\u00e9 dans le cours ?", "level": "info", "timestamp": "2026-06-12T05:35:16.056866Z"}
{"node": "answer", "exact": 0, "suffix": 0, "fuzzy": 3, "unresolved": 0, "event": "chunk_id_repair", "correlation_id": "01KTX56QHXMY3RHHSD64ARC47B", "query_preview": "Quelle est la couche 4 du mod\u00e8le TCP/IP pr\u00e9sent\u00e9 dans le cours ?", "level": "info", "timestamp": "2026-06-12T05:35:16.057262Z"}
{"node": "verify", "claim_count": 3, "event": "start", "correlation_id": "01KTX56QHXMY3RHHSD64ARC47B", "query_preview": "Quelle est la couche 4 du mod\u00e8le TCP/IP pr\u00e9sent\u00e9 dans le cours ?", "level": "info", "timestamp": "2026-06-12T05:35:16.058076Z"}
{"prompt_tag": "verify_grounding@v2", "schema": "VerificationResult", "model": "cyankiwi/Qwen3.5-4B-AWQ-4bit", "max_tokens": 1024, "temperature": 0.1, "top_p": 0.8, "presence_penalty": 1.0, "seed": 42, "message_count": 1, "event": "model_call.start", "correlation_id": "01KTX56QHXMY3RHHSD64ARC47B", "query_preview": "Quelle est la couche 4 du mod\u00e8le TCP/IP pr\u00e9sent\u00e9 dans le cours ?", "level": "info", "timestamp": "2026-06-12T05:35:16.061549Z"}
Authentication error: Langfuse client initialized without public_key. Client will be disabled. Provide a public_key parameter or set LANGFUSE_PUBLIC_KEY environment variable. 
{"prompt_tag": "verify_grounding@v2", "schema": "VerificationResult", "tokens": 1491, "event": "model_call.done", "correlation_id": "01KTX56QHXMY3RHHSD64ARC47B", "query_preview": "Quelle est la couche 4 du mod\u00e8le TCP/IP pr\u00e9sent\u00e9 dans le cours ?", "level": "info", "timestamp": "2026-06-12T05:35:16.521977Z"}
{"node": "assess_relevance", "event": "start", "correlation_id": "01KTX56QHXMY3RHHSD64ARC47B", "query_preview": "Quelle est la couche 4 du mod\u00e8le TCP/IP pr\u00e9sent\u00e9 dans le cours ?", "level": "info", "timestamp": "2026-06-12T05:35:16.523392Z"}
{"prompt_tag": "assess_relevance@v3", "schema": "RelevanceAssessment", "model": "cyankiwi/Qwen3.5-4B-AWQ-4bit", "max_tokens": 1024, "temperature": 0.1, "top_p": 0.8, "presence_penalty": 1.0, "seed": 42, "message_count": 1, "event": "model_call.start", "correlation_id": "01KTX56QHXMY3RHHSD64ARC47B", "query_preview": "Quelle est la couche 4 du mod\u00e8le TCP/IP pr\u00e9sent\u00e9 dans le cours ?", "level": "info", "timestamp": "2026-06-12T05:35:16.524537Z"}
Authentication error: Langfuse client initialized without public_key. Client will be disabled. Provide a public_key parameter or set LANGFUSE_PUBLIC_KEY environment variable. 
{"prompt_tag": "assess_relevance@v3", "schema": "RelevanceAssessment", "tokens": 903, "event": "model_call.done", "correlation_id": "01KTX56QHXMY3RHHSD64ARC47B", "query_preview": "Quelle est la couche 4 du mod\u00e8le TCP/IP pr\u00e9sent\u00e9 dans le cours ?", "level": "info", "timestamp": "2026-06-12T05:35:16.974809Z"}
{"node": "assess_relevance", "responsive": true, "event": "relevance", "correlation_id": "01KTX56QHXMY3RHHSD64ARC47B", "query_preview": "Quelle est la couche 4 du mod\u00e8le TCP/IP pr\u00e9sent\u00e9 dans le cours ?", "level": "info", "timestamp": "2026-06-12T05:35:16.974870Z"}
{"node": "compose", "event": "start", "correlation_id": "01KTX56QHXMY3RHHSD64ARC47B", "query_preview": "Quelle est la couche 4 du mod\u00e8le TCP/IP pr\u00e9sent\u00e9 dans le cours ?", "level": "info", "timestamp": "2026-06-12T05:35:16.976011Z"}
Authentication error: Langfuse client initialized without public_key. Client will be disabled. Provide a public_key parameter or set LANGFUSE_PUBLIC_KEY environment variable. 
{"node": "retrieve", "query_len": 71, "event": "start", "correlation_id": "01KTX57NFG1K35Q5VEPET4HSDX", "query_preview": "Qu'est-ce qu'un pare-feu \u00e0 inspection avec \u00e9tat (stateful inspection) ?", "level": "info", "timestamp": "2026-06-12T05:35:16.977589Z"}
{"query_len": 71, "k": 50, "event": "hybrid.start", "correlation_id": "01KTX57NFG1K35Q5VEPET4HSDX", "query_preview": "Qu'est-ce qu'un pare-feu \u00e0 inspection avec \u00e9tat (stateful inspection) ?", "level": "info", "timestamp": "2026-06-12T05:35:16.977627Z"}
{"query_len": 71, "k": 50, "dense": 50, "bm25": 0, "fused": 50, "term": false, "event": "hybrid.done", "correlation_id": "01KTX57NFG1K35Q5VEPET4HSDX", "query_preview": "Qu'est-ce qu'un pare-feu \u00e0 inspection avec \u00e9tat (stateful inspection) ?", "level": "info", "timestamp": "2026-06-12T05:35:17.064285Z"}
{"node": "retrieve", "candidate_count": 50, "event": "done", "correlation_id": "01KTX57NFG1K35Q5VEPET4HSDX", "query_preview": "Qu'est-ce qu'un pare-feu \u00e0 inspection avec \u00e9tat (stateful inspection) ?", "level": "info", "timestamp": "2026-06-12T05:35:17.065667Z"}
{"node": "expand_graph", "reason": "disabled_or_empty", "event": "skip", "correlation_id": "01KTX57NFG1K35Q5VEPET4HSDX", "query_preview": "Qu'est-ce qu'un pare-feu \u00e0 inspection avec \u00e9tat (stateful inspection) ?", "level": "info", "timestamp": "2026-06-12T05:35:17.067145Z"}
{"node": "rerank", "candidate_count": 50, "event": "start", "correlation_id": "01KTX57NFG1K35Q5VEPET4HSDX", "query_preview": "Qu'est-ce qu'un pare-feu \u00e0 inspection avec \u00e9tat (stateful inspection) ?", "level": "info", "timestamp": "2026-06-12T05:35:17.067745Z"}
{"node": "rerank", "top_k": 5, "source": "mode", "event": "top_k_resolved", "correlation_id": "01KTX57NFG1K35Q5VEPET4HSDX", "query_preview": "Qu'est-ce qu'un pare-feu \u00e0 inspection avec \u00e9tat (stateful inspection) ?", "level": "info", "timestamp": "2026-06-12T05:35:17.067802Z"}
{"candidates": 50, "top_k": 5, "backend": "cross_encoder", "event": "rerank.start", "correlation_id": "01KTX57NFG1K35Q5VEPET4HSDX", "query_preview": "Qu'est-ce qu'un pare-feu \u00e0 inspection avec \u00e9tat (stateful inspection) ?", "level": "info", "timestamp": "2026-06-12T05:35:17.067845Z"}
{"candidates": 50, "top_k": 5, "backend": "cross_encoder", "returned": 5, "event": "rerank.done", "correlation_id": "01KTX57NFG1K35Q5VEPET4HSDX", "query_preview": "Qu'est-ce qu'un pare-feu \u00e0 inspection avec \u00e9tat (stateful inspection) ?", "level": "info", "timestamp": "2026-06-12T05:35:42.837120Z"}
{"node": "rerank", "reranked_count": 5, "event": "done", "correlation_id": "01KTX57NFG1K35Q5VEPET4HSDX", "query_preview": "Qu'est-ce qu'un pare-feu \u00e0 inspection avec \u00e9tat (stateful inspection) ?", "level": "info", "timestamp": "2026-06-12T05:35:42.837222Z"}
{"node": "query_tables", "reason": "empty_or_not_table_shaped", "event": "skip", "correlation_id": "01KTX57NFG1K35Q5VEPET4HSDX", "query_preview": "Qu'est-ce qu'un pare-feu \u00e0 inspection avec \u00e9tat (stateful inspection) ?", "level": "info", "timestamp": "2026-06-12T05:35:42.839106Z"}
{"node": "assess", "reranked_count": 5, "event": "start", "correlation_id": "01KTX57NFG1K35Q5VEPET4HSDX", "query_preview": "Qu'est-ce qu'un pare-feu \u00e0 inspection avec \u00e9tat (stateful inspection) ?", "level": "info", "timestamp": "2026-06-12T05:35:42.839752Z"}
{"prompt_tag": "assess_sufficiency@v4", "schema": "SufficiencyAssessment", "model": "cyankiwi/Qwen3.5-4B-AWQ-4bit", "max_tokens": 1024, "temperature": 0.1, "top_p": 0.8, "presence_penalty": 1.0, "seed": 42, "message_count": 1, "event": "model_call.start", "correlation_id": "01KTX57NFG1K35Q5VEPET4HSDX", "query_preview": "Qu'est-ce qu'un pare-feu \u00e0 inspection avec \u00e9tat (stateful inspection) ?", "level": "info", "timestamp": "2026-06-12T05:35:42.841609Z"}
Authentication error: Langfuse client initialized without public_key. Client will be disabled. Provide a public_key parameter or set LANGFUSE_PUBLIC_KEY environment variable. 
{"prompt_tag": "assess_sufficiency@v4", "schema": "SufficiencyAssessment", "tokens": 1304, "event": "model_call.done", "correlation_id": "01KTX57NFG1K35Q5VEPET4HSDX", "query_preview": "Qu'est-ce qu'un pare-feu \u00e0 inspection avec \u00e9tat (stateful inspection) ?", "level": "info", "timestamp": "2026-06-12T05:35:43.377544Z"}
{"node": "answer", "regenerate_attempt": 0, "event": "start", "correlation_id": "01KTX57NFG1K35Q5VEPET4HSDX", "query_preview": "Qu'est-ce qu'un pare-feu \u00e0 inspection avec \u00e9tat (stateful inspection) ?", "level": "info", "timestamp": "2026-06-12T05:35:43.378988Z"}
{"prompt_tag": "answer@v5", "schema": "DraftAnswer", "model": "cyankiwi/Qwen3.5-4B-AWQ-4bit", "max_tokens": 1800, "temperature": 0.1, "top_p": 0.8, "presence_penalty": 1.0, "seed": 42, "message_count": 2, "event": "model_call.start", "correlation_id": "01KTX57NFG1K35Q5VEPET4HSDX", "query_preview": "Qu'est-ce qu'un pare-feu \u00e0 inspection avec \u00e9tat (stateful inspection) ?", "level": "info", "timestamp": "2026-06-12T05:35:43.381716Z"}
Authentication error: Langfuse client initialized without public_key. Client will be disabled. Provide a public_key parameter or set LANGFUSE_PUBLIC_KEY environment variable. 
{"prompt_tag": "answer@v5", "schema": "DraftAnswer", "tokens": 3046, "event": "model_call.done", "correlation_id": "01KTX57NFG1K35Q5VEPET4HSDX", "query_preview": "Qu'est-ce qu'un pare-feu \u00e0 inspection avec \u00e9tat (stateful inspection) ?", "level": "info", "timestamp": "2026-06-12T05:35:45.508628Z"}
{"node": "answer", "original": "Un pare-feu \u00e0 inspection avec \u00e9tat (stateful inspection) surveille l'\u00e9tat des connexions actives et prend des d\u00e9cisions ", "event": "answer.summary_scope_rebuilt", "correlation_id": "01KTX57NFG1K35Q5VEPET4HSDX", "query_preview": "Qu'est-ce qu'un pare-feu \u00e0 inspection avec \u00e9tat (stateful inspection) ?", "level": "info", "timestamp": "2026-06-12T05:35:45.508738Z"}
{"node": "verify", "claim_count": 1, "event": "start", "correlation_id": "01KTX57NFG1K35Q5VEPET4HSDX", "query_preview": "Qu'est-ce qu'un pare-feu \u00e0 inspection avec \u00e9tat (stateful inspection) ?", "level": "info", "timestamp": "2026-06-12T05:35:45.509518Z"}
{"prompt_tag": "verify_grounding@v2", "schema": "VerificationResult", "model": "cyankiwi/Qwen3.5-4B-AWQ-4bit", "max_tokens": 1024, "temperature": 0.1, "top_p": 0.8, "presence_penalty": 1.0, "seed": 42, "message_count": 1, "event": "model_call.start", "correlation_id": "01KTX57NFG1K35Q5VEPET4HSDX", "query_preview": "Qu'est-ce qu'un pare-feu \u00e0 inspection avec \u00e9tat (stateful inspection) ?", "level": "info", "timestamp": "2026-06-12T05:35:45.512645Z"}
Authentication error: Langfuse client initialized without public_key. Client will be disabled. Provide a public_key parameter or set LANGFUSE_PUBLIC_KEY environment variable. 
{"prompt_tag": "verify_grounding@v2", "schema": "VerificationResult", "tokens": 1289, "event": "model_call.done", "correlation_id": "01KTX57NFG1K35Q5VEPET4HSDX", "query_preview": "Qu'est-ce qu'un pare-feu \u00e0 inspection avec \u00e9tat (stateful inspection) ?", "level": "info", "timestamp": "2026-06-12T05:35:45.892490Z"}
{"node": "assess_relevance", "event": "start", "correlation_id": "01KTX57NFG1K35Q5VEPET4HSDX", "query_preview": "Qu'est-ce qu'un pare-feu \u00e0 inspection avec \u00e9tat (stateful inspection) ?", "level": "info", "timestamp": "2026-06-12T05:35:45.893796Z"}
{"node": "assess_relevance", "event": "relevance.scope_rebuilt_refuse", "correlation_id": "01KTX57NFG1K35Q5VEPET4HSDX", "query_preview": "Qu'est-ce qu'un pare-feu \u00e0 inspection avec \u00e9tat (stateful inspection) ?", "level": "info", "timestamp": "2026-06-12T05:35:45.893834Z"}
{"node": "refuse", "event": "start", "correlation_id": "01KTX57NFG1K35Q5VEPET4HSDX", "query_preview": "Qu'est-ce qu'un pare-feu \u00e0 inspection avec \u00e9tat (stateful inspection) ?", "level": "info", "timestamp": "2026-06-12T05:35:45.894743Z"}
Authentication error: Langfuse client initialized without public_key. Client will be disabled. Provide a public_key parameter or set LANGFUSE_PUBLIC_KEY environment variable. 
{"node": "retrieve", "query_len": 63, "event": "start", "correlation_id": "01KTX58HQ786Q8PD99FJWZB4QG", "query_preview": "Quelle est la diff\u00e9rence entre un r\u00e9seau LAN et un r\u00e9seau WAN ?", "level": "info", "timestamp": "2026-06-12T05:35:45.896160Z"}
{"query_len": 63, "k": 50, "event": "hybrid.start", "correlation_id": "01KTX58HQ786Q8PD99FJWZB4QG", "query_preview": "Quelle est la diff\u00e9rence entre un r\u00e9seau LAN et un r\u00e9seau WAN ?", "level": "info", "timestamp": "2026-06-12T05:35:45.896195Z"}
{"query_len": 63, "k": 50, "dense": 50, "bm25": 0, "fused": 50, "term": false, "event": "hybrid.done", "correlation_id": "01KTX58HQ786Q8PD99FJWZB4QG", "query_preview": "Quelle est la diff\u00e9rence entre un r\u00e9seau LAN et un r\u00e9seau WAN ?", "level": "info", "timestamp": "2026-06-12T05:35:45.970700Z"}
{"node": "retrieve", "candidate_count": 50, "event": "done", "correlation_id": "01KTX58HQ786Q8PD99FJWZB4QG", "query_preview": "Quelle est la diff\u00e9rence entre un r\u00e9seau LAN et un r\u00e9seau WAN ?", "level": "info", "timestamp": "2026-06-12T05:35:45.971655Z"}
{"node": "expand_graph", "reason": "disabled_or_empty", "event": "skip", "correlation_id": "01KTX58HQ786Q8PD99FJWZB4QG", "query_preview": "Quelle est la diff\u00e9rence entre un r\u00e9seau LAN et un r\u00e9seau WAN ?", "level": "info", "timestamp": "2026-06-12T05:35:45.972925Z"}
{"node": "rerank", "candidate_count": 50, "event": "start", "correlation_id": "01KTX58HQ786Q8PD99FJWZB4QG", "query_preview": "Quelle est la diff\u00e9rence entre un r\u00e9seau LAN et un r\u00e9seau WAN ?", "level": "info", "timestamp": "2026-06-12T05:35:45.973414Z"}
{"node": "rerank", "top_k": 5, "source": "mode", "event": "top_k_resolved", "correlation_id": "01KTX58HQ786Q8PD99FJWZB4QG", "query_preview": "Quelle est la diff\u00e9rence entre un r\u00e9seau LAN et un r\u00e9seau WAN ?", "level": "info", "timestamp": "2026-06-12T05:35:45.973462Z"}
{"candidates": 50, "top_k": 5, "backend": "cross_encoder", "event": "rerank.start", "correlation_id": "01KTX58HQ786Q8PD99FJWZB4QG", "query_preview": "Quelle est la diff\u00e9rence entre un r\u00e9seau LAN et un r\u00e9seau WAN ?", "level": "info", "timestamp": "2026-06-12T05:35:45.973497Z"}
{"candidates": 50, "top_k": 5, "backend": "cross_encoder", "returned": 5, "event": "rerank.done", "correlation_id": "01KTX58HQ786Q8PD99FJWZB4QG", "query_preview": "Quelle est la diff\u00e9rence entre un r\u00e9seau LAN et un r\u00e9seau WAN ?", "level": "info", "timestamp": "2026-06-12T05:36:14.713783Z"}
{"node": "rerank", "reranked_count": 5, "event": "done", "correlation_id": "01KTX58HQ786Q8PD99FJWZB4QG", "query_preview": "Quelle est la diff\u00e9rence entre un r\u00e9seau LAN et un r\u00e9seau WAN ?", "level": "info", "timestamp": "2026-06-12T05:36:14.713887Z"}
{"node": "query_tables", "reason": "empty_or_not_table_shaped", "event": "skip", "correlation_id": "01KTX58HQ786Q8PD99FJWZB4QG", "query_preview": "Quelle est la diff\u00e9rence entre un r\u00e9seau LAN et un r\u00e9seau WAN ?", "level": "info", "timestamp": "2026-06-12T05:36:14.716247Z"}
{"node": "assess", "reranked_count": 5, "event": "start", "correlation_id": "01KTX58HQ786Q8PD99FJWZB4QG", "query_preview": "Quelle est la diff\u00e9rence entre un r\u00e9seau LAN et un r\u00e9seau WAN ?", "level": "info", "timestamp": "2026-06-12T05:36:14.717153Z"}
{"prompt_tag": "assess_sufficiency@v4", "schema": "SufficiencyAssessment", "model": "cyankiwi/Qwen3.5-4B-AWQ-4bit", "max_tokens": 1024, "temperature": 0.1, "top_p": 0.8, "presence_penalty": 1.0, "seed": 42, "message_count": 1, "event": "model_call.start", "correlation_id": "01KTX58HQ786Q8PD99FJWZB4QG", "query_preview": "Quelle est la diff\u00e9rence entre un r\u00e9seau LAN et un r\u00e9seau WAN ?", "level": "info", "timestamp": "2026-06-12T05:36:14.719416Z"}
Authentication error: Langfuse client initialized without public_key. Client will be disabled. Provide a public_key parameter or set LANGFUSE_PUBLIC_KEY environment variable. 
{"prompt_tag": "assess_sufficiency@v4", "schema": "SufficiencyAssessment", "tokens": 1431, "event": "model_call.done", "correlation_id": "01KTX58HQ786Q8PD99FJWZB4QG", "query_preview": "Quelle est la diff\u00e9rence entre un r\u00e9seau LAN et un r\u00e9seau WAN ?", "level": "info", "timestamp": "2026-06-12T05:36:15.290749Z"}
{"node": "answer", "regenerate_attempt": 0, "event": "start", "correlation_id": "01KTX58HQ786Q8PD99FJWZB4QG", "query_preview": "Quelle est la diff\u00e9rence entre un r\u00e9seau LAN et un r\u00e9seau WAN ?", "level": "info", "timestamp": "2026-06-12T05:36:15.292186Z"}
{"prompt_tag": "answer@v5", "schema": "DraftAnswer", "model": "cyankiwi/Qwen3.5-4B-AWQ-4bit", "max_tokens": 1800, "temperature": 0.1, "top_p": 0.8, "presence_penalty": 1.0, "seed": 42, "message_count": 2, "event": "model_call.start", "correlation_id": "01KTX58HQ786Q8PD99FJWZB4QG", "query_preview": "Quelle est la diff\u00e9rence entre un r\u00e9seau LAN et un r\u00e9seau WAN ?", "level": "info", "timestamp": "2026-06-12T05:36:15.294214Z"}
Authentication error: Langfuse client initialized without public_key. Client will be disabled. Provide a public_key parameter or set LANGFUSE_PUBLIC_KEY environment variable. 
{"prompt_tag": "answer@v5", "schema": "DraftAnswer", "tokens": 3490, "event": "model_call.done", "correlation_id": "01KTX58HQ786Q8PD99FJWZB4QG", "query_preview": "Quelle est la diff\u00e9rence entre un r\u00e9seau LAN et un r\u00e9seau WAN ?", "level": "info", "timestamp": "2026-06-12T05:36:20.282651Z"}
{"node": "answer", "original": "Les chunks contiennent des informations comparatives sur les LAN et WAN, notamment leurs zones g\u00e9ographiques, leurs usag", "event": "answer.summary_scope_rebuilt", "correlation_id": "01KTX58HQ786Q8PD99FJWZB4QG", "query_preview": "Quelle est la diff\u00e9rence entre un r\u00e9seau LAN et un r\u00e9seau WAN ?", "level": "info", "timestamp": "2026-06-12T05:36:20.282801Z"}
{"node": "verify", "claim_count": 5, "event": "start", "correlation_id": "01KTX58HQ786Q8PD99FJWZB4QG", "query_preview": "Quelle est la diff\u00e9rence entre un r\u00e9seau LAN et un r\u00e9seau WAN ?", "level": "info", "timestamp": "2026-06-12T05:36:20.283799Z"}
{"prompt_tag": "verify_grounding@v2", "schema": "VerificationResult", "model": "cyankiwi/Qwen3.5-4B-AWQ-4bit", "max_tokens": 1024, "temperature": 0.1, "top_p": 0.8, "presence_penalty": 1.0, "seed": 42, "message_count": 1, "event": "model_call.start", "correlation_id": "01KTX58HQ786Q8PD99FJWZB4QG", "query_preview": "Quelle est la diff\u00e9rence entre un r\u00e9seau LAN et un r\u00e9seau WAN ?", "level": "info", "timestamp": "2026-06-12T05:36:20.288367Z"}
Authentication error: Langfuse client initialized without public_key. Client will be disabled. Provide a public_key parameter or set LANGFUSE_PUBLIC_KEY environment variable. 
{"prompt_tag": "verify_grounding@v2", "schema": "VerificationResult", "tokens": 1470, "event": "model_call.done", "correlation_id": "01KTX58HQ786Q8PD99FJWZB4QG", "query_preview": "Quelle est la diff\u00e9rence entre un r\u00e9seau LAN et un r\u00e9seau WAN ?", "level": "info", "timestamp": "2026-06-12T05:36:20.797492Z"}
{"node": "assess_relevance", "event": "start", "correlation_id": "01KTX58HQ786Q8PD99FJWZB4QG", "query_preview": "Quelle est la diff\u00e9rence entre un r\u00e9seau LAN et un r\u00e9seau WAN ?", "level": "info", "timestamp": "2026-06-12T05:36:20.799030Z"}
{"node": "assess_relevance", "event": "relevance.scope_rebuilt_refuse", "correlation_id": "01KTX58HQ786Q8PD99FJWZB4QG", "query_preview": "Quelle est la diff\u00e9rence entre un r\u00e9seau LAN et un r\u00e9seau WAN ?", "level": "info", "timestamp": "2026-06-12T05:36:20.799077Z"}
{"node": "refuse", "event": "start", "correlation_id": "01KTX58HQ786Q8PD99FJWZB4QG", "query_preview": "Quelle est la diff\u00e9rence entre un r\u00e9seau LAN et un r\u00e9seau WAN ?", "level": "info", "timestamp": "2026-06-12T05:36:20.799929Z"}
Authentication error: Langfuse client initialized without public_key. Client will be disabled. Provide a public_key parameter or set LANGFUSE_PUBLIC_KEY environment variable. 
{"node": "retrieve", "query_len": 56, "event": "start", "correlation_id": "01KTX59KT0PCHABVEAH3DRKC2X", "query_preview": "Qu'est-ce que l'architecture Zero Trust selon le cours ?", "level": "info", "timestamp": "2026-06-12T05:36:20.801510Z"}
{"query_len": 56, "k": 50, "event": "hybrid.start", "correlation_id": "01KTX59KT0PCHABVEAH3DRKC2X", "query_preview": "Qu'est-ce que l'architecture Zero Trust selon le cours ?", "level": "info", "timestamp": "2026-06-12T05:36:20.801546Z"}
{"query_len": 56, "k": 50, "dense": 50, "bm25": 0, "fused": 50, "term": false, "event": "hybrid.done", "correlation_id": "01KTX59KT0PCHABVEAH3DRKC2X", "query_preview": "Qu'est-ce que l'architecture Zero Trust selon le cours ?", "level": "info", "timestamp": "2026-06-12T05:36:20.874394Z"}
{"node": "retrieve", "candidate_count": 50, "event": "done", "correlation_id": "01KTX59KT0PCHABVEAH3DRKC2X", "query_preview": "Qu'est-ce que l'architecture Zero Trust selon le cours ?", "level": "info", "timestamp": "2026-06-12T05:36:20.875342Z"}
{"node": "expand_graph", "reason": "disabled_or_empty", "event": "skip", "correlation_id": "01KTX59KT0PCHABVEAH3DRKC2X", "query_preview": "Qu'est-ce que l'architecture Zero Trust selon le cours ?", "level": "info", "timestamp": "2026-06-12T05:36:20.876683Z"}
{"node": "rerank", "candidate_count": 50, "event": "start", "correlation_id": "01KTX59KT0PCHABVEAH3DRKC2X", "query_preview": "Qu'est-ce que l'architecture Zero Trust selon le cours ?", "level": "info", "timestamp": "2026-06-12T05:36:20.877200Z"}
{"node": "rerank", "top_k": 5, "source": "mode", "event": "top_k_resolved", "correlation_id": "01KTX59KT0PCHABVEAH3DRKC2X", "query_preview": "Qu'est-ce que l'architecture Zero Trust selon le cours ?", "level": "info", "timestamp": "2026-06-12T05:36:20.877256Z"}
{"candidates": 50, "top_k": 5, "backend": "cross_encoder", "event": "rerank.start", "correlation_id": "01KTX59KT0PCHABVEAH3DRKC2X", "query_preview": "Qu'est-ce que l'architecture Zero Trust selon le cours ?", "level": "info", "timestamp": "2026-06-12T05:36:20.877286Z"}
{"candidates": 50, "top_k": 5, "backend": "cross_encoder", "returned": 5, "event": "rerank.done", "correlation_id": "01KTX59KT0PCHABVEAH3DRKC2X", "query_preview": "Qu'est-ce que l'architecture Zero Trust selon le cours ?", "level": "info", "timestamp": "2026-06-12T05:36:59.548012Z"}
{"node": "rerank", "reranked_count": 5, "event": "done", "correlation_id": "01KTX59KT0PCHABVEAH3DRKC2X", "query_preview": "Qu'est-ce que l'architecture Zero Trust selon le cours ?", "level": "info", "timestamp": "2026-06-12T05:36:59.548162Z"}
{"node": "query_tables", "reason": "empty_or_not_table_shaped", "event": "skip", "correlation_id": "01KTX59KT0PCHABVEAH3DRKC2X", "query_preview": "Qu'est-ce que l'architecture Zero Trust selon le cours ?", "level": "info", "timestamp": "2026-06-12T05:36:59.551494Z"}
{"node": "assess", "reranked_count": 5, "event": "start", "correlation_id": "01KTX59KT0PCHABVEAH3DRKC2X", "query_preview": "Qu'est-ce que l'architecture Zero Trust selon le cours ?", "level": "info", "timestamp": "2026-06-12T05:36:59.552918Z"}
{"prompt_tag": "assess_sufficiency@v4", "schema": "SufficiencyAssessment", "model": "cyankiwi/Qwen3.5-4B-AWQ-4bit", "max_tokens": 1024, "temperature": 0.1, "top_p": 0.8, "presence_penalty": 1.0, "seed": 42, "message_count": 1, "event": "model_call.start", "correlation_id": "01KTX59KT0PCHABVEAH3DRKC2X", "query_preview": "Qu'est-ce que l'architecture Zero Trust selon le cours ?", "level": "info", "timestamp": "2026-06-12T05:36:59.557180Z"}
Authentication error: Langfuse client initialized without public_key. Client will be disabled. Provide a public_key parameter or set LANGFUSE_PUBLIC_KEY environment variable. 
{"prompt_tag": "assess_sufficiency@v4", "schema": "SufficiencyAssessment", "tokens": 2464, "event": "model_call.done", "correlation_id": "01KTX59KT0PCHABVEAH3DRKC2X", "query_preview": "Qu'est-ce que l'architecture Zero Trust selon le cours ?", "level": "info", "timestamp": "2026-06-12T05:37:00.539977Z"}
{"node": "answer", "regenerate_attempt": 0, "event": "start", "correlation_id": "01KTX59KT0PCHABVEAH3DRKC2X", "query_preview": "Qu'est-ce que l'architecture Zero Trust selon le cours ?", "level": "info", "timestamp": "2026-06-12T05:37:00.541372Z"}
{"prompt_tag": "answer@v5", "schema": "DraftAnswer", "model": "cyankiwi/Qwen3.5-4B-AWQ-4bit", "max_tokens": 1800, "temperature": 0.1, "top_p": 0.8, "presence_penalty": 1.0, "seed": 42, "message_count": 2, "event": "model_call.start", "correlation_id": "01KTX59KT0PCHABVEAH3DRKC2X", "query_preview": "Qu'est-ce que l'architecture Zero Trust selon le cours ?", "level": "info", "timestamp": "2026-06-12T05:37:00.543456Z"}
Authentication error: Langfuse client initialized without public_key. Client will be disabled. Provide a public_key parameter or set LANGFUSE_PUBLIC_KEY environment variable. 
{"prompt_tag": "answer@v5", "schema": "DraftAnswer", "tokens": 4389, "event": "model_call.done", "correlation_id": "01KTX59KT0PCHABVEAH3DRKC2X", "query_preview": "Qu'est-ce que l'architecture Zero Trust selon le cours ?", "level": "info", "timestamp": "2026-06-12T05:37:04.782908Z"}
{"node": "answer", "original": "L'architecture Zero Trust est un paradigme de cybers\u00e9curit\u00e9 qui repose sur le principe que la confiance n'est jamais acc", "event": "answer.summary_scope_rebuilt", "correlation_id": "01KTX59KT0PCHABVEAH3DRKC2X", "query_preview": "Qu'est-ce que l'architecture Zero Trust selon le cours ?", "level": "info", "timestamp": "2026-06-12T05:37:04.783062Z"}
{"node": "verify", "claim_count": 4, "event": "start", "correlation_id": "01KTX59KT0PCHABVEAH3DRKC2X", "query_preview": "Qu'est-ce que l'architecture Zero Trust selon le cours ?", "level": "info", "timestamp": "2026-06-12T05:37:04.784141Z"}
{"prompt_tag": "verify_grounding@v2", "schema": "VerificationResult", "model": "cyankiwi/Qwen3.5-4B-AWQ-4bit", "max_tokens": 1024, "temperature": 0.1, "top_p": 0.8, "presence_penalty": 1.0, "seed": 42, "message_count": 1, "event": "model_call.start", "correlation_id": "01KTX59KT0PCHABVEAH3DRKC2X", "query_preview": "Qu'est-ce que l'architecture Zero Trust selon le cours ?", "level": "info", "timestamp": "2026-06-12T05:37:04.787553Z"}
Authentication error: Langfuse client initialized without public_key. Client will be disabled. Provide a public_key parameter or set LANGFUSE_PUBLIC_KEY environment variable. 
{"prompt_tag": "verify_grounding@v2", "schema": "VerificationResult", "tokens": 2581, "event": "model_call.done", "correlation_id": "01KTX59KT0PCHABVEAH3DRKC2X", "query_preview": "Qu'est-ce que l'architecture Zero Trust selon le cours ?", "level": "info", "timestamp": "2026-06-12T05:37:05.444329Z"}
{"node": "assess_relevance", "event": "start", "correlation_id": "01KTX59KT0PCHABVEAH3DRKC2X", "query_preview": "Qu'est-ce que l'architecture Zero Trust selon le cours ?", "level": "info", "timestamp": "2026-06-12T05:37:05.446001Z"}
{"node": "assess_relevance", "event": "relevance.scope_rebuilt_refuse", "correlation_id": "01KTX59KT0PCHABVEAH3DRKC2X", "query_preview": "Qu'est-ce que l'architecture Zero Trust selon le cours ?", "level": "info", "timestamp": "2026-06-12T05:37:05.446040Z"}
{"node": "refuse", "event": "start", "correlation_id": "01KTX59KT0PCHABVEAH3DRKC2X", "query_preview": "Qu'est-ce que l'architecture Zero Trust selon le cours ?", "level": "info", "timestamp": "2026-06-12T05:37:05.447014Z"}
Authentication error: Langfuse client initialized without public_key. Client will be disabled. Provide a public_key parameter or set LANGFUSE_PUBLIC_KEY environment variable. 
{"node": "retrieve", "query_len": 71, "event": "start", "correlation_id": "01KTX5AZD7EB82VRXHPJGGV4TW", "query_preview": "\u00c0 quoi sert le protocole ARP et entre quelles couches fonctionne-t-il ?", "level": "info", "timestamp": "2026-06-12T05:37:05.448426Z"}
{"query_len": 71, "k": 50, "event": "hybrid.start", "correlation_id": "01KTX5AZD7EB82VRXHPJGGV4TW", "query_preview": "\u00c0 quoi sert le protocole ARP et entre quelles couches fonctionne-t-il ?", "level": "info", "timestamp": "2026-06-12T05:37:05.448461Z"}
{"query_len": 71, "k": 50, "dense": 50, "bm25": 0, "fused": 50, "term": false, "event": "hybrid.done", "correlation_id": "01KTX5AZD7EB82VRXHPJGGV4TW", "query_preview": "\u00c0 quoi sert le protocole ARP et entre quelles couches fonctionne-t-il ?", "level": "info", "timestamp": "2026-06-12T05:37:05.523365Z"}
{"node": "retrieve", "candidate_count": 50, "event": "done", "correlation_id": "01KTX5AZD7EB82VRXHPJGGV4TW", "query_preview": "\u00c0 quoi sert le protocole ARP et entre quelles couches fonctionne-t-il ?", "level": "info", "timestamp": "2026-06-12T05:37:05.524502Z"}
{"node": "expand_graph", "reason": "disabled_or_empty", "event": "skip", "correlation_id": "01KTX5AZD7EB82VRXHPJGGV4TW", "query_preview": "\u00c0 quoi sert le protocole ARP et entre quelles couches fonctionne-t-il ?", "level": "info", "timestamp": "2026-06-12T05:37:05.525835Z"}
{"node": "rerank", "candidate_count": 50, "event": "start", "correlation_id": "01KTX5AZD7EB82VRXHPJGGV4TW", "query_preview": "\u00c0 quoi sert le protocole ARP et entre quelles couches fonctionne-t-il ?", "level": "info", "timestamp": "2026-06-12T05:37:05.526347Z"}
{"node": "rerank", "top_k": 5, "source": "mode", "event": "top_k_resolved", "correlation_id": "01KTX5AZD7EB82VRXHPJGGV4TW", "query_preview": "\u00c0 quoi sert le protocole ARP et entre quelles couches fonctionne-t-il ?", "level": "info", "timestamp": "2026-06-12T05:37:05.526395Z"}
{"candidates": 50, "top_k": 5, "backend": "cross_encoder", "event": "rerank.start", "correlation_id": "01KTX5AZD7EB82VRXHPJGGV4TW", "query_preview": "\u00c0 quoi sert le protocole ARP et entre quelles couches fonctionne-t-il ?", "level": "info", "timestamp": "2026-06-12T05:37:05.526425Z"}
{"candidates": 50, "top_k": 5, "backend": "cross_encoder", "returned": 5, "event": "rerank.done", "correlation_id": "01KTX5AZD7EB82VRXHPJGGV4TW", "query_preview": "\u00c0 quoi sert le protocole ARP et entre quelles couches fonctionne-t-il ?", "level": "info", "timestamp": "2026-06-12T05:37:30.567129Z"}
{"node": "rerank", "reranked_count": 5, "event": "done", "correlation_id": "01KTX5AZD7EB82VRXHPJGGV4TW", "query_preview": "\u00c0 quoi sert le protocole ARP et entre quelles couches fonctionne-t-il ?", "level": "info", "timestamp": "2026-06-12T05:37:30.567208Z"}
{"node": "query_tables", "reason": "empty_or_not_table_shaped", "event": "skip", "correlation_id": "01KTX5AZD7EB82VRXHPJGGV4TW", "query_preview": "\u00c0 quoi sert le protocole ARP et entre quelles couches fonctionne-t-il ?", "level": "info", "timestamp": "2026-06-12T05:37:30.569188Z"}
{"node": "assess", "reranked_count": 5, "event": "start", "correlation_id": "01KTX5AZD7EB82VRXHPJGGV4TW", "query_preview": "\u00c0 quoi sert le protocole ARP et entre quelles couches fonctionne-t-il ?", "level": "info", "timestamp": "2026-06-12T05:37:30.569853Z"}
{"prompt_tag": "assess_sufficiency@v4", "schema": "SufficiencyAssessment", "model": "cyankiwi/Qwen3.5-4B-AWQ-4bit", "max_tokens": 1024, "temperature": 0.1, "top_p": 0.8, "presence_penalty": 1.0, "seed": 42, "message_count": 1, "event": "model_call.start", "correlation_id": "01KTX5AZD7EB82VRXHPJGGV4TW", "query_preview": "\u00c0 quoi sert le protocole ARP et entre quelles couches fonctionne-t-il ?", "level": "info", "timestamp": "2026-06-12T05:37:30.571441Z"}
Authentication error: Langfuse client initialized without public_key. Client will be disabled. Provide a public_key parameter or set LANGFUSE_PUBLIC_KEY environment variable. 
{"prompt_tag": "assess_sufficiency@v4", "schema": "SufficiencyAssessment", "tokens": 1320, "event": "model_call.done", "correlation_id": "01KTX5AZD7EB82VRXHPJGGV4TW", "query_preview": "\u00c0 quoi sert le protocole ARP et entre quelles couches fonctionne-t-il ?", "level": "info", "timestamp": "2026-06-12T05:37:31.210043Z"}
{"node": "answer", "regenerate_attempt": 0, "event": "start", "correlation_id": "01KTX5AZD7EB82VRXHPJGGV4TW", "query_preview": "\u00c0 quoi sert le protocole ARP et entre quelles couches fonctionne-t-il ?", "level": "info", "timestamp": "2026-06-12T05:37:31.211288Z"}
{"prompt_tag": "answer@v5", "schema": "DraftAnswer", "model": "cyankiwi/Qwen3.5-4B-AWQ-4bit", "max_tokens": 1800, "temperature": 0.1, "top_p": 0.8, "presence_penalty": 1.0, "seed": 42, "message_count": 2, "event": "model_call.start", "correlation_id": "01KTX5AZD7EB82VRXHPJGGV4TW", "query_preview": "\u00c0 quoi sert le protocole ARP et entre quelles couches fonctionne-t-il ?", "level": "info", "timestamp": "2026-06-12T05:37:31.213353Z"}
Authentication error: Langfuse client initialized without public_key. Client will be disabled. Provide a public_key parameter or set LANGFUSE_PUBLIC_KEY environment variable. 
{"prompt_tag": "answer@v5", "schema": "DraftAnswer", "tokens": 3158, "event": "model_call.done", "correlation_id": "01KTX5AZD7EB82VRXHPJGGV4TW", "query_preview": "\u00c0 quoi sert le protocole ARP et entre quelles couches fonctionne-t-il ?", "level": "info", "timestamp": "2026-06-12T05:37:34.298208Z"}
{"node": "answer", "original": "Le protocole ARP (Address Resolution Protocol) sert \u00e0 associer une adresse IP (couche 3) \u00e0 une adresse MAC (couche 2) su", "event": "answer.summary_scope_rebuilt", "correlation_id": "01KTX5AZD7EB82VRXHPJGGV4TW", "query_preview": "\u00c0 quoi sert le protocole ARP et entre quelles couches fonctionne-t-il ?", "level": "info", "timestamp": "2026-06-12T05:37:34.298340Z"}
{"node": "verify", "claim_count": 3, "event": "start", "correlation_id": "01KTX5AZD7EB82VRXHPJGGV4TW", "query_preview": "\u00c0 quoi sert le protocole ARP et entre quelles couches fonctionne-t-il ?", "level": "info", "timestamp": "2026-06-12T05:37:34.299438Z"}
{"prompt_tag": "verify_grounding@v2", "schema": "VerificationResult", "model": "cyankiwi/Qwen3.5-4B-AWQ-4bit", "max_tokens": 1024, "temperature": 0.1, "top_p": 0.8, "presence_penalty": 1.0, "seed": 42, "message_count": 1, "event": "model_call.start", "correlation_id": "01KTX5AZD7EB82VRXHPJGGV4TW", "query_preview": "\u00c0 quoi sert le protocole ARP et entre quelles couches fonctionne-t-il ?", "level": "info", "timestamp": "2026-06-12T05:37:34.302733Z"}
Authentication error: Langfuse client initialized without public_key. Client will be disabled. Provide a public_key parameter or set LANGFUSE_PUBLIC_KEY environment variable. 
{"prompt_tag": "verify_grounding@v2", "schema": "VerificationResult", "tokens": 1379, "event": "model_call.done", "correlation_id": "01KTX5AZD7EB82VRXHPJGGV4TW", "query_preview": "\u00c0 quoi sert le protocole ARP et entre quelles couches fonctionne-t-il ?", "level": "info", "timestamp": "2026-06-12T05:37:34.745355Z"}
{"node": "assess_relevance", "event": "start", "correlation_id": "01KTX5AZD7EB82VRXHPJGGV4TW", "query_preview": "\u00c0 quoi sert le protocole ARP et entre quelles couches fonctionne-t-il ?", "level": "info", "timestamp": "2026-06-12T05:37:34.746774Z"}
{"node": "assess_relevance", "event": "relevance.scope_rebuilt_refuse", "correlation_id": "01KTX5AZD7EB82VRXHPJGGV4TW", "query_preview": "\u00c0 quoi sert le protocole ARP et entre quelles couches fonctionne-t-il ?", "level": "info", "timestamp": "2026-06-12T05:37:34.746811Z"}
{"node": "refuse", "event": "start", "correlation_id": "01KTX5AZD7EB82VRXHPJGGV4TW", "query_preview": "\u00c0 quoi sert le protocole ARP et entre quelles couches fonctionne-t-il ?", "level": "info", "timestamp": "2026-06-12T05:37:34.747838Z"}
Authentication error: Langfuse client initialized without public_key. Client will be disabled. Provide a public_key parameter or set LANGFUSE_PUBLIC_KEY environment variable. 
{"node": "retrieve", "query_len": 69, "event": "start", "correlation_id": "01KTX5BW0WMQK4HJR982HTMETK", "query_preview": "Quelle moyenne minimale faut-il obtenir pour r\u00e9ussir le cours CR350 ?", "level": "info", "timestamp": "2026-06-12T05:37:34.749432Z"}
{"query_len": 69, "k": 50, "event": "hybrid.start", "correlation_id": "01KTX5BW0WMQK4HJR982HTMETK", "query_preview": "Quelle moyenne minimale faut-il obtenir pour r\u00e9ussir le cours CR350 ?", "level": "info", "timestamp": "2026-06-12T05:37:34.749471Z"}
{"query_len": 69, "k": 50, "dense": 50, "bm25": 0, "fused": 50, "term": false, "event": "hybrid.done", "correlation_id": "01KTX5BW0WMQK4HJR982HTMETK", "query_preview": "Quelle moyenne minimale faut-il obtenir pour r\u00e9ussir le cours CR350 ?", "level": "info", "timestamp": "2026-06-12T05:37:34.823057Z"}
{"node": "retrieve", "candidate_count": 50, "event": "done", "correlation_id": "01KTX5BW0WMQK4HJR982HTMETK", "query_preview": "Quelle moyenne minimale faut-il obtenir pour r\u00e9ussir le cours CR350 ?", "level": "info", "timestamp": "2026-06-12T05:37:34.824385Z"}
{"node": "expand_graph", "reason": "disabled_or_empty", "event": "skip", "correlation_id": "01KTX5BW0WMQK4HJR982HTMETK", "query_preview": "Quelle moyenne minimale faut-il obtenir pour r\u00e9ussir le cours CR350 ?", "level": "info", "timestamp": "2026-06-12T05:37:34.825924Z"}
{"node": "rerank", "candidate_count": 50, "event": "start", "correlation_id": "01KTX5BW0WMQK4HJR982HTMETK", "query_preview": "Quelle moyenne minimale faut-il obtenir pour r\u00e9ussir le cours CR350 ?", "level": "info", "timestamp": "2026-06-12T05:37:34.826426Z"}
{"node": "rerank", "top_k": 5, "source": "mode", "event": "top_k_resolved", "correlation_id": "01KTX5BW0WMQK4HJR982HTMETK", "query_preview": "Quelle moyenne minimale faut-il obtenir pour r\u00e9ussir le cours CR350 ?", "level": "info", "timestamp": "2026-06-12T05:37:34.826478Z"}
{"candidates": 50, "top_k": 5, "backend": "cross_encoder", "event": "rerank.start", "correlation_id": "01KTX5BW0WMQK4HJR982HTMETK", "query_preview": "Quelle moyenne minimale faut-il obtenir pour r\u00e9ussir le cours CR350 ?", "level": "info", "timestamp": "2026-06-12T05:37:34.826509Z"}
{"candidates": 50, "top_k": 5, "backend": "cross_encoder", "returned": 5, "event": "rerank.done", "correlation_id": "01KTX5BW0WMQK4HJR982HTMETK", "query_preview": "Quelle moyenne minimale faut-il obtenir pour r\u00e9ussir le cours CR350 ?", "level": "info", "timestamp": "2026-06-12T05:37:56.727113Z"}
{"node": "rerank", "reranked_count": 5, "event": "done", "correlation_id": "01KTX5BW0WMQK4HJR982HTMETK", "query_preview": "Quelle moyenne minimale faut-il obtenir pour r\u00e9ussir le cours CR350 ?", "level": "info", "timestamp": "2026-06-12T05:37:56.727199Z"}
{"node": "query_tables", "reason": "empty_or_not_table_shaped", "event": "skip", "correlation_id": "01KTX5BW0WMQK4HJR982HTMETK", "query_preview": "Quelle moyenne minimale faut-il obtenir pour r\u00e9ussir le cours CR350 ?", "level": "info", "timestamp": "2026-06-12T05:37:56.728762Z"}
{"node": "assess", "reranked_count": 5, "event": "start", "correlation_id": "01KTX5BW0WMQK4HJR982HTMETK", "query_preview": "Quelle moyenne minimale faut-il obtenir pour r\u00e9ussir le cours CR350 ?", "level": "info", "timestamp": "2026-06-12T05:37:56.729345Z"}
{"prompt_tag": "assess_sufficiency@v4", "schema": "SufficiencyAssessment", "model": "cyankiwi/Qwen3.5-4B-AWQ-4bit", "max_tokens": 1024, "temperature": 0.1, "top_p": 0.8, "presence_penalty": 1.0, "seed": 42, "message_count": 1, "event": "model_call.start", "correlation_id": "01KTX5BW0WMQK4HJR982HTMETK", "query_preview": "Quelle moyenne minimale faut-il obtenir pour r\u00e9ussir le cours CR350 ?", "level": "info", "timestamp": "2026-06-12T05:37:56.730888Z"}
Authentication error: Langfuse client initialized without public_key. Client will be disabled. Provide a public_key parameter or set LANGFUSE_PUBLIC_KEY environment variable. 
{"prompt_tag": "assess_sufficiency@v4", "schema": "SufficiencyAssessment", "tokens": 1256, "event": "model_call.done", "correlation_id": "01KTX5BW0WMQK4HJR982HTMETK", "query_preview": "Quelle moyenne minimale faut-il obtenir pour r\u00e9ussir le cours CR350 ?", "level": "info", "timestamp": "2026-06-12T05:37:57.411463Z"}
{"node": "answer", "regenerate_attempt": 0, "event": "start", "correlation_id": "01KTX5BW0WMQK4HJR982HTMETK", "query_preview": "Quelle moyenne minimale faut-il obtenir pour r\u00e9ussir le cours CR350 ?", "level": "info", "timestamp": "2026-06-12T05:37:57.412850Z"}
{"prompt_tag": "answer@v5", "schema": "DraftAnswer", "model": "cyankiwi/Qwen3.5-4B-AWQ-4bit", "max_tokens": 1800, "temperature": 0.1, "top_p": 0.8, "presence_penalty": 1.0, "seed": 42, "message_count": 2, "event": "model_call.start", "correlation_id": "01KTX5BW0WMQK4HJR982HTMETK", "query_preview": "Quelle moyenne minimale faut-il obtenir pour r\u00e9ussir le cours CR350 ?", "level": "info", "timestamp": "2026-06-12T05:37:57.414916Z"}
Authentication error: Langfuse client initialized without public_key. Client will be disabled. Provide a public_key parameter or set LANGFUSE_PUBLIC_KEY environment variable. 
{"prompt_tag": "answer@v5", "schema": "DraftAnswer", "tokens": 3039, "event": "model_call.done", "correlation_id": "01KTX5BW0WMQK4HJR982HTMETK", "query_preview": "Quelle moyenne minimale faut-il obtenir pour r\u00e9ussir le cours CR350 ?", "level": "info", "timestamp": "2026-06-12T05:38:00.040952Z"}
{"node": "verify", "claim_count": 2, "event": "start", "correlation_id": "01KTX5BW0WMQK4HJR982HTMETK", "query_preview": "Quelle moyenne minimale faut-il obtenir pour r\u00e9ussir le cours CR350 ?", "level": "info", "timestamp": "2026-06-12T05:38:00.041914Z"}
{"prompt_tag": "verify_grounding@v2", "schema": "VerificationResult", "model": "cyankiwi/Qwen3.5-4B-AWQ-4bit", "max_tokens": 1024, "temperature": 0.1, "top_p": 0.8, "presence_penalty": 1.0, "seed": 42, "message_count": 1, "event": "model_call.start", "correlation_id": "01KTX5BW0WMQK4HJR982HTMETK", "query_preview": "Quelle moyenne minimale faut-il obtenir pour r\u00e9ussir le cours CR350 ?", "level": "info", "timestamp": "2026-06-12T05:38:00.045444Z"}
Authentication error: Langfuse client initialized without public_key. Client will be disabled. Provide a public_key parameter or set LANGFUSE_PUBLIC_KEY environment variable. 
{"prompt_tag": "verify_grounding@v2", "schema": "VerificationResult", "tokens": 1272, "event": "model_call.done", "correlation_id": "01KTX5BW0WMQK4HJR982HTMETK", "query_preview": "Quelle moyenne minimale faut-il obtenir pour r\u00e9ussir le cours CR350 ?", "level": "info", "timestamp": "2026-06-12T05:38:00.444451Z"}
{"node": "assess_relevance", "event": "start", "correlation_id": "01KTX5BW0WMQK4HJR982HTMETK", "query_preview": "Quelle moyenne minimale faut-il obtenir pour r\u00e9ussir le cours CR350 ?", "level": "info", "timestamp": "2026-06-12T05:38:00.445703Z"}
{"prompt_tag": "assess_relevance@v3", "schema": "RelevanceAssessment", "model": "cyankiwi/Qwen3.5-4B-AWQ-4bit", "max_tokens": 1024, "temperature": 0.1, "top_p": 0.8, "presence_penalty": 1.0, "seed": 42, "message_count": 1, "event": "model_call.start", "correlation_id": "01KTX5BW0WMQK4HJR982HTMETK", "query_preview": "Quelle moyenne minimale faut-il obtenir pour r\u00e9ussir le cours CR350 ?", "level": "info", "timestamp": "2026-06-12T05:38:00.446711Z"}
Authentication error: Langfuse client initialized without public_key. Client will be disabled. Provide a public_key parameter or set LANGFUSE_PUBLIC_KEY environment variable. 
{"prompt_tag": "assess_relevance@v3", "schema": "RelevanceAssessment", "tokens": 932, "event": "model_call.done", "correlation_id": "01KTX5BW0WMQK4HJR982HTMETK", "query_preview": "Quelle moyenne minimale faut-il obtenir pour r\u00e9ussir le cours CR350 ?", "level": "info", "timestamp": "2026-06-12T05:38:00.971286Z"}
{"node": "assess_relevance", "responsive": true, "event": "relevance", "correlation_id": "01KTX5BW0WMQK4HJR982HTMETK", "query_preview": "Quelle moyenne minimale faut-il obtenir pour r\u00e9ussir le cours CR350 ?", "level": "info", "timestamp": "2026-06-12T05:38:00.971336Z"}
{"node": "compose", "event": "start", "correlation_id": "01KTX5BW0WMQK4HJR982HTMETK", "query_preview": "Quelle moyenne minimale faut-il obtenir pour r\u00e9ussir le cours CR350 ?", "level": "info", "timestamp": "2026-06-12T05:38:00.972485Z"}
Authentication error: Langfuse client initialized without public_key. Client will be disabled. Provide a public_key parameter or set LANGFUSE_PUBLIC_KEY environment variable. 
{"node": "retrieve", "query_len": 56, "event": "start", "correlation_id": "01KTX5CNMC7NQFZ16YJ96JBNQZ", "query_preview": "Quel est le r\u00f4le principal d'un routeur dans un r\u00e9seau ?", "level": "info", "timestamp": "2026-06-12T05:38:00.974011Z"}
{"query_len": 56, "k": 50, "event": "hybrid.start", "correlation_id": "01KTX5CNMC7NQFZ16YJ96JBNQZ", "query_preview": "Quel est le r\u00f4le principal d'un routeur dans un r\u00e9seau ?", "level": "info", "timestamp": "2026-06-12T05:38:00.974047Z"}
{"query_len": 56, "k": 50, "dense": 50, "bm25": 0, "fused": 50, "term": false, "event": "hybrid.done", "correlation_id": "01KTX5CNMC7NQFZ16YJ96JBNQZ", "query_preview": "Quel est le r\u00f4le principal d'un routeur dans un r\u00e9seau ?", "level": "info", "timestamp": "2026-06-12T05:38:01.060387Z"}
{"node": "retrieve", "candidate_count": 50, "event": "done", "correlation_id": "01KTX5CNMC7NQFZ16YJ96JBNQZ", "query_preview": "Quel est le r\u00f4le principal d'un routeur dans un r\u00e9seau ?", "level": "info", "timestamp": "2026-06-12T05:38:01.061162Z"}
{"node": "expand_graph", "reason": "disabled_or_empty", "event": "skip", "correlation_id": "01KTX5CNMC7NQFZ16YJ96JBNQZ", "query_preview": "Quel est le r\u00f4le principal d'un routeur dans un r\u00e9seau ?", "level": "info", "timestamp": "2026-06-12T05:38:01.062207Z"}
{"node": "rerank", "candidate_count": 50, "event": "start", "correlation_id": "01KTX5CNMC7NQFZ16YJ96JBNQZ", "query_preview": "Quel est le r\u00f4le principal d'un routeur dans un r\u00e9seau ?", "level": "info", "timestamp": "2026-06-12T05:38:01.062594Z"}
{"node": "rerank", "top_k": 5, "source": "mode", "event": "top_k_resolved", "correlation_id": "01KTX5CNMC7NQFZ16YJ96JBNQZ", "query_preview": "Quel est le r\u00f4le principal d'un routeur dans un r\u00e9seau ?", "level": "info", "timestamp": "2026-06-12T05:38:01.062631Z"}
{"candidates": 50, "top_k": 5, "backend": "cross_encoder", "event": "rerank.start", "correlation_id": "01KTX5CNMC7NQFZ16YJ96JBNQZ", "query_preview": "Quel est le r\u00f4le principal d'un routeur dans un r\u00e9seau ?", "level": "info", "timestamp": "2026-06-12T05:38:01.062658Z"}
{"candidates": 50, "top_k": 5, "backend": "cross_encoder", "returned": 5, "event": "rerank.done", "correlation_id": "01KTX5CNMC7NQFZ16YJ96JBNQZ", "query_preview": "Quel est le r\u00f4le principal d'un routeur dans un r\u00e9seau ?", "level": "info", "timestamp": "2026-06-12T05:38:32.945459Z"}
{"node": "rerank", "reranked_count": 5, "event": "done", "correlation_id": "01KTX5CNMC7NQFZ16YJ96JBNQZ", "query_preview": "Quel est le r\u00f4le principal d'un routeur dans un r\u00e9seau ?", "level": "info", "timestamp": "2026-06-12T05:38:32.949975Z"}
{"node": "query_tables", "reason": "empty_or_not_table_shaped", "event": "skip", "correlation_id": "01KTX5CNMC7NQFZ16YJ96JBNQZ", "query_preview": "Quel est le r\u00f4le principal d'un routeur dans un r\u00e9seau ?", "level": "info", "timestamp": "2026-06-12T05:38:32.951748Z"}
{"node": "assess", "reranked_count": 5, "event": "start", "correlation_id": "01KTX5CNMC7NQFZ16YJ96JBNQZ", "query_preview": "Quel est le r\u00f4le principal d'un routeur dans un r\u00e9seau ?", "level": "info", "timestamp": "2026-06-12T05:38:32.952381Z"}
{"prompt_tag": "assess_sufficiency@v4", "schema": "SufficiencyAssessment", "model": "cyankiwi/Qwen3.5-4B-AWQ-4bit", "max_tokens": 1024, "temperature": 0.1, "top_p": 0.8, "presence_penalty": 1.0, "seed": 42, "message_count": 1, "event": "model_call.start", "correlation_id": "01KTX5CNMC7NQFZ16YJ96JBNQZ", "query_preview": "Quel est le r\u00f4le principal d'un routeur dans un r\u00e9seau ?", "level": "info", "timestamp": "2026-06-12T05:38:32.953919Z"}
Authentication error: Langfuse client initialized without public_key. Client will be disabled. Provide a public_key parameter or set LANGFUSE_PUBLIC_KEY environment variable. 
{"prompt_tag": "assess_sufficiency@v4", "schema": "SufficiencyAssessment", "tokens": 1320, "event": "model_call.done", "correlation_id": "01KTX5CNMC7NQFZ16YJ96JBNQZ", "query_preview": "Quel est le r\u00f4le principal d'un routeur dans un r\u00e9seau ?", "level": "info", "timestamp": "2026-06-12T05:38:33.681701Z"}
{"node": "answer", "regenerate_attempt": 0, "event": "start", "correlation_id": "01KTX5CNMC7NQFZ16YJ96JBNQZ", "query_preview": "Quel est le r\u00f4le principal d'un routeur dans un r\u00e9seau ?", "level": "info", "timestamp": "2026-06-12T05:38:33.683234Z"}
{"prompt_tag": "answer@v5", "schema": "DraftAnswer", "model": "cyankiwi/Qwen3.5-4B-AWQ-4bit", "max_tokens": 1800, "temperature": 0.1, "top_p": 0.8, "presence_penalty": 1.0, "seed": 42, "message_count": 2, "event": "model_call.start", "correlation_id": "01KTX5CNMC7NQFZ16YJ96JBNQZ", "query_preview": "Quel est le r\u00f4le principal d'un routeur dans un r\u00e9seau ?", "level": "info", "timestamp": "2026-06-12T05:38:33.685309Z"}
Authentication error: Langfuse client initialized without public_key. Client will be disabled. Provide a public_key parameter or set LANGFUSE_PUBLIC_KEY environment variable. 
{"prompt_tag": "answer@v5", "schema": "DraftAnswer", "tokens": 3243, "event": "model_call.done", "correlation_id": "01KTX5CNMC7NQFZ16YJ96JBNQZ", "query_preview": "Quel est le r\u00f4le principal d'un routeur dans un r\u00e9seau ?", "level": "info", "timestamp": "2026-06-12T05:38:37.621381Z"}
{"node": "answer", "original": "Le r\u00f4le principal d'un routeur est de diriger le trafic entre diff\u00e9rents r\u00e9seaux et de permettre la connexion \u00e0 Internet", "event": "answer.summary_scope_rebuilt", "correlation_id": "01KTX5CNMC7NQFZ16YJ96JBNQZ", "query_preview": "Quel est le r\u00f4le principal d'un routeur dans un r\u00e9seau ?", "level": "info", "timestamp": "2026-06-12T05:38:37.621529Z"}
{"node": "verify", "claim_count": 4, "event": "start", "correlation_id": "01KTX5CNMC7NQFZ16YJ96JBNQZ", "query_preview": "Quel est le r\u00f4le principal d'un routeur dans un r\u00e9seau ?", "level": "info", "timestamp": "2026-06-12T05:38:37.622596Z"}
{"prompt_tag": "verify_grounding@v2", "schema": "VerificationResult", "model": "cyankiwi/Qwen3.5-4B-AWQ-4bit", "max_tokens": 1024, "temperature": 0.1, "top_p": 0.8, "presence_penalty": 1.0, "seed": 42, "message_count": 1, "event": "model_call.start", "correlation_id": "01KTX5CNMC7NQFZ16YJ96JBNQZ", "query_preview": "Quel est le r\u00f4le principal d'un routeur dans un r\u00e9seau ?", "level": "info", "timestamp": "2026-06-12T05:38:37.626517Z"}
Authentication error: Langfuse client initialized without public_key. Client will be disabled. Provide a public_key parameter or set LANGFUSE_PUBLIC_KEY environment variable. 
{"prompt_tag": "verify_grounding@v2", "schema": "VerificationResult", "tokens": 1465, "event": "model_call.done", "correlation_id": "01KTX5CNMC7NQFZ16YJ96JBNQZ", "query_preview": "Quel est le r\u00f4le principal d'un routeur dans un r\u00e9seau ?", "level": "info", "timestamp": "2026-06-12T05:38:38.110235Z"}
{"node": "assess_relevance", "event": "start", "correlation_id": "01KTX5CNMC7NQFZ16YJ96JBNQZ", "query_preview": "Quel est le r\u00f4le principal d'un routeur dans un r\u00e9seau ?", "level": "info", "timestamp": "2026-06-12T05:38:38.111898Z"}
{"node": "assess_relevance", "event": "relevance.scope_rebuilt_refuse", "correlation_id": "01KTX5CNMC7NQFZ16YJ96JBNQZ", "query_preview": "Quel est le r\u00f4le principal d'un routeur dans un r\u00e9seau ?", "level": "info", "timestamp": "2026-06-12T05:38:38.111941Z"}
{"node": "refuse", "event": "start", "correlation_id": "01KTX5CNMC7NQFZ16YJ96JBNQZ", "query_preview": "Quel est le r\u00f4le principal d'un routeur dans un r\u00e9seau ?", "level": "info", "timestamp": "2026-06-12T05:38:38.113009Z"}
Authentication error: Langfuse client initialized without public_key. Client will be disabled. Provide a public_key parameter or set LANGFUSE_PUBLIC_KEY environment variable. 
{"node": "retrieve", "query_len": 88, "event": "start", "correlation_id": "01KTX5DSX1VMA73G7THN6H6QS7", "query_preview": "\u00c0 quelle couche du mod\u00e8le OSI op\u00e8re un pare-feu de type passerelle applicative (", "level": "info", "timestamp": "2026-06-12T05:38:38.114517Z"}
{"query_len": 88, "k": 50, "event": "hybrid.start", "correlation_id": "01KTX5DSX1VMA73G7THN6H6QS7", "query_preview": "\u00c0 quelle couche du mod\u00e8le OSI op\u00e8re un pare-feu de type passerelle applicative (", "level": "info", "timestamp": "2026-06-12T05:38:38.114554Z"}
{"query_len": 88, "k": 50, "dense": 50, "bm25": 0, "fused": 50, "term": false, "event": "hybrid.done", "correlation_id": "01KTX5DSX1VMA73G7THN6H6QS7", "query_preview": "\u00c0 quelle couche du mod\u00e8le OSI op\u00e8re un pare-feu de type passerelle applicative (", "level": "info", "timestamp": "2026-06-12T05:38:38.191422Z"}
{"node": "retrieve", "candidate_count": 50, "event": "done", "correlation_id": "01KTX5DSX1VMA73G7THN6H6QS7", "query_preview": "\u00c0 quelle couche du mod\u00e8le OSI op\u00e8re un pare-feu de type passerelle applicative (", "level": "info", "timestamp": "2026-06-12T05:38:38.192309Z"}
{"node": "expand_graph", "reason": "disabled_or_empty", "event": "skip", "correlation_id": "01KTX5DSX1VMA73G7THN6H6QS7", "query_preview": "\u00c0 quelle couche du mod\u00e8le OSI op\u00e8re un pare-feu de type passerelle applicative (", "level": "info", "timestamp": "2026-06-12T05:38:38.193578Z"}
{"node": "rerank", "candidate_count": 50, "event": "start", "correlation_id": "01KTX5DSX1VMA73G7THN6H6QS7", "query_preview": "\u00c0 quelle couche du mod\u00e8le OSI op\u00e8re un pare-feu de type passerelle applicative (", "level": "info", "timestamp": "2026-06-12T05:38:38.194050Z"}
{"node": "rerank", "top_k": 5, "source": "mode", "event": "top_k_resolved", "correlation_id": "01KTX5DSX1VMA73G7THN6H6QS7", "query_preview": "\u00c0 quelle couche du mod\u00e8le OSI op\u00e8re un pare-feu de type passerelle applicative (", "level": "info", "timestamp": "2026-06-12T05:38:38.194102Z"}
{"candidates": 50, "top_k": 5, "backend": "cross_encoder", "event": "rerank.start", "correlation_id": "01KTX5DSX1VMA73G7THN6H6QS7", "query_preview": "\u00c0 quelle couche du mod\u00e8le OSI op\u00e8re un pare-feu de type passerelle applicative (", "level": "info", "timestamp": "2026-06-12T05:38:38.194134Z"}
{"candidates": 50, "top_k": 5, "backend": "cross_encoder", "returned": 5, "event": "rerank.done", "correlation_id": "01KTX5DSX1VMA73G7THN6H6QS7", "query_preview": "\u00c0 quelle couche du mod\u00e8le OSI op\u00e8re un pare-feu de type passerelle applicative (", "level": "info", "timestamp": "2026-06-12T05:39:05.901278Z"}
{"node": "rerank", "reranked_count": 5, "event": "done", "correlation_id": "01KTX5DSX1VMA73G7THN6H6QS7", "query_preview": "\u00c0 quelle couche du mod\u00e8le OSI op\u00e8re un pare-feu de type passerelle applicative (", "level": "info", "timestamp": "2026-06-12T05:39:05.901353Z"}
{"node": "query_tables", "reason": "empty_or_not_table_shaped", "event": "skip", "correlation_id": "01KTX5DSX1VMA73G7THN6H6QS7", "query_preview": "\u00c0 quelle couche du mod\u00e8le OSI op\u00e8re un pare-feu de type passerelle applicative (", "level": "info", "timestamp": "2026-06-12T05:39:05.902901Z"}
{"node": "assess", "reranked_count": 5, "event": "start", "correlation_id": "01KTX5DSX1VMA73G7THN6H6QS7", "query_preview": "\u00c0 quelle couche du mod\u00e8le OSI op\u00e8re un pare-feu de type passerelle applicative (", "level": "info", "timestamp": "2026-06-12T05:39:05.903469Z"}
{"prompt_tag": "assess_sufficiency@v4", "schema": "SufficiencyAssessment", "model": "cyankiwi/Qwen3.5-4B-AWQ-4bit", "max_tokens": 1024, "temperature": 0.1, "top_p": 0.8, "presence_penalty": 1.0, "seed": 42, "message_count": 1, "event": "model_call.start", "correlation_id": "01KTX5DSX1VMA73G7THN6H6QS7", "query_preview": "\u00c0 quelle couche du mod\u00e8le OSI op\u00e8re un pare-feu de type passerelle applicative (", "level": "info", "timestamp": "2026-06-12T05:39:05.905043Z"}
Authentication error: Langfuse client initialized without public_key. Client will be disabled. Provide a public_key parameter or set LANGFUSE_PUBLIC_KEY environment variable. 
{"prompt_tag": "assess_sufficiency@v4", "schema": "SufficiencyAssessment", "tokens": 2111, "event": "model_call.done", "correlation_id": "01KTX5DSX1VMA73G7THN6H6QS7", "query_preview": "\u00c0 quelle couche du mod\u00e8le OSI op\u00e8re un pare-feu de type passerelle applicative (", "level": "info", "timestamp": "2026-06-12T05:39:06.590201Z"}
{"node": "answer", "regenerate_attempt": 0, "event": "start", "correlation_id": "01KTX5DSX1VMA73G7THN6H6QS7", "query_preview": "\u00c0 quelle couche du mod\u00e8le OSI op\u00e8re un pare-feu de type passerelle applicative (", "level": "info", "timestamp": "2026-06-12T05:39:06.591485Z"}
{"prompt_tag": "answer@v5", "schema": "DraftAnswer", "model": "cyankiwi/Qwen3.5-4B-AWQ-4bit", "max_tokens": 1800, "temperature": 0.1, "top_p": 0.8, "presence_penalty": 1.0, "seed": 42, "message_count": 2, "event": "model_call.start", "correlation_id": "01KTX5DSX1VMA73G7THN6H6QS7", "query_preview": "\u00c0 quelle couche du mod\u00e8le OSI op\u00e8re un pare-feu de type passerelle applicative (", "level": "info", "timestamp": "2026-06-12T05:39:06.593668Z"}
Authentication error: Langfuse client initialized without public_key. Client will be disabled. Provide a public_key parameter or set LANGFUSE_PUBLIC_KEY environment variable. 
{"prompt_tag": "answer@v5", "schema": "DraftAnswer", "tokens": 3785, "event": "model_call.done", "correlation_id": "01KTX5DSX1VMA73G7THN6H6QS7", "query_preview": "\u00c0 quelle couche du mod\u00e8le OSI op\u00e8re un pare-feu de type passerelle applicative (", "level": "info", "timestamp": "2026-06-12T05:39:08.277552Z"}
{"node": "answer", "original": "Un pare-feu de type passerelle applicative (proxy) op\u00e8re \u00e0 la couche 7 du mod\u00e8le OSI, c'est-\u00e0-dire la couche Applicatif.", "event": "answer.summary_scope_rebuilt", "correlation_id": "01KTX5DSX1VMA73G7THN6H6QS7", "query_preview": "\u00c0 quelle couche du mod\u00e8le OSI op\u00e8re un pare-feu de type passerelle applicative (", "level": "info", "timestamp": "2026-06-12T05:39:08.277637Z"}
{"node": "answer", "exact": 0, "suffix": 0, "fuzzy": 1, "unresolved": 0, "event": "chunk_id_repair", "correlation_id": "01KTX5DSX1VMA73G7THN6H6QS7", "query_preview": "\u00c0 quelle couche du mod\u00e8le OSI op\u00e8re un pare-feu de type passerelle applicative (", "level": "info", "timestamp": "2026-06-12T05:39:08.277740Z"}
{"node": "verify", "claim_count": 1, "event": "start", "correlation_id": "01KTX5DSX1VMA73G7THN6H6QS7", "query_preview": "\u00c0 quelle couche du mod\u00e8le OSI op\u00e8re un pare-feu de type passerelle applicative (", "level": "info", "timestamp": "2026-06-12T05:39:08.278576Z"}
{"prompt_tag": "verify_grounding@v2", "schema": "VerificationResult", "model": "cyankiwi/Qwen3.5-4B-AWQ-4bit", "max_tokens": 1024, "temperature": 0.1, "top_p": 0.8, "presence_penalty": 1.0, "seed": 42, "message_count": 1, "event": "model_call.start", "correlation_id": "01KTX5DSX1VMA73G7THN6H6QS7", "query_preview": "\u00c0 quelle couche du mod\u00e8le OSI op\u00e8re un pare-feu de type passerelle applicative (", "level": "info", "timestamp": "2026-06-12T05:39:08.281691Z"}
Authentication error: Langfuse client initialized without public_key. Client will be disabled. Provide a public_key parameter or set LANGFUSE_PUBLIC_KEY environment variable. 
{"prompt_tag": "verify_grounding@v2", "schema": "VerificationResult", "tokens": 1889, "event": "model_call.done", "correlation_id": "01KTX5DSX1VMA73G7THN6H6QS7", "query_preview": "\u00c0 quelle couche du mod\u00e8le OSI op\u00e8re un pare-feu de type passerelle applicative (", "level": "info", "timestamp": "2026-06-12T05:39:08.753191Z"}
{"node": "assess_relevance", "event": "start", "correlation_id": "01KTX5DSX1VMA73G7THN6H6QS7", "query_preview": "\u00c0 quelle couche du mod\u00e8le OSI op\u00e8re un pare-feu de type passerelle applicative (", "level": "info", "timestamp": "2026-06-12T05:39:08.754505Z"}
{"node": "assess_relevance", "event": "relevance.scope_rebuilt_refuse", "correlation_id": "01KTX5DSX1VMA73G7THN6H6QS7", "query_preview": "\u00c0 quelle couche du mod\u00e8le OSI op\u00e8re un pare-feu de type passerelle applicative (", "level": "info", "timestamp": "2026-06-12T05:39:08.754543Z"}
{"node": "refuse", "event": "start", "correlation_id": "01KTX5DSX1VMA73G7THN6H6QS7", "query_preview": "\u00c0 quelle couche du mod\u00e8le OSI op\u00e8re un pare-feu de type passerelle applicative (", "level": "info", "timestamp": "2026-06-12T05:39:08.755404Z"}
Authentication error: Langfuse client initialized without public_key. Client will be disabled. Provide a public_key parameter or set LANGFUSE_PUBLIC_KEY environment variable. 
{"node": "retrieve", "query_len": 130, "event": "start", "correlation_id": "01KTX5EQTKX3J334C47YVJEZN8", "query_preview": "Quel \u00e9quipement r\u00e9seau utilise les adresses MAC pour transmettre les donn\u00e9es uni", "level": "info", "timestamp": "2026-06-12T05:39:08.756869Z"}
{"query_len": 130, "k": 50, "event": "hybrid.start", "correlation_id": "01KTX5EQTKX3J334C47YVJEZN8", "query_preview": "Quel \u00e9quipement r\u00e9seau utilise les adresses MAC pour transmettre les donn\u00e9es uni", "level": "info", "timestamp": "2026-06-12T05:39:08.756905Z"}
{"query_len": 130, "k": 50, "dense": 50, "bm25": 0, "fused": 50, "term": false, "event": "hybrid.done", "correlation_id": "01KTX5EQTKX3J334C47YVJEZN8", "query_preview": "Quel \u00e9quipement r\u00e9seau utilise les adresses MAC pour transmettre les donn\u00e9es uni", "level": "info", "timestamp": "2026-06-12T05:39:08.837370Z"}
{"node": "retrieve", "candidate_count": 50, "event": "done", "correlation_id": "01KTX5EQTKX3J334C47YVJEZN8", "query_preview": "Quel \u00e9quipement r\u00e9seau utilise les adresses MAC pour transmettre les donn\u00e9es uni", "level": "info", "timestamp": "2026-06-12T05:39:08.838272Z"}
{"node": "expand_graph", "reason": "disabled_or_empty", "event": "skip", "correlation_id": "01KTX5EQTKX3J334C47YVJEZN8", "query_preview": "Quel \u00e9quipement r\u00e9seau utilise les adresses MAC pour transmettre les donn\u00e9es uni", "level": "info", "timestamp": "2026-06-12T05:39:08.839603Z"}
{"node": "rerank", "candidate_count": 50, "event": "start", "correlation_id": "01KTX5EQTKX3J334C47YVJEZN8", "query_preview": "Quel \u00e9quipement r\u00e9seau utilise les adresses MAC pour transmettre les donn\u00e9es uni", "level": "info", "timestamp": "2026-06-12T05:39:08.840083Z"}
{"node": "rerank", "top_k": 5, "source": "mode", "event": "top_k_resolved", "correlation_id": "01KTX5EQTKX3J334C47YVJEZN8", "query_preview": "Quel \u00e9quipement r\u00e9seau utilise les adresses MAC pour transmettre les donn\u00e9es uni", "level": "info", "timestamp": "2026-06-12T05:39:08.840138Z"}
{"candidates": 50, "top_k": 5, "backend": "cross_encoder", "event": "rerank.start", "correlation_id": "01KTX5EQTKX3J334C47YVJEZN8", "query_preview": "Quel \u00e9quipement r\u00e9seau utilise les adresses MAC pour transmettre les donn\u00e9es uni", "level": "info", "timestamp": "2026-06-12T05:39:08.840174Z"}
{"candidates": 50, "top_k": 5, "backend": "cross_encoder", "returned": 5, "event": "rerank.done", "correlation_id": "01KTX5EQTKX3J334C47YVJEZN8", "query_preview": "Quel \u00e9quipement r\u00e9seau utilise les adresses MAC pour transmettre les donn\u00e9es uni", "level": "info", "timestamp": "2026-06-12T05:39:36.948169Z"}
{"node": "rerank", "reranked_count": 5, "event": "done", "correlation_id": "01KTX5EQTKX3J334C47YVJEZN8", "query_preview": "Quel \u00e9quipement r\u00e9seau utilise les adresses MAC pour transmettre les donn\u00e9es uni", "level": "info", "timestamp": "2026-06-12T05:39:36.948239Z"}
{"node": "query_tables", "reason": "empty_or_not_table_shaped", "event": "skip", "correlation_id": "01KTX5EQTKX3J334C47YVJEZN8", "query_preview": "Quel \u00e9quipement r\u00e9seau utilise les adresses MAC pour transmettre les donn\u00e9es uni", "level": "info", "timestamp": "2026-06-12T05:39:36.949615Z"}
{"node": "assess", "reranked_count": 5, "event": "start", "correlation_id": "01KTX5EQTKX3J334C47YVJEZN8", "query_preview": "Quel \u00e9quipement r\u00e9seau utilise les adresses MAC pour transmettre les donn\u00e9es uni", "level": "info", "timestamp": "2026-06-12T05:39:36.950121Z"}
{"prompt_tag": "assess_sufficiency@v4", "schema": "SufficiencyAssessment", "model": "cyankiwi/Qwen3.5-4B-AWQ-4bit", "max_tokens": 1024, "temperature": 0.1, "top_p": 0.8, "presence_penalty": 1.0, "seed": 42, "message_count": 1, "event": "model_call.start", "correlation_id": "01KTX5EQTKX3J334C47YVJEZN8", "query_preview": "Quel \u00e9quipement r\u00e9seau utilise les adresses MAC pour transmettre les donn\u00e9es uni", "level": "info", "timestamp": "2026-06-12T05:39:36.951566Z"}
Authentication error: Langfuse client initialized without public_key. Client will be disabled. Provide a public_key parameter or set LANGFUSE_PUBLIC_KEY environment variable. 
{"prompt_tag": "assess_sufficiency@v4", "schema": "SufficiencyAssessment", "tokens": 1610, "event": "model_call.done", "correlation_id": "01KTX5EQTKX3J334C47YVJEZN8", "query_preview": "Quel \u00e9quipement r\u00e9seau utilise les adresses MAC pour transmettre les donn\u00e9es uni", "level": "info", "timestamp": "2026-06-12T05:39:37.640357Z"}
{"node": "answer", "regenerate_attempt": 0, "event": "start", "correlation_id": "01KTX5EQTKX3J334C47YVJEZN8", "query_preview": "Quel \u00e9quipement r\u00e9seau utilise les adresses MAC pour transmettre les donn\u00e9es uni", "level": "info", "timestamp": "2026-06-12T05:39:37.641860Z"}
{"prompt_tag": "answer@v5", "schema": "DraftAnswer", "model": "cyankiwi/Qwen3.5-4B-AWQ-4bit", "max_tokens": 1800, "temperature": 0.1, "top_p": 0.8, "presence_penalty": 1.0, "seed": 42, "message_count": 2, "event": "model_call.start", "correlation_id": "01KTX5EQTKX3J334C47YVJEZN8", "query_preview": "Quel \u00e9quipement r\u00e9seau utilise les adresses MAC pour transmettre les donn\u00e9es uni", "level": "info", "timestamp": "2026-06-12T05:39:37.644515Z"}
Authentication error: Langfuse client initialized without public_key. Client will be disabled. Provide a public_key parameter or set LANGFUSE_PUBLIC_KEY environment variable. 
{"prompt_tag": "answer@v5", "schema": "DraftAnswer", "tokens": 3418, "event": "model_call.done", "correlation_id": "01KTX5EQTKX3J334C47YVJEZN8", "query_preview": "Quel \u00e9quipement r\u00e9seau utilise les adresses MAC pour transmettre les donn\u00e9es uni", "level": "info", "timestamp": "2026-06-12T05:39:40.504967Z"}
{"node": "answer", "original": "Le commutateur (switch) est l'\u00e9quipement r\u00e9seau qui utilise les adresses MAC pour transmettre les donn\u00e9es uniquement au ", "event": "answer.summary_scope_rebuilt", "correlation_id": "01KTX5EQTKX3J334C47YVJEZN8", "query_preview": "Quel \u00e9quipement r\u00e9seau utilise les adresses MAC pour transmettre les donn\u00e9es uni", "level": "info", "timestamp": "2026-06-12T05:39:40.505092Z"}
{"node": "verify", "claim_count": 3, "event": "start", "correlation_id": "01KTX5EQTKX3J334C47YVJEZN8", "query_preview": "Quel \u00e9quipement r\u00e9seau utilise les adresses MAC pour transmettre les donn\u00e9es uni", "level": "info", "timestamp": "2026-06-12T05:39:40.506019Z"}
{"prompt_tag": "verify_grounding@v2", "schema": "VerificationResult", "model": "cyankiwi/Qwen3.5-4B-AWQ-4bit", "max_tokens": 1024, "temperature": 0.1, "top_p": 0.8, "presence_penalty": 1.0, "seed": 42, "message_count": 1, "event": "model_call.start", "correlation_id": "01KTX5EQTKX3J334C47YVJEZN8", "query_preview": "Quel \u00e9quipement r\u00e9seau utilise les adresses MAC pour transmettre les donn\u00e9es uni", "level": "info", "timestamp": "2026-06-12T05:39:40.509857Z"}
Authentication error: Langfuse client initialized without public_key. Client will be disabled. Provide a public_key parameter or set LANGFUSE_PUBLIC_KEY environment variable. 
{"prompt_tag": "verify_grounding@v2", "schema": "VerificationResult", "tokens": 1650, "event": "model_call.done", "correlation_id": "01KTX5EQTKX3J334C47YVJEZN8", "query_preview": "Quel \u00e9quipement r\u00e9seau utilise les adresses MAC pour transmettre les donn\u00e9es uni", "level": "info", "timestamp": "2026-06-12T05:39:40.998523Z"}
{"node": "assess_relevance", "event": "start", "correlation_id": "01KTX5EQTKX3J334C47YVJEZN8", "query_preview": "Quel \u00e9quipement r\u00e9seau utilise les adresses MAC pour transmettre les donn\u00e9es uni", "level": "info", "timestamp": "2026-06-12T05:39:41.000343Z"}
{"node": "assess_relevance", "event": "relevance.scope_rebuilt_refuse", "correlation_id": "01KTX5EQTKX3J334C47YVJEZN8", "query_preview": "Quel \u00e9quipement r\u00e9seau utilise les adresses MAC pour transmettre les donn\u00e9es uni", "level": "info", "timestamp": "2026-06-12T05:39:41.000387Z"}
{"node": "refuse", "event": "start", "correlation_id": "01KTX5EQTKX3J334C47YVJEZN8", "query_preview": "Quel \u00e9quipement r\u00e9seau utilise les adresses MAC pour transmettre les donn\u00e9es uni", "level": "info", "timestamp": "2026-06-12T05:39:41.001543Z"}
Authentication error: Langfuse client initialized without public_key. Client will be disabled. Provide a public_key parameter or set LANGFUSE_PUBLIC_KEY environment variable. 
{"node": "retrieve", "query_len": 62, "event": "start", "correlation_id": "01KTX5FQAA9HPJVEBPRRAJE8S8", "query_preview": "Quels sont les frais d'inscription en dollars du cours CR350 ?", "level": "info", "timestamp": "2026-06-12T05:39:41.003510Z"}
{"query_len": 62, "k": 50, "event": "hybrid.start", "correlation_id": "01KTX5FQAA9HPJVEBPRRAJE8S8", "query_preview": "Quels sont les frais d'inscription en dollars du cours CR350 ?", "level": "info", "timestamp": "2026-06-12T05:39:41.003549Z"}
{"query_len": 62, "k": 50, "dense": 50, "bm25": 0, "fused": 50, "term": false, "event": "hybrid.done", "correlation_id": "01KTX5FQAA9HPJVEBPRRAJE8S8", "query_preview": "Quels sont les frais d'inscription en dollars du cours CR350 ?", "level": "info", "timestamp": "2026-06-12T05:39:41.081257Z"}
{"node": "retrieve", "candidate_count": 50, "event": "done", "correlation_id": "01KTX5FQAA9HPJVEBPRRAJE8S8", "query_preview": "Quels sont les frais d'inscription en dollars du cours CR350 ?", "level": "info", "timestamp": "2026-06-12T05:39:41.082234Z"}
{"node": "expand_graph", "reason": "disabled_or_empty", "event": "skip", "correlation_id": "01KTX5FQAA9HPJVEBPRRAJE8S8", "query_preview": "Quels sont les frais d'inscription en dollars du cours CR350 ?", "level": "info", "timestamp": "2026-06-12T05:39:41.083599Z"}
{"node": "rerank", "candidate_count": 50, "event": "start", "correlation_id": "01KTX5FQAA9HPJVEBPRRAJE8S8", "query_preview": "Quels sont les frais d'inscription en dollars du cours CR350 ?", "level": "info", "timestamp": "2026-06-12T05:39:41.084144Z"}
{"node": "rerank", "top_k": 5, "source": "mode", "event": "top_k_resolved", "correlation_id": "01KTX5FQAA9HPJVEBPRRAJE8S8", "query_preview": "Quels sont les frais d'inscription en dollars du cours CR350 ?", "level": "info", "timestamp": "2026-06-12T05:39:41.084191Z"}
{"candidates": 50, "top_k": 5, "backend": "cross_encoder", "event": "rerank.start", "correlation_id": "01KTX5FQAA9HPJVEBPRRAJE8S8", "query_preview": "Quels sont les frais d'inscription en dollars du cours CR350 ?", "level": "info", "timestamp": "2026-06-12T05:39:41.084221Z"}
{"candidates": 50, "top_k": 5, "backend": "cross_encoder", "returned": 5, "event": "rerank.done", "correlation_id": "01KTX5FQAA9HPJVEBPRRAJE8S8", "query_preview": "Quels sont les frais d'inscription en dollars du cours CR350 ?", "level": "info", "timestamp": "2026-06-12T05:40:01.743670Z"}
{"node": "rerank", "reranked_count": 5, "event": "done", "correlation_id": "01KTX5FQAA9HPJVEBPRRAJE8S8", "query_preview": "Quels sont les frais d'inscription en dollars du cours CR350 ?", "level": "info", "timestamp": "2026-06-12T05:40:01.743748Z"}
{"node": "query_tables", "reason": "empty_or_not_table_shaped", "event": "skip", "correlation_id": "01KTX5FQAA9HPJVEBPRRAJE8S8", "query_preview": "Quels sont les frais d'inscription en dollars du cours CR350 ?", "level": "info", "timestamp": "2026-06-12T05:40:01.745278Z"}
{"node": "assess", "reranked_count": 5, "event": "start", "correlation_id": "01KTX5FQAA9HPJVEBPRRAJE8S8", "query_preview": "Quels sont les frais d'inscription en dollars du cours CR350 ?", "level": "info", "timestamp": "2026-06-12T05:40:01.745875Z"}
{"prompt_tag": "assess_sufficiency@v4", "schema": "SufficiencyAssessment", "model": "cyankiwi/Qwen3.5-4B-AWQ-4bit", "max_tokens": 1024, "temperature": 0.1, "top_p": 0.8, "presence_penalty": 1.0, "seed": 42, "message_count": 1, "event": "model_call.start", "correlation_id": "01KTX5FQAA9HPJVEBPRRAJE8S8", "query_preview": "Quels sont les frais d'inscription en dollars du cours CR350 ?", "level": "info", "timestamp": "2026-06-12T05:40:01.747443Z"}
Authentication error: Langfuse client initialized without public_key. Client will be disabled. Provide a public_key parameter or set LANGFUSE_PUBLIC_KEY environment variable. 
{"prompt_tag": "assess_sufficiency@v4", "schema": "SufficiencyAssessment", "tokens": 1375, "event": "model_call.done", "correlation_id": "01KTX5FQAA9HPJVEBPRRAJE8S8", "query_preview": "Quels sont les frais d'inscription en dollars du cours CR350 ?", "level": "info", "timestamp": "2026-06-12T05:40:02.400146Z"}
{"node": "refuse", "event": "start", "correlation_id": "01KTX5FQAA9HPJVEBPRRAJE8S8", "query_preview": "Quels sont les frais d'inscription en dollars du cours CR350 ?", "level": "info", "timestamp": "2026-06-12T05:40:02.401403Z"}
Authentication error: Langfuse client initialized without public_key. Client will be disabled. Provide a public_key parameter or set LANGFUSE_PUBLIC_KEY environment variable. 
{"node": "retrieve", "query_len": 80, "event": "start", "correlation_id": "01KTX5GC7166VFFN6CJVBKFEPY", "query_preview": "Quel algorithme de cryptographie post-quantique le cours CR350 recommande-t-il ?", "level": "info", "timestamp": "2026-06-12T05:40:02.403051Z"}
{"query_len": 80, "k": 50, "event": "hybrid.start", "correlation_id": "01KTX5GC7166VFFN6CJVBKFEPY", "query_preview": "Quel algorithme de cryptographie post-quantique le cours CR350 recommande-t-il ?", "level": "info", "timestamp": "2026-06-12T05:40:02.403097Z"}
{"query_len": 80, "k": 50, "dense": 50, "bm25": 0, "fused": 50, "term": false, "event": "hybrid.done", "correlation_id": "01KTX5GC7166VFFN6CJVBKFEPY", "query_preview": "Quel algorithme de cryptographie post-quantique le cours CR350 recommande-t-il ?", "level": "info", "timestamp": "2026-06-12T05:40:02.592076Z"}
{"node": "retrieve", "candidate_count": 50, "event": "done", "correlation_id": "01KTX5GC7166VFFN6CJVBKFEPY", "query_preview": "Quel algorithme de cryptographie post-quantique le cours CR350 recommande-t-il ?", "level": "info", "timestamp": "2026-06-12T05:40:02.593091Z"}
{"node": "expand_graph", "reason": "disabled_or_empty", "event": "skip", "correlation_id": "01KTX5GC7166VFFN6CJVBKFEPY", "query_preview": "Quel algorithme de cryptographie post-quantique le cours CR350 recommande-t-il ?", "level": "info", "timestamp": "2026-06-12T05:40:02.594444Z"}
{"node": "rerank", "candidate_count": 50, "event": "start", "correlation_id": "01KTX5GC7166VFFN6CJVBKFEPY", "query_preview": "Quel algorithme de cryptographie post-quantique le cours CR350 recommande-t-il ?", "level": "info", "timestamp": "2026-06-12T05:40:02.594985Z"}
{"node": "rerank", "top_k": 5, "source": "mode", "event": "top_k_resolved", "correlation_id": "01KTX5GC7166VFFN6CJVBKFEPY", "query_preview": "Quel algorithme de cryptographie post-quantique le cours CR350 recommande-t-il ?", "level": "info", "timestamp": "2026-06-12T05:40:02.595032Z"}
{"candidates": 50, "top_k": 5, "backend": "cross_encoder", "event": "rerank.start", "correlation_id": "01KTX5GC7166VFFN6CJVBKFEPY", "query_preview": "Quel algorithme de cryptographie post-quantique le cours CR350 recommande-t-il ?", "level": "info", "timestamp": "2026-06-12T05:40:02.595066Z"}
{"candidates": 50, "top_k": 5, "backend": "cross_encoder", "returned": 5, "event": "rerank.done", "correlation_id": "01KTX5GC7166VFFN6CJVBKFEPY", "query_preview": "Quel algorithme de cryptographie post-quantique le cours CR350 recommande-t-il ?", "level": "info", "timestamp": "2026-06-12T05:40:24.193073Z"}
{"node": "rerank", "reranked_count": 5, "event": "done", "correlation_id": "01KTX5GC7166VFFN6CJVBKFEPY", "query_preview": "Quel algorithme de cryptographie post-quantique le cours CR350 recommande-t-il ?", "level": "info", "timestamp": "2026-06-12T05:40:24.193150Z"}
{"node": "query_tables", "reason": "empty_or_not_table_shaped", "event": "skip", "correlation_id": "01KTX5GC7166VFFN6CJVBKFEPY", "query_preview": "Quel algorithme de cryptographie post-quantique le cours CR350 recommande-t-il ?", "level": "info", "timestamp": "2026-06-12T05:40:24.194659Z"}
{"node": "assess", "reranked_count": 5, "event": "start", "correlation_id": "01KTX5GC7166VFFN6CJVBKFEPY", "query_preview": "Quel algorithme de cryptographie post-quantique le cours CR350 recommande-t-il ?", "level": "info", "timestamp": "2026-06-12T05:40:24.195295Z"}
{"prompt_tag": "assess_sufficiency@v4", "schema": "SufficiencyAssessment", "model": "cyankiwi/Qwen3.5-4B-AWQ-4bit", "max_tokens": 1024, "temperature": 0.1, "top_p": 0.8, "presence_penalty": 1.0, "seed": 42, "message_count": 1, "event": "model_call.start", "correlation_id": "01KTX5GC7166VFFN6CJVBKFEPY", "query_preview": "Quel algorithme de cryptographie post-quantique le cours CR350 recommande-t-il ?", "level": "info", "timestamp": "2026-06-12T05:40:24.196842Z"}
Authentication error: Langfuse client initialized without public_key. Client will be disabled. Provide a public_key parameter or set LANGFUSE_PUBLIC_KEY environment variable. 
{"prompt_tag": "assess_sufficiency@v4", "schema": "SufficiencyAssessment", "tokens": 1712, "event": "model_call.done", "correlation_id": "01KTX5GC7166VFFN6CJVBKFEPY", "query_preview": "Quel algorithme de cryptographie post-quantique le cours CR350 recommande-t-il ?", "level": "info", "timestamp": "2026-06-12T05:40:25.059170Z"}
{"node": "refuse", "event": "start", "correlation_id": "01KTX5GC7166VFFN6CJVBKFEPY", "query_preview": "Quel algorithme de cryptographie post-quantique le cours CR350 recommande-t-il ?", "level": "info", "timestamp": "2026-06-12T05:40:25.060962Z"}
Authentication error: Langfuse client initialized without public_key. Client will be disabled. Provide a public_key parameter or set LANGFUSE_PUBLIC_KEY environment variable. 
{"node": "retrieve", "query_len": 63, "event": "start", "correlation_id": "01KTX5H2B5A13R3C2GBNFNCPMX", "query_preview": "Combien d'\u00e9tudiants sont inscrits au cours CR350 ce trimestre ?", "level": "info", "timestamp": "2026-06-12T05:40:25.062878Z"}
{"query_len": 63, "k": 50, "event": "hybrid.start", "correlation_id": "01KTX5H2B5A13R3C2GBNFNCPMX", "query_preview": "Combien d'\u00e9tudiants sont inscrits au cours CR350 ce trimestre ?", "level": "info", "timestamp": "2026-06-12T05:40:25.062919Z"}
{"query_len": 63, "k": 50, "dense": 50, "bm25": 0, "fused": 50, "term": false, "event": "hybrid.done", "correlation_id": "01KTX5H2B5A13R3C2GBNFNCPMX", "query_preview": "Combien d'\u00e9tudiants sont inscrits au cours CR350 ce trimestre ?", "level": "info", "timestamp": "2026-06-12T05:40:25.159639Z"}
{"node": "retrieve", "candidate_count": 50, "event": "done", "correlation_id": "01KTX5H2B5A13R3C2GBNFNCPMX", "query_preview": "Combien d'\u00e9tudiants sont inscrits au cours CR350 ce trimestre ?", "level": "info", "timestamp": "2026-06-12T05:40:25.160783Z"}
{"node": "expand_graph", "reason": "disabled_or_empty", "event": "skip", "correlation_id": "01KTX5H2B5A13R3C2GBNFNCPMX", "query_preview": "Combien d'\u00e9tudiants sont inscrits au cours CR350 ce trimestre ?", "level": "info", "timestamp": "2026-06-12T05:40:25.162258Z"}
{"node": "rerank", "candidate_count": 50, "event": "start", "correlation_id": "01KTX5H2B5A13R3C2GBNFNCPMX", "query_preview": "Combien d'\u00e9tudiants sont inscrits au cours CR350 ce trimestre ?", "level": "info", "timestamp": "2026-06-12T05:40:25.162904Z"}
{"node": "rerank", "top_k": 5, "source": "mode", "event": "top_k_resolved", "correlation_id": "01KTX5H2B5A13R3C2GBNFNCPMX", "query_preview": "Combien d'\u00e9tudiants sont inscrits au cours CR350 ce trimestre ?", "level": "info", "timestamp": "2026-06-12T05:40:25.162954Z"}
{"candidates": 50, "top_k": 5, "backend": "cross_encoder", "event": "rerank.start", "correlation_id": "01KTX5H2B5A13R3C2GBNFNCPMX", "query_preview": "Combien d'\u00e9tudiants sont inscrits au cours CR350 ce trimestre ?", "level": "info", "timestamp": "2026-06-12T05:40:25.162986Z"}
{"candidates": 50, "top_k": 5, "backend": "cross_encoder", "returned": 5, "event": "rerank.done", "correlation_id": "01KTX5H2B5A13R3C2GBNFNCPMX", "query_preview": "Combien d'\u00e9tudiants sont inscrits au cours CR350 ce trimestre ?", "level": "info", "timestamp": "2026-06-12T05:40:44.052344Z"}
{"node": "rerank", "reranked_count": 5, "event": "done", "correlation_id": "01KTX5H2B5A13R3C2GBNFNCPMX", "query_preview": "Combien d'\u00e9tudiants sont inscrits au cours CR350 ce trimestre ?", "level": "info", "timestamp": "2026-06-12T05:40:44.052416Z"}
{"node": "query_tables", "reason": "empty_or_not_table_shaped", "event": "skip", "correlation_id": "01KTX5H2B5A13R3C2GBNFNCPMX", "query_preview": "Combien d'\u00e9tudiants sont inscrits au cours CR350 ce trimestre ?", "level": "info", "timestamp": "2026-06-12T05:40:44.053898Z"}
{"node": "assess", "reranked_count": 5, "event": "start", "correlation_id": "01KTX5H2B5A13R3C2GBNFNCPMX", "query_preview": "Combien d'\u00e9tudiants sont inscrits au cours CR350 ce trimestre ?", "level": "info", "timestamp": "2026-06-12T05:40:44.054454Z"}
{"prompt_tag": "assess_sufficiency@v4", "schema": "SufficiencyAssessment", "model": "cyankiwi/Qwen3.5-4B-AWQ-4bit", "max_tokens": 1024, "temperature": 0.1, "top_p": 0.8, "presence_penalty": 1.0, "seed": 42, "message_count": 1, "event": "model_call.start", "correlation_id": "01KTX5H2B5A13R3C2GBNFNCPMX", "query_preview": "Combien d'\u00e9tudiants sont inscrits au cours CR350 ce trimestre ?", "level": "info", "timestamp": "2026-06-12T05:40:44.055923Z"}
Authentication error: Langfuse client initialized without public_key. Client will be disabled. Provide a public_key parameter or set LANGFUSE_PUBLIC_KEY environment variable. 
{"prompt_tag": "assess_sufficiency@v4", "schema": "SufficiencyAssessment", "tokens": 1199, "event": "model_call.done", "correlation_id": "01KTX5H2B5A13R3C2GBNFNCPMX", "query_preview": "Combien d'\u00e9tudiants sont inscrits au cours CR350 ce trimestre ?", "level": "info", "timestamp": "2026-06-12T05:40:44.691286Z"}
{"node": "refuse", "event": "start", "correlation_id": "01KTX5H2B5A13R3C2GBNFNCPMX", "query_preview": "Combien d'\u00e9tudiants sont inscrits au cours CR350 ce trimestre ?", "level": "info", "timestamp": "2026-06-12T05:40:44.692627Z"}
Authentication error: Langfuse client initialized without public_key. Client will be disabled. Provide a public_key parameter or set LANGFUSE_PUBLIC_KEY environment variable. 
{"node": "retrieve", "query_len": 74, "event": "start", "correlation_id": "01KTX5HNGN5B6K87WFCWCC112N", "query_preview": "En quoi consiste la huiti\u00e8me phase de la Cyber Kill Chain selon le cours ?", "level": "info", "timestamp": "2026-06-12T05:40:44.694395Z"}
{"query_len": 74, "k": 50, "event": "hybrid.start", "correlation_id": "01KTX5HNGN5B6K87WFCWCC112N", "query_preview": "En quoi consiste la huiti\u00e8me phase de la Cyber Kill Chain selon le cours ?", "level": "info", "timestamp": "2026-06-12T05:40:44.694433Z"}
{"query_len": 74, "k": 50, "dense": 50, "bm25": 0, "fused": 50, "term": false, "event": "hybrid.done", "correlation_id": "01KTX5HNGN5B6K87WFCWCC112N", "query_preview": "En quoi consiste la huiti\u00e8me phase de la Cyber Kill Chain selon le cours ?", "level": "info", "timestamp": "2026-06-12T05:40:44.770303Z"}
{"node": "retrieve", "candidate_count": 50, "event": "done", "correlation_id": "01KTX5HNGN5B6K87WFCWCC112N", "query_preview": "En quoi consiste la huiti\u00e8me phase de la Cyber Kill Chain selon le cours ?", "level": "info", "timestamp": "2026-06-12T05:40:44.771303Z"}
{"node": "expand_graph", "reason": "disabled_or_empty", "event": "skip", "correlation_id": "01KTX5HNGN5B6K87WFCWCC112N", "query_preview": "En quoi consiste la huiti\u00e8me phase de la Cyber Kill Chain selon le cours ?", "level": "info", "timestamp": "2026-06-12T05:40:44.772608Z"}
{"node": "rerank", "candidate_count": 50, "event": "start", "correlation_id": "01KTX5HNGN5B6K87WFCWCC112N", "query_preview": "En quoi consiste la huiti\u00e8me phase de la Cyber Kill Chain selon le cours ?", "level": "info", "timestamp": "2026-06-12T05:40:44.773129Z"}
{"node": "rerank", "top_k": 5, "source": "mode", "event": "top_k_resolved", "correlation_id": "01KTX5HNGN5B6K87WFCWCC112N", "query_preview": "En quoi consiste la huiti\u00e8me phase de la Cyber Kill Chain selon le cours ?", "level": "info", "timestamp": "2026-06-12T05:40:44.773176Z"}
{"candidates": 50, "top_k": 5, "backend": "cross_encoder", "event": "rerank.start", "correlation_id": "01KTX5HNGN5B6K87WFCWCC112N", "query_preview": "En quoi consiste la huiti\u00e8me phase de la Cyber Kill Chain selon le cours ?", "level": "info", "timestamp": "2026-06-12T05:40:44.773206Z"}
{"candidates": 50, "top_k": 5, "backend": "cross_encoder", "returned": 5, "event": "rerank.done", "correlation_id": "01KTX5HNGN5B6K87WFCWCC112N", "query_preview": "En quoi consiste la huiti\u00e8me phase de la Cyber Kill Chain selon le cours ?", "level": "info", "timestamp": "2026-06-12T05:41:09.115414Z"}
{"node": "rerank", "reranked_count": 5, "event": "done", "correlation_id": "01KTX5HNGN5B6K87WFCWCC112N", "query_preview": "En quoi consiste la huiti\u00e8me phase de la Cyber Kill Chain selon le cours ?", "level": "info", "timestamp": "2026-06-12T05:41:09.115708Z"}
{"node": "query_tables", "reason": "empty_or_not_table_shaped", "event": "skip", "correlation_id": "01KTX5HNGN5B6K87WFCWCC112N", "query_preview": "En quoi consiste la huiti\u00e8me phase de la Cyber Kill Chain selon le cours ?", "level": "info", "timestamp": "2026-06-12T05:41:09.124148Z"}
{"node": "assess", "reranked_count": 5, "event": "start", "correlation_id": "01KTX5HNGN5B6K87WFCWCC112N", "query_preview": "En quoi consiste la huiti\u00e8me phase de la Cyber Kill Chain selon le cours ?", "level": "info", "timestamp": "2026-06-12T05:41:09.124870Z"}
{"prompt_tag": "assess_sufficiency@v4", "schema": "SufficiencyAssessment", "model": "cyankiwi/Qwen3.5-4B-AWQ-4bit", "max_tokens": 1024, "temperature": 0.1, "top_p": 0.8, "presence_penalty": 1.0, "seed": 42, "message_count": 1, "event": "model_call.start", "correlation_id": "01KTX5HNGN5B6K87WFCWCC112N", "query_preview": "En quoi consiste la huiti\u00e8me phase de la Cyber Kill Chain selon le cours ?", "level": "info", "timestamp": "2026-06-12T05:41:09.128620Z"}
Authentication error: Langfuse client initialized without public_key. Client will be disabled. Provide a public_key parameter or set LANGFUSE_PUBLIC_KEY environment variable. 
{"prompt_tag": "assess_sufficiency@v4", "schema": "SufficiencyAssessment", "tokens": 1386, "event": "model_call.done", "correlation_id": "01KTX5HNGN5B6K87WFCWCC112N", "query_preview": "En quoi consiste la huiti\u00e8me phase de la Cyber Kill Chain selon le cours ?", "level": "info", "timestamp": "2026-06-12T05:41:09.850327Z"}
{"node": "refuse", "event": "start", "correlation_id": "01KTX5HNGN5B6K87WFCWCC112N", "query_preview": "En quoi consiste la huiti\u00e8me phase de la Cyber Kill Chain selon le cours ?", "level": "info", "timestamp": "2026-06-12T05:41:09.852220Z"}
Authentication error: Langfuse client initialized without public_key. Client will be disabled. Provide a public_key parameter or set LANGFUSE_PUBLIC_KEY environment variable. 
{"node": "retrieve", "query_len": 106, "event": "start", "correlation_id": "01KTX5JE2X75D9P8KP0Q2WVKSC", "query_preview": "Selon le diagramme de configuration VLAN du commutateur, quel port sert de port ", "level": "info", "timestamp": "2026-06-12T05:41:09.856558Z"}
{"query_len": 106, "k": 50, "event": "hybrid.start", "correlation_id": "01KTX5JE2X75D9P8KP0Q2WVKSC", "query_preview": "Selon le diagramme de configuration VLAN du commutateur, quel port sert de port ", "level": "info", "timestamp": "2026-06-12T05:41:09.856644Z"}
{"query_len": 106, "k": 50, "dense": 50, "bm25": 0, "fused": 50, "term": false, "event": "hybrid.done", "correlation_id": "01KTX5JE2X75D9P8KP0Q2WVKSC", "query_preview": "Selon le diagramme de configuration VLAN du commutateur, quel port sert de port ", "level": "info", "timestamp": "2026-06-12T05:41:10.469105Z"}
{"node": "retrieve", "candidate_count": 50, "event": "done", "correlation_id": "01KTX5JE2X75D9P8KP0Q2WVKSC", "query_preview": "Selon le diagramme de configuration VLAN du commutateur, quel port sert de port ", "level": "info", "timestamp": "2026-06-12T05:41:10.470086Z"}
{"node": "resolve_artifact_scope", "via": "none-spread", "arttype": "diagramme", "event": "no_scope", "correlation_id": "01KTX5JE2X75D9P8KP0Q2WVKSC", "query_preview": "Selon le diagramme de configuration VLAN du commutateur, quel port sert de port ", "level": "info", "timestamp": "2026-06-12T05:41:10.491341Z"}
{"node": "expand_graph", "reason": "disabled_or_empty", "event": "skip", "correlation_id": "01KTX5JE2X75D9P8KP0Q2WVKSC", "query_preview": "Selon le diagramme de configuration VLAN du commutateur, quel port sert de port ", "level": "info", "timestamp": "2026-06-12T05:41:10.492074Z"}
{"node": "rerank", "candidate_count": 50, "event": "start", "correlation_id": "01KTX5JE2X75D9P8KP0Q2WVKSC", "query_preview": "Selon le diagramme de configuration VLAN du commutateur, quel port sert de port ", "level": "info", "timestamp": "2026-06-12T05:41:10.492643Z"}
{"node": "rerank", "top_k": 5, "source": "mode", "event": "top_k_resolved", "correlation_id": "01KTX5JE2X75D9P8KP0Q2WVKSC", "query_preview": "Selon le diagramme de configuration VLAN du commutateur, quel port sert de port ", "level": "info", "timestamp": "2026-06-12T05:41:10.492689Z"}
{"candidates": 50, "top_k": 5, "backend": "cross_encoder", "event": "rerank.start", "correlation_id": "01KTX5JE2X75D9P8KP0Q2WVKSC", "query_preview": "Selon le diagramme de configuration VLAN du commutateur, quel port sert de port ", "level": "info", "timestamp": "2026-06-12T05:41:10.492722Z"}
{"candidates": 50, "top_k": 5, "backend": "cross_encoder", "returned": 5, "event": "rerank.done", "correlation_id": "01KTX5JE2X75D9P8KP0Q2WVKSC", "query_preview": "Selon le diagramme de configuration VLAN du commutateur, quel port sert de port ", "level": "info", "timestamp": "2026-06-12T05:41:47.474663Z"}
{"node": "rerank", "reranked_count": 5, "event": "done", "correlation_id": "01KTX5JE2X75D9P8KP0Q2WVKSC", "query_preview": "Selon le diagramme de configuration VLAN du commutateur, quel port sert de port ", "level": "info", "timestamp": "2026-06-12T05:41:47.474769Z"}
{"node": "query_tables", "reason": "empty_or_not_table_shaped", "event": "skip", "correlation_id": "01KTX5JE2X75D9P8KP0Q2WVKSC", "query_preview": "Selon le diagramme de configuration VLAN du commutateur, quel port sert de port ", "level": "info", "timestamp": "2026-06-12T05:41:47.476655Z"}
{"node": "assess", "reranked_count": 5, "event": "start", "correlation_id": "01KTX5JE2X75D9P8KP0Q2WVKSC", "query_preview": "Selon le diagramme de configuration VLAN du commutateur, quel port sert de port ", "level": "info", "timestamp": "2026-06-12T05:41:47.477361Z"}
{"prompt_tag": "assess_sufficiency@v4", "schema": "SufficiencyAssessment", "model": "cyankiwi/Qwen3.5-4B-AWQ-4bit", "max_tokens": 1024, "temperature": 0.1, "top_p": 0.8, "presence_penalty": 1.0, "seed": 42, "message_count": 1, "event": "model_call.start", "correlation_id": "01KTX5JE2X75D9P8KP0Q2WVKSC", "query_preview": "Selon le diagramme de configuration VLAN du commutateur, quel port sert de port ", "level": "info", "timestamp": "2026-06-12T05:41:47.479507Z"}
Authentication error: Langfuse client initialized without public_key. Client will be disabled. Provide a public_key parameter or set LANGFUSE_PUBLIC_KEY environment variable. 
{"prompt_tag": "assess_sufficiency@v4", "schema": "SufficiencyAssessment", "tokens": 1611, "event": "model_call.done", "correlation_id": "01KTX5JE2X75D9P8KP0Q2WVKSC", "query_preview": "Selon le diagramme de configuration VLAN du commutateur, quel port sert de port ", "level": "info", "timestamp": "2026-06-12T05:41:48.074729Z"}
{"node": "answer", "regenerate_attempt": 0, "event": "start", "correlation_id": "01KTX5JE2X75D9P8KP0Q2WVKSC", "query_preview": "Selon le diagramme de configuration VLAN du commutateur, quel port sert de port ", "level": "info", "timestamp": "2026-06-12T05:41:48.075991Z"}
{"prompt_tag": "answer@v5", "schema": "DraftAnswer", "model": "cyankiwi/Qwen3.5-4B-AWQ-4bit", "max_tokens": 1800, "temperature": 0.1, "top_p": 0.8, "presence_penalty": 1.0, "seed": 42, "message_count": 2, "event": "model_call.start", "correlation_id": "01KTX5JE2X75D9P8KP0Q2WVKSC", "query_preview": "Selon le diagramme de configuration VLAN du commutateur, quel port sert de port ", "level": "info", "timestamp": "2026-06-12T05:41:48.078048Z"}
Authentication error: Langfuse client initialized without public_key. Client will be disabled. Provide a public_key parameter or set LANGFUSE_PUBLIC_KEY environment variable. 
{"prompt_tag": "answer@v5", "schema": "DraftAnswer", "tokens": 3310, "event": "model_call.done", "correlation_id": "01KTX5JE2X75D9P8KP0Q2WVKSC", "query_preview": "Selon le diagramme de configuration VLAN du commutateur, quel port sert de port ", "level": "info", "timestamp": "2026-06-12T05:41:49.882685Z"}
{"node": "answer", "original": "Le diagramme de configuration VLAN du commutateur CR350 montre que le port Fa0/21 sert de port tronc et est connect\u00e9 \u00e0 u", "event": "answer.summary_scope_rebuilt", "correlation_id": "01KTX5JE2X75D9P8KP0Q2WVKSC", "query_preview": "Selon le diagramme de configuration VLAN du commutateur, quel port sert de port ", "level": "info", "timestamp": "2026-06-12T05:41:49.882803Z"}
{"node": "verify", "claim_count": 1, "event": "start", "correlation_id": "01KTX5JE2X75D9P8KP0Q2WVKSC", "query_preview": "Selon le diagramme de configuration VLAN du commutateur, quel port sert de port ", "level": "info", "timestamp": "2026-06-12T05:41:49.883824Z"}
{"prompt_tag": "verify_grounding@v2", "schema": "VerificationResult", "model": "cyankiwi/Qwen3.5-4B-AWQ-4bit", "max_tokens": 1024, "temperature": 0.1, "top_p": 0.8, "presence_penalty": 1.0, "seed": 42, "message_count": 1, "event": "model_call.start", "correlation_id": "01KTX5JE2X75D9P8KP0Q2WVKSC", "query_preview": "Selon le diagramme de configuration VLAN du commutateur, quel port sert de port ", "level": "info", "timestamp": "2026-06-12T05:41:49.887536Z"}
Authentication error: Langfuse client initialized without public_key. Client will be disabled. Provide a public_key parameter or set LANGFUSE_PUBLIC_KEY environment variable. 
{"prompt_tag": "verify_grounding@v2", "schema": "VerificationResult", "tokens": 1539, "event": "model_call.done", "correlation_id": "01KTX5JE2X75D9P8KP0Q2WVKSC", "query_preview": "Selon le diagramme de configuration VLAN du commutateur, quel port sert de port ", "level": "info", "timestamp": "2026-06-12T05:41:50.301071Z"}
{"node": "assess_relevance", "event": "start", "correlation_id": "01KTX5JE2X75D9P8KP0Q2WVKSC", "query_preview": "Selon le diagramme de configuration VLAN du commutateur, quel port sert de port ", "level": "info", "timestamp": "2026-06-12T05:41:50.302673Z"}
{"node": "assess_relevance", "event": "relevance.scope_rebuilt_refuse", "correlation_id": "01KTX5JE2X75D9P8KP0Q2WVKSC", "query_preview": "Selon le diagramme de configuration VLAN du commutateur, quel port sert de port ", "level": "info", "timestamp": "2026-06-12T05:41:50.302713Z"}
{"node": "refuse", "event": "start", "correlation_id": "01KTX5JE2X75D9P8KP0Q2WVKSC", "query_preview": "Selon le diagramme de configuration VLAN du commutateur, quel port sert de port ", "level": "info", "timestamp": "2026-06-12T05:41:50.303828Z"}
Authentication error: Langfuse client initialized without public_key. Client will be disabled. Provide a public_key parameter or set LANGFUSE_PUBLIC_KEY environment variable. 
{"node": "retrieve", "query_len": 121, "event": "start", "correlation_id": "01KTX5KNK0S2RKPYKX3HEJVM5K", "query_preview": "D'apr\u00e8s le diagramme d'architecture r\u00e9seau, par quels \u00e9quipements le trafic pass", "level": "info", "timestamp": "2026-06-12T05:41:50.305577Z"}
{"query_len": 121, "k": 50, "event": "hybrid.start", "correlation_id": "01KTX5KNK0S2RKPYKX3HEJVM5K", "query_preview": "D'apr\u00e8s le diagramme d'architecture r\u00e9seau, par quels \u00e9quipements le trafic pass", "level": "info", "timestamp": "2026-06-12T05:41:50.305617Z"}
{"query_len": 121, "k": 50, "dense": 50, "bm25": 0, "fused": 50, "term": false, "event": "hybrid.done", "correlation_id": "01KTX5KNK0S2RKPYKX3HEJVM5K", "query_preview": "D'apr\u00e8s le diagramme d'architecture r\u00e9seau, par quels \u00e9quipements le trafic pass", "level": "info", "timestamp": "2026-06-12T05:41:50.385099Z"}
{"node": "retrieve", "candidate_count": 50, "event": "done", "correlation_id": "01KTX5KNK0S2RKPYKX3HEJVM5K", "query_preview": "D'apr\u00e8s le diagramme d'architecture r\u00e9seau, par quels \u00e9quipements le trafic pass", "level": "info", "timestamp": "2026-06-12T05:41:50.386070Z"}
{"node": "resolve_artifact_scope", "via": "none-spread", "arttype": "diagramme", "event": "no_scope", "correlation_id": "01KTX5KNK0S2RKPYKX3HEJVM5K", "query_preview": "D'apr\u00e8s le diagramme d'architecture r\u00e9seau, par quels \u00e9quipements le trafic pass", "level": "info", "timestamp": "2026-06-12T05:41:50.394692Z"}
{"node": "expand_graph", "reason": "disabled_or_empty", "event": "skip", "correlation_id": "01KTX5KNK0S2RKPYKX3HEJVM5K", "query_preview": "D'apr\u00e8s le diagramme d'architecture r\u00e9seau, par quels \u00e9quipements le trafic pass", "level": "info", "timestamp": "2026-06-12T05:41:50.395391Z"}
{"node": "rerank", "candidate_count": 50, "event": "start", "correlation_id": "01KTX5KNK0S2RKPYKX3HEJVM5K", "query_preview": "D'apr\u00e8s le diagramme d'architecture r\u00e9seau, par quels \u00e9quipements le trafic pass", "level": "info", "timestamp": "2026-06-12T05:41:50.395912Z"}
{"node": "rerank", "top_k": 5, "source": "mode", "event": "top_k_resolved", "correlation_id": "01KTX5KNK0S2RKPYKX3HEJVM5K", "query_preview": "D'apr\u00e8s le diagramme d'architecture r\u00e9seau, par quels \u00e9quipements le trafic pass", "level": "info", "timestamp": "2026-06-12T05:41:50.395958Z"}
{"candidates": 50, "top_k": 5, "backend": "cross_encoder", "event": "rerank.start", "correlation_id": "01KTX5KNK0S2RKPYKX3HEJVM5K", "query_preview": "D'apr\u00e8s le diagramme d'architecture r\u00e9seau, par quels \u00e9quipements le trafic pass", "level": "info", "timestamp": "2026-06-12T05:41:50.395993Z"}
{"candidates": 50, "top_k": 5, "backend": "cross_encoder", "returned": 5, "event": "rerank.done", "correlation_id": "01KTX5KNK0S2RKPYKX3HEJVM5K", "query_preview": "D'apr\u00e8s le diagramme d'architecture r\u00e9seau, par quels \u00e9quipements le trafic pass", "level": "info", "timestamp": "2026-06-12T05:42:24.854794Z"}
{"node": "rerank", "reranked_count": 5, "event": "done", "correlation_id": "01KTX5KNK0S2RKPYKX3HEJVM5K", "query_preview": "D'apr\u00e8s le diagramme d'architecture r\u00e9seau, par quels \u00e9quipements le trafic pass", "level": "info", "timestamp": "2026-06-12T05:42:24.854888Z"}
{"node": "query_tables", "reason": "empty_or_not_table_shaped", "event": "skip", "correlation_id": "01KTX5KNK0S2RKPYKX3HEJVM5K", "query_preview": "D'apr\u00e8s le diagramme d'architecture r\u00e9seau, par quels \u00e9quipements le trafic pass", "level": "info", "timestamp": "2026-06-12T05:42:24.856725Z"}
{"node": "assess", "reranked_count": 5, "event": "start", "correlation_id": "01KTX5KNK0S2RKPYKX3HEJVM5K", "query_preview": "D'apr\u00e8s le diagramme d'architecture r\u00e9seau, par quels \u00e9quipements le trafic pass", "level": "info", "timestamp": "2026-06-12T05:42:24.857801Z"}
{"prompt_tag": "assess_sufficiency@v4", "schema": "SufficiencyAssessment", "model": "cyankiwi/Qwen3.5-4B-AWQ-4bit", "max_tokens": 1024, "temperature": 0.1, "top_p": 0.8, "presence_penalty": 1.0, "seed": 42, "message_count": 1, "event": "model_call.start", "correlation_id": "01KTX5KNK0S2RKPYKX3HEJVM5K", "query_preview": "D'apr\u00e8s le diagramme d'architecture r\u00e9seau, par quels \u00e9quipements le trafic pass", "level": "info", "timestamp": "2026-06-12T05:42:24.860265Z"}
Authentication error: Langfuse client initialized without public_key. Client will be disabled. Provide a public_key parameter or set LANGFUSE_PUBLIC_KEY environment variable. 
{"prompt_tag": "assess_sufficiency@v4", "schema": "SufficiencyAssessment", "tokens": 2050, "event": "model_call.done", "correlation_id": "01KTX5KNK0S2RKPYKX3HEJVM5K", "query_preview": "D'apr\u00e8s le diagramme d'architecture r\u00e9seau, par quels \u00e9quipements le trafic pass", "level": "info", "timestamp": "2026-06-12T05:42:25.590264Z"}
{"node": "answer", "regenerate_attempt": 0, "event": "start", "correlation_id": "01KTX5KNK0S2RKPYKX3HEJVM5K", "query_preview": "D'apr\u00e8s le diagramme d'architecture r\u00e9seau, par quels \u00e9quipements le trafic pass", "level": "info", "timestamp": "2026-06-12T05:42:25.592056Z"}
{"prompt_tag": "answer@v5", "schema": "DraftAnswer", "model": "cyankiwi/Qwen3.5-4B-AWQ-4bit", "max_tokens": 1800, "temperature": 0.1, "top_p": 0.8, "presence_penalty": 1.0, "seed": 42, "message_count": 2, "event": "model_call.start", "correlation_id": "01KTX5KNK0S2RKPYKX3HEJVM5K", "query_preview": "D'apr\u00e8s le diagramme d'architecture r\u00e9seau, par quels \u00e9quipements le trafic pass", "level": "info", "timestamp": "2026-06-12T05:42:25.594700Z"}
Authentication error: Langfuse client initialized without public_key. Client will be disabled. Provide a public_key parameter or set LANGFUSE_PUBLIC_KEY environment variable. 
{"prompt_tag": "answer@v5", "schema": "DraftAnswer", "tokens": 3735, "event": "model_call.done", "correlation_id": "01KTX5KNK0S2RKPYKX3HEJVM5K", "query_preview": "D'apr\u00e8s le diagramme d'architecture r\u00e9seau, par quels \u00e9quipements le trafic pass", "level": "info", "timestamp": "2026-06-12T05:42:27.414692Z"}
{"node": "answer", "original": "Le diagramme d'architecture r\u00e9seau montre que le trafic passe entre Internet et l'ordinateur A via un routeur, puis un s", "event": "answer.summary_scope_rebuilt", "correlation_id": "01KTX5KNK0S2RKPYKX3HEJVM5K", "query_preview": "D'apr\u00e8s le diagramme d'architecture r\u00e9seau, par quels \u00e9quipements le trafic pass", "level": "info", "timestamp": "2026-06-12T05:42:27.414787Z"}
{"node": "verify", "claim_count": 1, "event": "start", "correlation_id": "01KTX5KNK0S2RKPYKX3HEJVM5K", "query_preview": "D'apr\u00e8s le diagramme d'architecture r\u00e9seau, par quels \u00e9quipements le trafic pass", "level": "info", "timestamp": "2026-06-12T05:42:27.415741Z"}
{"prompt_tag": "verify_grounding@v2", "schema": "VerificationResult", "model": "cyankiwi/Qwen3.5-4B-AWQ-4bit", "max_tokens": 1024, "temperature": 0.1, "top_p": 0.8, "presence_penalty": 1.0, "seed": 42, "message_count": 1, "event": "model_call.start", "correlation_id": "01KTX5KNK0S2RKPYKX3HEJVM5K", "query_preview": "D'apr\u00e8s le diagramme d'architecture r\u00e9seau, par quels \u00e9quipements le trafic pass", "level": "info", "timestamp": "2026-06-12T05:42:27.419262Z"}
Authentication error: Langfuse client initialized without public_key. Client will be disabled. Provide a public_key parameter or set LANGFUSE_PUBLIC_KEY environment variable. 
{"prompt_tag": "verify_grounding@v2", "schema": "VerificationResult", "tokens": 1997, "event": "model_call.done", "correlation_id": "01KTX5KNK0S2RKPYKX3HEJVM5K", "query_preview": "D'apr\u00e8s le diagramme d'architecture r\u00e9seau, par quels \u00e9quipements le trafic pass", "level": "info", "timestamp": "2026-06-12T05:42:27.904240Z"}
{"node": "assess_relevance", "event": "start", "correlation_id": "01KTX5KNK0S2RKPYKX3HEJVM5K", "query_preview": "D'apr\u00e8s le diagramme d'architecture r\u00e9seau, par quels \u00e9quipements le trafic pass", "level": "info", "timestamp": "2026-06-12T05:42:27.906064Z"}
{"node": "assess_relevance", "event": "relevance.scope_rebuilt_refuse", "correlation_id": "01KTX5KNK0S2RKPYKX3HEJVM5K", "query_preview": "D'apr\u00e8s le diagramme d'architecture r\u00e9seau, par quels \u00e9quipements le trafic pass", "level": "info", "timestamp": "2026-06-12T05:42:27.906116Z"}
{"node": "refuse", "event": "start", "correlation_id": "01KTX5KNK0S2RKPYKX3HEJVM5K", "query_preview": "D'apr\u00e8s le diagramme d'architecture r\u00e9seau, par quels \u00e9quipements le trafic pass", "level": "info", "timestamp": "2026-06-12T05:42:27.907479Z"}
Authentication error: Langfuse client initialized without public_key. Client will be disabled. Provide a public_key parameter or set LANGFUSE_PUBLIC_KEY environment variable. 
{"node": "retrieve", "query_len": 127, "event": "start", "correlation_id": "01KTX5MTA43ZP338325XNW5GH1", "query_preview": "Selon le diagramme d'attaque du cours, quelles techniques l'attaquant combine-t-", "level": "info", "timestamp": "2026-06-12T05:42:27.909357Z"}
{"query_len": 127, "k": 50, "event": "hybrid.start", "correlation_id": "01KTX5MTA43ZP338325XNW5GH1", "query_preview": "Selon le diagramme d'attaque du cours, quelles techniques l'attaquant combine-t-", "level": "info", "timestamp": "2026-06-12T05:42:27.909399Z"}
{"query_len": 127, "k": 50, "dense": 50, "bm25": 0, "fused": 50, "term": false, "event": "hybrid.done", "correlation_id": "01KTX5MTA43ZP338325XNW5GH1", "query_preview": "Selon le diagramme d'attaque du cours, quelles techniques l'attaquant combine-t-", "level": "info", "timestamp": "2026-06-12T05:42:27.990927Z"}
{"node": "retrieve", "candidate_count": 50, "event": "done", "correlation_id": "01KTX5MTA43ZP338325XNW5GH1", "query_preview": "Selon le diagramme d'attaque du cours, quelles techniques l'attaquant combine-t-", "level": "info", "timestamp": "2026-06-12T05:42:27.991865Z"}
{"node": "resolve_artifact_scope", "via": "none-spread", "arttype": "diagramme", "event": "no_scope", "correlation_id": "01KTX5MTA43ZP338325XNW5GH1", "query_preview": "Selon le diagramme d'attaque du cours, quelles techniques l'attaquant combine-t-", "level": "info", "timestamp": "2026-06-12T05:42:27.995242Z"}
{"node": "expand_graph", "reason": "disabled_or_empty", "event": "skip", "correlation_id": "01KTX5MTA43ZP338325XNW5GH1", "query_preview": "Selon le diagramme d'attaque du cours, quelles techniques l'attaquant combine-t-", "level": "info", "timestamp": "2026-06-12T05:42:27.995886Z"}
{"node": "rerank", "candidate_count": 50, "event": "start", "correlation_id": "01KTX5MTA43ZP338325XNW5GH1", "query_preview": "Selon le diagramme d'attaque du cours, quelles techniques l'attaquant combine-t-", "level": "info", "timestamp": "2026-06-12T05:42:27.996424Z"}
{"node": "rerank", "top_k": 5, "source": "mode", "event": "top_k_resolved", "correlation_id": "01KTX5MTA43ZP338325XNW5GH1", "query_preview": "Selon le diagramme d'attaque du cours, quelles techniques l'attaquant combine-t-", "level": "info", "timestamp": "2026-06-12T05:42:27.996487Z"}
{"candidates": 50, "top_k": 5, "backend": "cross_encoder", "event": "rerank.start", "correlation_id": "01KTX5MTA43ZP338325XNW5GH1", "query_preview": "Selon le diagramme d'attaque du cours, quelles techniques l'attaquant combine-t-", "level": "info", "timestamp": "2026-06-12T05:42:27.996530Z"}
{"candidates": 50, "top_k": 5, "backend": "cross_encoder", "returned": 5, "event": "rerank.done", "correlation_id": "01KTX5MTA43ZP338325XNW5GH1", "query_preview": "Selon le diagramme d'attaque du cours, quelles techniques l'attaquant combine-t-", "level": "info", "timestamp": "2026-06-12T05:42:53.952269Z"}
{"node": "rerank", "reranked_count": 5, "event": "done", "correlation_id": "01KTX5MTA43ZP338325XNW5GH1", "query_preview": "Selon le diagramme d'attaque du cours, quelles techniques l'attaquant combine-t-", "level": "info", "timestamp": "2026-06-12T05:42:53.952374Z"}
{"node": "query_tables", "reason": "empty_or_not_table_shaped", "event": "skip", "correlation_id": "01KTX5MTA43ZP338325XNW5GH1", "query_preview": "Selon le diagramme d'attaque du cours, quelles techniques l'attaquant combine-t-", "level": "info", "timestamp": "2026-06-12T05:42:53.954078Z"}
{"node": "assess", "reranked_count": 5, "event": "start", "correlation_id": "01KTX5MTA43ZP338325XNW5GH1", "query_preview": "Selon le diagramme d'attaque du cours, quelles techniques l'attaquant combine-t-", "level": "info", "timestamp": "2026-06-12T05:42:53.954706Z"}
{"prompt_tag": "assess_sufficiency@v4", "schema": "SufficiencyAssessment", "model": "cyankiwi/Qwen3.5-4B-AWQ-4bit", "max_tokens": 1024, "temperature": 0.1, "top_p": 0.8, "presence_penalty": 1.0, "seed": 42, "message_count": 1, "event": "model_call.start", "correlation_id": "01KTX5MTA43ZP338325XNW5GH1", "query_preview": "Selon le diagramme d'attaque du cours, quelles techniques l'attaquant combine-t-", "level": "info", "timestamp": "2026-06-12T05:42:53.956310Z"}
Authentication error: Langfuse client initialized without public_key. Client will be disabled. Provide a public_key parameter or set LANGFUSE_PUBLIC_KEY environment variable. 
{"prompt_tag": "assess_sufficiency@v4", "schema": "SufficiencyAssessment", "tokens": 1527, "event": "model_call.done", "correlation_id": "01KTX5MTA43ZP338325XNW5GH1", "query_preview": "Selon le diagramme d'attaque du cours, quelles techniques l'attaquant combine-t-", "level": "info", "timestamp": "2026-06-12T05:42:54.616702Z"}
{"node": "answer", "regenerate_attempt": 0, "event": "start", "correlation_id": "01KTX5MTA43ZP338325XNW5GH1", "query_preview": "Selon le diagramme d'attaque du cours, quelles techniques l'attaquant combine-t-", "level": "info", "timestamp": "2026-06-12T05:42:54.618750Z"}
{"prompt_tag": "answer@v5", "schema": "DraftAnswer", "model": "cyankiwi/Qwen3.5-4B-AWQ-4bit", "max_tokens": 1800, "temperature": 0.1, "top_p": 0.8, "presence_penalty": 1.0, "seed": 42, "message_count": 2, "event": "model_call.start", "correlation_id": "01KTX5MTA43ZP338325XNW5GH1", "query_preview": "Selon le diagramme d'attaque du cours, quelles techniques l'attaquant combine-t-", "level": "info", "timestamp": "2026-06-12T05:42:54.620739Z"}
Authentication error: Langfuse client initialized without public_key. Client will be disabled. Provide a public_key parameter or set LANGFUSE_PUBLIC_KEY environment variable. 
{"prompt_tag": "answer@v5", "schema": "DraftAnswer", "tokens": 3307, "event": "model_call.done", "correlation_id": "01KTX5MTA43ZP338325XNW5GH1", "query_preview": "Selon le diagramme d'attaque du cours, quelles techniques l'attaquant combine-t-", "level": "info", "timestamp": "2026-06-12T05:42:57.212425Z"}
{"node": "answer", "original": "Le diagramme d'attaque d\u00e9crit l'utilisation de la fragmentation malveillante pour perturber le r\u00e9assemblage des paquets,", "event": "answer.summary_scope_rebuilt", "correlation_id": "01KTX5MTA43ZP338325XNW5GH1", "query_preview": "Selon le diagramme d'attaque du cours, quelles techniques l'attaquant combine-t-", "level": "info", "timestamp": "2026-06-12T05:42:57.212519Z"}
{"node": "answer", "exact": 0, "suffix": 0, "fuzzy": 2, "unresolved": 0, "event": "chunk_id_repair", "correlation_id": "01KTX5MTA43ZP338325XNW5GH1", "query_preview": "Selon le diagramme d'attaque du cours, quelles techniques l'attaquant combine-t-", "level": "info", "timestamp": "2026-06-12T05:42:57.212675Z"}
{"node": "verify", "claim_count": 2, "event": "start", "correlation_id": "01KTX5MTA43ZP338325XNW5GH1", "query_preview": "Selon le diagramme d'attaque du cours, quelles techniques l'attaquant combine-t-", "level": "info", "timestamp": "2026-06-12T05:42:57.213511Z"}
{"prompt_tag": "verify_grounding@v2", "schema": "VerificationResult", "model": "cyankiwi/Qwen3.5-4B-AWQ-4bit", "max_tokens": 1024, "temperature": 0.1, "top_p": 0.8, "presence_penalty": 1.0, "seed": 42, "message_count": 1, "event": "model_call.start", "correlation_id": "01KTX5MTA43ZP338325XNW5GH1", "query_preview": "Selon le diagramme d'attaque du cours, quelles techniques l'attaquant combine-t-", "level": "info", "timestamp": "2026-06-12T05:42:57.217593Z"}
Authentication error: Langfuse client initialized without public_key. Client will be disabled. Provide a public_key parameter or set LANGFUSE_PUBLIC_KEY environment variable. 
{"prompt_tag": "verify_grounding@v2", "schema": "VerificationResult", "tokens": 1534, "event": "model_call.done", "correlation_id": "01KTX5MTA43ZP338325XNW5GH1", "query_preview": "Selon le diagramme d'attaque du cours, quelles techniques l'attaquant combine-t-", "level": "info", "timestamp": "2026-06-12T05:42:57.656324Z"}
{"node": "assess_relevance", "event": "start", "correlation_id": "01KTX5MTA43ZP338325XNW5GH1", "query_preview": "Selon le diagramme d'attaque du cours, quelles techniques l'attaquant combine-t-", "level": "info", "timestamp": "2026-06-12T05:42:57.657573Z"}
{"node": "assess_relevance", "event": "relevance.scope_rebuilt_refuse", "correlation_id": "01KTX5MTA43ZP338325XNW5GH1", "query_preview": "Selon le diagramme d'attaque du cours, quelles techniques l'attaquant combine-t-", "level": "info", "timestamp": "2026-06-12T05:42:57.657606Z"}
{"node": "refuse", "event": "start", "correlation_id": "01KTX5MTA43ZP338325XNW5GH1", "query_preview": "Selon le diagramme d'attaque du cours, quelles techniques l'attaquant combine-t-", "level": "info", "timestamp": "2026-06-12T05:42:57.658596Z"}
Authentication error: Langfuse client initialized without public_key. Client will be disabled. Provide a public_key parameter or set LANGFUSE_PUBLIC_KEY environment variable. 
{"node": "retrieve", "query_len": 98, "event": "start", "correlation_id": "01KTX5NQBVAZMVC0N0P1AE4NEQ", "query_preview": "Selon le diagramme de configuration VLAN du commutateur, quelle est l'adresse MA", "level": "info", "timestamp": "2026-06-12T05:42:57.660218Z"}
{"query_len": 98, "k": 50, "event": "hybrid.start", "correlation_id": "01KTX5NQBVAZMVC0N0P1AE4NEQ", "query_preview": "Selon le diagramme de configuration VLAN du commutateur, quelle est l'adresse MA", "level": "info", "timestamp": "2026-06-12T05:42:57.660254Z"}
{"query_len": 98, "k": 50, "dense": 50, "bm25": 0, "fused": 50, "term": false, "event": "hybrid.done", "correlation_id": "01KTX5NQBVAZMVC0N0P1AE4NEQ", "query_preview": "Selon le diagramme de configuration VLAN du commutateur, quelle est l'adresse MA", "level": "info", "timestamp": "2026-06-12T05:42:57.775738Z"}
{"node": "retrieve", "candidate_count": 50, "event": "done", "correlation_id": "01KTX5NQBVAZMVC0N0P1AE4NEQ", "query_preview": "Selon le diagramme de configuration VLAN du commutateur, quelle est l'adresse MA", "level": "info", "timestamp": "2026-06-12T05:42:57.776610Z"}
{"node": "resolve_artifact_scope", "via": "none-spread", "arttype": "diagramme", "event": "no_scope", "correlation_id": "01KTX5NQBVAZMVC0N0P1AE4NEQ", "query_preview": "Selon le diagramme de configuration VLAN du commutateur, quelle est l'adresse MA", "level": "info", "timestamp": "2026-06-12T05:42:57.782866Z"}
{"node": "expand_graph", "reason": "disabled_or_empty", "event": "skip", "correlation_id": "01KTX5NQBVAZMVC0N0P1AE4NEQ", "query_preview": "Selon le diagramme de configuration VLAN du commutateur, quelle est l'adresse MA", "level": "info", "timestamp": "2026-06-12T05:42:57.783554Z"}
{"node": "rerank", "candidate_count": 50, "event": "start", "correlation_id": "01KTX5NQBVAZMVC0N0P1AE4NEQ", "query_preview": "Selon le diagramme de configuration VLAN du commutateur, quelle est l'adresse MA", "level": "info", "timestamp": "2026-06-12T05:42:57.784157Z"}
{"node": "rerank", "top_k": 5, "source": "mode", "event": "top_k_resolved", "correlation_id": "01KTX5NQBVAZMVC0N0P1AE4NEQ", "query_preview": "Selon le diagramme de configuration VLAN du commutateur, quelle est l'adresse MA", "level": "info", "timestamp": "2026-06-12T05:42:57.784206Z"}
{"candidates": 50, "top_k": 5, "backend": "cross_encoder", "event": "rerank.start", "correlation_id": "01KTX5NQBVAZMVC0N0P1AE4NEQ", "query_preview": "Selon le diagramme de configuration VLAN du commutateur, quelle est l'adresse MA", "level": "info", "timestamp": "2026-06-12T05:42:57.784237Z"}
{"candidates": 50, "top_k": 5, "backend": "cross_encoder", "returned": 5, "event": "rerank.done", "correlation_id": "01KTX5NQBVAZMVC0N0P1AE4NEQ", "query_preview": "Selon le diagramme de configuration VLAN du commutateur, quelle est l'adresse MA", "level": "info", "timestamp": "2026-06-12T05:43:28.471770Z"}
{"node": "rerank", "reranked_count": 5, "event": "done", "correlation_id": "01KTX5NQBVAZMVC0N0P1AE4NEQ", "query_preview": "Selon le diagramme de configuration VLAN du commutateur, quelle est l'adresse MA", "level": "info", "timestamp": "2026-06-12T05:43:28.474516Z"}
{"node": "query_tables", "reason": "empty_or_not_table_shaped", "event": "skip", "correlation_id": "01KTX5NQBVAZMVC0N0P1AE4NEQ", "query_preview": "Selon le diagramme de configuration VLAN du commutateur, quelle est l'adresse MA", "level": "info", "timestamp": "2026-06-12T05:43:28.476330Z"}
{"node": "assess", "reranked_count": 5, "event": "start", "correlation_id": "01KTX5NQBVAZMVC0N0P1AE4NEQ", "query_preview": "Selon le diagramme de configuration VLAN du commutateur, quelle est l'adresse MA", "level": "info", "timestamp": "2026-06-12T05:43:28.476902Z"}
{"prompt_tag": "assess_sufficiency@v4", "schema": "SufficiencyAssessment", "model": "cyankiwi/Qwen3.5-4B-AWQ-4bit", "max_tokens": 1024, "temperature": 0.1, "top_p": 0.8, "presence_penalty": 1.0, "seed": 42, "message_count": 1, "event": "model_call.start", "correlation_id": "01KTX5NQBVAZMVC0N0P1AE4NEQ", "query_preview": "Selon le diagramme de configuration VLAN du commutateur, quelle est l'adresse MA", "level": "info", "timestamp": "2026-06-12T05:43:28.478786Z"}
Authentication error: Langfuse client initialized without public_key. Client will be disabled. Provide a public_key parameter or set LANGFUSE_PUBLIC_KEY environment variable. 
{"prompt_tag": "assess_sufficiency@v4", "schema": "SufficiencyAssessment", "tokens": 2477, "event": "model_call.done", "correlation_id": "01KTX5NQBVAZMVC0N0P1AE4NEQ", "query_preview": "Selon le diagramme de configuration VLAN du commutateur, quelle est l'adresse MA", "level": "info", "timestamp": "2026-06-12T05:43:29.348744Z"}
{"node": "refuse", "event": "start", "correlation_id": "01KTX5NQBVAZMVC0N0P1AE4NEQ", "query_preview": "Selon le diagramme de configuration VLAN du commutateur, quelle est l'adresse MA", "level": "info", "timestamp": "2026-06-12T05:43:29.349912Z"}
{"query_count": 19, "quick": false, "error_count": 0, "mean_citation_precision": 1.0, "mean_citation_precision_answered_only": 1.0, "answer_text_checked": 0, "answer_text_correct_count": 0, "mean_answer_mention_recall": null, "event": "eval.done", "level": "info", "timestamp": "2026-06-12T05:43:29.350572Z"}
