{"vault_path": "/home/drei/.memex/vault", "event": "bootstrap", "level": "info", "timestamp": "2026-06-12T05:14:46.089412Z"}
{"estimated_gb": 11.8, "budget_gb": 9.8, "total_gb": 11.6, "gpu": "NVIDIA GeForce RTX 4070", "vlm_counted": false, "co_residence_mode": "manual", "embedder_device": "cpu", "reranker_device": "cpu", "fix": "lower hardware.gpu_memory_fraction, switch to a lighter co-residence mode (MEMEX_MODELS__CO_RESIDENCE_MODE=full puts the reranker on CPU), switch to a smaller VLM variant (vlm_quantization=awq_int4), or reduce the orchestrator quant tier", "event": "vram.budget.tight", "level": "warning", "timestamp": "2026-06-12T05:14:46.917709Z"}
{"component": "bootstrap.gpu", "total_gb": 11.56, "free_gb": 4.37, "holders": ["pid 382037: VLLM::EngineCore (6170 MiB)", "pid 990919: /home/drei/project/Doc_Flo/.venv/bin/python3 (154 MiB)"], "event": "gpu.preflight", "level": "info", "timestamp": "2026-06-12T05:14:47.019405Z"}
{"query_count": 17, "quick": false, "event": "eval.start", "level": "info", "timestamp": "2026-06-12T05:14:47.055058Z"}
Authentication error: Langfuse client initialized without public_key. Client will be disabled. Provide a public_key parameter or set LANGFUSE_PUBLIC_KEY environment variable. 
{"node": "retrieve", "query_len": 70, "event": "start", "query_preview": "Quelles architectures de coupe-feu (firewall) le cours pr\u00e9sente-t-il ?", "correlation_id": "01KTX424CF735CD21VT76D2RZN", "level": "info", "timestamp": "2026-06-12T05:14:47.079968Z"}
{"query_len": 70, "k": 50, "event": "hybrid.start", "query_preview": "Quelles architectures de coupe-feu (firewall) le cours pr\u00e9sente-t-il ?", "correlation_id": "01KTX424CF735CD21VT76D2RZN", "level": "info", "timestamp": "2026-06-12T05:14:47.080035Z"}
{"name": "embedder", "event": "model.load.start", "query_preview": "Quelles architectures de coupe-feu (firewall) le cours pr\u00e9sente-t-il ?", "correlation_id": "01KTX424CF735CD21VT76D2RZN", "level": "info", "timestamp": "2026-06-12T05:14:47.083803Z"}
`torch_dtype` is deprecated! Use `dtype` instead!
{"name": "embedder", "event": "model.load.done", "query_preview": "Quelles architectures de coupe-feu (firewall) le cours pr\u00e9sente-t-il ?", "correlation_id": "01KTX424CF735CD21VT76D2RZN", "level": "info", "timestamp": "2026-06-12T05:14:51.000499Z"}
{"query_len": 70, "k": 50, "dense": 50, "bm25": 0, "fused": 50, "term": false, "event": "hybrid.done", "query_preview": "Quelles architectures de coupe-feu (firewall) le cours pr\u00e9sente-t-il ?", "correlation_id": "01KTX424CF735CD21VT76D2RZN", "level": "info", "timestamp": "2026-06-12T05:14:51.157807Z"}
{"node": "retrieve", "candidate_count": 50, "event": "done", "query_preview": "Quelles architectures de coupe-feu (firewall) le cours pr\u00e9sente-t-il ?", "correlation_id": "01KTX424CF735CD21VT76D2RZN", "level": "info", "timestamp": "2026-06-12T05:14:51.158613Z"}
{"node": "expand_graph", "reason": "disabled_or_empty", "event": "skip", "query_preview": "Quelles architectures de coupe-feu (firewall) le cours pr\u00e9sente-t-il ?", "correlation_id": "01KTX424CF735CD21VT76D2RZN", "level": "info", "timestamp": "2026-06-12T05:14:51.160251Z"}
{"node": "rerank", "candidate_count": 50, "event": "start", "query_preview": "Quelles architectures de coupe-feu (firewall) le cours pr\u00e9sente-t-il ?", "correlation_id": "01KTX424CF735CD21VT76D2RZN", "level": "info", "timestamp": "2026-06-12T05:14:51.160758Z"}
{"node": "rerank", "top_k": 5, "source": "mode", "event": "top_k_resolved", "query_preview": "Quelles architectures de coupe-feu (firewall) le cours pr\u00e9sente-t-il ?", "correlation_id": "01KTX424CF735CD21VT76D2RZN", "level": "info", "timestamp": "2026-06-12T05:14:51.160808Z"}
{"candidates": 50, "top_k": 5, "backend": "cross_encoder", "event": "rerank.start", "query_preview": "Quelles architectures de coupe-feu (firewall) le cours pr\u00e9sente-t-il ?", "correlation_id": "01KTX424CF735CD21VT76D2RZN", "level": "info", "timestamp": "2026-06-12T05:14:51.160850Z"}
{"name": "reranker", "event": "model.load.start", "query_preview": "Quelles architectures de coupe-feu (firewall) le cours pr\u00e9sente-t-il ?", "correlation_id": "01KTX424CF735CD21VT76D2RZN", "level": "info", "timestamp": "2026-06-12T05:14:51.160884Z"}
{"name": "reranker", "event": "model.load.done", "query_preview": "Quelles architectures de coupe-feu (firewall) le cours pr\u00e9sente-t-il ?", "correlation_id": "01KTX424CF735CD21VT76D2RZN", "level": "info", "timestamp": "2026-06-12T05:14:52.490130Z"}
{"candidates": 50, "top_k": 5, "backend": "cross_encoder", "returned": 5, "event": "rerank.done", "query_preview": "Quelles architectures de coupe-feu (firewall) le cours pr\u00e9sente-t-il ?", "correlation_id": "01KTX424CF735CD21VT76D2RZN", "level": "info", "timestamp": "2026-06-12T05:15:26.007195Z"}
{"node": "rerank", "reranked_count": 5, "event": "done", "query_preview": "Quelles architectures de coupe-feu (firewall) le cours pr\u00e9sente-t-il ?", "correlation_id": "01KTX424CF735CD21VT76D2RZN", "level": "info", "timestamp": "2026-06-12T05:15:26.007311Z"}
{"node": "query_tables", "reason": "empty_or_not_table_shaped", "event": "skip", "query_preview": "Quelles architectures de coupe-feu (firewall) le cours pr\u00e9sente-t-il ?", "correlation_id": "01KTX424CF735CD21VT76D2RZN", "level": "info", "timestamp": "2026-06-12T05:15:26.015297Z"}
{"node": "assess", "reranked_count": 5, "event": "start", "query_preview": "Quelles architectures de coupe-feu (firewall) le cours pr\u00e9sente-t-il ?", "correlation_id": "01KTX424CF735CD21VT76D2RZN", "level": "info", "timestamp": "2026-06-12T05:15:26.016404Z"}
{"prompt_tag": "assess_sufficiency@v4", "schema": "SufficiencyAssessment", "model": "cyankiwi/Qwen3.5-4B-AWQ-4bit", "max_tokens": 1024, "temperature": 0.1, "top_p": 0.8, "presence_penalty": 1.0, "seed": 42, "message_count": 1, "event": "model_call.start", "query_preview": "Quelles architectures de coupe-feu (firewall) le cours pr\u00e9sente-t-il ?", "correlation_id": "01KTX424CF735CD21VT76D2RZN", "level": "info", "timestamp": "2026-06-12T05:15:26.021771Z"}
Authentication error: Langfuse client initialized without public_key. Client will be disabled. Provide a public_key parameter or set LANGFUSE_PUBLIC_KEY environment variable. 
{"prompt_tag": "assess_sufficiency@v4", "schema": "SufficiencyAssessment", "tokens": 2834, "event": "model_call.done", "query_preview": "Quelles architectures de coupe-feu (firewall) le cours pr\u00e9sente-t-il ?", "correlation_id": "01KTX424CF735CD21VT76D2RZN", "level": "info", "timestamp": "2026-06-12T05:15:27.032616Z"}
{"node": "answer", "regenerate_attempt": 0, "event": "start", "query_preview": "Quelles architectures de coupe-feu (firewall) le cours pr\u00e9sente-t-il ?", "correlation_id": "01KTX424CF735CD21VT76D2RZN", "level": "info", "timestamp": "2026-06-12T05:15:27.034260Z"}
{"prompt_tag": "answer@v5", "schema": "DraftAnswer", "model": "cyankiwi/Qwen3.5-4B-AWQ-4bit", "max_tokens": 1800, "temperature": 0.1, "top_p": 0.8, "presence_penalty": 1.0, "seed": 42, "message_count": 2, "event": "model_call.start", "query_preview": "Quelles architectures de coupe-feu (firewall) le cours pr\u00e9sente-t-il ?", "correlation_id": "01KTX424CF735CD21VT76D2RZN", "level": "info", "timestamp": "2026-06-12T05:15:27.039328Z"}
Authentication error: Langfuse client initialized without public_key. Client will be disabled. Provide a public_key parameter or set LANGFUSE_PUBLIC_KEY environment variable. 
{"prompt_tag": "answer@v5", "schema": "DraftAnswer", "tokens": 4573, "event": "model_call.done", "query_preview": "Quelles architectures de coupe-feu (firewall) le cours pr\u00e9sente-t-il ?", "correlation_id": "01KTX424CF735CD21VT76D2RZN", "level": "info", "timestamp": "2026-06-12T05:15:29.609268Z"}
{"node": "verify", "claim_count": 2, "event": "start", "query_preview": "Quelles architectures de coupe-feu (firewall) le cours pr\u00e9sente-t-il ?", "correlation_id": "01KTX424CF735CD21VT76D2RZN", "level": "info", "timestamp": "2026-06-12T05:15:29.610361Z"}
{"prompt_tag": "verify_grounding@v2", "schema": "VerificationResult", "model": "cyankiwi/Qwen3.5-4B-AWQ-4bit", "max_tokens": 1024, "temperature": 0.1, "top_p": 0.8, "presence_penalty": 1.0, "seed": 42, "message_count": 1, "event": "model_call.start", "query_preview": "Quelles architectures de coupe-feu (firewall) le cours pr\u00e9sente-t-il ?", "correlation_id": "01KTX424CF735CD21VT76D2RZN", "level": "info", "timestamp": "2026-06-12T05:15:29.618408Z"}
Authentication error: Langfuse client initialized without public_key. Client will be disabled. Provide a public_key parameter or set LANGFUSE_PUBLIC_KEY environment variable. 
{"prompt_tag": "verify_grounding@v2", "schema": "VerificationResult", "tokens": 2400, "event": "model_call.done", "query_preview": "Quelles architectures de coupe-feu (firewall) le cours pr\u00e9sente-t-il ?", "correlation_id": "01KTX424CF735CD21VT76D2RZN", "level": "info", "timestamp": "2026-06-12T05:15:30.194848Z"}
{"node": "assess_relevance", "event": "start", "query_preview": "Quelles architectures de coupe-feu (firewall) le cours pr\u00e9sente-t-il ?", "correlation_id": "01KTX424CF735CD21VT76D2RZN", "level": "info", "timestamp": "2026-06-12T05:15:30.197770Z"}
{"prompt_tag": "assess_relevance@v3", "schema": "RelevanceAssessment", "model": "cyankiwi/Qwen3.5-4B-AWQ-4bit", "max_tokens": 1024, "temperature": 0.1, "top_p": 0.8, "presence_penalty": 1.0, "seed": 42, "message_count": 1, "event": "model_call.start", "query_preview": "Quelles architectures de coupe-feu (firewall) le cours pr\u00e9sente-t-il ?", "correlation_id": "01KTX424CF735CD21VT76D2RZN", "level": "info", "timestamp": "2026-06-12T05:15:30.199436Z"}
Authentication error: Langfuse client initialized without public_key. Client will be disabled. Provide a public_key parameter or set LANGFUSE_PUBLIC_KEY environment variable. 
{"prompt_tag": "assess_relevance@v3", "schema": "RelevanceAssessment", "tokens": 883, "event": "model_call.done", "query_preview": "Quelles architectures de coupe-feu (firewall) le cours pr\u00e9sente-t-il ?", "correlation_id": "01KTX424CF735CD21VT76D2RZN", "level": "info", "timestamp": "2026-06-12T05:15:30.631365Z"}
{"node": "assess_relevance", "responsive": true, "event": "relevance", "query_preview": "Quelles architectures de coupe-feu (firewall) le cours pr\u00e9sente-t-il ?", "correlation_id": "01KTX424CF735CD21VT76D2RZN", "level": "info", "timestamp": "2026-06-12T05:15:30.631418Z"}
{"node": "compose", "event": "start", "query_preview": "Quelles architectures de coupe-feu (firewall) le cours pr\u00e9sente-t-il ?", "correlation_id": "01KTX424CF735CD21VT76D2RZN", "level": "info", "timestamp": "2026-06-12T05:15:30.632528Z"}
Authentication error: Langfuse client initialized without public_key. Client will be disabled. Provide a public_key parameter or set LANGFUSE_PUBLIC_KEY environment variable. 
{"node": "retrieve", "query_len": 85, "event": "start", "query_preview": "Dans l'architecture single-tier, quels \u00e9quipements relient Internet au r\u00e9seau pr", "correlation_id": "01KTX43EY9Y56MNTQKHHBYTJMJ", "level": "info", "timestamp": "2026-06-12T05:15:30.634097Z"}
{"query_len": 85, "k": 50, "event": "hybrid.start", "query_preview": "Dans l'architecture single-tier, quels \u00e9quipements relient Internet au r\u00e9seau pr", "correlation_id": "01KTX43EY9Y56MNTQKHHBYTJMJ", "level": "info", "timestamp": "2026-06-12T05:15:30.634135Z"}
{"query_len": 85, "k": 50, "dense": 50, "bm25": 0, "fused": 50, "term": false, "event": "hybrid.done", "query_preview": "Dans l'architecture single-tier, quels \u00e9quipements relient Internet au r\u00e9seau pr", "correlation_id": "01KTX43EY9Y56MNTQKHHBYTJMJ", "level": "info", "timestamp": "2026-06-12T05:15:30.737341Z"}
{"node": "retrieve", "candidate_count": 50, "event": "done", "query_preview": "Dans l'architecture single-tier, quels \u00e9quipements relient Internet au r\u00e9seau pr", "correlation_id": "01KTX43EY9Y56MNTQKHHBYTJMJ", "level": "info", "timestamp": "2026-06-12T05:15:30.738315Z"}
{"node": "expand_graph", "reason": "disabled_or_empty", "event": "skip", "query_preview": "Dans l'architecture single-tier, quels \u00e9quipements relient Internet au r\u00e9seau pr", "correlation_id": "01KTX43EY9Y56MNTQKHHBYTJMJ", "level": "info", "timestamp": "2026-06-12T05:15:30.739596Z"}
{"node": "rerank", "candidate_count": 50, "event": "start", "query_preview": "Dans l'architecture single-tier, quels \u00e9quipements relient Internet au r\u00e9seau pr", "correlation_id": "01KTX43EY9Y56MNTQKHHBYTJMJ", "level": "info", "timestamp": "2026-06-12T05:15:30.740098Z"}
{"node": "rerank", "top_k": 5, "source": "mode", "event": "top_k_resolved", "query_preview": "Dans l'architecture single-tier, quels \u00e9quipements relient Internet au r\u00e9seau pr", "correlation_id": "01KTX43EY9Y56MNTQKHHBYTJMJ", "level": "info", "timestamp": "2026-06-12T05:15:30.740149Z"}
{"candidates": 50, "top_k": 5, "backend": "cross_encoder", "event": "rerank.start", "query_preview": "Dans l'architecture single-tier, quels \u00e9quipements relient Internet au r\u00e9seau pr", "correlation_id": "01KTX43EY9Y56MNTQKHHBYTJMJ", "level": "info", "timestamp": "2026-06-12T05:15:30.740183Z"}
{"candidates": 50, "top_k": 5, "backend": "cross_encoder", "returned": 5, "event": "rerank.done", "query_preview": "Dans l'architecture single-tier, quels \u00e9quipements relient Internet au r\u00e9seau pr", "correlation_id": "01KTX43EY9Y56MNTQKHHBYTJMJ", "level": "info", "timestamp": "2026-06-12T05:15:56.615537Z"}
{"node": "rerank", "reranked_count": 5, "event": "done", "query_preview": "Dans l'architecture single-tier, quels \u00e9quipements relient Internet au r\u00e9seau pr", "correlation_id": "01KTX43EY9Y56MNTQKHHBYTJMJ", "level": "info", "timestamp": "2026-06-12T05:15:56.615654Z"}
{"node": "query_tables", "reason": "empty_or_not_table_shaped", "event": "skip", "query_preview": "Dans l'architecture single-tier, quels \u00e9quipements relient Internet au r\u00e9seau pr", "correlation_id": "01KTX43EY9Y56MNTQKHHBYTJMJ", "level": "info", "timestamp": "2026-06-12T05:15:56.617750Z"}
{"node": "assess", "reranked_count": 5, "event": "start", "query_preview": "Dans l'architecture single-tier, quels \u00e9quipements relient Internet au r\u00e9seau pr", "correlation_id": "01KTX43EY9Y56MNTQKHHBYTJMJ", "level": "info", "timestamp": "2026-06-12T05:15:56.618849Z"}
{"prompt_tag": "assess_sufficiency@v4", "schema": "SufficiencyAssessment", "model": "cyankiwi/Qwen3.5-4B-AWQ-4bit", "max_tokens": 1024, "temperature": 0.1, "top_p": 0.8, "presence_penalty": 1.0, "seed": 42, "message_count": 1, "event": "model_call.start", "query_preview": "Dans l'architecture single-tier, quels \u00e9quipements relient Internet au r\u00e9seau pr", "correlation_id": "01KTX43EY9Y56MNTQKHHBYTJMJ", "level": "info", "timestamp": "2026-06-12T05:15:56.621511Z"}
Authentication error: Langfuse client initialized without public_key. Client will be disabled. Provide a public_key parameter or set LANGFUSE_PUBLIC_KEY environment variable. 
{"prompt_tag": "assess_sufficiency@v4", "schema": "SufficiencyAssessment", "tokens": 1011, "event": "model_call.done", "query_preview": "Dans l'architecture single-tier, quels \u00e9quipements relient Internet au r\u00e9seau pr", "correlation_id": "01KTX43EY9Y56MNTQKHHBYTJMJ", "level": "info", "timestamp": "2026-06-12T05:15:57.171241Z"}
{"node": "answer", "regenerate_attempt": 0, "event": "start", "query_preview": "Dans l'architecture single-tier, quels \u00e9quipements relient Internet au r\u00e9seau pr", "correlation_id": "01KTX43EY9Y56MNTQKHHBYTJMJ", "level": "info", "timestamp": "2026-06-12T05:15:57.172609Z"}
{"prompt_tag": "answer@v5", "schema": "DraftAnswer", "model": "cyankiwi/Qwen3.5-4B-AWQ-4bit", "max_tokens": 1800, "temperature": 0.1, "top_p": 0.8, "presence_penalty": 1.0, "seed": 42, "message_count": 2, "event": "model_call.start", "query_preview": "Dans l'architecture single-tier, quels \u00e9quipements relient Internet au r\u00e9seau pr", "correlation_id": "01KTX43EY9Y56MNTQKHHBYTJMJ", "level": "info", "timestamp": "2026-06-12T05:15:57.174686Z"}
Authentication error: Langfuse client initialized without public_key. Client will be disabled. Provide a public_key parameter or set LANGFUSE_PUBLIC_KEY environment variable. 
{"prompt_tag": "answer@v5", "schema": "DraftAnswer", "tokens": 2815, "event": "model_call.done", "query_preview": "Dans l'architecture single-tier, quels \u00e9quipements relient Internet au r\u00e9seau pr", "correlation_id": "01KTX43EY9Y56MNTQKHHBYTJMJ", "level": "info", "timestamp": "2026-06-12T05:15:59.875015Z"}
{"node": "answer", "exact": 0, "suffix": 0, "fuzzy": 1, "unresolved": 2, "event": "chunk_id_repair", "query_preview": "Dans l'architecture single-tier, quels \u00e9quipements relient Internet au r\u00e9seau pr", "correlation_id": "01KTX43EY9Y56MNTQKHHBYTJMJ", "level": "info", "timestamp": "2026-06-12T05:15:59.875319Z"}
{"node": "verify", "claim_count": 3, "event": "start", "query_preview": "Dans l'architecture single-tier, quels \u00e9quipements relient Internet au r\u00e9seau pr", "correlation_id": "01KTX43EY9Y56MNTQKHHBYTJMJ", "level": "info", "timestamp": "2026-06-12T05:15:59.876057Z"}
{"prompt_tag": "verify_grounding@v2", "schema": "VerificationResult", "model": "cyankiwi/Qwen3.5-4B-AWQ-4bit", "max_tokens": 1024, "temperature": 0.1, "top_p": 0.8, "presence_penalty": 1.0, "seed": 42, "message_count": 1, "event": "model_call.start", "query_preview": "Dans l'architecture single-tier, quels \u00e9quipements relient Internet au r\u00e9seau pr", "correlation_id": "01KTX43EY9Y56MNTQKHHBYTJMJ", "level": "info", "timestamp": "2026-06-12T05:15:59.879053Z"}
Authentication error: Langfuse client initialized without public_key. Client will be disabled. Provide a public_key parameter or set LANGFUSE_PUBLIC_KEY environment variable. 
{"prompt_tag": "verify_grounding@v2", "schema": "VerificationResult", "tokens": 1052, "event": "model_call.done", "query_preview": "Dans l'architecture single-tier, quels \u00e9quipements relient Internet au r\u00e9seau pr", "correlation_id": "01KTX43EY9Y56MNTQKHHBYTJMJ", "level": "info", "timestamp": "2026-06-12T05:16:00.274531Z"}
{"node": "assess_relevance", "event": "start", "query_preview": "Dans l'architecture single-tier, quels \u00e9quipements relient Internet au r\u00e9seau pr", "correlation_id": "01KTX43EY9Y56MNTQKHHBYTJMJ", "level": "info", "timestamp": "2026-06-12T05:16:00.279253Z"}
{"prompt_tag": "assess_relevance@v3", "schema": "RelevanceAssessment", "model": "cyankiwi/Qwen3.5-4B-AWQ-4bit", "max_tokens": 1024, "temperature": 0.1, "top_p": 0.8, "presence_penalty": 1.0, "seed": 42, "message_count": 1, "event": "model_call.start", "query_preview": "Dans l'architecture single-tier, quels \u00e9quipements relient Internet au r\u00e9seau pr", "correlation_id": "01KTX43EY9Y56MNTQKHHBYTJMJ", "level": "info", "timestamp": "2026-06-12T05:16:00.280258Z"}
Authentication error: Langfuse client initialized without public_key. Client will be disabled. Provide a public_key parameter or set LANGFUSE_PUBLIC_KEY environment variable. 
{"prompt_tag": "assess_relevance@v3", "schema": "RelevanceAssessment", "tokens": 898, "event": "model_call.done", "query_preview": "Dans l'architecture single-tier, quels \u00e9quipements relient Internet au r\u00e9seau pr", "correlation_id": "01KTX43EY9Y56MNTQKHHBYTJMJ", "level": "info", "timestamp": "2026-06-12T05:16:00.670437Z"}
{"node": "assess_relevance", "responsive": true, "event": "relevance", "query_preview": "Dans l'architecture single-tier, quels \u00e9quipements relient Internet au r\u00e9seau pr", "correlation_id": "01KTX43EY9Y56MNTQKHHBYTJMJ", "level": "info", "timestamp": "2026-06-12T05:16:00.670488Z"}
{"node": "compose", "event": "start", "query_preview": "Dans l'architecture single-tier, quels \u00e9quipements relient Internet au r\u00e9seau pr", "correlation_id": "01KTX43EY9Y56MNTQKHHBYTJMJ", "level": "info", "timestamp": "2026-06-12T05:16:00.671883Z"}
Authentication error: Langfuse client initialized without public_key. Client will be disabled. Provide a public_key parameter or set LANGFUSE_PUBLIC_KEY environment variable. 
{"node": "retrieve", "query_len": 93, "event": "start", "query_preview": "Quel segment r\u00e9seau appara\u00eet uniquement dans les architectures \u00e0 trois niveaux (", "correlation_id": "01KTX44C906XW172MYW2C0CFEC", "level": "info", "timestamp": "2026-06-12T05:16:00.673446Z"}
{"query_len": 93, "k": 50, "event": "hybrid.start", "query_preview": "Quel segment r\u00e9seau appara\u00eet uniquement dans les architectures \u00e0 trois niveaux (", "correlation_id": "01KTX44C906XW172MYW2C0CFEC", "level": "info", "timestamp": "2026-06-12T05:16:00.673481Z"}
{"query_len": 93, "k": 50, "dense": 50, "bm25": 0, "fused": 50, "term": false, "event": "hybrid.done", "query_preview": "Quel segment r\u00e9seau appara\u00eet uniquement dans les architectures \u00e0 trois niveaux (", "correlation_id": "01KTX44C906XW172MYW2C0CFEC", "level": "info", "timestamp": "2026-06-12T05:16:01.114841Z"}
{"node": "retrieve", "candidate_count": 50, "event": "done", "query_preview": "Quel segment r\u00e9seau appara\u00eet uniquement dans les architectures \u00e0 trois niveaux (", "correlation_id": "01KTX44C906XW172MYW2C0CFEC", "level": "info", "timestamp": "2026-06-12T05:16:01.116000Z"}
{"node": "expand_graph", "reason": "disabled_or_empty", "event": "skip", "query_preview": "Quel segment r\u00e9seau appara\u00eet uniquement dans les architectures \u00e0 trois niveaux (", "correlation_id": "01KTX44C906XW172MYW2C0CFEC", "level": "info", "timestamp": "2026-06-12T05:16:01.117629Z"}
{"node": "rerank", "candidate_count": 50, "event": "start", "query_preview": "Quel segment r\u00e9seau appara\u00eet uniquement dans les architectures \u00e0 trois niveaux (", "correlation_id": "01KTX44C906XW172MYW2C0CFEC", "level": "info", "timestamp": "2026-06-12T05:16:01.118157Z"}
{"node": "rerank", "top_k": 5, "source": "mode", "event": "top_k_resolved", "query_preview": "Quel segment r\u00e9seau appara\u00eet uniquement dans les architectures \u00e0 trois niveaux (", "correlation_id": "01KTX44C906XW172MYW2C0CFEC", "level": "info", "timestamp": "2026-06-12T05:16:01.118209Z"}
{"candidates": 50, "top_k": 5, "backend": "cross_encoder", "event": "rerank.start", "query_preview": "Quel segment r\u00e9seau appara\u00eet uniquement dans les architectures \u00e0 trois niveaux (", "correlation_id": "01KTX44C906XW172MYW2C0CFEC", "level": "info", "timestamp": "2026-06-12T05:16:01.118244Z"}
{"candidates": 50, "top_k": 5, "backend": "cross_encoder", "returned": 5, "event": "rerank.done", "query_preview": "Quel segment r\u00e9seau appara\u00eet uniquement dans les architectures \u00e0 trois niveaux (", "correlation_id": "01KTX44C906XW172MYW2C0CFEC", "level": "info", "timestamp": "2026-06-12T05:16:28.557104Z"}
{"node": "rerank", "reranked_count": 5, "event": "done", "query_preview": "Quel segment r\u00e9seau appara\u00eet uniquement dans les architectures \u00e0 trois niveaux (", "correlation_id": "01KTX44C906XW172MYW2C0CFEC", "level": "info", "timestamp": "2026-06-12T05:16:28.557223Z"}
{"node": "query_tables", "reason": "empty_or_not_table_shaped", "event": "skip", "query_preview": "Quel segment r\u00e9seau appara\u00eet uniquement dans les architectures \u00e0 trois niveaux (", "correlation_id": "01KTX44C906XW172MYW2C0CFEC", "level": "info", "timestamp": "2026-06-12T05:16:28.559198Z"}
{"node": "assess", "reranked_count": 5, "event": "start", "query_preview": "Quel segment r\u00e9seau appara\u00eet uniquement dans les architectures \u00e0 trois niveaux (", "correlation_id": "01KTX44C906XW172MYW2C0CFEC", "level": "info", "timestamp": "2026-06-12T05:16:28.559955Z"}
{"prompt_tag": "assess_sufficiency@v4", "schema": "SufficiencyAssessment", "model": "cyankiwi/Qwen3.5-4B-AWQ-4bit", "max_tokens": 1024, "temperature": 0.1, "top_p": 0.8, "presence_penalty": 1.0, "seed": 42, "message_count": 1, "event": "model_call.start", "query_preview": "Quel segment r\u00e9seau appara\u00eet uniquement dans les architectures \u00e0 trois niveaux (", "correlation_id": "01KTX44C906XW172MYW2C0CFEC", "level": "info", "timestamp": "2026-06-12T05:16:28.562107Z"}
Authentication error: Langfuse client initialized without public_key. Client will be disabled. Provide a public_key parameter or set LANGFUSE_PUBLIC_KEY environment variable. 
{"prompt_tag": "assess_sufficiency@v4", "schema": "SufficiencyAssessment", "tokens": 1369, "event": "model_call.done", "query_preview": "Quel segment r\u00e9seau appara\u00eet uniquement dans les architectures \u00e0 trois niveaux (", "correlation_id": "01KTX44C906XW172MYW2C0CFEC", "level": "info", "timestamp": "2026-06-12T05:16:29.325113Z"}
{"node": "answer", "regenerate_attempt": 0, "event": "start", "query_preview": "Quel segment r\u00e9seau appara\u00eet uniquement dans les architectures \u00e0 trois niveaux (", "correlation_id": "01KTX44C906XW172MYW2C0CFEC", "level": "info", "timestamp": "2026-06-12T05:16:29.326754Z"}
{"prompt_tag": "answer@v5", "schema": "DraftAnswer", "model": "cyankiwi/Qwen3.5-4B-AWQ-4bit", "max_tokens": 1800, "temperature": 0.1, "top_p": 0.8, "presence_penalty": 1.0, "seed": 42, "message_count": 2, "event": "model_call.start", "query_preview": "Quel segment r\u00e9seau appara\u00eet uniquement dans les architectures \u00e0 trois niveaux (", "correlation_id": "01KTX44C906XW172MYW2C0CFEC", "level": "info", "timestamp": "2026-06-12T05:16:29.328782Z"}
Authentication error: Langfuse client initialized without public_key. Client will be disabled. Provide a public_key parameter or set LANGFUSE_PUBLIC_KEY environment variable. 
{"prompt_tag": "answer@v5", "schema": "DraftAnswer", "tokens": 3012, "event": "model_call.done", "query_preview": "Quel segment r\u00e9seau appara\u00eet uniquement dans les architectures \u00e0 trois niveaux (", "correlation_id": "01KTX44C906XW172MYW2C0CFEC", "level": "info", "timestamp": "2026-06-12T05:16:30.800984Z"}
{"node": "answer", "original": "Le segment r\u00e9seau qui appara\u00eet uniquement dans les architectures \u00e0 trois niveaux est le DMZ (DMZ Zone), situ\u00e9 entre les ", "event": "answer.summary_scope_rebuilt", "query_preview": "Quel segment r\u00e9seau appara\u00eet uniquement dans les architectures \u00e0 trois niveaux (", "correlation_id": "01KTX44C906XW172MYW2C0CFEC", "level": "info", "timestamp": "2026-06-12T05:16:30.801076Z"}
{"node": "verify", "claim_count": 1, "event": "start", "query_preview": "Quel segment r\u00e9seau appara\u00eet uniquement dans les architectures \u00e0 trois niveaux (", "correlation_id": "01KTX44C906XW172MYW2C0CFEC", "level": "info", "timestamp": "2026-06-12T05:16:30.801931Z"}
{"prompt_tag": "verify_grounding@v2", "schema": "VerificationResult", "model": "cyankiwi/Qwen3.5-4B-AWQ-4bit", "max_tokens": 1024, "temperature": 0.1, "top_p": 0.8, "presence_penalty": 1.0, "seed": 42, "message_count": 1, "event": "model_call.start", "query_preview": "Quel segment r\u00e9seau appara\u00eet uniquement dans les architectures \u00e0 trois niveaux (", "correlation_id": "01KTX44C906XW172MYW2C0CFEC", "level": "info", "timestamp": "2026-06-12T05:16:30.805338Z"}
Authentication error: Langfuse client initialized without public_key. Client will be disabled. Provide a public_key parameter or set LANGFUSE_PUBLIC_KEY environment variable. 
{"prompt_tag": "verify_grounding@v2", "schema": "VerificationResult", "tokens": 1268, "event": "model_call.done", "query_preview": "Quel segment r\u00e9seau appara\u00eet uniquement dans les architectures \u00e0 trois niveaux (", "correlation_id": "01KTX44C906XW172MYW2C0CFEC", "level": "info", "timestamp": "2026-06-12T05:16:31.179055Z"}
{"node": "assess_relevance", "event": "start", "query_preview": "Quel segment r\u00e9seau appara\u00eet uniquement dans les architectures \u00e0 trois niveaux (", "correlation_id": "01KTX44C906XW172MYW2C0CFEC", "level": "info", "timestamp": "2026-06-12T05:16:31.180444Z"}
{"node": "assess_relevance", "event": "relevance.scope_rebuilt_refuse", "query_preview": "Quel segment r\u00e9seau appara\u00eet uniquement dans les architectures \u00e0 trois niveaux (", "correlation_id": "01KTX44C906XW172MYW2C0CFEC", "level": "info", "timestamp": "2026-06-12T05:16:31.180478Z"}
{"node": "refuse", "event": "start", "query_preview": "Quel segment r\u00e9seau appara\u00eet uniquement dans les architectures \u00e0 trois niveaux (", "correlation_id": "01KTX44C906XW172MYW2C0CFEC", "level": "info", "timestamp": "2026-06-12T05:16:31.181510Z"}
Authentication error: Langfuse client initialized without public_key. Client will be disabled. Provide a public_key parameter or set LANGFUSE_PUBLIC_KEY environment variable. 
{"node": "retrieve", "query_len": 73, "event": "start", "query_preview": "Quel logiciel de d\u00e9tection d'intrusion (IDS) est pr\u00e9sent\u00e9 dans le cours ?", "correlation_id": "01KTX45A2DM6BRSPVEVHSDYPDY", "level": "info", "timestamp": "2026-06-12T05:16:31.182910Z"}
{"query_len": 73, "k": 50, "event": "hybrid.start", "query_preview": "Quel logiciel de d\u00e9tection d'intrusion (IDS) est pr\u00e9sent\u00e9 dans le cours ?", "correlation_id": "01KTX45A2DM6BRSPVEVHSDYPDY", "level": "info", "timestamp": "2026-06-12T05:16:31.182942Z"}
{"query_len": 73, "k": 50, "dense": 50, "bm25": 0, "fused": 50, "term": false, "event": "hybrid.done", "query_preview": "Quel logiciel de d\u00e9tection d'intrusion (IDS) est pr\u00e9sent\u00e9 dans le cours ?", "correlation_id": "01KTX45A2DM6BRSPVEVHSDYPDY", "level": "info", "timestamp": "2026-06-12T05:16:31.267512Z"}
{"node": "retrieve", "candidate_count": 50, "event": "done", "query_preview": "Quel logiciel de d\u00e9tection d'intrusion (IDS) est pr\u00e9sent\u00e9 dans le cours ?", "correlation_id": "01KTX45A2DM6BRSPVEVHSDYPDY", "level": "info", "timestamp": "2026-06-12T05:16:31.268494Z"}
{"node": "expand_graph", "reason": "disabled_or_empty", "event": "skip", "query_preview": "Quel logiciel de d\u00e9tection d'intrusion (IDS) est pr\u00e9sent\u00e9 dans le cours ?", "correlation_id": "01KTX45A2DM6BRSPVEVHSDYPDY", "level": "info", "timestamp": "2026-06-12T05:16:31.269754Z"}
{"node": "rerank", "candidate_count": 50, "event": "start", "query_preview": "Quel logiciel de d\u00e9tection d'intrusion (IDS) est pr\u00e9sent\u00e9 dans le cours ?", "correlation_id": "01KTX45A2DM6BRSPVEVHSDYPDY", "level": "info", "timestamp": "2026-06-12T05:16:31.270249Z"}
{"node": "rerank", "top_k": 5, "source": "mode", "event": "top_k_resolved", "query_preview": "Quel logiciel de d\u00e9tection d'intrusion (IDS) est pr\u00e9sent\u00e9 dans le cours ?", "correlation_id": "01KTX45A2DM6BRSPVEVHSDYPDY", "level": "info", "timestamp": "2026-06-12T05:16:31.270296Z"}
{"candidates": 50, "top_k": 5, "backend": "cross_encoder", "event": "rerank.start", "query_preview": "Quel logiciel de d\u00e9tection d'intrusion (IDS) est pr\u00e9sent\u00e9 dans le cours ?", "correlation_id": "01KTX45A2DM6BRSPVEVHSDYPDY", "level": "info", "timestamp": "2026-06-12T05:16:31.270328Z"}
{"candidates": 50, "top_k": 5, "backend": "cross_encoder", "returned": 5, "event": "rerank.done", "query_preview": "Quel logiciel de d\u00e9tection d'intrusion (IDS) est pr\u00e9sent\u00e9 dans le cours ?", "correlation_id": "01KTX45A2DM6BRSPVEVHSDYPDY", "level": "info", "timestamp": "2026-06-12T05:17:03.195527Z"}
{"node": "rerank", "reranked_count": 5, "event": "done", "query_preview": "Quel logiciel de d\u00e9tection d'intrusion (IDS) est pr\u00e9sent\u00e9 dans le cours ?", "correlation_id": "01KTX45A2DM6BRSPVEVHSDYPDY", "level": "info", "timestamp": "2026-06-12T05:17:03.195649Z"}
{"node": "query_tables", "reason": "empty_or_not_table_shaped", "event": "skip", "query_preview": "Quel logiciel de d\u00e9tection d'intrusion (IDS) est pr\u00e9sent\u00e9 dans le cours ?", "correlation_id": "01KTX45A2DM6BRSPVEVHSDYPDY", "level": "info", "timestamp": "2026-06-12T05:17:03.198028Z"}
{"node": "assess", "reranked_count": 5, "event": "start", "query_preview": "Quel logiciel de d\u00e9tection d'intrusion (IDS) est pr\u00e9sent\u00e9 dans le cours ?", "correlation_id": "01KTX45A2DM6BRSPVEVHSDYPDY", "level": "info", "timestamp": "2026-06-12T05:17:03.198881Z"}
{"prompt_tag": "assess_sufficiency@v4", "schema": "SufficiencyAssessment", "model": "cyankiwi/Qwen3.5-4B-AWQ-4bit", "max_tokens": 1024, "temperature": 0.1, "top_p": 0.8, "presence_penalty": 1.0, "seed": 42, "message_count": 1, "event": "model_call.start", "query_preview": "Quel logiciel de d\u00e9tection d'intrusion (IDS) est pr\u00e9sent\u00e9 dans le cours ?", "correlation_id": "01KTX45A2DM6BRSPVEVHSDYPDY", "level": "info", "timestamp": "2026-06-12T05:17:03.201088Z"}
Authentication error: Langfuse client initialized without public_key. Client will be disabled. Provide a public_key parameter or set LANGFUSE_PUBLIC_KEY environment variable. 
{"prompt_tag": "assess_sufficiency@v4", "schema": "SufficiencyAssessment", "tokens": 2368, "event": "model_call.done", "query_preview": "Quel logiciel de d\u00e9tection d'intrusion (IDS) est pr\u00e9sent\u00e9 dans le cours ?", "correlation_id": "01KTX45A2DM6BRSPVEVHSDYPDY", "level": "info", "timestamp": "2026-06-12T05:17:03.963759Z"}
{"node": "answer", "regenerate_attempt": 0, "event": "start", "query_preview": "Quel logiciel de d\u00e9tection d'intrusion (IDS) est pr\u00e9sent\u00e9 dans le cours ?", "correlation_id": "01KTX45A2DM6BRSPVEVHSDYPDY", "level": "info", "timestamp": "2026-06-12T05:17:03.964874Z"}
{"prompt_tag": "answer@v5", "schema": "DraftAnswer", "model": "cyankiwi/Qwen3.5-4B-AWQ-4bit", "max_tokens": 1800, "temperature": 0.1, "top_p": 0.8, "presence_penalty": 1.0, "seed": 42, "message_count": 2, "event": "model_call.start", "query_preview": "Quel logiciel de d\u00e9tection d'intrusion (IDS) est pr\u00e9sent\u00e9 dans le cours ?", "correlation_id": "01KTX45A2DM6BRSPVEVHSDYPDY", "level": "info", "timestamp": "2026-06-12T05:17:03.966979Z"}
Authentication error: Langfuse client initialized without public_key. Client will be disabled. Provide a public_key parameter or set LANGFUSE_PUBLIC_KEY environment variable. 
{"prompt_tag": "answer@v5", "schema": "DraftAnswer", "tokens": 4167, "event": "model_call.done", "query_preview": "Quel logiciel de d\u00e9tection d'intrusion (IDS) est pr\u00e9sent\u00e9 dans le cours ?", "correlation_id": "01KTX45A2DM6BRSPVEVHSDYPDY", "level": "info", "timestamp": "2026-06-12T05:17:06.840830Z"}
{"node": "answer", "original": "Le cours pr\u00e9sente plusieurs logiciels de d\u00e9tection d'intrusion (IDS) : Snort, Surricata, OSSEC, HIDS, BRO, Crowdsec, Fai", "event": "answer.summary_scope_rebuilt", "query_preview": "Quel logiciel de d\u00e9tection d'intrusion (IDS) est pr\u00e9sent\u00e9 dans le cours ?", "correlation_id": "01KTX45A2DM6BRSPVEVHSDYPDY", "level": "info", "timestamp": "2026-06-12T05:17:06.840960Z"}
{"node": "verify", "claim_count": 2, "event": "start", "query_preview": "Quel logiciel de d\u00e9tection d'intrusion (IDS) est pr\u00e9sent\u00e9 dans le cours ?", "correlation_id": "01KTX45A2DM6BRSPVEVHSDYPDY", "level": "info", "timestamp": "2026-06-12T05:17:06.841899Z"}
{"prompt_tag": "verify_grounding@v2", "schema": "VerificationResult", "model": "cyankiwi/Qwen3.5-4B-AWQ-4bit", "max_tokens": 1024, "temperature": 0.1, "top_p": 0.8, "presence_penalty": 1.0, "seed": 42, "message_count": 1, "event": "model_call.start", "query_preview": "Quel logiciel de d\u00e9tection d'intrusion (IDS) est pr\u00e9sent\u00e9 dans le cours ?", "correlation_id": "01KTX45A2DM6BRSPVEVHSDYPDY", "level": "info", "timestamp": "2026-06-12T05:17:06.847151Z"}
Authentication error: Langfuse client initialized without public_key. Client will be disabled. Provide a public_key parameter or set LANGFUSE_PUBLIC_KEY environment variable. 
{"prompt_tag": "verify_grounding@v2", "schema": "VerificationResult", "tokens": 2329, "event": "model_call.done", "query_preview": "Quel logiciel de d\u00e9tection d'intrusion (IDS) est pr\u00e9sent\u00e9 dans le cours ?", "correlation_id": "01KTX45A2DM6BRSPVEVHSDYPDY", "level": "info", "timestamp": "2026-06-12T05:17:07.414955Z"}
{"node": "assess_relevance", "event": "start", "query_preview": "Quel logiciel de d\u00e9tection d'intrusion (IDS) est pr\u00e9sent\u00e9 dans le cours ?", "correlation_id": "01KTX45A2DM6BRSPVEVHSDYPDY", "level": "info", "timestamp": "2026-06-12T05:17:07.416150Z"}
{"node": "assess_relevance", "event": "relevance.scope_rebuilt_refuse", "query_preview": "Quel logiciel de d\u00e9tection d'intrusion (IDS) est pr\u00e9sent\u00e9 dans le cours ?", "correlation_id": "01KTX45A2DM6BRSPVEVHSDYPDY", "level": "info", "timestamp": "2026-06-12T05:17:07.416187Z"}
{"node": "refuse", "event": "start", "query_preview": "Quel logiciel de d\u00e9tection d'intrusion (IDS) est pr\u00e9sent\u00e9 dans le cours ?", "correlation_id": "01KTX45A2DM6BRSPVEVHSDYPDY", "level": "info", "timestamp": "2026-06-12T05:17:07.416968Z"}
Authentication error: Langfuse client initialized without public_key. Client will be disabled. Provide a public_key parameter or set LANGFUSE_PUBLIC_KEY environment variable. 
{"node": "retrieve", "query_len": 70, "event": "start", "query_preview": "Quels paquets sont install\u00e9s dans la configuration pfSense pr\u00e9sent\u00e9e ?", "correlation_id": "01KTX46DES833F552WBC3WH5NX", "level": "info", "timestamp": "2026-06-12T05:17:07.418403Z"}
{"query_len": 70, "k": 50, "event": "hybrid.start", "query_preview": "Quels paquets sont install\u00e9s dans la configuration pfSense pr\u00e9sent\u00e9e ?", "correlation_id": "01KTX46DES833F552WBC3WH5NX", "level": "info", "timestamp": "2026-06-12T05:17:07.418437Z"}
{"query_len": 70, "k": 50, "dense": 50, "bm25": 50, "fused": 50, "term": true, "event": "hybrid.done", "query_preview": "Quels paquets sont install\u00e9s dans la configuration pfSense pr\u00e9sent\u00e9e ?", "correlation_id": "01KTX46DES833F552WBC3WH5NX", "level": "info", "timestamp": "2026-06-12T05:17:07.503393Z"}
{"node": "retrieve", "candidate_count": 50, "event": "done", "query_preview": "Quels paquets sont install\u00e9s dans la configuration pfSense pr\u00e9sent\u00e9e ?", "correlation_id": "01KTX46DES833F552WBC3WH5NX", "level": "info", "timestamp": "2026-06-12T05:17:07.504498Z"}
{"node": "expand_graph", "reason": "disabled_or_empty", "event": "skip", "query_preview": "Quels paquets sont install\u00e9s dans la configuration pfSense pr\u00e9sent\u00e9e ?", "correlation_id": "01KTX46DES833F552WBC3WH5NX", "level": "info", "timestamp": "2026-06-12T05:17:07.505771Z"}
{"node": "rerank", "candidate_count": 50, "event": "start", "query_preview": "Quels paquets sont install\u00e9s dans la configuration pfSense pr\u00e9sent\u00e9e ?", "correlation_id": "01KTX46DES833F552WBC3WH5NX", "level": "info", "timestamp": "2026-06-12T05:17:07.506261Z"}
{"node": "rerank", "top_k": 5, "source": "mode", "event": "top_k_resolved", "query_preview": "Quels paquets sont install\u00e9s dans la configuration pfSense pr\u00e9sent\u00e9e ?", "correlation_id": "01KTX46DES833F552WBC3WH5NX", "level": "info", "timestamp": "2026-06-12T05:17:07.506309Z"}
{"candidates": 50, "top_k": 5, "backend": "cross_encoder", "event": "rerank.start", "query_preview": "Quels paquets sont install\u00e9s dans la configuration pfSense pr\u00e9sent\u00e9e ?", "correlation_id": "01KTX46DES833F552WBC3WH5NX", "level": "info", "timestamp": "2026-06-12T05:17:07.506341Z"}
{"candidates": 50, "top_k": 5, "backend": "cross_encoder", "returned": 5, "event": "rerank.done", "query_preview": "Quels paquets sont install\u00e9s dans la configuration pfSense pr\u00e9sent\u00e9e ?", "correlation_id": "01KTX46DES833F552WBC3WH5NX", "level": "info", "timestamp": "2026-06-12T05:17:32.621242Z"}
{"node": "rerank", "reranked_count": 5, "event": "done", "query_preview": "Quels paquets sont install\u00e9s dans la configuration pfSense pr\u00e9sent\u00e9e ?", "correlation_id": "01KTX46DES833F552WBC3WH5NX", "level": "info", "timestamp": "2026-06-12T05:17:32.621327Z"}
{"node": "query_tables", "reason": "empty_or_not_table_shaped", "event": "skip", "query_preview": "Quels paquets sont install\u00e9s dans la configuration pfSense pr\u00e9sent\u00e9e ?", "correlation_id": "01KTX46DES833F552WBC3WH5NX", "level": "info", "timestamp": "2026-06-12T05:17:32.623593Z"}
{"node": "assess", "reranked_count": 5, "event": "start", "query_preview": "Quels paquets sont install\u00e9s dans la configuration pfSense pr\u00e9sent\u00e9e ?", "correlation_id": "01KTX46DES833F552WBC3WH5NX", "level": "info", "timestamp": "2026-06-12T05:17:32.624440Z"}
{"prompt_tag": "assess_sufficiency@v4", "schema": "SufficiencyAssessment", "model": "cyankiwi/Qwen3.5-4B-AWQ-4bit", "max_tokens": 1024, "temperature": 0.1, "top_p": 0.8, "presence_penalty": 1.0, "seed": 42, "message_count": 1, "event": "model_call.start", "query_preview": "Quels paquets sont install\u00e9s dans la configuration pfSense pr\u00e9sent\u00e9e ?", "correlation_id": "01KTX46DES833F552WBC3WH5NX", "level": "info", "timestamp": "2026-06-12T05:17:32.626157Z"}
Authentication error: Langfuse client initialized without public_key. Client will be disabled. Provide a public_key parameter or set LANGFUSE_PUBLIC_KEY environment variable. 
{"prompt_tag": "assess_sufficiency@v4", "schema": "SufficiencyAssessment", "tokens": 1926, "event": "model_call.done", "query_preview": "Quels paquets sont install\u00e9s dans la configuration pfSense pr\u00e9sent\u00e9e ?", "correlation_id": "01KTX46DES833F552WBC3WH5NX", "level": "info", "timestamp": "2026-06-12T05:17:33.384240Z"}
{"node": "answer", "regenerate_attempt": 0, "event": "start", "query_preview": "Quels paquets sont install\u00e9s dans la configuration pfSense pr\u00e9sent\u00e9e ?", "correlation_id": "01KTX46DES833F552WBC3WH5NX", "level": "info", "timestamp": "2026-06-12T05:17:33.385602Z"}
{"prompt_tag": "answer@v5", "schema": "DraftAnswer", "model": "cyankiwi/Qwen3.5-4B-AWQ-4bit", "max_tokens": 1800, "temperature": 0.1, "top_p": 0.8, "presence_penalty": 1.0, "seed": 42, "message_count": 2, "event": "model_call.start", "query_preview": "Quels paquets sont install\u00e9s dans la configuration pfSense pr\u00e9sent\u00e9e ?", "correlation_id": "01KTX46DES833F552WBC3WH5NX", "level": "info", "timestamp": "2026-06-12T05:17:33.388339Z"}
Authentication error: Langfuse client initialized without public_key. Client will be disabled. Provide a public_key parameter or set LANGFUSE_PUBLIC_KEY environment variable. 
{"prompt_tag": "answer@v5", "schema": "DraftAnswer", "tokens": 3615, "event": "model_call.done", "query_preview": "Quels paquets sont install\u00e9s dans la configuration pfSense pr\u00e9sent\u00e9e ?", "correlation_id": "01KTX46DES833F552WBC3WH5NX", "level": "info", "timestamp": "2026-06-12T05:17:35.266336Z"}
{"node": "answer", "original": "La configuration pfSense pr\u00e9sente les paquets suivants install\u00e9s : arping, AutoConfigBackup, bandwidthd et nmap.", "event": "answer.summary_scope_rebuilt", "query_preview": "Quels paquets sont install\u00e9s dans la configuration pfSense pr\u00e9sent\u00e9e ?", "correlation_id": "01KTX46DES833F552WBC3WH5NX", "level": "info", "timestamp": "2026-06-12T05:17:35.266417Z"}
{"node": "answer", "exact": 0, "suffix": 0, "fuzzy": 0, "unresolved": 1, "event": "chunk_id_repair", "query_preview": "Quels paquets sont install\u00e9s dans la configuration pfSense pr\u00e9sent\u00e9e ?", "correlation_id": "01KTX46DES833F552WBC3WH5NX", "level": "info", "timestamp": "2026-06-12T05:17:35.266525Z"}
{"node": "verify", "claim_count": 1, "event": "start", "query_preview": "Quels paquets sont install\u00e9s dans la configuration pfSense pr\u00e9sent\u00e9e ?", "correlation_id": "01KTX46DES833F552WBC3WH5NX", "level": "info", "timestamp": "2026-06-12T05:17:35.267285Z"}
{"prompt_tag": "verify_grounding@v2", "schema": "VerificationResult", "model": "cyankiwi/Qwen3.5-4B-AWQ-4bit", "max_tokens": 1024, "temperature": 0.1, "top_p": 0.8, "presence_penalty": 1.0, "seed": 42, "message_count": 1, "event": "model_call.start", "query_preview": "Quels paquets sont install\u00e9s dans la configuration pfSense pr\u00e9sent\u00e9e ?", "correlation_id": "01KTX46DES833F552WBC3WH5NX", "level": "info", "timestamp": "2026-06-12T05:17:35.270387Z"}
Authentication error: Langfuse client initialized without public_key. Client will be disabled. Provide a public_key parameter or set LANGFUSE_PUBLIC_KEY environment variable. 
{"prompt_tag": "verify_grounding@v2", "schema": "VerificationResult", "tokens": 1904, "event": "model_call.done", "query_preview": "Quels paquets sont install\u00e9s dans la configuration pfSense pr\u00e9sent\u00e9e ?", "correlation_id": "01KTX46DES833F552WBC3WH5NX", "level": "info", "timestamp": "2026-06-12T05:17:35.743187Z"}
{"node": "assess_relevance", "event": "start", "query_preview": "Quels paquets sont install\u00e9s dans la configuration pfSense pr\u00e9sent\u00e9e ?", "correlation_id": "01KTX46DES833F552WBC3WH5NX", "level": "info", "timestamp": "2026-06-12T05:17:35.744303Z"}
{"node": "assess_relevance", "event": "relevance.scope_rebuilt_refuse", "query_preview": "Quels paquets sont install\u00e9s dans la configuration pfSense pr\u00e9sent\u00e9e ?", "correlation_id": "01KTX46DES833F552WBC3WH5NX", "level": "info", "timestamp": "2026-06-12T05:17:35.744337Z"}
{"node": "refuse", "event": "start", "query_preview": "Quels paquets sont install\u00e9s dans la configuration pfSense pr\u00e9sent\u00e9e ?", "correlation_id": "01KTX46DES833F552WBC3WH5NX", "level": "info", "timestamp": "2026-06-12T05:17:35.745090Z"}
Authentication error: Langfuse client initialized without public_key. Client will be disabled. Provide a public_key parameter or set LANGFUSE_PUBLIC_KEY environment variable. 
{"node": "retrieve", "query_len": 52, "event": "start", "query_preview": "Dans quelle cat\u00e9gorie le paquet nmap est-il class\u00e9 ?", "correlation_id": "01KTX47941H52AK91FBFVF2FXT", "level": "info", "timestamp": "2026-06-12T05:17:35.746471Z"}
{"query_len": 52, "k": 50, "event": "hybrid.start", "query_preview": "Dans quelle cat\u00e9gorie le paquet nmap est-il class\u00e9 ?", "correlation_id": "01KTX47941H52AK91FBFVF2FXT", "level": "info", "timestamp": "2026-06-12T05:17:35.746507Z"}
{"query_len": 52, "k": 50, "dense": 50, "bm25": 0, "fused": 50, "term": false, "event": "hybrid.done", "query_preview": "Dans quelle cat\u00e9gorie le paquet nmap est-il class\u00e9 ?", "correlation_id": "01KTX47941H52AK91FBFVF2FXT", "level": "info", "timestamp": "2026-06-12T05:17:35.823325Z"}
{"node": "retrieve", "candidate_count": 50, "event": "done", "query_preview": "Dans quelle cat\u00e9gorie le paquet nmap est-il class\u00e9 ?", "correlation_id": "01KTX47941H52AK91FBFVF2FXT", "level": "info", "timestamp": "2026-06-12T05:17:35.824236Z"}
{"node": "expand_graph", "reason": "disabled_or_empty", "event": "skip", "query_preview": "Dans quelle cat\u00e9gorie le paquet nmap est-il class\u00e9 ?", "correlation_id": "01KTX47941H52AK91FBFVF2FXT", "level": "info", "timestamp": "2026-06-12T05:17:35.825478Z"}
{"node": "rerank", "candidate_count": 50, "event": "start", "query_preview": "Dans quelle cat\u00e9gorie le paquet nmap est-il class\u00e9 ?", "correlation_id": "01KTX47941H52AK91FBFVF2FXT", "level": "info", "timestamp": "2026-06-12T05:17:35.825940Z"}
{"node": "rerank", "top_k": 5, "source": "mode", "event": "top_k_resolved", "query_preview": "Dans quelle cat\u00e9gorie le paquet nmap est-il class\u00e9 ?", "correlation_id": "01KTX47941H52AK91FBFVF2FXT", "level": "info", "timestamp": "2026-06-12T05:17:35.825982Z"}
{"candidates": 50, "top_k": 5, "backend": "cross_encoder", "event": "rerank.start", "query_preview": "Dans quelle cat\u00e9gorie le paquet nmap est-il class\u00e9 ?", "correlation_id": "01KTX47941H52AK91FBFVF2FXT", "level": "info", "timestamp": "2026-06-12T05:17:35.826013Z"}
{"candidates": 50, "top_k": 5, "backend": "cross_encoder", "returned": 5, "event": "rerank.done", "query_preview": "Dans quelle cat\u00e9gorie le paquet nmap est-il class\u00e9 ?", "correlation_id": "01KTX47941H52AK91FBFVF2FXT", "level": "info", "timestamp": "2026-06-12T05:18:09.441233Z"}
{"node": "rerank", "reranked_count": 5, "event": "done", "query_preview": "Dans quelle cat\u00e9gorie le paquet nmap est-il class\u00e9 ?", "correlation_id": "01KTX47941H52AK91FBFVF2FXT", "level": "info", "timestamp": "2026-06-12T05:18:09.445862Z"}
{"node": "query_tables", "reason": "empty_or_not_table_shaped", "event": "skip", "query_preview": "Dans quelle cat\u00e9gorie le paquet nmap est-il class\u00e9 ?", "correlation_id": "01KTX47941H52AK91FBFVF2FXT", "level": "info", "timestamp": "2026-06-12T05:18:09.448194Z"}
{"node": "assess", "reranked_count": 5, "event": "start", "query_preview": "Dans quelle cat\u00e9gorie le paquet nmap est-il class\u00e9 ?", "correlation_id": "01KTX47941H52AK91FBFVF2FXT", "level": "info", "timestamp": "2026-06-12T05:18:09.448969Z"}
{"prompt_tag": "assess_sufficiency@v4", "schema": "SufficiencyAssessment", "model": "cyankiwi/Qwen3.5-4B-AWQ-4bit", "max_tokens": 1024, "temperature": 0.1, "top_p": 0.8, "presence_penalty": 1.0, "seed": 42, "message_count": 1, "event": "model_call.start", "query_preview": "Dans quelle cat\u00e9gorie le paquet nmap est-il class\u00e9 ?", "correlation_id": "01KTX47941H52AK91FBFVF2FXT", "level": "info", "timestamp": "2026-06-12T05:18:09.451454Z"}
Authentication error: Langfuse client initialized without public_key. Client will be disabled. Provide a public_key parameter or set LANGFUSE_PUBLIC_KEY environment variable. 
{"prompt_tag": "assess_sufficiency@v4", "schema": "SufficiencyAssessment", "tokens": 2014, "event": "model_call.done", "query_preview": "Dans quelle cat\u00e9gorie le paquet nmap est-il class\u00e9 ?", "correlation_id": "01KTX47941H52AK91FBFVF2FXT", "level": "info", "timestamp": "2026-06-12T05:18:10.122609Z"}
{"node": "answer", "regenerate_attempt": 0, "event": "start", "query_preview": "Dans quelle cat\u00e9gorie le paquet nmap est-il class\u00e9 ?", "correlation_id": "01KTX47941H52AK91FBFVF2FXT", "level": "info", "timestamp": "2026-06-12T05:18:10.124132Z"}
{"prompt_tag": "answer@v5", "schema": "DraftAnswer", "model": "cyankiwi/Qwen3.5-4B-AWQ-4bit", "max_tokens": 1800, "temperature": 0.1, "top_p": 0.8, "presence_penalty": 1.0, "seed": 42, "message_count": 2, "event": "model_call.start", "query_preview": "Dans quelle cat\u00e9gorie le paquet nmap est-il class\u00e9 ?", "correlation_id": "01KTX47941H52AK91FBFVF2FXT", "level": "info", "timestamp": "2026-06-12T05:18:10.126843Z"}
Authentication error: Langfuse client initialized without public_key. Client will be disabled. Provide a public_key parameter or set LANGFUSE_PUBLIC_KEY environment variable. 
{"prompt_tag": "answer@v5", "schema": "DraftAnswer", "tokens": 3662, "event": "model_call.done", "query_preview": "Dans quelle cat\u00e9gorie le paquet nmap est-il class\u00e9 ?", "correlation_id": "01KTX47941H52AK91FBFVF2FXT", "level": "info", "timestamp": "2026-06-12T05:18:11.549242Z"}
{"node": "answer", "exact": 0, "suffix": 0, "fuzzy": 0, "unresolved": 1, "event": "chunk_id_repair", "query_preview": "Dans quelle cat\u00e9gorie le paquet nmap est-il class\u00e9 ?", "correlation_id": "01KTX47941H52AK91FBFVF2FXT", "level": "info", "timestamp": "2026-06-12T05:18:11.549396Z"}
{"node": "verify", "claim_count": 1, "event": "start", "query_preview": "Dans quelle cat\u00e9gorie le paquet nmap est-il class\u00e9 ?", "correlation_id": "01KTX47941H52AK91FBFVF2FXT", "level": "info", "timestamp": "2026-06-12T05:18:11.550373Z"}
{"prompt_tag": "verify_grounding@v2", "schema": "VerificationResult", "model": "cyankiwi/Qwen3.5-4B-AWQ-4bit", "max_tokens": 1024, "temperature": 0.1, "top_p": 0.8, "presence_penalty": 1.0, "seed": 42, "message_count": 1, "event": "model_call.start", "query_preview": "Dans quelle cat\u00e9gorie le paquet nmap est-il class\u00e9 ?", "correlation_id": "01KTX47941H52AK91FBFVF2FXT", "level": "info", "timestamp": "2026-06-12T05:18:11.554805Z"}
Authentication error: Langfuse client initialized without public_key. Client will be disabled. Provide a public_key parameter or set LANGFUSE_PUBLIC_KEY environment variable. 
{"prompt_tag": "verify_grounding@v2", "schema": "VerificationResult", "tokens": 1956, "event": "model_call.done", "query_preview": "Dans quelle cat\u00e9gorie le paquet nmap est-il class\u00e9 ?", "correlation_id": "01KTX47941H52AK91FBFVF2FXT", "level": "info", "timestamp": "2026-06-12T05:18:12.034316Z"}
{"node": "assess_relevance", "event": "start", "query_preview": "Dans quelle cat\u00e9gorie le paquet nmap est-il class\u00e9 ?", "correlation_id": "01KTX47941H52AK91FBFVF2FXT", "level": "info", "timestamp": "2026-06-12T05:18:12.035727Z"}
{"prompt_tag": "assess_relevance@v3", "schema": "RelevanceAssessment", "model": "cyankiwi/Qwen3.5-4B-AWQ-4bit", "max_tokens": 1024, "temperature": 0.1, "top_p": 0.8, "presence_penalty": 1.0, "seed": 42, "message_count": 1, "event": "model_call.start", "query_preview": "Dans quelle cat\u00e9gorie le paquet nmap est-il class\u00e9 ?", "correlation_id": "01KTX47941H52AK91FBFVF2FXT", "level": "info", "timestamp": "2026-06-12T05:18:12.037040Z"}
Authentication error: Langfuse client initialized without public_key. Client will be disabled. Provide a public_key parameter or set LANGFUSE_PUBLIC_KEY environment variable. 
{"prompt_tag": "assess_relevance@v3", "schema": "RelevanceAssessment", "tokens": 829, "event": "model_call.done", "query_preview": "Dans quelle cat\u00e9gorie le paquet nmap est-il class\u00e9 ?", "correlation_id": "01KTX47941H52AK91FBFVF2FXT", "level": "info", "timestamp": "2026-06-12T05:18:12.494753Z"}
{"node": "assess_relevance", "responsive": true, "event": "relevance", "query_preview": "Dans quelle cat\u00e9gorie le paquet nmap est-il class\u00e9 ?", "correlation_id": "01KTX47941H52AK91FBFVF2FXT", "level": "info", "timestamp": "2026-06-12T05:18:12.494814Z"}
{"node": "compose", "event": "start", "query_preview": "Dans quelle cat\u00e9gorie le paquet nmap est-il class\u00e9 ?", "correlation_id": "01KTX47941H52AK91FBFVF2FXT", "level": "info", "timestamp": "2026-06-12T05:18:12.496293Z"}
Authentication error: Langfuse client initialized without public_key. Client will be disabled. Provide a public_key parameter or set LANGFUSE_PUBLIC_KEY environment variable. 
{"node": "retrieve", "query_len": 86, "event": "start", "query_preview": "Dans quelle cat\u00e9gorie le paquet bandwidthd est-il class\u00e9 d'apr\u00e8s l'interface pfS", "correlation_id": "01KTX48D0H68ZM4ZJXJ54X42AX", "level": "info", "timestamp": "2026-06-12T05:18:12.498197Z"}
{"query_len": 86, "k": 50, "event": "hybrid.start", "query_preview": "Dans quelle cat\u00e9gorie le paquet bandwidthd est-il class\u00e9 d'apr\u00e8s l'interface pfS", "correlation_id": "01KTX48D0H68ZM4ZJXJ54X42AX", "level": "info", "timestamp": "2026-06-12T05:18:12.498242Z"}
{"query_len": 86, "k": 50, "dense": 50, "bm25": 50, "fused": 50, "term": true, "event": "hybrid.done", "query_preview": "Dans quelle cat\u00e9gorie le paquet bandwidthd est-il class\u00e9 d'apr\u00e8s l'interface pfS", "correlation_id": "01KTX48D0H68ZM4ZJXJ54X42AX", "level": "info", "timestamp": "2026-06-12T05:18:12.703915Z"}
{"node": "retrieve", "candidate_count": 50, "event": "done", "query_preview": "Dans quelle cat\u00e9gorie le paquet bandwidthd est-il class\u00e9 d'apr\u00e8s l'interface pfS", "correlation_id": "01KTX48D0H68ZM4ZJXJ54X42AX", "level": "info", "timestamp": "2026-06-12T05:18:12.704895Z"}
{"node": "expand_graph", "reason": "disabled_or_empty", "event": "skip", "query_preview": "Dans quelle cat\u00e9gorie le paquet bandwidthd est-il class\u00e9 d'apr\u00e8s l'interface pfS", "correlation_id": "01KTX48D0H68ZM4ZJXJ54X42AX", "level": "info", "timestamp": "2026-06-12T05:18:12.706500Z"}
{"node": "rerank", "candidate_count": 50, "event": "start", "query_preview": "Dans quelle cat\u00e9gorie le paquet bandwidthd est-il class\u00e9 d'apr\u00e8s l'interface pfS", "correlation_id": "01KTX48D0H68ZM4ZJXJ54X42AX", "level": "info", "timestamp": "2026-06-12T05:18:12.707015Z"}
{"node": "rerank", "top_k": 5, "source": "mode", "event": "top_k_resolved", "query_preview": "Dans quelle cat\u00e9gorie le paquet bandwidthd est-il class\u00e9 d'apr\u00e8s l'interface pfS", "correlation_id": "01KTX48D0H68ZM4ZJXJ54X42AX", "level": "info", "timestamp": "2026-06-12T05:18:12.707069Z"}
{"candidates": 50, "top_k": 5, "backend": "cross_encoder", "event": "rerank.start", "query_preview": "Dans quelle cat\u00e9gorie le paquet bandwidthd est-il class\u00e9 d'apr\u00e8s l'interface pfS", "correlation_id": "01KTX48D0H68ZM4ZJXJ54X42AX", "level": "info", "timestamp": "2026-06-12T05:18:12.707103Z"}
{"candidates": 50, "top_k": 5, "backend": "cross_encoder", "returned": 5, "event": "rerank.done", "query_preview": "Dans quelle cat\u00e9gorie le paquet bandwidthd est-il class\u00e9 d'apr\u00e8s l'interface pfS", "correlation_id": "01KTX48D0H68ZM4ZJXJ54X42AX", "level": "info", "timestamp": "2026-06-12T05:18:39.941189Z"}
{"node": "rerank", "reranked_count": 5, "event": "done", "query_preview": "Dans quelle cat\u00e9gorie le paquet bandwidthd est-il class\u00e9 d'apr\u00e8s l'interface pfS", "correlation_id": "01KTX48D0H68ZM4ZJXJ54X42AX", "level": "info", "timestamp": "2026-06-12T05:18:39.941302Z"}
{"node": "query_tables", "reason": "empty_or_not_table_shaped", "event": "skip", "query_preview": "Dans quelle cat\u00e9gorie le paquet bandwidthd est-il class\u00e9 d'apr\u00e8s l'interface pfS", "correlation_id": "01KTX48D0H68ZM4ZJXJ54X42AX", "level": "info", "timestamp": "2026-06-12T05:18:39.943271Z"}
{"node": "assess", "reranked_count": 5, "event": "start", "query_preview": "Dans quelle cat\u00e9gorie le paquet bandwidthd est-il class\u00e9 d'apr\u00e8s l'interface pfS", "correlation_id": "01KTX48D0H68ZM4ZJXJ54X42AX", "level": "info", "timestamp": "2026-06-12T05:18:39.944026Z"}
{"prompt_tag": "assess_sufficiency@v4", "schema": "SufficiencyAssessment", "model": "cyankiwi/Qwen3.5-4B-AWQ-4bit", "max_tokens": 1024, "temperature": 0.1, "top_p": 0.8, "presence_penalty": 1.0, "seed": 42, "message_count": 1, "event": "model_call.start", "query_preview": "Dans quelle cat\u00e9gorie le paquet bandwidthd est-il class\u00e9 d'apr\u00e8s l'interface pfS", "correlation_id": "01KTX48D0H68ZM4ZJXJ54X42AX", "level": "info", "timestamp": "2026-06-12T05:18:39.946100Z"}
Authentication error: Langfuse client initialized without public_key. Client will be disabled. Provide a public_key parameter or set LANGFUSE_PUBLIC_KEY environment variable. 
{"prompt_tag": "assess_sufficiency@v4", "schema": "SufficiencyAssessment", "tokens": 2240, "event": "model_call.done", "query_preview": "Dans quelle cat\u00e9gorie le paquet bandwidthd est-il class\u00e9 d'apr\u00e8s l'interface pfS", "correlation_id": "01KTX48D0H68ZM4ZJXJ54X42AX", "level": "info", "timestamp": "2026-06-12T05:18:40.732154Z"}
{"node": "answer", "regenerate_attempt": 0, "event": "start", "query_preview": "Dans quelle cat\u00e9gorie le paquet bandwidthd est-il class\u00e9 d'apr\u00e8s l'interface pfS", "correlation_id": "01KTX48D0H68ZM4ZJXJ54X42AX", "level": "info", "timestamp": "2026-06-12T05:18:40.733638Z"}
{"prompt_tag": "answer@v5", "schema": "DraftAnswer", "model": "cyankiwi/Qwen3.5-4B-AWQ-4bit", "max_tokens": 1800, "temperature": 0.1, "top_p": 0.8, "presence_penalty": 1.0, "seed": 42, "message_count": 2, "event": "model_call.start", "query_preview": "Dans quelle cat\u00e9gorie le paquet bandwidthd est-il class\u00e9 d'apr\u00e8s l'interface pfS", "correlation_id": "01KTX48D0H68ZM4ZJXJ54X42AX", "level": "info", "timestamp": "2026-06-12T05:18:40.736335Z"}
Authentication error: Langfuse client initialized without public_key. Client will be disabled. Provide a public_key parameter or set LANGFUSE_PUBLIC_KEY environment variable. 
{"prompt_tag": "answer@v5", "schema": "DraftAnswer", "tokens": 3875, "event": "model_call.done", "query_preview": "Dans quelle cat\u00e9gorie le paquet bandwidthd est-il class\u00e9 d'apr\u00e8s l'interface pfS", "correlation_id": "01KTX48D0H68ZM4ZJXJ54X42AX", "level": "info", "timestamp": "2026-06-12T05:18:42.173663Z"}
{"node": "answer", "original": "Le paquet bandwidthd est class\u00e9 dans la cat\u00e9gorie 'net-mgmt' selon l'interface pfSense, comme indiqu\u00e9 dans le tableau de", "event": "answer.summary_scope_rebuilt", "query_preview": "Dans quelle cat\u00e9gorie le paquet bandwidthd est-il class\u00e9 d'apr\u00e8s l'interface pfS", "correlation_id": "01KTX48D0H68ZM4ZJXJ54X42AX", "level": "info", "timestamp": "2026-06-12T05:18:42.173740Z"}
{"node": "answer", "exact": 0, "suffix": 0, "fuzzy": 0, "unresolved": 1, "event": "chunk_id_repair", "query_preview": "Dans quelle cat\u00e9gorie le paquet bandwidthd est-il class\u00e9 d'apr\u00e8s l'interface pfS", "correlation_id": "01KTX48D0H68ZM4ZJXJ54X42AX", "level": "info", "timestamp": "2026-06-12T05:18:42.173850Z"}
{"node": "verify", "claim_count": 1, "event": "start", "query_preview": "Dans quelle cat\u00e9gorie le paquet bandwidthd est-il class\u00e9 d'apr\u00e8s l'interface pfS", "correlation_id": "01KTX48D0H68ZM4ZJXJ54X42AX", "level": "info", "timestamp": "2026-06-12T05:18:42.174856Z"}
{"prompt_tag": "verify_grounding@v2", "schema": "VerificationResult", "model": "cyankiwi/Qwen3.5-4B-AWQ-4bit", "max_tokens": 1024, "temperature": 0.1, "top_p": 0.8, "presence_penalty": 1.0, "seed": 42, "message_count": 1, "event": "model_call.start", "query_preview": "Dans quelle cat\u00e9gorie le paquet bandwidthd est-il class\u00e9 d'apr\u00e8s l'interface pfS", "correlation_id": "01KTX48D0H68ZM4ZJXJ54X42AX", "level": "info", "timestamp": "2026-06-12T05:18:42.178057Z"}
Authentication error: Langfuse client initialized without public_key. Client will be disabled. Provide a public_key parameter or set LANGFUSE_PUBLIC_KEY environment variable. 
{"prompt_tag": "verify_grounding@v2", "schema": "VerificationResult", "tokens": 2150, "event": "model_call.done", "query_preview": "Dans quelle cat\u00e9gorie le paquet bandwidthd est-il class\u00e9 d'apr\u00e8s l'interface pfS", "correlation_id": "01KTX48D0H68ZM4ZJXJ54X42AX", "level": "info", "timestamp": "2026-06-12T05:18:42.694403Z"}
{"node": "assess_relevance", "event": "start", "query_preview": "Dans quelle cat\u00e9gorie le paquet bandwidthd est-il class\u00e9 d'apr\u00e8s l'interface pfS", "correlation_id": "01KTX48D0H68ZM4ZJXJ54X42AX", "level": "info", "timestamp": "2026-06-12T05:18:42.695906Z"}
{"node": "assess_relevance", "event": "relevance.scope_rebuilt_refuse", "query_preview": "Dans quelle cat\u00e9gorie le paquet bandwidthd est-il class\u00e9 d'apr\u00e8s l'interface pfS", "correlation_id": "01KTX48D0H68ZM4ZJXJ54X42AX", "level": "info", "timestamp": "2026-06-12T05:18:42.695958Z"}
{"node": "refuse", "event": "start", "query_preview": "Dans quelle cat\u00e9gorie le paquet bandwidthd est-il class\u00e9 d'apr\u00e8s l'interface pfS", "correlation_id": "01KTX48D0H68ZM4ZJXJ54X42AX", "level": "info", "timestamp": "2026-06-12T05:18:42.697122Z"}
Authentication error: Langfuse client initialized without public_key. Client will be disabled. Provide a public_key parameter or set LANGFUSE_PUBLIC_KEY environment variable. 
{"node": "retrieve", "query_len": 75, "event": "start", "query_preview": "Quelles sont les trois composantes du processus d'authentification 802.1X ?", "correlation_id": "01KTX49AG9TWBCXYPA6M9J9P30", "level": "info", "timestamp": "2026-06-12T05:18:42.698966Z"}
{"query_len": 75, "k": 50, "event": "hybrid.start", "query_preview": "Quelles sont les trois composantes du processus d'authentification 802.1X ?", "correlation_id": "01KTX49AG9TWBCXYPA6M9J9P30", "level": "info", "timestamp": "2026-06-12T05:18:42.699010Z"}
{"query_len": 75, "k": 50, "dense": 50, "bm25": 0, "fused": 50, "term": false, "event": "hybrid.done", "query_preview": "Quelles sont les trois composantes du processus d'authentification 802.1X ?", "correlation_id": "01KTX49AG9TWBCXYPA6M9J9P30", "level": "info", "timestamp": "2026-06-12T05:18:42.776558Z"}
{"node": "retrieve", "candidate_count": 50, "event": "done", "query_preview": "Quelles sont les trois composantes du processus d'authentification 802.1X ?", "correlation_id": "01KTX49AG9TWBCXYPA6M9J9P30", "level": "info", "timestamp": "2026-06-12T05:18:42.777512Z"}
{"node": "expand_graph", "reason": "disabled_or_empty", "event": "skip", "query_preview": "Quelles sont les trois composantes du processus d'authentification 802.1X ?", "correlation_id": "01KTX49AG9TWBCXYPA6M9J9P30", "level": "info", "timestamp": "2026-06-12T05:18:42.778773Z"}
{"node": "rerank", "candidate_count": 50, "event": "start", "query_preview": "Quelles sont les trois composantes du processus d'authentification 802.1X ?", "correlation_id": "01KTX49AG9TWBCXYPA6M9J9P30", "level": "info", "timestamp": "2026-06-12T05:18:42.779248Z"}
{"node": "rerank", "top_k": 5, "source": "mode", "event": "top_k_resolved", "query_preview": "Quelles sont les trois composantes du processus d'authentification 802.1X ?", "correlation_id": "01KTX49AG9TWBCXYPA6M9J9P30", "level": "info", "timestamp": "2026-06-12T05:18:42.779294Z"}
{"candidates": 50, "top_k": 5, "backend": "cross_encoder", "event": "rerank.start", "query_preview": "Quelles sont les trois composantes du processus d'authentification 802.1X ?", "correlation_id": "01KTX49AG9TWBCXYPA6M9J9P30", "level": "info", "timestamp": "2026-06-12T05:18:42.779324Z"}
{"candidates": 50, "top_k": 5, "backend": "cross_encoder", "returned": 5, "event": "rerank.done", "query_preview": "Quelles sont les trois composantes du processus d'authentification 802.1X ?", "correlation_id": "01KTX49AG9TWBCXYPA6M9J9P30", "level": "info", "timestamp": "2026-06-12T05:19:06.815838Z"}
{"node": "rerank", "reranked_count": 5, "event": "done", "query_preview": "Quelles sont les trois composantes du processus d'authentification 802.1X ?", "correlation_id": "01KTX49AG9TWBCXYPA6M9J9P30", "level": "info", "timestamp": "2026-06-12T05:19:06.815950Z"}
{"node": "query_tables", "reason": "empty_or_not_table_shaped", "event": "skip", "query_preview": "Quelles sont les trois composantes du processus d'authentification 802.1X ?", "correlation_id": "01KTX49AG9TWBCXYPA6M9J9P30", "level": "info", "timestamp": "2026-06-12T05:19:06.818081Z"}
{"node": "assess", "reranked_count": 5, "event": "start", "query_preview": "Quelles sont les trois composantes du processus d'authentification 802.1X ?", "correlation_id": "01KTX49AG9TWBCXYPA6M9J9P30", "level": "info", "timestamp": "2026-06-12T05:19:06.818947Z"}
{"prompt_tag": "assess_sufficiency@v4", "schema": "SufficiencyAssessment", "model": "cyankiwi/Qwen3.5-4B-AWQ-4bit", "max_tokens": 1024, "temperature": 0.1, "top_p": 0.8, "presence_penalty": 1.0, "seed": 42, "message_count": 1, "event": "model_call.start", "query_preview": "Quelles sont les trois composantes du processus d'authentification 802.1X ?", "correlation_id": "01KTX49AG9TWBCXYPA6M9J9P30", "level": "info", "timestamp": "2026-06-12T05:19:06.821140Z"}
Authentication error: Langfuse client initialized without public_key. Client will be disabled. Provide a public_key parameter or set LANGFUSE_PUBLIC_KEY environment variable. 
{"prompt_tag": "assess_sufficiency@v4", "schema": "SufficiencyAssessment", "tokens": 1352, "event": "model_call.done", "query_preview": "Quelles sont les trois composantes du processus d'authentification 802.1X ?", "correlation_id": "01KTX49AG9TWBCXYPA6M9J9P30", "level": "info", "timestamp": "2026-06-12T05:19:07.561434Z"}
{"node": "answer", "regenerate_attempt": 0, "event": "start", "query_preview": "Quelles sont les trois composantes du processus d'authentification 802.1X ?", "correlation_id": "01KTX49AG9TWBCXYPA6M9J9P30", "level": "info", "timestamp": "2026-06-12T05:19:07.562509Z"}
{"prompt_tag": "answer@v5", "schema": "DraftAnswer", "model": "cyankiwi/Qwen3.5-4B-AWQ-4bit", "max_tokens": 1800, "temperature": 0.1, "top_p": 0.8, "presence_penalty": 1.0, "seed": 42, "message_count": 2, "event": "model_call.start", "query_preview": "Quelles sont les trois composantes du processus d'authentification 802.1X ?", "correlation_id": "01KTX49AG9TWBCXYPA6M9J9P30", "level": "info", "timestamp": "2026-06-12T05:19:07.564479Z"}
Authentication error: Langfuse client initialized without public_key. Client will be disabled. Provide a public_key parameter or set LANGFUSE_PUBLIC_KEY environment variable. 
{"prompt_tag": "answer@v5", "schema": "DraftAnswer", "tokens": 3273, "event": "model_call.done", "query_preview": "Quelles sont les trois composantes du processus d'authentification 802.1X ?", "correlation_id": "01KTX49AG9TWBCXYPA6M9J9P30", "level": "info", "timestamp": "2026-06-12T05:19:11.500036Z"}
{"node": "answer", "original": "Les trois composantes du processus d'authentification 802.1X sont le Supplicant (client), l'Authenticator (switch ou poi", "event": "answer.summary_scope_rebuilt", "query_preview": "Quelles sont les trois composantes du processus d'authentification 802.1X ?", "correlation_id": "01KTX49AG9TWBCXYPA6M9J9P30", "level": "info", "timestamp": "2026-06-12T05:19:11.500154Z"}
{"node": "answer", "exact": 0, "suffix": 0, "fuzzy": 2, "unresolved": 1, "event": "chunk_id_repair", "query_preview": "Quelles sont les trois composantes du processus d'authentification 802.1X ?", "correlation_id": "01KTX49AG9TWBCXYPA6M9J9P30", "level": "info", "timestamp": "2026-06-12T05:19:11.500370Z"}
{"node": "verify", "claim_count": 3, "event": "start", "query_preview": "Quelles sont les trois composantes du processus d'authentification 802.1X ?", "correlation_id": "01KTX49AG9TWBCXYPA6M9J9P30", "level": "info", "timestamp": "2026-06-12T05:19:11.501151Z"}
{"prompt_tag": "verify_grounding@v2", "schema": "VerificationResult", "model": "cyankiwi/Qwen3.5-4B-AWQ-4bit", "max_tokens": 1024, "temperature": 0.1, "top_p": 0.8, "presence_penalty": 1.0, "seed": 42, "message_count": 1, "event": "model_call.start", "query_preview": "Quelles sont les trois composantes du processus d'authentification 802.1X ?", "correlation_id": "01KTX49AG9TWBCXYPA6M9J9P30", "level": "info", "timestamp": "2026-06-12T05:19:11.504461Z"}
Authentication error: Langfuse client initialized without public_key. Client will be disabled. Provide a public_key parameter or set LANGFUSE_PUBLIC_KEY environment variable. 
{"prompt_tag": "verify_grounding@v2", "schema": "VerificationResult", "tokens": 1486, "event": "model_call.done", "query_preview": "Quelles sont les trois composantes du processus d'authentification 802.1X ?", "correlation_id": "01KTX49AG9TWBCXYPA6M9J9P30", "level": "info", "timestamp": "2026-06-12T05:19:11.962879Z"}
{"node": "assess_relevance", "event": "start", "query_preview": "Quelles sont les trois composantes du processus d'authentification 802.1X ?", "correlation_id": "01KTX49AG9TWBCXYPA6M9J9P30", "level": "info", "timestamp": "2026-06-12T05:19:11.964118Z"}
{"node": "assess_relevance", "event": "relevance.scope_rebuilt_refuse", "query_preview": "Quelles sont les trois composantes du processus d'authentification 802.1X ?", "correlation_id": "01KTX49AG9TWBCXYPA6M9J9P30", "level": "info", "timestamp": "2026-06-12T05:19:11.964155Z"}
{"node": "refuse", "event": "start", "query_preview": "Quelles sont les trois composantes du processus d'authentification 802.1X ?", "correlation_id": "01KTX49AG9TWBCXYPA6M9J9P30", "level": "info", "timestamp": "2026-06-12T05:19:11.965032Z"}
Authentication error: Langfuse client initialized without public_key. Client will be disabled. Provide a public_key parameter or set LANGFUSE_PUBLIC_KEY environment variable. 
{"node": "retrieve", "query_len": 75, "event": "start", "query_preview": "Quel message le client envoie-t-il pour amorcer l'authentification 802.1X ?", "correlation_id": "01KTX4A72X3YARFSQ3Y1FSQF8G", "level": "info", "timestamp": "2026-06-12T05:19:11.966548Z"}
{"query_len": 75, "k": 50, "event": "hybrid.start", "query_preview": "Quel message le client envoie-t-il pour amorcer l'authentification 802.1X ?", "correlation_id": "01KTX4A72X3YARFSQ3Y1FSQF8G", "level": "info", "timestamp": "2026-06-12T05:19:11.966585Z"}
{"query_len": 75, "k": 50, "dense": 50, "bm25": 0, "fused": 50, "term": false, "event": "hybrid.done", "query_preview": "Quel message le client envoie-t-il pour amorcer l'authentification 802.1X ?", "correlation_id": "01KTX4A72X3YARFSQ3Y1FSQF8G", "level": "info", "timestamp": "2026-06-12T05:19:12.041758Z"}
{"node": "retrieve", "candidate_count": 50, "event": "done", "query_preview": "Quel message le client envoie-t-il pour amorcer l'authentification 802.1X ?", "correlation_id": "01KTX4A72X3YARFSQ3Y1FSQF8G", "level": "info", "timestamp": "2026-06-12T05:19:12.042810Z"}
{"node": "expand_graph", "reason": "disabled_or_empty", "event": "skip", "query_preview": "Quel message le client envoie-t-il pour amorcer l'authentification 802.1X ?", "correlation_id": "01KTX4A72X3YARFSQ3Y1FSQF8G", "level": "info", "timestamp": "2026-06-12T05:19:12.044097Z"}
{"node": "rerank", "candidate_count": 50, "event": "start", "query_preview": "Quel message le client envoie-t-il pour amorcer l'authentification 802.1X ?", "correlation_id": "01KTX4A72X3YARFSQ3Y1FSQF8G", "level": "info", "timestamp": "2026-06-12T05:19:12.044583Z"}
{"node": "rerank", "top_k": 5, "source": "mode", "event": "top_k_resolved", "query_preview": "Quel message le client envoie-t-il pour amorcer l'authentification 802.1X ?", "correlation_id": "01KTX4A72X3YARFSQ3Y1FSQF8G", "level": "info", "timestamp": "2026-06-12T05:19:12.044628Z"}
{"candidates": 50, "top_k": 5, "backend": "cross_encoder", "event": "rerank.start", "query_preview": "Quel message le client envoie-t-il pour amorcer l'authentification 802.1X ?", "correlation_id": "01KTX4A72X3YARFSQ3Y1FSQF8G", "level": "info", "timestamp": "2026-06-12T05:19:12.044658Z"}
{"candidates": 50, "top_k": 5, "backend": "cross_encoder", "returned": 5, "event": "rerank.done", "query_preview": "Quel message le client envoie-t-il pour amorcer l'authentification 802.1X ?", "correlation_id": "01KTX4A72X3YARFSQ3Y1FSQF8G", "level": "info", "timestamp": "2026-06-12T05:19:43.435857Z"}
{"node": "rerank", "reranked_count": 5, "event": "done", "query_preview": "Quel message le client envoie-t-il pour amorcer l'authentification 802.1X ?", "correlation_id": "01KTX4A72X3YARFSQ3Y1FSQF8G", "level": "info", "timestamp": "2026-06-12T05:19:43.435974Z"}
{"node": "query_tables", "reason": "empty_or_not_table_shaped", "event": "skip", "query_preview": "Quel message le client envoie-t-il pour amorcer l'authentification 802.1X ?", "correlation_id": "01KTX4A72X3YARFSQ3Y1FSQF8G", "level": "info", "timestamp": "2026-06-12T05:19:43.437841Z"}
{"node": "assess", "reranked_count": 5, "event": "start", "query_preview": "Quel message le client envoie-t-il pour amorcer l'authentification 802.1X ?", "correlation_id": "01KTX4A72X3YARFSQ3Y1FSQF8G", "level": "info", "timestamp": "2026-06-12T05:19:43.438594Z"}
{"prompt_tag": "assess_sufficiency@v4", "schema": "SufficiencyAssessment", "model": "cyankiwi/Qwen3.5-4B-AWQ-4bit", "max_tokens": 1024, "temperature": 0.1, "top_p": 0.8, "presence_penalty": 1.0, "seed": 42, "message_count": 1, "event": "model_call.start", "query_preview": "Quel message le client envoie-t-il pour amorcer l'authentification 802.1X ?", "correlation_id": "01KTX4A72X3YARFSQ3Y1FSQF8G", "level": "info", "timestamp": "2026-06-12T05:19:43.440752Z"}
Authentication error: Langfuse client initialized without public_key. Client will be disabled. Provide a public_key parameter or set LANGFUSE_PUBLIC_KEY environment variable. 
{"prompt_tag": "assess_sufficiency@v4", "schema": "SufficiencyAssessment", "tokens": 2195, "event": "model_call.done", "query_preview": "Quel message le client envoie-t-il pour amorcer l'authentification 802.1X ?", "correlation_id": "01KTX4A72X3YARFSQ3Y1FSQF8G", "level": "info", "timestamp": "2026-06-12T05:19:44.242567Z"}
{"node": "answer", "regenerate_attempt": 0, "event": "start", "query_preview": "Quel message le client envoie-t-il pour amorcer l'authentification 802.1X ?", "correlation_id": "01KTX4A72X3YARFSQ3Y1FSQF8G", "level": "info", "timestamp": "2026-06-12T05:19:44.244140Z"}
{"prompt_tag": "answer@v5", "schema": "DraftAnswer", "model": "cyankiwi/Qwen3.5-4B-AWQ-4bit", "max_tokens": 1800, "temperature": 0.1, "top_p": 0.8, "presence_penalty": 1.0, "seed": 42, "message_count": 2, "event": "model_call.start", "query_preview": "Quel message le client envoie-t-il pour amorcer l'authentification 802.1X ?", "correlation_id": "01KTX4A72X3YARFSQ3Y1FSQF8G", "level": "info", "timestamp": "2026-06-12T05:19:44.246808Z"}
Authentication error: Langfuse client initialized without public_key. Client will be disabled. Provide a public_key parameter or set LANGFUSE_PUBLIC_KEY environment variable. 
{"prompt_tag": "answer@v5", "schema": "DraftAnswer", "tokens": 3846, "event": "model_call.done", "query_preview": "Quel message le client envoie-t-il pour amorcer l'authentification 802.1X ?", "correlation_id": "01KTX4A72X3YARFSQ3Y1FSQF8G", "level": "info", "timestamp": "2026-06-12T05:19:45.824994Z"}
{"node": "answer", "original": "Le client envoie un message EAPOL-Start pour amorcer l'authentification 802.1X.", "event": "answer.summary_scope_rebuilt", "query_preview": "Quel message le client envoie-t-il pour amorcer l'authentification 802.1X ?", "correlation_id": "01KTX4A72X3YARFSQ3Y1FSQF8G", "level": "info", "timestamp": "2026-06-12T05:19:45.825075Z"}
{"node": "answer", "exact": 0, "suffix": 0, "fuzzy": 0, "unresolved": 1, "event": "chunk_id_repair", "query_preview": "Quel message le client envoie-t-il pour amorcer l'authentification 802.1X ?", "correlation_id": "01KTX4A72X3YARFSQ3Y1FSQF8G", "level": "info", "timestamp": "2026-06-12T05:19:45.825185Z"}
{"node": "verify", "claim_count": 1, "event": "start", "query_preview": "Quel message le client envoie-t-il pour amorcer l'authentification 802.1X ?", "correlation_id": "01KTX4A72X3YARFSQ3Y1FSQF8G", "level": "info", "timestamp": "2026-06-12T05:19:45.826191Z"}
{"prompt_tag": "verify_grounding@v2", "schema": "VerificationResult", "model": "cyankiwi/Qwen3.5-4B-AWQ-4bit", "max_tokens": 1024, "temperature": 0.1, "top_p": 0.8, "presence_penalty": 1.0, "seed": 42, "message_count": 1, "event": "model_call.start", "query_preview": "Quel message le client envoie-t-il pour amorcer l'authentification 802.1X ?", "correlation_id": "01KTX4A72X3YARFSQ3Y1FSQF8G", "level": "info", "timestamp": "2026-06-12T05:19:45.830539Z"}
Authentication error: Langfuse client initialized without public_key. Client will be disabled. Provide a public_key parameter or set LANGFUSE_PUBLIC_KEY environment variable. 
{"prompt_tag": "verify_grounding@v2", "schema": "VerificationResult", "tokens": 2117, "event": "model_call.done", "query_preview": "Quel message le client envoie-t-il pour amorcer l'authentification 802.1X ?", "correlation_id": "01KTX4A72X3YARFSQ3Y1FSQF8G", "level": "info", "timestamp": "2026-06-12T05:19:46.329958Z"}
{"node": "assess_relevance", "event": "start", "query_preview": "Quel message le client envoie-t-il pour amorcer l'authentification 802.1X ?", "correlation_id": "01KTX4A72X3YARFSQ3Y1FSQF8G", "level": "info", "timestamp": "2026-06-12T05:19:46.331811Z"}
{"node": "assess_relevance", "event": "relevance.scope_rebuilt_refuse", "query_preview": "Quel message le client envoie-t-il pour amorcer l'authentification 802.1X ?", "correlation_id": "01KTX4A72X3YARFSQ3Y1FSQF8G", "level": "info", "timestamp": "2026-06-12T05:19:46.331861Z"}
{"node": "refuse", "event": "start", "query_preview": "Quel message le client envoie-t-il pour amorcer l'authentification 802.1X ?", "correlation_id": "01KTX4A72X3YARFSQ3Y1FSQF8G", "level": "info", "timestamp": "2026-06-12T05:19:46.333261Z"}
Authentication error: Langfuse client initialized without public_key. Client will be disabled. Provide a public_key parameter or set LANGFUSE_PUBLIC_KEY environment variable. 
{"node": "retrieve", "query_len": 74, "event": "start", "query_preview": "Quel type de serveur r\u00e9alise l'authentification dans le processus 802.1X ?", "correlation_id": "01KTX4B8MX18915ANVW5VZPGE9", "level": "info", "timestamp": "2026-06-12T05:19:46.334729Z"}
{"query_len": 74, "k": 50, "event": "hybrid.start", "query_preview": "Quel type de serveur r\u00e9alise l'authentification dans le processus 802.1X ?", "correlation_id": "01KTX4B8MX18915ANVW5VZPGE9", "level": "info", "timestamp": "2026-06-12T05:19:46.334764Z"}
{"query_len": 74, "k": 50, "dense": 50, "bm25": 0, "fused": 50, "term": false, "event": "hybrid.done", "query_preview": "Quel type de serveur r\u00e9alise l'authentification dans le processus 802.1X ?", "correlation_id": "01KTX4B8MX18915ANVW5VZPGE9", "level": "info", "timestamp": "2026-06-12T05:19:46.432105Z"}
{"node": "retrieve", "candidate_count": 50, "event": "done", "query_preview": "Quel type de serveur r\u00e9alise l'authentification dans le processus 802.1X ?", "correlation_id": "01KTX4B8MX18915ANVW5VZPGE9", "level": "info", "timestamp": "2026-06-12T05:19:46.433093Z"}
{"node": "expand_graph", "reason": "disabled_or_empty", "event": "skip", "query_preview": "Quel type de serveur r\u00e9alise l'authentification dans le processus 802.1X ?", "correlation_id": "01KTX4B8MX18915ANVW5VZPGE9", "level": "info", "timestamp": "2026-06-12T05:19:46.434367Z"}
{"node": "rerank", "candidate_count": 50, "event": "start", "query_preview": "Quel type de serveur r\u00e9alise l'authentification dans le processus 802.1X ?", "correlation_id": "01KTX4B8MX18915ANVW5VZPGE9", "level": "info", "timestamp": "2026-06-12T05:19:46.434849Z"}
{"node": "rerank", "top_k": 5, "source": "mode", "event": "top_k_resolved", "query_preview": "Quel type de serveur r\u00e9alise l'authentification dans le processus 802.1X ?", "correlation_id": "01KTX4B8MX18915ANVW5VZPGE9", "level": "info", "timestamp": "2026-06-12T05:19:46.434894Z"}
{"candidates": 50, "top_k": 5, "backend": "cross_encoder", "event": "rerank.start", "query_preview": "Quel type de serveur r\u00e9alise l'authentification dans le processus 802.1X ?", "correlation_id": "01KTX4B8MX18915ANVW5VZPGE9", "level": "info", "timestamp": "2026-06-12T05:19:46.434924Z"}
{"candidates": 50, "top_k": 5, "backend": "cross_encoder", "returned": 5, "event": "rerank.done", "query_preview": "Quel type de serveur r\u00e9alise l'authentification dans le processus 802.1X ?", "correlation_id": "01KTX4B8MX18915ANVW5VZPGE9", "level": "info", "timestamp": "2026-06-12T05:20:11.204602Z"}
{"node": "rerank", "reranked_count": 5, "event": "done", "query_preview": "Quel type de serveur r\u00e9alise l'authentification dans le processus 802.1X ?", "correlation_id": "01KTX4B8MX18915ANVW5VZPGE9", "level": "info", "timestamp": "2026-06-12T05:20:11.204735Z"}
{"node": "query_tables", "reason": "empty_or_not_table_shaped", "event": "skip", "query_preview": "Quel type de serveur r\u00e9alise l'authentification dans le processus 802.1X ?", "correlation_id": "01KTX4B8MX18915ANVW5VZPGE9", "level": "info", "timestamp": "2026-06-12T05:20:11.207108Z"}
{"node": "assess", "reranked_count": 5, "event": "start", "query_preview": "Quel type de serveur r\u00e9alise l'authentification dans le processus 802.1X ?", "correlation_id": "01KTX4B8MX18915ANVW5VZPGE9", "level": "info", "timestamp": "2026-06-12T05:20:11.207930Z"}
{"prompt_tag": "assess_sufficiency@v4", "schema": "SufficiencyAssessment", "model": "cyankiwi/Qwen3.5-4B-AWQ-4bit", "max_tokens": 1024, "temperature": 0.1, "top_p": 0.8, "presence_penalty": 1.0, "seed": 42, "message_count": 1, "event": "model_call.start", "query_preview": "Quel type de serveur r\u00e9alise l'authentification dans le processus 802.1X ?", "correlation_id": "01KTX4B8MX18915ANVW5VZPGE9", "level": "info", "timestamp": "2026-06-12T05:20:11.209928Z"}
Authentication error: Langfuse client initialized without public_key. Client will be disabled. Provide a public_key parameter or set LANGFUSE_PUBLIC_KEY environment variable. 
{"prompt_tag": "assess_sufficiency@v4", "schema": "SufficiencyAssessment", "tokens": 1551, "event": "model_call.done", "query_preview": "Quel type de serveur r\u00e9alise l'authentification dans le processus 802.1X ?", "correlation_id": "01KTX4B8MX18915ANVW5VZPGE9", "level": "info", "timestamp": "2026-06-12T05:20:11.953308Z"}
{"node": "answer", "regenerate_attempt": 0, "event": "start", "query_preview": "Quel type de serveur r\u00e9alise l'authentification dans le processus 802.1X ?", "correlation_id": "01KTX4B8MX18915ANVW5VZPGE9", "level": "info", "timestamp": "2026-06-12T05:20:11.954448Z"}
{"prompt_tag": "answer@v5", "schema": "DraftAnswer", "model": "cyankiwi/Qwen3.5-4B-AWQ-4bit", "max_tokens": 1800, "temperature": 0.1, "top_p": 0.8, "presence_penalty": 1.0, "seed": 42, "message_count": 2, "event": "model_call.start", "query_preview": "Quel type de serveur r\u00e9alise l'authentification dans le processus 802.1X ?", "correlation_id": "01KTX4B8MX18915ANVW5VZPGE9", "level": "info", "timestamp": "2026-06-12T05:20:11.956447Z"}
Authentication error: Langfuse client initialized without public_key. Client will be disabled. Provide a public_key parameter or set LANGFUSE_PUBLIC_KEY environment variable. 
{"prompt_tag": "answer@v5", "schema": "DraftAnswer", "tokens": 3301, "event": "model_call.done", "query_preview": "Quel type de serveur r\u00e9alise l'authentification dans le processus 802.1X ?", "correlation_id": "01KTX4B8MX18915ANVW5VZPGE9", "level": "info", "timestamp": "2026-06-12T05:20:14.360682Z"}
{"node": "answer", "original": "Le serveur d'authentification (comme un serveur RADIUS) r\u00e9alise le processus d'authentification dans le protocole 802.1X", "event": "answer.summary_scope_rebuilt", "query_preview": "Quel type de serveur r\u00e9alise l'authentification dans le processus 802.1X ?", "correlation_id": "01KTX4B8MX18915ANVW5VZPGE9", "level": "info", "timestamp": "2026-06-12T05:20:14.360772Z"}
{"node": "answer", "exact": 0, "suffix": 0, "fuzzy": 2, "unresolved": 0, "event": "chunk_id_repair", "query_preview": "Quel type de serveur r\u00e9alise l'authentification dans le processus 802.1X ?", "correlation_id": "01KTX4B8MX18915ANVW5VZPGE9", "level": "info", "timestamp": "2026-06-12T05:20:14.360924Z"}
{"node": "verify", "claim_count": 2, "event": "start", "query_preview": "Quel type de serveur r\u00e9alise l'authentification dans le processus 802.1X ?", "correlation_id": "01KTX4B8MX18915ANVW5VZPGE9", "level": "info", "timestamp": "2026-06-12T05:20:14.361662Z"}
{"prompt_tag": "verify_grounding@v2", "schema": "VerificationResult", "model": "cyankiwi/Qwen3.5-4B-AWQ-4bit", "max_tokens": 1024, "temperature": 0.1, "top_p": 0.8, "presence_penalty": 1.0, "seed": 42, "message_count": 1, "event": "model_call.start", "query_preview": "Quel type de serveur r\u00e9alise l'authentification dans le processus 802.1X ?", "correlation_id": "01KTX4B8MX18915ANVW5VZPGE9", "level": "info", "timestamp": "2026-06-12T05:20:14.364695Z"}
Authentication error: Langfuse client initialized without public_key. Client will be disabled. Provide a public_key parameter or set LANGFUSE_PUBLIC_KEY environment variable. 
{"prompt_tag": "verify_grounding@v2", "schema": "VerificationResult", "tokens": 1553, "event": "model_call.done", "query_preview": "Quel type de serveur r\u00e9alise l'authentification dans le processus 802.1X ?", "correlation_id": "01KTX4B8MX18915ANVW5VZPGE9", "level": "info", "timestamp": "2026-06-12T05:20:14.807458Z"}
{"node": "assess_relevance", "event": "start", "query_preview": "Quel type de serveur r\u00e9alise l'authentification dans le processus 802.1X ?", "correlation_id": "01KTX4B8MX18915ANVW5VZPGE9", "level": "info", "timestamp": "2026-06-12T05:20:14.808592Z"}
{"node": "assess_relevance", "event": "relevance.scope_rebuilt_refuse", "query_preview": "Quel type de serveur r\u00e9alise l'authentification dans le processus 802.1X ?", "correlation_id": "01KTX4B8MX18915ANVW5VZPGE9", "level": "info", "timestamp": "2026-06-12T05:20:14.808627Z"}
{"node": "refuse", "event": "start", "query_preview": "Quel type de serveur r\u00e9alise l'authentification dans le processus 802.1X ?", "correlation_id": "01KTX4B8MX18915ANVW5VZPGE9", "level": "info", "timestamp": "2026-06-12T05:20:14.809359Z"}
Authentication error: Langfuse client initialized without public_key. Client will be disabled. Provide a public_key parameter or set LANGFUSE_PUBLIC_KEY environment variable. 
{"node": "retrieve", "query_len": 82, "event": "start", "query_preview": "Quel message provoque la d\u00e9connexion (logoff) du client dans le processus 802.1X", "correlation_id": "01KTX4C4ES4P8FJ0ZRNQBNF7V6", "level": "info", "timestamp": "2026-06-12T05:20:14.810754Z"}
{"query_len": 82, "k": 50, "event": "hybrid.start", "query_preview": "Quel message provoque la d\u00e9connexion (logoff) du client dans le processus 802.1X", "correlation_id": "01KTX4C4ES4P8FJ0ZRNQBNF7V6", "level": "info", "timestamp": "2026-06-12T05:20:14.810790Z"}
{"query_len": 82, "k": 50, "dense": 50, "bm25": 0, "fused": 50, "term": false, "event": "hybrid.done", "query_preview": "Quel message provoque la d\u00e9connexion (logoff) du client dans le processus 802.1X", "correlation_id": "01KTX4C4ES4P8FJ0ZRNQBNF7V6", "level": "info", "timestamp": "2026-06-12T05:20:14.888406Z"}
{"node": "retrieve", "candidate_count": 50, "event": "done", "query_preview": "Quel message provoque la d\u00e9connexion (logoff) du client dans le processus 802.1X", "correlation_id": "01KTX4C4ES4P8FJ0ZRNQBNF7V6", "level": "info", "timestamp": "2026-06-12T05:20:14.889447Z"}
{"node": "expand_graph", "reason": "disabled_or_empty", "event": "skip", "query_preview": "Quel message provoque la d\u00e9connexion (logoff) du client dans le processus 802.1X", "correlation_id": "01KTX4C4ES4P8FJ0ZRNQBNF7V6", "level": "info", "timestamp": "2026-06-12T05:20:14.890718Z"}
{"node": "rerank", "candidate_count": 50, "event": "start", "query_preview": "Quel message provoque la d\u00e9connexion (logoff) du client dans le processus 802.1X", "correlation_id": "01KTX4C4ES4P8FJ0ZRNQBNF7V6", "level": "info", "timestamp": "2026-06-12T05:20:14.891199Z"}
{"node": "rerank", "top_k": 5, "source": "mode", "event": "top_k_resolved", "query_preview": "Quel message provoque la d\u00e9connexion (logoff) du client dans le processus 802.1X", "correlation_id": "01KTX4C4ES4P8FJ0ZRNQBNF7V6", "level": "info", "timestamp": "2026-06-12T05:20:14.891247Z"}
{"candidates": 50, "top_k": 5, "backend": "cross_encoder", "event": "rerank.start", "query_preview": "Quel message provoque la d\u00e9connexion (logoff) du client dans le processus 802.1X", "correlation_id": "01KTX4C4ES4P8FJ0ZRNQBNF7V6", "level": "info", "timestamp": "2026-06-12T05:20:14.891283Z"}
{"candidates": 50, "top_k": 5, "backend": "cross_encoder", "returned": 5, "event": "rerank.done", "query_preview": "Quel message provoque la d\u00e9connexion (logoff) du client dans le processus 802.1X", "correlation_id": "01KTX4C4ES4P8FJ0ZRNQBNF7V6", "level": "info", "timestamp": "2026-06-12T05:20:47.737377Z"}
{"node": "rerank", "reranked_count": 5, "event": "done", "query_preview": "Quel message provoque la d\u00e9connexion (logoff) du client dans le processus 802.1X", "correlation_id": "01KTX4C4ES4P8FJ0ZRNQBNF7V6", "level": "info", "timestamp": "2026-06-12T05:20:47.737484Z"}
{"node": "query_tables", "reason": "empty_or_not_table_shaped", "event": "skip", "query_preview": "Quel message provoque la d\u00e9connexion (logoff) du client dans le processus 802.1X", "correlation_id": "01KTX4C4ES4P8FJ0ZRNQBNF7V6", "level": "info", "timestamp": "2026-06-12T05:20:47.739376Z"}
{"node": "assess", "reranked_count": 5, "event": "start", "query_preview": "Quel message provoque la d\u00e9connexion (logoff) du client dans le processus 802.1X", "correlation_id": "01KTX4C4ES4P8FJ0ZRNQBNF7V6", "level": "info", "timestamp": "2026-06-12T05:20:47.740106Z"}
{"prompt_tag": "assess_sufficiency@v4", "schema": "SufficiencyAssessment", "model": "cyankiwi/Qwen3.5-4B-AWQ-4bit", "max_tokens": 1024, "temperature": 0.1, "top_p": 0.8, "presence_penalty": 1.0, "seed": 42, "message_count": 1, "event": "model_call.start", "query_preview": "Quel message provoque la d\u00e9connexion (logoff) du client dans le processus 802.1X", "correlation_id": "01KTX4C4ES4P8FJ0ZRNQBNF7V6", "level": "info", "timestamp": "2026-06-12T05:20:47.742352Z"}
Authentication error: Langfuse client initialized without public_key. Client will be disabled. Provide a public_key parameter or set LANGFUSE_PUBLIC_KEY environment variable. 
{"prompt_tag": "assess_sufficiency@v4", "schema": "SufficiencyAssessment", "tokens": 2167, "event": "model_call.done", "query_preview": "Quel message provoque la d\u00e9connexion (logoff) du client dans le processus 802.1X", "correlation_id": "01KTX4C4ES4P8FJ0ZRNQBNF7V6", "level": "info", "timestamp": "2026-06-12T05:20:48.587835Z"}
{"node": "answer", "regenerate_attempt": 0, "event": "start", "query_preview": "Quel message provoque la d\u00e9connexion (logoff) du client dans le processus 802.1X", "correlation_id": "01KTX4C4ES4P8FJ0ZRNQBNF7V6", "level": "info", "timestamp": "2026-06-12T05:20:48.589038Z"}
{"prompt_tag": "answer@v5", "schema": "DraftAnswer", "model": "cyankiwi/Qwen3.5-4B-AWQ-4bit", "max_tokens": 1800, "temperature": 0.1, "top_p": 0.8, "presence_penalty": 1.0, "seed": 42, "message_count": 2, "event": "model_call.start", "query_preview": "Quel message provoque la d\u00e9connexion (logoff) du client dans le processus 802.1X", "correlation_id": "01KTX4C4ES4P8FJ0ZRNQBNF7V6", "level": "info", "timestamp": "2026-06-12T05:20:48.591116Z"}
Authentication error: Langfuse client initialized without public_key. Client will be disabled. Provide a public_key parameter or set LANGFUSE_PUBLIC_KEY environment variable. 
{"prompt_tag": "answer@v5", "schema": "DraftAnswer", "tokens": 3811, "event": "model_call.done", "query_preview": "Quel message provoque la d\u00e9connexion (logoff) du client dans le processus 802.1X", "correlation_id": "01KTX4C4ES4P8FJ0ZRNQBNF7V6", "level": "info", "timestamp": "2026-06-12T05:20:50.135296Z"}
{"node": "answer", "original": "Le message qui provoque la d\u00e9connexion (logoff) du client dans le processus 802.1X est le message EAPOL-Logoff envoy\u00e9 pa", "event": "answer.summary_scope_rebuilt", "query_preview": "Quel message provoque la d\u00e9connexion (logoff) du client dans le processus 802.1X", "correlation_id": "01KTX4C4ES4P8FJ0ZRNQBNF7V6", "level": "info", "timestamp": "2026-06-12T05:20:50.135381Z"}
{"node": "verify", "claim_count": 1, "event": "start", "query_preview": "Quel message provoque la d\u00e9connexion (logoff) du client dans le processus 802.1X", "correlation_id": "01KTX4C4ES4P8FJ0ZRNQBNF7V6", "level": "info", "timestamp": "2026-06-12T05:20:50.136188Z"}
{"prompt_tag": "verify_grounding@v2", "schema": "VerificationResult", "model": "cyankiwi/Qwen3.5-4B-AWQ-4bit", "max_tokens": 1024, "temperature": 0.1, "top_p": 0.8, "presence_penalty": 1.0, "seed": 42, "message_count": 1, "event": "model_call.start", "query_preview": "Quel message provoque la d\u00e9connexion (logoff) du client dans le processus 802.1X", "correlation_id": "01KTX4C4ES4P8FJ0ZRNQBNF7V6", "level": "info", "timestamp": "2026-06-12T05:20:50.139896Z"}
Authentication error: Langfuse client initialized without public_key. Client will be disabled. Provide a public_key parameter or set LANGFUSE_PUBLIC_KEY environment variable. 
{"prompt_tag": "verify_grounding@v2", "schema": "VerificationResult", "tokens": 2062, "event": "model_call.done", "query_preview": "Quel message provoque la d\u00e9connexion (logoff) du client dans le processus 802.1X", "correlation_id": "01KTX4C4ES4P8FJ0ZRNQBNF7V6", "level": "info", "timestamp": "2026-06-12T05:20:50.634266Z"}
{"node": "assess_relevance", "event": "start", "query_preview": "Quel message provoque la d\u00e9connexion (logoff) du client dans le processus 802.1X", "correlation_id": "01KTX4C4ES4P8FJ0ZRNQBNF7V6", "level": "info", "timestamp": "2026-06-12T05:20:50.635465Z"}
{"node": "assess_relevance", "event": "relevance.scope_rebuilt_refuse", "query_preview": "Quel message provoque la d\u00e9connexion (logoff) du client dans le processus 802.1X", "correlation_id": "01KTX4C4ES4P8FJ0ZRNQBNF7V6", "level": "info", "timestamp": "2026-06-12T05:20:50.635499Z"}
{"node": "refuse", "event": "start", "query_preview": "Quel message provoque la d\u00e9connexion (logoff) du client dans le processus 802.1X", "correlation_id": "01KTX4C4ES4P8FJ0ZRNQBNF7V6", "level": "info", "timestamp": "2026-06-12T05:20:50.636297Z"}
Authentication error: Langfuse client initialized without public_key. Client will be disabled. Provide a public_key parameter or set LANGFUSE_PUBLIC_KEY environment variable. 
{"node": "retrieve", "query_len": 79, "event": "start", "query_preview": "Quelle est la plage d'adresses VLAN configur\u00e9e dans le diagramme de coupe-feu ?", "correlation_id": "01KTX4D7ECF7DTAKZZ498SSPMM", "level": "info", "timestamp": "2026-06-12T05:20:50.637909Z"}
{"query_len": 79, "k": 50, "event": "hybrid.start", "query_preview": "Quelle est la plage d'adresses VLAN configur\u00e9e dans le diagramme de coupe-feu ?", "correlation_id": "01KTX4D7ECF7DTAKZZ498SSPMM", "level": "info", "timestamp": "2026-06-12T05:20:50.637951Z"}
{"query_len": 79, "k": 50, "dense": 50, "bm25": 0, "fused": 50, "term": false, "event": "hybrid.done", "query_preview": "Quelle est la plage d'adresses VLAN configur\u00e9e dans le diagramme de coupe-feu ?", "correlation_id": "01KTX4D7ECF7DTAKZZ498SSPMM", "level": "info", "timestamp": "2026-06-12T05:20:50.714183Z"}
{"node": "retrieve", "candidate_count": 50, "event": "done", "query_preview": "Quelle est la plage d'adresses VLAN configur\u00e9e dans le diagramme de coupe-feu ?", "correlation_id": "01KTX4D7ECF7DTAKZZ498SSPMM", "level": "info", "timestamp": "2026-06-12T05:20:50.715259Z"}
{"query_len": 79, "doc_ids": 1, "k": 50, "event": "hybrid_in_docs.start", "query_preview": "Quelle est la plage d'adresses VLAN configur\u00e9e dans le diagramme de coupe-feu ?", "correlation_id": "01KTX4D7ECF7DTAKZZ498SSPMM", "level": "info", "timestamp": "2026-06-12T05:20:50.722824Z"}
{"query_len": 79, "doc_ids": 1, "k": 50, "dense": 50, "bm25": 0, "fused": 50, "term": false, "event": "hybrid_in_docs.done", "query_preview": "Quelle est la plage d'adresses VLAN configur\u00e9e dans le diagramme de coupe-feu ?", "correlation_id": "01KTX4D7ECF7DTAKZZ498SSPMM", "level": "info", "timestamp": "2026-06-12T05:20:50.787805Z"}
{"node": "resolve_artifact_scope", "via": "dominant", "arttype": "diagramme", "doc_ids": ["499c900d-cr350-cours-6-coupe-feu-serveurs-mandataires-d-t"], "scoped_count": 50, "replaced_from": 50, "event": "scoped", "query_preview": "Quelle est la plage d'adresses VLAN configur\u00e9e dans le diagramme de coupe-feu ?", "correlation_id": "01KTX4D7ECF7DTAKZZ498SSPMM", "level": "info", "timestamp": "2026-06-12T05:20:50.788718Z"}
{"node": "expand_graph", "reason": "disabled_or_empty", "event": "skip", "query_preview": "Quelle est la plage d'adresses VLAN configur\u00e9e dans le diagramme de coupe-feu ?", "correlation_id": "01KTX4D7ECF7DTAKZZ498SSPMM", "level": "info", "timestamp": "2026-06-12T05:20:50.789677Z"}
{"node": "rerank", "candidate_count": 50, "event": "start", "query_preview": "Quelle est la plage d'adresses VLAN configur\u00e9e dans le diagramme de coupe-feu ?", "correlation_id": "01KTX4D7ECF7DTAKZZ498SSPMM", "level": "info", "timestamp": "2026-06-12T05:20:50.790356Z"}
{"node": "rerank", "top_k": 5, "source": "mode", "event": "top_k_resolved", "query_preview": "Quelle est la plage d'adresses VLAN configur\u00e9e dans le diagramme de coupe-feu ?", "correlation_id": "01KTX4D7ECF7DTAKZZ498SSPMM", "level": "info", "timestamp": "2026-06-12T05:20:50.790404Z"}
{"candidates": 50, "top_k": 5, "backend": "cross_encoder", "event": "rerank.start", "query_preview": "Quelle est la plage d'adresses VLAN configur\u00e9e dans le diagramme de coupe-feu ?", "correlation_id": "01KTX4D7ECF7DTAKZZ498SSPMM", "level": "info", "timestamp": "2026-06-12T05:20:50.790437Z"}
{"candidates": 50, "top_k": 5, "backend": "cross_encoder", "returned": 5, "event": "rerank.done", "query_preview": "Quelle est la plage d'adresses VLAN configur\u00e9e dans le diagramme de coupe-feu ?", "correlation_id": "01KTX4D7ECF7DTAKZZ498SSPMM", "level": "info", "timestamp": "2026-06-12T05:21:16.574148Z"}
{"node": "rerank", "reranked_count": 5, "event": "done", "query_preview": "Quelle est la plage d'adresses VLAN configur\u00e9e dans le diagramme de coupe-feu ?", "correlation_id": "01KTX4D7ECF7DTAKZZ498SSPMM", "level": "info", "timestamp": "2026-06-12T05:21:16.574255Z"}
{"node": "query_tables", "reason": "empty_or_not_table_shaped", "event": "skip", "query_preview": "Quelle est la plage d'adresses VLAN configur\u00e9e dans le diagramme de coupe-feu ?", "correlation_id": "01KTX4D7ECF7DTAKZZ498SSPMM", "level": "info", "timestamp": "2026-06-12T05:21:16.576115Z"}
{"node": "assess", "reranked_count": 5, "event": "start", "query_preview": "Quelle est la plage d'adresses VLAN configur\u00e9e dans le diagramme de coupe-feu ?", "correlation_id": "01KTX4D7ECF7DTAKZZ498SSPMM", "level": "info", "timestamp": "2026-06-12T05:21:16.577136Z"}
{"prompt_tag": "assess_sufficiency@v4", "schema": "SufficiencyAssessment", "model": "cyankiwi/Qwen3.5-4B-AWQ-4bit", "max_tokens": 1024, "temperature": 0.1, "top_p": 0.8, "presence_penalty": 1.0, "seed": 42, "message_count": 1, "event": "model_call.start", "query_preview": "Quelle est la plage d'adresses VLAN configur\u00e9e dans le diagramme de coupe-feu ?", "correlation_id": "01KTX4D7ECF7DTAKZZ498SSPMM", "level": "info", "timestamp": "2026-06-12T05:21:16.579671Z"}
Authentication error: Langfuse client initialized without public_key. Client will be disabled. Provide a public_key parameter or set LANGFUSE_PUBLIC_KEY environment variable. 
{"prompt_tag": "assess_sufficiency@v4", "schema": "SufficiencyAssessment", "tokens": 2039, "event": "model_call.done", "query_preview": "Quelle est la plage d'adresses VLAN configur\u00e9e dans le diagramme de coupe-feu ?", "correlation_id": "01KTX4D7ECF7DTAKZZ498SSPMM", "level": "info", "timestamp": "2026-06-12T05:21:17.296546Z"}
{"node": "refuse", "event": "start", "query_preview": "Quelle est la plage d'adresses VLAN configur\u00e9e dans le diagramme de coupe-feu ?", "correlation_id": "01KTX4D7ECF7DTAKZZ498SSPMM", "level": "info", "timestamp": "2026-06-12T05:21:17.298665Z"}
Authentication error: Langfuse client initialized without public_key. Client will be disabled. Provide a public_key parameter or set LANGFUSE_PUBLIC_KEY environment variable. 
{"node": "retrieve", "query_len": 83, "event": "start", "query_preview": "Combien d'utilisateurs sont connect\u00e9s au serveur RADIUS selon le diagramme 802.1", "correlation_id": "01KTX4E1FKJK92PH9E5CJE33MK", "level": "info", "timestamp": "2026-06-12T05:21:17.300874Z"}
{"query_len": 83, "k": 50, "event": "hybrid.start", "query_preview": "Combien d'utilisateurs sont connect\u00e9s au serveur RADIUS selon le diagramme 802.1", "correlation_id": "01KTX4E1FKJK92PH9E5CJE33MK", "level": "info", "timestamp": "2026-06-12T05:21:17.300927Z"}
{"query_len": 83, "k": 50, "dense": 50, "bm25": 0, "fused": 50, "term": false, "event": "hybrid.done", "query_preview": "Combien d'utilisateurs sont connect\u00e9s au serveur RADIUS selon le diagramme 802.1", "correlation_id": "01KTX4E1FKJK92PH9E5CJE33MK", "level": "info", "timestamp": "2026-06-12T05:21:17.414229Z"}
{"node": "retrieve", "candidate_count": 50, "event": "done", "query_preview": "Combien d'utilisateurs sont connect\u00e9s au serveur RADIUS selon le diagramme 802.1", "correlation_id": "01KTX4E1FKJK92PH9E5CJE33MK", "level": "info", "timestamp": "2026-06-12T05:21:17.415319Z"}
{"node": "resolve_artifact_scope", "via": "none-no-qualifier", "arttype": "diagramme", "event": "no_scope", "query_preview": "Combien d'utilisateurs sont connect\u00e9s au serveur RADIUS selon le diagramme 802.1", "correlation_id": "01KTX4E1FKJK92PH9E5CJE33MK", "level": "info", "timestamp": "2026-06-12T05:21:17.416887Z"}
{"node": "expand_graph", "reason": "disabled_or_empty", "event": "skip", "query_preview": "Combien d'utilisateurs sont connect\u00e9s au serveur RADIUS selon le diagramme 802.1", "correlation_id": "01KTX4E1FKJK92PH9E5CJE33MK", "level": "info", "timestamp": "2026-06-12T05:21:17.417640Z"}
{"node": "rerank", "candidate_count": 50, "event": "start", "query_preview": "Combien d'utilisateurs sont connect\u00e9s au serveur RADIUS selon le diagramme 802.1", "correlation_id": "01KTX4E1FKJK92PH9E5CJE33MK", "level": "info", "timestamp": "2026-06-12T05:21:17.418154Z"}
{"node": "rerank", "top_k": 5, "source": "mode", "event": "top_k_resolved", "query_preview": "Combien d'utilisateurs sont connect\u00e9s au serveur RADIUS selon le diagramme 802.1", "correlation_id": "01KTX4E1FKJK92PH9E5CJE33MK", "level": "info", "timestamp": "2026-06-12T05:21:17.418206Z"}
{"candidates": 50, "top_k": 5, "backend": "cross_encoder", "event": "rerank.start", "query_preview": "Combien d'utilisateurs sont connect\u00e9s au serveur RADIUS selon le diagramme 802.1", "correlation_id": "01KTX4E1FKJK92PH9E5CJE33MK", "level": "info", "timestamp": "2026-06-12T05:21:17.418239Z"}
{"candidates": 50, "top_k": 5, "backend": "cross_encoder", "returned": 5, "event": "rerank.done", "query_preview": "Combien d'utilisateurs sont connect\u00e9s au serveur RADIUS selon le diagramme 802.1", "correlation_id": "01KTX4E1FKJK92PH9E5CJE33MK", "level": "info", "timestamp": "2026-06-12T05:22:01.004185Z"}
{"node": "rerank", "reranked_count": 5, "event": "done", "query_preview": "Combien d'utilisateurs sont connect\u00e9s au serveur RADIUS selon le diagramme 802.1", "correlation_id": "01KTX4E1FKJK92PH9E5CJE33MK", "level": "info", "timestamp": "2026-06-12T05:22:01.004295Z"}
{"node": "query_tables", "reason": "empty_or_not_table_shaped", "event": "skip", "query_preview": "Combien d'utilisateurs sont connect\u00e9s au serveur RADIUS selon le diagramme 802.1", "correlation_id": "01KTX4E1FKJK92PH9E5CJE33MK", "level": "info", "timestamp": "2026-06-12T05:22:01.006565Z"}
{"node": "assess", "reranked_count": 5, "event": "start", "query_preview": "Combien d'utilisateurs sont connect\u00e9s au serveur RADIUS selon le diagramme 802.1", "correlation_id": "01KTX4E1FKJK92PH9E5CJE33MK", "level": "info", "timestamp": "2026-06-12T05:22:01.007520Z"}
{"prompt_tag": "assess_sufficiency@v4", "schema": "SufficiencyAssessment", "model": "cyankiwi/Qwen3.5-4B-AWQ-4bit", "max_tokens": 1024, "temperature": 0.1, "top_p": 0.8, "presence_penalty": 1.0, "seed": 42, "message_count": 1, "event": "model_call.start", "query_preview": "Combien d'utilisateurs sont connect\u00e9s au serveur RADIUS selon le diagramme 802.1", "correlation_id": "01KTX4E1FKJK92PH9E5CJE33MK", "level": "info", "timestamp": "2026-06-12T05:22:01.009911Z"}
Authentication error: Langfuse client initialized without public_key. Client will be disabled. Provide a public_key parameter or set LANGFUSE_PUBLIC_KEY environment variable. 
{"prompt_tag": "assess_sufficiency@v4", "schema": "SufficiencyAssessment", "tokens": 1463, "event": "model_call.done", "query_preview": "Combien d'utilisateurs sont connect\u00e9s au serveur RADIUS selon le diagramme 802.1", "correlation_id": "01KTX4E1FKJK92PH9E5CJE33MK", "level": "info", "timestamp": "2026-06-12T05:22:01.867432Z"}
{"node": "answer", "regenerate_attempt": 0, "event": "start", "query_preview": "Combien d'utilisateurs sont connect\u00e9s au serveur RADIUS selon le diagramme 802.1", "correlation_id": "01KTX4E1FKJK92PH9E5CJE33MK", "level": "info", "timestamp": "2026-06-12T05:22:01.869016Z"}
{"prompt_tag": "answer@v5", "schema": "DraftAnswer", "model": "cyankiwi/Qwen3.5-4B-AWQ-4bit", "max_tokens": 1800, "temperature": 0.1, "top_p": 0.8, "presence_penalty": 1.0, "seed": 42, "message_count": 2, "event": "model_call.start", "query_preview": "Combien d'utilisateurs sont connect\u00e9s au serveur RADIUS selon le diagramme 802.1", "correlation_id": "01KTX4E1FKJK92PH9E5CJE33MK", "level": "info", "timestamp": "2026-06-12T05:22:01.871133Z"}
Authentication error: Langfuse client initialized without public_key. Client will be disabled. Provide a public_key parameter or set LANGFUSE_PUBLIC_KEY environment variable. 
{"prompt_tag": "answer@v5", "schema": "DraftAnswer", "tokens": 3025, "event": "model_call.done", "query_preview": "Combien d'utilisateurs sont connect\u00e9s au serveur RADIUS selon le diagramme 802.1", "correlation_id": "01KTX4E1FKJK92PH9E5CJE33MK", "level": "info", "timestamp": "2026-06-12T05:22:02.704049Z"}
{"node": "verify", "claim_count": 0, "event": "start", "query_preview": "Combien d'utilisateurs sont connect\u00e9s au serveur RADIUS selon le diagramme 802.1", "correlation_id": "01KTX4E1FKJK92PH9E5CJE33MK", "level": "info", "timestamp": "2026-06-12T05:22:02.704843Z"}
{"node": "verify", "event": "empty_draft_shortcircuit", "query_preview": "Combien d'utilisateurs sont connect\u00e9s au serveur RADIUS selon le diagramme 802.1", "correlation_id": "01KTX4E1FKJK92PH9E5CJE33MK", "level": "info", "timestamp": "2026-06-12T05:22:02.704875Z"}
{"node": "assess_relevance", "event": "start", "query_preview": "Combien d'utilisateurs sont connect\u00e9s au serveur RADIUS selon le diagramme 802.1", "correlation_id": "01KTX4E1FKJK92PH9E5CJE33MK", "level": "info", "timestamp": "2026-06-12T05:22:02.705893Z"}
{"prompt_tag": "assess_relevance@v3", "schema": "RelevanceAssessment", "model": "cyankiwi/Qwen3.5-4B-AWQ-4bit", "max_tokens": 1024, "temperature": 0.1, "top_p": 0.8, "presence_penalty": 1.0, "seed": 42, "message_count": 1, "event": "model_call.start", "query_preview": "Combien d'utilisateurs sont connect\u00e9s au serveur RADIUS selon le diagramme 802.1", "correlation_id": "01KTX4E1FKJK92PH9E5CJE33MK", "level": "info", "timestamp": "2026-06-12T05:22:02.707232Z"}
Authentication error: Langfuse client initialized without public_key. Client will be disabled. Provide a public_key parameter or set LANGFUSE_PUBLIC_KEY environment variable. 
{"prompt_tag": "assess_relevance@v3", "schema": "RelevanceAssessment", "tokens": 872, "event": "model_call.done", "query_preview": "Combien d'utilisateurs sont connect\u00e9s au serveur RADIUS selon le diagramme 802.1", "correlation_id": "01KTX4E1FKJK92PH9E5CJE33MK", "level": "info", "timestamp": "2026-06-12T05:22:03.293828Z"}
{"node": "assess_relevance", "responsive": false, "event": "relevance", "query_preview": "Combien d'utilisateurs sont connect\u00e9s au serveur RADIUS selon le diagramme 802.1", "correlation_id": "01KTX4E1FKJK92PH9E5CJE33MK", "level": "info", "timestamp": "2026-06-12T05:22:03.293896Z"}
{"node": "refuse", "event": "start", "query_preview": "Combien d'utilisateurs sont connect\u00e9s au serveur RADIUS selon le diagramme 802.1", "correlation_id": "01KTX4E1FKJK92PH9E5CJE33MK", "level": "info", "timestamp": "2026-06-12T05:22:03.295581Z"}
Authentication error: Langfuse client initialized without public_key. Client will be disabled. Provide a public_key parameter or set LANGFUSE_PUBLIC_KEY environment variable. 
{"node": "retrieve", "query_len": 75, "event": "start", "query_preview": "Quelle version du logiciel Snort est install\u00e9e d'apr\u00e8s la capture pfSense ?", "correlation_id": "01KTX4FED0FRCY05FD1Y06ZJZ0", "level": "info", "timestamp": "2026-06-12T05:22:03.297380Z"}
{"query_len": 75, "k": 50, "event": "hybrid.start", "query_preview": "Quelle version du logiciel Snort est install\u00e9e d'apr\u00e8s la capture pfSense ?", "correlation_id": "01KTX4FED0FRCY05FD1Y06ZJZ0", "level": "info", "timestamp": "2026-06-12T05:22:03.297422Z"}
{"query_len": 75, "k": 50, "dense": 50, "bm25": 50, "fused": 50, "term": true, "event": "hybrid.done", "query_preview": "Quelle version du logiciel Snort est install\u00e9e d'apr\u00e8s la capture pfSense ?", "correlation_id": "01KTX4FED0FRCY05FD1Y06ZJZ0", "level": "info", "timestamp": "2026-06-12T05:22:03.370634Z"}
{"node": "retrieve", "candidate_count": 50, "event": "done", "query_preview": "Quelle version du logiciel Snort est install\u00e9e d'apr\u00e8s la capture pfSense ?", "correlation_id": "01KTX4FED0FRCY05FD1Y06ZJZ0", "level": "info", "timestamp": "2026-06-12T05:22:03.371620Z"}
{"node": "expand_graph", "reason": "disabled_or_empty", "event": "skip", "query_preview": "Quelle version du logiciel Snort est install\u00e9e d'apr\u00e8s la capture pfSense ?", "correlation_id": "01KTX4FED0FRCY05FD1Y06ZJZ0", "level": "info", "timestamp": "2026-06-12T05:22:03.372873Z"}
{"node": "rerank", "candidate_count": 50, "event": "start", "query_preview": "Quelle version du logiciel Snort est install\u00e9e d'apr\u00e8s la capture pfSense ?", "correlation_id": "01KTX4FED0FRCY05FD1Y06ZJZ0", "level": "info", "timestamp": "2026-06-12T05:22:03.373337Z"}
{"node": "rerank", "top_k": 5, "source": "mode", "event": "top_k_resolved", "query_preview": "Quelle version du logiciel Snort est install\u00e9e d'apr\u00e8s la capture pfSense ?", "correlation_id": "01KTX4FED0FRCY05FD1Y06ZJZ0", "level": "info", "timestamp": "2026-06-12T05:22:03.373382Z"}
{"candidates": 50, "top_k": 5, "backend": "cross_encoder", "event": "rerank.start", "query_preview": "Quelle version du logiciel Snort est install\u00e9e d'apr\u00e8s la capture pfSense ?", "correlation_id": "01KTX4FED0FRCY05FD1Y06ZJZ0", "level": "info", "timestamp": "2026-06-12T05:22:03.373420Z"}
{"candidates": 50, "top_k": 5, "backend": "cross_encoder", "returned": 5, "event": "rerank.done", "query_preview": "Quelle version du logiciel Snort est install\u00e9e d'apr\u00e8s la capture pfSense ?", "correlation_id": "01KTX4FED0FRCY05FD1Y06ZJZ0", "level": "info", "timestamp": "2026-06-12T05:22:39.118007Z"}
{"node": "rerank", "reranked_count": 5, "event": "done", "query_preview": "Quelle version du logiciel Snort est install\u00e9e d'apr\u00e8s la capture pfSense ?", "correlation_id": "01KTX4FED0FRCY05FD1Y06ZJZ0", "level": "info", "timestamp": "2026-06-12T05:22:39.118625Z"}
{"node": "query_tables", "reason": "empty_or_not_table_shaped", "event": "skip", "query_preview": "Quelle version du logiciel Snort est install\u00e9e d'apr\u00e8s la capture pfSense ?", "correlation_id": "01KTX4FED0FRCY05FD1Y06ZJZ0", "level": "info", "timestamp": "2026-06-12T05:22:39.128316Z"}
{"node": "assess", "reranked_count": 5, "event": "start", "query_preview": "Quelle version du logiciel Snort est install\u00e9e d'apr\u00e8s la capture pfSense ?", "correlation_id": "01KTX4FED0FRCY05FD1Y06ZJZ0", "level": "info", "timestamp": "2026-06-12T05:22:39.129412Z"}
{"prompt_tag": "assess_sufficiency@v4", "schema": "SufficiencyAssessment", "model": "cyankiwi/Qwen3.5-4B-AWQ-4bit", "max_tokens": 1024, "temperature": 0.1, "top_p": 0.8, "presence_penalty": 1.0, "seed": 42, "message_count": 1, "event": "model_call.start", "query_preview": "Quelle version du logiciel Snort est install\u00e9e d'apr\u00e8s la capture pfSense ?", "correlation_id": "01KTX4FED0FRCY05FD1Y06ZJZ0", "level": "info", "timestamp": "2026-06-12T05:22:39.134285Z"}
Authentication error: Langfuse client initialized without public_key. Client will be disabled. Provide a public_key parameter or set LANGFUSE_PUBLIC_KEY environment variable. 
{"prompt_tag": "assess_sufficiency@v4", "schema": "SufficiencyAssessment", "tokens": 1859, "event": "model_call.done", "query_preview": "Quelle version du logiciel Snort est install\u00e9e d'apr\u00e8s la capture pfSense ?", "correlation_id": "01KTX4FED0FRCY05FD1Y06ZJZ0", "level": "info", "timestamp": "2026-06-12T05:22:39.955811Z"}
{"node": "refuse", "event": "start", "query_preview": "Quelle version du logiciel Snort est install\u00e9e d'apr\u00e8s la capture pfSense ?", "correlation_id": "01KTX4FED0FRCY05FD1Y06ZJZ0", "level": "info", "timestamp": "2026-06-12T05:22:39.957842Z"}
Authentication error: Langfuse client initialized without public_key. Client will be disabled. Provide a public_key parameter or set LANGFUSE_PUBLIC_KEY environment variable. 
{"node": "retrieve", "query_len": 66, "event": "start", "query_preview": "Quelle est l'adresse IP de la DMZ dans l'architecture three-tier ?", "correlation_id": "01KTX4GJ6QPFZCSBCVBV9BE65P", "level": "info", "timestamp": "2026-06-12T05:22:39.962040Z"}
{"query_len": 66, "k": 50, "event": "hybrid.start", "query_preview": "Quelle est l'adresse IP de la DMZ dans l'architecture three-tier ?", "correlation_id": "01KTX4GJ6QPFZCSBCVBV9BE65P", "level": "info", "timestamp": "2026-06-12T05:22:39.962139Z"}
{"query_len": 66, "k": 50, "dense": 50, "bm25": 0, "fused": 50, "term": false, "event": "hybrid.done", "query_preview": "Quelle est l'adresse IP de la DMZ dans l'architecture three-tier ?", "correlation_id": "01KTX4GJ6QPFZCSBCVBV9BE65P", "level": "info", "timestamp": "2026-06-12T05:22:40.056152Z"}
{"node": "retrieve", "candidate_count": 50, "event": "done", "query_preview": "Quelle est l'adresse IP de la DMZ dans l'architecture three-tier ?", "correlation_id": "01KTX4GJ6QPFZCSBCVBV9BE65P", "level": "info", "timestamp": "2026-06-12T05:22:40.057748Z"}
{"node": "expand_graph", "reason": "disabled_or_empty", "event": "skip", "query_preview": "Quelle est l'adresse IP de la DMZ dans l'architecture three-tier ?", "correlation_id": "01KTX4GJ6QPFZCSBCVBV9BE65P", "level": "info", "timestamp": "2026-06-12T05:22:40.059549Z"}
{"node": "rerank", "candidate_count": 50, "event": "start", "query_preview": "Quelle est l'adresse IP de la DMZ dans l'architecture three-tier ?", "correlation_id": "01KTX4GJ6QPFZCSBCVBV9BE65P", "level": "info", "timestamp": "2026-06-12T05:22:40.060302Z"}
{"node": "rerank", "top_k": 5, "source": "mode", "event": "top_k_resolved", "query_preview": "Quelle est l'adresse IP de la DMZ dans l'architecture three-tier ?", "correlation_id": "01KTX4GJ6QPFZCSBCVBV9BE65P", "level": "info", "timestamp": "2026-06-12T05:22:40.060486Z"}
{"candidates": 50, "top_k": 5, "backend": "cross_encoder", "event": "rerank.start", "query_preview": "Quelle est l'adresse IP de la DMZ dans l'architecture three-tier ?", "correlation_id": "01KTX4GJ6QPFZCSBCVBV9BE65P", "level": "info", "timestamp": "2026-06-12T05:22:40.060536Z"}
{"candidates": 50, "top_k": 5, "backend": "cross_encoder", "returned": 5, "event": "rerank.done", "query_preview": "Quelle est l'adresse IP de la DMZ dans l'architecture three-tier ?", "correlation_id": "01KTX4GJ6QPFZCSBCVBV9BE65P", "level": "info", "timestamp": "2026-06-12T05:23:06.737777Z"}
{"node": "rerank", "reranked_count": 5, "event": "done", "query_preview": "Quelle est l'adresse IP de la DMZ dans l'architecture three-tier ?", "correlation_id": "01KTX4GJ6QPFZCSBCVBV9BE65P", "level": "info", "timestamp": "2026-06-12T05:23:06.737879Z"}
{"node": "query_tables", "reason": "empty_or_not_table_shaped", "event": "skip", "query_preview": "Quelle est l'adresse IP de la DMZ dans l'architecture three-tier ?", "correlation_id": "01KTX4GJ6QPFZCSBCVBV9BE65P", "level": "info", "timestamp": "2026-06-12T05:23:06.740760Z"}
{"node": "assess", "reranked_count": 5, "event": "start", "query_preview": "Quelle est l'adresse IP de la DMZ dans l'architecture three-tier ?", "correlation_id": "01KTX4GJ6QPFZCSBCVBV9BE65P", "level": "info", "timestamp": "2026-06-12T05:23:06.741743Z"}
{"prompt_tag": "assess_sufficiency@v4", "schema": "SufficiencyAssessment", "model": "cyankiwi/Qwen3.5-4B-AWQ-4bit", "max_tokens": 1024, "temperature": 0.1, "top_p": 0.8, "presence_penalty": 1.0, "seed": 42, "message_count": 1, "event": "model_call.start", "query_preview": "Quelle est l'adresse IP de la DMZ dans l'architecture three-tier ?", "correlation_id": "01KTX4GJ6QPFZCSBCVBV9BE65P", "level": "info", "timestamp": "2026-06-12T05:23:06.744359Z"}
Authentication error: Langfuse client initialized without public_key. Client will be disabled. Provide a public_key parameter or set LANGFUSE_PUBLIC_KEY environment variable. 
{"prompt_tag": "assess_sufficiency@v4", "schema": "SufficiencyAssessment", "tokens": 956, "event": "model_call.done", "query_preview": "Quelle est l'adresse IP de la DMZ dans l'architecture three-tier ?", "correlation_id": "01KTX4GJ6QPFZCSBCVBV9BE65P", "level": "info", "timestamp": "2026-06-12T05:23:07.286411Z"}
{"node": "refuse", "event": "start", "query_preview": "Quelle est l'adresse IP de la DMZ dans l'architecture three-tier ?", "correlation_id": "01KTX4GJ6QPFZCSBCVBV9BE65P", "level": "info", "timestamp": "2026-06-12T05:23:07.288104Z"}
Authentication error: Langfuse client initialized without public_key. Client will be disabled. Provide a public_key parameter or set LANGFUSE_PUBLIC_KEY environment variable. 
{"node": "retrieve", "query_len": 90, "event": "start", "query_preview": "Quel algorithme de chiffrement le coupe-feu utilise-t-il dans l'architecture sin", "correlation_id": "01KTX4HCWRKGYAE91PY9VA99VH", "level": "info", "timestamp": "2026-06-12T05:23:07.290173Z"}
{"query_len": 90, "k": 50, "event": "hybrid.start", "query_preview": "Quel algorithme de chiffrement le coupe-feu utilise-t-il dans l'architecture sin", "correlation_id": "01KTX4HCWRKGYAE91PY9VA99VH", "level": "info", "timestamp": "2026-06-12T05:23:07.290228Z"}
{"query_len": 90, "k": 50, "dense": 50, "bm25": 0, "fused": 50, "term": false, "event": "hybrid.done", "query_preview": "Quel algorithme de chiffrement le coupe-feu utilise-t-il dans l'architecture sin", "correlation_id": "01KTX4HCWRKGYAE91PY9VA99VH", "level": "info", "timestamp": "2026-06-12T05:23:07.366266Z"}
{"node": "retrieve", "candidate_count": 50, "event": "done", "query_preview": "Quel algorithme de chiffrement le coupe-feu utilise-t-il dans l'architecture sin", "correlation_id": "01KTX4HCWRKGYAE91PY9VA99VH", "level": "info", "timestamp": "2026-06-12T05:23:07.367261Z"}
{"node": "expand_graph", "reason": "disabled_or_empty", "event": "skip", "query_preview": "Quel algorithme de chiffrement le coupe-feu utilise-t-il dans l'architecture sin", "correlation_id": "01KTX4HCWRKGYAE91PY9VA99VH", "level": "info", "timestamp": "2026-06-12T05:23:07.368867Z"}
{"node": "rerank", "candidate_count": 50, "event": "start", "query_preview": "Quel algorithme de chiffrement le coupe-feu utilise-t-il dans l'architecture sin", "correlation_id": "01KTX4HCWRKGYAE91PY9VA99VH", "level": "info", "timestamp": "2026-06-12T05:23:07.369490Z"}
{"node": "rerank", "top_k": 5, "source": "mode", "event": "top_k_resolved", "query_preview": "Quel algorithme de chiffrement le coupe-feu utilise-t-il dans l'architecture sin", "correlation_id": "01KTX4HCWRKGYAE91PY9VA99VH", "level": "info", "timestamp": "2026-06-12T05:23:07.369552Z"}
{"candidates": 50, "top_k": 5, "backend": "cross_encoder", "event": "rerank.start", "query_preview": "Quel algorithme de chiffrement le coupe-feu utilise-t-il dans l'architecture sin", "correlation_id": "01KTX4HCWRKGYAE91PY9VA99VH", "level": "info", "timestamp": "2026-06-12T05:23:07.369599Z"}
{"candidates": 50, "top_k": 5, "backend": "cross_encoder", "returned": 5, "event": "rerank.done", "query_preview": "Quel algorithme de chiffrement le coupe-feu utilise-t-il dans l'architecture sin", "correlation_id": "01KTX4HCWRKGYAE91PY9VA99VH", "level": "info", "timestamp": "2026-06-12T05:23:39.264557Z"}
{"node": "rerank", "reranked_count": 5, "event": "done", "query_preview": "Quel algorithme de chiffrement le coupe-feu utilise-t-il dans l'architecture sin", "correlation_id": "01KTX4HCWRKGYAE91PY9VA99VH", "level": "info", "timestamp": "2026-06-12T05:23:39.264671Z"}
{"node": "query_tables", "reason": "empty_or_not_table_shaped", "event": "skip", "query_preview": "Quel algorithme de chiffrement le coupe-feu utilise-t-il dans l'architecture sin", "correlation_id": "01KTX4HCWRKGYAE91PY9VA99VH", "level": "info", "timestamp": "2026-06-12T05:23:39.266712Z"}
{"node": "assess", "reranked_count": 5, "event": "start", "query_preview": "Quel algorithme de chiffrement le coupe-feu utilise-t-il dans l'architecture sin", "correlation_id": "01KTX4HCWRKGYAE91PY9VA99VH", "level": "info", "timestamp": "2026-06-12T05:23:39.267509Z"}
{"prompt_tag": "assess_sufficiency@v4", "schema": "SufficiencyAssessment", "model": "cyankiwi/Qwen3.5-4B-AWQ-4bit", "max_tokens": 1024, "temperature": 0.1, "top_p": 0.8, "presence_penalty": 1.0, "seed": 42, "message_count": 1, "event": "model_call.start", "query_preview": "Quel algorithme de chiffrement le coupe-feu utilise-t-il dans l'architecture sin", "correlation_id": "01KTX4HCWRKGYAE91PY9VA99VH", "level": "info", "timestamp": "2026-06-12T05:23:39.269659Z"}
Authentication error: Langfuse client initialized without public_key. Client will be disabled. Provide a public_key parameter or set LANGFUSE_PUBLIC_KEY environment variable. 
{"prompt_tag": "assess_sufficiency@v4", "schema": "SufficiencyAssessment", "tokens": 1513, "event": "model_call.done", "query_preview": "Quel algorithme de chiffrement le coupe-feu utilise-t-il dans l'architecture sin", "correlation_id": "01KTX4HCWRKGYAE91PY9VA99VH", "level": "info", "timestamp": "2026-06-12T05:23:39.853201Z"}
{"node": "answer", "regenerate_attempt": 0, "event": "start", "query_preview": "Quel algorithme de chiffrement le coupe-feu utilise-t-il dans l'architecture sin", "correlation_id": "01KTX4HCWRKGYAE91PY9VA99VH", "level": "info", "timestamp": "2026-06-12T05:23:39.854971Z"}
{"prompt_tag": "answer@v5", "schema": "DraftAnswer", "model": "cyankiwi/Qwen3.5-4B-AWQ-4bit", "max_tokens": 1800, "temperature": 0.1, "top_p": 0.8, "presence_penalty": 1.0, "seed": 42, "message_count": 2, "event": "model_call.start", "query_preview": "Quel algorithme de chiffrement le coupe-feu utilise-t-il dans l'architecture sin", "correlation_id": "01KTX4HCWRKGYAE91PY9VA99VH", "level": "info", "timestamp": "2026-06-12T05:23:39.857604Z"}
Authentication error: Langfuse client initialized without public_key. Client will be disabled. Provide a public_key parameter or set LANGFUSE_PUBLIC_KEY environment variable. 
{"prompt_tag": "answer@v5", "schema": "DraftAnswer", "tokens": 3112, "event": "model_call.done", "query_preview": "Quel algorithme de chiffrement le coupe-feu utilise-t-il dans l'architecture sin", "correlation_id": "01KTX4HCWRKGYAE91PY9VA99VH", "level": "info", "timestamp": "2026-06-12T05:23:40.740106Z"}
{"node": "verify", "claim_count": 0, "event": "start", "query_preview": "Quel algorithme de chiffrement le coupe-feu utilise-t-il dans l'architecture sin", "correlation_id": "01KTX4HCWRKGYAE91PY9VA99VH", "level": "info", "timestamp": "2026-06-12T05:23:40.741259Z"}
{"node": "verify", "event": "empty_draft_shortcircuit", "query_preview": "Quel algorithme de chiffrement le coupe-feu utilise-t-il dans l'architecture sin", "correlation_id": "01KTX4HCWRKGYAE91PY9VA99VH", "level": "info", "timestamp": "2026-06-12T05:23:40.741300Z"}
{"node": "assess_relevance", "event": "start", "query_preview": "Quel algorithme de chiffrement le coupe-feu utilise-t-il dans l'architecture sin", "correlation_id": "01KTX4HCWRKGYAE91PY9VA99VH", "level": "info", "timestamp": "2026-06-12T05:23:40.742582Z"}
{"prompt_tag": "assess_relevance@v3", "schema": "RelevanceAssessment", "model": "cyankiwi/Qwen3.5-4B-AWQ-4bit", "max_tokens": 1024, "temperature": 0.1, "top_p": 0.8, "presence_penalty": 1.0, "seed": 42, "message_count": 1, "event": "model_call.start", "query_preview": "Quel algorithme de chiffrement le coupe-feu utilise-t-il dans l'architecture sin", "correlation_id": "01KTX4HCWRKGYAE91PY9VA99VH", "level": "info", "timestamp": "2026-06-12T05:23:40.743844Z"}
Authentication error: Langfuse client initialized without public_key. Client will be disabled. Provide a public_key parameter or set LANGFUSE_PUBLIC_KEY environment variable. 
{"prompt_tag": "assess_relevance@v3", "schema": "RelevanceAssessment", "tokens": 868, "event": "model_call.done", "query_preview": "Quel algorithme de chiffrement le coupe-feu utilise-t-il dans l'architecture sin", "correlation_id": "01KTX4HCWRKGYAE91PY9VA99VH", "level": "info", "timestamp": "2026-06-12T05:23:41.209114Z"}
{"node": "assess_relevance", "responsive": false, "event": "relevance", "query_preview": "Quel algorithme de chiffrement le coupe-feu utilise-t-il dans l'architecture sin", "correlation_id": "01KTX4HCWRKGYAE91PY9VA99VH", "level": "info", "timestamp": "2026-06-12T05:23:41.209184Z"}
{"node": "refuse", "event": "start", "query_preview": "Quel algorithme de chiffrement le coupe-feu utilise-t-il dans l'architecture sin", "correlation_id": "01KTX4HCWRKGYAE91PY9VA99VH", "level": "info", "timestamp": "2026-06-12T05:23:41.210666Z"}
Authentication error: Langfuse client initialized without public_key. Client will be disabled. Provide a public_key parameter or set LANGFUSE_PUBLIC_KEY environment variable. 
{"node": "retrieve", "query_len": 69, "event": "start", "query_preview": "Quelle valeur de bande passante le paquet bandwidthd a-t-il mesur\u00e9e ?", "correlation_id": "01KTX4JE0VMGNYS1AA8KGKXVAE", "level": "info", "timestamp": "2026-06-12T05:23:41.212408Z"}
{"query_len": 69, "k": 50, "event": "hybrid.start", "query_preview": "Quelle valeur de bande passante le paquet bandwidthd a-t-il mesur\u00e9e ?", "correlation_id": "01KTX4JE0VMGNYS1AA8KGKXVAE", "level": "info", "timestamp": "2026-06-12T05:23:41.212446Z"}
{"query_len": 69, "k": 50, "dense": 50, "bm25": 0, "fused": 50, "term": false, "event": "hybrid.done", "query_preview": "Quelle valeur de bande passante le paquet bandwidthd a-t-il mesur\u00e9e ?", "correlation_id": "01KTX4JE0VMGNYS1AA8KGKXVAE", "level": "info", "timestamp": "2026-06-12T05:23:41.283722Z"}
{"node": "retrieve", "candidate_count": 50, "event": "done", "query_preview": "Quelle valeur de bande passante le paquet bandwidthd a-t-il mesur\u00e9e ?", "correlation_id": "01KTX4JE0VMGNYS1AA8KGKXVAE", "level": "info", "timestamp": "2026-06-12T05:23:41.284649Z"}
{"node": "expand_graph", "reason": "disabled_or_empty", "event": "skip", "query_preview": "Quelle valeur de bande passante le paquet bandwidthd a-t-il mesur\u00e9e ?", "correlation_id": "01KTX4JE0VMGNYS1AA8KGKXVAE", "level": "info", "timestamp": "2026-06-12T05:23:41.285890Z"}
{"node": "rerank", "candidate_count": 50, "event": "start", "query_preview": "Quelle valeur de bande passante le paquet bandwidthd a-t-il mesur\u00e9e ?", "correlation_id": "01KTX4JE0VMGNYS1AA8KGKXVAE", "level": "info", "timestamp": "2026-06-12T05:23:41.286375Z"}
{"node": "rerank", "top_k": 5, "source": "mode", "event": "top_k_resolved", "query_preview": "Quelle valeur de bande passante le paquet bandwidthd a-t-il mesur\u00e9e ?", "correlation_id": "01KTX4JE0VMGNYS1AA8KGKXVAE", "level": "info", "timestamp": "2026-06-12T05:23:41.286422Z"}
{"candidates": 50, "top_k": 5, "backend": "cross_encoder", "event": "rerank.start", "query_preview": "Quelle valeur de bande passante le paquet bandwidthd a-t-il mesur\u00e9e ?", "correlation_id": "01KTX4JE0VMGNYS1AA8KGKXVAE", "level": "info", "timestamp": "2026-06-12T05:23:41.286451Z"}
{"candidates": 50, "top_k": 5, "backend": "cross_encoder", "returned": 5, "event": "rerank.done", "query_preview": "Quelle valeur de bande passante le paquet bandwidthd a-t-il mesur\u00e9e ?", "correlation_id": "01KTX4JE0VMGNYS1AA8KGKXVAE", "level": "info", "timestamp": "2026-06-12T05:24:10.468299Z"}
{"node": "rerank", "reranked_count": 5, "event": "done", "query_preview": "Quelle valeur de bande passante le paquet bandwidthd a-t-il mesur\u00e9e ?", "correlation_id": "01KTX4JE0VMGNYS1AA8KGKXVAE", "level": "info", "timestamp": "2026-06-12T05:24:10.468392Z"}
{"node": "query_tables", "reason": "empty_or_not_table_shaped", "event": "skip", "query_preview": "Quelle valeur de bande passante le paquet bandwidthd a-t-il mesur\u00e9e ?", "correlation_id": "01KTX4JE0VMGNYS1AA8KGKXVAE", "level": "info", "timestamp": "2026-06-12T05:24:10.471256Z"}
{"node": "assess", "reranked_count": 5, "event": "start", "query_preview": "Quelle valeur de bande passante le paquet bandwidthd a-t-il mesur\u00e9e ?", "correlation_id": "01KTX4JE0VMGNYS1AA8KGKXVAE", "level": "info", "timestamp": "2026-06-12T05:24:10.472202Z"}
{"prompt_tag": "assess_sufficiency@v4", "schema": "SufficiencyAssessment", "model": "cyankiwi/Qwen3.5-4B-AWQ-4bit", "max_tokens": 1024, "temperature": 0.1, "top_p": 0.8, "presence_penalty": 1.0, "seed": 42, "message_count": 1, "event": "model_call.start", "query_preview": "Quelle valeur de bande passante le paquet bandwidthd a-t-il mesur\u00e9e ?", "correlation_id": "01KTX4JE0VMGNYS1AA8KGKXVAE", "level": "info", "timestamp": "2026-06-12T05:24:10.474231Z"}
Authentication error: Langfuse client initialized without public_key. Client will be disabled. Provide a public_key parameter or set LANGFUSE_PUBLIC_KEY environment variable. 
{"prompt_tag": "assess_sufficiency@v4", "schema": "SufficiencyAssessment", "tokens": 1402, "event": "model_call.done", "query_preview": "Quelle valeur de bande passante le paquet bandwidthd a-t-il mesur\u00e9e ?", "correlation_id": "01KTX4JE0VMGNYS1AA8KGKXVAE", "level": "info", "timestamp": "2026-06-12T05:24:11.145476Z"}
{"node": "refuse", "event": "start", "query_preview": "Quelle valeur de bande passante le paquet bandwidthd a-t-il mesur\u00e9e ?", "correlation_id": "01KTX4JE0VMGNYS1AA8KGKXVAE", "level": "info", "timestamp": "2026-06-12T05:24:11.146948Z"}
{"query_count": 17, "quick": false, "error_count": 0, "mean_citation_precision": 0.8235294117647058, "mean_citation_precision_answered_only": 0.0, "answer_text_checked": 0, "answer_text_correct_count": 0, "mean_answer_mention_recall": null, "event": "eval.done", "level": "info", "timestamp": "2026-06-12T05:24:11.148290Z"}
