{"vault_path": "/home/drei/.memex/vault", "event": "bootstrap", "level": "info", "timestamp": "2026-06-12T05:53:04.014162Z"}
{"estimated_gb": 11.8, "budget_gb": 9.8, "total_gb": 11.6, "gpu": "NVIDIA GeForce RTX 4070", "vlm_counted": false, "co_residence_mode": "manual", "embedder_device": "cpu", "reranker_device": "cpu", "fix": "lower hardware.gpu_memory_fraction, switch to a lighter co-residence mode (MEMEX_MODELS__CO_RESIDENCE_MODE=full puts the reranker on CPU), switch to a smaller VLM variant (vlm_quantization=awq_int4), or reduce the orchestrator quant tier", "event": "vram.budget.tight", "level": "warning", "timestamp": "2026-06-12T05:53:04.862097Z"}
{"component": "bootstrap.gpu", "total_gb": 11.56, "free_gb": 4.37, "holders": ["pid 382037: VLLM::EngineCore (6170 MiB)", "pid 997987: /home/drei/project/Doc_Flo/.venv/bin/python3 (154 MiB)"], "event": "gpu.preflight", "level": "info", "timestamp": "2026-06-12T05:53:04.965928Z"}
{"query_count": 18, "quick": false, "event": "eval.start", "level": "info", "timestamp": "2026-06-12T05:53:05.002398Z"}
Authentication error: Langfuse client initialized without public_key. Client will be disabled. Provide a public_key parameter or set LANGFUSE_PUBLIC_KEY environment variable. 
{"node": "retrieve", "query_len": 85, "event": "start", "correlation_id": "01KTX688FAVJYFHZMGAWWXDH18", "query_preview": "What percentage does backup withholding take from applicable payments under Form", "level": "info", "timestamp": "2026-06-12T05:53:05.027600Z"}
{"query_len": 85, "k": 50, "event": "hybrid.start", "correlation_id": "01KTX688FAVJYFHZMGAWWXDH18", "query_preview": "What percentage does backup withholding take from applicable payments under Form", "level": "info", "timestamp": "2026-06-12T05:53:05.027668Z"}
{"name": "embedder", "event": "model.load.start", "correlation_id": "01KTX688FAVJYFHZMGAWWXDH18", "query_preview": "What percentage does backup withholding take from applicable payments under Form", "level": "info", "timestamp": "2026-06-12T05:53:05.030985Z"}
`torch_dtype` is deprecated! Use `dtype` instead!
{"name": "embedder", "event": "model.load.done", "correlation_id": "01KTX688FAVJYFHZMGAWWXDH18", "query_preview": "What percentage does backup withholding take from applicable payments under Form", "level": "info", "timestamp": "2026-06-12T05:53:09.329588Z"}
{"query_len": 85, "k": 50, "dense": 50, "bm25": 0, "fused": 50, "term": false, "event": "hybrid.done", "correlation_id": "01KTX688FAVJYFHZMGAWWXDH18", "query_preview": "What percentage does backup withholding take from applicable payments under Form", "level": "info", "timestamp": "2026-06-12T05:53:09.427176Z"}
{"node": "retrieve", "candidate_count": 50, "event": "done", "correlation_id": "01KTX688FAVJYFHZMGAWWXDH18", "query_preview": "What percentage does backup withholding take from applicable payments under Form", "level": "info", "timestamp": "2026-06-12T05:53:09.428012Z"}
{"node": "expand_graph", "reason": "disabled_or_empty", "event": "skip", "correlation_id": "01KTX688FAVJYFHZMGAWWXDH18", "query_preview": "What percentage does backup withholding take from applicable payments under Form", "level": "info", "timestamp": "2026-06-12T05:53:09.429653Z"}
{"node": "rerank", "candidate_count": 50, "event": "start", "correlation_id": "01KTX688FAVJYFHZMGAWWXDH18", "query_preview": "What percentage does backup withholding take from applicable payments under Form", "level": "info", "timestamp": "2026-06-12T05:53:09.430178Z"}
{"node": "rerank", "top_k": 5, "source": "mode", "event": "top_k_resolved", "correlation_id": "01KTX688FAVJYFHZMGAWWXDH18", "query_preview": "What percentage does backup withholding take from applicable payments under Form", "level": "info", "timestamp": "2026-06-12T05:53:09.430230Z"}
{"candidates": 50, "top_k": 5, "backend": "cross_encoder", "event": "rerank.start", "correlation_id": "01KTX688FAVJYFHZMGAWWXDH18", "query_preview": "What percentage does backup withholding take from applicable payments under Form", "level": "info", "timestamp": "2026-06-12T05:53:09.430262Z"}
{"name": "reranker", "event": "model.load.start", "correlation_id": "01KTX688FAVJYFHZMGAWWXDH18", "query_preview": "What percentage does backup withholding take from applicable payments under Form", "level": "info", "timestamp": "2026-06-12T05:53:09.430295Z"}
{"name": "reranker", "event": "model.load.done", "correlation_id": "01KTX688FAVJYFHZMGAWWXDH18", "query_preview": "What percentage does backup withholding take from applicable payments under Form", "level": "info", "timestamp": "2026-06-12T05:53:10.926431Z"}
{"candidates": 50, "top_k": 5, "backend": "cross_encoder", "returned": 5, "event": "rerank.done", "correlation_id": "01KTX688FAVJYFHZMGAWWXDH18", "query_preview": "What percentage does backup withholding take from applicable payments under Form", "level": "info", "timestamp": "2026-06-12T05:54:03.188441Z"}
{"node": "rerank", "reranked_count": 5, "event": "done", "correlation_id": "01KTX688FAVJYFHZMGAWWXDH18", "query_preview": "What percentage does backup withholding take from applicable payments under Form", "level": "info", "timestamp": "2026-06-12T05:54:03.188558Z"}
{"node": "query_tables", "reason": "empty_or_not_table_shaped", "event": "skip", "correlation_id": "01KTX688FAVJYFHZMGAWWXDH18", "query_preview": "What percentage does backup withholding take from applicable payments under Form", "level": "info", "timestamp": "2026-06-12T05:54:03.225810Z"}
{"node": "assess", "reranked_count": 5, "event": "start", "correlation_id": "01KTX688FAVJYFHZMGAWWXDH18", "query_preview": "What percentage does backup withholding take from applicable payments under Form", "level": "info", "timestamp": "2026-06-12T05:54:03.226608Z"}
{"prompt_tag": "assess_sufficiency@v4", "schema": "SufficiencyAssessment", "model": "cyankiwi/Qwen3.5-4B-AWQ-4bit", "max_tokens": 1024, "temperature": 0.1, "top_p": 0.8, "presence_penalty": 1.0, "seed": 42, "message_count": 1, "event": "model_call.start", "correlation_id": "01KTX688FAVJYFHZMGAWWXDH18", "query_preview": "What percentage does backup withholding take from applicable payments under Form", "level": "info", "timestamp": "2026-06-12T05:54:03.233208Z"}
Authentication error: Langfuse client initialized without public_key. Client will be disabled. Provide a public_key parameter or set LANGFUSE_PUBLIC_KEY environment variable. 
{"prompt_tag": "assess_sufficiency@v4", "schema": "SufficiencyAssessment", "tokens": 2127, "event": "model_call.done", "correlation_id": "01KTX688FAVJYFHZMGAWWXDH18", "query_preview": "What percentage does backup withholding take from applicable payments under Form", "level": "info", "timestamp": "2026-06-12T05:54:03.904915Z"}
{"node": "answer", "regenerate_attempt": 0, "event": "start", "correlation_id": "01KTX688FAVJYFHZMGAWWXDH18", "query_preview": "What percentage does backup withholding take from applicable payments under Form", "level": "info", "timestamp": "2026-06-12T05:54:03.906238Z"}
{"prompt_tag": "answer@v5", "schema": "DraftAnswer", "model": "cyankiwi/Qwen3.5-4B-AWQ-4bit", "max_tokens": 1800, "temperature": 0.1, "top_p": 0.8, "presence_penalty": 1.0, "seed": 42, "message_count": 2, "event": "model_call.start", "correlation_id": "01KTX688FAVJYFHZMGAWWXDH18", "query_preview": "What percentage does backup withholding take from applicable payments under Form", "level": "info", "timestamp": "2026-06-12T05:54:03.911505Z"}
Authentication error: Langfuse client initialized without public_key. Client will be disabled. Provide a public_key parameter or set LANGFUSE_PUBLIC_KEY environment variable. 
{"prompt_tag": "answer@v5", "schema": "DraftAnswer", "tokens": 3767, "event": "model_call.done", "correlation_id": "01KTX688FAVJYFHZMGAWWXDH18", "query_preview": "What percentage does backup withholding take from applicable payments under Form", "level": "info", "timestamp": "2026-06-12T05:54:05.262179Z"}
{"node": "answer", "original": "Backup withholding takes 24% of applicable payments under Form W-9.", "event": "answer.summary_scope_rebuilt", "correlation_id": "01KTX688FAVJYFHZMGAWWXDH18", "query_preview": "What percentage does backup withholding take from applicable payments under Form", "level": "info", "timestamp": "2026-06-12T05:54:05.262263Z"}
{"node": "verify", "claim_count": 1, "event": "start", "correlation_id": "01KTX688FAVJYFHZMGAWWXDH18", "query_preview": "What percentage does backup withholding take from applicable payments under Form", "level": "info", "timestamp": "2026-06-12T05:54:05.263074Z"}
{"prompt_tag": "verify_grounding@v2", "schema": "VerificationResult", "model": "cyankiwi/Qwen3.5-4B-AWQ-4bit", "max_tokens": 1024, "temperature": 0.1, "top_p": 0.8, "presence_penalty": 1.0, "seed": 42, "message_count": 1, "event": "model_call.start", "correlation_id": "01KTX688FAVJYFHZMGAWWXDH18", "query_preview": "What percentage does backup withholding take from applicable payments under Form", "level": "info", "timestamp": "2026-06-12T05:54:05.269010Z"}
Authentication error: Langfuse client initialized without public_key. Client will be disabled. Provide a public_key parameter or set LANGFUSE_PUBLIC_KEY environment variable. 
{"prompt_tag": "verify_grounding@v2", "schema": "VerificationResult", "tokens": 2055, "event": "model_call.done", "correlation_id": "01KTX688FAVJYFHZMGAWWXDH18", "query_preview": "What percentage does backup withholding take from applicable payments under Form", "level": "info", "timestamp": "2026-06-12T05:54:05.762508Z"}
{"node": "assess_relevance", "event": "start", "correlation_id": "01KTX688FAVJYFHZMGAWWXDH18", "query_preview": "What percentage does backup withholding take from applicable payments under Form", "level": "info", "timestamp": "2026-06-12T05:54:05.763732Z"}
{"node": "assess_relevance", "event": "relevance.scope_rebuilt_refuse", "correlation_id": "01KTX688FAVJYFHZMGAWWXDH18", "query_preview": "What percentage does backup withholding take from applicable payments under Form", "level": "info", "timestamp": "2026-06-12T05:54:05.763767Z"}
{"node": "refuse", "event": "start", "correlation_id": "01KTX688FAVJYFHZMGAWWXDH18", "query_preview": "What percentage does backup withholding take from applicable payments under Form", "level": "info", "timestamp": "2026-06-12T05:54:05.764562Z"}
Authentication error: Langfuse client initialized without public_key. Client will be disabled. Provide a public_key parameter or set LANGFUSE_PUBLIC_KEY environment variable. 
{"node": "retrieve", "query_len": 75, "event": "start", "correlation_id": "01KTX6A3T5DBYNGS7SWB5MJ1AX", "query_preview": "What is the penalty for failing to furnish your correct TIN to a requester?", "level": "info", "timestamp": "2026-06-12T05:54:05.766101Z"}
{"query_len": 75, "k": 50, "event": "hybrid.start", "correlation_id": "01KTX6A3T5DBYNGS7SWB5MJ1AX", "query_preview": "What is the penalty for failing to furnish your correct TIN to a requester?", "level": "info", "timestamp": "2026-06-12T05:54:05.766139Z"}
{"query_len": 75, "k": 50, "dense": 50, "bm25": 0, "fused": 50, "term": false, "event": "hybrid.done", "correlation_id": "01KTX6A3T5DBYNGS7SWB5MJ1AX", "query_preview": "What is the penalty for failing to furnish your correct TIN to a requester?", "level": "info", "timestamp": "2026-06-12T05:54:05.852594Z"}
{"node": "retrieve", "candidate_count": 50, "event": "done", "correlation_id": "01KTX6A3T5DBYNGS7SWB5MJ1AX", "query_preview": "What is the penalty for failing to furnish your correct TIN to a requester?", "level": "info", "timestamp": "2026-06-12T05:54:05.853446Z"}
{"node": "expand_graph", "reason": "disabled_or_empty", "event": "skip", "correlation_id": "01KTX6A3T5DBYNGS7SWB5MJ1AX", "query_preview": "What is the penalty for failing to furnish your correct TIN to a requester?", "level": "info", "timestamp": "2026-06-12T05:54:05.854721Z"}
{"node": "rerank", "candidate_count": 50, "event": "start", "correlation_id": "01KTX6A3T5DBYNGS7SWB5MJ1AX", "query_preview": "What is the penalty for failing to furnish your correct TIN to a requester?", "level": "info", "timestamp": "2026-06-12T05:54:05.855319Z"}
{"node": "rerank", "top_k": 5, "source": "mode", "event": "top_k_resolved", "correlation_id": "01KTX6A3T5DBYNGS7SWB5MJ1AX", "query_preview": "What is the penalty for failing to furnish your correct TIN to a requester?", "level": "info", "timestamp": "2026-06-12T05:54:05.855372Z"}
{"candidates": 50, "top_k": 5, "backend": "cross_encoder", "event": "rerank.start", "correlation_id": "01KTX6A3T5DBYNGS7SWB5MJ1AX", "query_preview": "What is the penalty for failing to furnish your correct TIN to a requester?", "level": "info", "timestamp": "2026-06-12T05:54:05.855405Z"}
{"candidates": 50, "top_k": 5, "backend": "cross_encoder", "returned": 5, "event": "rerank.done", "correlation_id": "01KTX6A3T5DBYNGS7SWB5MJ1AX", "query_preview": "What is the penalty for failing to furnish your correct TIN to a requester?", "level": "info", "timestamp": "2026-06-12T05:54:49.500388Z"}
{"node": "rerank", "reranked_count": 5, "event": "done", "correlation_id": "01KTX6A3T5DBYNGS7SWB5MJ1AX", "query_preview": "What is the penalty for failing to furnish your correct TIN to a requester?", "level": "info", "timestamp": "2026-06-12T05:54:49.500498Z"}
{"node": "query_tables", "reason": "empty_or_not_table_shaped", "event": "skip", "correlation_id": "01KTX6A3T5DBYNGS7SWB5MJ1AX", "query_preview": "What is the penalty for failing to furnish your correct TIN to a requester?", "level": "info", "timestamp": "2026-06-12T05:54:49.502779Z"}
{"node": "assess", "reranked_count": 5, "event": "start", "correlation_id": "01KTX6A3T5DBYNGS7SWB5MJ1AX", "query_preview": "What is the penalty for failing to furnish your correct TIN to a requester?", "level": "info", "timestamp": "2026-06-12T05:54:49.503653Z"}
{"prompt_tag": "assess_sufficiency@v4", "schema": "SufficiencyAssessment", "model": "cyankiwi/Qwen3.5-4B-AWQ-4bit", "max_tokens": 1024, "temperature": 0.1, "top_p": 0.8, "presence_penalty": 1.0, "seed": 42, "message_count": 1, "event": "model_call.start", "correlation_id": "01KTX6A3T5DBYNGS7SWB5MJ1AX", "query_preview": "What is the penalty for failing to furnish your correct TIN to a requester?", "level": "info", "timestamp": "2026-06-12T05:54:49.505958Z"}
Authentication error: Langfuse client initialized without public_key. Client will be disabled. Provide a public_key parameter or set LANGFUSE_PUBLIC_KEY environment variable. 
{"prompt_tag": "assess_sufficiency@v4", "schema": "SufficiencyAssessment", "tokens": 2242, "event": "model_call.done", "correlation_id": "01KTX6A3T5DBYNGS7SWB5MJ1AX", "query_preview": "What is the penalty for failing to furnish your correct TIN to a requester?", "level": "info", "timestamp": "2026-06-12T05:54:50.433910Z"}
{"node": "answer", "regenerate_attempt": 0, "event": "start", "correlation_id": "01KTX6A3T5DBYNGS7SWB5MJ1AX", "query_preview": "What is the penalty for failing to furnish your correct TIN to a requester?", "level": "info", "timestamp": "2026-06-12T05:54:50.435351Z"}
{"prompt_tag": "answer@v5", "schema": "DraftAnswer", "model": "cyankiwi/Qwen3.5-4B-AWQ-4bit", "max_tokens": 1800, "temperature": 0.1, "top_p": 0.8, "presence_penalty": 1.0, "seed": 42, "message_count": 2, "event": "model_call.start", "correlation_id": "01KTX6A3T5DBYNGS7SWB5MJ1AX", "query_preview": "What is the penalty for failing to furnish your correct TIN to a requester?", "level": "info", "timestamp": "2026-06-12T05:54:50.437380Z"}
Authentication error: Langfuse client initialized without public_key. Client will be disabled. Provide a public_key parameter or set LANGFUSE_PUBLIC_KEY environment variable. 
{"prompt_tag": "answer@v5", "schema": "DraftAnswer", "tokens": 3985, "event": "model_call.done", "correlation_id": "01KTX6A3T5DBYNGS7SWB5MJ1AX", "query_preview": "What is the penalty for failing to furnish your correct TIN to a requester?", "level": "info", "timestamp": "2026-06-12T05:54:52.969716Z"}
{"node": "answer", "original": "The penalty for failing to furnish a correct TIN to a requester is $50 per failure, unless the failure is due to reasona", "event": "answer.summary_scope_rebuilt", "correlation_id": "01KTX6A3T5DBYNGS7SWB5MJ1AX", "query_preview": "What is the penalty for failing to furnish your correct TIN to a requester?", "level": "info", "timestamp": "2026-06-12T05:54:52.969816Z"}
{"node": "verify", "claim_count": 2, "event": "start", "correlation_id": "01KTX6A3T5DBYNGS7SWB5MJ1AX", "query_preview": "What is the penalty for failing to furnish your correct TIN to a requester?", "level": "info", "timestamp": "2026-06-12T05:54:52.970655Z"}
{"prompt_tag": "verify_grounding@v2", "schema": "VerificationResult", "model": "cyankiwi/Qwen3.5-4B-AWQ-4bit", "max_tokens": 1024, "temperature": 0.1, "top_p": 0.8, "presence_penalty": 1.0, "seed": 42, "message_count": 1, "event": "model_call.start", "correlation_id": "01KTX6A3T5DBYNGS7SWB5MJ1AX", "query_preview": "What is the penalty for failing to furnish your correct TIN to a requester?", "level": "info", "timestamp": "2026-06-12T05:54:52.973649Z"}
Authentication error: Langfuse client initialized without public_key. Client will be disabled. Provide a public_key parameter or set LANGFUSE_PUBLIC_KEY environment variable. 
{"prompt_tag": "verify_grounding@v2", "schema": "VerificationResult", "tokens": 2217, "event": "model_call.done", "correlation_id": "01KTX6A3T5DBYNGS7SWB5MJ1AX", "query_preview": "What is the penalty for failing to furnish your correct TIN to a requester?", "level": "info", "timestamp": "2026-06-12T05:54:53.525681Z"}
{"node": "assess_relevance", "event": "start", "correlation_id": "01KTX6A3T5DBYNGS7SWB5MJ1AX", "query_preview": "What is the penalty for failing to furnish your correct TIN to a requester?", "level": "info", "timestamp": "2026-06-12T05:54:53.527252Z"}
{"node": "assess_relevance", "event": "relevance.scope_rebuilt_refuse", "correlation_id": "01KTX6A3T5DBYNGS7SWB5MJ1AX", "query_preview": "What is the penalty for failing to furnish your correct TIN to a requester?", "level": "info", "timestamp": "2026-06-12T05:54:53.527289Z"}
{"node": "refuse", "event": "start", "correlation_id": "01KTX6A3T5DBYNGS7SWB5MJ1AX", "query_preview": "What is the penalty for failing to furnish your correct TIN to a requester?", "level": "info", "timestamp": "2026-06-12T05:54:53.528206Z"}
Authentication error: Langfuse client initialized without public_key. Client will be disabled. Provide a public_key parameter or set LANGFUSE_PUBLIC_KEY environment variable. 
{"node": "retrieve", "query_len": 93, "event": "start", "correlation_id": "01KTX6BJERW1GWPG8CM18EQ4ZF", "query_preview": "What is the civil penalty for making a false statement that results in no backup", "level": "info", "timestamp": "2026-06-12T05:54:53.529576Z"}
{"query_len": 93, "k": 50, "event": "hybrid.start", "correlation_id": "01KTX6BJERW1GWPG8CM18EQ4ZF", "query_preview": "What is the civil penalty for making a false statement that results in no backup", "level": "info", "timestamp": "2026-06-12T05:54:53.529610Z"}
{"query_len": 93, "k": 50, "dense": 50, "bm25": 0, "fused": 50, "term": false, "event": "hybrid.done", "correlation_id": "01KTX6BJERW1GWPG8CM18EQ4ZF", "query_preview": "What is the civil penalty for making a false statement that results in no backup", "level": "info", "timestamp": "2026-06-12T05:54:53.606529Z"}
{"node": "retrieve", "candidate_count": 50, "event": "done", "correlation_id": "01KTX6BJERW1GWPG8CM18EQ4ZF", "query_preview": "What is the civil penalty for making a false statement that results in no backup", "level": "info", "timestamp": "2026-06-12T05:54:53.607442Z"}
{"node": "expand_graph", "reason": "disabled_or_empty", "event": "skip", "correlation_id": "01KTX6BJERW1GWPG8CM18EQ4ZF", "query_preview": "What is the civil penalty for making a false statement that results in no backup", "level": "info", "timestamp": "2026-06-12T05:54:53.608760Z"}
{"node": "rerank", "candidate_count": 50, "event": "start", "correlation_id": "01KTX6BJERW1GWPG8CM18EQ4ZF", "query_preview": "What is the civil penalty for making a false statement that results in no backup", "level": "info", "timestamp": "2026-06-12T05:54:53.609256Z"}
{"node": "rerank", "top_k": 5, "source": "mode", "event": "top_k_resolved", "correlation_id": "01KTX6BJERW1GWPG8CM18EQ4ZF", "query_preview": "What is the civil penalty for making a false statement that results in no backup", "level": "info", "timestamp": "2026-06-12T05:54:53.609305Z"}
{"candidates": 50, "top_k": 5, "backend": "cross_encoder", "event": "rerank.start", "correlation_id": "01KTX6BJERW1GWPG8CM18EQ4ZF", "query_preview": "What is the civil penalty for making a false statement that results in no backup", "level": "info", "timestamp": "2026-06-12T05:54:53.609331Z"}
{"candidates": 50, "top_k": 5, "backend": "cross_encoder", "returned": 5, "event": "rerank.done", "correlation_id": "01KTX6BJERW1GWPG8CM18EQ4ZF", "query_preview": "What is the civil penalty for making a false statement that results in no backup", "level": "info", "timestamp": "2026-06-12T05:55:39.418151Z"}
{"node": "rerank", "reranked_count": 5, "event": "done", "correlation_id": "01KTX6BJERW1GWPG8CM18EQ4ZF", "query_preview": "What is the civil penalty for making a false statement that results in no backup", "level": "info", "timestamp": "2026-06-12T05:55:39.418256Z"}
{"node": "query_tables", "reason": "empty_or_not_table_shaped", "event": "skip", "correlation_id": "01KTX6BJERW1GWPG8CM18EQ4ZF", "query_preview": "What is the civil penalty for making a false statement that results in no backup", "level": "info", "timestamp": "2026-06-12T05:55:39.420391Z"}
{"node": "assess", "reranked_count": 5, "event": "start", "correlation_id": "01KTX6BJERW1GWPG8CM18EQ4ZF", "query_preview": "What is the civil penalty for making a false statement that results in no backup", "level": "info", "timestamp": "2026-06-12T05:55:39.421200Z"}
{"prompt_tag": "assess_sufficiency@v4", "schema": "SufficiencyAssessment", "model": "cyankiwi/Qwen3.5-4B-AWQ-4bit", "max_tokens": 1024, "temperature": 0.1, "top_p": 0.8, "presence_penalty": 1.0, "seed": 42, "message_count": 1, "event": "model_call.start", "correlation_id": "01KTX6BJERW1GWPG8CM18EQ4ZF", "query_preview": "What is the civil penalty for making a false statement that results in no backup", "level": "info", "timestamp": "2026-06-12T05:55:39.423468Z"}
Authentication error: Langfuse client initialized without public_key. Client will be disabled. Provide a public_key parameter or set LANGFUSE_PUBLIC_KEY environment variable. 
{"prompt_tag": "assess_sufficiency@v4", "schema": "SufficiencyAssessment", "tokens": 2084, "event": "model_call.done", "correlation_id": "01KTX6BJERW1GWPG8CM18EQ4ZF", "query_preview": "What is the civil penalty for making a false statement that results in no backup", "level": "info", "timestamp": "2026-06-12T05:55:40.353809Z"}
{"node": "answer", "regenerate_attempt": 0, "event": "start", "correlation_id": "01KTX6BJERW1GWPG8CM18EQ4ZF", "query_preview": "What is the civil penalty for making a false statement that results in no backup", "level": "info", "timestamp": "2026-06-12T05:55:40.355241Z"}
{"prompt_tag": "answer@v5", "schema": "DraftAnswer", "model": "cyankiwi/Qwen3.5-4B-AWQ-4bit", "max_tokens": 1800, "temperature": 0.1, "top_p": 0.8, "presence_penalty": 1.0, "seed": 42, "message_count": 2, "event": "model_call.start", "correlation_id": "01KTX6BJERW1GWPG8CM18EQ4ZF", "query_preview": "What is the civil penalty for making a false statement that results in no backup", "level": "info", "timestamp": "2026-06-12T05:55:40.357914Z"}
Authentication error: Langfuse client initialized without public_key. Client will be disabled. Provide a public_key parameter or set LANGFUSE_PUBLIC_KEY environment variable. 
{"prompt_tag": "answer@v5", "schema": "DraftAnswer", "tokens": 3698, "event": "model_call.done", "correlation_id": "01KTX6BJERW1GWPG8CM18EQ4ZF", "query_preview": "What is the civil penalty for making a false statement that results in no backup", "level": "info", "timestamp": "2026-06-12T05:55:41.749097Z"}
{"node": "answer", "original": "The civil penalty for making a false statement with no reasonable basis that results in no backup withholding is $500.", "event": "answer.summary_scope_rebuilt", "correlation_id": "01KTX6BJERW1GWPG8CM18EQ4ZF", "query_preview": "What is the civil penalty for making a false statement that results in no backup", "level": "info", "timestamp": "2026-06-12T05:55:41.749179Z"}
{"node": "verify", "claim_count": 1, "event": "start", "correlation_id": "01KTX6BJERW1GWPG8CM18EQ4ZF", "query_preview": "What is the civil penalty for making a false statement that results in no backup", "level": "info", "timestamp": "2026-06-12T05:55:41.750178Z"}
{"prompt_tag": "verify_grounding@v2", "schema": "VerificationResult", "model": "cyankiwi/Qwen3.5-4B-AWQ-4bit", "max_tokens": 1024, "temperature": 0.1, "top_p": 0.8, "presence_penalty": 1.0, "seed": 42, "message_count": 1, "event": "model_call.start", "correlation_id": "01KTX6BJERW1GWPG8CM18EQ4ZF", "query_preview": "What is the civil penalty for making a false statement that results in no backup", "level": "info", "timestamp": "2026-06-12T05:55:41.754642Z"}
Authentication error: Langfuse client initialized without public_key. Client will be disabled. Provide a public_key parameter or set LANGFUSE_PUBLIC_KEY environment variable. 
{"prompt_tag": "verify_grounding@v2", "schema": "VerificationResult", "tokens": 1977, "event": "model_call.done", "correlation_id": "01KTX6BJERW1GWPG8CM18EQ4ZF", "query_preview": "What is the civil penalty for making a false statement that results in no backup", "level": "info", "timestamp": "2026-06-12T05:55:42.238409Z"}
{"node": "assess_relevance", "event": "start", "correlation_id": "01KTX6BJERW1GWPG8CM18EQ4ZF", "query_preview": "What is the civil penalty for making a false statement that results in no backup", "level": "info", "timestamp": "2026-06-12T05:55:42.241822Z"}
{"node": "assess_relevance", "event": "relevance.scope_rebuilt_refuse", "correlation_id": "01KTX6BJERW1GWPG8CM18EQ4ZF", "query_preview": "What is the civil penalty for making a false statement that results in no backup", "level": "info", "timestamp": "2026-06-12T05:55:42.241872Z"}
{"node": "refuse", "event": "start", "correlation_id": "01KTX6BJERW1GWPG8CM18EQ4ZF", "query_preview": "What is the civil penalty for making a false statement that results in no backup", "level": "info", "timestamp": "2026-06-12T05:55:42.243049Z"}
Authentication error: Langfuse client initialized without public_key. Client will be disabled. Provide a public_key parameter or set LANGFUSE_PUBLIC_KEY environment variable. 
{"node": "retrieve", "query_len": 68, "event": "start", "correlation_id": "01KTX6D213XVZ69DTJT8MJS28S", "query_preview": "What can happen if you willfully falsify certifications on Form W-9?", "level": "info", "timestamp": "2026-06-12T05:55:42.244828Z"}
{"query_len": 68, "k": 50, "event": "hybrid.start", "correlation_id": "01KTX6D213XVZ69DTJT8MJS28S", "query_preview": "What can happen if you willfully falsify certifications on Form W-9?", "level": "info", "timestamp": "2026-06-12T05:55:42.244870Z"}
{"query_len": 68, "k": 50, "dense": 50, "bm25": 0, "fused": 50, "term": false, "event": "hybrid.done", "correlation_id": "01KTX6D213XVZ69DTJT8MJS28S", "query_preview": "What can happen if you willfully falsify certifications on Form W-9?", "level": "info", "timestamp": "2026-06-12T05:55:42.310732Z"}
{"node": "retrieve", "candidate_count": 50, "event": "done", "correlation_id": "01KTX6D213XVZ69DTJT8MJS28S", "query_preview": "What can happen if you willfully falsify certifications on Form W-9?", "level": "info", "timestamp": "2026-06-12T05:55:42.311572Z"}
{"node": "expand_graph", "reason": "disabled_or_empty", "event": "skip", "correlation_id": "01KTX6D213XVZ69DTJT8MJS28S", "query_preview": "What can happen if you willfully falsify certifications on Form W-9?", "level": "info", "timestamp": "2026-06-12T05:55:42.312809Z"}
{"node": "rerank", "candidate_count": 50, "event": "start", "correlation_id": "01KTX6D213XVZ69DTJT8MJS28S", "query_preview": "What can happen if you willfully falsify certifications on Form W-9?", "level": "info", "timestamp": "2026-06-12T05:55:42.313271Z"}
{"node": "rerank", "top_k": 5, "source": "mode", "event": "top_k_resolved", "correlation_id": "01KTX6D213XVZ69DTJT8MJS28S", "query_preview": "What can happen if you willfully falsify certifications on Form W-9?", "level": "info", "timestamp": "2026-06-12T05:55:42.313317Z"}
{"candidates": 50, "top_k": 5, "backend": "cross_encoder", "event": "rerank.start", "correlation_id": "01KTX6D213XVZ69DTJT8MJS28S", "query_preview": "What can happen if you willfully falsify certifications on Form W-9?", "level": "info", "timestamp": "2026-06-12T05:55:42.313342Z"}
{"candidates": 50, "top_k": 5, "backend": "cross_encoder", "returned": 5, "event": "rerank.done", "correlation_id": "01KTX6D213XVZ69DTJT8MJS28S", "query_preview": "What can happen if you willfully falsify certifications on Form W-9?", "level": "info", "timestamp": "2026-06-12T05:56:19.101872Z"}
{"node": "rerank", "reranked_count": 5, "event": "done", "correlation_id": "01KTX6D213XVZ69DTJT8MJS28S", "query_preview": "What can happen if you willfully falsify certifications on Form W-9?", "level": "info", "timestamp": "2026-06-12T05:56:19.101972Z"}
{"node": "query_tables", "reason": "empty_or_not_table_shaped", "event": "skip", "correlation_id": "01KTX6D213XVZ69DTJT8MJS28S", "query_preview": "What can happen if you willfully falsify certifications on Form W-9?", "level": "info", "timestamp": "2026-06-12T05:56:19.104201Z"}
{"node": "assess", "reranked_count": 5, "event": "start", "correlation_id": "01KTX6D213XVZ69DTJT8MJS28S", "query_preview": "What can happen if you willfully falsify certifications on Form W-9?", "level": "info", "timestamp": "2026-06-12T05:56:19.105177Z"}
{"prompt_tag": "assess_sufficiency@v4", "schema": "SufficiencyAssessment", "model": "cyankiwi/Qwen3.5-4B-AWQ-4bit", "max_tokens": 1024, "temperature": 0.1, "top_p": 0.8, "presence_penalty": 1.0, "seed": 42, "message_count": 1, "event": "model_call.start", "correlation_id": "01KTX6D213XVZ69DTJT8MJS28S", "query_preview": "What can happen if you willfully falsify certifications on Form W-9?", "level": "info", "timestamp": "2026-06-12T05:56:19.107308Z"}
Authentication error: Langfuse client initialized without public_key. Client will be disabled. Provide a public_key parameter or set LANGFUSE_PUBLIC_KEY environment variable. 
{"prompt_tag": "assess_sufficiency@v4", "schema": "SufficiencyAssessment", "tokens": 2587, "event": "model_call.done", "correlation_id": "01KTX6D213XVZ69DTJT8MJS28S", "query_preview": "What can happen if you willfully falsify certifications on Form W-9?", "level": "info", "timestamp": "2026-06-12T05:56:20.134248Z"}
{"node": "answer", "regenerate_attempt": 0, "event": "start", "correlation_id": "01KTX6D213XVZ69DTJT8MJS28S", "query_preview": "What can happen if you willfully falsify certifications on Form W-9?", "level": "info", "timestamp": "2026-06-12T05:56:20.136272Z"}
{"prompt_tag": "answer@v5", "schema": "DraftAnswer", "model": "cyankiwi/Qwen3.5-4B-AWQ-4bit", "max_tokens": 1800, "temperature": 0.1, "top_p": 0.8, "presence_penalty": 1.0, "seed": 42, "message_count": 2, "event": "model_call.start", "correlation_id": "01KTX6D213XVZ69DTJT8MJS28S", "query_preview": "What can happen if you willfully falsify certifications on Form W-9?", "level": "info", "timestamp": "2026-06-12T05:56:20.139054Z"}
Authentication error: Langfuse client initialized without public_key. Client will be disabled. Provide a public_key parameter or set LANGFUSE_PUBLIC_KEY environment variable. 
{"prompt_tag": "answer@v5", "schema": "DraftAnswer", "tokens": 4193, "event": "model_call.done", "correlation_id": "01KTX6D213XVZ69DTJT8MJS28S", "query_preview": "What can happen if you willfully falsify certifications on Form W-9?", "level": "info", "timestamp": "2026-06-12T05:56:21.529588Z"}
{"node": "answer", "original": "Willfully falsifying certifications on Form W-9 may subject you to criminal penalties including fines and/or imprisonmen", "event": "answer.summary_scope_rebuilt", "correlation_id": "01KTX6D213XVZ69DTJT8MJS28S", "query_preview": "What can happen if you willfully falsify certifications on Form W-9?", "level": "info", "timestamp": "2026-06-12T05:56:21.529681Z"}
{"node": "verify", "claim_count": 1, "event": "start", "correlation_id": "01KTX6D213XVZ69DTJT8MJS28S", "query_preview": "What can happen if you willfully falsify certifications on Form W-9?", "level": "info", "timestamp": "2026-06-12T05:56:21.530895Z"}
{"prompt_tag": "verify_grounding@v2", "schema": "VerificationResult", "model": "cyankiwi/Qwen3.5-4B-AWQ-4bit", "max_tokens": 1024, "temperature": 0.1, "top_p": 0.8, "presence_penalty": 1.0, "seed": 42, "message_count": 1, "event": "model_call.start", "correlation_id": "01KTX6D213XVZ69DTJT8MJS28S", "query_preview": "What can happen if you willfully falsify certifications on Form W-9?", "level": "info", "timestamp": "2026-06-12T05:56:21.534862Z"}
Authentication error: Langfuse client initialized without public_key. Client will be disabled. Provide a public_key parameter or set LANGFUSE_PUBLIC_KEY environment variable. 
{"prompt_tag": "verify_grounding@v2", "schema": "VerificationResult", "tokens": 2475, "event": "model_call.done", "correlation_id": "01KTX6D213XVZ69DTJT8MJS28S", "query_preview": "What can happen if you willfully falsify certifications on Form W-9?", "level": "info", "timestamp": "2026-06-12T05:56:22.098983Z"}
{"node": "assess_relevance", "event": "start", "correlation_id": "01KTX6D213XVZ69DTJT8MJS28S", "query_preview": "What can happen if you willfully falsify certifications on Form W-9?", "level": "info", "timestamp": "2026-06-12T05:56:22.100902Z"}
{"node": "assess_relevance", "event": "relevance.scope_rebuilt_refuse", "correlation_id": "01KTX6D213XVZ69DTJT8MJS28S", "query_preview": "What can happen if you willfully falsify certifications on Form W-9?", "level": "info", "timestamp": "2026-06-12T05:56:22.100950Z"}
{"node": "refuse", "event": "start", "correlation_id": "01KTX6D213XVZ69DTJT8MJS28S", "query_preview": "What can happen if you willfully falsify certifications on Form W-9?", "level": "info", "timestamp": "2026-06-12T05:56:22.102205Z"}
Authentication error: Langfuse client initialized without public_key. Client will be disabled. Provide a public_key parameter or set LANGFUSE_PUBLIC_KEY environment variable. 
{"node": "retrieve", "query_len": 24, "event": "start", "correlation_id": "01KTX6E8YPXP9H2V41S6N071QX", "query_preview": "Who should use Form W-9?", "level": "info", "timestamp": "2026-06-12T05:56:22.104097Z"}
{"query_len": 24, "k": 50, "event": "hybrid.start", "correlation_id": "01KTX6E8YPXP9H2V41S6N071QX", "query_preview": "Who should use Form W-9?", "level": "info", "timestamp": "2026-06-12T05:56:22.104140Z"}
{"query_len": 24, "k": 50, "dense": 50, "bm25": 0, "fused": 50, "term": false, "event": "hybrid.done", "correlation_id": "01KTX6E8YPXP9H2V41S6N071QX", "query_preview": "Who should use Form W-9?", "level": "info", "timestamp": "2026-06-12T05:56:22.187428Z"}
{"node": "retrieve", "candidate_count": 50, "event": "done", "correlation_id": "01KTX6E8YPXP9H2V41S6N071QX", "query_preview": "Who should use Form W-9?", "level": "info", "timestamp": "2026-06-12T05:56:22.188711Z"}
{"node": "expand_graph", "reason": "disabled_or_empty", "event": "skip", "correlation_id": "01KTX6E8YPXP9H2V41S6N071QX", "query_preview": "Who should use Form W-9?", "level": "info", "timestamp": "2026-06-12T05:56:22.190351Z"}
{"node": "rerank", "candidate_count": 50, "event": "start", "correlation_id": "01KTX6E8YPXP9H2V41S6N071QX", "query_preview": "Who should use Form W-9?", "level": "info", "timestamp": "2026-06-12T05:56:22.190981Z"}
{"node": "rerank", "top_k": 5, "source": "mode", "event": "top_k_resolved", "correlation_id": "01KTX6E8YPXP9H2V41S6N071QX", "query_preview": "Who should use Form W-9?", "level": "info", "timestamp": "2026-06-12T05:56:22.191041Z"}
{"candidates": 50, "top_k": 5, "backend": "cross_encoder", "event": "rerank.start", "correlation_id": "01KTX6E8YPXP9H2V41S6N071QX", "query_preview": "Who should use Form W-9?", "level": "info", "timestamp": "2026-06-12T05:56:22.191209Z"}
{"candidates": 50, "top_k": 5, "backend": "cross_encoder", "returned": 5, "event": "rerank.done", "correlation_id": "01KTX6E8YPXP9H2V41S6N071QX", "query_preview": "Who should use Form W-9?", "level": "info", "timestamp": "2026-06-12T05:57:13.232723Z"}
{"node": "rerank", "reranked_count": 5, "event": "done", "correlation_id": "01KTX6E8YPXP9H2V41S6N071QX", "query_preview": "Who should use Form W-9?", "level": "info", "timestamp": "2026-06-12T05:57:13.232806Z"}
{"node": "query_tables", "reason": "empty_or_not_table_shaped", "event": "skip", "correlation_id": "01KTX6E8YPXP9H2V41S6N071QX", "query_preview": "Who should use Form W-9?", "level": "info", "timestamp": "2026-06-12T05:57:13.234809Z"}
{"node": "assess", "reranked_count": 5, "event": "start", "correlation_id": "01KTX6E8YPXP9H2V41S6N071QX", "query_preview": "Who should use Form W-9?", "level": "info", "timestamp": "2026-06-12T05:57:13.235363Z"}
{"prompt_tag": "assess_sufficiency@v4", "schema": "SufficiencyAssessment", "model": "cyankiwi/Qwen3.5-4B-AWQ-4bit", "max_tokens": 1024, "temperature": 0.1, "top_p": 0.8, "presence_penalty": 1.0, "seed": 42, "message_count": 1, "event": "model_call.start", "correlation_id": "01KTX6E8YPXP9H2V41S6N071QX", "query_preview": "Who should use Form W-9?", "level": "info", "timestamp": "2026-06-12T05:57:13.236789Z"}
Authentication error: Langfuse client initialized without public_key. Client will be disabled. Provide a public_key parameter or set LANGFUSE_PUBLIC_KEY environment variable. 
{"prompt_tag": "assess_sufficiency@v4", "schema": "SufficiencyAssessment", "tokens": 2851, "event": "model_call.done", "correlation_id": "01KTX6E8YPXP9H2V41S6N071QX", "query_preview": "Who should use Form W-9?", "level": "info", "timestamp": "2026-06-12T05:57:14.160844Z"}
{"node": "answer", "regenerate_attempt": 0, "event": "start", "correlation_id": "01KTX6E8YPXP9H2V41S6N071QX", "query_preview": "Who should use Form W-9?", "level": "info", "timestamp": "2026-06-12T05:57:14.162309Z"}
{"prompt_tag": "answer@v5", "schema": "DraftAnswer", "model": "cyankiwi/Qwen3.5-4B-AWQ-4bit", "max_tokens": 1800, "temperature": 0.1, "top_p": 0.8, "presence_penalty": 1.0, "seed": 42, "message_count": 2, "event": "model_call.start", "correlation_id": "01KTX6E8YPXP9H2V41S6N071QX", "query_preview": "Who should use Form W-9?", "level": "info", "timestamp": "2026-06-12T05:57:14.164387Z"}
Authentication error: Langfuse client initialized without public_key. Client will be disabled. Provide a public_key parameter or set LANGFUSE_PUBLIC_KEY environment variable. 
{"prompt_tag": "answer@v5", "schema": "DraftAnswer", "tokens": 4622, "event": "model_call.done", "correlation_id": "01KTX6E8YPXP9H2V41S6N071QX", "query_preview": "Who should use Form W-9?", "level": "info", "timestamp": "2026-06-12T05:57:16.956532Z"}
{"node": "verify", "claim_count": 2, "event": "start", "correlation_id": "01KTX6E8YPXP9H2V41S6N071QX", "query_preview": "Who should use Form W-9?", "level": "info", "timestamp": "2026-06-12T05:57:16.957526Z"}
{"prompt_tag": "verify_grounding@v2", "schema": "VerificationResult", "model": "cyankiwi/Qwen3.5-4B-AWQ-4bit", "max_tokens": 1024, "temperature": 0.1, "top_p": 0.8, "presence_penalty": 1.0, "seed": 42, "message_count": 1, "event": "model_call.start", "correlation_id": "01KTX6E8YPXP9H2V41S6N071QX", "query_preview": "Who should use Form W-9?", "level": "info", "timestamp": "2026-06-12T05:57:16.961030Z"}
Authentication error: Langfuse client initialized without public_key. Client will be disabled. Provide a public_key parameter or set LANGFUSE_PUBLIC_KEY environment variable. 
{"prompt_tag": "verify_grounding@v2", "schema": "VerificationResult", "tokens": 2869, "event": "model_call.done", "correlation_id": "01KTX6E8YPXP9H2V41S6N071QX", "query_preview": "Who should use Form W-9?", "level": "info", "timestamp": "2026-06-12T05:57:17.607570Z"}
{"node": "assess_relevance", "event": "start", "correlation_id": "01KTX6E8YPXP9H2V41S6N071QX", "query_preview": "Who should use Form W-9?", "level": "info", "timestamp": "2026-06-12T05:57:17.608770Z"}
{"prompt_tag": "assess_relevance@v3", "schema": "RelevanceAssessment", "model": "cyankiwi/Qwen3.5-4B-AWQ-4bit", "max_tokens": 1024, "temperature": 0.1, "top_p": 0.8, "presence_penalty": 1.0, "seed": 42, "message_count": 1, "event": "model_call.start", "correlation_id": "01KTX6E8YPXP9H2V41S6N071QX", "query_preview": "Who should use Form W-9?", "level": "info", "timestamp": "2026-06-12T05:57:17.610318Z"}
Authentication error: Langfuse client initialized without public_key. Client will be disabled. Provide a public_key parameter or set LANGFUSE_PUBLIC_KEY environment variable. 
{"prompt_tag": "assess_relevance@v3", "schema": "RelevanceAssessment", "tokens": 932, "event": "model_call.done", "correlation_id": "01KTX6E8YPXP9H2V41S6N071QX", "query_preview": "Who should use Form W-9?", "level": "info", "timestamp": "2026-06-12T05:57:18.073149Z"}
{"node": "assess_relevance", "responsive": true, "event": "relevance", "correlation_id": "01KTX6E8YPXP9H2V41S6N071QX", "query_preview": "Who should use Form W-9?", "level": "info", "timestamp": "2026-06-12T05:57:18.073210Z"}
{"node": "compose", "event": "start", "correlation_id": "01KTX6E8YPXP9H2V41S6N071QX", "query_preview": "Who should use Form W-9?", "level": "info", "timestamp": "2026-06-12T05:57:18.074289Z"}
Authentication error: Langfuse client initialized without public_key. Client will be disabled. Provide a public_key parameter or set LANGFUSE_PUBLIC_KEY environment variable. 
{"node": "retrieve", "query_len": 58, "event": "start", "correlation_id": "01KTX6FZKTYF8VFD94R5WMMNRW", "query_preview": "What form should a foreign person use instead of Form W-9?", "level": "info", "timestamp": "2026-06-12T05:57:18.075727Z"}
{"query_len": 58, "k": 50, "event": "hybrid.start", "correlation_id": "01KTX6FZKTYF8VFD94R5WMMNRW", "query_preview": "What form should a foreign person use instead of Form W-9?", "level": "info", "timestamp": "2026-06-12T05:57:18.075762Z"}
{"query_len": 58, "k": 50, "dense": 50, "bm25": 0, "fused": 50, "term": false, "event": "hybrid.done", "correlation_id": "01KTX6FZKTYF8VFD94R5WMMNRW", "query_preview": "What form should a foreign person use instead of Form W-9?", "level": "info", "timestamp": "2026-06-12T05:57:18.160079Z"}
{"node": "retrieve", "candidate_count": 50, "event": "done", "correlation_id": "01KTX6FZKTYF8VFD94R5WMMNRW", "query_preview": "What form should a foreign person use instead of Form W-9?", "level": "info", "timestamp": "2026-06-12T05:57:18.161013Z"}
{"node": "expand_graph", "reason": "disabled_or_empty", "event": "skip", "correlation_id": "01KTX6FZKTYF8VFD94R5WMMNRW", "query_preview": "What form should a foreign person use instead of Form W-9?", "level": "info", "timestamp": "2026-06-12T05:57:18.162301Z"}
{"node": "rerank", "candidate_count": 50, "event": "start", "correlation_id": "01KTX6FZKTYF8VFD94R5WMMNRW", "query_preview": "What form should a foreign person use instead of Form W-9?", "level": "info", "timestamp": "2026-06-12T05:57:18.162791Z"}
{"node": "rerank", "top_k": 5, "source": "mode", "event": "top_k_resolved", "correlation_id": "01KTX6FZKTYF8VFD94R5WMMNRW", "query_preview": "What form should a foreign person use instead of Form W-9?", "level": "info", "timestamp": "2026-06-12T05:57:18.162857Z"}
{"candidates": 50, "top_k": 5, "backend": "cross_encoder", "event": "rerank.start", "correlation_id": "01KTX6FZKTYF8VFD94R5WMMNRW", "query_preview": "What form should a foreign person use instead of Form W-9?", "level": "info", "timestamp": "2026-06-12T05:57:18.162883Z"}
{"candidates": 50, "top_k": 5, "backend": "cross_encoder", "returned": 5, "event": "rerank.done", "correlation_id": "01KTX6FZKTYF8VFD94R5WMMNRW", "query_preview": "What form should a foreign person use instead of Form W-9?", "level": "info", "timestamp": "2026-06-12T05:58:10.751592Z"}
{"node": "rerank", "reranked_count": 5, "event": "done", "correlation_id": "01KTX6FZKTYF8VFD94R5WMMNRW", "query_preview": "What form should a foreign person use instead of Form W-9?", "level": "info", "timestamp": "2026-06-12T05:58:10.751921Z"}
{"node": "query_tables", "reason": "empty_or_not_table_shaped", "event": "skip", "correlation_id": "01KTX6FZKTYF8VFD94R5WMMNRW", "query_preview": "What form should a foreign person use instead of Form W-9?", "level": "info", "timestamp": "2026-06-12T05:58:10.759931Z"}
{"node": "assess", "reranked_count": 5, "event": "start", "correlation_id": "01KTX6FZKTYF8VFD94R5WMMNRW", "query_preview": "What form should a foreign person use instead of Form W-9?", "level": "info", "timestamp": "2026-06-12T05:58:10.761026Z"}
{"prompt_tag": "assess_sufficiency@v4", "schema": "SufficiencyAssessment", "model": "cyankiwi/Qwen3.5-4B-AWQ-4bit", "max_tokens": 1024, "temperature": 0.1, "top_p": 0.8, "presence_penalty": 1.0, "seed": 42, "message_count": 1, "event": "model_call.start", "correlation_id": "01KTX6FZKTYF8VFD94R5WMMNRW", "query_preview": "What form should a foreign person use instead of Form W-9?", "level": "info", "timestamp": "2026-06-12T05:58:10.765702Z"}
Authentication error: Langfuse client initialized without public_key. Client will be disabled. Provide a public_key parameter or set LANGFUSE_PUBLIC_KEY environment variable. 
{"prompt_tag": "assess_sufficiency@v4", "schema": "SufficiencyAssessment", "tokens": 2693, "event": "model_call.done", "correlation_id": "01KTX6FZKTYF8VFD94R5WMMNRW", "query_preview": "What form should a foreign person use instead of Form W-9?", "level": "info", "timestamp": "2026-06-12T05:58:11.809303Z"}
{"node": "answer", "regenerate_attempt": 0, "event": "start", "correlation_id": "01KTX6FZKTYF8VFD94R5WMMNRW", "query_preview": "What form should a foreign person use instead of Form W-9?", "level": "info", "timestamp": "2026-06-12T05:58:11.810878Z"}
{"prompt_tag": "answer@v5", "schema": "DraftAnswer", "model": "cyankiwi/Qwen3.5-4B-AWQ-4bit", "max_tokens": 1800, "temperature": 0.1, "top_p": 0.8, "presence_penalty": 1.0, "seed": 42, "message_count": 2, "event": "model_call.start", "correlation_id": "01KTX6FZKTYF8VFD94R5WMMNRW", "query_preview": "What form should a foreign person use instead of Form W-9?", "level": "info", "timestamp": "2026-06-12T05:58:11.813028Z"}
Authentication error: Langfuse client initialized without public_key. Client will be disabled. Provide a public_key parameter or set LANGFUSE_PUBLIC_KEY environment variable. 
{"prompt_tag": "answer@v5", "schema": "DraftAnswer", "tokens": 4452, "event": "model_call.done", "correlation_id": "01KTX6FZKTYF8VFD94R5WMMNRW", "query_preview": "What form should a foreign person use instead of Form W-9?", "level": "info", "timestamp": "2026-06-12T05:58:14.594073Z"}
{"node": "answer", "original": "Foreign persons should use Form W-8 or Form 8233 instead of Form W-9. Qualified foreign pension funds and partnerships w", "event": "answer.summary_scope_rebuilt", "correlation_id": "01KTX6FZKTYF8VFD94R5WMMNRW", "query_preview": "What form should a foreign person use instead of Form W-9?", "level": "info", "timestamp": "2026-06-12T05:58:14.594252Z"}
{"node": "verify", "claim_count": 2, "event": "start", "correlation_id": "01KTX6FZKTYF8VFD94R5WMMNRW", "query_preview": "What form should a foreign person use instead of Form W-9?", "level": "info", "timestamp": "2026-06-12T05:58:14.595078Z"}
{"prompt_tag": "verify_grounding@v2", "schema": "VerificationResult", "model": "cyankiwi/Qwen3.5-4B-AWQ-4bit", "max_tokens": 1024, "temperature": 0.1, "top_p": 0.8, "presence_penalty": 1.0, "seed": 42, "message_count": 1, "event": "model_call.start", "correlation_id": "01KTX6FZKTYF8VFD94R5WMMNRW", "query_preview": "What form should a foreign person use instead of Form W-9?", "level": "info", "timestamp": "2026-06-12T05:58:14.613231Z"}
Authentication error: Langfuse client initialized without public_key. Client will be disabled. Provide a public_key parameter or set LANGFUSE_PUBLIC_KEY environment variable. 
{"prompt_tag": "verify_grounding@v2", "schema": "VerificationResult", "tokens": 2701, "event": "model_call.done", "correlation_id": "01KTX6FZKTYF8VFD94R5WMMNRW", "query_preview": "What form should a foreign person use instead of Form W-9?", "level": "info", "timestamp": "2026-06-12T05:58:15.235356Z"}
{"node": "assess_relevance", "event": "start", "correlation_id": "01KTX6FZKTYF8VFD94R5WMMNRW", "query_preview": "What form should a foreign person use instead of Form W-9?", "level": "info", "timestamp": "2026-06-12T05:58:15.236837Z"}
{"node": "assess_relevance", "event": "relevance.scope_rebuilt_refuse", "correlation_id": "01KTX6FZKTYF8VFD94R5WMMNRW", "query_preview": "What form should a foreign person use instead of Form W-9?", "level": "info", "timestamp": "2026-06-12T05:58:15.236875Z"}
{"node": "refuse", "event": "start", "correlation_id": "01KTX6FZKTYF8VFD94R5WMMNRW", "query_preview": "What form should a foreign person use instead of Form W-9?", "level": "info", "timestamp": "2026-06-12T05:58:15.237723Z"}
Authentication error: Langfuse client initialized without public_key. Client will be disabled. Provide a public_key parameter or set LANGFUSE_PUBLIC_KEY environment variable. 
{"node": "retrieve", "query_len": 47, "event": "start", "correlation_id": "01KTX6HQE658JFTCYH75ESF8RM", "query_preview": "Which IRS form do you use to apply for an ITIN?", "level": "info", "timestamp": "2026-06-12T05:58:15.240984Z"}
{"query_len": 47, "k": 50, "event": "hybrid.start", "correlation_id": "01KTX6HQE658JFTCYH75ESF8RM", "query_preview": "Which IRS form do you use to apply for an ITIN?", "level": "info", "timestamp": "2026-06-12T05:58:15.241072Z"}
{"query_len": 47, "k": 50, "dense": 50, "bm25": 0, "fused": 50, "term": false, "event": "hybrid.done", "correlation_id": "01KTX6HQE658JFTCYH75ESF8RM", "query_preview": "Which IRS form do you use to apply for an ITIN?", "level": "info", "timestamp": "2026-06-12T05:58:15.361491Z"}
{"node": "retrieve", "candidate_count": 50, "event": "done", "correlation_id": "01KTX6HQE658JFTCYH75ESF8RM", "query_preview": "Which IRS form do you use to apply for an ITIN?", "level": "info", "timestamp": "2026-06-12T05:58:15.362373Z"}
{"node": "expand_graph", "reason": "disabled_or_empty", "event": "skip", "correlation_id": "01KTX6HQE658JFTCYH75ESF8RM", "query_preview": "Which IRS form do you use to apply for an ITIN?", "level": "info", "timestamp": "2026-06-12T05:58:15.363672Z"}
{"node": "rerank", "candidate_count": 50, "event": "start", "correlation_id": "01KTX6HQE658JFTCYH75ESF8RM", "query_preview": "Which IRS form do you use to apply for an ITIN?", "level": "info", "timestamp": "2026-06-12T05:58:15.364158Z"}
{"node": "rerank", "top_k": 5, "source": "mode", "event": "top_k_resolved", "correlation_id": "01KTX6HQE658JFTCYH75ESF8RM", "query_preview": "Which IRS form do you use to apply for an ITIN?", "level": "info", "timestamp": "2026-06-12T05:58:15.364280Z"}
{"candidates": 50, "top_k": 5, "backend": "cross_encoder", "event": "rerank.start", "correlation_id": "01KTX6HQE658JFTCYH75ESF8RM", "query_preview": "Which IRS form do you use to apply for an ITIN?", "level": "info", "timestamp": "2026-06-12T05:58:15.364378Z"}
{"candidates": 50, "top_k": 5, "backend": "cross_encoder", "returned": 5, "event": "rerank.done", "correlation_id": "01KTX6HQE658JFTCYH75ESF8RM", "query_preview": "Which IRS form do you use to apply for an ITIN?", "level": "info", "timestamp": "2026-06-12T05:59:00.446183Z"}
{"node": "rerank", "reranked_count": 5, "event": "done", "correlation_id": "01KTX6HQE658JFTCYH75ESF8RM", "query_preview": "Which IRS form do you use to apply for an ITIN?", "level": "info", "timestamp": "2026-06-12T05:59:00.446292Z"}
{"node": "query_tables", "reason": "empty_or_not_table_shaped", "event": "skip", "correlation_id": "01KTX6HQE658JFTCYH75ESF8RM", "query_preview": "Which IRS form do you use to apply for an ITIN?", "level": "info", "timestamp": "2026-06-12T05:59:00.448299Z"}
{"node": "assess", "reranked_count": 5, "event": "start", "correlation_id": "01KTX6HQE658JFTCYH75ESF8RM", "query_preview": "Which IRS form do you use to apply for an ITIN?", "level": "info", "timestamp": "2026-06-12T05:59:00.449048Z"}
{"prompt_tag": "assess_sufficiency@v4", "schema": "SufficiencyAssessment", "model": "cyankiwi/Qwen3.5-4B-AWQ-4bit", "max_tokens": 1024, "temperature": 0.1, "top_p": 0.8, "presence_penalty": 1.0, "seed": 42, "message_count": 1, "event": "model_call.start", "correlation_id": "01KTX6HQE658JFTCYH75ESF8RM", "query_preview": "Which IRS form do you use to apply for an ITIN?", "level": "info", "timestamp": "2026-06-12T05:59:00.451329Z"}
Authentication error: Langfuse client initialized without public_key. Client will be disabled. Provide a public_key parameter or set LANGFUSE_PUBLIC_KEY environment variable. 
{"prompt_tag": "assess_sufficiency@v4", "schema": "SufficiencyAssessment", "tokens": 2894, "event": "model_call.done", "correlation_id": "01KTX6HQE658JFTCYH75ESF8RM", "query_preview": "Which IRS form do you use to apply for an ITIN?", "level": "info", "timestamp": "2026-06-12T05:59:01.251886Z"}
{"node": "answer", "regenerate_attempt": 0, "event": "start", "correlation_id": "01KTX6HQE658JFTCYH75ESF8RM", "query_preview": "Which IRS form do you use to apply for an ITIN?", "level": "info", "timestamp": "2026-06-12T05:59:01.253278Z"}
{"prompt_tag": "answer@v5", "schema": "DraftAnswer", "model": "cyankiwi/Qwen3.5-4B-AWQ-4bit", "max_tokens": 1800, "temperature": 0.1, "top_p": 0.8, "presence_penalty": 1.0, "seed": 42, "message_count": 2, "event": "model_call.start", "correlation_id": "01KTX6HQE658JFTCYH75ESF8RM", "query_preview": "Which IRS form do you use to apply for an ITIN?", "level": "info", "timestamp": "2026-06-12T05:59:01.255302Z"}
Authentication error: Langfuse client initialized without public_key. Client will be disabled. Provide a public_key parameter or set LANGFUSE_PUBLIC_KEY environment variable. 
{"prompt_tag": "answer@v5", "schema": "DraftAnswer", "tokens": 4524, "event": "model_call.done", "correlation_id": "01KTX6HQE658JFTCYH75ESF8RM", "query_preview": "Which IRS form do you use to apply for an ITIN?", "level": "info", "timestamp": "2026-06-12T05:59:02.648434Z"}
{"node": "verify", "claim_count": 1, "event": "start", "correlation_id": "01KTX6HQE658JFTCYH75ESF8RM", "query_preview": "Which IRS form do you use to apply for an ITIN?", "level": "info", "timestamp": "2026-06-12T05:59:02.649267Z"}
{"prompt_tag": "verify_grounding@v2", "schema": "VerificationResult", "model": "cyankiwi/Qwen3.5-4B-AWQ-4bit", "max_tokens": 1024, "temperature": 0.1, "top_p": 0.8, "presence_penalty": 1.0, "seed": 42, "message_count": 1, "event": "model_call.start", "correlation_id": "01KTX6HQE658JFTCYH75ESF8RM", "query_preview": "Which IRS form do you use to apply for an ITIN?", "level": "info", "timestamp": "2026-06-12T05:59:02.652655Z"}
Authentication error: Langfuse client initialized without public_key. Client will be disabled. Provide a public_key parameter or set LANGFUSE_PUBLIC_KEY environment variable. 
{"prompt_tag": "verify_grounding@v2", "schema": "VerificationResult", "tokens": 2818, "event": "model_call.done", "correlation_id": "01KTX6HQE658JFTCYH75ESF8RM", "query_preview": "Which IRS form do you use to apply for an ITIN?", "level": "info", "timestamp": "2026-06-12T05:59:03.266772Z"}
{"node": "assess_relevance", "event": "start", "correlation_id": "01KTX6HQE658JFTCYH75ESF8RM", "query_preview": "Which IRS form do you use to apply for an ITIN?", "level": "info", "timestamp": "2026-06-12T05:59:03.268155Z"}
{"prompt_tag": "assess_relevance@v3", "schema": "RelevanceAssessment", "model": "cyankiwi/Qwen3.5-4B-AWQ-4bit", "max_tokens": 1024, "temperature": 0.1, "top_p": 0.8, "presence_penalty": 1.0, "seed": 42, "message_count": 1, "event": "model_call.start", "correlation_id": "01KTX6HQE658JFTCYH75ESF8RM", "query_preview": "Which IRS form do you use to apply for an ITIN?", "level": "info", "timestamp": "2026-06-12T05:59:03.269146Z"}
Authentication error: Langfuse client initialized without public_key. Client will be disabled. Provide a public_key parameter or set LANGFUSE_PUBLIC_KEY environment variable. 
{"prompt_tag": "assess_relevance@v3", "schema": "RelevanceAssessment", "tokens": 834, "event": "model_call.done", "correlation_id": "01KTX6HQE658JFTCYH75ESF8RM", "query_preview": "Which IRS form do you use to apply for an ITIN?", "level": "info", "timestamp": "2026-06-12T05:59:03.763226Z"}
{"node": "assess_relevance", "responsive": true, "event": "relevance", "correlation_id": "01KTX6HQE658JFTCYH75ESF8RM", "query_preview": "Which IRS form do you use to apply for an ITIN?", "level": "info", "timestamp": "2026-06-12T05:59:03.763292Z"}
{"node": "compose", "event": "start", "correlation_id": "01KTX6HQE658JFTCYH75ESF8RM", "query_preview": "Which IRS form do you use to apply for an ITIN?", "level": "info", "timestamp": "2026-06-12T05:59:03.764656Z"}
Authentication error: Langfuse client initialized without public_key. Client will be disabled. Provide a public_key parameter or set LANGFUSE_PUBLIC_KEY environment variable. 
{"node": "retrieve", "query_len": 74, "event": "start", "correlation_id": "01KTX6K6TNDXDG3ZHP1BPTJCBE", "query_preview": "Are real estate transactions subject to backup withholding under Form W-9?", "level": "info", "timestamp": "2026-06-12T05:59:03.766294Z"}
{"query_len": 74, "k": 50, "event": "hybrid.start", "correlation_id": "01KTX6K6TNDXDG3ZHP1BPTJCBE", "query_preview": "Are real estate transactions subject to backup withholding under Form W-9?", "level": "info", "timestamp": "2026-06-12T05:59:03.766337Z"}
{"query_len": 74, "k": 50, "dense": 50, "bm25": 0, "fused": 50, "term": false, "event": "hybrid.done", "correlation_id": "01KTX6K6TNDXDG3ZHP1BPTJCBE", "query_preview": "Are real estate transactions subject to backup withholding under Form W-9?", "level": "info", "timestamp": "2026-06-12T05:59:03.836888Z"}
{"node": "retrieve", "candidate_count": 50, "event": "done", "correlation_id": "01KTX6K6TNDXDG3ZHP1BPTJCBE", "query_preview": "Are real estate transactions subject to backup withholding under Form W-9?", "level": "info", "timestamp": "2026-06-12T05:59:03.837843Z"}
{"node": "expand_graph", "reason": "disabled_or_empty", "event": "skip", "correlation_id": "01KTX6K6TNDXDG3ZHP1BPTJCBE", "query_preview": "Are real estate transactions subject to backup withholding under Form W-9?", "level": "info", "timestamp": "2026-06-12T05:59:03.839635Z"}
{"node": "rerank", "candidate_count": 50, "event": "start", "correlation_id": "01KTX6K6TNDXDG3ZHP1BPTJCBE", "query_preview": "Are real estate transactions subject to backup withholding under Form W-9?", "level": "info", "timestamp": "2026-06-12T05:59:03.840321Z"}
{"node": "rerank", "top_k": 5, "source": "mode", "event": "top_k_resolved", "correlation_id": "01KTX6K6TNDXDG3ZHP1BPTJCBE", "query_preview": "Are real estate transactions subject to backup withholding under Form W-9?", "level": "info", "timestamp": "2026-06-12T05:59:03.840381Z"}
{"candidates": 50, "top_k": 5, "backend": "cross_encoder", "event": "rerank.start", "correlation_id": "01KTX6K6TNDXDG3ZHP1BPTJCBE", "query_preview": "Are real estate transactions subject to backup withholding under Form W-9?", "level": "info", "timestamp": "2026-06-12T05:59:03.840413Z"}
{"candidates": 50, "top_k": 5, "backend": "cross_encoder", "returned": 5, "event": "rerank.done", "correlation_id": "01KTX6K6TNDXDG3ZHP1BPTJCBE", "query_preview": "Are real estate transactions subject to backup withholding under Form W-9?", "level": "info", "timestamp": "2026-06-12T05:59:58.100651Z"}
{"node": "rerank", "reranked_count": 5, "event": "done", "correlation_id": "01KTX6K6TNDXDG3ZHP1BPTJCBE", "query_preview": "Are real estate transactions subject to backup withholding under Form W-9?", "level": "info", "timestamp": "2026-06-12T05:59:58.100755Z"}
{"node": "query_tables", "reason": "empty_or_not_table_shaped", "event": "skip", "correlation_id": "01KTX6K6TNDXDG3ZHP1BPTJCBE", "query_preview": "Are real estate transactions subject to backup withholding under Form W-9?", "level": "info", "timestamp": "2026-06-12T05:59:58.102796Z"}
{"node": "assess", "reranked_count": 5, "event": "start", "correlation_id": "01KTX6K6TNDXDG3ZHP1BPTJCBE", "query_preview": "Are real estate transactions subject to backup withholding under Form W-9?", "level": "info", "timestamp": "2026-06-12T05:59:58.103751Z"}
{"prompt_tag": "assess_sufficiency@v4", "schema": "SufficiencyAssessment", "model": "cyankiwi/Qwen3.5-4B-AWQ-4bit", "max_tokens": 1024, "temperature": 0.1, "top_p": 0.8, "presence_penalty": 1.0, "seed": 42, "message_count": 1, "event": "model_call.start", "correlation_id": "01KTX6K6TNDXDG3ZHP1BPTJCBE", "query_preview": "Are real estate transactions subject to backup withholding under Form W-9?", "level": "info", "timestamp": "2026-06-12T05:59:58.105948Z"}
Authentication error: Langfuse client initialized without public_key. Client will be disabled. Provide a public_key parameter or set LANGFUSE_PUBLIC_KEY environment variable. 
{"prompt_tag": "assess_sufficiency@v4", "schema": "SufficiencyAssessment", "tokens": 2308, "event": "model_call.done", "correlation_id": "01KTX6K6TNDXDG3ZHP1BPTJCBE", "query_preview": "Are real estate transactions subject to backup withholding under Form W-9?", "level": "info", "timestamp": "2026-06-12T05:59:58.886494Z"}
{"node": "answer", "regenerate_attempt": 0, "event": "start", "correlation_id": "01KTX6K6TNDXDG3ZHP1BPTJCBE", "query_preview": "Are real estate transactions subject to backup withholding under Form W-9?", "level": "info", "timestamp": "2026-06-12T05:59:58.887784Z"}
{"prompt_tag": "answer@v5", "schema": "DraftAnswer", "model": "cyankiwi/Qwen3.5-4B-AWQ-4bit", "max_tokens": 1800, "temperature": 0.1, "top_p": 0.8, "presence_penalty": 1.0, "seed": 42, "message_count": 2, "event": "model_call.start", "correlation_id": "01KTX6K6TNDXDG3ZHP1BPTJCBE", "query_preview": "Are real estate transactions subject to backup withholding under Form W-9?", "level": "info", "timestamp": "2026-06-12T05:59:58.889916Z"}
Authentication error: Langfuse client initialized without public_key. Client will be disabled. Provide a public_key parameter or set LANGFUSE_PUBLIC_KEY environment variable. 
{"prompt_tag": "answer@v5", "schema": "DraftAnswer", "tokens": 3925, "event": "model_call.done", "correlation_id": "01KTX6K6TNDXDG3ZHP1BPTJCBE", "query_preview": "Are real estate transactions subject to backup withholding under Form W-9?", "level": "info", "timestamp": "2026-06-12T06:00:00.133511Z"}
{"node": "answer", "original": "Real estate transactions are not subject to backup withholding under Form W-9, as explicitly stated in the document.", "event": "answer.summary_scope_rebuilt", "correlation_id": "01KTX6K6TNDXDG3ZHP1BPTJCBE", "query_preview": "Are real estate transactions subject to backup withholding under Form W-9?", "level": "info", "timestamp": "2026-06-12T06:00:00.133608Z"}
{"node": "verify", "claim_count": 1, "event": "start", "correlation_id": "01KTX6K6TNDXDG3ZHP1BPTJCBE", "query_preview": "Are real estate transactions subject to backup withholding under Form W-9?", "level": "info", "timestamp": "2026-06-12T06:00:00.134545Z"}
{"prompt_tag": "verify_grounding@v2", "schema": "VerificationResult", "model": "cyankiwi/Qwen3.5-4B-AWQ-4bit", "max_tokens": 1024, "temperature": 0.1, "top_p": 0.8, "presence_penalty": 1.0, "seed": 42, "message_count": 1, "event": "model_call.start", "correlation_id": "01KTX6K6TNDXDG3ZHP1BPTJCBE", "query_preview": "Are real estate transactions subject to backup withholding under Form W-9?", "level": "info", "timestamp": "2026-06-12T06:00:00.138081Z"}
Authentication error: Langfuse client initialized without public_key. Client will be disabled. Provide a public_key parameter or set LANGFUSE_PUBLIC_KEY environment variable. 
{"prompt_tag": "verify_grounding@v2", "schema": "VerificationResult", "tokens": 2209, "event": "model_call.done", "correlation_id": "01KTX6K6TNDXDG3ZHP1BPTJCBE", "query_preview": "Are real estate transactions subject to backup withholding under Form W-9?", "level": "info", "timestamp": "2026-06-12T06:00:00.660144Z"}
{"node": "assess_relevance", "event": "start", "correlation_id": "01KTX6K6TNDXDG3ZHP1BPTJCBE", "query_preview": "Are real estate transactions subject to backup withholding under Form W-9?", "level": "info", "timestamp": "2026-06-12T06:00:00.661726Z"}
{"node": "assess_relevance", "event": "relevance.scope_rebuilt_refuse", "correlation_id": "01KTX6K6TNDXDG3ZHP1BPTJCBE", "query_preview": "Are real estate transactions subject to backup withholding under Form W-9?", "level": "info", "timestamp": "2026-06-12T06:00:00.661765Z"}
{"node": "refuse", "event": "start", "correlation_id": "01KTX6K6TNDXDG3ZHP1BPTJCBE", "query_preview": "Are real estate transactions subject to backup withholding under Form W-9?", "level": "info", "timestamp": "2026-06-12T06:00:00.662767Z"}
Authentication error: Langfuse client initialized without public_key. Client will be disabled. Provide a public_key parameter or set LANGFUSE_PUBLIC_KEY environment variable. 
{"node": "retrieve", "query_len": 80, "event": "start", "correlation_id": "01KTX6MYCQWM4R37Y28JRPBG4Q", "query_preview": "What does FATCA require a participating foreign financial institution to report?", "level": "info", "timestamp": "2026-06-12T06:00:00.664199Z"}
{"query_len": 80, "k": 50, "event": "hybrid.start", "correlation_id": "01KTX6MYCQWM4R37Y28JRPBG4Q", "query_preview": "What does FATCA require a participating foreign financial institution to report?", "level": "info", "timestamp": "2026-06-12T06:00:00.664235Z"}
{"query_len": 80, "k": 50, "dense": 50, "bm25": 0, "fused": 50, "term": false, "event": "hybrid.done", "correlation_id": "01KTX6MYCQWM4R37Y28JRPBG4Q", "query_preview": "What does FATCA require a participating foreign financial institution to report?", "level": "info", "timestamp": "2026-06-12T06:00:00.773315Z"}
{"node": "retrieve", "candidate_count": 50, "event": "done", "correlation_id": "01KTX6MYCQWM4R37Y28JRPBG4Q", "query_preview": "What does FATCA require a participating foreign financial institution to report?", "level": "info", "timestamp": "2026-06-12T06:00:00.774304Z"}
{"node": "expand_graph", "reason": "disabled_or_empty", "event": "skip", "correlation_id": "01KTX6MYCQWM4R37Y28JRPBG4Q", "query_preview": "What does FATCA require a participating foreign financial institution to report?", "level": "info", "timestamp": "2026-06-12T06:00:00.775596Z"}
{"node": "rerank", "candidate_count": 50, "event": "start", "correlation_id": "01KTX6MYCQWM4R37Y28JRPBG4Q", "query_preview": "What does FATCA require a participating foreign financial institution to report?", "level": "info", "timestamp": "2026-06-12T06:00:00.776083Z"}
{"node": "rerank", "top_k": 5, "source": "mode", "event": "top_k_resolved", "correlation_id": "01KTX6MYCQWM4R37Y28JRPBG4Q", "query_preview": "What does FATCA require a participating foreign financial institution to report?", "level": "info", "timestamp": "2026-06-12T06:00:00.776132Z"}
{"candidates": 50, "top_k": 5, "backend": "cross_encoder", "event": "rerank.start", "correlation_id": "01KTX6MYCQWM4R37Y28JRPBG4Q", "query_preview": "What does FATCA require a participating foreign financial institution to report?", "level": "info", "timestamp": "2026-06-12T06:00:00.776157Z"}
{"candidates": 50, "top_k": 5, "backend": "cross_encoder", "returned": 5, "event": "rerank.done", "correlation_id": "01KTX6MYCQWM4R37Y28JRPBG4Q", "query_preview": "What does FATCA require a participating foreign financial institution to report?", "level": "info", "timestamp": "2026-06-12T06:00:44.630313Z"}
{"node": "rerank", "reranked_count": 5, "event": "done", "correlation_id": "01KTX6MYCQWM4R37Y28JRPBG4Q", "query_preview": "What does FATCA require a participating foreign financial institution to report?", "level": "info", "timestamp": "2026-06-12T06:00:44.630424Z"}
{"node": "query_tables", "reason": "empty_or_not_table_shaped", "event": "skip", "correlation_id": "01KTX6MYCQWM4R37Y28JRPBG4Q", "query_preview": "What does FATCA require a participating foreign financial institution to report?", "level": "info", "timestamp": "2026-06-12T06:00:44.632724Z"}
{"node": "assess", "reranked_count": 5, "event": "start", "correlation_id": "01KTX6MYCQWM4R37Y28JRPBG4Q", "query_preview": "What does FATCA require a participating foreign financial institution to report?", "level": "info", "timestamp": "2026-06-12T06:00:44.633541Z"}
{"prompt_tag": "assess_sufficiency@v4", "schema": "SufficiencyAssessment", "model": "cyankiwi/Qwen3.5-4B-AWQ-4bit", "max_tokens": 1024, "temperature": 0.1, "top_p": 0.8, "presence_penalty": 1.0, "seed": 42, "message_count": 1, "event": "model_call.start", "correlation_id": "01KTX6MYCQWM4R37Y28JRPBG4Q", "query_preview": "What does FATCA require a participating foreign financial institution to report?", "level": "info", "timestamp": "2026-06-12T06:00:44.635352Z"}
Authentication error: Langfuse client initialized without public_key. Client will be disabled. Provide a public_key parameter or set LANGFUSE_PUBLIC_KEY environment variable. 
{"prompt_tag": "assess_sufficiency@v4", "schema": "SufficiencyAssessment", "tokens": 2516, "event": "model_call.done", "correlation_id": "01KTX6MYCQWM4R37Y28JRPBG4Q", "query_preview": "What does FATCA require a participating foreign financial institution to report?", "level": "info", "timestamp": "2026-06-12T06:00:45.511894Z"}
{"node": "answer", "regenerate_attempt": 0, "event": "start", "correlation_id": "01KTX6MYCQWM4R37Y28JRPBG4Q", "query_preview": "What does FATCA require a participating foreign financial institution to report?", "level": "info", "timestamp": "2026-06-12T06:00:45.513346Z"}
{"prompt_tag": "answer@v5", "schema": "DraftAnswer", "model": "cyankiwi/Qwen3.5-4B-AWQ-4bit", "max_tokens": 1800, "temperature": 0.1, "top_p": 0.8, "presence_penalty": 1.0, "seed": 42, "message_count": 2, "event": "model_call.start", "correlation_id": "01KTX6MYCQWM4R37Y28JRPBG4Q", "query_preview": "What does FATCA require a participating foreign financial institution to report?", "level": "info", "timestamp": "2026-06-12T06:00:45.515384Z"}
Authentication error: Langfuse client initialized without public_key. Client will be disabled. Provide a public_key parameter or set LANGFUSE_PUBLIC_KEY environment variable. 
{"prompt_tag": "answer@v5", "schema": "DraftAnswer", "tokens": 4155, "event": "model_call.done", "correlation_id": "01KTX6MYCQWM4R37Y28JRPBG4Q", "query_preview": "What does FATCA require a participating foreign financial institution to report?", "level": "info", "timestamp": "2026-06-12T06:00:47.038185Z"}
{"node": "verify", "claim_count": 1, "event": "start", "correlation_id": "01KTX6MYCQWM4R37Y28JRPBG4Q", "query_preview": "What does FATCA require a participating foreign financial institution to report?", "level": "info", "timestamp": "2026-06-12T06:00:47.039019Z"}
{"prompt_tag": "verify_grounding@v2", "schema": "VerificationResult", "model": "cyankiwi/Qwen3.5-4B-AWQ-4bit", "max_tokens": 1024, "temperature": 0.1, "top_p": 0.8, "presence_penalty": 1.0, "seed": 42, "message_count": 1, "event": "model_call.start", "correlation_id": "01KTX6MYCQWM4R37Y28JRPBG4Q", "query_preview": "What does FATCA require a participating foreign financial institution to report?", "level": "info", "timestamp": "2026-06-12T06:00:47.042366Z"}
Authentication error: Langfuse client initialized without public_key. Client will be disabled. Provide a public_key parameter or set LANGFUSE_PUBLIC_KEY environment variable. 
{"prompt_tag": "verify_grounding@v2", "schema": "VerificationResult", "tokens": 2438, "event": "model_call.done", "correlation_id": "01KTX6MYCQWM4R37Y28JRPBG4Q", "query_preview": "What does FATCA require a participating foreign financial institution to report?", "level": "info", "timestamp": "2026-06-12T06:00:47.597645Z"}
{"node": "assess_relevance", "event": "start", "correlation_id": "01KTX6MYCQWM4R37Y28JRPBG4Q", "query_preview": "What does FATCA require a participating foreign financial institution to report?", "level": "info", "timestamp": "2026-06-12T06:00:47.598804Z"}
{"prompt_tag": "assess_relevance@v3", "schema": "RelevanceAssessment", "model": "cyankiwi/Qwen3.5-4B-AWQ-4bit", "max_tokens": 1024, "temperature": 0.1, "top_p": 0.8, "presence_penalty": 1.0, "seed": 42, "message_count": 1, "event": "model_call.start", "correlation_id": "01KTX6MYCQWM4R37Y28JRPBG4Q", "query_preview": "What does FATCA require a participating foreign financial institution to report?", "level": "info", "timestamp": "2026-06-12T06:00:47.599782Z"}
Authentication error: Langfuse client initialized without public_key. Client will be disabled. Provide a public_key parameter or set LANGFUSE_PUBLIC_KEY environment variable. 
{"prompt_tag": "assess_relevance@v3", "schema": "RelevanceAssessment", "tokens": 851, "event": "model_call.done", "correlation_id": "01KTX6MYCQWM4R37Y28JRPBG4Q", "query_preview": "What does FATCA require a participating foreign financial institution to report?", "level": "info", "timestamp": "2026-06-12T06:00:48.051428Z"}
{"node": "assess_relevance", "responsive": true, "event": "relevance", "correlation_id": "01KTX6MYCQWM4R37Y28JRPBG4Q", "query_preview": "What does FATCA require a participating foreign financial institution to report?", "level": "info", "timestamp": "2026-06-12T06:00:48.051482Z"}
{"node": "compose", "event": "start", "correlation_id": "01KTX6MYCQWM4R37Y28JRPBG4Q", "query_preview": "What does FATCA require a participating foreign financial institution to report?", "level": "info", "timestamp": "2026-06-12T06:00:48.052649Z"}
Authentication error: Langfuse client initialized without public_key. Client will be disabled. Provide a public_key parameter or set LANGFUSE_PUBLIC_KEY environment variable. 
{"node": "retrieve", "query_len": 80, "event": "start", "correlation_id": "01KTX6PCNN3W920EWNK1623XZE", "query_preview": "According to Form W-9, who is considered a U.S. person for federal tax purposes?", "level": "info", "timestamp": "2026-06-12T06:00:48.054166Z"}
{"query_len": 80, "k": 50, "event": "hybrid.start", "correlation_id": "01KTX6PCNN3W920EWNK1623XZE", "query_preview": "According to Form W-9, who is considered a U.S. person for federal tax purposes?", "level": "info", "timestamp": "2026-06-12T06:00:48.054204Z"}
{"query_len": 80, "k": 50, "dense": 50, "bm25": 0, "fused": 50, "term": false, "event": "hybrid.done", "correlation_id": "01KTX6PCNN3W920EWNK1623XZE", "query_preview": "According to Form W-9, who is considered a U.S. person for federal tax purposes?", "level": "info", "timestamp": "2026-06-12T06:00:48.133479Z"}
{"node": "retrieve", "candidate_count": 50, "event": "done", "correlation_id": "01KTX6PCNN3W920EWNK1623XZE", "query_preview": "According to Form W-9, who is considered a U.S. person for federal tax purposes?", "level": "info", "timestamp": "2026-06-12T06:00:48.134457Z"}
{"node": "expand_graph", "reason": "disabled_or_empty", "event": "skip", "correlation_id": "01KTX6PCNN3W920EWNK1623XZE", "query_preview": "According to Form W-9, who is considered a U.S. person for federal tax purposes?", "level": "info", "timestamp": "2026-06-12T06:00:48.135853Z"}
{"node": "rerank", "candidate_count": 50, "event": "start", "correlation_id": "01KTX6PCNN3W920EWNK1623XZE", "query_preview": "According to Form W-9, who is considered a U.S. person for federal tax purposes?", "level": "info", "timestamp": "2026-06-12T06:00:48.136411Z"}
{"node": "rerank", "top_k": 5, "source": "mode", "event": "top_k_resolved", "correlation_id": "01KTX6PCNN3W920EWNK1623XZE", "query_preview": "According to Form W-9, who is considered a U.S. person for federal tax purposes?", "level": "info", "timestamp": "2026-06-12T06:00:48.136462Z"}
{"candidates": 50, "top_k": 5, "backend": "cross_encoder", "event": "rerank.start", "correlation_id": "01KTX6PCNN3W920EWNK1623XZE", "query_preview": "According to Form W-9, who is considered a U.S. person for federal tax purposes?", "level": "info", "timestamp": "2026-06-12T06:00:48.136498Z"}
{"candidates": 50, "top_k": 5, "backend": "cross_encoder", "returned": 5, "event": "rerank.done", "correlation_id": "01KTX6PCNN3W920EWNK1623XZE", "query_preview": "According to Form W-9, who is considered a U.S. person for federal tax purposes?", "level": "info", "timestamp": "2026-06-12T06:01:39.754261Z"}
{"node": "rerank", "reranked_count": 5, "event": "done", "correlation_id": "01KTX6PCNN3W920EWNK1623XZE", "query_preview": "According to Form W-9, who is considered a U.S. person for federal tax purposes?", "level": "info", "timestamp": "2026-06-12T06:01:39.754366Z"}
{"node": "query_tables", "reason": "empty_or_not_table_shaped", "event": "skip", "correlation_id": "01KTX6PCNN3W920EWNK1623XZE", "query_preview": "According to Form W-9, who is considered a U.S. person for federal tax purposes?", "level": "info", "timestamp": "2026-06-12T06:01:39.756291Z"}
{"node": "assess", "reranked_count": 5, "event": "start", "correlation_id": "01KTX6PCNN3W920EWNK1623XZE", "query_preview": "According to Form W-9, who is considered a U.S. person for federal tax purposes?", "level": "info", "timestamp": "2026-06-12T06:01:39.757035Z"}
{"prompt_tag": "assess_sufficiency@v4", "schema": "SufficiencyAssessment", "model": "cyankiwi/Qwen3.5-4B-AWQ-4bit", "max_tokens": 1024, "temperature": 0.1, "top_p": 0.8, "presence_penalty": 1.0, "seed": 42, "message_count": 1, "event": "model_call.start", "correlation_id": "01KTX6PCNN3W920EWNK1623XZE", "query_preview": "According to Form W-9, who is considered a U.S. person for federal tax purposes?", "level": "info", "timestamp": "2026-06-12T06:01:39.759088Z"}
Authentication error: Langfuse client initialized without public_key. Client will be disabled. Provide a public_key parameter or set LANGFUSE_PUBLIC_KEY environment variable. 
{"prompt_tag": "assess_sufficiency@v4", "schema": "SufficiencyAssessment", "tokens": 2851, "event": "model_call.done", "correlation_id": "01KTX6PCNN3W920EWNK1623XZE", "query_preview": "According to Form W-9, who is considered a U.S. person for federal tax purposes?", "level": "info", "timestamp": "2026-06-12T06:01:40.601586Z"}
{"node": "answer", "regenerate_attempt": 0, "event": "start", "correlation_id": "01KTX6PCNN3W920EWNK1623XZE", "query_preview": "According to Form W-9, who is considered a U.S. person for federal tax purposes?", "level": "info", "timestamp": "2026-06-12T06:01:40.602926Z"}
{"prompt_tag": "answer@v5", "schema": "DraftAnswer", "model": "cyankiwi/Qwen3.5-4B-AWQ-4bit", "max_tokens": 1800, "temperature": 0.1, "top_p": 0.8, "presence_penalty": 1.0, "seed": 42, "message_count": 2, "event": "model_call.start", "correlation_id": "01KTX6PCNN3W920EWNK1623XZE", "query_preview": "According to Form W-9, who is considered a U.S. person for federal tax purposes?", "level": "info", "timestamp": "2026-06-12T06:01:40.604958Z"}
Authentication error: Langfuse client initialized without public_key. Client will be disabled. Provide a public_key parameter or set LANGFUSE_PUBLIC_KEY environment variable. 
{"prompt_tag": "answer@v5", "schema": "DraftAnswer", "tokens": 4567, "event": "model_call.done", "correlation_id": "01KTX6PCNN3W920EWNK1623XZE", "query_preview": "According to Form W-9, who is considered a U.S. person for federal tax purposes?", "level": "info", "timestamp": "2026-06-12T06:01:42.811674Z"}
{"node": "answer", "original": "According to Form W-9, a U.S. person for federal tax purposes is defined as an individual who is a U.S. citizen or resid", "event": "answer.summary_scope_rebuilt", "correlation_id": "01KTX6PCNN3W920EWNK1623XZE", "query_preview": "According to Form W-9, who is considered a U.S. person for federal tax purposes?", "level": "info", "timestamp": "2026-06-12T06:01:42.811786Z"}
{"node": "verify", "claim_count": 1, "event": "start", "correlation_id": "01KTX6PCNN3W920EWNK1623XZE", "query_preview": "According to Form W-9, who is considered a U.S. person for federal tax purposes?", "level": "info", "timestamp": "2026-06-12T06:01:42.812680Z"}
{"prompt_tag": "verify_grounding@v2", "schema": "VerificationResult", "model": "cyankiwi/Qwen3.5-4B-AWQ-4bit", "max_tokens": 1024, "temperature": 0.1, "top_p": 0.8, "presence_penalty": 1.0, "seed": 42, "message_count": 1, "event": "model_call.start", "correlation_id": "01KTX6PCNN3W920EWNK1623XZE", "query_preview": "According to Form W-9, who is considered a U.S. person for federal tax purposes?", "level": "info", "timestamp": "2026-06-12T06:01:42.815647Z"}
Authentication error: Langfuse client initialized without public_key. Client will be disabled. Provide a public_key parameter or set LANGFUSE_PUBLIC_KEY environment variable. 
{"prompt_tag": "verify_grounding@v2", "schema": "VerificationResult", "tokens": 2807, "event": "model_call.done", "correlation_id": "01KTX6PCNN3W920EWNK1623XZE", "query_preview": "According to Form W-9, who is considered a U.S. person for federal tax purposes?", "level": "info", "timestamp": "2026-06-12T06:01:43.429810Z"}
{"node": "assess_relevance", "event": "start", "correlation_id": "01KTX6PCNN3W920EWNK1623XZE", "query_preview": "According to Form W-9, who is considered a U.S. person for federal tax purposes?", "level": "info", "timestamp": "2026-06-12T06:01:43.434561Z"}
{"node": "assess_relevance", "event": "relevance.scope_rebuilt_refuse", "correlation_id": "01KTX6PCNN3W920EWNK1623XZE", "query_preview": "According to Form W-9, who is considered a U.S. person for federal tax purposes?", "level": "info", "timestamp": "2026-06-12T06:01:43.434597Z"}
{"node": "refuse", "event": "start", "correlation_id": "01KTX6PCNN3W920EWNK1623XZE", "query_preview": "According to Form W-9, who is considered a U.S. person for federal tax purposes?", "level": "info", "timestamp": "2026-06-12T06:01:43.435362Z"}
Authentication error: Langfuse client initialized without public_key. Client will be disabled. Provide a public_key parameter or set LANGFUSE_PUBLIC_KEY environment variable. 
{"node": "retrieve", "query_len": 69, "event": "start", "correlation_id": "01KTX6R2RBXS5KP3H9JH0C4YCS", "query_preview": "What happens if a requester misuses TINs in violation of federal law?", "level": "info", "timestamp": "2026-06-12T06:01:43.436789Z"}
{"query_len": 69, "k": 50, "event": "hybrid.start", "correlation_id": "01KTX6R2RBXS5KP3H9JH0C4YCS", "query_preview": "What happens if a requester misuses TINs in violation of federal law?", "level": "info", "timestamp": "2026-06-12T06:01:43.436825Z"}
{"query_len": 69, "k": 50, "dense": 50, "bm25": 0, "fused": 50, "term": false, "event": "hybrid.done", "correlation_id": "01KTX6R2RBXS5KP3H9JH0C4YCS", "query_preview": "What happens if a requester misuses TINs in violation of federal law?", "level": "info", "timestamp": "2026-06-12T06:01:43.516125Z"}
{"node": "retrieve", "candidate_count": 50, "event": "done", "correlation_id": "01KTX6R2RBXS5KP3H9JH0C4YCS", "query_preview": "What happens if a requester misuses TINs in violation of federal law?", "level": "info", "timestamp": "2026-06-12T06:01:43.516852Z"}
{"node": "expand_graph", "reason": "disabled_or_empty", "event": "skip", "correlation_id": "01KTX6R2RBXS5KP3H9JH0C4YCS", "query_preview": "What happens if a requester misuses TINs in violation of federal law?", "level": "info", "timestamp": "2026-06-12T06:01:43.517947Z"}
{"node": "rerank", "candidate_count": 50, "event": "start", "correlation_id": "01KTX6R2RBXS5KP3H9JH0C4YCS", "query_preview": "What happens if a requester misuses TINs in violation of federal law?", "level": "info", "timestamp": "2026-06-12T06:01:43.518351Z"}
{"node": "rerank", "top_k": 5, "source": "mode", "event": "top_k_resolved", "correlation_id": "01KTX6R2RBXS5KP3H9JH0C4YCS", "query_preview": "What happens if a requester misuses TINs in violation of federal law?", "level": "info", "timestamp": "2026-06-12T06:01:43.518396Z"}
{"candidates": 50, "top_k": 5, "backend": "cross_encoder", "event": "rerank.start", "correlation_id": "01KTX6R2RBXS5KP3H9JH0C4YCS", "query_preview": "What happens if a requester misuses TINs in violation of federal law?", "level": "info", "timestamp": "2026-06-12T06:01:43.518415Z"}
{"candidates": 50, "top_k": 5, "backend": "cross_encoder", "returned": 5, "event": "rerank.done", "correlation_id": "01KTX6R2RBXS5KP3H9JH0C4YCS", "query_preview": "What happens if a requester misuses TINs in violation of federal law?", "level": "info", "timestamp": "2026-06-12T06:02:28.786893Z"}
{"node": "rerank", "reranked_count": 5, "event": "done", "correlation_id": "01KTX6R2RBXS5KP3H9JH0C4YCS", "query_preview": "What happens if a requester misuses TINs in violation of federal law?", "level": "info", "timestamp": "2026-06-12T06:02:28.787008Z"}
{"node": "query_tables", "reason": "empty_or_not_table_shaped", "event": "skip", "correlation_id": "01KTX6R2RBXS5KP3H9JH0C4YCS", "query_preview": "What happens if a requester misuses TINs in violation of federal law?", "level": "info", "timestamp": "2026-06-12T06:02:28.789592Z"}
{"node": "assess", "reranked_count": 5, "event": "start", "correlation_id": "01KTX6R2RBXS5KP3H9JH0C4YCS", "query_preview": "What happens if a requester misuses TINs in violation of federal law?", "level": "info", "timestamp": "2026-06-12T06:02:28.790638Z"}
{"prompt_tag": "assess_sufficiency@v4", "schema": "SufficiencyAssessment", "model": "cyankiwi/Qwen3.5-4B-AWQ-4bit", "max_tokens": 1024, "temperature": 0.1, "top_p": 0.8, "presence_penalty": 1.0, "seed": 42, "message_count": 1, "event": "model_call.start", "correlation_id": "01KTX6R2RBXS5KP3H9JH0C4YCS", "query_preview": "What happens if a requester misuses TINs in violation of federal law?", "level": "info", "timestamp": "2026-06-12T06:02:28.793081Z"}
Authentication error: Langfuse client initialized without public_key. Client will be disabled. Provide a public_key parameter or set LANGFUSE_PUBLIC_KEY environment variable. 
{"prompt_tag": "assess_sufficiency@v4", "schema": "SufficiencyAssessment", "tokens": 2385, "event": "model_call.done", "correlation_id": "01KTX6R2RBXS5KP3H9JH0C4YCS", "query_preview": "What happens if a requester misuses TINs in violation of federal law?", "level": "info", "timestamp": "2026-06-12T06:02:29.808174Z"}
{"node": "answer", "regenerate_attempt": 0, "event": "start", "correlation_id": "01KTX6R2RBXS5KP3H9JH0C4YCS", "query_preview": "What happens if a requester misuses TINs in violation of federal law?", "level": "info", "timestamp": "2026-06-12T06:02:29.809914Z"}
{"prompt_tag": "answer@v5", "schema": "DraftAnswer", "model": "cyankiwi/Qwen3.5-4B-AWQ-4bit", "max_tokens": 1800, "temperature": 0.1, "top_p": 0.8, "presence_penalty": 1.0, "seed": 42, "message_count": 2, "event": "model_call.start", "correlation_id": "01KTX6R2RBXS5KP3H9JH0C4YCS", "query_preview": "What happens if a requester misuses TINs in violation of federal law?", "level": "info", "timestamp": "2026-06-12T06:02:29.812544Z"}
Authentication error: Langfuse client initialized without public_key. Client will be disabled. Provide a public_key parameter or set LANGFUSE_PUBLIC_KEY environment variable. 
{"prompt_tag": "answer@v5", "schema": "DraftAnswer", "tokens": 3993, "event": "model_call.done", "correlation_id": "01KTX6R2RBXS5KP3H9JH0C4YCS", "query_preview": "What happens if a requester misuses TINs in violation of federal law?", "level": "info", "timestamp": "2026-06-12T06:02:31.232138Z"}
{"node": "answer", "original": "If a requester misuses TINs in violation of federal law, they may be subject to civil and criminal penalties.", "event": "answer.summary_scope_rebuilt", "correlation_id": "01KTX6R2RBXS5KP3H9JH0C4YCS", "query_preview": "What happens if a requester misuses TINs in violation of federal law?", "level": "info", "timestamp": "2026-06-12T06:02:31.232209Z"}
{"node": "verify", "claim_count": 1, "event": "start", "correlation_id": "01KTX6R2RBXS5KP3H9JH0C4YCS", "query_preview": "What happens if a requester misuses TINs in violation of federal law?", "level": "info", "timestamp": "2026-06-12T06:02:31.233171Z"}
{"prompt_tag": "verify_grounding@v2", "schema": "VerificationResult", "model": "cyankiwi/Qwen3.5-4B-AWQ-4bit", "max_tokens": 1024, "temperature": 0.1, "top_p": 0.8, "presence_penalty": 1.0, "seed": 42, "message_count": 1, "event": "model_call.start", "correlation_id": "01KTX6R2RBXS5KP3H9JH0C4YCS", "query_preview": "What happens if a requester misuses TINs in violation of federal law?", "level": "info", "timestamp": "2026-06-12T06:02:31.237082Z"}
Authentication error: Langfuse client initialized without public_key. Client will be disabled. Provide a public_key parameter or set LANGFUSE_PUBLIC_KEY environment variable. 
{"prompt_tag": "verify_grounding@v2", "schema": "VerificationResult", "tokens": 2275, "event": "model_call.done", "correlation_id": "01KTX6R2RBXS5KP3H9JH0C4YCS", "query_preview": "What happens if a requester misuses TINs in violation of federal law?", "level": "info", "timestamp": "2026-06-12T06:02:31.769337Z"}
{"node": "assess_relevance", "event": "start", "correlation_id": "01KTX6R2RBXS5KP3H9JH0C4YCS", "query_preview": "What happens if a requester misuses TINs in violation of federal law?", "level": "info", "timestamp": "2026-06-12T06:02:31.771004Z"}
{"node": "assess_relevance", "event": "relevance.scope_rebuilt_refuse", "correlation_id": "01KTX6R2RBXS5KP3H9JH0C4YCS", "query_preview": "What happens if a requester misuses TINs in violation of federal law?", "level": "info", "timestamp": "2026-06-12T06:02:31.771055Z"}
{"node": "refuse", "event": "start", "correlation_id": "01KTX6R2RBXS5KP3H9JH0C4YCS", "query_preview": "What happens if a requester misuses TINs in violation of federal law?", "level": "info", "timestamp": "2026-06-12T06:02:31.772091Z"}
Authentication error: Langfuse client initialized without public_key. Client will be disabled. Provide a public_key parameter or set LANGFUSE_PUBLIC_KEY environment variable. 
{"node": "retrieve", "query_len": 84, "event": "start", "correlation_id": "01KTX6SHYWNPGJ96WSPWRYT0F5", "query_preview": "For a joint account documented to an FFI, what must each U.S.-person holder prov", "level": "info", "timestamp": "2026-06-12T06:02:31.773857Z"}
{"query_len": 84, "k": 50, "event": "hybrid.start", "correlation_id": "01KTX6SHYWNPGJ96WSPWRYT0F5", "query_preview": "For a joint account documented to an FFI, what must each U.S.-person holder prov", "level": "info", "timestamp": "2026-06-12T06:02:31.773908Z"}
{"query_len": 84, "k": 50, "dense": 50, "bm25": 0, "fused": 50, "term": false, "event": "hybrid.done", "correlation_id": "01KTX6SHYWNPGJ96WSPWRYT0F5", "query_preview": "For a joint account documented to an FFI, what must each U.S.-person holder prov", "level": "info", "timestamp": "2026-06-12T06:02:31.866249Z"}
{"node": "retrieve", "candidate_count": 50, "event": "done", "correlation_id": "01KTX6SHYWNPGJ96WSPWRYT0F5", "query_preview": "For a joint account documented to an FFI, what must each U.S.-person holder prov", "level": "info", "timestamp": "2026-06-12T06:02:31.867164Z"}
{"node": "expand_graph", "reason": "disabled_or_empty", "event": "skip", "correlation_id": "01KTX6SHYWNPGJ96WSPWRYT0F5", "query_preview": "For a joint account documented to an FFI, what must each U.S.-person holder prov", "level": "info", "timestamp": "2026-06-12T06:02:31.868791Z"}
{"node": "rerank", "candidate_count": 50, "event": "start", "correlation_id": "01KTX6SHYWNPGJ96WSPWRYT0F5", "query_preview": "For a joint account documented to an FFI, what must each U.S.-person holder prov", "level": "info", "timestamp": "2026-06-12T06:02:31.869352Z"}
{"node": "rerank", "top_k": 5, "source": "mode", "event": "top_k_resolved", "correlation_id": "01KTX6SHYWNPGJ96WSPWRYT0F5", "query_preview": "For a joint account documented to an FFI, what must each U.S.-person holder prov", "level": "info", "timestamp": "2026-06-12T06:02:31.869404Z"}
{"candidates": 50, "top_k": 5, "backend": "cross_encoder", "event": "rerank.start", "correlation_id": "01KTX6SHYWNPGJ96WSPWRYT0F5", "query_preview": "For a joint account documented to an FFI, what must each U.S.-person holder prov", "level": "info", "timestamp": "2026-06-12T06:02:31.869436Z"}
{"candidates": 50, "top_k": 5, "backend": "cross_encoder", "returned": 5, "event": "rerank.done", "correlation_id": "01KTX6SHYWNPGJ96WSPWRYT0F5", "query_preview": "For a joint account documented to an FFI, what must each U.S.-person holder prov", "level": "info", "timestamp": "2026-06-12T06:03:20.800882Z"}
{"node": "rerank", "reranked_count": 5, "event": "done", "correlation_id": "01KTX6SHYWNPGJ96WSPWRYT0F5", "query_preview": "For a joint account documented to an FFI, what must each U.S.-person holder prov", "level": "info", "timestamp": "2026-06-12T06:03:20.800984Z"}
{"prompt_tag": "generate_table_sql@v1", "schema": "GeneratedSQL", "model": "cyankiwi/Qwen3.5-4B-AWQ-4bit", "max_tokens": 1024, "temperature": 0.1, "top_p": 0.8, "presence_penalty": 1.0, "seed": 42, "message_count": 1, "event": "model_call.start", "correlation_id": "01KTX6SHYWNPGJ96WSPWRYT0F5", "query_preview": "For a joint account documented to an FFI, what must each U.S.-person holder prov", "level": "info", "timestamp": "2026-06-12T06:03:20.835929Z"}
Authentication error: Langfuse client initialized without public_key. Client will be disabled. Provide a public_key parameter or set LANGFUSE_PUBLIC_KEY environment variable. 
{"prompt_tag": "generate_table_sql@v1", "schema": "GeneratedSQL", "tokens": 1449, "event": "model_call.done", "correlation_id": "01KTX6SHYWNPGJ96WSPWRYT0F5", "query_preview": "For a joint account documented to an FFI, what must each U.S.-person holder prov", "level": "info", "timestamp": "2026-06-12T06:03:21.714815Z"}
{"node": "query_doc_tables", "sql": "SELECT * FROM c_0cfe863fe0 WHERE what_name_and_number LIKE '%Two or more U.S. persons (joint account maintained by an FFI)%'", "target": "c_0cfe863fe0", "event": "table_sql.generated", "correlation_id": "01KTX6SHYWNPGJ96WSPWRYT0F5", "query_preview": "For a joint account documented to an FFI, what must each U.S.-person holder prov", "level": "info", "timestamp": "2026-06-12T06:03:21.714871Z"}
{"node": "query_doc_tables", "kind": "rows", "target": "0cfe863fe0", "event": "table_sql.result", "correlation_id": "01KTX6SHYWNPGJ96WSPWRYT0F5", "query_preview": "For a joint account documented to an FFI, what must each U.S.-person holder prov", "level": "info", "timestamp": "2026-06-12T06:03:21.716398Z"}
{"node": "query_tables", "kind": "rows", "chunk_id": "2d420cbb-irs-w9#sql0001", "event": "injected", "correlation_id": "01KTX6SHYWNPGJ96WSPWRYT0F5", "query_preview": "For a joint account documented to an FFI, what must each U.S.-person holder prov", "level": "info", "timestamp": "2026-06-12T06:03:21.716798Z"}
{"node": "assess", "reranked_count": 6, "event": "start", "correlation_id": "01KTX6SHYWNPGJ96WSPWRYT0F5", "query_preview": "For a joint account documented to an FFI, what must each U.S.-person holder prov", "level": "info", "timestamp": "2026-06-12T06:03:21.717709Z"}
{"prompt_tag": "assess_sufficiency@v4", "schema": "SufficiencyAssessment", "model": "cyankiwi/Qwen3.5-4B-AWQ-4bit", "max_tokens": 1024, "temperature": 0.1, "top_p": 0.8, "presence_penalty": 1.0, "seed": 42, "message_count": 1, "event": "model_call.start", "correlation_id": "01KTX6SHYWNPGJ96WSPWRYT0F5", "query_preview": "For a joint account documented to an FFI, what must each U.S.-person holder prov", "level": "info", "timestamp": "2026-06-12T06:03:21.719454Z"}
Authentication error: Langfuse client initialized without public_key. Client will be disabled. Provide a public_key parameter or set LANGFUSE_PUBLIC_KEY environment variable. 
{"prompt_tag": "assess_sufficiency@v4", "schema": "SufficiencyAssessment", "tokens": 2985, "event": "model_call.done", "correlation_id": "01KTX6SHYWNPGJ96WSPWRYT0F5", "query_preview": "For a joint account documented to an FFI, what must each U.S.-person holder prov", "level": "info", "timestamp": "2026-06-12T06:03:22.611230Z"}
{"node": "answer", "regenerate_attempt": 0, "event": "start", "correlation_id": "01KTX6SHYWNPGJ96WSPWRYT0F5", "query_preview": "For a joint account documented to an FFI, what must each U.S.-person holder prov", "level": "info", "timestamp": "2026-06-12T06:03:22.612873Z"}
{"prompt_tag": "answer@v5", "schema": "DraftAnswer", "model": "cyankiwi/Qwen3.5-4B-AWQ-4bit", "max_tokens": 1800, "temperature": 0.1, "top_p": 0.8, "presence_penalty": 1.0, "seed": 42, "message_count": 2, "event": "model_call.start", "correlation_id": "01KTX6SHYWNPGJ96WSPWRYT0F5", "query_preview": "For a joint account documented to an FFI, what must each U.S.-person holder prov", "level": "info", "timestamp": "2026-06-12T06:03:22.615532Z"}
Authentication error: Langfuse client initialized without public_key. Client will be disabled. Provide a public_key parameter or set LANGFUSE_PUBLIC_KEY environment variable. 
{"prompt_tag": "answer@v5", "schema": "DraftAnswer", "tokens": 4742, "event": "model_call.done", "correlation_id": "01KTX6SHYWNPGJ96WSPWRYT0F5", "query_preview": "For a joint account documented to an FFI, what must each U.S.-person holder prov", "level": "info", "timestamp": "2026-06-12T06:03:25.291879Z"}
{"node": "answer", "original": "For a joint account documented to an FFI, each U.S.-person holder must provide a Form W-9. The table indicates that for ", "event": "answer.summary_scope_rebuilt", "correlation_id": "01KTX6SHYWNPGJ96WSPWRYT0F5", "query_preview": "For a joint account documented to an FFI, what must each U.S.-person holder prov", "level": "info", "timestamp": "2026-06-12T06:03:25.291991Z"}
{"node": "verify", "claim_count": 2, "event": "start", "correlation_id": "01KTX6SHYWNPGJ96WSPWRYT0F5", "query_preview": "For a joint account documented to an FFI, what must each U.S.-person holder prov", "level": "info", "timestamp": "2026-06-12T06:03:25.292978Z"}
{"prompt_tag": "verify_grounding@v2", "schema": "VerificationResult", "model": "cyankiwi/Qwen3.5-4B-AWQ-4bit", "max_tokens": 1024, "temperature": 0.1, "top_p": 0.8, "presence_penalty": 1.0, "seed": 42, "message_count": 1, "event": "model_call.start", "correlation_id": "01KTX6SHYWNPGJ96WSPWRYT0F5", "query_preview": "For a joint account documented to an FFI, what must each U.S.-person holder prov", "level": "info", "timestamp": "2026-06-12T06:03:25.296979Z"}
Authentication error: Langfuse client initialized without public_key. Client will be disabled. Provide a public_key parameter or set LANGFUSE_PUBLIC_KEY environment variable. 
{"prompt_tag": "verify_grounding@v2", "schema": "VerificationResult", "tokens": 2641, "event": "model_call.done", "correlation_id": "01KTX6SHYWNPGJ96WSPWRYT0F5", "query_preview": "For a joint account documented to an FFI, what must each U.S.-person holder prov", "level": "info", "timestamp": "2026-06-12T06:03:25.908961Z"}
{"node": "assess_relevance", "event": "start", "correlation_id": "01KTX6SHYWNPGJ96WSPWRYT0F5", "query_preview": "For a joint account documented to an FFI, what must each U.S.-person holder prov", "level": "info", "timestamp": "2026-06-12T06:03:25.910724Z"}
{"node": "assess_relevance", "event": "relevance.scope_rebuilt_refuse", "correlation_id": "01KTX6SHYWNPGJ96WSPWRYT0F5", "query_preview": "For a joint account documented to an FFI, what must each U.S.-person holder prov", "level": "info", "timestamp": "2026-06-12T06:03:25.910775Z"}
{"node": "refuse", "event": "start", "correlation_id": "01KTX6SHYWNPGJ96WSPWRYT0F5", "query_preview": "For a joint account documented to an FFI, what must each U.S.-person holder prov", "level": "info", "timestamp": "2026-06-12T06:03:25.911808Z"}
Authentication error: Langfuse client initialized without public_key. Client will be disabled. Provide a public_key parameter or set LANGFUSE_PUBLIC_KEY environment variable. 
{"node": "retrieve", "query_len": 66, "event": "start", "correlation_id": "01KTX6V6TRFEZ8B8T7Y1NTGNEE", "query_preview": "What is the deadline by which Form W-9 must be filed with the IRS?", "level": "info", "timestamp": "2026-06-12T06:03:25.913657Z"}
{"query_len": 66, "k": 50, "event": "hybrid.start", "correlation_id": "01KTX6V6TRFEZ8B8T7Y1NTGNEE", "query_preview": "What is the deadline by which Form W-9 must be filed with the IRS?", "level": "info", "timestamp": "2026-06-12T06:03:25.913702Z"}
{"query_len": 66, "k": 50, "dense": 50, "bm25": 0, "fused": 50, "term": false, "event": "hybrid.done", "correlation_id": "01KTX6V6TRFEZ8B8T7Y1NTGNEE", "query_preview": "What is the deadline by which Form W-9 must be filed with the IRS?", "level": "info", "timestamp": "2026-06-12T06:03:26.482710Z"}
{"node": "retrieve", "candidate_count": 50, "event": "done", "correlation_id": "01KTX6V6TRFEZ8B8T7Y1NTGNEE", "query_preview": "What is the deadline by which Form W-9 must be filed with the IRS?", "level": "info", "timestamp": "2026-06-12T06:03:26.483804Z"}
{"node": "expand_graph", "reason": "disabled_or_empty", "event": "skip", "correlation_id": "01KTX6V6TRFEZ8B8T7Y1NTGNEE", "query_preview": "What is the deadline by which Form W-9 must be filed with the IRS?", "level": "info", "timestamp": "2026-06-12T06:03:26.485153Z"}
{"node": "rerank", "candidate_count": 50, "event": "start", "correlation_id": "01KTX6V6TRFEZ8B8T7Y1NTGNEE", "query_preview": "What is the deadline by which Form W-9 must be filed with the IRS?", "level": "info", "timestamp": "2026-06-12T06:03:26.485650Z"}
{"node": "rerank", "top_k": 5, "source": "mode", "event": "top_k_resolved", "correlation_id": "01KTX6V6TRFEZ8B8T7Y1NTGNEE", "query_preview": "What is the deadline by which Form W-9 must be filed with the IRS?", "level": "info", "timestamp": "2026-06-12T06:03:26.485696Z"}
{"candidates": 50, "top_k": 5, "backend": "cross_encoder", "event": "rerank.start", "correlation_id": "01KTX6V6TRFEZ8B8T7Y1NTGNEE", "query_preview": "What is the deadline by which Form W-9 must be filed with the IRS?", "level": "info", "timestamp": "2026-06-12T06:03:26.485721Z"}
{"candidates": 50, "top_k": 5, "backend": "cross_encoder", "returned": 5, "event": "rerank.done", "correlation_id": "01KTX6V6TRFEZ8B8T7Y1NTGNEE", "query_preview": "What is the deadline by which Form W-9 must be filed with the IRS?", "level": "info", "timestamp": "2026-06-12T06:04:12.107443Z"}
{"node": "rerank", "reranked_count": 5, "event": "done", "correlation_id": "01KTX6V6TRFEZ8B8T7Y1NTGNEE", "query_preview": "What is the deadline by which Form W-9 must be filed with the IRS?", "level": "info", "timestamp": "2026-06-12T06:04:12.107547Z"}
{"node": "query_tables", "reason": "empty_or_not_table_shaped", "event": "skip", "correlation_id": "01KTX6V6TRFEZ8B8T7Y1NTGNEE", "query_preview": "What is the deadline by which Form W-9 must be filed with the IRS?", "level": "info", "timestamp": "2026-06-12T06:04:12.109778Z"}
{"node": "assess", "reranked_count": 5, "event": "start", "correlation_id": "01KTX6V6TRFEZ8B8T7Y1NTGNEE", "query_preview": "What is the deadline by which Form W-9 must be filed with the IRS?", "level": "info", "timestamp": "2026-06-12T06:04:12.110675Z"}
{"prompt_tag": "assess_sufficiency@v4", "schema": "SufficiencyAssessment", "model": "cyankiwi/Qwen3.5-4B-AWQ-4bit", "max_tokens": 1024, "temperature": 0.1, "top_p": 0.8, "presence_penalty": 1.0, "seed": 42, "message_count": 1, "event": "model_call.start", "correlation_id": "01KTX6V6TRFEZ8B8T7Y1NTGNEE", "query_preview": "What is the deadline by which Form W-9 must be filed with the IRS?", "level": "info", "timestamp": "2026-06-12T06:04:12.112916Z"}
Authentication error: Langfuse client initialized without public_key. Client will be disabled. Provide a public_key parameter or set LANGFUSE_PUBLIC_KEY environment variable. 
{"prompt_tag": "assess_sufficiency@v4", "schema": "SufficiencyAssessment", "tokens": 2622, "event": "model_call.done", "correlation_id": "01KTX6V6TRFEZ8B8T7Y1NTGNEE", "query_preview": "What is the deadline by which Form W-9 must be filed with the IRS?", "level": "info", "timestamp": "2026-06-12T06:04:12.963439Z"}
{"node": "refuse", "event": "start", "correlation_id": "01KTX6V6TRFEZ8B8T7Y1NTGNEE", "query_preview": "What is the deadline by which Form W-9 must be filed with the IRS?", "level": "info", "timestamp": "2026-06-12T06:04:12.965116Z"}
Authentication error: Langfuse client initialized without public_key. Client will be disabled. Provide a public_key parameter or set LANGFUSE_PUBLIC_KEY environment variable. 
{"node": "retrieve", "query_len": 47, "event": "start", "correlation_id": "01KTX6WMS5EJYBHRWJTRB221SJ", "query_preview": "What is the filing fee for submitting Form W-9?", "level": "info", "timestamp": "2026-06-12T06:04:12.967042Z"}
{"query_len": 47, "k": 50, "event": "hybrid.start", "correlation_id": "01KTX6WMS5EJYBHRWJTRB221SJ", "query_preview": "What is the filing fee for submitting Form W-9?", "level": "info", "timestamp": "2026-06-12T06:04:12.967089Z"}
{"query_len": 47, "k": 50, "dense": 50, "bm25": 0, "fused": 50, "term": false, "event": "hybrid.done", "correlation_id": "01KTX6WMS5EJYBHRWJTRB221SJ", "query_preview": "What is the filing fee for submitting Form W-9?", "level": "info", "timestamp": "2026-06-12T06:04:13.064536Z"}
{"node": "retrieve", "candidate_count": 50, "event": "done", "correlation_id": "01KTX6WMS5EJYBHRWJTRB221SJ", "query_preview": "What is the filing fee for submitting Form W-9?", "level": "info", "timestamp": "2026-06-12T06:04:13.065791Z"}
{"node": "expand_graph", "reason": "disabled_or_empty", "event": "skip", "correlation_id": "01KTX6WMS5EJYBHRWJTRB221SJ", "query_preview": "What is the filing fee for submitting Form W-9?", "level": "info", "timestamp": "2026-06-12T06:04:13.067394Z"}
{"node": "rerank", "candidate_count": 50, "event": "start", "correlation_id": "01KTX6WMS5EJYBHRWJTRB221SJ", "query_preview": "What is the filing fee for submitting Form W-9?", "level": "info", "timestamp": "2026-06-12T06:04:13.067934Z"}
{"node": "rerank", "top_k": 5, "source": "mode", "event": "top_k_resolved", "correlation_id": "01KTX6WMS5EJYBHRWJTRB221SJ", "query_preview": "What is the filing fee for submitting Form W-9?", "level": "info", "timestamp": "2026-06-12T06:04:13.067984Z"}
{"candidates": 50, "top_k": 5, "backend": "cross_encoder", "event": "rerank.start", "correlation_id": "01KTX6WMS5EJYBHRWJTRB221SJ", "query_preview": "What is the filing fee for submitting Form W-9?", "level": "info", "timestamp": "2026-06-12T06:04:13.068010Z"}
{"candidates": 50, "top_k": 5, "backend": "cross_encoder", "returned": 5, "event": "rerank.done", "correlation_id": "01KTX6WMS5EJYBHRWJTRB221SJ", "query_preview": "What is the filing fee for submitting Form W-9?", "level": "info", "timestamp": "2026-06-12T06:05:06.172242Z"}
{"node": "rerank", "reranked_count": 5, "event": "done", "correlation_id": "01KTX6WMS5EJYBHRWJTRB221SJ", "query_preview": "What is the filing fee for submitting Form W-9?", "level": "info", "timestamp": "2026-06-12T06:05:06.172356Z"}
{"node": "query_tables", "reason": "empty_or_not_table_shaped", "event": "skip", "correlation_id": "01KTX6WMS5EJYBHRWJTRB221SJ", "query_preview": "What is the filing fee for submitting Form W-9?", "level": "info", "timestamp": "2026-06-12T06:05:06.174762Z"}
{"node": "assess", "reranked_count": 5, "event": "start", "correlation_id": "01KTX6WMS5EJYBHRWJTRB221SJ", "query_preview": "What is the filing fee for submitting Form W-9?", "level": "info", "timestamp": "2026-06-12T06:05:06.175721Z"}
{"prompt_tag": "assess_sufficiency@v4", "schema": "SufficiencyAssessment", "model": "cyankiwi/Qwen3.5-4B-AWQ-4bit", "max_tokens": 1024, "temperature": 0.1, "top_p": 0.8, "presence_penalty": 1.0, "seed": 42, "message_count": 1, "event": "model_call.start", "correlation_id": "01KTX6WMS5EJYBHRWJTRB221SJ", "query_preview": "What is the filing fee for submitting Form W-9?", "level": "info", "timestamp": "2026-06-12T06:05:06.178080Z"}
Authentication error: Langfuse client initialized without public_key. Client will be disabled. Provide a public_key parameter or set LANGFUSE_PUBLIC_KEY environment variable. 
{"prompt_tag": "assess_sufficiency@v4", "schema": "SufficiencyAssessment", "tokens": 2847, "event": "model_call.done", "correlation_id": "01KTX6WMS5EJYBHRWJTRB221SJ", "query_preview": "What is the filing fee for submitting Form W-9?", "level": "info", "timestamp": "2026-06-12T06:05:07.031866Z"}
{"node": "refuse", "event": "start", "correlation_id": "01KTX6WMS5EJYBHRWJTRB221SJ", "query_preview": "What is the filing fee for submitting Form W-9?", "level": "info", "timestamp": "2026-06-12T06:05:07.033293Z"}
Authentication error: Langfuse client initialized without public_key. Client will be disabled. Provide a public_key parameter or set LANGFUSE_PUBLIC_KEY environment variable. 
{"node": "retrieve", "query_len": 85, "event": "start", "correlation_id": "01KTX6Y9JS49XJBVQGNJ1KEXD3", "query_preview": "What dollar threshold of payments must be exceeded before backup withholding app", "level": "info", "timestamp": "2026-06-12T06:05:07.035127Z"}
{"query_len": 85, "k": 50, "event": "hybrid.start", "correlation_id": "01KTX6Y9JS49XJBVQGNJ1KEXD3", "query_preview": "What dollar threshold of payments must be exceeded before backup withholding app", "level": "info", "timestamp": "2026-06-12T06:05:07.035169Z"}
{"query_len": 85, "k": 50, "dense": 50, "bm25": 0, "fused": 50, "term": false, "event": "hybrid.done", "correlation_id": "01KTX6Y9JS49XJBVQGNJ1KEXD3", "query_preview": "What dollar threshold of payments must be exceeded before backup withholding app", "level": "info", "timestamp": "2026-06-12T06:05:07.114615Z"}
{"node": "retrieve", "candidate_count": 50, "event": "done", "correlation_id": "01KTX6Y9JS49XJBVQGNJ1KEXD3", "query_preview": "What dollar threshold of payments must be exceeded before backup withholding app", "level": "info", "timestamp": "2026-06-12T06:05:07.115620Z"}
{"node": "expand_graph", "reason": "disabled_or_empty", "event": "skip", "correlation_id": "01KTX6Y9JS49XJBVQGNJ1KEXD3", "query_preview": "What dollar threshold of payments must be exceeded before backup withholding app", "level": "info", "timestamp": "2026-06-12T06:05:07.117364Z"}
{"node": "rerank", "candidate_count": 50, "event": "start", "correlation_id": "01KTX6Y9JS49XJBVQGNJ1KEXD3", "query_preview": "What dollar threshold of payments must be exceeded before backup withholding app", "level": "info", "timestamp": "2026-06-12T06:05:07.118044Z"}
{"node": "rerank", "top_k": 5, "source": "mode", "event": "top_k_resolved", "correlation_id": "01KTX6Y9JS49XJBVQGNJ1KEXD3", "query_preview": "What dollar threshold of payments must be exceeded before backup withholding app", "level": "info", "timestamp": "2026-06-12T06:05:07.118104Z"}
{"candidates": 50, "top_k": 5, "backend": "cross_encoder", "event": "rerank.start", "correlation_id": "01KTX6Y9JS49XJBVQGNJ1KEXD3", "query_preview": "What dollar threshold of payments must be exceeded before backup withholding app", "level": "info", "timestamp": "2026-06-12T06:05:07.118129Z"}
{"candidates": 50, "top_k": 5, "backend": "cross_encoder", "returned": 5, "event": "rerank.done", "correlation_id": "01KTX6Y9JS49XJBVQGNJ1KEXD3", "query_preview": "What dollar threshold of payments must be exceeded before backup withholding app", "level": "info", "timestamp": "2026-06-12T06:06:11.051721Z"}
{"node": "rerank", "reranked_count": 5, "event": "done", "correlation_id": "01KTX6Y9JS49XJBVQGNJ1KEXD3", "query_preview": "What dollar threshold of payments must be exceeded before backup withholding app", "level": "info", "timestamp": "2026-06-12T06:06:11.051828Z"}
{"node": "query_tables", "reason": "empty_or_not_table_shaped", "event": "skip", "correlation_id": "01KTX6Y9JS49XJBVQGNJ1KEXD3", "query_preview": "What dollar threshold of payments must be exceeded before backup withholding app", "level": "info", "timestamp": "2026-06-12T06:06:11.053764Z"}
{"node": "assess", "reranked_count": 5, "event": "start", "correlation_id": "01KTX6Y9JS49XJBVQGNJ1KEXD3", "query_preview": "What dollar threshold of payments must be exceeded before backup withholding app", "level": "info", "timestamp": "2026-06-12T06:06:11.054499Z"}
{"prompt_tag": "assess_sufficiency@v4", "schema": "SufficiencyAssessment", "model": "cyankiwi/Qwen3.5-4B-AWQ-4bit", "max_tokens": 1024, "temperature": 0.1, "top_p": 0.8, "presence_penalty": 1.0, "seed": 42, "message_count": 1, "event": "model_call.start", "correlation_id": "01KTX6Y9JS49XJBVQGNJ1KEXD3", "query_preview": "What dollar threshold of payments must be exceeded before backup withholding app", "level": "info", "timestamp": "2026-06-12T06:06:11.056530Z"}
Authentication error: Langfuse client initialized without public_key. Client will be disabled. Provide a public_key parameter or set LANGFUSE_PUBLIC_KEY environment variable. 
{"prompt_tag": "assess_sufficiency@v4", "schema": "SufficiencyAssessment", "tokens": 2131, "event": "model_call.done", "correlation_id": "01KTX6Y9JS49XJBVQGNJ1KEXD3", "query_preview": "What dollar threshold of payments must be exceeded before backup withholding app", "level": "info", "timestamp": "2026-06-12T06:06:11.778436Z"}
{"node": "refuse", "event": "start", "correlation_id": "01KTX6Y9JS49XJBVQGNJ1KEXD3", "query_preview": "What dollar threshold of payments must be exceeded before backup withholding app", "level": "info", "timestamp": "2026-06-12T06:06:11.779536Z"}
Authentication error: Langfuse client initialized without public_key. Client will be disabled. Provide a public_key parameter or set LANGFUSE_PUBLIC_KEY environment variable. 
{"node": "retrieve", "query_len": 69, "event": "start", "correlation_id": "01KTX708T42J8V40RFFBJXYNC2", "query_preview": "What is the standard deduction amount on Form 1040 for tax year 2024?", "level": "info", "timestamp": "2026-06-12T06:06:11.780946Z"}
{"query_len": 69, "k": 50, "event": "hybrid.start", "correlation_id": "01KTX708T42J8V40RFFBJXYNC2", "query_preview": "What is the standard deduction amount on Form 1040 for tax year 2024?", "level": "info", "timestamp": "2026-06-12T06:06:11.780981Z"}
{"query_len": 69, "k": 50, "dense": 50, "bm25": 0, "fused": 50, "term": false, "event": "hybrid.done", "correlation_id": "01KTX708T42J8V40RFFBJXYNC2", "query_preview": "What is the standard deduction amount on Form 1040 for tax year 2024?", "level": "info", "timestamp": "2026-06-12T06:06:11.889302Z"}
{"node": "retrieve", "candidate_count": 50, "event": "done", "correlation_id": "01KTX708T42J8V40RFFBJXYNC2", "query_preview": "What is the standard deduction amount on Form 1040 for tax year 2024?", "level": "info", "timestamp": "2026-06-12T06:06:11.890310Z"}
{"node": "expand_graph", "reason": "disabled_or_empty", "event": "skip", "correlation_id": "01KTX708T42J8V40RFFBJXYNC2", "query_preview": "What is the standard deduction amount on Form 1040 for tax year 2024?", "level": "info", "timestamp": "2026-06-12T06:06:11.891575Z"}
{"node": "rerank", "candidate_count": 50, "event": "start", "correlation_id": "01KTX708T42J8V40RFFBJXYNC2", "query_preview": "What is the standard deduction amount on Form 1040 for tax year 2024?", "level": "info", "timestamp": "2026-06-12T06:06:11.892064Z"}
{"node": "rerank", "top_k": 5, "source": "mode", "event": "top_k_resolved", "correlation_id": "01KTX708T42J8V40RFFBJXYNC2", "query_preview": "What is the standard deduction amount on Form 1040 for tax year 2024?", "level": "info", "timestamp": "2026-06-12T06:06:11.892111Z"}
{"candidates": 50, "top_k": 5, "backend": "cross_encoder", "event": "rerank.start", "correlation_id": "01KTX708T42J8V40RFFBJXYNC2", "query_preview": "What is the standard deduction amount on Form 1040 for tax year 2024?", "level": "info", "timestamp": "2026-06-12T06:06:11.892151Z"}
{"candidates": 50, "top_k": 5, "backend": "cross_encoder", "returned": 5, "event": "rerank.done", "correlation_id": "01KTX708T42J8V40RFFBJXYNC2", "query_preview": "What is the standard deduction amount on Form 1040 for tax year 2024?", "level": "info", "timestamp": "2026-06-12T06:07:18.753209Z"}
{"node": "rerank", "reranked_count": 5, "event": "done", "correlation_id": "01KTX708T42J8V40RFFBJXYNC2", "query_preview": "What is the standard deduction amount on Form 1040 for tax year 2024?", "level": "info", "timestamp": "2026-06-12T06:07:18.753313Z"}
{"node": "query_tables", "reason": "empty_or_not_table_shaped", "event": "skip", "correlation_id": "01KTX708T42J8V40RFFBJXYNC2", "query_preview": "What is the standard deduction amount on Form 1040 for tax year 2024?", "level": "info", "timestamp": "2026-06-12T06:07:18.755462Z"}
{"node": "assess", "reranked_count": 5, "event": "start", "correlation_id": "01KTX708T42J8V40RFFBJXYNC2", "query_preview": "What is the standard deduction amount on Form 1040 for tax year 2024?", "level": "info", "timestamp": "2026-06-12T06:07:18.756403Z"}
{"prompt_tag": "assess_sufficiency@v4", "schema": "SufficiencyAssessment", "model": "cyankiwi/Qwen3.5-4B-AWQ-4bit", "max_tokens": 1024, "temperature": 0.1, "top_p": 0.8, "presence_penalty": 1.0, "seed": 42, "message_count": 1, "event": "model_call.start", "correlation_id": "01KTX708T42J8V40RFFBJXYNC2", "query_preview": "What is the standard deduction amount on Form 1040 for tax year 2024?", "level": "info", "timestamp": "2026-06-12T06:07:18.758516Z"}
Authentication error: Langfuse client initialized without public_key. Client will be disabled. Provide a public_key parameter or set LANGFUSE_PUBLIC_KEY environment variable. 
{"prompt_tag": "assess_sufficiency@v4", "schema": "SufficiencyAssessment", "tokens": 3877, "event": "model_call.done", "correlation_id": "01KTX708T42J8V40RFFBJXYNC2", "query_preview": "What is the standard deduction amount on Form 1040 for tax year 2024?", "level": "info", "timestamp": "2026-06-12T06:07:19.833709Z"}
{"node": "refuse", "event": "start", "correlation_id": "01KTX708T42J8V40RFFBJXYNC2", "query_preview": "What is the standard deduction amount on Form 1040 for tax year 2024?", "level": "info", "timestamp": "2026-06-12T06:07:19.835103Z"}
Authentication error: Langfuse client initialized without public_key. Client will be disabled. Provide a public_key parameter or set LANGFUSE_PUBLIC_KEY environment variable. 
{"node": "retrieve", "query_len": 65, "event": "start", "correlation_id": "01KTX72B8VS1K60GC8JE1A2CSZ", "query_preview": "What is the annual employee contribution limit for a 401(k) plan?", "level": "info", "timestamp": "2026-06-12T06:07:19.836531Z"}
{"query_len": 65, "k": 50, "event": "hybrid.start", "correlation_id": "01KTX72B8VS1K60GC8JE1A2CSZ", "query_preview": "What is the annual employee contribution limit for a 401(k) plan?", "level": "info", "timestamp": "2026-06-12T06:07:19.836567Z"}
{"query_len": 65, "k": 50, "dense": 50, "bm25": 0, "fused": 50, "term": false, "event": "hybrid.done", "correlation_id": "01KTX72B8VS1K60GC8JE1A2CSZ", "query_preview": "What is the annual employee contribution limit for a 401(k) plan?", "level": "info", "timestamp": "2026-06-12T06:07:19.912797Z"}
{"node": "retrieve", "candidate_count": 50, "event": "done", "correlation_id": "01KTX72B8VS1K60GC8JE1A2CSZ", "query_preview": "What is the annual employee contribution limit for a 401(k) plan?", "level": "info", "timestamp": "2026-06-12T06:07:19.914128Z"}
{"node": "expand_graph", "reason": "disabled_or_empty", "event": "skip", "correlation_id": "01KTX72B8VS1K60GC8JE1A2CSZ", "query_preview": "What is the annual employee contribution limit for a 401(k) plan?", "level": "info", "timestamp": "2026-06-12T06:07:19.915626Z"}
{"node": "rerank", "candidate_count": 50, "event": "start", "correlation_id": "01KTX72B8VS1K60GC8JE1A2CSZ", "query_preview": "What is the annual employee contribution limit for a 401(k) plan?", "level": "info", "timestamp": "2026-06-12T06:07:19.916222Z"}
{"node": "rerank", "top_k": 5, "source": "mode", "event": "top_k_resolved", "correlation_id": "01KTX72B8VS1K60GC8JE1A2CSZ", "query_preview": "What is the annual employee contribution limit for a 401(k) plan?", "level": "info", "timestamp": "2026-06-12T06:07:19.916281Z"}
{"candidates": 50, "top_k": 5, "backend": "cross_encoder", "event": "rerank.start", "correlation_id": "01KTX72B8VS1K60GC8JE1A2CSZ", "query_preview": "What is the annual employee contribution limit for a 401(k) plan?", "level": "info", "timestamp": "2026-06-12T06:07:19.916316Z"}
{"candidates": 50, "top_k": 5, "backend": "cross_encoder", "returned": 5, "event": "rerank.done", "correlation_id": "01KTX72B8VS1K60GC8JE1A2CSZ", "query_preview": "What is the annual employee contribution limit for a 401(k) plan?", "level": "info", "timestamp": "2026-06-12T06:08:34.610746Z"}
{"node": "rerank", "reranked_count": 5, "event": "done", "correlation_id": "01KTX72B8VS1K60GC8JE1A2CSZ", "query_preview": "What is the annual employee contribution limit for a 401(k) plan?", "level": "info", "timestamp": "2026-06-12T06:08:34.610847Z"}
{"node": "query_tables", "reason": "empty_or_not_table_shaped", "event": "skip", "correlation_id": "01KTX72B8VS1K60GC8JE1A2CSZ", "query_preview": "What is the annual employee contribution limit for a 401(k) plan?", "level": "info", "timestamp": "2026-06-12T06:08:34.613740Z"}
{"node": "assess", "reranked_count": 5, "event": "start", "correlation_id": "01KTX72B8VS1K60GC8JE1A2CSZ", "query_preview": "What is the annual employee contribution limit for a 401(k) plan?", "level": "info", "timestamp": "2026-06-12T06:08:34.614738Z"}
{"prompt_tag": "assess_sufficiency@v4", "schema": "SufficiencyAssessment", "model": "cyankiwi/Qwen3.5-4B-AWQ-4bit", "max_tokens": 1024, "temperature": 0.1, "top_p": 0.8, "presence_penalty": 1.0, "seed": 42, "message_count": 1, "event": "model_call.start", "correlation_id": "01KTX72B8VS1K60GC8JE1A2CSZ", "query_preview": "What is the annual employee contribution limit for a 401(k) plan?", "level": "info", "timestamp": "2026-06-12T06:08:34.616925Z"}
Authentication error: Langfuse client initialized without public_key. Client will be disabled. Provide a public_key parameter or set LANGFUSE_PUBLIC_KEY environment variable. 
{"prompt_tag": "assess_sufficiency@v4", "schema": "SufficiencyAssessment", "tokens": 2527, "event": "model_call.done", "correlation_id": "01KTX72B8VS1K60GC8JE1A2CSZ", "query_preview": "What is the annual employee contribution limit for a 401(k) plan?", "level": "info", "timestamp": "2026-06-12T06:08:35.458965Z"}
{"node": "refuse", "event": "start", "correlation_id": "01KTX72B8VS1K60GC8JE1A2CSZ", "query_preview": "What is the annual employee contribution limit for a 401(k) plan?", "level": "info", "timestamp": "2026-06-12T06:08:35.460071Z"}
Authentication error: Langfuse client initialized without public_key. Client will be disabled. Provide a public_key parameter or set LANGFUSE_PUBLIC_KEY environment variable. 
{"node": "retrieve", "query_len": 84, "event": "start", "correlation_id": "01KTX74N44SFTK6JY4BVEEP8NX", "query_preview": "By what date must an employer file Form W-2 with the Social Security Administrat", "level": "info", "timestamp": "2026-06-12T06:08:35.461586Z"}
{"query_len": 84, "k": 50, "event": "hybrid.start", "correlation_id": "01KTX74N44SFTK6JY4BVEEP8NX", "query_preview": "By what date must an employer file Form W-2 with the Social Security Administrat", "level": "info", "timestamp": "2026-06-12T06:08:35.461621Z"}
{"query_len": 84, "k": 50, "dense": 50, "bm25": 0, "fused": 50, "term": false, "event": "hybrid.done", "correlation_id": "01KTX74N44SFTK6JY4BVEEP8NX", "query_preview": "By what date must an employer file Form W-2 with the Social Security Administrat", "level": "info", "timestamp": "2026-06-12T06:08:35.557500Z"}
{"node": "retrieve", "candidate_count": 50, "event": "done", "correlation_id": "01KTX74N44SFTK6JY4BVEEP8NX", "query_preview": "By what date must an employer file Form W-2 with the Social Security Administrat", "level": "info", "timestamp": "2026-06-12T06:08:35.558520Z"}
{"node": "expand_graph", "reason": "disabled_or_empty", "event": "skip", "correlation_id": "01KTX74N44SFTK6JY4BVEEP8NX", "query_preview": "By what date must an employer file Form W-2 with the Social Security Administrat", "level": "info", "timestamp": "2026-06-12T06:08:35.559802Z"}
{"node": "rerank", "candidate_count": 50, "event": "start", "correlation_id": "01KTX74N44SFTK6JY4BVEEP8NX", "query_preview": "By what date must an employer file Form W-2 with the Social Security Administrat", "level": "info", "timestamp": "2026-06-12T06:08:35.560377Z"}
{"node": "rerank", "top_k": 5, "source": "mode", "event": "top_k_resolved", "correlation_id": "01KTX74N44SFTK6JY4BVEEP8NX", "query_preview": "By what date must an employer file Form W-2 with the Social Security Administrat", "level": "info", "timestamp": "2026-06-12T06:08:35.560436Z"}
{"candidates": 50, "top_k": 5, "backend": "cross_encoder", "event": "rerank.start", "correlation_id": "01KTX74N44SFTK6JY4BVEEP8NX", "query_preview": "By what date must an employer file Form W-2 with the Social Security Administrat", "level": "info", "timestamp": "2026-06-12T06:08:35.560469Z"}
{"candidates": 50, "top_k": 5, "backend": "cross_encoder", "returned": 5, "event": "rerank.done", "correlation_id": "01KTX74N44SFTK6JY4BVEEP8NX", "query_preview": "By what date must an employer file Form W-2 with the Social Security Administrat", "level": "info", "timestamp": "2026-06-12T06:09:19.046333Z"}
{"node": "rerank", "reranked_count": 5, "event": "done", "correlation_id": "01KTX74N44SFTK6JY4BVEEP8NX", "query_preview": "By what date must an employer file Form W-2 with the Social Security Administrat", "level": "info", "timestamp": "2026-06-12T06:09:19.046439Z"}
{"node": "query_tables", "reason": "empty_or_not_table_shaped", "event": "skip", "correlation_id": "01KTX74N44SFTK6JY4BVEEP8NX", "query_preview": "By what date must an employer file Form W-2 with the Social Security Administrat", "level": "info", "timestamp": "2026-06-12T06:09:19.048744Z"}
{"node": "assess", "reranked_count": 5, "event": "start", "correlation_id": "01KTX74N44SFTK6JY4BVEEP8NX", "query_preview": "By what date must an employer file Form W-2 with the Social Security Administrat", "level": "info", "timestamp": "2026-06-12T06:09:19.049588Z"}
{"prompt_tag": "assess_sufficiency@v4", "schema": "SufficiencyAssessment", "model": "cyankiwi/Qwen3.5-4B-AWQ-4bit", "max_tokens": 1024, "temperature": 0.1, "top_p": 0.8, "presence_penalty": 1.0, "seed": 42, "message_count": 1, "event": "model_call.start", "correlation_id": "01KTX74N44SFTK6JY4BVEEP8NX", "query_preview": "By what date must an employer file Form W-2 with the Social Security Administrat", "level": "info", "timestamp": "2026-06-12T06:09:19.051674Z"}
Authentication error: Langfuse client initialized without public_key. Client will be disabled. Provide a public_key parameter or set LANGFUSE_PUBLIC_KEY environment variable. 
{"prompt_tag": "assess_sufficiency@v4", "schema": "SufficiencyAssessment", "tokens": 2680, "event": "model_call.done", "correlation_id": "01KTX74N44SFTK6JY4BVEEP8NX", "query_preview": "By what date must an employer file Form W-2 with the Social Security Administrat", "level": "info", "timestamp": "2026-06-12T06:09:19.943283Z"}
{"node": "refuse", "event": "start", "correlation_id": "01KTX74N44SFTK6JY4BVEEP8NX", "query_preview": "By what date must an employer file Form W-2 with the Social Security Administrat", "level": "info", "timestamp": "2026-06-12T06:09:19.944420Z"}
{"query_count": 18, "quick": false, "error_count": 0, "mean_citation_precision": 0.9444444444444444, "mean_citation_precision_answered_only": 0.6666666666666666, "answer_text_checked": 0, "answer_text_correct_count": 0, "mean_answer_mention_recall": null, "event": "eval.done", "level": "info", "timestamp": "2026-06-12T06:09:19.944968Z"}
