{"vault_path": "/home/drei/.memex/vault", "event": "bootstrap", "level": "info", "timestamp": "2026-06-12T06:59:28.756693Z"}
{"estimated_gb": 11.8, "budget_gb": 9.8, "total_gb": 11.6, "gpu": "NVIDIA GeForce RTX 4070", "vlm_counted": false, "co_residence_mode": "manual", "embedder_device": "cpu", "reranker_device": "cpu", "fix": "lower hardware.gpu_memory_fraction, switch to a lighter co-residence mode (MEMEX_MODELS__CO_RESIDENCE_MODE=full puts the reranker on CPU), switch to a smaller VLM variant (vlm_quantization=awq_int4), or reduce the orchestrator quant tier", "event": "vram.budget.tight", "level": "warning", "timestamp": "2026-06-12T06:59:29.637820Z"}
{"component": "bootstrap.gpu", "total_gb": 11.56, "free_gb": 4.37, "holders": ["pid 382037: VLLM::EngineCore (6170 MiB)", "pid 1009331: /home/drei/project/Doc_Flo/.venv/bin/python3 (154 MiB)"], "event": "gpu.preflight", "level": "info", "timestamp": "2026-06-12T06:59:29.736761Z"}
{"query_count": 19, "quick": false, "event": "eval.start", "level": "info", "timestamp": "2026-06-12T06:59:29.774397Z"}
Authentication error: Langfuse client initialized without public_key. Client will be disabled. Provide a public_key parameter or set LANGFUSE_PUBLIC_KEY environment variable. 
{"node": "retrieve", "query_len": 64, "event": "start", "query_preview": "How many basic tenets of zero trust does NIST SP 800-207 define?", "correlation_id": "01KTXA1VVENNJD6VPBKQYSN7PB", "level": "info", "timestamp": "2026-06-12T06:59:29.799396Z"}
{"query_len": 64, "k": 50, "event": "hybrid.start", "query_preview": "How many basic tenets of zero trust does NIST SP 800-207 define?", "correlation_id": "01KTXA1VVENNJD6VPBKQYSN7PB", "level": "info", "timestamp": "2026-06-12T06:59:29.799461Z"}
{"name": "embedder", "event": "model.load.start", "query_preview": "How many basic tenets of zero trust does NIST SP 800-207 define?", "correlation_id": "01KTXA1VVENNJD6VPBKQYSN7PB", "level": "info", "timestamp": "2026-06-12T06:59:29.803165Z"}
`torch_dtype` is deprecated! Use `dtype` instead!
{"name": "embedder", "event": "model.load.done", "query_preview": "How many basic tenets of zero trust does NIST SP 800-207 define?", "correlation_id": "01KTXA1VVENNJD6VPBKQYSN7PB", "level": "info", "timestamp": "2026-06-12T06:59:33.771739Z"}
{"query_len": 64, "k": 50, "dense": 50, "bm25": 0, "fused": 50, "term": false, "event": "hybrid.done", "query_preview": "How many basic tenets of zero trust does NIST SP 800-207 define?", "correlation_id": "01KTXA1VVENNJD6VPBKQYSN7PB", "level": "info", "timestamp": "2026-06-12T06:59:33.999512Z"}
{"node": "retrieve", "candidate_count": 50, "event": "done", "query_preview": "How many basic tenets of zero trust does NIST SP 800-207 define?", "correlation_id": "01KTXA1VVENNJD6VPBKQYSN7PB", "level": "info", "timestamp": "2026-06-12T06:59:34.000428Z"}
{"node": "expand_graph", "reason": "disabled_or_empty", "event": "skip", "query_preview": "How many basic tenets of zero trust does NIST SP 800-207 define?", "correlation_id": "01KTXA1VVENNJD6VPBKQYSN7PB", "level": "info", "timestamp": "2026-06-12T06:59:34.002090Z"}
{"node": "rerank", "candidate_count": 50, "event": "start", "query_preview": "How many basic tenets of zero trust does NIST SP 800-207 define?", "correlation_id": "01KTXA1VVENNJD6VPBKQYSN7PB", "level": "info", "timestamp": "2026-06-12T06:59:34.002607Z"}
{"node": "rerank", "top_k": 5, "source": "mode", "event": "top_k_resolved", "query_preview": "How many basic tenets of zero trust does NIST SP 800-207 define?", "correlation_id": "01KTXA1VVENNJD6VPBKQYSN7PB", "level": "info", "timestamp": "2026-06-12T06:59:34.002660Z"}
{"candidates": 50, "top_k": 5, "backend": "cross_encoder", "event": "rerank.start", "query_preview": "How many basic tenets of zero trust does NIST SP 800-207 define?", "correlation_id": "01KTXA1VVENNJD6VPBKQYSN7PB", "level": "info", "timestamp": "2026-06-12T06:59:34.002693Z"}
{"name": "reranker", "event": "model.load.start", "query_preview": "How many basic tenets of zero trust does NIST SP 800-207 define?", "correlation_id": "01KTXA1VVENNJD6VPBKQYSN7PB", "level": "info", "timestamp": "2026-06-12T06:59:34.002727Z"}
{"name": "reranker", "event": "model.load.done", "query_preview": "How many basic tenets of zero trust does NIST SP 800-207 define?", "correlation_id": "01KTXA1VVENNJD6VPBKQYSN7PB", "level": "info", "timestamp": "2026-06-12T06:59:35.501817Z"}
{"candidates": 50, "top_k": 5, "backend": "cross_encoder", "returned": 5, "event": "rerank.done", "query_preview": "How many basic tenets of zero trust does NIST SP 800-207 define?", "correlation_id": "01KTXA1VVENNJD6VPBKQYSN7PB", "level": "info", "timestamp": "2026-06-12T07:00:24.791369Z"}
{"node": "rerank", "reranked_count": 5, "event": "done", "query_preview": "How many basic tenets of zero trust does NIST SP 800-207 define?", "correlation_id": "01KTXA1VVENNJD6VPBKQYSN7PB", "level": "info", "timestamp": "2026-06-12T07:00:24.791481Z"}
{"prompt_tag": "generate_table_sql@v1", "schema": "GeneratedSQL", "model": "cyankiwi/Qwen3.5-4B-AWQ-4bit", "max_tokens": 1024, "temperature": 0.1, "top_p": 0.8, "presence_penalty": 1.0, "seed": 42, "message_count": 1, "event": "model_call.start", "query_preview": "How many basic tenets of zero trust does NIST SP 800-207 define?", "correlation_id": "01KTXA1VVENNJD6VPBKQYSN7PB", "level": "info", "timestamp": "2026-06-12T07:00:24.800862Z"}
Authentication error: Langfuse client initialized without public_key. Client will be disabled. Provide a public_key parameter or set LANGFUSE_PUBLIC_KEY environment variable. 
{"prompt_tag": "generate_table_sql@v1", "schema": "GeneratedSQL", "tokens": 1216, "event": "model_call.done", "query_preview": "How many basic tenets of zero trust does NIST SP 800-207 define?", "correlation_id": "01KTXA1VVENNJD6VPBKQYSN7PB", "level": "info", "timestamp": "2026-06-12T07:00:25.516229Z"}
{"node": "query_doc_tables", "sql": "SELECT COUNT(*) FROM c_157eab338d WHERE table_of_contents LIKE '%Tenets of Zero Trust%'", "target": "c_157eab338d", "event": "table_sql.generated", "query_preview": "How many basic tenets of zero trust does NIST SP 800-207 define?", "correlation_id": "01KTXA1VVENNJD6VPBKQYSN7PB", "level": "info", "timestamp": "2026-06-12T07:00:25.516289Z"}
{"node": "query_doc_tables", "kind": "aggregate", "target": "157eab338d", "event": "table_sql.result", "query_preview": "How many basic tenets of zero trust does NIST SP 800-207 define?", "correlation_id": "01KTXA1VVENNJD6VPBKQYSN7PB", "level": "info", "timestamp": "2026-06-12T07:00:25.517497Z"}
{"node": "query_tables", "kind": "aggregate", "chunk_id": "0290d6ec-nist-sp-800-207#sql0001", "event": "injected", "query_preview": "How many basic tenets of zero trust does NIST SP 800-207 define?", "correlation_id": "01KTXA1VVENNJD6VPBKQYSN7PB", "level": "info", "timestamp": "2026-06-12T07:00:25.517887Z"}
{"node": "assess", "reranked_count": 6, "event": "start", "query_preview": "How many basic tenets of zero trust does NIST SP 800-207 define?", "correlation_id": "01KTXA1VVENNJD6VPBKQYSN7PB", "level": "info", "timestamp": "2026-06-12T07:00:25.518953Z"}
{"prompt_tag": "assess_sufficiency@v4", "schema": "SufficiencyAssessment", "model": "cyankiwi/Qwen3.5-4B-AWQ-4bit", "max_tokens": 1024, "temperature": 0.1, "top_p": 0.8, "presence_penalty": 1.0, "seed": 42, "message_count": 1, "event": "model_call.start", "query_preview": "How many basic tenets of zero trust does NIST SP 800-207 define?", "correlation_id": "01KTXA1VVENNJD6VPBKQYSN7PB", "level": "info", "timestamp": "2026-06-12T07:00:25.523474Z"}
Authentication error: Langfuse client initialized without public_key. Client will be disabled. Provide a public_key parameter or set LANGFUSE_PUBLIC_KEY environment variable. 
{"prompt_tag": "assess_sufficiency@v4", "schema": "SufficiencyAssessment", "tokens": 2732, "event": "model_call.done", "query_preview": "How many basic tenets of zero trust does NIST SP 800-207 define?", "correlation_id": "01KTXA1VVENNJD6VPBKQYSN7PB", "level": "info", "timestamp": "2026-06-12T07:00:26.336540Z"}
{"node": "answer", "regenerate_attempt": 0, "event": "start", "query_preview": "How many basic tenets of zero trust does NIST SP 800-207 define?", "correlation_id": "01KTXA1VVENNJD6VPBKQYSN7PB", "level": "info", "timestamp": "2026-06-12T07:00:26.338640Z"}
{"prompt_tag": "answer@v5", "schema": "DraftAnswer", "model": "cyankiwi/Qwen3.5-4B-AWQ-4bit", "max_tokens": 1800, "temperature": 0.1, "top_p": 0.8, "presence_penalty": 1.0, "seed": 42, "message_count": 2, "event": "model_call.start", "query_preview": "How many basic tenets of zero trust does NIST SP 800-207 define?", "correlation_id": "01KTXA1VVENNJD6VPBKQYSN7PB", "level": "info", "timestamp": "2026-06-12T07:00:26.344374Z"}
Authentication error: Langfuse client initialized without public_key. Client will be disabled. Provide a public_key parameter or set LANGFUSE_PUBLIC_KEY environment variable. 
{"prompt_tag": "answer@v5", "schema": "DraftAnswer", "tokens": 4367, "event": "model_call.done", "query_preview": "How many basic tenets of zero trust does NIST SP 800-207 define?", "correlation_id": "01KTXA1VVENNJD6VPBKQYSN7PB", "level": "info", "timestamp": "2026-06-12T07:00:28.072465Z"}
{"node": "answer", "exact": 0, "suffix": 0, "fuzzy": 1, "unresolved": 0, "event": "chunk_id_repair", "query_preview": "How many basic tenets of zero trust does NIST SP 800-207 define?", "correlation_id": "01KTXA1VVENNJD6VPBKQYSN7PB", "level": "info", "timestamp": "2026-06-12T07:00:28.072666Z"}
{"node": "verify", "claim_count": 1, "event": "start", "query_preview": "How many basic tenets of zero trust does NIST SP 800-207 define?", "correlation_id": "01KTXA1VVENNJD6VPBKQYSN7PB", "level": "info", "timestamp": "2026-06-12T07:00:28.073874Z"}
{"prompt_tag": "verify_grounding@v2", "schema": "VerificationResult", "model": "cyankiwi/Qwen3.5-4B-AWQ-4bit", "max_tokens": 1024, "temperature": 0.1, "top_p": 0.8, "presence_penalty": 1.0, "seed": 42, "message_count": 1, "event": "model_call.start", "query_preview": "How many basic tenets of zero trust does NIST SP 800-207 define?", "correlation_id": "01KTXA1VVENNJD6VPBKQYSN7PB", "level": "info", "timestamp": "2026-06-12T07:00:28.082195Z"}
Authentication error: Langfuse client initialized without public_key. Client will be disabled. Provide a public_key parameter or set LANGFUSE_PUBLIC_KEY environment variable. 
{"prompt_tag": "verify_grounding@v2", "schema": "VerificationResult", "tokens": 2643, "event": "model_call.done", "query_preview": "How many basic tenets of zero trust does NIST SP 800-207 define?", "correlation_id": "01KTXA1VVENNJD6VPBKQYSN7PB", "level": "info", "timestamp": "2026-06-12T07:00:28.666687Z"}
{"node": "assess_relevance", "event": "start", "query_preview": "How many basic tenets of zero trust does NIST SP 800-207 define?", "correlation_id": "01KTXA1VVENNJD6VPBKQYSN7PB", "level": "info", "timestamp": "2026-06-12T07:00:28.668756Z"}
{"prompt_tag": "assess_relevance@v3", "schema": "RelevanceAssessment", "model": "cyankiwi/Qwen3.5-4B-AWQ-4bit", "max_tokens": 1024, "temperature": 0.1, "top_p": 0.8, "presence_penalty": 1.0, "seed": 42, "message_count": 1, "event": "model_call.start", "query_preview": "How many basic tenets of zero trust does NIST SP 800-207 define?", "correlation_id": "01KTXA1VVENNJD6VPBKQYSN7PB", "level": "info", "timestamp": "2026-06-12T07:00:28.673200Z"}
Authentication error: Langfuse client initialized without public_key. Client will be disabled. Provide a public_key parameter or set LANGFUSE_PUBLIC_KEY environment variable. 
{"prompt_tag": "assess_relevance@v3", "schema": "RelevanceAssessment", "tokens": 855, "event": "model_call.done", "query_preview": "How many basic tenets of zero trust does NIST SP 800-207 define?", "correlation_id": "01KTXA1VVENNJD6VPBKQYSN7PB", "level": "info", "timestamp": "2026-06-12T07:00:29.196223Z"}
{"node": "assess_relevance", "responsive": true, "event": "relevance", "query_preview": "How many basic tenets of zero trust does NIST SP 800-207 define?", "correlation_id": "01KTXA1VVENNJD6VPBKQYSN7PB", "level": "info", "timestamp": "2026-06-12T07:00:29.196277Z"}
{"node": "compose", "event": "start", "query_preview": "How many basic tenets of zero trust does NIST SP 800-207 define?", "correlation_id": "01KTXA1VVENNJD6VPBKQYSN7PB", "level": "info", "timestamp": "2026-06-12T07:00:29.198091Z"}
Authentication error: Langfuse client initialized without public_key. Client will be disabled. Provide a public_key parameter or set LANGFUSE_PUBLIC_KEY environment variable. 
{"node": "retrieve", "query_len": 96, "event": "start", "query_preview": "In SP 800-207, the policy decision point (PDP) is broken down into which two log", "correlation_id": "01KTXA3NWE26RR1J85A6PPCSH1", "level": "info", "timestamp": "2026-06-12T07:00:29.200253Z"}
{"query_len": 96, "k": 50, "event": "hybrid.start", "query_preview": "In SP 800-207, the policy decision point (PDP) is broken down into which two log", "correlation_id": "01KTXA3NWE26RR1J85A6PPCSH1", "level": "info", "timestamp": "2026-06-12T07:00:29.200298Z"}
{"query_len": 96, "k": 50, "dense": 50, "bm25": 0, "fused": 50, "term": false, "event": "hybrid.done", "query_preview": "In SP 800-207, the policy decision point (PDP) is broken down into which two log", "correlation_id": "01KTXA3NWE26RR1J85A6PPCSH1", "level": "info", "timestamp": "2026-06-12T07:00:29.326632Z"}
{"node": "retrieve", "candidate_count": 50, "event": "done", "query_preview": "In SP 800-207, the policy decision point (PDP) is broken down into which two log", "correlation_id": "01KTXA3NWE26RR1J85A6PPCSH1", "level": "info", "timestamp": "2026-06-12T07:00:29.327492Z"}
{"node": "expand_graph", "reason": "disabled_or_empty", "event": "skip", "query_preview": "In SP 800-207, the policy decision point (PDP) is broken down into which two log", "correlation_id": "01KTXA3NWE26RR1J85A6PPCSH1", "level": "info", "timestamp": "2026-06-12T07:00:29.328762Z"}
{"node": "rerank", "candidate_count": 50, "event": "start", "query_preview": "In SP 800-207, the policy decision point (PDP) is broken down into which two log", "correlation_id": "01KTXA3NWE26RR1J85A6PPCSH1", "level": "info", "timestamp": "2026-06-12T07:00:29.329262Z"}
{"node": "rerank", "top_k": 5, "source": "mode", "event": "top_k_resolved", "query_preview": "In SP 800-207, the policy decision point (PDP) is broken down into which two log", "correlation_id": "01KTXA3NWE26RR1J85A6PPCSH1", "level": "info", "timestamp": "2026-06-12T07:00:29.329312Z"}
{"candidates": 50, "top_k": 5, "backend": "cross_encoder", "event": "rerank.start", "query_preview": "In SP 800-207, the policy decision point (PDP) is broken down into which two log", "correlation_id": "01KTXA3NWE26RR1J85A6PPCSH1", "level": "info", "timestamp": "2026-06-12T07:00:29.329349Z"}
{"candidates": 50, "top_k": 5, "backend": "cross_encoder", "returned": 5, "event": "rerank.done", "query_preview": "In SP 800-207, the policy decision point (PDP) is broken down into which two log", "correlation_id": "01KTXA3NWE26RR1J85A6PPCSH1", "level": "info", "timestamp": "2026-06-12T07:01:11.830102Z"}
{"node": "rerank", "reranked_count": 5, "event": "done", "query_preview": "In SP 800-207, the policy decision point (PDP) is broken down into which two log", "correlation_id": "01KTXA3NWE26RR1J85A6PPCSH1", "level": "info", "timestamp": "2026-06-12T07:01:11.830188Z"}
{"node": "query_tables", "reason": "empty_or_not_table_shaped", "event": "skip", "query_preview": "In SP 800-207, the policy decision point (PDP) is broken down into which two log", "correlation_id": "01KTXA3NWE26RR1J85A6PPCSH1", "level": "info", "timestamp": "2026-06-12T07:01:11.832170Z"}
{"node": "assess", "reranked_count": 5, "event": "start", "query_preview": "In SP 800-207, the policy decision point (PDP) is broken down into which two log", "correlation_id": "01KTXA3NWE26RR1J85A6PPCSH1", "level": "info", "timestamp": "2026-06-12T07:01:11.832925Z"}
{"prompt_tag": "assess_sufficiency@v4", "schema": "SufficiencyAssessment", "model": "cyankiwi/Qwen3.5-4B-AWQ-4bit", "max_tokens": 1024, "temperature": 0.1, "top_p": 0.8, "presence_penalty": 1.0, "seed": 42, "message_count": 1, "event": "model_call.start", "query_preview": "In SP 800-207, the policy decision point (PDP) is broken down into which two log", "correlation_id": "01KTXA3NWE26RR1J85A6PPCSH1", "level": "info", "timestamp": "2026-06-12T07:01:11.834489Z"}
Authentication error: Langfuse client initialized without public_key. Client will be disabled. Provide a public_key parameter or set LANGFUSE_PUBLIC_KEY environment variable. 
{"prompt_tag": "assess_sufficiency@v4", "schema": "SufficiencyAssessment", "tokens": 2432, "event": "model_call.done", "query_preview": "In SP 800-207, the policy decision point (PDP) is broken down into which two log", "correlation_id": "01KTXA3NWE26RR1J85A6PPCSH1", "level": "info", "timestamp": "2026-06-12T07:01:12.913070Z"}
{"node": "answer", "regenerate_attempt": 0, "event": "start", "query_preview": "In SP 800-207, the policy decision point (PDP) is broken down into which two log", "correlation_id": "01KTXA3NWE26RR1J85A6PPCSH1", "level": "info", "timestamp": "2026-06-12T07:01:12.914261Z"}
{"prompt_tag": "answer@v5", "schema": "DraftAnswer", "model": "cyankiwi/Qwen3.5-4B-AWQ-4bit", "max_tokens": 1800, "temperature": 0.1, "top_p": 0.8, "presence_penalty": 1.0, "seed": 42, "message_count": 2, "event": "model_call.start", "query_preview": "In SP 800-207, the policy decision point (PDP) is broken down into which two log", "correlation_id": "01KTXA3NWE26RR1J85A6PPCSH1", "level": "info", "timestamp": "2026-06-12T07:01:12.916270Z"}
Authentication error: Langfuse client initialized without public_key. Client will be disabled. Provide a public_key parameter or set LANGFUSE_PUBLIC_KEY environment variable. 
{"prompt_tag": "answer@v5", "schema": "DraftAnswer", "tokens": 4055, "event": "model_call.done", "query_preview": "In SP 800-207, the policy decision point (PDP) is broken down into which two log", "correlation_id": "01KTXA3NWE26RR1J85A6PPCSH1", "level": "info", "timestamp": "2026-06-12T07:01:14.524452Z"}
{"node": "answer", "original": "According to NIST SP 800-207, the policy decision point (PDP) is broken down into two logical components: the policy eng", "event": "answer.summary_scope_rebuilt", "query_preview": "In SP 800-207, the policy decision point (PDP) is broken down into which two log", "correlation_id": "01KTXA3NWE26RR1J85A6PPCSH1", "level": "info", "timestamp": "2026-06-12T07:01:14.524556Z"}
{"node": "verify", "claim_count": 1, "event": "start", "query_preview": "In SP 800-207, the policy decision point (PDP) is broken down into which two log", "correlation_id": "01KTXA3NWE26RR1J85A6PPCSH1", "level": "info", "timestamp": "2026-06-12T07:01:14.525483Z"}
{"prompt_tag": "verify_grounding@v2", "schema": "VerificationResult", "model": "cyankiwi/Qwen3.5-4B-AWQ-4bit", "max_tokens": 1024, "temperature": 0.1, "top_p": 0.8, "presence_penalty": 1.0, "seed": 42, "message_count": 1, "event": "model_call.start", "query_preview": "In SP 800-207, the policy decision point (PDP) is broken down into which two log", "correlation_id": "01KTXA3NWE26RR1J85A6PPCSH1", "level": "info", "timestamp": "2026-06-12T07:01:14.529862Z"}
Authentication error: Langfuse client initialized without public_key. Client will be disabled. Provide a public_key parameter or set LANGFUSE_PUBLIC_KEY environment variable. 
{"prompt_tag": "verify_grounding@v2", "schema": "VerificationResult", "tokens": 2309, "event": "model_call.done", "query_preview": "In SP 800-207, the policy decision point (PDP) is broken down into which two log", "correlation_id": "01KTXA3NWE26RR1J85A6PPCSH1", "level": "info", "timestamp": "2026-06-12T07:01:15.068784Z"}
{"node": "assess_relevance", "event": "start", "query_preview": "In SP 800-207, the policy decision point (PDP) is broken down into which two log", "correlation_id": "01KTXA3NWE26RR1J85A6PPCSH1", "level": "info", "timestamp": "2026-06-12T07:01:15.070051Z"}
{"node": "assess_relevance", "event": "relevance.scope_rebuilt_refuse", "query_preview": "In SP 800-207, the policy decision point (PDP) is broken down into which two log", "correlation_id": "01KTXA3NWE26RR1J85A6PPCSH1", "level": "info", "timestamp": "2026-06-12T07:01:15.070093Z"}
{"node": "refuse", "event": "start", "query_preview": "In SP 800-207, the policy decision point (PDP) is broken down into which two log", "correlation_id": "01KTXA3NWE26RR1J85A6PPCSH1", "level": "info", "timestamp": "2026-06-12T07:01:15.070912Z"}
Authentication error: Langfuse client initialized without public_key. Client will be disabled. Provide a public_key parameter or set LANGFUSE_PUBLIC_KEY environment variable. 
{"node": "retrieve", "query_len": 98, "event": "start", "query_preview": "Which zero trust component is responsible for the ultimate decision to grant acc", "correlation_id": "01KTXA52NZBTGX7495QS8JNXAW", "level": "info", "timestamp": "2026-06-12T07:01:15.072390Z"}
{"query_len": 98, "k": 50, "event": "hybrid.start", "query_preview": "Which zero trust component is responsible for the ultimate decision to grant acc", "correlation_id": "01KTXA52NZBTGX7495QS8JNXAW", "level": "info", "timestamp": "2026-06-12T07:01:15.072428Z"}
{"query_len": 98, "k": 50, "dense": 50, "bm25": 0, "fused": 50, "term": false, "event": "hybrid.done", "query_preview": "Which zero trust component is responsible for the ultimate decision to grant acc", "correlation_id": "01KTXA52NZBTGX7495QS8JNXAW", "level": "info", "timestamp": "2026-06-12T07:01:15.164064Z"}
{"node": "retrieve", "candidate_count": 50, "event": "done", "query_preview": "Which zero trust component is responsible for the ultimate decision to grant acc", "correlation_id": "01KTXA52NZBTGX7495QS8JNXAW", "level": "info", "timestamp": "2026-06-12T07:01:15.165040Z"}
{"node": "expand_graph", "reason": "disabled_or_empty", "event": "skip", "query_preview": "Which zero trust component is responsible for the ultimate decision to grant acc", "correlation_id": "01KTXA52NZBTGX7495QS8JNXAW", "level": "info", "timestamp": "2026-06-12T07:01:15.166614Z"}
{"node": "rerank", "candidate_count": 50, "event": "start", "query_preview": "Which zero trust component is responsible for the ultimate decision to grant acc", "correlation_id": "01KTXA52NZBTGX7495QS8JNXAW", "level": "info", "timestamp": "2026-06-12T07:01:15.167254Z"}
{"node": "rerank", "top_k": 5, "source": "mode", "event": "top_k_resolved", "query_preview": "Which zero trust component is responsible for the ultimate decision to grant acc", "correlation_id": "01KTXA52NZBTGX7495QS8JNXAW", "level": "info", "timestamp": "2026-06-12T07:01:15.167317Z"}
{"candidates": 50, "top_k": 5, "backend": "cross_encoder", "event": "rerank.start", "query_preview": "Which zero trust component is responsible for the ultimate decision to grant acc", "correlation_id": "01KTXA52NZBTGX7495QS8JNXAW", "level": "info", "timestamp": "2026-06-12T07:01:15.167365Z"}
{"candidates": 50, "top_k": 5, "backend": "cross_encoder", "returned": 5, "event": "rerank.done", "query_preview": "Which zero trust component is responsible for the ultimate decision to grant acc", "correlation_id": "01KTXA52NZBTGX7495QS8JNXAW", "level": "info", "timestamp": "2026-06-12T07:01:51.247846Z"}
{"node": "rerank", "reranked_count": 5, "event": "done", "query_preview": "Which zero trust component is responsible for the ultimate decision to grant acc", "correlation_id": "01KTXA52NZBTGX7495QS8JNXAW", "level": "info", "timestamp": "2026-06-12T07:01:51.247952Z"}
{"node": "query_tables", "reason": "empty_or_not_table_shaped", "event": "skip", "query_preview": "Which zero trust component is responsible for the ultimate decision to grant acc", "correlation_id": "01KTXA52NZBTGX7495QS8JNXAW", "level": "info", "timestamp": "2026-06-12T07:01:51.250282Z"}
{"node": "assess", "reranked_count": 5, "event": "start", "query_preview": "Which zero trust component is responsible for the ultimate decision to grant acc", "correlation_id": "01KTXA52NZBTGX7495QS8JNXAW", "level": "info", "timestamp": "2026-06-12T07:01:51.251239Z"}
{"prompt_tag": "assess_sufficiency@v4", "schema": "SufficiencyAssessment", "model": "cyankiwi/Qwen3.5-4B-AWQ-4bit", "max_tokens": 1024, "temperature": 0.1, "top_p": 0.8, "presence_penalty": 1.0, "seed": 42, "message_count": 1, "event": "model_call.start", "query_preview": "Which zero trust component is responsible for the ultimate decision to grant acc", "correlation_id": "01KTXA52NZBTGX7495QS8JNXAW", "level": "info", "timestamp": "2026-06-12T07:01:51.253369Z"}
Authentication error: Langfuse client initialized without public_key. Client will be disabled. Provide a public_key parameter or set LANGFUSE_PUBLIC_KEY environment variable. 
{"prompt_tag": "assess_sufficiency@v4", "schema": "SufficiencyAssessment", "tokens": 2321, "event": "model_call.done", "query_preview": "Which zero trust component is responsible for the ultimate decision to grant acc", "correlation_id": "01KTXA52NZBTGX7495QS8JNXAW", "level": "info", "timestamp": "2026-06-12T07:01:52.027517Z"}
{"node": "answer", "regenerate_attempt": 0, "event": "start", "query_preview": "Which zero trust component is responsible for the ultimate decision to grant acc", "correlation_id": "01KTXA52NZBTGX7495QS8JNXAW", "level": "info", "timestamp": "2026-06-12T07:01:52.029340Z"}
{"prompt_tag": "answer@v5", "schema": "DraftAnswer", "model": "cyankiwi/Qwen3.5-4B-AWQ-4bit", "max_tokens": 1800, "temperature": 0.1, "top_p": 0.8, "presence_penalty": 1.0, "seed": 42, "message_count": 2, "event": "model_call.start", "query_preview": "Which zero trust component is responsible for the ultimate decision to grant acc", "correlation_id": "01KTXA52NZBTGX7495QS8JNXAW", "level": "info", "timestamp": "2026-06-12T07:01:52.031338Z"}
Authentication error: Langfuse client initialized without public_key. Client will be disabled. Provide a public_key parameter or set LANGFUSE_PUBLIC_KEY environment variable. 
{"prompt_tag": "answer@v5", "schema": "DraftAnswer", "tokens": 3962, "event": "model_call.done", "query_preview": "Which zero trust component is responsible for the ultimate decision to grant acc", "correlation_id": "01KTXA52NZBTGX7495QS8JNXAW", "level": "info", "timestamp": "2026-06-12T07:01:53.501121Z"}
{"node": "answer", "original": "The Policy Engine (PE) is the zero trust component responsible for making the ultimate decision to grant access to a res", "event": "answer.summary_scope_rebuilt", "query_preview": "Which zero trust component is responsible for the ultimate decision to grant acc", "correlation_id": "01KTXA52NZBTGX7495QS8JNXAW", "level": "info", "timestamp": "2026-06-12T07:01:53.501218Z"}
{"node": "verify", "claim_count": 1, "event": "start", "query_preview": "Which zero trust component is responsible for the ultimate decision to grant acc", "correlation_id": "01KTXA52NZBTGX7495QS8JNXAW", "level": "info", "timestamp": "2026-06-12T07:01:53.502263Z"}
{"prompt_tag": "verify_grounding@v2", "schema": "VerificationResult", "model": "cyankiwi/Qwen3.5-4B-AWQ-4bit", "max_tokens": 1024, "temperature": 0.1, "top_p": 0.8, "presence_penalty": 1.0, "seed": 42, "message_count": 1, "event": "model_call.start", "query_preview": "Which zero trust component is responsible for the ultimate decision to grant acc", "correlation_id": "01KTXA52NZBTGX7495QS8JNXAW", "level": "info", "timestamp": "2026-06-12T07:01:53.505269Z"}
Authentication error: Langfuse client initialized without public_key. Client will be disabled. Provide a public_key parameter or set LANGFUSE_PUBLIC_KEY environment variable. 
{"prompt_tag": "verify_grounding@v2", "schema": "VerificationResult", "tokens": 2241, "event": "model_call.done", "query_preview": "Which zero trust component is responsible for the ultimate decision to grant acc", "correlation_id": "01KTXA52NZBTGX7495QS8JNXAW", "level": "info", "timestamp": "2026-06-12T07:01:54.034057Z"}
{"node": "assess_relevance", "event": "start", "query_preview": "Which zero trust component is responsible for the ultimate decision to grant acc", "correlation_id": "01KTXA52NZBTGX7495QS8JNXAW", "level": "info", "timestamp": "2026-06-12T07:01:54.035373Z"}
{"node": "assess_relevance", "event": "relevance.scope_rebuilt_refuse", "query_preview": "Which zero trust component is responsible for the ultimate decision to grant acc", "correlation_id": "01KTXA52NZBTGX7495QS8JNXAW", "level": "info", "timestamp": "2026-06-12T07:01:54.035412Z"}
{"node": "refuse", "event": "start", "query_preview": "Which zero trust component is responsible for the ultimate decision to grant acc", "correlation_id": "01KTXA52NZBTGX7495QS8JNXAW", "level": "info", "timestamp": "2026-06-12T07:01:54.036202Z"}
Authentication error: Langfuse client initialized without public_key. Client will be disabled. Provide a public_key parameter or set LANGFUSE_PUBLIC_KEY environment variable. 
{"node": "retrieve", "query_len": 83, "event": "start", "query_preview": "What is the policy administrator (PA) responsible for in a zero trust architectu", "correlation_id": "01KTXA68QMC6HZG8SQ8KF2VFTC", "level": "info", "timestamp": "2026-06-12T07:01:54.037615Z"}
{"query_len": 83, "k": 50, "event": "hybrid.start", "query_preview": "What is the policy administrator (PA) responsible for in a zero trust architectu", "correlation_id": "01KTXA68QMC6HZG8SQ8KF2VFTC", "level": "info", "timestamp": "2026-06-12T07:01:54.037649Z"}
{"query_len": 83, "k": 50, "dense": 50, "bm25": 0, "fused": 50, "term": false, "event": "hybrid.done", "query_preview": "What is the policy administrator (PA) responsible for in a zero trust architectu", "correlation_id": "01KTXA68QMC6HZG8SQ8KF2VFTC", "level": "info", "timestamp": "2026-06-12T07:01:54.254645Z"}
{"node": "retrieve", "candidate_count": 50, "event": "done", "query_preview": "What is the policy administrator (PA) responsible for in a zero trust architectu", "correlation_id": "01KTXA68QMC6HZG8SQ8KF2VFTC", "level": "info", "timestamp": "2026-06-12T07:01:54.255670Z"}
{"node": "expand_graph", "reason": "disabled_or_empty", "event": "skip", "query_preview": "What is the policy administrator (PA) responsible for in a zero trust architectu", "correlation_id": "01KTXA68QMC6HZG8SQ8KF2VFTC", "level": "info", "timestamp": "2026-06-12T07:01:54.257435Z"}
{"node": "rerank", "candidate_count": 50, "event": "start", "query_preview": "What is the policy administrator (PA) responsible for in a zero trust architectu", "correlation_id": "01KTXA68QMC6HZG8SQ8KF2VFTC", "level": "info", "timestamp": "2026-06-12T07:01:54.258150Z"}
{"node": "rerank", "top_k": 5, "source": "mode", "event": "top_k_resolved", "query_preview": "What is the policy administrator (PA) responsible for in a zero trust architectu", "correlation_id": "01KTXA68QMC6HZG8SQ8KF2VFTC", "level": "info", "timestamp": "2026-06-12T07:01:54.258207Z"}
{"candidates": 50, "top_k": 5, "backend": "cross_encoder", "event": "rerank.start", "query_preview": "What is the policy administrator (PA) responsible for in a zero trust architectu", "correlation_id": "01KTXA68QMC6HZG8SQ8KF2VFTC", "level": "info", "timestamp": "2026-06-12T07:01:54.258233Z"}
{"candidates": 50, "top_k": 5, "backend": "cross_encoder", "returned": 5, "event": "rerank.done", "query_preview": "What is the policy administrator (PA) responsible for in a zero trust architectu", "correlation_id": "01KTXA68QMC6HZG8SQ8KF2VFTC", "level": "info", "timestamp": "2026-06-12T07:02:34.627697Z"}
{"node": "rerank", "reranked_count": 5, "event": "done", "query_preview": "What is the policy administrator (PA) responsible for in a zero trust architectu", "correlation_id": "01KTXA68QMC6HZG8SQ8KF2VFTC", "level": "info", "timestamp": "2026-06-12T07:02:34.627811Z"}
{"node": "query_tables", "reason": "empty_or_not_table_shaped", "event": "skip", "query_preview": "What is the policy administrator (PA) responsible for in a zero trust architectu", "correlation_id": "01KTXA68QMC6HZG8SQ8KF2VFTC", "level": "info", "timestamp": "2026-06-12T07:02:34.629774Z"}
{"node": "assess", "reranked_count": 5, "event": "start", "query_preview": "What is the policy administrator (PA) responsible for in a zero trust architectu", "correlation_id": "01KTXA68QMC6HZG8SQ8KF2VFTC", "level": "info", "timestamp": "2026-06-12T07:02:34.630557Z"}
{"prompt_tag": "assess_sufficiency@v4", "schema": "SufficiencyAssessment", "model": "cyankiwi/Qwen3.5-4B-AWQ-4bit", "max_tokens": 1024, "temperature": 0.1, "top_p": 0.8, "presence_penalty": 1.0, "seed": 42, "message_count": 1, "event": "model_call.start", "query_preview": "What is the policy administrator (PA) responsible for in a zero trust architectu", "correlation_id": "01KTXA68QMC6HZG8SQ8KF2VFTC", "level": "info", "timestamp": "2026-06-12T07:02:34.632632Z"}
Authentication error: Langfuse client initialized without public_key. Client will be disabled. Provide a public_key parameter or set LANGFUSE_PUBLIC_KEY environment variable. 
{"prompt_tag": "assess_sufficiency@v4", "schema": "SufficiencyAssessment", "tokens": 2159, "event": "model_call.done", "query_preview": "What is the policy administrator (PA) responsible for in a zero trust architectu", "correlation_id": "01KTXA68QMC6HZG8SQ8KF2VFTC", "level": "info", "timestamp": "2026-06-12T07:02:35.484494Z"}
{"node": "answer", "regenerate_attempt": 0, "event": "start", "query_preview": "What is the policy administrator (PA) responsible for in a zero trust architectu", "correlation_id": "01KTXA68QMC6HZG8SQ8KF2VFTC", "level": "info", "timestamp": "2026-06-12T07:02:35.485892Z"}
{"prompt_tag": "answer@v5", "schema": "DraftAnswer", "model": "cyankiwi/Qwen3.5-4B-AWQ-4bit", "max_tokens": 1800, "temperature": 0.1, "top_p": 0.8, "presence_penalty": 1.0, "seed": 42, "message_count": 2, "event": "model_call.start", "query_preview": "What is the policy administrator (PA) responsible for in a zero trust architectu", "correlation_id": "01KTXA68QMC6HZG8SQ8KF2VFTC", "level": "info", "timestamp": "2026-06-12T07:02:35.488564Z"}
Authentication error: Langfuse client initialized without public_key. Client will be disabled. Provide a public_key parameter or set LANGFUSE_PUBLIC_KEY environment variable. 
{"prompt_tag": "answer@v5", "schema": "DraftAnswer", "tokens": 4166, "event": "model_call.done", "query_preview": "What is the policy administrator (PA) responsible for in a zero trust architectu", "correlation_id": "01KTXA68QMC6HZG8SQ8KF2VFTC", "level": "info", "timestamp": "2026-06-12T07:02:40.298961Z"}
{"node": "answer", "original": "The policy administrator (PA) in a zero trust architecture is responsible for establishing and/or shutting down communic", "event": "answer.summary_scope_rebuilt", "query_preview": "What is the policy administrator (PA) responsible for in a zero trust architectu", "correlation_id": "01KTXA68QMC6HZG8SQ8KF2VFTC", "level": "info", "timestamp": "2026-06-12T07:02:40.299082Z"}
{"node": "verify", "claim_count": 5, "event": "start", "query_preview": "What is the policy administrator (PA) responsible for in a zero trust architectu", "correlation_id": "01KTXA68QMC6HZG8SQ8KF2VFTC", "level": "info", "timestamp": "2026-06-12T07:02:40.300086Z"}
{"prompt_tag": "verify_grounding@v2", "schema": "VerificationResult", "model": "cyankiwi/Qwen3.5-4B-AWQ-4bit", "max_tokens": 1024, "temperature": 0.1, "top_p": 0.8, "presence_penalty": 1.0, "seed": 42, "message_count": 1, "event": "model_call.start", "query_preview": "What is the policy administrator (PA) responsible for in a zero trust architectu", "correlation_id": "01KTXA68QMC6HZG8SQ8KF2VFTC", "level": "info", "timestamp": "2026-06-12T07:02:40.304179Z"}
Authentication error: Langfuse client initialized without public_key. Client will be disabled. Provide a public_key parameter or set LANGFUSE_PUBLIC_KEY environment variable. 
{"prompt_tag": "verify_grounding@v2", "schema": "VerificationResult", "tokens": 2346, "event": "model_call.done", "query_preview": "What is the policy administrator (PA) responsible for in a zero trust architectu", "correlation_id": "01KTXA68QMC6HZG8SQ8KF2VFTC", "level": "info", "timestamp": "2026-06-12T07:02:40.951647Z"}
{"node": "assess_relevance", "event": "start", "query_preview": "What is the policy administrator (PA) responsible for in a zero trust architectu", "correlation_id": "01KTXA68QMC6HZG8SQ8KF2VFTC", "level": "info", "timestamp": "2026-06-12T07:02:40.953229Z"}
{"node": "assess_relevance", "event": "relevance.scope_rebuilt_refuse", "query_preview": "What is the policy administrator (PA) responsible for in a zero trust architectu", "correlation_id": "01KTXA68QMC6HZG8SQ8KF2VFTC", "level": "info", "timestamp": "2026-06-12T07:02:40.953280Z"}
{"node": "refuse", "event": "start", "query_preview": "What is the policy administrator (PA) responsible for in a zero trust architectu", "correlation_id": "01KTXA68QMC6HZG8SQ8KF2VFTC", "level": "info", "timestamp": "2026-06-12T07:02:40.954310Z"}
Authentication error: Langfuse client initialized without public_key. Client will be disabled. Provide a public_key parameter or set LANGFUSE_PUBLIC_KEY environment variable. 
{"node": "retrieve", "query_len": 79, "event": "start", "query_preview": "According to SP 800-207, who coined the term 'zero trust' and at which company?", "correlation_id": "01KTXA7PHT5AMFYD5A52W1014T", "level": "info", "timestamp": "2026-06-12T07:02:40.956150Z"}
{"query_len": 79, "k": 50, "event": "hybrid.start", "query_preview": "According to SP 800-207, who coined the term 'zero trust' and at which company?", "correlation_id": "01KTXA7PHT5AMFYD5A52W1014T", "level": "info", "timestamp": "2026-06-12T07:02:40.956196Z"}
{"query_len": 79, "k": 50, "dense": 50, "bm25": 0, "fused": 50, "term": false, "event": "hybrid.done", "query_preview": "According to SP 800-207, who coined the term 'zero trust' and at which company?", "correlation_id": "01KTXA7PHT5AMFYD5A52W1014T", "level": "info", "timestamp": "2026-06-12T07:02:41.051439Z"}
{"node": "retrieve", "candidate_count": 50, "event": "done", "query_preview": "According to SP 800-207, who coined the term 'zero trust' and at which company?", "correlation_id": "01KTXA7PHT5AMFYD5A52W1014T", "level": "info", "timestamp": "2026-06-12T07:02:41.052365Z"}
{"node": "expand_graph", "reason": "disabled_or_empty", "event": "skip", "query_preview": "According to SP 800-207, who coined the term 'zero trust' and at which company?", "correlation_id": "01KTXA7PHT5AMFYD5A52W1014T", "level": "info", "timestamp": "2026-06-12T07:02:41.053638Z"}
{"node": "rerank", "candidate_count": 50, "event": "start", "query_preview": "According to SP 800-207, who coined the term 'zero trust' and at which company?", "correlation_id": "01KTXA7PHT5AMFYD5A52W1014T", "level": "info", "timestamp": "2026-06-12T07:02:41.054113Z"}
{"node": "rerank", "top_k": 5, "source": "mode", "event": "top_k_resolved", "query_preview": "According to SP 800-207, who coined the term 'zero trust' and at which company?", "correlation_id": "01KTXA7PHT5AMFYD5A52W1014T", "level": "info", "timestamp": "2026-06-12T07:02:41.054161Z"}
{"candidates": 50, "top_k": 5, "backend": "cross_encoder", "event": "rerank.start", "query_preview": "According to SP 800-207, who coined the term 'zero trust' and at which company?", "correlation_id": "01KTXA7PHT5AMFYD5A52W1014T", "level": "info", "timestamp": "2026-06-12T07:02:41.054206Z"}
{"candidates": 50, "top_k": 5, "backend": "cross_encoder", "returned": 5, "event": "rerank.done", "query_preview": "According to SP 800-207, who coined the term 'zero trust' and at which company?", "correlation_id": "01KTXA7PHT5AMFYD5A52W1014T", "level": "info", "timestamp": "2026-06-12T07:03:27.829498Z"}
{"node": "rerank", "reranked_count": 5, "event": "done", "query_preview": "According to SP 800-207, who coined the term 'zero trust' and at which company?", "correlation_id": "01KTXA7PHT5AMFYD5A52W1014T", "level": "info", "timestamp": "2026-06-12T07:03:27.829617Z"}
{"node": "query_tables", "reason": "empty_or_not_table_shaped", "event": "skip", "query_preview": "According to SP 800-207, who coined the term 'zero trust' and at which company?", "correlation_id": "01KTXA7PHT5AMFYD5A52W1014T", "level": "info", "timestamp": "2026-06-12T07:03:27.832236Z"}
{"node": "assess", "reranked_count": 5, "event": "start", "query_preview": "According to SP 800-207, who coined the term 'zero trust' and at which company?", "correlation_id": "01KTXA7PHT5AMFYD5A52W1014T", "level": "info", "timestamp": "2026-06-12T07:03:27.833245Z"}
{"prompt_tag": "assess_sufficiency@v4", "schema": "SufficiencyAssessment", "model": "cyankiwi/Qwen3.5-4B-AWQ-4bit", "max_tokens": 1024, "temperature": 0.1, "top_p": 0.8, "presence_penalty": 1.0, "seed": 42, "message_count": 1, "event": "model_call.start", "query_preview": "According to SP 800-207, who coined the term 'zero trust' and at which company?", "correlation_id": "01KTXA7PHT5AMFYD5A52W1014T", "level": "info", "timestamp": "2026-06-12T07:03:27.835481Z"}
Authentication error: Langfuse client initialized without public_key. Client will be disabled. Provide a public_key parameter or set LANGFUSE_PUBLIC_KEY environment variable. 
{"prompt_tag": "assess_sufficiency@v4", "schema": "SufficiencyAssessment", "tokens": 1951, "event": "model_call.done", "query_preview": "According to SP 800-207, who coined the term 'zero trust' and at which company?", "correlation_id": "01KTXA7PHT5AMFYD5A52W1014T", "level": "info", "timestamp": "2026-06-12T07:03:28.560950Z"}
{"node": "answer", "regenerate_attempt": 0, "event": "start", "query_preview": "According to SP 800-207, who coined the term 'zero trust' and at which company?", "correlation_id": "01KTXA7PHT5AMFYD5A52W1014T", "level": "info", "timestamp": "2026-06-12T07:03:28.562121Z"}
{"prompt_tag": "answer@v5", "schema": "DraftAnswer", "model": "cyankiwi/Qwen3.5-4B-AWQ-4bit", "max_tokens": 1800, "temperature": 0.1, "top_p": 0.8, "presence_penalty": 1.0, "seed": 42, "message_count": 2, "event": "model_call.start", "query_preview": "According to SP 800-207, who coined the term 'zero trust' and at which company?", "correlation_id": "01KTXA7PHT5AMFYD5A52W1014T", "level": "info", "timestamp": "2026-06-12T07:03:28.564273Z"}
Authentication error: Langfuse client initialized without public_key. Client will be disabled. Provide a public_key parameter or set LANGFUSE_PUBLIC_KEY environment variable. 
{"prompt_tag": "answer@v5", "schema": "DraftAnswer", "tokens": 3594, "event": "model_call.done", "query_preview": "According to SP 800-207, who coined the term 'zero trust' and at which company?", "correlation_id": "01KTXA7PHT5AMFYD5A52W1014T", "level": "info", "timestamp": "2026-06-12T07:03:29.978040Z"}
{"node": "answer", "original": "According to SP 800-207, the term 'zero trust' was coined by John Kindervag while at Forrester.", "event": "answer.summary_scope_rebuilt", "query_preview": "According to SP 800-207, who coined the term 'zero trust' and at which company?", "correlation_id": "01KTXA7PHT5AMFYD5A52W1014T", "level": "info", "timestamp": "2026-06-12T07:03:29.978127Z"}
{"node": "answer", "exact": 0, "suffix": 0, "fuzzy": 1, "unresolved": 0, "event": "chunk_id_repair", "query_preview": "According to SP 800-207, who coined the term 'zero trust' and at which company?", "correlation_id": "01KTXA7PHT5AMFYD5A52W1014T", "level": "info", "timestamp": "2026-06-12T07:03:29.978227Z"}
{"node": "verify", "claim_count": 1, "event": "start", "query_preview": "According to SP 800-207, who coined the term 'zero trust' and at which company?", "correlation_id": "01KTXA7PHT5AMFYD5A52W1014T", "level": "info", "timestamp": "2026-06-12T07:03:29.979094Z"}
{"prompt_tag": "verify_grounding@v2", "schema": "VerificationResult", "model": "cyankiwi/Qwen3.5-4B-AWQ-4bit", "max_tokens": 1024, "temperature": 0.1, "top_p": 0.8, "presence_penalty": 1.0, "seed": 42, "message_count": 1, "event": "model_call.start", "query_preview": "According to SP 800-207, who coined the term 'zero trust' and at which company?", "correlation_id": "01KTXA7PHT5AMFYD5A52W1014T", "level": "info", "timestamp": "2026-06-12T07:03:29.982473Z"}
Authentication error: Langfuse client initialized without public_key. Client will be disabled. Provide a public_key parameter or set LANGFUSE_PUBLIC_KEY environment variable. 
{"prompt_tag": "verify_grounding@v2", "schema": "VerificationResult", "tokens": 1858, "event": "model_call.done", "query_preview": "According to SP 800-207, who coined the term 'zero trust' and at which company?", "correlation_id": "01KTXA7PHT5AMFYD5A52W1014T", "level": "info", "timestamp": "2026-06-12T07:03:30.446572Z"}
{"node": "regenerate", "new_attempt": 1, "event": "start", "query_preview": "According to SP 800-207, who coined the term 'zero trust' and at which company?", "correlation_id": "01KTXA7PHT5AMFYD5A52W1014T", "level": "info", "timestamp": "2026-06-12T07:03:30.448154Z"}
{"node": "answer", "regenerate_attempt": 1, "event": "start", "query_preview": "According to SP 800-207, who coined the term 'zero trust' and at which company?", "correlation_id": "01KTXA7PHT5AMFYD5A52W1014T", "level": "info", "timestamp": "2026-06-12T07:03:30.448674Z"}
{"prompt_tag": "answer@v5", "schema": "DraftAnswer", "model": "cyankiwi/Qwen3.5-4B-AWQ-4bit", "max_tokens": 1800, "temperature": 0.1, "top_p": 0.8, "presence_penalty": 1.0, "seed": 42, "message_count": 2, "event": "model_call.start", "query_preview": "According to SP 800-207, who coined the term 'zero trust' and at which company?", "correlation_id": "01KTXA7PHT5AMFYD5A52W1014T", "level": "info", "timestamp": "2026-06-12T07:03:30.450642Z"}
Authentication error: Langfuse client initialized without public_key. Client will be disabled. Provide a public_key parameter or set LANGFUSE_PUBLIC_KEY environment variable. 
{"prompt_tag": "answer@v5", "schema": "DraftAnswer", "tokens": 3665, "event": "model_call.done", "query_preview": "According to SP 800-207, who coined the term 'zero trust' and at which company?", "correlation_id": "01KTXA7PHT5AMFYD5A52W1014T", "level": "info", "timestamp": "2026-06-12T07:03:31.639768Z"}
{"node": "answer", "original": "According to SP 800-207, the term 'zero trust' was coined by John Kindervag while at Forrester.", "event": "answer.summary_scope_rebuilt", "query_preview": "According to SP 800-207, who coined the term 'zero trust' and at which company?", "correlation_id": "01KTXA7PHT5AMFYD5A52W1014T", "level": "info", "timestamp": "2026-06-12T07:03:31.639842Z"}
{"node": "answer", "exact": 0, "suffix": 0, "fuzzy": 1, "unresolved": 0, "event": "chunk_id_repair", "query_preview": "According to SP 800-207, who coined the term 'zero trust' and at which company?", "correlation_id": "01KTXA7PHT5AMFYD5A52W1014T", "level": "info", "timestamp": "2026-06-12T07:03:31.639946Z"}
{"node": "verify", "claim_count": 1, "event": "start", "query_preview": "According to SP 800-207, who coined the term 'zero trust' and at which company?", "correlation_id": "01KTXA7PHT5AMFYD5A52W1014T", "level": "info", "timestamp": "2026-06-12T07:03:31.640835Z"}
{"prompt_tag": "verify_grounding@v2", "schema": "VerificationResult", "model": "cyankiwi/Qwen3.5-4B-AWQ-4bit", "max_tokens": 1024, "temperature": 0.1, "top_p": 0.8, "presence_penalty": 1.0, "seed": 42, "message_count": 1, "event": "model_call.start", "query_preview": "According to SP 800-207, who coined the term 'zero trust' and at which company?", "correlation_id": "01KTXA7PHT5AMFYD5A52W1014T", "level": "info", "timestamp": "2026-06-12T07:03:31.643933Z"}
Authentication error: Langfuse client initialized without public_key. Client will be disabled. Provide a public_key parameter or set LANGFUSE_PUBLIC_KEY environment variable. 
{"prompt_tag": "verify_grounding@v2", "schema": "VerificationResult", "tokens": 1858, "event": "model_call.done", "query_preview": "According to SP 800-207, who coined the term 'zero trust' and at which company?", "correlation_id": "01KTXA7PHT5AMFYD5A52W1014T", "level": "info", "timestamp": "2026-06-12T07:03:31.877941Z"}
{"prompt_tag": "verify_grounding@v2", "schema": "VerificationResult", "model": "cyankiwi/Qwen3.5-4B-AWQ-4bit", "max_tokens": 1024, "temperature": 0.1, "top_p": 0.8, "presence_penalty": 1.0, "seed": 42, "message_count": 1, "event": "model_call.start", "query_preview": "According to SP 800-207, who coined the term 'zero trust' and at which company?", "correlation_id": "01KTXA7PHT5AMFYD5A52W1014T", "level": "info", "timestamp": "2026-06-12T07:03:31.880624Z"}
Authentication error: Langfuse client initialized without public_key. Client will be disabled. Provide a public_key parameter or set LANGFUSE_PUBLIC_KEY environment variable. 
{"prompt_tag": "verify_grounding@v2", "schema": "VerificationResult", "tokens": 794, "event": "model_call.done", "query_preview": "According to SP 800-207, who coined the term 'zero trust' and at which company?", "correlation_id": "01KTXA7PHT5AMFYD5A52W1014T", "level": "info", "timestamp": "2026-06-12T07:03:32.187387Z"}
{"prompt_tag": "verify_grounding@v2", "schema": "VerificationResult", "model": "cyankiwi/Qwen3.5-4B-AWQ-4bit", "max_tokens": 1024, "temperature": 0.1, "top_p": 0.8, "presence_penalty": 1.0, "seed": 42, "message_count": 1, "event": "model_call.start", "query_preview": "According to SP 800-207, who coined the term 'zero trust' and at which company?", "correlation_id": "01KTXA7PHT5AMFYD5A52W1014T", "level": "info", "timestamp": "2026-06-12T07:03:32.189392Z"}
Authentication error: Langfuse client initialized without public_key. Client will be disabled. Provide a public_key parameter or set LANGFUSE_PUBLIC_KEY environment variable. 
{"prompt_tag": "verify_grounding@v2", "schema": "VerificationResult", "tokens": 534, "event": "model_call.done", "query_preview": "According to SP 800-207, who coined the term 'zero trust' and at which company?", "correlation_id": "01KTXA7PHT5AMFYD5A52W1014T", "level": "info", "timestamp": "2026-06-12T07:03:32.452107Z"}
{"prompt_tag": "verify_grounding@v2", "schema": "VerificationResult", "model": "cyankiwi/Qwen3.5-4B-AWQ-4bit", "max_tokens": 1024, "temperature": 0.1, "top_p": 0.8, "presence_penalty": 1.0, "seed": 42, "message_count": 1, "event": "model_call.start", "query_preview": "According to SP 800-207, who coined the term 'zero trust' and at which company?", "correlation_id": "01KTXA7PHT5AMFYD5A52W1014T", "level": "info", "timestamp": "2026-06-12T07:03:32.454087Z"}
Authentication error: Langfuse client initialized without public_key. Client will be disabled. Provide a public_key parameter or set LANGFUSE_PUBLIC_KEY environment variable. 
{"prompt_tag": "verify_grounding@v2", "schema": "VerificationResult", "tokens": 588, "event": "model_call.done", "query_preview": "According to SP 800-207, who coined the term 'zero trust' and at which company?", "correlation_id": "01KTXA7PHT5AMFYD5A52W1014T", "level": "info", "timestamp": "2026-06-12T07:03:32.730371Z"}
{"prompt_tag": "verify_grounding@v2", "schema": "VerificationResult", "model": "cyankiwi/Qwen3.5-4B-AWQ-4bit", "max_tokens": 1024, "temperature": 0.1, "top_p": 0.8, "presence_penalty": 1.0, "seed": 42, "message_count": 1, "event": "model_call.start", "query_preview": "According to SP 800-207, who coined the term 'zero trust' and at which company?", "correlation_id": "01KTXA7PHT5AMFYD5A52W1014T", "level": "info", "timestamp": "2026-06-12T07:03:32.732385Z"}
Authentication error: Langfuse client initialized without public_key. Client will be disabled. Provide a public_key parameter or set LANGFUSE_PUBLIC_KEY environment variable. 
{"prompt_tag": "verify_grounding@v2", "schema": "VerificationResult", "tokens": 832, "event": "model_call.done", "query_preview": "According to SP 800-207, who coined the term 'zero trust' and at which company?", "correlation_id": "01KTXA7PHT5AMFYD5A52W1014T", "level": "info", "timestamp": "2026-06-12T07:03:33.043503Z"}
{"prompt_tag": "verify_grounding@v2", "schema": "VerificationResult", "model": "cyankiwi/Qwen3.5-4B-AWQ-4bit", "max_tokens": 1024, "temperature": 0.1, "top_p": 0.8, "presence_penalty": 1.0, "seed": 42, "message_count": 1, "event": "model_call.start", "query_preview": "According to SP 800-207, who coined the term 'zero trust' and at which company?", "correlation_id": "01KTXA7PHT5AMFYD5A52W1014T", "level": "info", "timestamp": "2026-06-12T07:03:33.045597Z"}
Authentication error: Langfuse client initialized without public_key. Client will be disabled. Provide a public_key parameter or set LANGFUSE_PUBLIC_KEY environment variable. 
{"prompt_tag": "verify_grounding@v2", "schema": "VerificationResult", "tokens": 695, "event": "model_call.done", "query_preview": "According to SP 800-207, who coined the term 'zero trust' and at which company?", "correlation_id": "01KTXA7PHT5AMFYD5A52W1014T", "level": "info", "timestamp": "2026-06-12T07:03:33.338727Z"}
{"node": "refuse", "event": "start", "query_preview": "According to SP 800-207, who coined the term 'zero trust' and at which company?", "correlation_id": "01KTXA7PHT5AMFYD5A52W1014T", "level": "info", "timestamp": "2026-06-12T07:03:33.339846Z"}
Authentication error: Langfuse client initialized without public_key. Client will be disabled. Provide a public_key parameter or set LANGFUSE_PUBLIC_KEY environment variable. 
{"node": "retrieve", "query_len": 123, "event": "start", "query_preview": "Besides how factors are weighted, what are the two major characteristics SP 800-", "correlation_id": "01KTXA99PW9VHRD43FEPSWP185", "level": "info", "timestamp": "2026-06-12T07:03:33.341341Z"}
{"query_len": 123, "k": 50, "event": "hybrid.start", "query_preview": "Besides how factors are weighted, what are the two major characteristics SP 800-", "correlation_id": "01KTXA99PW9VHRD43FEPSWP185", "level": "info", "timestamp": "2026-06-12T07:03:33.341380Z"}
{"query_len": 123, "k": 50, "dense": 50, "bm25": 0, "fused": 50, "term": false, "event": "hybrid.done", "query_preview": "Besides how factors are weighted, what are the two major characteristics SP 800-", "correlation_id": "01KTXA99PW9VHRD43FEPSWP185", "level": "info", "timestamp": "2026-06-12T07:03:33.705381Z"}
{"node": "retrieve", "candidate_count": 50, "event": "done", "query_preview": "Besides how factors are weighted, what are the two major characteristics SP 800-", "correlation_id": "01KTXA99PW9VHRD43FEPSWP185", "level": "info", "timestamp": "2026-06-12T07:03:33.706326Z"}
{"node": "expand_graph", "reason": "disabled_or_empty", "event": "skip", "query_preview": "Besides how factors are weighted, what are the two major characteristics SP 800-", "correlation_id": "01KTXA99PW9VHRD43FEPSWP185", "level": "info", "timestamp": "2026-06-12T07:03:33.707558Z"}
{"node": "rerank", "candidate_count": 50, "event": "start", "query_preview": "Besides how factors are weighted, what are the two major characteristics SP 800-", "correlation_id": "01KTXA99PW9VHRD43FEPSWP185", "level": "info", "timestamp": "2026-06-12T07:03:33.708015Z"}
{"node": "rerank", "top_k": 5, "source": "mode", "event": "top_k_resolved", "query_preview": "Besides how factors are weighted, what are the two major characteristics SP 800-", "correlation_id": "01KTXA99PW9VHRD43FEPSWP185", "level": "info", "timestamp": "2026-06-12T07:03:33.708064Z"}
{"candidates": 50, "top_k": 5, "backend": "cross_encoder", "event": "rerank.start", "query_preview": "Besides how factors are weighted, what are the two major characteristics SP 800-", "correlation_id": "01KTXA99PW9VHRD43FEPSWP185", "level": "info", "timestamp": "2026-06-12T07:03:33.708188Z"}
{"candidates": 50, "top_k": 5, "backend": "cross_encoder", "returned": 5, "event": "rerank.done", "query_preview": "Besides how factors are weighted, what are the two major characteristics SP 800-", "correlation_id": "01KTXA99PW9VHRD43FEPSWP185", "level": "info", "timestamp": "2026-06-12T07:04:23.594546Z"}
{"node": "rerank", "reranked_count": 5, "event": "done", "query_preview": "Besides how factors are weighted, what are the two major characteristics SP 800-", "correlation_id": "01KTXA99PW9VHRD43FEPSWP185", "level": "info", "timestamp": "2026-06-12T07:04:23.594635Z"}
{"node": "query_tables", "reason": "empty_or_not_table_shaped", "event": "skip", "query_preview": "Besides how factors are weighted, what are the two major characteristics SP 800-", "correlation_id": "01KTXA99PW9VHRD43FEPSWP185", "level": "info", "timestamp": "2026-06-12T07:04:23.596478Z"}
{"node": "assess", "reranked_count": 5, "event": "start", "query_preview": "Besides how factors are weighted, what are the two major characteristics SP 800-", "correlation_id": "01KTXA99PW9VHRD43FEPSWP185", "level": "info", "timestamp": "2026-06-12T07:04:23.597141Z"}
{"prompt_tag": "assess_sufficiency@v4", "schema": "SufficiencyAssessment", "model": "cyankiwi/Qwen3.5-4B-AWQ-4bit", "max_tokens": 1024, "temperature": 0.1, "top_p": 0.8, "presence_penalty": 1.0, "seed": 42, "message_count": 1, "event": "model_call.start", "query_preview": "Besides how factors are weighted, what are the two major characteristics SP 800-", "correlation_id": "01KTXA99PW9VHRD43FEPSWP185", "level": "info", "timestamp": "2026-06-12T07:04:23.599200Z"}
Authentication error: Langfuse client initialized without public_key. Client will be disabled. Provide a public_key parameter or set LANGFUSE_PUBLIC_KEY environment variable. 
{"prompt_tag": "assess_sufficiency@v4", "schema": "SufficiencyAssessment", "tokens": 2312, "event": "model_call.done", "query_preview": "Besides how factors are weighted, what are the two major characteristics SP 800-", "correlation_id": "01KTXA99PW9VHRD43FEPSWP185", "level": "info", "timestamp": "2026-06-12T07:04:24.756593Z"}
{"node": "answer", "regenerate_attempt": 0, "event": "start", "query_preview": "Besides how factors are weighted, what are the two major characteristics SP 800-", "correlation_id": "01KTXA99PW9VHRD43FEPSWP185", "level": "info", "timestamp": "2026-06-12T07:04:24.758280Z"}
{"prompt_tag": "answer@v5", "schema": "DraftAnswer", "model": "cyankiwi/Qwen3.5-4B-AWQ-4bit", "max_tokens": 1800, "temperature": 0.1, "top_p": 0.8, "presence_penalty": 1.0, "seed": 42, "message_count": 2, "event": "model_call.start", "query_preview": "Besides how factors are weighted, what are the two major characteristics SP 800-", "correlation_id": "01KTXA99PW9VHRD43FEPSWP185", "level": "info", "timestamp": "2026-06-12T07:04:24.761112Z"}
Authentication error: Langfuse client initialized without public_key. Client will be disabled. Provide a public_key parameter or set LANGFUSE_PUBLIC_KEY environment variable. 
{"prompt_tag": "answer@v5", "schema": "DraftAnswer", "tokens": 3972, "event": "model_call.done", "query_preview": "Besides how factors are weighted, what are the two major characteristics SP 800-", "correlation_id": "01KTXA99PW9VHRD43FEPSWP185", "level": "info", "timestamp": "2026-06-12T07:04:26.760968Z"}
{"node": "answer", "original": "The two major characteristics SP 800-207 uses to differentiate trust algorithms are how factors are evaluated (criteria-", "event": "answer.summary_scope_rebuilt", "query_preview": "Besides how factors are weighted, what are the two major characteristics SP 800-", "correlation_id": "01KTXA99PW9VHRD43FEPSWP185", "level": "info", "timestamp": "2026-06-12T07:04:26.761067Z"}
{"node": "answer", "exact": 0, "suffix": 0, "fuzzy": 1, "unresolved": 0, "event": "chunk_id_repair", "query_preview": "Besides how factors are weighted, what are the two major characteristics SP 800-", "correlation_id": "01KTXA99PW9VHRD43FEPSWP185", "level": "info", "timestamp": "2026-06-12T07:04:26.761165Z"}
{"node": "verify", "claim_count": 1, "event": "start", "query_preview": "Besides how factors are weighted, what are the two major characteristics SP 800-", "correlation_id": "01KTXA99PW9VHRD43FEPSWP185", "level": "info", "timestamp": "2026-06-12T07:04:26.761923Z"}
{"prompt_tag": "verify_grounding@v2", "schema": "VerificationResult", "model": "cyankiwi/Qwen3.5-4B-AWQ-4bit", "max_tokens": 1024, "temperature": 0.1, "top_p": 0.8, "presence_penalty": 1.0, "seed": 42, "message_count": 1, "event": "model_call.start", "query_preview": "Besides how factors are weighted, what are the two major characteristics SP 800-", "correlation_id": "01KTXA99PW9VHRD43FEPSWP185", "level": "info", "timestamp": "2026-06-12T07:04:26.765424Z"}
Authentication error: Langfuse client initialized without public_key. Client will be disabled. Provide a public_key parameter or set LANGFUSE_PUBLIC_KEY environment variable. 
{"prompt_tag": "verify_grounding@v2", "schema": "VerificationResult", "tokens": 2213, "event": "model_call.done", "query_preview": "Besides how factors are weighted, what are the two major characteristics SP 800-", "correlation_id": "01KTXA99PW9VHRD43FEPSWP185", "level": "info", "timestamp": "2026-06-12T07:04:27.287885Z"}
{"node": "assess_relevance", "event": "start", "query_preview": "Besides how factors are weighted, what are the two major characteristics SP 800-", "correlation_id": "01KTXA99PW9VHRD43FEPSWP185", "level": "info", "timestamp": "2026-06-12T07:04:27.289058Z"}
{"node": "assess_relevance", "event": "relevance.scope_rebuilt_refuse", "query_preview": "Besides how factors are weighted, what are the two major characteristics SP 800-", "correlation_id": "01KTXA99PW9VHRD43FEPSWP185", "level": "info", "timestamp": "2026-06-12T07:04:27.289096Z"}
{"node": "refuse", "event": "start", "query_preview": "Besides how factors are weighted, what are the two major characteristics SP 800-", "correlation_id": "01KTXA99PW9VHRD43FEPSWP185", "level": "info", "timestamp": "2026-06-12T07:04:27.289868Z"}
Authentication error: Langfuse client initialized without public_key. Client will be disabled. Provide a public_key parameter or set LANGFUSE_PUBLIC_KEY environment variable. 
{"node": "retrieve", "query_len": 74, "event": "start", "query_preview": "What type of trust algorithm does SP 800-207 say a ZTA should ideally use?", "correlation_id": "01KTXAAYCTZJN7CCBTE0SA75S9", "level": "info", "timestamp": "2026-06-12T07:04:27.291323Z"}
{"query_len": 74, "k": 50, "event": "hybrid.start", "query_preview": "What type of trust algorithm does SP 800-207 say a ZTA should ideally use?", "correlation_id": "01KTXAAYCTZJN7CCBTE0SA75S9", "level": "info", "timestamp": "2026-06-12T07:04:27.291367Z"}
{"query_len": 74, "k": 50, "dense": 50, "bm25": 0, "fused": 50, "term": false, "event": "hybrid.done", "query_preview": "What type of trust algorithm does SP 800-207 say a ZTA should ideally use?", "correlation_id": "01KTXAAYCTZJN7CCBTE0SA75S9", "level": "info", "timestamp": "2026-06-12T07:04:27.432323Z"}
{"node": "retrieve", "candidate_count": 50, "event": "done", "query_preview": "What type of trust algorithm does SP 800-207 say a ZTA should ideally use?", "correlation_id": "01KTXAAYCTZJN7CCBTE0SA75S9", "level": "info", "timestamp": "2026-06-12T07:04:27.433274Z"}
{"node": "expand_graph", "reason": "disabled_or_empty", "event": "skip", "query_preview": "What type of trust algorithm does SP 800-207 say a ZTA should ideally use?", "correlation_id": "01KTXAAYCTZJN7CCBTE0SA75S9", "level": "info", "timestamp": "2026-06-12T07:04:27.434545Z"}
{"node": "rerank", "candidate_count": 50, "event": "start", "query_preview": "What type of trust algorithm does SP 800-207 say a ZTA should ideally use?", "correlation_id": "01KTXAAYCTZJN7CCBTE0SA75S9", "level": "info", "timestamp": "2026-06-12T07:04:27.435026Z"}
{"node": "rerank", "top_k": 5, "source": "mode", "event": "top_k_resolved", "query_preview": "What type of trust algorithm does SP 800-207 say a ZTA should ideally use?", "correlation_id": "01KTXAAYCTZJN7CCBTE0SA75S9", "level": "info", "timestamp": "2026-06-12T07:04:27.435075Z"}
{"candidates": 50, "top_k": 5, "backend": "cross_encoder", "event": "rerank.start", "query_preview": "What type of trust algorithm does SP 800-207 say a ZTA should ideally use?", "correlation_id": "01KTXAAYCTZJN7CCBTE0SA75S9", "level": "info", "timestamp": "2026-06-12T07:04:27.435129Z"}
{"candidates": 50, "top_k": 5, "backend": "cross_encoder", "returned": 5, "event": "rerank.done", "query_preview": "What type of trust algorithm does SP 800-207 say a ZTA should ideally use?", "correlation_id": "01KTXAAYCTZJN7CCBTE0SA75S9", "level": "info", "timestamp": "2026-06-12T07:05:07.028265Z"}
{"node": "rerank", "reranked_count": 5, "event": "done", "query_preview": "What type of trust algorithm does SP 800-207 say a ZTA should ideally use?", "correlation_id": "01KTXAAYCTZJN7CCBTE0SA75S9", "level": "info", "timestamp": "2026-06-12T07:05:07.028638Z"}
{"node": "query_tables", "reason": "empty_or_not_table_shaped", "event": "skip", "query_preview": "What type of trust algorithm does SP 800-207 say a ZTA should ideally use?", "correlation_id": "01KTXAAYCTZJN7CCBTE0SA75S9", "level": "info", "timestamp": "2026-06-12T07:05:07.030845Z"}
{"node": "assess", "reranked_count": 5, "event": "start", "query_preview": "What type of trust algorithm does SP 800-207 say a ZTA should ideally use?", "correlation_id": "01KTXAAYCTZJN7CCBTE0SA75S9", "level": "info", "timestamp": "2026-06-12T07:05:07.031607Z"}
{"prompt_tag": "assess_sufficiency@v4", "schema": "SufficiencyAssessment", "model": "cyankiwi/Qwen3.5-4B-AWQ-4bit", "max_tokens": 1024, "temperature": 0.1, "top_p": 0.8, "presence_penalty": 1.0, "seed": 42, "message_count": 1, "event": "model_call.start", "query_preview": "What type of trust algorithm does SP 800-207 say a ZTA should ideally use?", "correlation_id": "01KTXAAYCTZJN7CCBTE0SA75S9", "level": "info", "timestamp": "2026-06-12T07:05:07.033743Z"}
Authentication error: Langfuse client initialized without public_key. Client will be disabled. Provide a public_key parameter or set LANGFUSE_PUBLIC_KEY environment variable. 
{"prompt_tag": "assess_sufficiency@v4", "schema": "SufficiencyAssessment", "tokens": 2561, "event": "model_call.done", "query_preview": "What type of trust algorithm does SP 800-207 say a ZTA should ideally use?", "correlation_id": "01KTXAAYCTZJN7CCBTE0SA75S9", "level": "info", "timestamp": "2026-06-12T07:05:08.050993Z"}
{"node": "answer", "regenerate_attempt": 0, "event": "start", "query_preview": "What type of trust algorithm does SP 800-207 say a ZTA should ideally use?", "correlation_id": "01KTXAAYCTZJN7CCBTE0SA75S9", "level": "info", "timestamp": "2026-06-12T07:05:08.052203Z"}
{"prompt_tag": "answer@v5", "schema": "DraftAnswer", "model": "cyankiwi/Qwen3.5-4B-AWQ-4bit", "max_tokens": 1800, "temperature": 0.1, "top_p": 0.8, "presence_penalty": 1.0, "seed": 42, "message_count": 2, "event": "model_call.start", "query_preview": "What type of trust algorithm does SP 800-207 say a ZTA should ideally use?", "correlation_id": "01KTXAAYCTZJN7CCBTE0SA75S9", "level": "info", "timestamp": "2026-06-12T07:05:08.054486Z"}
Authentication error: Langfuse client initialized without public_key. Client will be disabled. Provide a public_key parameter or set LANGFUSE_PUBLIC_KEY environment variable. 
{"prompt_tag": "answer@v5", "schema": "DraftAnswer", "tokens": 4130, "event": "model_call.done", "query_preview": "What type of trust algorithm does SP 800-207 say a ZTA should ideally use?", "correlation_id": "01KTXAAYCTZJN7CCBTE0SA75S9", "level": "info", "timestamp": "2026-06-12T07:05:09.089131Z"}
{"node": "answer", "summary_head": "The provided chunks do not contain a specific answer to what type of trust algorithm SP 800-207 says a ZTA should ideall", "event": "answer.denial_reframe_retry", "query_preview": "What type of trust algorithm does SP 800-207 say a ZTA should ideally use?", "correlation_id": "01KTXAAYCTZJN7CCBTE0SA75S9", "level": "info", "timestamp": "2026-06-12T07:05:09.089194Z"}
{"prompt_tag": "answer@v5", "schema": "DraftAnswer", "model": "cyankiwi/Qwen3.5-4B-AWQ-4bit", "max_tokens": 1800, "temperature": 0.1, "top_p": 0.8, "presence_penalty": 1.0, "seed": 42, "message_count": 2, "event": "model_call.start", "query_preview": "What type of trust algorithm does SP 800-207 say a ZTA should ideally use?", "correlation_id": "01KTXAAYCTZJN7CCBTE0SA75S9", "level": "info", "timestamp": "2026-06-12T07:05:09.091187Z"}
Authentication error: Langfuse client initialized without public_key. Client will be disabled. Provide a public_key parameter or set LANGFUSE_PUBLIC_KEY environment variable. 
{"prompt_tag": "answer@v5", "schema": "DraftAnswer", "tokens": 4310, "event": "model_call.done", "query_preview": "What type of trust algorithm does SP 800-207 say a ZTA should ideally use?", "correlation_id": "01KTXAAYCTZJN7CCBTE0SA75S9", "level": "info", "timestamp": "2026-06-12T07:05:10.172702Z"}
{"node": "answer", "claims": 1, "event": "answer.denial_reframe_succeeded", "query_preview": "What type of trust algorithm does SP 800-207 say a ZTA should ideally use?", "correlation_id": "01KTXAAYCTZJN7CCBTE0SA75S9", "level": "info", "timestamp": "2026-06-12T07:05:10.172754Z"}
{"node": "answer", "original": "SP 800-207 states that a ZTA trust algorithm should ideally be contextual.", "event": "answer.summary_scope_rebuilt", "query_preview": "What type of trust algorithm does SP 800-207 say a ZTA should ideally use?", "correlation_id": "01KTXAAYCTZJN7CCBTE0SA75S9", "level": "info", "timestamp": "2026-06-12T07:05:10.172794Z"}
{"node": "verify", "claim_count": 1, "event": "start", "query_preview": "What type of trust algorithm does SP 800-207 say a ZTA should ideally use?", "correlation_id": "01KTXAAYCTZJN7CCBTE0SA75S9", "level": "info", "timestamp": "2026-06-12T07:05:10.173570Z"}
{"prompt_tag": "verify_grounding@v2", "schema": "VerificationResult", "model": "cyankiwi/Qwen3.5-4B-AWQ-4bit", "max_tokens": 1024, "temperature": 0.1, "top_p": 0.8, "presence_penalty": 1.0, "seed": 42, "message_count": 1, "event": "model_call.start", "query_preview": "What type of trust algorithm does SP 800-207 say a ZTA should ideally use?", "correlation_id": "01KTXAAYCTZJN7CCBTE0SA75S9", "level": "info", "timestamp": "2026-06-12T07:05:10.176668Z"}
Authentication error: Langfuse client initialized without public_key. Client will be disabled. Provide a public_key parameter or set LANGFUSE_PUBLIC_KEY environment variable. 
{"prompt_tag": "verify_grounding@v2", "schema": "VerificationResult", "tokens": 2444, "event": "model_call.done", "query_preview": "What type of trust algorithm does SP 800-207 say a ZTA should ideally use?", "correlation_id": "01KTXAAYCTZJN7CCBTE0SA75S9", "level": "info", "timestamp": "2026-06-12T07:05:10.732666Z"}
{"node": "assess_relevance", "event": "start", "query_preview": "What type of trust algorithm does SP 800-207 say a ZTA should ideally use?", "correlation_id": "01KTXAAYCTZJN7CCBTE0SA75S9", "level": "info", "timestamp": "2026-06-12T07:05:10.733844Z"}
{"node": "assess_relevance", "event": "relevance.scope_rebuilt_refuse", "query_preview": "What type of trust algorithm does SP 800-207 say a ZTA should ideally use?", "correlation_id": "01KTXAAYCTZJN7CCBTE0SA75S9", "level": "info", "timestamp": "2026-06-12T07:05:10.733877Z"}
{"node": "refuse", "event": "start", "query_preview": "What type of trust algorithm does SP 800-207 say a ZTA should ideally use?", "correlation_id": "01KTXAAYCTZJN7CCBTE0SA75S9", "level": "info", "timestamp": "2026-06-12T07:05:10.735447Z"}
Authentication error: Langfuse client initialized without public_key. Client will be disabled. Provide a public_key parameter or set LANGFUSE_PUBLIC_KEY environment variable. 
{"node": "retrieve", "query_len": 96, "event": "start", "query_preview": "What is the difference between a criteria-based and a score-based trust algorith", "correlation_id": "01KTXAC8TGV8KYF0K88QP51ZDY", "level": "info", "timestamp": "2026-06-12T07:05:10.737562Z"}
{"query_len": 96, "k": 50, "event": "hybrid.start", "query_preview": "What is the difference between a criteria-based and a score-based trust algorith", "correlation_id": "01KTXAC8TGV8KYF0K88QP51ZDY", "level": "info", "timestamp": "2026-06-12T07:05:10.737605Z"}
{"query_len": 96, "k": 50, "dense": 50, "bm25": 0, "fused": 50, "term": false, "event": "hybrid.done", "query_preview": "What is the difference between a criteria-based and a score-based trust algorith", "correlation_id": "01KTXAC8TGV8KYF0K88QP51ZDY", "level": "info", "timestamp": "2026-06-12T07:05:10.838430Z"}
{"node": "retrieve", "candidate_count": 50, "event": "done", "query_preview": "What is the difference between a criteria-based and a score-based trust algorith", "correlation_id": "01KTXAC8TGV8KYF0K88QP51ZDY", "level": "info", "timestamp": "2026-06-12T07:05:10.839335Z"}
{"node": "expand_graph", "reason": "disabled_or_empty", "event": "skip", "query_preview": "What is the difference between a criteria-based and a score-based trust algorith", "correlation_id": "01KTXAC8TGV8KYF0K88QP51ZDY", "level": "info", "timestamp": "2026-06-12T07:05:10.840587Z"}
{"node": "rerank", "candidate_count": 50, "event": "start", "query_preview": "What is the difference between a criteria-based and a score-based trust algorith", "correlation_id": "01KTXAC8TGV8KYF0K88QP51ZDY", "level": "info", "timestamp": "2026-06-12T07:05:10.841079Z"}
{"node": "rerank", "top_k": 5, "source": "mode", "event": "top_k_resolved", "query_preview": "What is the difference between a criteria-based and a score-based trust algorith", "correlation_id": "01KTXAC8TGV8KYF0K88QP51ZDY", "level": "info", "timestamp": "2026-06-12T07:05:10.841129Z"}
{"candidates": 50, "top_k": 5, "backend": "cross_encoder", "event": "rerank.start", "query_preview": "What is the difference between a criteria-based and a score-based trust algorith", "correlation_id": "01KTXAC8TGV8KYF0K88QP51ZDY", "level": "info", "timestamp": "2026-06-12T07:05:10.841152Z"}
{"candidates": 50, "top_k": 5, "backend": "cross_encoder", "returned": 5, "event": "rerank.done", "query_preview": "What is the difference between a criteria-based and a score-based trust algorith", "correlation_id": "01KTXAC8TGV8KYF0K88QP51ZDY", "level": "info", "timestamp": "2026-06-12T07:05:57.934148Z"}
{"node": "rerank", "reranked_count": 5, "event": "done", "query_preview": "What is the difference between a criteria-based and a score-based trust algorith", "correlation_id": "01KTXAC8TGV8KYF0K88QP51ZDY", "level": "info", "timestamp": "2026-06-12T07:05:57.934250Z"}
{"node": "query_tables", "reason": "empty_or_not_table_shaped", "event": "skip", "query_preview": "What is the difference between a criteria-based and a score-based trust algorith", "correlation_id": "01KTXAC8TGV8KYF0K88QP51ZDY", "level": "info", "timestamp": "2026-06-12T07:05:57.936316Z"}
{"node": "assess", "reranked_count": 5, "event": "start", "query_preview": "What is the difference between a criteria-based and a score-based trust algorith", "correlation_id": "01KTXAC8TGV8KYF0K88QP51ZDY", "level": "info", "timestamp": "2026-06-12T07:05:57.937194Z"}
{"prompt_tag": "assess_sufficiency@v4", "schema": "SufficiencyAssessment", "model": "cyankiwi/Qwen3.5-4B-AWQ-4bit", "max_tokens": 1024, "temperature": 0.1, "top_p": 0.8, "presence_penalty": 1.0, "seed": 42, "message_count": 1, "event": "model_call.start", "query_preview": "What is the difference between a criteria-based and a score-based trust algorith", "correlation_id": "01KTXAC8TGV8KYF0K88QP51ZDY", "level": "info", "timestamp": "2026-06-12T07:05:57.939505Z"}
Authentication error: Langfuse client initialized without public_key. Client will be disabled. Provide a public_key parameter or set LANGFUSE_PUBLIC_KEY environment variable. 
{"prompt_tag": "assess_sufficiency@v4", "schema": "SufficiencyAssessment", "tokens": 2103, "event": "model_call.done", "query_preview": "What is the difference between a criteria-based and a score-based trust algorith", "correlation_id": "01KTXAC8TGV8KYF0K88QP51ZDY", "level": "info", "timestamp": "2026-06-12T07:05:58.699378Z"}
{"node": "answer", "regenerate_attempt": 0, "event": "start", "query_preview": "What is the difference between a criteria-based and a score-based trust algorith", "correlation_id": "01KTXAC8TGV8KYF0K88QP51ZDY", "level": "info", "timestamp": "2026-06-12T07:05:58.701303Z"}
{"prompt_tag": "answer@v5", "schema": "DraftAnswer", "model": "cyankiwi/Qwen3.5-4B-AWQ-4bit", "max_tokens": 1800, "temperature": 0.1, "top_p": 0.8, "presence_penalty": 1.0, "seed": 42, "message_count": 2, "event": "model_call.start", "query_preview": "What is the difference between a criteria-based and a score-based trust algorith", "correlation_id": "01KTXAC8TGV8KYF0K88QP51ZDY", "level": "info", "timestamp": "2026-06-12T07:05:58.703945Z"}
Authentication error: Langfuse client initialized without public_key. Client will be disabled. Provide a public_key parameter or set LANGFUSE_PUBLIC_KEY environment variable. 
{"prompt_tag": "answer@v5", "schema": "DraftAnswer", "tokens": 3925, "event": "model_call.done", "query_preview": "What is the difference between a criteria-based and a score-based trust algorith", "correlation_id": "01KTXAC8TGV8KYF0K88QP51ZDY", "level": "info", "timestamp": "2026-06-12T07:06:01.767280Z"}
{"node": "answer", "original": "The chunks describe the differences between criteria-based and score-based trust algorithms in NIST SP 800-207. A criter", "event": "answer.summary_scope_rebuilt", "query_preview": "What is the difference between a criteria-based and a score-based trust algorith", "correlation_id": "01KTXAC8TGV8KYF0K88QP51ZDY", "level": "info", "timestamp": "2026-06-12T07:06:01.767387Z"}
{"node": "verify", "claim_count": 2, "event": "start", "query_preview": "What is the difference between a criteria-based and a score-based trust algorith", "correlation_id": "01KTXAC8TGV8KYF0K88QP51ZDY", "level": "info", "timestamp": "2026-06-12T07:06:01.768372Z"}
{"prompt_tag": "verify_grounding@v2", "schema": "VerificationResult", "model": "cyankiwi/Qwen3.5-4B-AWQ-4bit", "max_tokens": 1024, "temperature": 0.1, "top_p": 0.8, "presence_penalty": 1.0, "seed": 42, "message_count": 1, "event": "model_call.start", "query_preview": "What is the difference between a criteria-based and a score-based trust algorith", "correlation_id": "01KTXAC8TGV8KYF0K88QP51ZDY", "level": "info", "timestamp": "2026-06-12T07:06:01.772244Z"}
Authentication error: Langfuse client initialized without public_key. Client will be disabled. Provide a public_key parameter or set LANGFUSE_PUBLIC_KEY environment variable. 
{"prompt_tag": "verify_grounding@v2", "schema": "VerificationResult", "tokens": 2133, "event": "model_call.done", "query_preview": "What is the difference between a criteria-based and a score-based trust algorith", "correlation_id": "01KTXAC8TGV8KYF0K88QP51ZDY", "level": "info", "timestamp": "2026-06-12T07:06:02.302814Z"}
{"node": "assess_relevance", "event": "start", "query_preview": "What is the difference between a criteria-based and a score-based trust algorith", "correlation_id": "01KTXAC8TGV8KYF0K88QP51ZDY", "level": "info", "timestamp": "2026-06-12T07:06:02.304867Z"}
{"node": "assess_relevance", "event": "relevance.scope_rebuilt_refuse", "query_preview": "What is the difference between a criteria-based and a score-based trust algorith", "correlation_id": "01KTXAC8TGV8KYF0K88QP51ZDY", "level": "info", "timestamp": "2026-06-12T07:06:02.304918Z"}
{"node": "refuse", "event": "start", "query_preview": "What is the difference between a criteria-based and a score-based trust algorith", "correlation_id": "01KTXAC8TGV8KYF0K88QP51ZDY", "level": "info", "timestamp": "2026-06-12T07:06:02.306227Z"}
Authentication error: Langfuse client initialized without public_key. Client will be disabled. Provide a public_key parameter or set LANGFUSE_PUBLIC_KEY environment variable. 
{"node": "retrieve", "query_len": 89, "event": "start", "query_preview": "What three approaches to implementing a zero trust architecture does SP 800-207 ", "correlation_id": "01KTXADV622REBHR7Z0JHA26RB", "level": "info", "timestamp": "2026-06-12T07:06:02.308034Z"}
{"query_len": 89, "k": 50, "event": "hybrid.start", "query_preview": "What three approaches to implementing a zero trust architecture does SP 800-207 ", "correlation_id": "01KTXADV622REBHR7Z0JHA26RB", "level": "info", "timestamp": "2026-06-12T07:06:02.308079Z"}
{"query_len": 89, "k": 50, "dense": 50, "bm25": 0, "fused": 50, "term": false, "event": "hybrid.done", "query_preview": "What three approaches to implementing a zero trust architecture does SP 800-207 ", "correlation_id": "01KTXADV622REBHR7Z0JHA26RB", "level": "info", "timestamp": "2026-06-12T07:06:02.462010Z"}
{"node": "retrieve", "candidate_count": 50, "event": "done", "query_preview": "What three approaches to implementing a zero trust architecture does SP 800-207 ", "correlation_id": "01KTXADV622REBHR7Z0JHA26RB", "level": "info", "timestamp": "2026-06-12T07:06:02.462977Z"}
{"node": "expand_graph", "reason": "disabled_or_empty", "event": "skip", "query_preview": "What three approaches to implementing a zero trust architecture does SP 800-207 ", "correlation_id": "01KTXADV622REBHR7Z0JHA26RB", "level": "info", "timestamp": "2026-06-12T07:06:02.464424Z"}
{"node": "rerank", "candidate_count": 50, "event": "start", "query_preview": "What three approaches to implementing a zero trust architecture does SP 800-207 ", "correlation_id": "01KTXADV622REBHR7Z0JHA26RB", "level": "info", "timestamp": "2026-06-12T07:06:02.465119Z"}
{"node": "rerank", "top_k": 5, "source": "mode", "event": "top_k_resolved", "query_preview": "What three approaches to implementing a zero trust architecture does SP 800-207 ", "correlation_id": "01KTXADV622REBHR7Z0JHA26RB", "level": "info", "timestamp": "2026-06-12T07:06:02.465184Z"}
{"candidates": 50, "top_k": 5, "backend": "cross_encoder", "event": "rerank.start", "query_preview": "What three approaches to implementing a zero trust architecture does SP 800-207 ", "correlation_id": "01KTXADV622REBHR7Z0JHA26RB", "level": "info", "timestamp": "2026-06-12T07:06:02.465210Z"}
{"candidates": 50, "top_k": 5, "backend": "cross_encoder", "returned": 5, "event": "rerank.done", "query_preview": "What three approaches to implementing a zero trust architecture does SP 800-207 ", "correlation_id": "01KTXADV622REBHR7Z0JHA26RB", "level": "info", "timestamp": "2026-06-12T07:06:55.475303Z"}
{"node": "rerank", "reranked_count": 5, "event": "done", "query_preview": "What three approaches to implementing a zero trust architecture does SP 800-207 ", "correlation_id": "01KTXADV622REBHR7Z0JHA26RB", "level": "info", "timestamp": "2026-06-12T07:06:55.475403Z"}
{"node": "query_tables", "reason": "empty_or_not_table_shaped", "event": "skip", "query_preview": "What three approaches to implementing a zero trust architecture does SP 800-207 ", "correlation_id": "01KTXADV622REBHR7Z0JHA26RB", "level": "info", "timestamp": "2026-06-12T07:06:55.477641Z"}
{"node": "assess", "reranked_count": 5, "event": "start", "query_preview": "What three approaches to implementing a zero trust architecture does SP 800-207 ", "correlation_id": "01KTXADV622REBHR7Z0JHA26RB", "level": "info", "timestamp": "2026-06-12T07:06:55.478540Z"}
{"prompt_tag": "assess_sufficiency@v4", "schema": "SufficiencyAssessment", "model": "cyankiwi/Qwen3.5-4B-AWQ-4bit", "max_tokens": 1024, "temperature": 0.1, "top_p": 0.8, "presence_penalty": 1.0, "seed": 42, "message_count": 1, "event": "model_call.start", "query_preview": "What three approaches to implementing a zero trust architecture does SP 800-207 ", "correlation_id": "01KTXADV622REBHR7Z0JHA26RB", "level": "info", "timestamp": "2026-06-12T07:06:55.480772Z"}
Authentication error: Langfuse client initialized without public_key. Client will be disabled. Provide a public_key parameter or set LANGFUSE_PUBLIC_KEY environment variable. 
{"prompt_tag": "assess_sufficiency@v4", "schema": "SufficiencyAssessment", "tokens": 2090, "event": "model_call.done", "query_preview": "What three approaches to implementing a zero trust architecture does SP 800-207 ", "correlation_id": "01KTXADV622REBHR7Z0JHA26RB", "level": "info", "timestamp": "2026-06-12T07:06:56.584724Z"}
{"node": "answer", "regenerate_attempt": 0, "event": "start", "query_preview": "What three approaches to implementing a zero trust architecture does SP 800-207 ", "correlation_id": "01KTXADV622REBHR7Z0JHA26RB", "level": "info", "timestamp": "2026-06-12T07:06:56.586522Z"}
{"prompt_tag": "answer@v5", "schema": "DraftAnswer", "model": "cyankiwi/Qwen3.5-4B-AWQ-4bit", "max_tokens": 1800, "temperature": 0.1, "top_p": 0.8, "presence_penalty": 1.0, "seed": 42, "message_count": 2, "event": "model_call.start", "query_preview": "What three approaches to implementing a zero trust architecture does SP 800-207 ", "correlation_id": "01KTXADV622REBHR7Z0JHA26RB", "level": "info", "timestamp": "2026-06-12T07:06:56.589147Z"}
Authentication error: Langfuse client initialized without public_key. Client will be disabled. Provide a public_key parameter or set LANGFUSE_PUBLIC_KEY environment variable. 
{"prompt_tag": "answer@v5", "schema": "DraftAnswer", "tokens": 3719, "event": "model_call.done", "query_preview": "What three approaches to implementing a zero trust architecture does SP 800-207 ", "correlation_id": "01KTXADV622REBHR7Z0JHA26RB", "level": "info", "timestamp": "2026-06-12T07:06:58.265550Z"}
{"node": "verify", "claim_count": 1, "event": "start", "query_preview": "What three approaches to implementing a zero trust architecture does SP 800-207 ", "correlation_id": "01KTXADV622REBHR7Z0JHA26RB", "level": "info", "timestamp": "2026-06-12T07:06:58.266715Z"}
{"prompt_tag": "verify_grounding@v2", "schema": "VerificationResult", "model": "cyankiwi/Qwen3.5-4B-AWQ-4bit", "max_tokens": 1024, "temperature": 0.1, "top_p": 0.8, "presence_penalty": 1.0, "seed": 42, "message_count": 1, "event": "model_call.start", "query_preview": "What three approaches to implementing a zero trust architecture does SP 800-207 ", "correlation_id": "01KTXADV622REBHR7Z0JHA26RB", "level": "info", "timestamp": "2026-06-12T07:06:58.270665Z"}
Authentication error: Langfuse client initialized without public_key. Client will be disabled. Provide a public_key parameter or set LANGFUSE_PUBLIC_KEY environment variable. 
{"prompt_tag": "verify_grounding@v2", "schema": "VerificationResult", "tokens": 1982, "event": "model_call.done", "query_preview": "What three approaches to implementing a zero trust architecture does SP 800-207 ", "correlation_id": "01KTXADV622REBHR7Z0JHA26RB", "level": "info", "timestamp": "2026-06-12T07:06:58.754937Z"}
{"node": "assess_relevance", "event": "start", "query_preview": "What three approaches to implementing a zero trust architecture does SP 800-207 ", "correlation_id": "01KTXADV622REBHR7Z0JHA26RB", "level": "info", "timestamp": "2026-06-12T07:06:58.756682Z"}
{"prompt_tag": "assess_relevance@v3", "schema": "RelevanceAssessment", "model": "cyankiwi/Qwen3.5-4B-AWQ-4bit", "max_tokens": 1024, "temperature": 0.1, "top_p": 0.8, "presence_penalty": 1.0, "seed": 42, "message_count": 1, "event": "model_call.start", "query_preview": "What three approaches to implementing a zero trust architecture does SP 800-207 ", "correlation_id": "01KTXADV622REBHR7Z0JHA26RB", "level": "info", "timestamp": "2026-06-12T07:06:58.758020Z"}
Authentication error: Langfuse client initialized without public_key. Client will be disabled. Provide a public_key parameter or set LANGFUSE_PUBLIC_KEY environment variable. 
{"prompt_tag": "assess_relevance@v3", "schema": "RelevanceAssessment", "tokens": 888, "event": "model_call.done", "query_preview": "What three approaches to implementing a zero trust architecture does SP 800-207 ", "correlation_id": "01KTXADV622REBHR7Z0JHA26RB", "level": "info", "timestamp": "2026-06-12T07:06:59.312402Z"}
{"node": "assess_relevance", "responsive": true, "event": "relevance", "query_preview": "What three approaches to implementing a zero trust architecture does SP 800-207 ", "correlation_id": "01KTXADV622REBHR7Z0JHA26RB", "level": "info", "timestamp": "2026-06-12T07:06:59.312452Z"}
{"node": "compose", "event": "start", "query_preview": "What three approaches to implementing a zero trust architecture does SP 800-207 ", "correlation_id": "01KTXADV622REBHR7Z0JHA26RB", "level": "info", "timestamp": "2026-06-12T07:06:59.313997Z"}
Authentication error: Langfuse client initialized without public_key. Client will be disabled. Provide a public_key parameter or set LANGFUSE_PUBLIC_KEY environment variable. 
{"node": "retrieve", "query_len": 128, "event": "start", "query_preview": "In SP 800-207's contextual trust-algorithm example, how many employee records do", "correlation_id": "01KTXAFJVJFRJQRA4TCH52C1QY", "level": "info", "timestamp": "2026-06-12T07:06:59.315968Z"}
{"query_len": 128, "k": 50, "event": "hybrid.start", "query_preview": "In SP 800-207's contextual trust-algorithm example, how many employee records do", "correlation_id": "01KTXAFJVJFRJQRA4TCH52C1QY", "level": "info", "timestamp": "2026-06-12T07:06:59.316014Z"}
{"query_len": 128, "k": 50, "dense": 50, "bm25": 0, "fused": 50, "term": false, "event": "hybrid.done", "query_preview": "In SP 800-207's contextual trust-algorithm example, how many employee records do", "correlation_id": "01KTXAFJVJFRJQRA4TCH52C1QY", "level": "info", "timestamp": "2026-06-12T07:06:59.409155Z"}
{"node": "retrieve", "candidate_count": 50, "event": "done", "query_preview": "In SP 800-207's contextual trust-algorithm example, how many employee records do", "correlation_id": "01KTXAFJVJFRJQRA4TCH52C1QY", "level": "info", "timestamp": "2026-06-12T07:06:59.410157Z"}
{"node": "expand_graph", "reason": "disabled_or_empty", "event": "skip", "query_preview": "In SP 800-207's contextual trust-algorithm example, how many employee records do", "correlation_id": "01KTXAFJVJFRJQRA4TCH52C1QY", "level": "info", "timestamp": "2026-06-12T07:06:59.411483Z"}
{"node": "rerank", "candidate_count": 50, "event": "start", "query_preview": "In SP 800-207's contextual trust-algorithm example, how many employee records do", "correlation_id": "01KTXAFJVJFRJQRA4TCH52C1QY", "level": "info", "timestamp": "2026-06-12T07:06:59.411996Z"}
{"node": "rerank", "top_k": 5, "source": "mode", "event": "top_k_resolved", "query_preview": "In SP 800-207's contextual trust-algorithm example, how many employee records do", "correlation_id": "01KTXAFJVJFRJQRA4TCH52C1QY", "level": "info", "timestamp": "2026-06-12T07:06:59.412046Z"}
{"candidates": 50, "top_k": 5, "backend": "cross_encoder", "event": "rerank.start", "query_preview": "In SP 800-207's contextual trust-algorithm example, how many employee records do", "correlation_id": "01KTXAFJVJFRJQRA4TCH52C1QY", "level": "info", "timestamp": "2026-06-12T07:06:59.412089Z"}
{"candidates": 50, "top_k": 5, "backend": "cross_encoder", "returned": 5, "event": "rerank.done", "query_preview": "In SP 800-207's contextual trust-algorithm example, how many employee records do", "correlation_id": "01KTXAFJVJFRJQRA4TCH52C1QY", "level": "info", "timestamp": "2026-06-12T07:07:46.445151Z"}
{"node": "rerank", "reranked_count": 5, "event": "done", "query_preview": "In SP 800-207's contextual trust-algorithm example, how many employee records do", "correlation_id": "01KTXAFJVJFRJQRA4TCH52C1QY", "level": "info", "timestamp": "2026-06-12T07:07:46.445269Z"}
{"node": "query_tables", "reason": "no_relevant_tables", "event": "skip", "query_preview": "In SP 800-207's contextual trust-algorithm example, how many employee records do", "correlation_id": "01KTXAFJVJFRJQRA4TCH52C1QY", "level": "info", "timestamp": "2026-06-12T07:07:46.448239Z"}
{"node": "assess", "reranked_count": 5, "event": "start", "query_preview": "In SP 800-207's contextual trust-algorithm example, how many employee records do", "correlation_id": "01KTXAFJVJFRJQRA4TCH52C1QY", "level": "info", "timestamp": "2026-06-12T07:07:46.449289Z"}
{"prompt_tag": "assess_sufficiency@v4", "schema": "SufficiencyAssessment", "model": "cyankiwi/Qwen3.5-4B-AWQ-4bit", "max_tokens": 1024, "temperature": 0.1, "top_p": 0.8, "presence_penalty": 1.0, "seed": 42, "message_count": 1, "event": "model_call.start", "query_preview": "In SP 800-207's contextual trust-algorithm example, how many employee records do", "correlation_id": "01KTXAFJVJFRJQRA4TCH52C1QY", "level": "info", "timestamp": "2026-06-12T07:07:46.451413Z"}
Authentication error: Langfuse client initialized without public_key. Client will be disabled. Provide a public_key parameter or set LANGFUSE_PUBLIC_KEY environment variable. 
{"prompt_tag": "assess_sufficiency@v4", "schema": "SufficiencyAssessment", "tokens": 2421, "event": "model_call.done", "query_preview": "In SP 800-207's contextual trust-algorithm example, how many employee records do", "correlation_id": "01KTXAFJVJFRJQRA4TCH52C1QY", "level": "info", "timestamp": "2026-06-12T07:07:47.498600Z"}
{"node": "answer", "regenerate_attempt": 0, "event": "start", "query_preview": "In SP 800-207's contextual trust-algorithm example, how many employee records do", "correlation_id": "01KTXAFJVJFRJQRA4TCH52C1QY", "level": "info", "timestamp": "2026-06-12T07:07:47.499964Z"}
{"prompt_tag": "answer@v5", "schema": "DraftAnswer", "model": "cyankiwi/Qwen3.5-4B-AWQ-4bit", "max_tokens": 1800, "temperature": 0.1, "top_p": 0.8, "presence_penalty": 1.0, "seed": 42, "message_count": 2, "event": "model_call.start", "query_preview": "In SP 800-207's contextual trust-algorithm example, how many employee records do", "correlation_id": "01KTXAFJVJFRJQRA4TCH52C1QY", "level": "info", "timestamp": "2026-06-12T07:07:47.501996Z"}
Authentication error: Langfuse client initialized without public_key. Client will be disabled. Provide a public_key parameter or set LANGFUSE_PUBLIC_KEY environment variable. 
{"prompt_tag": "answer@v5", "schema": "DraftAnswer", "tokens": 4054, "event": "model_call.done", "query_preview": "In SP 800-207's contextual trust-algorithm example, how many employee records do", "correlation_id": "01KTXAFJVJFRJQRA4TCH52C1QY", "level": "info", "timestamp": "2026-06-12T07:07:49.178224Z"}
{"node": "answer", "original": "The chunks contain the specific example from NIST SP 800-207 regarding an HR employee accessing employee records, statin", "event": "answer.summary_scope_rebuilt", "query_preview": "In SP 800-207's contextual trust-algorithm example, how many employee records do", "correlation_id": "01KTXAFJVJFRJQRA4TCH52C1QY", "level": "info", "timestamp": "2026-06-12T07:07:49.178329Z"}
{"node": "answer", "exact": 0, "suffix": 0, "fuzzy": 1, "unresolved": 0, "event": "chunk_id_repair", "query_preview": "In SP 800-207's contextual trust-algorithm example, how many employee records do", "correlation_id": "01KTXAFJVJFRJQRA4TCH52C1QY", "level": "info", "timestamp": "2026-06-12T07:07:49.178484Z"}
{"node": "verify", "claim_count": 1, "event": "start", "query_preview": "In SP 800-207's contextual trust-algorithm example, how many employee records do", "correlation_id": "01KTXAFJVJFRJQRA4TCH52C1QY", "level": "info", "timestamp": "2026-06-12T07:07:49.179418Z"}
{"prompt_tag": "verify_grounding@v2", "schema": "VerificationResult", "model": "cyankiwi/Qwen3.5-4B-AWQ-4bit", "max_tokens": 1024, "temperature": 0.1, "top_p": 0.8, "presence_penalty": 1.0, "seed": 42, "message_count": 1, "event": "model_call.start", "query_preview": "In SP 800-207's contextual trust-algorithm example, how many employee records do", "correlation_id": "01KTXAFJVJFRJQRA4TCH52C1QY", "level": "info", "timestamp": "2026-06-12T07:07:49.183317Z"}
Authentication error: Langfuse client initialized without public_key. Client will be disabled. Provide a public_key parameter or set LANGFUSE_PUBLIC_KEY environment variable. 
{"prompt_tag": "verify_grounding@v2", "schema": "VerificationResult", "tokens": 2294, "event": "model_call.done", "query_preview": "In SP 800-207's contextual trust-algorithm example, how many employee records do", "correlation_id": "01KTXAFJVJFRJQRA4TCH52C1QY", "level": "info", "timestamp": "2026-06-12T07:07:49.720453Z"}
{"prompt_tag": "verify_grounding@v2", "schema": "VerificationResult", "model": "cyankiwi/Qwen3.5-4B-AWQ-4bit", "max_tokens": 1024, "temperature": 0.1, "top_p": 0.8, "presence_penalty": 1.0, "seed": 42, "message_count": 1, "event": "model_call.start", "query_preview": "In SP 800-207's contextual trust-algorithm example, how many employee records do", "correlation_id": "01KTXAFJVJFRJQRA4TCH52C1QY", "level": "info", "timestamp": "2026-06-12T07:07:49.722472Z"}
Authentication error: Langfuse client initialized without public_key. Client will be disabled. Provide a public_key parameter or set LANGFUSE_PUBLIC_KEY environment variable. 
{"prompt_tag": "verify_grounding@v2", "schema": "VerificationResult", "tokens": 788, "event": "model_call.done", "query_preview": "In SP 800-207's contextual trust-algorithm example, how many employee records do", "correlation_id": "01KTXAFJVJFRJQRA4TCH52C1QY", "level": "info", "timestamp": "2026-06-12T07:07:50.027977Z"}
{"node": "verify", "claim_index": 0, "old_chunk": "0290d6ec-nist-sp-800-207#83f5557874", "new_chunk": "0290d6ec-nist-sp-800-207#83f5557874", "event": "verify.citation_retargeted", "query_preview": "In SP 800-207's contextual trust-algorithm example, how many employee records do", "correlation_id": "01KTXAFJVJFRJQRA4TCH52C1QY", "level": "info", "timestamp": "2026-06-12T07:07:50.028040Z"}
{"node": "assess_relevance", "event": "start", "query_preview": "In SP 800-207's contextual trust-algorithm example, how many employee records do", "correlation_id": "01KTXAFJVJFRJQRA4TCH52C1QY", "level": "info", "timestamp": "2026-06-12T07:07:50.029398Z"}
{"node": "assess_relevance", "event": "relevance.scope_rebuilt_refuse", "query_preview": "In SP 800-207's contextual trust-algorithm example, how many employee records do", "correlation_id": "01KTXAFJVJFRJQRA4TCH52C1QY", "level": "info", "timestamp": "2026-06-12T07:07:50.029433Z"}
{"node": "refuse", "event": "start", "query_preview": "In SP 800-207's contextual trust-algorithm example, how many employee records do", "correlation_id": "01KTXAFJVJFRJQRA4TCH52C1QY", "level": "info", "timestamp": "2026-06-12T07:07:50.030286Z"}
Authentication error: Langfuse client initialized without public_key. Client will be disabled. Provide a public_key parameter or set LANGFUSE_PUBLIC_KEY environment variable. 
{"node": "retrieve", "query_len": 63, "event": "start", "query_preview": "What does SP 800-207 say about trust based on network location?", "correlation_id": "01KTXAH4CEX8V5K64WZ2THZ9HM", "level": "info", "timestamp": "2026-06-12T07:07:50.031735Z"}
{"query_len": 63, "k": 50, "event": "hybrid.start", "query_preview": "What does SP 800-207 say about trust based on network location?", "correlation_id": "01KTXAH4CEX8V5K64WZ2THZ9HM", "level": "info", "timestamp": "2026-06-12T07:07:50.031768Z"}
{"query_len": 63, "k": 50, "dense": 50, "bm25": 0, "fused": 50, "term": false, "event": "hybrid.done", "query_preview": "What does SP 800-207 say about trust based on network location?", "correlation_id": "01KTXAH4CEX8V5K64WZ2THZ9HM", "level": "info", "timestamp": "2026-06-12T07:07:50.158255Z"}
{"node": "retrieve", "candidate_count": 50, "event": "done", "query_preview": "What does SP 800-207 say about trust based on network location?", "correlation_id": "01KTXAH4CEX8V5K64WZ2THZ9HM", "level": "info", "timestamp": "2026-06-12T07:07:50.159055Z"}
{"node": "expand_graph", "reason": "disabled_or_empty", "event": "skip", "query_preview": "What does SP 800-207 say about trust based on network location?", "correlation_id": "01KTXAH4CEX8V5K64WZ2THZ9HM", "level": "info", "timestamp": "2026-06-12T07:07:50.160312Z"}
{"node": "rerank", "candidate_count": 50, "event": "start", "query_preview": "What does SP 800-207 say about trust based on network location?", "correlation_id": "01KTXAH4CEX8V5K64WZ2THZ9HM", "level": "info", "timestamp": "2026-06-12T07:07:50.160796Z"}
{"node": "rerank", "top_k": 5, "source": "mode", "event": "top_k_resolved", "query_preview": "What does SP 800-207 say about trust based on network location?", "correlation_id": "01KTXAH4CEX8V5K64WZ2THZ9HM", "level": "info", "timestamp": "2026-06-12T07:07:50.160839Z"}
{"candidates": 50, "top_k": 5, "backend": "cross_encoder", "event": "rerank.start", "query_preview": "What does SP 800-207 say about trust based on network location?", "correlation_id": "01KTXAH4CEX8V5K64WZ2THZ9HM", "level": "info", "timestamp": "2026-06-12T07:07:50.160862Z"}
{"candidates": 50, "top_k": 5, "backend": "cross_encoder", "returned": 5, "event": "rerank.done", "query_preview": "What does SP 800-207 say about trust based on network location?", "correlation_id": "01KTXAH4CEX8V5K64WZ2THZ9HM", "level": "info", "timestamp": "2026-06-12T07:08:47.364911Z"}
{"node": "rerank", "reranked_count": 5, "event": "done", "query_preview": "What does SP 800-207 say about trust based on network location?", "correlation_id": "01KTXAH4CEX8V5K64WZ2THZ9HM", "level": "info", "timestamp": "2026-06-12T07:08:47.365013Z"}
{"node": "query_tables", "reason": "empty_or_not_table_shaped", "event": "skip", "query_preview": "What does SP 800-207 say about trust based on network location?", "correlation_id": "01KTXAH4CEX8V5K64WZ2THZ9HM", "level": "info", "timestamp": "2026-06-12T07:08:47.367575Z"}
{"node": "assess", "reranked_count": 5, "event": "start", "query_preview": "What does SP 800-207 say about trust based on network location?", "correlation_id": "01KTXAH4CEX8V5K64WZ2THZ9HM", "level": "info", "timestamp": "2026-06-12T07:08:47.368575Z"}
{"prompt_tag": "assess_sufficiency@v4", "schema": "SufficiencyAssessment", "model": "cyankiwi/Qwen3.5-4B-AWQ-4bit", "max_tokens": 1024, "temperature": 0.1, "top_p": 0.8, "presence_penalty": 1.0, "seed": 42, "message_count": 1, "event": "model_call.start", "query_preview": "What does SP 800-207 say about trust based on network location?", "correlation_id": "01KTXAH4CEX8V5K64WZ2THZ9HM", "level": "info", "timestamp": "2026-06-12T07:08:47.370822Z"}
Authentication error: Langfuse client initialized without public_key. Client will be disabled. Provide a public_key parameter or set LANGFUSE_PUBLIC_KEY environment variable. 
{"prompt_tag": "assess_sufficiency@v4", "schema": "SufficiencyAssessment", "tokens": 2054, "event": "model_call.done", "query_preview": "What does SP 800-207 say about trust based on network location?", "correlation_id": "01KTXAH4CEX8V5K64WZ2THZ9HM", "level": "info", "timestamp": "2026-06-12T07:08:48.123071Z"}
{"node": "answer", "regenerate_attempt": 0, "event": "start", "query_preview": "What does SP 800-207 say about trust based on network location?", "correlation_id": "01KTXAH4CEX8V5K64WZ2THZ9HM", "level": "info", "timestamp": "2026-06-12T07:08:48.124746Z"}
{"prompt_tag": "answer@v5", "schema": "DraftAnswer", "model": "cyankiwi/Qwen3.5-4B-AWQ-4bit", "max_tokens": 1800, "temperature": 0.1, "top_p": 0.8, "presence_penalty": 1.0, "seed": 42, "message_count": 2, "event": "model_call.start", "query_preview": "What does SP 800-207 say about trust based on network location?", "correlation_id": "01KTXAH4CEX8V5K64WZ2THZ9HM", "level": "info", "timestamp": "2026-06-12T07:08:48.127201Z"}
Authentication error: Langfuse client initialized without public_key. Client will be disabled. Provide a public_key parameter or set LANGFUSE_PUBLIC_KEY environment variable. 
{"prompt_tag": "answer@v5", "schema": "DraftAnswer", "tokens": 3803, "event": "model_call.done", "query_preview": "What does SP 800-207 say about trust based on network location?", "correlation_id": "01KTXAH4CEX8V5K64WZ2THZ9HM", "level": "info", "timestamp": "2026-06-12T07:08:50.532846Z"}
{"node": "answer", "original": "SP 800-207 states that zero trust architecture (ZTA) explicitly rejects trust based on network location, requiring all c", "event": "answer.summary_scope_rebuilt", "query_preview": "What does SP 800-207 say about trust based on network location?", "correlation_id": "01KTXAH4CEX8V5K64WZ2THZ9HM", "level": "info", "timestamp": "2026-06-12T07:08:50.532937Z"}
{"node": "verify", "claim_count": 2, "event": "start", "query_preview": "What does SP 800-207 say about trust based on network location?", "correlation_id": "01KTXAH4CEX8V5K64WZ2THZ9HM", "level": "info", "timestamp": "2026-06-12T07:08:50.534009Z"}
{"prompt_tag": "verify_grounding@v2", "schema": "VerificationResult", "model": "cyankiwi/Qwen3.5-4B-AWQ-4bit", "max_tokens": 1024, "temperature": 0.1, "top_p": 0.8, "presence_penalty": 1.0, "seed": 42, "message_count": 1, "event": "model_call.start", "query_preview": "What does SP 800-207 say about trust based on network location?", "correlation_id": "01KTXAH4CEX8V5K64WZ2THZ9HM", "level": "info", "timestamp": "2026-06-12T07:08:50.537319Z"}
Authentication error: Langfuse client initialized without public_key. Client will be disabled. Provide a public_key parameter or set LANGFUSE_PUBLIC_KEY environment variable. 
{"prompt_tag": "verify_grounding@v2", "schema": "VerificationResult", "tokens": 2049, "event": "model_call.done", "query_preview": "What does SP 800-207 say about trust based on network location?", "correlation_id": "01KTXAH4CEX8V5K64WZ2THZ9HM", "level": "info", "timestamp": "2026-06-12T07:08:51.055543Z"}
{"node": "assess_relevance", "event": "start", "query_preview": "What does SP 800-207 say about trust based on network location?", "correlation_id": "01KTXAH4CEX8V5K64WZ2THZ9HM", "level": "info", "timestamp": "2026-06-12T07:08:51.057466Z"}
{"node": "assess_relevance", "event": "relevance.scope_rebuilt_refuse", "query_preview": "What does SP 800-207 say about trust based on network location?", "correlation_id": "01KTXAH4CEX8V5K64WZ2THZ9HM", "level": "info", "timestamp": "2026-06-12T07:08:51.057515Z"}
{"node": "refuse", "event": "start", "query_preview": "What does SP 800-207 say about trust based on network location?", "correlation_id": "01KTXAH4CEX8V5K64WZ2THZ9HM", "level": "info", "timestamp": "2026-06-12T07:08:51.058852Z"}
Authentication error: Langfuse client initialized without public_key. Client will be disabled. Provide a public_key parameter or set LANGFUSE_PUBLIC_KEY environment variable. 
{"node": "retrieve", "query_len": 87, "event": "start", "query_preview": "What separation between communication flows does SP 800-207 recommend for ZTA ne", "correlation_id": "01KTXAJZZKWNCC25AAM2SF768H", "level": "info", "timestamp": "2026-06-12T07:08:51.060652Z"}
{"query_len": 87, "k": 50, "event": "hybrid.start", "query_preview": "What separation between communication flows does SP 800-207 recommend for ZTA ne", "correlation_id": "01KTXAJZZKWNCC25AAM2SF768H", "level": "info", "timestamp": "2026-06-12T07:08:51.060694Z"}
{"query_len": 87, "k": 50, "dense": 50, "bm25": 0, "fused": 50, "term": false, "event": "hybrid.done", "query_preview": "What separation between communication flows does SP 800-207 recommend for ZTA ne", "correlation_id": "01KTXAJZZKWNCC25AAM2SF768H", "level": "info", "timestamp": "2026-06-12T07:08:51.133892Z"}
{"node": "retrieve", "candidate_count": 50, "event": "done", "query_preview": "What separation between communication flows does SP 800-207 recommend for ZTA ne", "correlation_id": "01KTXAJZZKWNCC25AAM2SF768H", "level": "info", "timestamp": "2026-06-12T07:08:51.134824Z"}
{"node": "expand_graph", "reason": "disabled_or_empty", "event": "skip", "query_preview": "What separation between communication flows does SP 800-207 recommend for ZTA ne", "correlation_id": "01KTXAJZZKWNCC25AAM2SF768H", "level": "info", "timestamp": "2026-06-12T07:08:51.136326Z"}
{"node": "rerank", "candidate_count": 50, "event": "start", "query_preview": "What separation between communication flows does SP 800-207 recommend for ZTA ne", "correlation_id": "01KTXAJZZKWNCC25AAM2SF768H", "level": "info", "timestamp": "2026-06-12T07:08:51.136842Z"}
{"node": "rerank", "top_k": 5, "source": "mode", "event": "top_k_resolved", "query_preview": "What separation between communication flows does SP 800-207 recommend for ZTA ne", "correlation_id": "01KTXAJZZKWNCC25AAM2SF768H", "level": "info", "timestamp": "2026-06-12T07:08:51.136889Z"}
{"candidates": 50, "top_k": 5, "backend": "cross_encoder", "event": "rerank.start", "query_preview": "What separation between communication flows does SP 800-207 recommend for ZTA ne", "correlation_id": "01KTXAJZZKWNCC25AAM2SF768H", "level": "info", "timestamp": "2026-06-12T07:08:51.136914Z"}
{"candidates": 50, "top_k": 5, "backend": "cross_encoder", "returned": 5, "event": "rerank.done", "query_preview": "What separation between communication flows does SP 800-207 recommend for ZTA ne", "correlation_id": "01KTXAJZZKWNCC25AAM2SF768H", "level": "info", "timestamp": "2026-06-12T07:09:31.618732Z"}
{"node": "rerank", "reranked_count": 5, "event": "done", "query_preview": "What separation between communication flows does SP 800-207 recommend for ZTA ne", "correlation_id": "01KTXAJZZKWNCC25AAM2SF768H", "level": "info", "timestamp": "2026-06-12T07:09:31.618836Z"}
{"node": "query_tables", "reason": "empty_or_not_table_shaped", "event": "skip", "query_preview": "What separation between communication flows does SP 800-207 recommend for ZTA ne", "correlation_id": "01KTXAJZZKWNCC25AAM2SF768H", "level": "info", "timestamp": "2026-06-12T07:09:31.620929Z"}
{"node": "assess", "reranked_count": 5, "event": "start", "query_preview": "What separation between communication flows does SP 800-207 recommend for ZTA ne", "correlation_id": "01KTXAJZZKWNCC25AAM2SF768H", "level": "info", "timestamp": "2026-06-12T07:09:31.621880Z"}
{"prompt_tag": "assess_sufficiency@v4", "schema": "SufficiencyAssessment", "model": "cyankiwi/Qwen3.5-4B-AWQ-4bit", "max_tokens": 1024, "temperature": 0.1, "top_p": 0.8, "presence_penalty": 1.0, "seed": 42, "message_count": 1, "event": "model_call.start", "query_preview": "What separation between communication flows does SP 800-207 recommend for ZTA ne", "correlation_id": "01KTXAJZZKWNCC25AAM2SF768H", "level": "info", "timestamp": "2026-06-12T07:09:31.623978Z"}
Authentication error: Langfuse client initialized without public_key. Client will be disabled. Provide a public_key parameter or set LANGFUSE_PUBLIC_KEY environment variable. 
{"prompt_tag": "assess_sufficiency@v4", "schema": "SufficiencyAssessment", "tokens": 2131, "event": "model_call.done", "query_preview": "What separation between communication flows does SP 800-207 recommend for ZTA ne", "correlation_id": "01KTXAJZZKWNCC25AAM2SF768H", "level": "info", "timestamp": "2026-06-12T07:09:32.693154Z"}
{"node": "answer", "regenerate_attempt": 0, "event": "start", "query_preview": "What separation between communication flows does SP 800-207 recommend for ZTA ne", "correlation_id": "01KTXAJZZKWNCC25AAM2SF768H", "level": "info", "timestamp": "2026-06-12T07:09:32.694530Z"}
{"prompt_tag": "answer@v5", "schema": "DraftAnswer", "model": "cyankiwi/Qwen3.5-4B-AWQ-4bit", "max_tokens": 1800, "temperature": 0.1, "top_p": 0.8, "presence_penalty": 1.0, "seed": 42, "message_count": 2, "event": "model_call.start", "query_preview": "What separation between communication flows does SP 800-207 recommend for ZTA ne", "correlation_id": "01KTXAJZZKWNCC25AAM2SF768H", "level": "info", "timestamp": "2026-06-12T07:09:32.696595Z"}
Authentication error: Langfuse client initialized without public_key. Client will be disabled. Provide a public_key parameter or set LANGFUSE_PUBLIC_KEY environment variable. 
{"prompt_tag": "answer@v5", "schema": "DraftAnswer", "tokens": 3765, "event": "model_call.done", "query_preview": "What separation between communication flows does SP 800-207 recommend for ZTA ne", "correlation_id": "01KTXAJZZKWNCC25AAM2SF768H", "level": "info", "timestamp": "2026-06-12T07:09:34.379704Z"}
{"node": "verify", "claim_count": 1, "event": "start", "query_preview": "What separation between communication flows does SP 800-207 recommend for ZTA ne", "correlation_id": "01KTXAJZZKWNCC25AAM2SF768H", "level": "info", "timestamp": "2026-06-12T07:09:34.380614Z"}
{"prompt_tag": "verify_grounding@v2", "schema": "VerificationResult", "model": "cyankiwi/Qwen3.5-4B-AWQ-4bit", "max_tokens": 1024, "temperature": 0.1, "top_p": 0.8, "presence_penalty": 1.0, "seed": 42, "message_count": 1, "event": "model_call.start", "query_preview": "What separation between communication flows does SP 800-207 recommend for ZTA ne", "correlation_id": "01KTXAJZZKWNCC25AAM2SF768H", "level": "info", "timestamp": "2026-06-12T07:09:34.384037Z"}
Authentication error: Langfuse client initialized without public_key. Client will be disabled. Provide a public_key parameter or set LANGFUSE_PUBLIC_KEY environment variable. 
{"prompt_tag": "verify_grounding@v2", "schema": "VerificationResult", "tokens": 2025, "event": "model_call.done", "query_preview": "What separation between communication flows does SP 800-207 recommend for ZTA ne", "correlation_id": "01KTXAJZZKWNCC25AAM2SF768H", "level": "info", "timestamp": "2026-06-12T07:09:34.873824Z"}
{"node": "assess_relevance", "event": "start", "query_preview": "What separation between communication flows does SP 800-207 recommend for ZTA ne", "correlation_id": "01KTXAJZZKWNCC25AAM2SF768H", "level": "info", "timestamp": "2026-06-12T07:09:34.875104Z"}
{"prompt_tag": "assess_relevance@v3", "schema": "RelevanceAssessment", "model": "cyankiwi/Qwen3.5-4B-AWQ-4bit", "max_tokens": 1024, "temperature": 0.1, "top_p": 0.8, "presence_penalty": 1.0, "seed": 42, "message_count": 1, "event": "model_call.start", "query_preview": "What separation between communication flows does SP 800-207 recommend for ZTA ne", "correlation_id": "01KTXAJZZKWNCC25AAM2SF768H", "level": "info", "timestamp": "2026-06-12T07:09:34.876083Z"}
Authentication error: Langfuse client initialized without public_key. Client will be disabled. Provide a public_key parameter or set LANGFUSE_PUBLIC_KEY environment variable. 
{"prompt_tag": "assess_relevance@v3", "schema": "RelevanceAssessment", "tokens": 888, "event": "model_call.done", "query_preview": "What separation between communication flows does SP 800-207 recommend for ZTA ne", "correlation_id": "01KTXAJZZKWNCC25AAM2SF768H", "level": "info", "timestamp": "2026-06-12T07:09:35.402041Z"}
{"node": "assess_relevance", "responsive": true, "event": "relevance", "query_preview": "What separation between communication flows does SP 800-207 recommend for ZTA ne", "correlation_id": "01KTXAJZZKWNCC25AAM2SF768H", "level": "info", "timestamp": "2026-06-12T07:09:35.402107Z"}
{"node": "compose", "event": "start", "query_preview": "What separation between communication flows does SP 800-207 recommend for ZTA ne", "correlation_id": "01KTXAJZZKWNCC25AAM2SF768H", "level": "info", "timestamp": "2026-06-12T07:09:35.403325Z"}
Authentication error: Langfuse client initialized without public_key. Client will be disabled. Provide a public_key parameter or set LANGFUSE_PUBLIC_KEY environment variable. 
{"node": "retrieve", "query_len": 95, "event": "start", "query_preview": "What specific encryption algorithm does SP 800-207 mandate for securing all ZTA ", "correlation_id": "01KTXAMB9B689QXEGQJGRW5R3T", "level": "info", "timestamp": "2026-06-12T07:09:35.404937Z"}
{"query_len": 95, "k": 50, "event": "hybrid.start", "query_preview": "What specific encryption algorithm does SP 800-207 mandate for securing all ZTA ", "correlation_id": "01KTXAMB9B689QXEGQJGRW5R3T", "level": "info", "timestamp": "2026-06-12T07:09:35.404978Z"}
{"query_len": 95, "k": 50, "dense": 50, "bm25": 0, "fused": 50, "term": false, "event": "hybrid.done", "query_preview": "What specific encryption algorithm does SP 800-207 mandate for securing all ZTA ", "correlation_id": "01KTXAMB9B689QXEGQJGRW5R3T", "level": "info", "timestamp": "2026-06-12T07:09:35.501938Z"}
{"node": "retrieve", "candidate_count": 50, "event": "done", "query_preview": "What specific encryption algorithm does SP 800-207 mandate for securing all ZTA ", "correlation_id": "01KTXAMB9B689QXEGQJGRW5R3T", "level": "info", "timestamp": "2026-06-12T07:09:35.502960Z"}
{"node": "expand_graph", "reason": "disabled_or_empty", "event": "skip", "query_preview": "What specific encryption algorithm does SP 800-207 mandate for securing all ZTA ", "correlation_id": "01KTXAMB9B689QXEGQJGRW5R3T", "level": "info", "timestamp": "2026-06-12T07:09:35.504489Z"}
{"node": "rerank", "candidate_count": 50, "event": "start", "query_preview": "What specific encryption algorithm does SP 800-207 mandate for securing all ZTA ", "correlation_id": "01KTXAMB9B689QXEGQJGRW5R3T", "level": "info", "timestamp": "2026-06-12T07:09:35.505003Z"}
{"node": "rerank", "top_k": 5, "source": "mode", "event": "top_k_resolved", "query_preview": "What specific encryption algorithm does SP 800-207 mandate for securing all ZTA ", "correlation_id": "01KTXAMB9B689QXEGQJGRW5R3T", "level": "info", "timestamp": "2026-06-12T07:09:35.505048Z"}
{"candidates": 50, "top_k": 5, "backend": "cross_encoder", "event": "rerank.start", "query_preview": "What specific encryption algorithm does SP 800-207 mandate for securing all ZTA ", "correlation_id": "01KTXAMB9B689QXEGQJGRW5R3T", "level": "info", "timestamp": "2026-06-12T07:09:35.505077Z"}
{"candidates": 50, "top_k": 5, "backend": "cross_encoder", "returned": 5, "event": "rerank.done", "query_preview": "What specific encryption algorithm does SP 800-207 mandate for securing all ZTA ", "correlation_id": "01KTXAMB9B689QXEGQJGRW5R3T", "level": "info", "timestamp": "2026-06-12T07:10:13.473932Z"}
{"node": "rerank", "reranked_count": 5, "event": "done", "query_preview": "What specific encryption algorithm does SP 800-207 mandate for securing all ZTA ", "correlation_id": "01KTXAMB9B689QXEGQJGRW5R3T", "level": "info", "timestamp": "2026-06-12T07:10:13.479926Z"}
{"node": "query_tables", "reason": "empty_or_not_table_shaped", "event": "skip", "query_preview": "What specific encryption algorithm does SP 800-207 mandate for securing all ZTA ", "correlation_id": "01KTXAMB9B689QXEGQJGRW5R3T", "level": "info", "timestamp": "2026-06-12T07:10:13.481683Z"}
{"node": "assess", "reranked_count": 5, "event": "start", "query_preview": "What specific encryption algorithm does SP 800-207 mandate for securing all ZTA ", "correlation_id": "01KTXAMB9B689QXEGQJGRW5R3T", "level": "info", "timestamp": "2026-06-12T07:10:13.482233Z"}
{"prompt_tag": "assess_sufficiency@v4", "schema": "SufficiencyAssessment", "model": "cyankiwi/Qwen3.5-4B-AWQ-4bit", "max_tokens": 1024, "temperature": 0.1, "top_p": 0.8, "presence_penalty": 1.0, "seed": 42, "message_count": 1, "event": "model_call.start", "query_preview": "What specific encryption algorithm does SP 800-207 mandate for securing all ZTA ", "correlation_id": "01KTXAMB9B689QXEGQJGRW5R3T", "level": "info", "timestamp": "2026-06-12T07:10:13.483777Z"}
Authentication error: Langfuse client initialized without public_key. Client will be disabled. Provide a public_key parameter or set LANGFUSE_PUBLIC_KEY environment variable. 
{"prompt_tag": "assess_sufficiency@v4", "schema": "SufficiencyAssessment", "tokens": 2204, "event": "model_call.done", "query_preview": "What specific encryption algorithm does SP 800-207 mandate for securing all ZTA ", "correlation_id": "01KTXAMB9B689QXEGQJGRW5R3T", "level": "info", "timestamp": "2026-06-12T07:10:14.343890Z"}
{"node": "refuse", "event": "start", "query_preview": "What specific encryption algorithm does SP 800-207 mandate for securing all ZTA ", "correlation_id": "01KTXAMB9B689QXEGQJGRW5R3T", "level": "info", "timestamp": "2026-06-12T07:10:14.345008Z"}
Authentication error: Langfuse client initialized without public_key. Client will be disabled. Provide a public_key parameter or set LANGFUSE_PUBLIC_KEY environment variable. 
{"node": "retrieve", "query_len": 124, "event": "start", "query_preview": "According to SP 800-207, what is the maximum allowed latency in milliseconds for", "correlation_id": "01KTXANHA9GCVKRY9MA9GEBS9C", "level": "info", "timestamp": "2026-06-12T07:10:14.346473Z"}
{"query_len": 124, "k": 50, "event": "hybrid.start", "query_preview": "According to SP 800-207, what is the maximum allowed latency in milliseconds for", "correlation_id": "01KTXANHA9GCVKRY9MA9GEBS9C", "level": "info", "timestamp": "2026-06-12T07:10:14.346520Z"}
{"query_len": 124, "k": 50, "dense": 50, "bm25": 0, "fused": 50, "term": false, "event": "hybrid.done", "query_preview": "According to SP 800-207, what is the maximum allowed latency in milliseconds for", "correlation_id": "01KTXANHA9GCVKRY9MA9GEBS9C", "level": "info", "timestamp": "2026-06-12T07:10:14.431521Z"}
{"node": "retrieve", "candidate_count": 50, "event": "done", "query_preview": "According to SP 800-207, what is the maximum allowed latency in milliseconds for", "correlation_id": "01KTXANHA9GCVKRY9MA9GEBS9C", "level": "info", "timestamp": "2026-06-12T07:10:14.432534Z"}
{"node": "expand_graph", "reason": "disabled_or_empty", "event": "skip", "query_preview": "According to SP 800-207, what is the maximum allowed latency in milliseconds for", "correlation_id": "01KTXANHA9GCVKRY9MA9GEBS9C", "level": "info", "timestamp": "2026-06-12T07:10:14.433760Z"}
{"node": "rerank", "candidate_count": 50, "event": "start", "query_preview": "According to SP 800-207, what is the maximum allowed latency in milliseconds for", "correlation_id": "01KTXANHA9GCVKRY9MA9GEBS9C", "level": "info", "timestamp": "2026-06-12T07:10:14.434235Z"}
{"node": "rerank", "top_k": 5, "source": "mode", "event": "top_k_resolved", "query_preview": "According to SP 800-207, what is the maximum allowed latency in milliseconds for", "correlation_id": "01KTXANHA9GCVKRY9MA9GEBS9C", "level": "info", "timestamp": "2026-06-12T07:10:14.434285Z"}
{"candidates": 50, "top_k": 5, "backend": "cross_encoder", "event": "rerank.start", "query_preview": "According to SP 800-207, what is the maximum allowed latency in milliseconds for", "correlation_id": "01KTXANHA9GCVKRY9MA9GEBS9C", "level": "info", "timestamp": "2026-06-12T07:10:14.434318Z"}
{"candidates": 50, "top_k": 5, "backend": "cross_encoder", "returned": 5, "event": "rerank.done", "query_preview": "According to SP 800-207, what is the maximum allowed latency in milliseconds for", "correlation_id": "01KTXANHA9GCVKRY9MA9GEBS9C", "level": "info", "timestamp": "2026-06-12T07:11:06.863747Z"}
{"node": "rerank", "reranked_count": 5, "event": "done", "query_preview": "According to SP 800-207, what is the maximum allowed latency in milliseconds for", "correlation_id": "01KTXANHA9GCVKRY9MA9GEBS9C", "level": "info", "timestamp": "2026-06-12T07:11:06.863829Z"}
{"node": "query_tables", "reason": "no_relevant_tables", "event": "skip", "query_preview": "According to SP 800-207, what is the maximum allowed latency in milliseconds for", "correlation_id": "01KTXANHA9GCVKRY9MA9GEBS9C", "level": "info", "timestamp": "2026-06-12T07:11:06.866402Z"}
{"node": "assess", "reranked_count": 5, "event": "start", "query_preview": "According to SP 800-207, what is the maximum allowed latency in milliseconds for", "correlation_id": "01KTXANHA9GCVKRY9MA9GEBS9C", "level": "info", "timestamp": "2026-06-12T07:11:06.867479Z"}
{"prompt_tag": "assess_sufficiency@v4", "schema": "SufficiencyAssessment", "model": "cyankiwi/Qwen3.5-4B-AWQ-4bit", "max_tokens": 1024, "temperature": 0.1, "top_p": 0.8, "presence_penalty": 1.0, "seed": 42, "message_count": 1, "event": "model_call.start", "query_preview": "According to SP 800-207, what is the maximum allowed latency in milliseconds for", "correlation_id": "01KTXANHA9GCVKRY9MA9GEBS9C", "level": "info", "timestamp": "2026-06-12T07:11:06.869098Z"}
Authentication error: Langfuse client initialized without public_key. Client will be disabled. Provide a public_key parameter or set LANGFUSE_PUBLIC_KEY environment variable. 
{"prompt_tag": "assess_sufficiency@v4", "schema": "SufficiencyAssessment", "tokens": 2563, "event": "model_call.done", "query_preview": "According to SP 800-207, what is the maximum allowed latency in milliseconds for", "correlation_id": "01KTXANHA9GCVKRY9MA9GEBS9C", "level": "info", "timestamp": "2026-06-12T07:11:07.716574Z"}
{"node": "refuse", "event": "start", "query_preview": "According to SP 800-207, what is the maximum allowed latency in milliseconds for", "correlation_id": "01KTXANHA9GCVKRY9MA9GEBS9C", "level": "info", "timestamp": "2026-06-12T07:11:07.717774Z"}
Authentication error: Langfuse client initialized without public_key. Client will be disabled. Provide a public_key parameter or set LANGFUSE_PUBLIC_KEY environment variable. 
{"node": "retrieve", "query_len": 100, "event": "start", "query_preview": "How much does SP 800-207 estimate it costs a federal agency to migrate to a zero", "correlation_id": "01KTXAQ5E64T8GX3J9YQRVNYKG", "level": "info", "timestamp": "2026-06-12T07:11:07.719394Z"}
{"query_len": 100, "k": 50, "event": "hybrid.start", "query_preview": "How much does SP 800-207 estimate it costs a federal agency to migrate to a zero", "correlation_id": "01KTXAQ5E64T8GX3J9YQRVNYKG", "level": "info", "timestamp": "2026-06-12T07:11:07.719433Z"}
{"query_len": 100, "k": 50, "dense": 50, "bm25": 0, "fused": 50, "term": false, "event": "hybrid.done", "query_preview": "How much does SP 800-207 estimate it costs a federal agency to migrate to a zero", "correlation_id": "01KTXAQ5E64T8GX3J9YQRVNYKG", "level": "info", "timestamp": "2026-06-12T07:11:07.802096Z"}
{"node": "retrieve", "candidate_count": 50, "event": "done", "query_preview": "How much does SP 800-207 estimate it costs a federal agency to migrate to a zero", "correlation_id": "01KTXAQ5E64T8GX3J9YQRVNYKG", "level": "info", "timestamp": "2026-06-12T07:11:07.803047Z"}
{"node": "expand_graph", "reason": "disabled_or_empty", "event": "skip", "query_preview": "How much does SP 800-207 estimate it costs a federal agency to migrate to a zero", "correlation_id": "01KTXAQ5E64T8GX3J9YQRVNYKG", "level": "info", "timestamp": "2026-06-12T07:11:07.804759Z"}
{"node": "rerank", "candidate_count": 50, "event": "start", "query_preview": "How much does SP 800-207 estimate it costs a federal agency to migrate to a zero", "correlation_id": "01KTXAQ5E64T8GX3J9YQRVNYKG", "level": "info", "timestamp": "2026-06-12T07:11:07.805445Z"}
{"node": "rerank", "top_k": 5, "source": "mode", "event": "top_k_resolved", "query_preview": "How much does SP 800-207 estimate it costs a federal agency to migrate to a zero", "correlation_id": "01KTXAQ5E64T8GX3J9YQRVNYKG", "level": "info", "timestamp": "2026-06-12T07:11:07.805499Z"}
{"candidates": 50, "top_k": 5, "backend": "cross_encoder", "event": "rerank.start", "query_preview": "How much does SP 800-207 estimate it costs a federal agency to migrate to a zero", "correlation_id": "01KTXAQ5E64T8GX3J9YQRVNYKG", "level": "info", "timestamp": "2026-06-12T07:11:07.805523Z"}
{"candidates": 50, "top_k": 5, "backend": "cross_encoder", "returned": 5, "event": "rerank.done", "query_preview": "How much does SP 800-207 estimate it costs a federal agency to migrate to a zero", "correlation_id": "01KTXAQ5E64T8GX3J9YQRVNYKG", "level": "info", "timestamp": "2026-06-12T07:11:59.616494Z"}
{"node": "rerank", "reranked_count": 5, "event": "done", "query_preview": "How much does SP 800-207 estimate it costs a federal agency to migrate to a zero", "correlation_id": "01KTXAQ5E64T8GX3J9YQRVNYKG", "level": "info", "timestamp": "2026-06-12T07:11:59.616600Z"}
{"node": "query_tables", "reason": "empty_or_not_table_shaped", "event": "skip", "query_preview": "How much does SP 800-207 estimate it costs a federal agency to migrate to a zero", "correlation_id": "01KTXAQ5E64T8GX3J9YQRVNYKG", "level": "info", "timestamp": "2026-06-12T07:11:59.618786Z"}
{"node": "assess", "reranked_count": 5, "event": "start", "query_preview": "How much does SP 800-207 estimate it costs a federal agency to migrate to a zero", "correlation_id": "01KTXAQ5E64T8GX3J9YQRVNYKG", "level": "info", "timestamp": "2026-06-12T07:11:59.619815Z"}
{"prompt_tag": "assess_sufficiency@v4", "schema": "SufficiencyAssessment", "model": "cyankiwi/Qwen3.5-4B-AWQ-4bit", "max_tokens": 1024, "temperature": 0.1, "top_p": 0.8, "presence_penalty": 1.0, "seed": 42, "message_count": 1, "event": "model_call.start", "query_preview": "How much does SP 800-207 estimate it costs a federal agency to migrate to a zero", "correlation_id": "01KTXAQ5E64T8GX3J9YQRVNYKG", "level": "info", "timestamp": "2026-06-12T07:11:59.622109Z"}
Authentication error: Langfuse client initialized without public_key. Client will be disabled. Provide a public_key parameter or set LANGFUSE_PUBLIC_KEY environment variable. 
{"prompt_tag": "assess_sufficiency@v4", "schema": "SufficiencyAssessment", "tokens": 2068, "event": "model_call.done", "query_preview": "How much does SP 800-207 estimate it costs a federal agency to migrate to a zero", "correlation_id": "01KTXAQ5E64T8GX3J9YQRVNYKG", "level": "info", "timestamp": "2026-06-12T07:12:00.402334Z"}
{"node": "refuse", "event": "start", "query_preview": "How much does SP 800-207 estimate it costs a federal agency to migrate to a zero", "correlation_id": "01KTXAQ5E64T8GX3J9YQRVNYKG", "level": "info", "timestamp": "2026-06-12T07:12:00.403862Z"}
Authentication error: Langfuse client initialized without public_key. Client will be disabled. Provide a public_key parameter or set LANGFUSE_PUBLIC_KEY environment variable. 
{"node": "retrieve", "query_len": 77, "event": "start", "query_preview": "What minimum password length does NIST Special Publication 800-63B recommend?", "correlation_id": "01KTXARRWMTRZJEKAHXQ3WGER5", "level": "info", "timestamp": "2026-06-12T07:12:00.405537Z"}
{"query_len": 77, "k": 50, "event": "hybrid.start", "query_preview": "What minimum password length does NIST Special Publication 800-63B recommend?", "correlation_id": "01KTXARRWMTRZJEKAHXQ3WGER5", "level": "info", "timestamp": "2026-06-12T07:12:00.405576Z"}
{"query_len": 77, "k": 50, "dense": 50, "bm25": 0, "fused": 50, "term": false, "event": "hybrid.done", "query_preview": "What minimum password length does NIST Special Publication 800-63B recommend?", "correlation_id": "01KTXARRWMTRZJEKAHXQ3WGER5", "level": "info", "timestamp": "2026-06-12T07:12:00.632254Z"}
{"node": "retrieve", "candidate_count": 50, "event": "done", "query_preview": "What minimum password length does NIST Special Publication 800-63B recommend?", "correlation_id": "01KTXARRWMTRZJEKAHXQ3WGER5", "level": "info", "timestamp": "2026-06-12T07:12:00.633424Z"}
{"node": "expand_graph", "reason": "disabled_or_empty", "event": "skip", "query_preview": "What minimum password length does NIST Special Publication 800-63B recommend?", "correlation_id": "01KTXARRWMTRZJEKAHXQ3WGER5", "level": "info", "timestamp": "2026-06-12T07:12:00.635099Z"}
{"node": "rerank", "candidate_count": 50, "event": "start", "query_preview": "What minimum password length does NIST Special Publication 800-63B recommend?", "correlation_id": "01KTXARRWMTRZJEKAHXQ3WGER5", "level": "info", "timestamp": "2026-06-12T07:12:00.635757Z"}
{"node": "rerank", "top_k": 5, "source": "mode", "event": "top_k_resolved", "query_preview": "What minimum password length does NIST Special Publication 800-63B recommend?", "correlation_id": "01KTXARRWMTRZJEKAHXQ3WGER5", "level": "info", "timestamp": "2026-06-12T07:12:00.635817Z"}
{"candidates": 50, "top_k": 5, "backend": "cross_encoder", "event": "rerank.start", "query_preview": "What minimum password length does NIST Special Publication 800-63B recommend?", "correlation_id": "01KTXARRWMTRZJEKAHXQ3WGER5", "level": "info", "timestamp": "2026-06-12T07:12:00.635853Z"}
{"candidates": 50, "top_k": 5, "backend": "cross_encoder", "returned": 5, "event": "rerank.done", "query_preview": "What minimum password length does NIST Special Publication 800-63B recommend?", "correlation_id": "01KTXARRWMTRZJEKAHXQ3WGER5", "level": "info", "timestamp": "2026-06-12T07:12:39.409423Z"}
{"node": "rerank", "reranked_count": 5, "event": "done", "query_preview": "What minimum password length does NIST Special Publication 800-63B recommend?", "correlation_id": "01KTXARRWMTRZJEKAHXQ3WGER5", "level": "info", "timestamp": "2026-06-12T07:12:39.409534Z"}
{"prompt_tag": "generate_table_sql@v1", "schema": "GeneratedSQL", "model": "cyankiwi/Qwen3.5-4B-AWQ-4bit", "max_tokens": 1024, "temperature": 0.1, "top_p": 0.8, "presence_penalty": 1.0, "seed": 42, "message_count": 1, "event": "model_call.start", "query_preview": "What minimum password length does NIST Special Publication 800-63B recommend?", "correlation_id": "01KTXARRWMTRZJEKAHXQ3WGER5", "level": "info", "timestamp": "2026-06-12T07:12:39.415028Z"}
Authentication error: Langfuse client initialized without public_key. Client will be disabled. Provide a public_key parameter or set LANGFUSE_PUBLIC_KEY environment variable. 
{"prompt_tag": "generate_table_sql@v1", "schema": "GeneratedSQL", "tokens": 1230, "event": "model_call.done", "query_preview": "What minimum password length does NIST Special Publication 800-63B recommend?", "correlation_id": "01KTXARRWMTRZJEKAHXQ3WGER5", "level": "info", "timestamp": "2026-06-12T07:12:40.075959Z"}
{"node": "query_doc_tables", "sql": "SELECT * FROM f9fded11b0 WHERE api = 'NIST'", "target": "f9fded11b0", "event": "table_sql.generated", "query_preview": "What minimum password length does NIST Special Publication 800-63B recommend?", "correlation_id": "01KTXARRWMTRZJEKAHXQ3WGER5", "level": "info", "timestamp": "2026-06-12T07:12:40.076017Z"}
{"node": "query_doc_tables", "kind": "rows", "target": "f9fded11b0", "event": "table_sql.result", "query_preview": "What minimum password length does NIST Special Publication 800-63B recommend?", "correlation_id": "01KTXARRWMTRZJEKAHXQ3WGER5", "level": "info", "timestamp": "2026-06-12T07:12:40.076692Z"}
{"node": "query_tables", "kind": "rows", "chunk_id": "0290d6ec-nist-sp-800-207#sql0001", "event": "injected", "query_preview": "What minimum password length does NIST Special Publication 800-63B recommend?", "correlation_id": "01KTXARRWMTRZJEKAHXQ3WGER5", "level": "info", "timestamp": "2026-06-12T07:12:40.076972Z"}
{"node": "assess", "reranked_count": 6, "event": "start", "query_preview": "What minimum password length does NIST Special Publication 800-63B recommend?", "correlation_id": "01KTXARRWMTRZJEKAHXQ3WGER5", "level": "info", "timestamp": "2026-06-12T07:12:40.077679Z"}
{"prompt_tag": "assess_sufficiency@v4", "schema": "SufficiencyAssessment", "model": "cyankiwi/Qwen3.5-4B-AWQ-4bit", "max_tokens": 1024, "temperature": 0.1, "top_p": 0.8, "presence_penalty": 1.0, "seed": 42, "message_count": 1, "event": "model_call.start", "query_preview": "What minimum password length does NIST Special Publication 800-63B recommend?", "correlation_id": "01KTXARRWMTRZJEKAHXQ3WGER5", "level": "info", "timestamp": "2026-06-12T07:12:40.078967Z"}
Authentication error: Langfuse client initialized without public_key. Client will be disabled. Provide a public_key parameter or set LANGFUSE_PUBLIC_KEY environment variable. 
{"prompt_tag": "assess_sufficiency@v4", "schema": "SufficiencyAssessment", "tokens": 2224, "event": "model_call.done", "query_preview": "What minimum password length does NIST Special Publication 800-63B recommend?", "correlation_id": "01KTXARRWMTRZJEKAHXQ3WGER5", "level": "info", "timestamp": "2026-06-12T07:12:40.812711Z"}
{"node": "refuse", "event": "start", "query_preview": "What minimum password length does NIST Special Publication 800-63B recommend?", "correlation_id": "01KTXARRWMTRZJEKAHXQ3WGER5", "level": "info", "timestamp": "2026-06-12T07:12:40.814376Z"}
Authentication error: Langfuse client initialized without public_key. Client will be disabled. Provide a public_key parameter or set LANGFUSE_PUBLIC_KEY environment variable. 
{"node": "retrieve", "query_len": 95, "event": "start", "query_preview": "What post-quantum cryptography key length does SP 800-207 recommend for zero tru", "correlation_id": "01KTXAT0BFA03H2EVHW084PFF9", "level": "info", "timestamp": "2026-06-12T07:12:40.816144Z"}
{"query_len": 95, "k": 50, "event": "hybrid.start", "query_preview": "What post-quantum cryptography key length does SP 800-207 recommend for zero tru", "correlation_id": "01KTXAT0BFA03H2EVHW084PFF9", "level": "info", "timestamp": "2026-06-12T07:12:40.816183Z"}
{"query_len": 95, "k": 50, "dense": 50, "bm25": 0, "fused": 50, "term": false, "event": "hybrid.done", "query_preview": "What post-quantum cryptography key length does SP 800-207 recommend for zero tru", "correlation_id": "01KTXAT0BFA03H2EVHW084PFF9", "level": "info", "timestamp": "2026-06-12T07:12:40.893520Z"}
{"node": "retrieve", "candidate_count": 50, "event": "done", "query_preview": "What post-quantum cryptography key length does SP 800-207 recommend for zero tru", "correlation_id": "01KTXAT0BFA03H2EVHW084PFF9", "level": "info", "timestamp": "2026-06-12T07:12:40.894447Z"}
{"node": "expand_graph", "reason": "disabled_or_empty", "event": "skip", "query_preview": "What post-quantum cryptography key length does SP 800-207 recommend for zero tru", "correlation_id": "01KTXAT0BFA03H2EVHW084PFF9", "level": "info", "timestamp": "2026-06-12T07:12:40.895715Z"}
{"node": "rerank", "candidate_count": 50, "event": "start", "query_preview": "What post-quantum cryptography key length does SP 800-207 recommend for zero tru", "correlation_id": "01KTXAT0BFA03H2EVHW084PFF9", "level": "info", "timestamp": "2026-06-12T07:12:40.896196Z"}
{"node": "rerank", "top_k": 5, "source": "mode", "event": "top_k_resolved", "query_preview": "What post-quantum cryptography key length does SP 800-207 recommend for zero tru", "correlation_id": "01KTXAT0BFA03H2EVHW084PFF9", "level": "info", "timestamp": "2026-06-12T07:12:40.896243Z"}
{"candidates": 50, "top_k": 5, "backend": "cross_encoder", "event": "rerank.start", "query_preview": "What post-quantum cryptography key length does SP 800-207 recommend for zero tru", "correlation_id": "01KTXAT0BFA03H2EVHW084PFF9", "level": "info", "timestamp": "2026-06-12T07:12:40.896268Z"}
{"candidates": 50, "top_k": 5, "backend": "cross_encoder", "returned": 5, "event": "rerank.done", "query_preview": "What post-quantum cryptography key length does SP 800-207 recommend for zero tru", "correlation_id": "01KTXAT0BFA03H2EVHW084PFF9", "level": "info", "timestamp": "2026-06-12T07:13:25.629964Z"}
{"node": "rerank", "reranked_count": 5, "event": "done", "query_preview": "What post-quantum cryptography key length does SP 800-207 recommend for zero tru", "correlation_id": "01KTXAT0BFA03H2EVHW084PFF9", "level": "info", "timestamp": "2026-06-12T07:13:25.630068Z"}
{"node": "query_tables", "reason": "empty_or_not_table_shaped", "event": "skip", "query_preview": "What post-quantum cryptography key length does SP 800-207 recommend for zero tru", "correlation_id": "01KTXAT0BFA03H2EVHW084PFF9", "level": "info", "timestamp": "2026-06-12T07:13:25.632120Z"}
{"node": "assess", "reranked_count": 5, "event": "start", "query_preview": "What post-quantum cryptography key length does SP 800-207 recommend for zero tru", "correlation_id": "01KTXAT0BFA03H2EVHW084PFF9", "level": "info", "timestamp": "2026-06-12T07:13:25.632971Z"}
{"prompt_tag": "assess_sufficiency@v4", "schema": "SufficiencyAssessment", "model": "cyankiwi/Qwen3.5-4B-AWQ-4bit", "max_tokens": 1024, "temperature": 0.1, "top_p": 0.8, "presence_penalty": 1.0, "seed": 42, "message_count": 1, "event": "model_call.start", "query_preview": "What post-quantum cryptography key length does SP 800-207 recommend for zero tru", "correlation_id": "01KTXAT0BFA03H2EVHW084PFF9", "level": "info", "timestamp": "2026-06-12T07:13:25.634453Z"}
Authentication error: Langfuse client initialized without public_key. Client will be disabled. Provide a public_key parameter or set LANGFUSE_PUBLIC_KEY environment variable. 
{"prompt_tag": "assess_sufficiency@v4", "schema": "SufficiencyAssessment", "tokens": 1863, "event": "model_call.done", "query_preview": "What post-quantum cryptography key length does SP 800-207 recommend for zero tru", "correlation_id": "01KTXAT0BFA03H2EVHW084PFF9", "level": "info", "timestamp": "2026-06-12T07:13:26.408507Z"}
{"node": "refuse", "event": "start", "query_preview": "What post-quantum cryptography key length does SP 800-207 recommend for zero tru", "correlation_id": "01KTXAT0BFA03H2EVHW084PFF9", "level": "info", "timestamp": "2026-06-12T07:13:26.409603Z"}
Authentication error: Langfuse client initialized without public_key. Client will be disabled. Provide a public_key parameter or set LANGFUSE_PUBLIC_KEY environment variable. 
{"node": "retrieve", "query_len": 111, "event": "start", "query_preview": "Which commercial vendor's product does NIST SP 800-207 recommend for implementin", "correlation_id": "01KTXAVCWA22R6BDXAV7DQJS9V", "level": "info", "timestamp": "2026-06-12T07:13:26.411049Z"}
{"query_len": 111, "k": 50, "event": "hybrid.start", "query_preview": "Which commercial vendor's product does NIST SP 800-207 recommend for implementin", "correlation_id": "01KTXAVCWA22R6BDXAV7DQJS9V", "level": "info", "timestamp": "2026-06-12T07:13:26.411090Z"}
{"query_len": 111, "k": 50, "dense": 50, "bm25": 0, "fused": 50, "term": false, "event": "hybrid.done", "query_preview": "Which commercial vendor's product does NIST SP 800-207 recommend for implementin", "correlation_id": "01KTXAVCWA22R6BDXAV7DQJS9V", "level": "info", "timestamp": "2026-06-12T07:13:26.480996Z"}
{"node": "retrieve", "candidate_count": 50, "event": "done", "query_preview": "Which commercial vendor's product does NIST SP 800-207 recommend for implementin", "correlation_id": "01KTXAVCWA22R6BDXAV7DQJS9V", "level": "info", "timestamp": "2026-06-12T07:13:26.481972Z"}
{"node": "expand_graph", "reason": "disabled_or_empty", "event": "skip", "query_preview": "Which commercial vendor's product does NIST SP 800-207 recommend for implementin", "correlation_id": "01KTXAVCWA22R6BDXAV7DQJS9V", "level": "info", "timestamp": "2026-06-12T07:13:26.483276Z"}
{"node": "rerank", "candidate_count": 50, "event": "start", "query_preview": "Which commercial vendor's product does NIST SP 800-207 recommend for implementin", "correlation_id": "01KTXAVCWA22R6BDXAV7DQJS9V", "level": "info", "timestamp": "2026-06-12T07:13:26.483753Z"}
{"node": "rerank", "top_k": 5, "source": "mode", "event": "top_k_resolved", "query_preview": "Which commercial vendor's product does NIST SP 800-207 recommend for implementin", "correlation_id": "01KTXAVCWA22R6BDXAV7DQJS9V", "level": "info", "timestamp": "2026-06-12T07:13:26.483797Z"}
{"candidates": 50, "top_k": 5, "backend": "cross_encoder", "event": "rerank.start", "query_preview": "Which commercial vendor's product does NIST SP 800-207 recommend for implementin", "correlation_id": "01KTXAVCWA22R6BDXAV7DQJS9V", "level": "info", "timestamp": "2026-06-12T07:13:26.483828Z"}
{"candidates": 50, "top_k": 5, "backend": "cross_encoder", "returned": 5, "event": "rerank.done", "query_preview": "Which commercial vendor's product does NIST SP 800-207 recommend for implementin", "correlation_id": "01KTXAVCWA22R6BDXAV7DQJS9V", "level": "info", "timestamp": "2026-06-12T07:14:15.836165Z"}
{"node": "rerank", "reranked_count": 5, "event": "done", "query_preview": "Which commercial vendor's product does NIST SP 800-207 recommend for implementin", "correlation_id": "01KTXAVCWA22R6BDXAV7DQJS9V", "level": "info", "timestamp": "2026-06-12T07:14:15.836246Z"}
{"node": "query_tables", "reason": "empty_or_not_table_shaped", "event": "skip", "query_preview": "Which commercial vendor's product does NIST SP 800-207 recommend for implementin", "correlation_id": "01KTXAVCWA22R6BDXAV7DQJS9V", "level": "info", "timestamp": "2026-06-12T07:14:15.837986Z"}
{"node": "assess", "reranked_count": 5, "event": "start", "query_preview": "Which commercial vendor's product does NIST SP 800-207 recommend for implementin", "correlation_id": "01KTXAVCWA22R6BDXAV7DQJS9V", "level": "info", "timestamp": "2026-06-12T07:14:15.838560Z"}
{"prompt_tag": "assess_sufficiency@v4", "schema": "SufficiencyAssessment", "model": "cyankiwi/Qwen3.5-4B-AWQ-4bit", "max_tokens": 1024, "temperature": 0.1, "top_p": 0.8, "presence_penalty": 1.0, "seed": 42, "message_count": 1, "event": "model_call.start", "query_preview": "Which commercial vendor's product does NIST SP 800-207 recommend for implementin", "correlation_id": "01KTXAVCWA22R6BDXAV7DQJS9V", "level": "info", "timestamp": "2026-06-12T07:14:15.840071Z"}
Authentication error: Langfuse client initialized without public_key. Client will be disabled. Provide a public_key parameter or set LANGFUSE_PUBLIC_KEY environment variable. 
{"prompt_tag": "assess_sufficiency@v4", "schema": "SufficiencyAssessment", "tokens": 1859, "event": "model_call.done", "query_preview": "Which commercial vendor's product does NIST SP 800-207 recommend for implementin", "correlation_id": "01KTXAVCWA22R6BDXAV7DQJS9V", "level": "info", "timestamp": "2026-06-12T07:14:16.556535Z"}
{"node": "refuse", "event": "start", "query_preview": "Which commercial vendor's product does NIST SP 800-207 recommend for implementin", "correlation_id": "01KTXAVCWA22R6BDXAV7DQJS9V", "level": "info", "timestamp": "2026-06-12T07:14:16.557720Z"}
Authentication error: Langfuse client initialized without public_key. Client will be disabled. Provide a public_key parameter or set LANGFUSE_PUBLIC_KEY environment variable. 
{"node": "retrieve", "query_len": 135, "event": "start", "query_preview": "According to NIST SP 800-207, what specific firewall rules should you configure ", "correlation_id": "01KTXAWXVEWR9ZNQW6VSQRRMCD", "level": "info", "timestamp": "2026-06-12T07:14:16.559264Z"}
{"query_len": 135, "k": 50, "event": "hybrid.start", "query_preview": "According to NIST SP 800-207, what specific firewall rules should you configure ", "correlation_id": "01KTXAWXVEWR9ZNQW6VSQRRMCD", "level": "info", "timestamp": "2026-06-12T07:14:16.559301Z"}
{"query_len": 135, "k": 50, "dense": 50, "bm25": 0, "fused": 50, "term": false, "event": "hybrid.done", "query_preview": "According to NIST SP 800-207, what specific firewall rules should you configure ", "correlation_id": "01KTXAWXVEWR9ZNQW6VSQRRMCD", "level": "info", "timestamp": "2026-06-12T07:14:16.633628Z"}
{"node": "retrieve", "candidate_count": 50, "event": "done", "query_preview": "According to NIST SP 800-207, what specific firewall rules should you configure ", "correlation_id": "01KTXAWXVEWR9ZNQW6VSQRRMCD", "level": "info", "timestamp": "2026-06-12T07:14:16.634510Z"}
{"node": "expand_graph", "reason": "disabled_or_empty", "event": "skip", "query_preview": "According to NIST SP 800-207, what specific firewall rules should you configure ", "correlation_id": "01KTXAWXVEWR9ZNQW6VSQRRMCD", "level": "info", "timestamp": "2026-06-12T07:14:16.635811Z"}
{"node": "rerank", "candidate_count": 50, "event": "start", "query_preview": "According to NIST SP 800-207, what specific firewall rules should you configure ", "correlation_id": "01KTXAWXVEWR9ZNQW6VSQRRMCD", "level": "info", "timestamp": "2026-06-12T07:14:16.636300Z"}
{"node": "rerank", "top_k": 5, "source": "mode", "event": "top_k_resolved", "query_preview": "According to NIST SP 800-207, what specific firewall rules should you configure ", "correlation_id": "01KTXAWXVEWR9ZNQW6VSQRRMCD", "level": "info", "timestamp": "2026-06-12T07:14:16.636346Z"}
{"candidates": 50, "top_k": 5, "backend": "cross_encoder", "event": "rerank.start", "query_preview": "According to NIST SP 800-207, what specific firewall rules should you configure ", "correlation_id": "01KTXAWXVEWR9ZNQW6VSQRRMCD", "level": "info", "timestamp": "2026-06-12T07:14:16.636379Z"}
{"candidates": 50, "top_k": 5, "backend": "cross_encoder", "returned": 5, "event": "rerank.done", "query_preview": "According to NIST SP 800-207, what specific firewall rules should you configure ", "correlation_id": "01KTXAWXVEWR9ZNQW6VSQRRMCD", "level": "info", "timestamp": "2026-06-12T07:15:02.441609Z"}
{"node": "rerank", "reranked_count": 5, "event": "done", "query_preview": "According to NIST SP 800-207, what specific firewall rules should you configure ", "correlation_id": "01KTXAWXVEWR9ZNQW6VSQRRMCD", "level": "info", "timestamp": "2026-06-12T07:15:02.441686Z"}
{"node": "query_tables", "reason": "empty_or_not_table_shaped", "event": "skip", "query_preview": "According to NIST SP 800-207, what specific firewall rules should you configure ", "correlation_id": "01KTXAWXVEWR9ZNQW6VSQRRMCD", "level": "info", "timestamp": "2026-06-12T07:15:02.443124Z"}
{"node": "assess", "reranked_count": 5, "event": "start", "query_preview": "According to NIST SP 800-207, what specific firewall rules should you configure ", "correlation_id": "01KTXAWXVEWR9ZNQW6VSQRRMCD", "level": "info", "timestamp": "2026-06-12T07:15:02.443792Z"}
{"prompt_tag": "assess_sufficiency@v4", "schema": "SufficiencyAssessment", "model": "cyankiwi/Qwen3.5-4B-AWQ-4bit", "max_tokens": 1024, "temperature": 0.1, "top_p": 0.8, "presence_penalty": 1.0, "seed": 42, "message_count": 1, "event": "model_call.start", "query_preview": "According to NIST SP 800-207, what specific firewall rules should you configure ", "correlation_id": "01KTXAWXVEWR9ZNQW6VSQRRMCD", "level": "info", "timestamp": "2026-06-12T07:15:02.445262Z"}
Authentication error: Langfuse client initialized without public_key. Client will be disabled. Provide a public_key parameter or set LANGFUSE_PUBLIC_KEY environment variable. 
{"prompt_tag": "assess_sufficiency@v4", "schema": "SufficiencyAssessment", "tokens": 2191, "event": "model_call.done", "query_preview": "According to NIST SP 800-207, what specific firewall rules should you configure ", "correlation_id": "01KTXAWXVEWR9ZNQW6VSQRRMCD", "level": "info", "timestamp": "2026-06-12T07:15:03.208144Z"}
{"node": "refuse", "event": "start", "query_preview": "According to NIST SP 800-207, what specific firewall rules should you configure ", "correlation_id": "01KTXAWXVEWR9ZNQW6VSQRRMCD", "level": "info", "timestamp": "2026-06-12T07:15:03.209514Z"}
{"query_count": 19, "quick": false, "error_count": 0, "mean_citation_precision": 0.8421052631578947, "mean_citation_precision_answered_only": 0.0, "answer_text_checked": 0, "answer_text_correct_count": 0, "mean_answer_mention_recall": null, "event": "eval.done", "level": "info", "timestamp": "2026-06-12T07:15:03.210107Z"}
