{"vault_path": "/home/drei/.memex/vault", "event": "bootstrap", "level": "info", "timestamp": "2026-06-12T07:15:06.487258Z"}
{"estimated_gb": 11.8, "budget_gb": 9.8, "total_gb": 11.6, "gpu": "NVIDIA GeForce RTX 4070", "vlm_counted": false, "co_residence_mode": "manual", "embedder_device": "cpu", "reranker_device": "cpu", "fix": "lower hardware.gpu_memory_fraction, switch to a lighter co-residence mode (MEMEX_MODELS__CO_RESIDENCE_MODE=full puts the reranker on CPU), switch to a smaller VLM variant (vlm_quantization=awq_int4), or reduce the orchestrator quant tier", "event": "vram.budget.tight", "level": "warning", "timestamp": "2026-06-12T07:15:07.357679Z"}
{"component": "bootstrap.gpu", "total_gb": 11.56, "free_gb": 4.33, "holders": ["pid 382037: VLLM::EngineCore (6170 MiB)", "pid 1012500: /home/drei/project/Doc_Flo/.venv/bin/python3 (154 MiB)"], "event": "gpu.preflight", "level": "info", "timestamp": "2026-06-12T07:15:07.456317Z"}
{"query_count": 19, "quick": false, "event": "eval.start", "level": "info", "timestamp": "2026-06-12T07:15:07.493030Z"}
Authentication error: Langfuse client initialized without public_key. Client will be disabled. Provide a public_key parameter or set LANGFUSE_PUBLIC_KEY environment variable. 
{"node": "retrieve", "query_len": 64, "event": "start", "correlation_id": "01KTXAYFK5ZYKN6PYPJ8NEHRHY", "query_preview": "How many basic tenets of zero trust does NIST SP 800-207 define?", "level": "info", "timestamp": "2026-06-12T07:15:07.517873Z"}
{"query_len": 64, "k": 50, "event": "hybrid.start", "correlation_id": "01KTXAYFK5ZYKN6PYPJ8NEHRHY", "query_preview": "How many basic tenets of zero trust does NIST SP 800-207 define?", "level": "info", "timestamp": "2026-06-12T07:15:07.517935Z"}
{"name": "embedder", "event": "model.load.start", "correlation_id": "01KTXAYFK5ZYKN6PYPJ8NEHRHY", "query_preview": "How many basic tenets of zero trust does NIST SP 800-207 define?", "level": "info", "timestamp": "2026-06-12T07:15:07.521561Z"}
`torch_dtype` is deprecated! Use `dtype` instead!
{"name": "embedder", "event": "model.load.done", "correlation_id": "01KTXAYFK5ZYKN6PYPJ8NEHRHY", "query_preview": "How many basic tenets of zero trust does NIST SP 800-207 define?", "level": "info", "timestamp": "2026-06-12T07:15:11.603665Z"}
{"query_len": 64, "k": 50, "dense": 50, "bm25": 0, "fused": 50, "term": false, "event": "hybrid.done", "correlation_id": "01KTXAYFK5ZYKN6PYPJ8NEHRHY", "query_preview": "How many basic tenets of zero trust does NIST SP 800-207 define?", "level": "info", "timestamp": "2026-06-12T07:15:11.718404Z"}
{"node": "retrieve", "candidate_count": 50, "event": "done", "correlation_id": "01KTXAYFK5ZYKN6PYPJ8NEHRHY", "query_preview": "How many basic tenets of zero trust does NIST SP 800-207 define?", "level": "info", "timestamp": "2026-06-12T07:15:11.719195Z"}
{"node": "expand_graph", "reason": "disabled_or_empty", "event": "skip", "correlation_id": "01KTXAYFK5ZYKN6PYPJ8NEHRHY", "query_preview": "How many basic tenets of zero trust does NIST SP 800-207 define?", "level": "info", "timestamp": "2026-06-12T07:15:11.720949Z"}
{"node": "rerank", "candidate_count": 50, "event": "start", "correlation_id": "01KTXAYFK5ZYKN6PYPJ8NEHRHY", "query_preview": "How many basic tenets of zero trust does NIST SP 800-207 define?", "level": "info", "timestamp": "2026-06-12T07:15:11.721512Z"}
{"node": "rerank", "top_k": 5, "source": "mode", "event": "top_k_resolved", "correlation_id": "01KTXAYFK5ZYKN6PYPJ8NEHRHY", "query_preview": "How many basic tenets of zero trust does NIST SP 800-207 define?", "level": "info", "timestamp": "2026-06-12T07:15:11.721563Z"}
{"candidates": 50, "top_k": 5, "backend": "cross_encoder", "event": "rerank.start", "correlation_id": "01KTXAYFK5ZYKN6PYPJ8NEHRHY", "query_preview": "How many basic tenets of zero trust does NIST SP 800-207 define?", "level": "info", "timestamp": "2026-06-12T07:15:11.721597Z"}
{"name": "reranker", "event": "model.load.start", "correlation_id": "01KTXAYFK5ZYKN6PYPJ8NEHRHY", "query_preview": "How many basic tenets of zero trust does NIST SP 800-207 define?", "level": "info", "timestamp": "2026-06-12T07:15:11.721630Z"}
{"name": "reranker", "event": "model.load.done", "correlation_id": "01KTXAYFK5ZYKN6PYPJ8NEHRHY", "query_preview": "How many basic tenets of zero trust does NIST SP 800-207 define?", "level": "info", "timestamp": "2026-06-12T07:15:13.162836Z"}
{"candidates": 50, "top_k": 5, "backend": "cross_encoder", "returned": 5, "event": "rerank.done", "correlation_id": "01KTXAYFK5ZYKN6PYPJ8NEHRHY", "query_preview": "How many basic tenets of zero trust does NIST SP 800-207 define?", "level": "info", "timestamp": "2026-06-12T07:16:03.038000Z"}
{"node": "rerank", "reranked_count": 5, "event": "done", "correlation_id": "01KTXAYFK5ZYKN6PYPJ8NEHRHY", "query_preview": "How many basic tenets of zero trust does NIST SP 800-207 define?", "level": "info", "timestamp": "2026-06-12T07:16:03.038120Z"}
{"prompt_tag": "generate_table_sql@v1", "schema": "GeneratedSQL", "model": "cyankiwi/Qwen3.5-4B-AWQ-4bit", "max_tokens": 1024, "temperature": 0.1, "top_p": 0.8, "presence_penalty": 1.0, "seed": 42, "message_count": 1, "event": "model_call.start", "correlation_id": "01KTXAYFK5ZYKN6PYPJ8NEHRHY", "query_preview": "How many basic tenets of zero trust does NIST SP 800-207 define?", "level": "info", "timestamp": "2026-06-12T07:16:03.049462Z"}
Authentication error: Langfuse client initialized without public_key. Client will be disabled. Provide a public_key parameter or set LANGFUSE_PUBLIC_KEY environment variable. 
{"prompt_tag": "generate_table_sql@v1", "schema": "GeneratedSQL", "tokens": 1216, "event": "model_call.done", "correlation_id": "01KTXAYFK5ZYKN6PYPJ8NEHRHY", "query_preview": "How many basic tenets of zero trust does NIST SP 800-207 define?", "level": "info", "timestamp": "2026-06-12T07:16:03.838693Z"}
{"node": "query_doc_tables", "sql": "SELECT COUNT(*) FROM c_157eab338d WHERE table_of_contents LIKE '%Tenets of Zero Trust%'", "target": "c_157eab338d", "event": "table_sql.generated", "correlation_id": "01KTXAYFK5ZYKN6PYPJ8NEHRHY", "query_preview": "How many basic tenets of zero trust does NIST SP 800-207 define?", "level": "info", "timestamp": "2026-06-12T07:16:03.838754Z"}
{"node": "query_doc_tables", "kind": "aggregate", "target": "157eab338d", "event": "table_sql.result", "correlation_id": "01KTXAYFK5ZYKN6PYPJ8NEHRHY", "query_preview": "How many basic tenets of zero trust does NIST SP 800-207 define?", "level": "info", "timestamp": "2026-06-12T07:16:03.840054Z"}
{"node": "query_tables", "kind": "aggregate", "chunk_id": "0290d6ec-nist-sp-800-207#sql0001", "event": "injected", "correlation_id": "01KTXAYFK5ZYKN6PYPJ8NEHRHY", "query_preview": "How many basic tenets of zero trust does NIST SP 800-207 define?", "level": "info", "timestamp": "2026-06-12T07:16:03.840480Z"}
{"node": "assess", "reranked_count": 6, "event": "start", "correlation_id": "01KTXAYFK5ZYKN6PYPJ8NEHRHY", "query_preview": "How many basic tenets of zero trust does NIST SP 800-207 define?", "level": "info", "timestamp": "2026-06-12T07:16:03.841465Z"}
{"prompt_tag": "assess_sufficiency@v4", "schema": "SufficiencyAssessment", "model": "cyankiwi/Qwen3.5-4B-AWQ-4bit", "max_tokens": 1024, "temperature": 0.1, "top_p": 0.8, "presence_penalty": 1.0, "seed": 42, "message_count": 1, "event": "model_call.start", "correlation_id": "01KTXAYFK5ZYKN6PYPJ8NEHRHY", "query_preview": "How many basic tenets of zero trust does NIST SP 800-207 define?", "level": "info", "timestamp": "2026-06-12T07:16:03.846489Z"}
Authentication error: Langfuse client initialized without public_key. Client will be disabled. Provide a public_key parameter or set LANGFUSE_PUBLIC_KEY environment variable. 
{"prompt_tag": "assess_sufficiency@v4", "schema": "SufficiencyAssessment", "tokens": 2732, "event": "model_call.done", "correlation_id": "01KTXAYFK5ZYKN6PYPJ8NEHRHY", "query_preview": "How many basic tenets of zero trust does NIST SP 800-207 define?", "level": "info", "timestamp": "2026-06-12T07:16:04.657718Z"}
{"node": "answer", "regenerate_attempt": 0, "event": "start", "correlation_id": "01KTXAYFK5ZYKN6PYPJ8NEHRHY", "query_preview": "How many basic tenets of zero trust does NIST SP 800-207 define?", "level": "info", "timestamp": "2026-06-12T07:16:04.659639Z"}
{"prompt_tag": "answer@v5", "schema": "DraftAnswer", "model": "cyankiwi/Qwen3.5-4B-AWQ-4bit", "max_tokens": 1800, "temperature": 0.1, "top_p": 0.8, "presence_penalty": 1.0, "seed": 42, "message_count": 2, "event": "model_call.start", "correlation_id": "01KTXAYFK5ZYKN6PYPJ8NEHRHY", "query_preview": "How many basic tenets of zero trust does NIST SP 800-207 define?", "level": "info", "timestamp": "2026-06-12T07:16:04.665468Z"}
Authentication error: Langfuse client initialized without public_key. Client will be disabled. Provide a public_key parameter or set LANGFUSE_PUBLIC_KEY environment variable. 
{"prompt_tag": "answer@v5", "schema": "DraftAnswer", "tokens": 4367, "event": "model_call.done", "correlation_id": "01KTXAYFK5ZYKN6PYPJ8NEHRHY", "query_preview": "How many basic tenets of zero trust does NIST SP 800-207 define?", "level": "info", "timestamp": "2026-06-12T07:16:06.389880Z"}
{"node": "answer", "exact": 0, "suffix": 0, "fuzzy": 1, "unresolved": 0, "event": "chunk_id_repair", "correlation_id": "01KTXAYFK5ZYKN6PYPJ8NEHRHY", "query_preview": "How many basic tenets of zero trust does NIST SP 800-207 define?", "level": "info", "timestamp": "2026-06-12T07:16:06.390040Z"}
{"node": "verify", "claim_count": 1, "event": "start", "correlation_id": "01KTXAYFK5ZYKN6PYPJ8NEHRHY", "query_preview": "How many basic tenets of zero trust does NIST SP 800-207 define?", "level": "info", "timestamp": "2026-06-12T07:16:06.391234Z"}
{"prompt_tag": "verify_grounding@v2", "schema": "VerificationResult", "model": "cyankiwi/Qwen3.5-4B-AWQ-4bit", "max_tokens": 1024, "temperature": 0.1, "top_p": 0.8, "presence_penalty": 1.0, "seed": 42, "message_count": 1, "event": "model_call.start", "correlation_id": "01KTXAYFK5ZYKN6PYPJ8NEHRHY", "query_preview": "How many basic tenets of zero trust does NIST SP 800-207 define?", "level": "info", "timestamp": "2026-06-12T07:16:06.398403Z"}
Authentication error: Langfuse client initialized without public_key. Client will be disabled. Provide a public_key parameter or set LANGFUSE_PUBLIC_KEY environment variable. 
{"prompt_tag": "verify_grounding@v2", "schema": "VerificationResult", "tokens": 2643, "event": "model_call.done", "correlation_id": "01KTXAYFK5ZYKN6PYPJ8NEHRHY", "query_preview": "How many basic tenets of zero trust does NIST SP 800-207 define?", "level": "info", "timestamp": "2026-06-12T07:16:06.983109Z"}
{"node": "assess_relevance", "event": "start", "correlation_id": "01KTXAYFK5ZYKN6PYPJ8NEHRHY", "query_preview": "How many basic tenets of zero trust does NIST SP 800-207 define?", "level": "info", "timestamp": "2026-06-12T07:16:06.985014Z"}
{"prompt_tag": "assess_relevance@v3", "schema": "RelevanceAssessment", "model": "cyankiwi/Qwen3.5-4B-AWQ-4bit", "max_tokens": 1024, "temperature": 0.1, "top_p": 0.8, "presence_penalty": 1.0, "seed": 42, "message_count": 1, "event": "model_call.start", "correlation_id": "01KTXAYFK5ZYKN6PYPJ8NEHRHY", "query_preview": "How many basic tenets of zero trust does NIST SP 800-207 define?", "level": "info", "timestamp": "2026-06-12T07:16:06.988945Z"}
Authentication error: Langfuse client initialized without public_key. Client will be disabled. Provide a public_key parameter or set LANGFUSE_PUBLIC_KEY environment variable. 
{"prompt_tag": "assess_relevance@v3", "schema": "RelevanceAssessment", "tokens": 855, "event": "model_call.done", "correlation_id": "01KTXAYFK5ZYKN6PYPJ8NEHRHY", "query_preview": "How many basic tenets of zero trust does NIST SP 800-207 define?", "level": "info", "timestamp": "2026-06-12T07:16:07.510466Z"}
{"node": "assess_relevance", "responsive": true, "event": "relevance", "correlation_id": "01KTXAYFK5ZYKN6PYPJ8NEHRHY", "query_preview": "How many basic tenets of zero trust does NIST SP 800-207 define?", "level": "info", "timestamp": "2026-06-12T07:16:07.510519Z"}
{"node": "compose", "event": "start", "correlation_id": "01KTXAYFK5ZYKN6PYPJ8NEHRHY", "query_preview": "How many basic tenets of zero trust does NIST SP 800-207 define?", "level": "info", "timestamp": "2026-06-12T07:16:07.511927Z"}
Authentication error: Langfuse client initialized without public_key. Client will be disabled. Provide a public_key parameter or set LANGFUSE_PUBLIC_KEY environment variable. 
{"node": "retrieve", "query_len": 96, "event": "start", "correlation_id": "01KTXB0A6RXZ2JD5F2SH0CAMB1", "query_preview": "In SP 800-207, the policy decision point (PDP) is broken down into which two log", "level": "info", "timestamp": "2026-06-12T07:16:07.513542Z"}
{"query_len": 96, "k": 50, "event": "hybrid.start", "correlation_id": "01KTXB0A6RXZ2JD5F2SH0CAMB1", "query_preview": "In SP 800-207, the policy decision point (PDP) is broken down into which two log", "level": "info", "timestamp": "2026-06-12T07:16:07.513580Z"}
{"query_len": 96, "k": 50, "dense": 50, "bm25": 0, "fused": 50, "term": false, "event": "hybrid.done", "correlation_id": "01KTXB0A6RXZ2JD5F2SH0CAMB1", "query_preview": "In SP 800-207, the policy decision point (PDP) is broken down into which two log", "level": "info", "timestamp": "2026-06-12T07:16:07.613119Z"}
{"node": "retrieve", "candidate_count": 50, "event": "done", "correlation_id": "01KTXB0A6RXZ2JD5F2SH0CAMB1", "query_preview": "In SP 800-207, the policy decision point (PDP) is broken down into which two log", "level": "info", "timestamp": "2026-06-12T07:16:07.614112Z"}
{"node": "expand_graph", "reason": "disabled_or_empty", "event": "skip", "correlation_id": "01KTXB0A6RXZ2JD5F2SH0CAMB1", "query_preview": "In SP 800-207, the policy decision point (PDP) is broken down into which two log", "level": "info", "timestamp": "2026-06-12T07:16:07.615758Z"}
{"node": "rerank", "candidate_count": 50, "event": "start", "correlation_id": "01KTXB0A6RXZ2JD5F2SH0CAMB1", "query_preview": "In SP 800-207, the policy decision point (PDP) is broken down into which two log", "level": "info", "timestamp": "2026-06-12T07:16:07.616442Z"}
{"node": "rerank", "top_k": 5, "source": "mode", "event": "top_k_resolved", "correlation_id": "01KTXB0A6RXZ2JD5F2SH0CAMB1", "query_preview": "In SP 800-207, the policy decision point (PDP) is broken down into which two log", "level": "info", "timestamp": "2026-06-12T07:16:07.616507Z"}
{"candidates": 50, "top_k": 5, "backend": "cross_encoder", "event": "rerank.start", "correlation_id": "01KTXB0A6RXZ2JD5F2SH0CAMB1", "query_preview": "In SP 800-207, the policy decision point (PDP) is broken down into which two log", "level": "info", "timestamp": "2026-06-12T07:16:07.616545Z"}
{"candidates": 50, "top_k": 5, "backend": "cross_encoder", "returned": 5, "event": "rerank.done", "correlation_id": "01KTXB0A6RXZ2JD5F2SH0CAMB1", "query_preview": "In SP 800-207, the policy decision point (PDP) is broken down into which two log", "level": "info", "timestamp": "2026-06-12T07:16:49.465757Z"}
{"node": "rerank", "reranked_count": 5, "event": "done", "correlation_id": "01KTXB0A6RXZ2JD5F2SH0CAMB1", "query_preview": "In SP 800-207, the policy decision point (PDP) is broken down into which two log", "level": "info", "timestamp": "2026-06-12T07:16:49.465878Z"}
{"node": "query_tables", "reason": "empty_or_not_table_shaped", "event": "skip", "correlation_id": "01KTXB0A6RXZ2JD5F2SH0CAMB1", "query_preview": "In SP 800-207, the policy decision point (PDP) is broken down into which two log", "level": "info", "timestamp": "2026-06-12T07:16:49.468795Z"}
{"node": "assess", "reranked_count": 5, "event": "start", "correlation_id": "01KTXB0A6RXZ2JD5F2SH0CAMB1", "query_preview": "In SP 800-207, the policy decision point (PDP) is broken down into which two log", "level": "info", "timestamp": "2026-06-12T07:16:49.469939Z"}
{"prompt_tag": "assess_sufficiency@v4", "schema": "SufficiencyAssessment", "model": "cyankiwi/Qwen3.5-4B-AWQ-4bit", "max_tokens": 1024, "temperature": 0.1, "top_p": 0.8, "presence_penalty": 1.0, "seed": 42, "message_count": 1, "event": "model_call.start", "correlation_id": "01KTXB0A6RXZ2JD5F2SH0CAMB1", "query_preview": "In SP 800-207, the policy decision point (PDP) is broken down into which two log", "level": "info", "timestamp": "2026-06-12T07:16:49.471856Z"}
Authentication error: Langfuse client initialized without public_key. Client will be disabled. Provide a public_key parameter or set LANGFUSE_PUBLIC_KEY environment variable. 
{"prompt_tag": "assess_sufficiency@v4", "schema": "SufficiencyAssessment", "tokens": 2432, "event": "model_call.done", "correlation_id": "01KTXB0A6RXZ2JD5F2SH0CAMB1", "query_preview": "In SP 800-207, the policy decision point (PDP) is broken down into which two log", "level": "info", "timestamp": "2026-06-12T07:16:50.528211Z"}
{"node": "answer", "regenerate_attempt": 0, "event": "start", "correlation_id": "01KTXB0A6RXZ2JD5F2SH0CAMB1", "query_preview": "In SP 800-207, the policy decision point (PDP) is broken down into which two log", "level": "info", "timestamp": "2026-06-12T07:16:50.529380Z"}
{"prompt_tag": "answer@v5", "schema": "DraftAnswer", "model": "cyankiwi/Qwen3.5-4B-AWQ-4bit", "max_tokens": 1800, "temperature": 0.1, "top_p": 0.8, "presence_penalty": 1.0, "seed": 42, "message_count": 2, "event": "model_call.start", "correlation_id": "01KTXB0A6RXZ2JD5F2SH0CAMB1", "query_preview": "In SP 800-207, the policy decision point (PDP) is broken down into which two log", "level": "info", "timestamp": "2026-06-12T07:16:50.531443Z"}
Authentication error: Langfuse client initialized without public_key. Client will be disabled. Provide a public_key parameter or set LANGFUSE_PUBLIC_KEY environment variable. 
{"prompt_tag": "answer@v5", "schema": "DraftAnswer", "tokens": 4055, "event": "model_call.done", "correlation_id": "01KTXB0A6RXZ2JD5F2SH0CAMB1", "query_preview": "In SP 800-207, the policy decision point (PDP) is broken down into which two log", "level": "info", "timestamp": "2026-06-12T07:16:52.136355Z"}
{"node": "answer", "original": "According to NIST SP 800-207, the policy decision point (PDP) is broken down into two logical components: the policy eng", "event": "answer.summary_scope_rebuilt", "correlation_id": "01KTXB0A6RXZ2JD5F2SH0CAMB1", "query_preview": "In SP 800-207, the policy decision point (PDP) is broken down into which two log", "level": "info", "timestamp": "2026-06-12T07:16:52.136437Z"}
{"node": "verify", "claim_count": 1, "event": "start", "correlation_id": "01KTXB0A6RXZ2JD5F2SH0CAMB1", "query_preview": "In SP 800-207, the policy decision point (PDP) is broken down into which two log", "level": "info", "timestamp": "2026-06-12T07:16:52.137234Z"}
{"prompt_tag": "verify_grounding@v2", "schema": "VerificationResult", "model": "cyankiwi/Qwen3.5-4B-AWQ-4bit", "max_tokens": 1024, "temperature": 0.1, "top_p": 0.8, "presence_penalty": 1.0, "seed": 42, "message_count": 1, "event": "model_call.start", "correlation_id": "01KTXB0A6RXZ2JD5F2SH0CAMB1", "query_preview": "In SP 800-207, the policy decision point (PDP) is broken down into which two log", "level": "info", "timestamp": "2026-06-12T07:16:52.140631Z"}
Authentication error: Langfuse client initialized without public_key. Client will be disabled. Provide a public_key parameter or set LANGFUSE_PUBLIC_KEY environment variable. 
{"prompt_tag": "verify_grounding@v2", "schema": "VerificationResult", "tokens": 2309, "event": "model_call.done", "correlation_id": "01KTXB0A6RXZ2JD5F2SH0CAMB1", "query_preview": "In SP 800-207, the policy decision point (PDP) is broken down into which two log", "level": "info", "timestamp": "2026-06-12T07:16:52.677019Z"}
{"node": "assess_relevance", "event": "start", "correlation_id": "01KTXB0A6RXZ2JD5F2SH0CAMB1", "query_preview": "In SP 800-207, the policy decision point (PDP) is broken down into which two log", "level": "info", "timestamp": "2026-06-12T07:16:52.678221Z"}
{"node": "assess_relevance", "event": "relevance.scope_rebuilt_refuse", "correlation_id": "01KTXB0A6RXZ2JD5F2SH0CAMB1", "query_preview": "In SP 800-207, the policy decision point (PDP) is broken down into which two log", "level": "info", "timestamp": "2026-06-12T07:16:52.678256Z"}
{"node": "refuse", "event": "start", "correlation_id": "01KTXB0A6RXZ2JD5F2SH0CAMB1", "query_preview": "In SP 800-207, the policy decision point (PDP) is broken down into which two log", "level": "info", "timestamp": "2026-06-12T07:16:52.679041Z"}
Authentication error: Langfuse client initialized without public_key. Client will be disabled. Provide a public_key parameter or set LANGFUSE_PUBLIC_KEY environment variable. 
{"node": "retrieve", "query_len": 98, "event": "start", "correlation_id": "01KTXB1PA7S7Q2Y3G7JTPDMCAY", "query_preview": "Which zero trust component is responsible for the ultimate decision to grant acc", "level": "info", "timestamp": "2026-06-12T07:16:52.680458Z"}
{"query_len": 98, "k": 50, "event": "hybrid.start", "correlation_id": "01KTXB1PA7S7Q2Y3G7JTPDMCAY", "query_preview": "Which zero trust component is responsible for the ultimate decision to grant acc", "level": "info", "timestamp": "2026-06-12T07:16:52.680493Z"}
{"query_len": 98, "k": 50, "dense": 50, "bm25": 0, "fused": 50, "term": false, "event": "hybrid.done", "correlation_id": "01KTXB1PA7S7Q2Y3G7JTPDMCAY", "query_preview": "Which zero trust component is responsible for the ultimate decision to grant acc", "level": "info", "timestamp": "2026-06-12T07:16:52.767859Z"}
{"node": "retrieve", "candidate_count": 50, "event": "done", "correlation_id": "01KTXB1PA7S7Q2Y3G7JTPDMCAY", "query_preview": "Which zero trust component is responsible for the ultimate decision to grant acc", "level": "info", "timestamp": "2026-06-12T07:16:52.768773Z"}
{"node": "expand_graph", "reason": "disabled_or_empty", "event": "skip", "correlation_id": "01KTXB1PA7S7Q2Y3G7JTPDMCAY", "query_preview": "Which zero trust component is responsible for the ultimate decision to grant acc", "level": "info", "timestamp": "2026-06-12T07:16:52.770039Z"}
{"node": "rerank", "candidate_count": 50, "event": "start", "correlation_id": "01KTXB1PA7S7Q2Y3G7JTPDMCAY", "query_preview": "Which zero trust component is responsible for the ultimate decision to grant acc", "level": "info", "timestamp": "2026-06-12T07:16:52.770546Z"}
{"node": "rerank", "top_k": 5, "source": "mode", "event": "top_k_resolved", "correlation_id": "01KTXB1PA7S7Q2Y3G7JTPDMCAY", "query_preview": "Which zero trust component is responsible for the ultimate decision to grant acc", "level": "info", "timestamp": "2026-06-12T07:16:52.770592Z"}
{"candidates": 50, "top_k": 5, "backend": "cross_encoder", "event": "rerank.start", "correlation_id": "01KTXB1PA7S7Q2Y3G7JTPDMCAY", "query_preview": "Which zero trust component is responsible for the ultimate decision to grant acc", "level": "info", "timestamp": "2026-06-12T07:16:52.770625Z"}
{"candidates": 50, "top_k": 5, "backend": "cross_encoder", "returned": 5, "event": "rerank.done", "correlation_id": "01KTXB1PA7S7Q2Y3G7JTPDMCAY", "query_preview": "Which zero trust component is responsible for the ultimate decision to grant acc", "level": "info", "timestamp": "2026-06-12T07:17:29.718814Z"}
{"node": "rerank", "reranked_count": 5, "event": "done", "correlation_id": "01KTXB1PA7S7Q2Y3G7JTPDMCAY", "query_preview": "Which zero trust component is responsible for the ultimate decision to grant acc", "level": "info", "timestamp": "2026-06-12T07:17:29.718929Z"}
{"node": "query_tables", "reason": "empty_or_not_table_shaped", "event": "skip", "correlation_id": "01KTXB1PA7S7Q2Y3G7JTPDMCAY", "query_preview": "Which zero trust component is responsible for the ultimate decision to grant acc", "level": "info", "timestamp": "2026-06-12T07:17:29.721404Z"}
{"node": "assess", "reranked_count": 5, "event": "start", "correlation_id": "01KTXB1PA7S7Q2Y3G7JTPDMCAY", "query_preview": "Which zero trust component is responsible for the ultimate decision to grant acc", "level": "info", "timestamp": "2026-06-12T07:17:29.722396Z"}
{"prompt_tag": "assess_sufficiency@v4", "schema": "SufficiencyAssessment", "model": "cyankiwi/Qwen3.5-4B-AWQ-4bit", "max_tokens": 1024, "temperature": 0.1, "top_p": 0.8, "presence_penalty": 1.0, "seed": 42, "message_count": 1, "event": "model_call.start", "correlation_id": "01KTXB1PA7S7Q2Y3G7JTPDMCAY", "query_preview": "Which zero trust component is responsible for the ultimate decision to grant acc", "level": "info", "timestamp": "2026-06-12T07:17:29.724539Z"}
Authentication error: Langfuse client initialized without public_key. Client will be disabled. Provide a public_key parameter or set LANGFUSE_PUBLIC_KEY environment variable. 
{"prompt_tag": "assess_sufficiency@v4", "schema": "SufficiencyAssessment", "tokens": 2321, "event": "model_call.done", "correlation_id": "01KTXB1PA7S7Q2Y3G7JTPDMCAY", "query_preview": "Which zero trust component is responsible for the ultimate decision to grant acc", "level": "info", "timestamp": "2026-06-12T07:17:30.507649Z"}
{"node": "answer", "regenerate_attempt": 0, "event": "start", "correlation_id": "01KTXB1PA7S7Q2Y3G7JTPDMCAY", "query_preview": "Which zero trust component is responsible for the ultimate decision to grant acc", "level": "info", "timestamp": "2026-06-12T07:17:30.512511Z"}
{"prompt_tag": "answer@v5", "schema": "DraftAnswer", "model": "cyankiwi/Qwen3.5-4B-AWQ-4bit", "max_tokens": 1800, "temperature": 0.1, "top_p": 0.8, "presence_penalty": 1.0, "seed": 42, "message_count": 2, "event": "model_call.start", "correlation_id": "01KTXB1PA7S7Q2Y3G7JTPDMCAY", "query_preview": "Which zero trust component is responsible for the ultimate decision to grant acc", "level": "info", "timestamp": "2026-06-12T07:17:30.514639Z"}
Authentication error: Langfuse client initialized without public_key. Client will be disabled. Provide a public_key parameter or set LANGFUSE_PUBLIC_KEY environment variable. 
{"prompt_tag": "answer@v5", "schema": "DraftAnswer", "tokens": 3962, "event": "model_call.done", "correlation_id": "01KTXB1PA7S7Q2Y3G7JTPDMCAY", "query_preview": "Which zero trust component is responsible for the ultimate decision to grant acc", "level": "info", "timestamp": "2026-06-12T07:17:31.981563Z"}
{"node": "answer", "original": "The Policy Engine (PE) is the zero trust component responsible for making the ultimate decision to grant access to a res", "event": "answer.summary_scope_rebuilt", "correlation_id": "01KTXB1PA7S7Q2Y3G7JTPDMCAY", "query_preview": "Which zero trust component is responsible for the ultimate decision to grant acc", "level": "info", "timestamp": "2026-06-12T07:17:31.981643Z"}
{"node": "verify", "claim_count": 1, "event": "start", "correlation_id": "01KTXB1PA7S7Q2Y3G7JTPDMCAY", "query_preview": "Which zero trust component is responsible for the ultimate decision to grant acc", "level": "info", "timestamp": "2026-06-12T07:17:31.982860Z"}
{"prompt_tag": "verify_grounding@v2", "schema": "VerificationResult", "model": "cyankiwi/Qwen3.5-4B-AWQ-4bit", "max_tokens": 1024, "temperature": 0.1, "top_p": 0.8, "presence_penalty": 1.0, "seed": 42, "message_count": 1, "event": "model_call.start", "correlation_id": "01KTXB1PA7S7Q2Y3G7JTPDMCAY", "query_preview": "Which zero trust component is responsible for the ultimate decision to grant acc", "level": "info", "timestamp": "2026-06-12T07:17:31.986959Z"}
Authentication error: Langfuse client initialized without public_key. Client will be disabled. Provide a public_key parameter or set LANGFUSE_PUBLIC_KEY environment variable. 
{"prompt_tag": "verify_grounding@v2", "schema": "VerificationResult", "tokens": 2241, "event": "model_call.done", "correlation_id": "01KTXB1PA7S7Q2Y3G7JTPDMCAY", "query_preview": "Which zero trust component is responsible for the ultimate decision to grant acc", "level": "info", "timestamp": "2026-06-12T07:17:32.515320Z"}
{"node": "assess_relevance", "event": "start", "correlation_id": "01KTXB1PA7S7Q2Y3G7JTPDMCAY", "query_preview": "Which zero trust component is responsible for the ultimate decision to grant acc", "level": "info", "timestamp": "2026-06-12T07:17:32.517218Z"}
{"node": "assess_relevance", "event": "relevance.scope_rebuilt_refuse", "correlation_id": "01KTXB1PA7S7Q2Y3G7JTPDMCAY", "query_preview": "Which zero trust component is responsible for the ultimate decision to grant acc", "level": "info", "timestamp": "2026-06-12T07:17:32.517269Z"}
{"node": "refuse", "event": "start", "correlation_id": "01KTXB1PA7S7Q2Y3G7JTPDMCAY", "query_preview": "Which zero trust component is responsible for the ultimate decision to grant acc", "level": "info", "timestamp": "2026-06-12T07:17:32.518563Z"}
Authentication error: Langfuse client initialized without public_key. Client will be disabled. Provide a public_key parameter or set LANGFUSE_PUBLIC_KEY environment variable. 
{"node": "retrieve", "query_len": 83, "event": "start", "correlation_id": "01KTXB2X77HENNANXCH36FZZGE", "query_preview": "What is the policy administrator (PA) responsible for in a zero trust architectu", "level": "info", "timestamp": "2026-06-12T07:17:32.520375Z"}
{"query_len": 83, "k": 50, "event": "hybrid.start", "correlation_id": "01KTXB2X77HENNANXCH36FZZGE", "query_preview": "What is the policy administrator (PA) responsible for in a zero trust architectu", "level": "info", "timestamp": "2026-06-12T07:17:32.520417Z"}
{"query_len": 83, "k": 50, "dense": 50, "bm25": 0, "fused": 50, "term": false, "event": "hybrid.done", "correlation_id": "01KTXB2X77HENNANXCH36FZZGE", "query_preview": "What is the policy administrator (PA) responsible for in a zero trust architectu", "level": "info", "timestamp": "2026-06-12T07:17:32.615251Z"}
{"node": "retrieve", "candidate_count": 50, "event": "done", "correlation_id": "01KTXB2X77HENNANXCH36FZZGE", "query_preview": "What is the policy administrator (PA) responsible for in a zero trust architectu", "level": "info", "timestamp": "2026-06-12T07:17:32.616197Z"}
{"node": "expand_graph", "reason": "disabled_or_empty", "event": "skip", "correlation_id": "01KTXB2X77HENNANXCH36FZZGE", "query_preview": "What is the policy administrator (PA) responsible for in a zero trust architectu", "level": "info", "timestamp": "2026-06-12T07:17:32.617481Z"}
{"node": "rerank", "candidate_count": 50, "event": "start", "correlation_id": "01KTXB2X77HENNANXCH36FZZGE", "query_preview": "What is the policy administrator (PA) responsible for in a zero trust architectu", "level": "info", "timestamp": "2026-06-12T07:17:32.617967Z"}
{"node": "rerank", "top_k": 5, "source": "mode", "event": "top_k_resolved", "correlation_id": "01KTXB2X77HENNANXCH36FZZGE", "query_preview": "What is the policy administrator (PA) responsible for in a zero trust architectu", "level": "info", "timestamp": "2026-06-12T07:17:32.618013Z"}
{"candidates": 50, "top_k": 5, "backend": "cross_encoder", "event": "rerank.start", "correlation_id": "01KTXB2X77HENNANXCH36FZZGE", "query_preview": "What is the policy administrator (PA) responsible for in a zero trust architectu", "level": "info", "timestamp": "2026-06-12T07:17:32.618038Z"}
{"candidates": 50, "top_k": 5, "backend": "cross_encoder", "returned": 5, "event": "rerank.done", "correlation_id": "01KTXB2X77HENNANXCH36FZZGE", "query_preview": "What is the policy administrator (PA) responsible for in a zero trust architectu", "level": "info", "timestamp": "2026-06-12T07:18:12.470824Z"}
{"node": "rerank", "reranked_count": 5, "event": "done", "correlation_id": "01KTXB2X77HENNANXCH36FZZGE", "query_preview": "What is the policy administrator (PA) responsible for in a zero trust architectu", "level": "info", "timestamp": "2026-06-12T07:18:12.470921Z"}
{"node": "query_tables", "reason": "empty_or_not_table_shaped", "event": "skip", "correlation_id": "01KTXB2X77HENNANXCH36FZZGE", "query_preview": "What is the policy administrator (PA) responsible for in a zero trust architectu", "level": "info", "timestamp": "2026-06-12T07:18:12.473096Z"}
{"node": "assess", "reranked_count": 5, "event": "start", "correlation_id": "01KTXB2X77HENNANXCH36FZZGE", "query_preview": "What is the policy administrator (PA) responsible for in a zero trust architectu", "level": "info", "timestamp": "2026-06-12T07:18:12.473947Z"}
{"prompt_tag": "assess_sufficiency@v4", "schema": "SufficiencyAssessment", "model": "cyankiwi/Qwen3.5-4B-AWQ-4bit", "max_tokens": 1024, "temperature": 0.1, "top_p": 0.8, "presence_penalty": 1.0, "seed": 42, "message_count": 1, "event": "model_call.start", "correlation_id": "01KTXB2X77HENNANXCH36FZZGE", "query_preview": "What is the policy administrator (PA) responsible for in a zero trust architectu", "level": "info", "timestamp": "2026-06-12T07:18:12.475966Z"}
Authentication error: Langfuse client initialized without public_key. Client will be disabled. Provide a public_key parameter or set LANGFUSE_PUBLIC_KEY environment variable. 
{"prompt_tag": "assess_sufficiency@v4", "schema": "SufficiencyAssessment", "tokens": 2159, "event": "model_call.done", "correlation_id": "01KTXB2X77HENNANXCH36FZZGE", "query_preview": "What is the policy administrator (PA) responsible for in a zero trust architectu", "level": "info", "timestamp": "2026-06-12T07:18:13.290130Z"}
{"node": "answer", "regenerate_attempt": 0, "event": "start", "correlation_id": "01KTXB2X77HENNANXCH36FZZGE", "query_preview": "What is the policy administrator (PA) responsible for in a zero trust architectu", "level": "info", "timestamp": "2026-06-12T07:18:13.291551Z"}
{"prompt_tag": "answer@v5", "schema": "DraftAnswer", "model": "cyankiwi/Qwen3.5-4B-AWQ-4bit", "max_tokens": 1800, "temperature": 0.1, "top_p": 0.8, "presence_penalty": 1.0, "seed": 42, "message_count": 2, "event": "model_call.start", "correlation_id": "01KTXB2X77HENNANXCH36FZZGE", "query_preview": "What is the policy administrator (PA) responsible for in a zero trust architectu", "level": "info", "timestamp": "2026-06-12T07:18:13.294284Z"}
Authentication error: Langfuse client initialized without public_key. Client will be disabled. Provide a public_key parameter or set LANGFUSE_PUBLIC_KEY environment variable. 
{"prompt_tag": "answer@v5", "schema": "DraftAnswer", "tokens": 4166, "event": "model_call.done", "correlation_id": "01KTXB2X77HENNANXCH36FZZGE", "query_preview": "What is the policy administrator (PA) responsible for in a zero trust architectu", "level": "info", "timestamp": "2026-06-12T07:18:18.104823Z"}
{"node": "answer", "original": "The policy administrator (PA) in a zero trust architecture is responsible for establishing and/or shutting down communic", "event": "answer.summary_scope_rebuilt", "correlation_id": "01KTXB2X77HENNANXCH36FZZGE", "query_preview": "What is the policy administrator (PA) responsible for in a zero trust architectu", "level": "info", "timestamp": "2026-06-12T07:18:18.104954Z"}
{"node": "verify", "claim_count": 5, "event": "start", "correlation_id": "01KTXB2X77HENNANXCH36FZZGE", "query_preview": "What is the policy administrator (PA) responsible for in a zero trust architectu", "level": "info", "timestamp": "2026-06-12T07:18:18.106003Z"}
{"prompt_tag": "verify_grounding@v2", "schema": "VerificationResult", "model": "cyankiwi/Qwen3.5-4B-AWQ-4bit", "max_tokens": 1024, "temperature": 0.1, "top_p": 0.8, "presence_penalty": 1.0, "seed": 42, "message_count": 1, "event": "model_call.start", "correlation_id": "01KTXB2X77HENNANXCH36FZZGE", "query_preview": "What is the policy administrator (PA) responsible for in a zero trust architectu", "level": "info", "timestamp": "2026-06-12T07:18:18.110564Z"}
Authentication error: Langfuse client initialized without public_key. Client will be disabled. Provide a public_key parameter or set LANGFUSE_PUBLIC_KEY environment variable. 
{"prompt_tag": "verify_grounding@v2", "schema": "VerificationResult", "tokens": 2346, "event": "model_call.done", "correlation_id": "01KTXB2X77HENNANXCH36FZZGE", "query_preview": "What is the policy administrator (PA) responsible for in a zero trust architectu", "level": "info", "timestamp": "2026-06-12T07:18:18.757886Z"}
{"node": "assess_relevance", "event": "start", "correlation_id": "01KTXB2X77HENNANXCH36FZZGE", "query_preview": "What is the policy administrator (PA) responsible for in a zero trust architectu", "level": "info", "timestamp": "2026-06-12T07:18:18.759600Z"}
{"node": "assess_relevance", "event": "relevance.scope_rebuilt_refuse", "correlation_id": "01KTXB2X77HENNANXCH36FZZGE", "query_preview": "What is the policy administrator (PA) responsible for in a zero trust architectu", "level": "info", "timestamp": "2026-06-12T07:18:18.759648Z"}
{"node": "refuse", "event": "start", "correlation_id": "01KTXB2X77HENNANXCH36FZZGE", "query_preview": "What is the policy administrator (PA) responsible for in a zero trust architectu", "level": "info", "timestamp": "2026-06-12T07:18:18.761011Z"}
Authentication error: Langfuse client initialized without public_key. Client will be disabled. Provide a public_key parameter or set LANGFUSE_PUBLIC_KEY environment variable. 
{"node": "retrieve", "query_len": 79, "event": "start", "correlation_id": "01KTXB4AC95495XYBAFE3G6TWN", "query_preview": "According to SP 800-207, who coined the term 'zero trust' and at which company?", "level": "info", "timestamp": "2026-06-12T07:18:18.762927Z"}
{"query_len": 79, "k": 50, "event": "hybrid.start", "correlation_id": "01KTXB4AC95495XYBAFE3G6TWN", "query_preview": "According to SP 800-207, who coined the term 'zero trust' and at which company?", "level": "info", "timestamp": "2026-06-12T07:18:18.762971Z"}
{"query_len": 79, "k": 50, "dense": 50, "bm25": 0, "fused": 50, "term": false, "event": "hybrid.done", "correlation_id": "01KTXB4AC95495XYBAFE3G6TWN", "query_preview": "According to SP 800-207, who coined the term 'zero trust' and at which company?", "level": "info", "timestamp": "2026-06-12T07:18:18.840399Z"}
{"node": "retrieve", "candidate_count": 50, "event": "done", "correlation_id": "01KTXB4AC95495XYBAFE3G6TWN", "query_preview": "According to SP 800-207, who coined the term 'zero trust' and at which company?", "level": "info", "timestamp": "2026-06-12T07:18:18.841391Z"}
{"node": "expand_graph", "reason": "disabled_or_empty", "event": "skip", "correlation_id": "01KTXB4AC95495XYBAFE3G6TWN", "query_preview": "According to SP 800-207, who coined the term 'zero trust' and at which company?", "level": "info", "timestamp": "2026-06-12T07:18:18.842670Z"}
{"node": "rerank", "candidate_count": 50, "event": "start", "correlation_id": "01KTXB4AC95495XYBAFE3G6TWN", "query_preview": "According to SP 800-207, who coined the term 'zero trust' and at which company?", "level": "info", "timestamp": "2026-06-12T07:18:18.843158Z"}
{"node": "rerank", "top_k": 5, "source": "mode", "event": "top_k_resolved", "correlation_id": "01KTXB4AC95495XYBAFE3G6TWN", "query_preview": "According to SP 800-207, who coined the term 'zero trust' and at which company?", "level": "info", "timestamp": "2026-06-12T07:18:18.843206Z"}
{"candidates": 50, "top_k": 5, "backend": "cross_encoder", "event": "rerank.start", "correlation_id": "01KTXB4AC95495XYBAFE3G6TWN", "query_preview": "According to SP 800-207, who coined the term 'zero trust' and at which company?", "level": "info", "timestamp": "2026-06-12T07:18:18.843238Z"}
{"candidates": 50, "top_k": 5, "backend": "cross_encoder", "returned": 5, "event": "rerank.done", "correlation_id": "01KTXB4AC95495XYBAFE3G6TWN", "query_preview": "According to SP 800-207, who coined the term 'zero trust' and at which company?", "level": "info", "timestamp": "2026-06-12T07:19:04.483500Z"}
{"node": "rerank", "reranked_count": 5, "event": "done", "correlation_id": "01KTXB4AC95495XYBAFE3G6TWN", "query_preview": "According to SP 800-207, who coined the term 'zero trust' and at which company?", "level": "info", "timestamp": "2026-06-12T07:19:04.483591Z"}
{"node": "query_tables", "reason": "empty_or_not_table_shaped", "event": "skip", "correlation_id": "01KTXB4AC95495XYBAFE3G6TWN", "query_preview": "According to SP 800-207, who coined the term 'zero trust' and at which company?", "level": "info", "timestamp": "2026-06-12T07:19:04.485527Z"}
{"node": "assess", "reranked_count": 5, "event": "start", "correlation_id": "01KTXB4AC95495XYBAFE3G6TWN", "query_preview": "According to SP 800-207, who coined the term 'zero trust' and at which company?", "level": "info", "timestamp": "2026-06-12T07:19:04.486351Z"}
{"prompt_tag": "assess_sufficiency@v4", "schema": "SufficiencyAssessment", "model": "cyankiwi/Qwen3.5-4B-AWQ-4bit", "max_tokens": 1024, "temperature": 0.1, "top_p": 0.8, "presence_penalty": 1.0, "seed": 42, "message_count": 1, "event": "model_call.start", "correlation_id": "01KTXB4AC95495XYBAFE3G6TWN", "query_preview": "According to SP 800-207, who coined the term 'zero trust' and at which company?", "level": "info", "timestamp": "2026-06-12T07:19:04.488193Z"}
Authentication error: Langfuse client initialized without public_key. Client will be disabled. Provide a public_key parameter or set LANGFUSE_PUBLIC_KEY environment variable. 
{"prompt_tag": "assess_sufficiency@v4", "schema": "SufficiencyAssessment", "tokens": 1951, "event": "model_call.done", "correlation_id": "01KTXB4AC95495XYBAFE3G6TWN", "query_preview": "According to SP 800-207, who coined the term 'zero trust' and at which company?", "level": "info", "timestamp": "2026-06-12T07:19:05.227629Z"}
{"node": "answer", "regenerate_attempt": 0, "event": "start", "correlation_id": "01KTXB4AC95495XYBAFE3G6TWN", "query_preview": "According to SP 800-207, who coined the term 'zero trust' and at which company?", "level": "info", "timestamp": "2026-06-12T07:19:05.228833Z"}
{"prompt_tag": "answer@v5", "schema": "DraftAnswer", "model": "cyankiwi/Qwen3.5-4B-AWQ-4bit", "max_tokens": 1800, "temperature": 0.1, "top_p": 0.8, "presence_penalty": 1.0, "seed": 42, "message_count": 2, "event": "model_call.start", "correlation_id": "01KTXB4AC95495XYBAFE3G6TWN", "query_preview": "According to SP 800-207, who coined the term 'zero trust' and at which company?", "level": "info", "timestamp": "2026-06-12T07:19:05.230873Z"}
Authentication error: Langfuse client initialized without public_key. Client will be disabled. Provide a public_key parameter or set LANGFUSE_PUBLIC_KEY environment variable. 
{"prompt_tag": "answer@v5", "schema": "DraftAnswer", "tokens": 3594, "event": "model_call.done", "correlation_id": "01KTXB4AC95495XYBAFE3G6TWN", "query_preview": "According to SP 800-207, who coined the term 'zero trust' and at which company?", "level": "info", "timestamp": "2026-06-12T07:19:06.644427Z"}
{"node": "answer", "original": "According to SP 800-207, the term 'zero trust' was coined by John Kindervag while at Forrester.", "event": "answer.summary_scope_rebuilt", "correlation_id": "01KTXB4AC95495XYBAFE3G6TWN", "query_preview": "According to SP 800-207, who coined the term 'zero trust' and at which company?", "level": "info", "timestamp": "2026-06-12T07:19:06.647940Z"}
{"node": "answer", "exact": 0, "suffix": 0, "fuzzy": 1, "unresolved": 0, "event": "chunk_id_repair", "correlation_id": "01KTXB4AC95495XYBAFE3G6TWN", "query_preview": "According to SP 800-207, who coined the term 'zero trust' and at which company?", "level": "info", "timestamp": "2026-06-12T07:19:06.648045Z"}
{"node": "verify", "claim_count": 1, "event": "start", "correlation_id": "01KTXB4AC95495XYBAFE3G6TWN", "query_preview": "According to SP 800-207, who coined the term 'zero trust' and at which company?", "level": "info", "timestamp": "2026-06-12T07:19:06.648856Z"}
{"prompt_tag": "verify_grounding@v2", "schema": "VerificationResult", "model": "cyankiwi/Qwen3.5-4B-AWQ-4bit", "max_tokens": 1024, "temperature": 0.1, "top_p": 0.8, "presence_penalty": 1.0, "seed": 42, "message_count": 1, "event": "model_call.start", "correlation_id": "01KTXB4AC95495XYBAFE3G6TWN", "query_preview": "According to SP 800-207, who coined the term 'zero trust' and at which company?", "level": "info", "timestamp": "2026-06-12T07:19:06.652242Z"}
Authentication error: Langfuse client initialized without public_key. Client will be disabled. Provide a public_key parameter or set LANGFUSE_PUBLIC_KEY environment variable. 
{"prompt_tag": "verify_grounding@v2", "schema": "VerificationResult", "tokens": 1858, "event": "model_call.done", "correlation_id": "01KTXB4AC95495XYBAFE3G6TWN", "query_preview": "According to SP 800-207, who coined the term 'zero trust' and at which company?", "level": "info", "timestamp": "2026-06-12T07:19:07.115882Z"}
{"node": "regenerate", "new_attempt": 1, "event": "start", "correlation_id": "01KTXB4AC95495XYBAFE3G6TWN", "query_preview": "According to SP 800-207, who coined the term 'zero trust' and at which company?", "level": "info", "timestamp": "2026-06-12T07:19:07.117131Z"}
{"node": "answer", "regenerate_attempt": 1, "event": "start", "correlation_id": "01KTXB4AC95495XYBAFE3G6TWN", "query_preview": "According to SP 800-207, who coined the term 'zero trust' and at which company?", "level": "info", "timestamp": "2026-06-12T07:19:07.117646Z"}
{"prompt_tag": "answer@v5", "schema": "DraftAnswer", "model": "cyankiwi/Qwen3.5-4B-AWQ-4bit", "max_tokens": 1800, "temperature": 0.1, "top_p": 0.8, "presence_penalty": 1.0, "seed": 42, "message_count": 2, "event": "model_call.start", "correlation_id": "01KTXB4AC95495XYBAFE3G6TWN", "query_preview": "According to SP 800-207, who coined the term 'zero trust' and at which company?", "level": "info", "timestamp": "2026-06-12T07:19:07.119576Z"}
Authentication error: Langfuse client initialized without public_key. Client will be disabled. Provide a public_key parameter or set LANGFUSE_PUBLIC_KEY environment variable. 
{"prompt_tag": "answer@v5", "schema": "DraftAnswer", "tokens": 3665, "event": "model_call.done", "correlation_id": "01KTXB4AC95495XYBAFE3G6TWN", "query_preview": "According to SP 800-207, who coined the term 'zero trust' and at which company?", "level": "info", "timestamp": "2026-06-12T07:19:08.309043Z"}
{"node": "answer", "original": "According to SP 800-207, the term 'zero trust' was coined by John Kindervag while at Forrester.", "event": "answer.summary_scope_rebuilt", "correlation_id": "01KTXB4AC95495XYBAFE3G6TWN", "query_preview": "According to SP 800-207, who coined the term 'zero trust' and at which company?", "level": "info", "timestamp": "2026-06-12T07:19:08.309124Z"}
{"node": "answer", "exact": 0, "suffix": 0, "fuzzy": 1, "unresolved": 0, "event": "chunk_id_repair", "correlation_id": "01KTXB4AC95495XYBAFE3G6TWN", "query_preview": "According to SP 800-207, who coined the term 'zero trust' and at which company?", "level": "info", "timestamp": "2026-06-12T07:19:08.309220Z"}
{"node": "verify", "claim_count": 1, "event": "start", "correlation_id": "01KTXB4AC95495XYBAFE3G6TWN", "query_preview": "According to SP 800-207, who coined the term 'zero trust' and at which company?", "level": "info", "timestamp": "2026-06-12T07:19:08.309987Z"}
{"prompt_tag": "verify_grounding@v2", "schema": "VerificationResult", "model": "cyankiwi/Qwen3.5-4B-AWQ-4bit", "max_tokens": 1024, "temperature": 0.1, "top_p": 0.8, "presence_penalty": 1.0, "seed": 42, "message_count": 1, "event": "model_call.start", "correlation_id": "01KTXB4AC95495XYBAFE3G6TWN", "query_preview": "According to SP 800-207, who coined the term 'zero trust' and at which company?", "level": "info", "timestamp": "2026-06-12T07:19:08.313197Z"}
Authentication error: Langfuse client initialized without public_key. Client will be disabled. Provide a public_key parameter or set LANGFUSE_PUBLIC_KEY environment variable. 
{"prompt_tag": "verify_grounding@v2", "schema": "VerificationResult", "tokens": 1858, "event": "model_call.done", "correlation_id": "01KTXB4AC95495XYBAFE3G6TWN", "query_preview": "According to SP 800-207, who coined the term 'zero trust' and at which company?", "level": "info", "timestamp": "2026-06-12T07:19:08.547526Z"}
{"prompt_tag": "verify_grounding@v2", "schema": "VerificationResult", "model": "cyankiwi/Qwen3.5-4B-AWQ-4bit", "max_tokens": 1024, "temperature": 0.1, "top_p": 0.8, "presence_penalty": 1.0, "seed": 42, "message_count": 1, "event": "model_call.start", "correlation_id": "01KTXB4AC95495XYBAFE3G6TWN", "query_preview": "According to SP 800-207, who coined the term 'zero trust' and at which company?", "level": "info", "timestamp": "2026-06-12T07:19:08.550231Z"}
Authentication error: Langfuse client initialized without public_key. Client will be disabled. Provide a public_key parameter or set LANGFUSE_PUBLIC_KEY environment variable. 
{"prompt_tag": "verify_grounding@v2", "schema": "VerificationResult", "tokens": 794, "event": "model_call.done", "correlation_id": "01KTXB4AC95495XYBAFE3G6TWN", "query_preview": "According to SP 800-207, who coined the term 'zero trust' and at which company?", "level": "info", "timestamp": "2026-06-12T07:19:08.856897Z"}
{"prompt_tag": "verify_grounding@v2", "schema": "VerificationResult", "model": "cyankiwi/Qwen3.5-4B-AWQ-4bit", "max_tokens": 1024, "temperature": 0.1, "top_p": 0.8, "presence_penalty": 1.0, "seed": 42, "message_count": 1, "event": "model_call.start", "correlation_id": "01KTXB4AC95495XYBAFE3G6TWN", "query_preview": "According to SP 800-207, who coined the term 'zero trust' and at which company?", "level": "info", "timestamp": "2026-06-12T07:19:08.858856Z"}
Authentication error: Langfuse client initialized without public_key. Client will be disabled. Provide a public_key parameter or set LANGFUSE_PUBLIC_KEY environment variable. 
{"prompt_tag": "verify_grounding@v2", "schema": "VerificationResult", "tokens": 534, "event": "model_call.done", "correlation_id": "01KTXB4AC95495XYBAFE3G6TWN", "query_preview": "According to SP 800-207, who coined the term 'zero trust' and at which company?", "level": "info", "timestamp": "2026-06-12T07:19:09.121368Z"}
{"prompt_tag": "verify_grounding@v2", "schema": "VerificationResult", "model": "cyankiwi/Qwen3.5-4B-AWQ-4bit", "max_tokens": 1024, "temperature": 0.1, "top_p": 0.8, "presence_penalty": 1.0, "seed": 42, "message_count": 1, "event": "model_call.start", "correlation_id": "01KTXB4AC95495XYBAFE3G6TWN", "query_preview": "According to SP 800-207, who coined the term 'zero trust' and at which company?", "level": "info", "timestamp": "2026-06-12T07:19:09.123336Z"}
Authentication error: Langfuse client initialized without public_key. Client will be disabled. Provide a public_key parameter or set LANGFUSE_PUBLIC_KEY environment variable. 
{"prompt_tag": "verify_grounding@v2", "schema": "VerificationResult", "tokens": 588, "event": "model_call.done", "correlation_id": "01KTXB4AC95495XYBAFE3G6TWN", "query_preview": "According to SP 800-207, who coined the term 'zero trust' and at which company?", "level": "info", "timestamp": "2026-06-12T07:19:09.399622Z"}
{"prompt_tag": "verify_grounding@v2", "schema": "VerificationResult", "model": "cyankiwi/Qwen3.5-4B-AWQ-4bit", "max_tokens": 1024, "temperature": 0.1, "top_p": 0.8, "presence_penalty": 1.0, "seed": 42, "message_count": 1, "event": "model_call.start", "correlation_id": "01KTXB4AC95495XYBAFE3G6TWN", "query_preview": "According to SP 800-207, who coined the term 'zero trust' and at which company?", "level": "info", "timestamp": "2026-06-12T07:19:09.401624Z"}
Authentication error: Langfuse client initialized without public_key. Client will be disabled. Provide a public_key parameter or set LANGFUSE_PUBLIC_KEY environment variable. 
{"prompt_tag": "verify_grounding@v2", "schema": "VerificationResult", "tokens": 832, "event": "model_call.done", "correlation_id": "01KTXB4AC95495XYBAFE3G6TWN", "query_preview": "According to SP 800-207, who coined the term 'zero trust' and at which company?", "level": "info", "timestamp": "2026-06-12T07:19:09.712276Z"}
{"prompt_tag": "verify_grounding@v2", "schema": "VerificationResult", "model": "cyankiwi/Qwen3.5-4B-AWQ-4bit", "max_tokens": 1024, "temperature": 0.1, "top_p": 0.8, "presence_penalty": 1.0, "seed": 42, "message_count": 1, "event": "model_call.start", "correlation_id": "01KTXB4AC95495XYBAFE3G6TWN", "query_preview": "According to SP 800-207, who coined the term 'zero trust' and at which company?", "level": "info", "timestamp": "2026-06-12T07:19:09.714343Z"}
Authentication error: Langfuse client initialized without public_key. Client will be disabled. Provide a public_key parameter or set LANGFUSE_PUBLIC_KEY environment variable. 
{"prompt_tag": "verify_grounding@v2", "schema": "VerificationResult", "tokens": 695, "event": "model_call.done", "correlation_id": "01KTXB4AC95495XYBAFE3G6TWN", "query_preview": "According to SP 800-207, who coined the term 'zero trust' and at which company?", "level": "info", "timestamp": "2026-06-12T07:19:10.007041Z"}
{"node": "refuse", "event": "start", "correlation_id": "01KTXB4AC95495XYBAFE3G6TWN", "query_preview": "According to SP 800-207, who coined the term 'zero trust' and at which company?", "level": "info", "timestamp": "2026-06-12T07:19:10.008287Z"}
Authentication error: Langfuse client initialized without public_key. Client will be disabled. Provide a public_key parameter or set LANGFUSE_PUBLIC_KEY environment variable. 
{"node": "retrieve", "query_len": 123, "event": "start", "correlation_id": "01KTXB5WDRSRWEE4QH189HTDRG", "query_preview": "Besides how factors are weighted, what are the two major characteristics SP 800-", "level": "info", "timestamp": "2026-06-12T07:19:10.009745Z"}
{"query_len": 123, "k": 50, "event": "hybrid.start", "correlation_id": "01KTXB5WDRSRWEE4QH189HTDRG", "query_preview": "Besides how factors are weighted, what are the two major characteristics SP 800-", "level": "info", "timestamp": "2026-06-12T07:19:10.009782Z"}
{"query_len": 123, "k": 50, "dense": 50, "bm25": 0, "fused": 50, "term": false, "event": "hybrid.done", "correlation_id": "01KTXB5WDRSRWEE4QH189HTDRG", "query_preview": "Besides how factors are weighted, what are the two major characteristics SP 800-", "level": "info", "timestamp": "2026-06-12T07:19:10.112743Z"}
{"node": "retrieve", "candidate_count": 50, "event": "done", "correlation_id": "01KTXB5WDRSRWEE4QH189HTDRG", "query_preview": "Besides how factors are weighted, what are the two major characteristics SP 800-", "level": "info", "timestamp": "2026-06-12T07:19:10.113687Z"}
{"node": "expand_graph", "reason": "disabled_or_empty", "event": "skip", "correlation_id": "01KTXB5WDRSRWEE4QH189HTDRG", "query_preview": "Besides how factors are weighted, what are the two major characteristics SP 800-", "level": "info", "timestamp": "2026-06-12T07:19:10.114948Z"}
{"node": "rerank", "candidate_count": 50, "event": "start", "correlation_id": "01KTXB5WDRSRWEE4QH189HTDRG", "query_preview": "Besides how factors are weighted, what are the two major characteristics SP 800-", "level": "info", "timestamp": "2026-06-12T07:19:10.115454Z"}
{"node": "rerank", "top_k": 5, "source": "mode", "event": "top_k_resolved", "correlation_id": "01KTXB5WDRSRWEE4QH189HTDRG", "query_preview": "Besides how factors are weighted, what are the two major characteristics SP 800-", "level": "info", "timestamp": "2026-06-12T07:19:10.115502Z"}
{"candidates": 50, "top_k": 5, "backend": "cross_encoder", "event": "rerank.start", "correlation_id": "01KTXB5WDRSRWEE4QH189HTDRG", "query_preview": "Besides how factors are weighted, what are the two major characteristics SP 800-", "level": "info", "timestamp": "2026-06-12T07:19:10.115622Z"}
{"candidates": 50, "top_k": 5, "backend": "cross_encoder", "returned": 5, "event": "rerank.done", "correlation_id": "01KTXB5WDRSRWEE4QH189HTDRG", "query_preview": "Besides how factors are weighted, what are the two major characteristics SP 800-", "level": "info", "timestamp": "2026-06-12T07:20:00.840538Z"}
{"node": "rerank", "reranked_count": 5, "event": "done", "correlation_id": "01KTXB5WDRSRWEE4QH189HTDRG", "query_preview": "Besides how factors are weighted, what are the two major characteristics SP 800-", "level": "info", "timestamp": "2026-06-12T07:20:00.840648Z"}
{"node": "query_tables", "reason": "empty_or_not_table_shaped", "event": "skip", "correlation_id": "01KTXB5WDRSRWEE4QH189HTDRG", "query_preview": "Besides how factors are weighted, what are the two major characteristics SP 800-", "level": "info", "timestamp": "2026-06-12T07:20:00.842723Z"}
{"node": "assess", "reranked_count": 5, "event": "start", "correlation_id": "01KTXB5WDRSRWEE4QH189HTDRG", "query_preview": "Besides how factors are weighted, what are the two major characteristics SP 800-", "level": "info", "timestamp": "2026-06-12T07:20:00.843502Z"}
{"prompt_tag": "assess_sufficiency@v4", "schema": "SufficiencyAssessment", "model": "cyankiwi/Qwen3.5-4B-AWQ-4bit", "max_tokens": 1024, "temperature": 0.1, "top_p": 0.8, "presence_penalty": 1.0, "seed": 42, "message_count": 1, "event": "model_call.start", "correlation_id": "01KTXB5WDRSRWEE4QH189HTDRG", "query_preview": "Besides how factors are weighted, what are the two major characteristics SP 800-", "level": "info", "timestamp": "2026-06-12T07:20:00.845735Z"}
Authentication error: Langfuse client initialized without public_key. Client will be disabled. Provide a public_key parameter or set LANGFUSE_PUBLIC_KEY environment variable. 
{"prompt_tag": "assess_sufficiency@v4", "schema": "SufficiencyAssessment", "tokens": 2312, "event": "model_call.done", "correlation_id": "01KTXB5WDRSRWEE4QH189HTDRG", "query_preview": "Besides how factors are weighted, what are the two major characteristics SP 800-", "level": "info", "timestamp": "2026-06-12T07:20:01.964479Z"}
{"node": "answer", "regenerate_attempt": 0, "event": "start", "correlation_id": "01KTXB5WDRSRWEE4QH189HTDRG", "query_preview": "Besides how factors are weighted, what are the two major characteristics SP 800-", "level": "info", "timestamp": "2026-06-12T07:20:01.965809Z"}
{"prompt_tag": "answer@v5", "schema": "DraftAnswer", "model": "cyankiwi/Qwen3.5-4B-AWQ-4bit", "max_tokens": 1800, "temperature": 0.1, "top_p": 0.8, "presence_penalty": 1.0, "seed": 42, "message_count": 2, "event": "model_call.start", "correlation_id": "01KTXB5WDRSRWEE4QH189HTDRG", "query_preview": "Besides how factors are weighted, what are the two major characteristics SP 800-", "level": "info", "timestamp": "2026-06-12T07:20:01.967842Z"}
Authentication error: Langfuse client initialized without public_key. Client will be disabled. Provide a public_key parameter or set LANGFUSE_PUBLIC_KEY environment variable. 
{"prompt_tag": "answer@v5", "schema": "DraftAnswer", "tokens": 3972, "event": "model_call.done", "correlation_id": "01KTXB5WDRSRWEE4QH189HTDRG", "query_preview": "Besides how factors are weighted, what are the two major characteristics SP 800-", "level": "info", "timestamp": "2026-06-12T07:20:03.968730Z"}
{"node": "answer", "original": "The two major characteristics SP 800-207 uses to differentiate trust algorithms are how factors are evaluated (criteria-", "event": "answer.summary_scope_rebuilt", "correlation_id": "01KTXB5WDRSRWEE4QH189HTDRG", "query_preview": "Besides how factors are weighted, what are the two major characteristics SP 800-", "level": "info", "timestamp": "2026-06-12T07:20:03.968842Z"}
{"node": "answer", "exact": 0, "suffix": 0, "fuzzy": 1, "unresolved": 0, "event": "chunk_id_repair", "correlation_id": "01KTXB5WDRSRWEE4QH189HTDRG", "query_preview": "Besides how factors are weighted, what are the two major characteristics SP 800-", "level": "info", "timestamp": "2026-06-12T07:20:03.968972Z"}
{"node": "verify", "claim_count": 1, "event": "start", "correlation_id": "01KTXB5WDRSRWEE4QH189HTDRG", "query_preview": "Besides how factors are weighted, what are the two major characteristics SP 800-", "level": "info", "timestamp": "2026-06-12T07:20:03.970025Z"}
{"prompt_tag": "verify_grounding@v2", "schema": "VerificationResult", "model": "cyankiwi/Qwen3.5-4B-AWQ-4bit", "max_tokens": 1024, "temperature": 0.1, "top_p": 0.8, "presence_penalty": 1.0, "seed": 42, "message_count": 1, "event": "model_call.start", "correlation_id": "01KTXB5WDRSRWEE4QH189HTDRG", "query_preview": "Besides how factors are weighted, what are the two major characteristics SP 800-", "level": "info", "timestamp": "2026-06-12T07:20:03.974479Z"}
Authentication error: Langfuse client initialized without public_key. Client will be disabled. Provide a public_key parameter or set LANGFUSE_PUBLIC_KEY environment variable. 
{"prompt_tag": "verify_grounding@v2", "schema": "VerificationResult", "tokens": 2213, "event": "model_call.done", "correlation_id": "01KTXB5WDRSRWEE4QH189HTDRG", "query_preview": "Besides how factors are weighted, what are the two major characteristics SP 800-", "level": "info", "timestamp": "2026-06-12T07:20:04.499244Z"}
{"node": "assess_relevance", "event": "start", "correlation_id": "01KTXB5WDRSRWEE4QH189HTDRG", "query_preview": "Besides how factors are weighted, what are the two major characteristics SP 800-", "level": "info", "timestamp": "2026-06-12T07:20:04.500586Z"}
{"node": "assess_relevance", "event": "relevance.scope_rebuilt_refuse", "correlation_id": "01KTXB5WDRSRWEE4QH189HTDRG", "query_preview": "Besides how factors are weighted, what are the two major characteristics SP 800-", "level": "info", "timestamp": "2026-06-12T07:20:04.500622Z"}
{"node": "refuse", "event": "start", "correlation_id": "01KTXB5WDRSRWEE4QH189HTDRG", "query_preview": "Besides how factors are weighted, what are the two major characteristics SP 800-", "level": "info", "timestamp": "2026-06-12T07:20:04.501392Z"}
Authentication error: Langfuse client initialized without public_key. Client will be disabled. Provide a public_key parameter or set LANGFUSE_PUBLIC_KEY environment variable. 
{"node": "retrieve", "query_len": 74, "event": "start", "correlation_id": "01KTXB7HMNE7K89GV5281KS2RQ", "query_preview": "What type of trust algorithm does SP 800-207 say a ZTA should ideally use?", "level": "info", "timestamp": "2026-06-12T07:20:04.502769Z"}
{"query_len": 74, "k": 50, "event": "hybrid.start", "correlation_id": "01KTXB7HMNE7K89GV5281KS2RQ", "query_preview": "What type of trust algorithm does SP 800-207 say a ZTA should ideally use?", "level": "info", "timestamp": "2026-06-12T07:20:04.502810Z"}
{"query_len": 74, "k": 50, "dense": 50, "bm25": 0, "fused": 50, "term": false, "event": "hybrid.done", "correlation_id": "01KTXB7HMNE7K89GV5281KS2RQ", "query_preview": "What type of trust algorithm does SP 800-207 say a ZTA should ideally use?", "level": "info", "timestamp": "2026-06-12T07:20:04.617114Z"}
{"node": "retrieve", "candidate_count": 50, "event": "done", "correlation_id": "01KTXB7HMNE7K89GV5281KS2RQ", "query_preview": "What type of trust algorithm does SP 800-207 say a ZTA should ideally use?", "level": "info", "timestamp": "2026-06-12T07:20:04.618142Z"}
{"node": "expand_graph", "reason": "disabled_or_empty", "event": "skip", "correlation_id": "01KTXB7HMNE7K89GV5281KS2RQ", "query_preview": "What type of trust algorithm does SP 800-207 say a ZTA should ideally use?", "level": "info", "timestamp": "2026-06-12T07:20:04.619496Z"}
{"node": "rerank", "candidate_count": 50, "event": "start", "correlation_id": "01KTXB7HMNE7K89GV5281KS2RQ", "query_preview": "What type of trust algorithm does SP 800-207 say a ZTA should ideally use?", "level": "info", "timestamp": "2026-06-12T07:20:04.619987Z"}
{"node": "rerank", "top_k": 5, "source": "mode", "event": "top_k_resolved", "correlation_id": "01KTXB7HMNE7K89GV5281KS2RQ", "query_preview": "What type of trust algorithm does SP 800-207 say a ZTA should ideally use?", "level": "info", "timestamp": "2026-06-12T07:20:04.620034Z"}
{"candidates": 50, "top_k": 5, "backend": "cross_encoder", "event": "rerank.start", "correlation_id": "01KTXB7HMNE7K89GV5281KS2RQ", "query_preview": "What type of trust algorithm does SP 800-207 say a ZTA should ideally use?", "level": "info", "timestamp": "2026-06-12T07:20:04.620064Z"}
{"candidates": 50, "top_k": 5, "backend": "cross_encoder", "returned": 5, "event": "rerank.done", "correlation_id": "01KTXB7HMNE7K89GV5281KS2RQ", "query_preview": "What type of trust algorithm does SP 800-207 say a ZTA should ideally use?", "level": "info", "timestamp": "2026-06-12T07:20:43.040785Z"}
{"node": "rerank", "reranked_count": 5, "event": "done", "correlation_id": "01KTXB7HMNE7K89GV5281KS2RQ", "query_preview": "What type of trust algorithm does SP 800-207 say a ZTA should ideally use?", "level": "info", "timestamp": "2026-06-12T07:20:43.040864Z"}
{"node": "query_tables", "reason": "empty_or_not_table_shaped", "event": "skip", "correlation_id": "01KTXB7HMNE7K89GV5281KS2RQ", "query_preview": "What type of trust algorithm does SP 800-207 say a ZTA should ideally use?", "level": "info", "timestamp": "2026-06-12T07:20:43.042494Z"}
{"node": "assess", "reranked_count": 5, "event": "start", "correlation_id": "01KTXB7HMNE7K89GV5281KS2RQ", "query_preview": "What type of trust algorithm does SP 800-207 say a ZTA should ideally use?", "level": "info", "timestamp": "2026-06-12T07:20:43.043168Z"}
{"prompt_tag": "assess_sufficiency@v4", "schema": "SufficiencyAssessment", "model": "cyankiwi/Qwen3.5-4B-AWQ-4bit", "max_tokens": 1024, "temperature": 0.1, "top_p": 0.8, "presence_penalty": 1.0, "seed": 42, "message_count": 1, "event": "model_call.start", "correlation_id": "01KTXB7HMNE7K89GV5281KS2RQ", "query_preview": "What type of trust algorithm does SP 800-207 say a ZTA should ideally use?", "level": "info", "timestamp": "2026-06-12T07:20:43.044818Z"}
Authentication error: Langfuse client initialized without public_key. Client will be disabled. Provide a public_key parameter or set LANGFUSE_PUBLIC_KEY environment variable. 
{"prompt_tag": "assess_sufficiency@v4", "schema": "SufficiencyAssessment", "tokens": 2561, "event": "model_call.done", "correlation_id": "01KTXB7HMNE7K89GV5281KS2RQ", "query_preview": "What type of trust algorithm does SP 800-207 say a ZTA should ideally use?", "level": "info", "timestamp": "2026-06-12T07:20:44.037906Z"}
{"node": "answer", "regenerate_attempt": 0, "event": "start", "correlation_id": "01KTXB7HMNE7K89GV5281KS2RQ", "query_preview": "What type of trust algorithm does SP 800-207 say a ZTA should ideally use?", "level": "info", "timestamp": "2026-06-12T07:20:44.039196Z"}
{"prompt_tag": "answer@v5", "schema": "DraftAnswer", "model": "cyankiwi/Qwen3.5-4B-AWQ-4bit", "max_tokens": 1800, "temperature": 0.1, "top_p": 0.8, "presence_penalty": 1.0, "seed": 42, "message_count": 2, "event": "model_call.start", "correlation_id": "01KTXB7HMNE7K89GV5281KS2RQ", "query_preview": "What type of trust algorithm does SP 800-207 say a ZTA should ideally use?", "level": "info", "timestamp": "2026-06-12T07:20:44.041205Z"}
Authentication error: Langfuse client initialized without public_key. Client will be disabled. Provide a public_key parameter or set LANGFUSE_PUBLIC_KEY environment variable. 
{"prompt_tag": "answer@v5", "schema": "DraftAnswer", "tokens": 4130, "event": "model_call.done", "correlation_id": "01KTXB7HMNE7K89GV5281KS2RQ", "query_preview": "What type of trust algorithm does SP 800-207 say a ZTA should ideally use?", "level": "info", "timestamp": "2026-06-12T07:20:45.073638Z"}
{"node": "answer", "summary_head": "The provided chunks do not contain a specific answer to what type of trust algorithm SP 800-207 says a ZTA should ideall", "event": "answer.denial_reframe_retry", "correlation_id": "01KTXB7HMNE7K89GV5281KS2RQ", "query_preview": "What type of trust algorithm does SP 800-207 say a ZTA should ideally use?", "level": "info", "timestamp": "2026-06-12T07:20:45.073707Z"}
{"prompt_tag": "answer@v5", "schema": "DraftAnswer", "model": "cyankiwi/Qwen3.5-4B-AWQ-4bit", "max_tokens": 1800, "temperature": 0.1, "top_p": 0.8, "presence_penalty": 1.0, "seed": 42, "message_count": 2, "event": "model_call.start", "correlation_id": "01KTXB7HMNE7K89GV5281KS2RQ", "query_preview": "What type of trust algorithm does SP 800-207 say a ZTA should ideally use?", "level": "info", "timestamp": "2026-06-12T07:20:45.075687Z"}
Authentication error: Langfuse client initialized without public_key. Client will be disabled. Provide a public_key parameter or set LANGFUSE_PUBLIC_KEY environment variable. 
{"prompt_tag": "answer@v5", "schema": "DraftAnswer", "tokens": 4310, "event": "model_call.done", "correlation_id": "01KTXB7HMNE7K89GV5281KS2RQ", "query_preview": "What type of trust algorithm does SP 800-207 say a ZTA should ideally use?", "level": "info", "timestamp": "2026-06-12T07:20:46.157241Z"}
{"node": "answer", "claims": 1, "event": "answer.denial_reframe_succeeded", "correlation_id": "01KTXB7HMNE7K89GV5281KS2RQ", "query_preview": "What type of trust algorithm does SP 800-207 say a ZTA should ideally use?", "level": "info", "timestamp": "2026-06-12T07:20:46.157310Z"}
{"node": "answer", "original": "SP 800-207 states that a ZTA trust algorithm should ideally be contextual.", "event": "answer.summary_scope_rebuilt", "correlation_id": "01KTXB7HMNE7K89GV5281KS2RQ", "query_preview": "What type of trust algorithm does SP 800-207 say a ZTA should ideally use?", "level": "info", "timestamp": "2026-06-12T07:20:46.157365Z"}
{"node": "verify", "claim_count": 1, "event": "start", "correlation_id": "01KTXB7HMNE7K89GV5281KS2RQ", "query_preview": "What type of trust algorithm does SP 800-207 say a ZTA should ideally use?", "level": "info", "timestamp": "2026-06-12T07:20:46.158282Z"}
{"prompt_tag": "verify_grounding@v2", "schema": "VerificationResult", "model": "cyankiwi/Qwen3.5-4B-AWQ-4bit", "max_tokens": 1024, "temperature": 0.1, "top_p": 0.8, "presence_penalty": 1.0, "seed": 42, "message_count": 1, "event": "model_call.start", "correlation_id": "01KTXB7HMNE7K89GV5281KS2RQ", "query_preview": "What type of trust algorithm does SP 800-207 say a ZTA should ideally use?", "level": "info", "timestamp": "2026-06-12T07:20:46.161399Z"}
Authentication error: Langfuse client initialized without public_key. Client will be disabled. Provide a public_key parameter or set LANGFUSE_PUBLIC_KEY environment variable. 
{"prompt_tag": "verify_grounding@v2", "schema": "VerificationResult", "tokens": 2444, "event": "model_call.done", "correlation_id": "01KTXB7HMNE7K89GV5281KS2RQ", "query_preview": "What type of trust algorithm does SP 800-207 say a ZTA should ideally use?", "level": "info", "timestamp": "2026-06-12T07:20:46.718745Z"}
{"node": "assess_relevance", "event": "start", "correlation_id": "01KTXB7HMNE7K89GV5281KS2RQ", "query_preview": "What type of trust algorithm does SP 800-207 say a ZTA should ideally use?", "level": "info", "timestamp": "2026-06-12T07:20:46.720370Z"}
{"node": "assess_relevance", "event": "relevance.scope_rebuilt_refuse", "correlation_id": "01KTXB7HMNE7K89GV5281KS2RQ", "query_preview": "What type of trust algorithm does SP 800-207 say a ZTA should ideally use?", "level": "info", "timestamp": "2026-06-12T07:20:46.720409Z"}
{"node": "refuse", "event": "start", "correlation_id": "01KTXB7HMNE7K89GV5281KS2RQ", "query_preview": "What type of trust algorithm does SP 800-207 say a ZTA should ideally use?", "level": "info", "timestamp": "2026-06-12T07:20:46.721334Z"}
Authentication error: Langfuse client initialized without public_key. Client will be disabled. Provide a public_key parameter or set LANGFUSE_PUBLIC_KEY environment variable. 
{"node": "retrieve", "query_len": 96, "event": "start", "correlation_id": "01KTXB8TW1EJKC9TGE4GPDKG0S", "query_preview": "What is the difference between a criteria-based and a score-based trust algorith", "level": "info", "timestamp": "2026-06-12T07:20:46.722717Z"}
{"query_len": 96, "k": 50, "event": "hybrid.start", "correlation_id": "01KTXB8TW1EJKC9TGE4GPDKG0S", "query_preview": "What is the difference between a criteria-based and a score-based trust algorith", "level": "info", "timestamp": "2026-06-12T07:20:46.722751Z"}
{"query_len": 96, "k": 50, "dense": 50, "bm25": 0, "fused": 50, "term": false, "event": "hybrid.done", "correlation_id": "01KTXB8TW1EJKC9TGE4GPDKG0S", "query_preview": "What is the difference between a criteria-based and a score-based trust algorith", "level": "info", "timestamp": "2026-06-12T07:20:46.833860Z"}
{"node": "retrieve", "candidate_count": 50, "event": "done", "correlation_id": "01KTXB8TW1EJKC9TGE4GPDKG0S", "query_preview": "What is the difference between a criteria-based and a score-based trust algorith", "level": "info", "timestamp": "2026-06-12T07:20:46.834772Z"}
{"node": "expand_graph", "reason": "disabled_or_empty", "event": "skip", "correlation_id": "01KTXB8TW1EJKC9TGE4GPDKG0S", "query_preview": "What is the difference between a criteria-based and a score-based trust algorith", "level": "info", "timestamp": "2026-06-12T07:20:46.836197Z"}
{"node": "rerank", "candidate_count": 50, "event": "start", "correlation_id": "01KTXB8TW1EJKC9TGE4GPDKG0S", "query_preview": "What is the difference between a criteria-based and a score-based trust algorith", "level": "info", "timestamp": "2026-06-12T07:20:46.836655Z"}
{"node": "rerank", "top_k": 5, "source": "mode", "event": "top_k_resolved", "correlation_id": "01KTXB8TW1EJKC9TGE4GPDKG0S", "query_preview": "What is the difference between a criteria-based and a score-based trust algorith", "level": "info", "timestamp": "2026-06-12T07:20:46.836699Z"}
{"candidates": 50, "top_k": 5, "backend": "cross_encoder", "event": "rerank.start", "correlation_id": "01KTXB8TW1EJKC9TGE4GPDKG0S", "query_preview": "What is the difference between a criteria-based and a score-based trust algorith", "level": "info", "timestamp": "2026-06-12T07:20:46.836722Z"}
{"candidates": 50, "top_k": 5, "backend": "cross_encoder", "returned": 5, "event": "rerank.done", "correlation_id": "01KTXB8TW1EJKC9TGE4GPDKG0S", "query_preview": "What is the difference between a criteria-based and a score-based trust algorith", "level": "info", "timestamp": "2026-06-12T07:21:35.254780Z"}
{"node": "rerank", "reranked_count": 5, "event": "done", "correlation_id": "01KTXB8TW1EJKC9TGE4GPDKG0S", "query_preview": "What is the difference between a criteria-based and a score-based trust algorith", "level": "info", "timestamp": "2026-06-12T07:21:35.254874Z"}
{"node": "query_tables", "reason": "empty_or_not_table_shaped", "event": "skip", "correlation_id": "01KTXB8TW1EJKC9TGE4GPDKG0S", "query_preview": "What is the difference between a criteria-based and a score-based trust algorith", "level": "info", "timestamp": "2026-06-12T07:21:35.256738Z"}
{"node": "assess", "reranked_count": 5, "event": "start", "correlation_id": "01KTXB8TW1EJKC9TGE4GPDKG0S", "query_preview": "What is the difference between a criteria-based and a score-based trust algorith", "level": "info", "timestamp": "2026-06-12T07:21:35.257479Z"}
{"prompt_tag": "assess_sufficiency@v4", "schema": "SufficiencyAssessment", "model": "cyankiwi/Qwen3.5-4B-AWQ-4bit", "max_tokens": 1024, "temperature": 0.1, "top_p": 0.8, "presence_penalty": 1.0, "seed": 42, "message_count": 1, "event": "model_call.start", "correlation_id": "01KTXB8TW1EJKC9TGE4GPDKG0S", "query_preview": "What is the difference between a criteria-based and a score-based trust algorith", "level": "info", "timestamp": "2026-06-12T07:21:35.260167Z"}
Authentication error: Langfuse client initialized without public_key. Client will be disabled. Provide a public_key parameter or set LANGFUSE_PUBLIC_KEY environment variable. 
{"prompt_tag": "assess_sufficiency@v4", "schema": "SufficiencyAssessment", "tokens": 2103, "event": "model_call.done", "correlation_id": "01KTXB8TW1EJKC9TGE4GPDKG0S", "query_preview": "What is the difference between a criteria-based and a score-based trust algorith", "level": "info", "timestamp": "2026-06-12T07:21:36.012668Z"}
{"node": "answer", "regenerate_attempt": 0, "event": "start", "correlation_id": "01KTXB8TW1EJKC9TGE4GPDKG0S", "query_preview": "What is the difference between a criteria-based and a score-based trust algorith", "level": "info", "timestamp": "2026-06-12T07:21:36.014311Z"}
{"prompt_tag": "answer@v5", "schema": "DraftAnswer", "model": "cyankiwi/Qwen3.5-4B-AWQ-4bit", "max_tokens": 1800, "temperature": 0.1, "top_p": 0.8, "presence_penalty": 1.0, "seed": 42, "message_count": 2, "event": "model_call.start", "correlation_id": "01KTXB8TW1EJKC9TGE4GPDKG0S", "query_preview": "What is the difference between a criteria-based and a score-based trust algorith", "level": "info", "timestamp": "2026-06-12T07:21:36.016997Z"}
Authentication error: Langfuse client initialized without public_key. Client will be disabled. Provide a public_key parameter or set LANGFUSE_PUBLIC_KEY environment variable. 
{"prompt_tag": "answer@v5", "schema": "DraftAnswer", "tokens": 3925, "event": "model_call.done", "correlation_id": "01KTXB8TW1EJKC9TGE4GPDKG0S", "query_preview": "What is the difference between a criteria-based and a score-based trust algorith", "level": "info", "timestamp": "2026-06-12T07:21:39.081434Z"}
{"node": "answer", "original": "The chunks describe the differences between criteria-based and score-based trust algorithms in NIST SP 800-207. A criter", "event": "answer.summary_scope_rebuilt", "correlation_id": "01KTXB8TW1EJKC9TGE4GPDKG0S", "query_preview": "What is the difference between a criteria-based and a score-based trust algorith", "level": "info", "timestamp": "2026-06-12T07:21:39.081558Z"}
{"node": "verify", "claim_count": 2, "event": "start", "correlation_id": "01KTXB8TW1EJKC9TGE4GPDKG0S", "query_preview": "What is the difference between a criteria-based and a score-based trust algorith", "level": "info", "timestamp": "2026-06-12T07:21:39.082564Z"}
{"prompt_tag": "verify_grounding@v2", "schema": "VerificationResult", "model": "cyankiwi/Qwen3.5-4B-AWQ-4bit", "max_tokens": 1024, "temperature": 0.1, "top_p": 0.8, "presence_penalty": 1.0, "seed": 42, "message_count": 1, "event": "model_call.start", "correlation_id": "01KTXB8TW1EJKC9TGE4GPDKG0S", "query_preview": "What is the difference between a criteria-based and a score-based trust algorith", "level": "info", "timestamp": "2026-06-12T07:21:39.086730Z"}
Authentication error: Langfuse client initialized without public_key. Client will be disabled. Provide a public_key parameter or set LANGFUSE_PUBLIC_KEY environment variable. 
{"prompt_tag": "verify_grounding@v2", "schema": "VerificationResult", "tokens": 2133, "event": "model_call.done", "correlation_id": "01KTXB8TW1EJKC9TGE4GPDKG0S", "query_preview": "What is the difference between a criteria-based and a score-based trust algorith", "level": "info", "timestamp": "2026-06-12T07:21:39.616655Z"}
{"node": "assess_relevance", "event": "start", "correlation_id": "01KTXB8TW1EJKC9TGE4GPDKG0S", "query_preview": "What is the difference between a criteria-based and a score-based trust algorith", "level": "info", "timestamp": "2026-06-12T07:21:39.618408Z"}
{"node": "assess_relevance", "event": "relevance.scope_rebuilt_refuse", "correlation_id": "01KTXB8TW1EJKC9TGE4GPDKG0S", "query_preview": "What is the difference between a criteria-based and a score-based trust algorith", "level": "info", "timestamp": "2026-06-12T07:21:39.618455Z"}
{"node": "refuse", "event": "start", "correlation_id": "01KTXB8TW1EJKC9TGE4GPDKG0S", "query_preview": "What is the difference between a criteria-based and a score-based trust algorith", "level": "info", "timestamp": "2026-06-12T07:21:39.619797Z"}
Authentication error: Langfuse client initialized without public_key. Client will be disabled. Provide a public_key parameter or set LANGFUSE_PUBLIC_KEY environment variable. 
{"node": "retrieve", "query_len": 89, "event": "start", "correlation_id": "01KTXBAEH43VKKSH8GG0SKYNY7", "query_preview": "What three approaches to implementing a zero trust architecture does SP 800-207 ", "level": "info", "timestamp": "2026-06-12T07:21:39.621712Z"}
{"query_len": 89, "k": 50, "event": "hybrid.start", "correlation_id": "01KTXBAEH43VKKSH8GG0SKYNY7", "query_preview": "What three approaches to implementing a zero trust architecture does SP 800-207 ", "level": "info", "timestamp": "2026-06-12T07:21:39.621754Z"}
{"query_len": 89, "k": 50, "dense": 50, "bm25": 0, "fused": 50, "term": false, "event": "hybrid.done", "correlation_id": "01KTXBAEH43VKKSH8GG0SKYNY7", "query_preview": "What three approaches to implementing a zero trust architecture does SP 800-207 ", "level": "info", "timestamp": "2026-06-12T07:21:39.700145Z"}
{"node": "retrieve", "candidate_count": 50, "event": "done", "correlation_id": "01KTXBAEH43VKKSH8GG0SKYNY7", "query_preview": "What three approaches to implementing a zero trust architecture does SP 800-207 ", "level": "info", "timestamp": "2026-06-12T07:21:39.701098Z"}
{"node": "expand_graph", "reason": "disabled_or_empty", "event": "skip", "correlation_id": "01KTXBAEH43VKKSH8GG0SKYNY7", "query_preview": "What three approaches to implementing a zero trust architecture does SP 800-207 ", "level": "info", "timestamp": "2026-06-12T07:21:39.702430Z"}
{"node": "rerank", "candidate_count": 50, "event": "start", "correlation_id": "01KTXBAEH43VKKSH8GG0SKYNY7", "query_preview": "What three approaches to implementing a zero trust architecture does SP 800-207 ", "level": "info", "timestamp": "2026-06-12T07:21:39.702903Z"}
{"node": "rerank", "top_k": 5, "source": "mode", "event": "top_k_resolved", "correlation_id": "01KTXBAEH43VKKSH8GG0SKYNY7", "query_preview": "What three approaches to implementing a zero trust architecture does SP 800-207 ", "level": "info", "timestamp": "2026-06-12T07:21:39.702948Z"}
{"candidates": 50, "top_k": 5, "backend": "cross_encoder", "event": "rerank.start", "correlation_id": "01KTXBAEH43VKKSH8GG0SKYNY7", "query_preview": "What three approaches to implementing a zero trust architecture does SP 800-207 ", "level": "info", "timestamp": "2026-06-12T07:21:39.702974Z"}
{"candidates": 50, "top_k": 5, "backend": "cross_encoder", "returned": 5, "event": "rerank.done", "correlation_id": "01KTXBAEH43VKKSH8GG0SKYNY7", "query_preview": "What three approaches to implementing a zero trust architecture does SP 800-207 ", "level": "info", "timestamp": "2026-06-12T07:22:27.261549Z"}
{"node": "rerank", "reranked_count": 5, "event": "done", "correlation_id": "01KTXBAEH43VKKSH8GG0SKYNY7", "query_preview": "What three approaches to implementing a zero trust architecture does SP 800-207 ", "level": "info", "timestamp": "2026-06-12T07:22:27.261633Z"}
{"node": "query_tables", "reason": "empty_or_not_table_shaped", "event": "skip", "correlation_id": "01KTXBAEH43VKKSH8GG0SKYNY7", "query_preview": "What three approaches to implementing a zero trust architecture does SP 800-207 ", "level": "info", "timestamp": "2026-06-12T07:22:27.263495Z"}
{"node": "assess", "reranked_count": 5, "event": "start", "correlation_id": "01KTXBAEH43VKKSH8GG0SKYNY7", "query_preview": "What three approaches to implementing a zero trust architecture does SP 800-207 ", "level": "info", "timestamp": "2026-06-12T07:22:27.264083Z"}
{"prompt_tag": "assess_sufficiency@v4", "schema": "SufficiencyAssessment", "model": "cyankiwi/Qwen3.5-4B-AWQ-4bit", "max_tokens": 1024, "temperature": 0.1, "top_p": 0.8, "presence_penalty": 1.0, "seed": 42, "message_count": 1, "event": "model_call.start", "correlation_id": "01KTXBAEH43VKKSH8GG0SKYNY7", "query_preview": "What three approaches to implementing a zero trust architecture does SP 800-207 ", "level": "info", "timestamp": "2026-06-12T07:22:27.265673Z"}
Authentication error: Langfuse client initialized without public_key. Client will be disabled. Provide a public_key parameter or set LANGFUSE_PUBLIC_KEY environment variable. 
{"prompt_tag": "assess_sufficiency@v4", "schema": "SufficiencyAssessment", "tokens": 2090, "event": "model_call.done", "correlation_id": "01KTXBAEH43VKKSH8GG0SKYNY7", "query_preview": "What three approaches to implementing a zero trust architecture does SP 800-207 ", "level": "info", "timestamp": "2026-06-12T07:22:28.351363Z"}
{"node": "answer", "regenerate_attempt": 0, "event": "start", "correlation_id": "01KTXBAEH43VKKSH8GG0SKYNY7", "query_preview": "What three approaches to implementing a zero trust architecture does SP 800-207 ", "level": "info", "timestamp": "2026-06-12T07:22:28.352646Z"}
{"prompt_tag": "answer@v5", "schema": "DraftAnswer", "model": "cyankiwi/Qwen3.5-4B-AWQ-4bit", "max_tokens": 1800, "temperature": 0.1, "top_p": 0.8, "presence_penalty": 1.0, "seed": 42, "message_count": 2, "event": "model_call.start", "correlation_id": "01KTXBAEH43VKKSH8GG0SKYNY7", "query_preview": "What three approaches to implementing a zero trust architecture does SP 800-207 ", "level": "info", "timestamp": "2026-06-12T07:22:28.354578Z"}
Authentication error: Langfuse client initialized without public_key. Client will be disabled. Provide a public_key parameter or set LANGFUSE_PUBLIC_KEY environment variable. 
{"prompt_tag": "answer@v5", "schema": "DraftAnswer", "tokens": 3719, "event": "model_call.done", "correlation_id": "01KTXBAEH43VKKSH8GG0SKYNY7", "query_preview": "What three approaches to implementing a zero trust architecture does SP 800-207 ", "level": "info", "timestamp": "2026-06-12T07:22:30.029866Z"}
{"node": "verify", "claim_count": 1, "event": "start", "correlation_id": "01KTXBAEH43VKKSH8GG0SKYNY7", "query_preview": "What three approaches to implementing a zero trust architecture does SP 800-207 ", "level": "info", "timestamp": "2026-06-12T07:22:30.030736Z"}
{"prompt_tag": "verify_grounding@v2", "schema": "VerificationResult", "model": "cyankiwi/Qwen3.5-4B-AWQ-4bit", "max_tokens": 1024, "temperature": 0.1, "top_p": 0.8, "presence_penalty": 1.0, "seed": 42, "message_count": 1, "event": "model_call.start", "correlation_id": "01KTXBAEH43VKKSH8GG0SKYNY7", "query_preview": "What three approaches to implementing a zero trust architecture does SP 800-207 ", "level": "info", "timestamp": "2026-06-12T07:22:30.033814Z"}
Authentication error: Langfuse client initialized without public_key. Client will be disabled. Provide a public_key parameter or set LANGFUSE_PUBLIC_KEY environment variable. 
{"prompt_tag": "verify_grounding@v2", "schema": "VerificationResult", "tokens": 1982, "event": "model_call.done", "correlation_id": "01KTXBAEH43VKKSH8GG0SKYNY7", "query_preview": "What three approaches to implementing a zero trust architecture does SP 800-207 ", "level": "info", "timestamp": "2026-06-12T07:22:30.517230Z"}
{"node": "assess_relevance", "event": "start", "correlation_id": "01KTXBAEH43VKKSH8GG0SKYNY7", "query_preview": "What three approaches to implementing a zero trust architecture does SP 800-207 ", "level": "info", "timestamp": "2026-06-12T07:22:30.518691Z"}
{"prompt_tag": "assess_relevance@v3", "schema": "RelevanceAssessment", "model": "cyankiwi/Qwen3.5-4B-AWQ-4bit", "max_tokens": 1024, "temperature": 0.1, "top_p": 0.8, "presence_penalty": 1.0, "seed": 42, "message_count": 1, "event": "model_call.start", "correlation_id": "01KTXBAEH43VKKSH8GG0SKYNY7", "query_preview": "What three approaches to implementing a zero trust architecture does SP 800-207 ", "level": "info", "timestamp": "2026-06-12T07:22:30.519701Z"}
Authentication error: Langfuse client initialized without public_key. Client will be disabled. Provide a public_key parameter or set LANGFUSE_PUBLIC_KEY environment variable. 
{"prompt_tag": "assess_relevance@v3", "schema": "RelevanceAssessment", "tokens": 888, "event": "model_call.done", "correlation_id": "01KTXBAEH43VKKSH8GG0SKYNY7", "query_preview": "What three approaches to implementing a zero trust architecture does SP 800-207 ", "level": "info", "timestamp": "2026-06-12T07:22:31.071940Z"}
{"node": "assess_relevance", "responsive": true, "event": "relevance", "correlation_id": "01KTXBAEH43VKKSH8GG0SKYNY7", "query_preview": "What three approaches to implementing a zero trust architecture does SP 800-207 ", "level": "info", "timestamp": "2026-06-12T07:22:31.071992Z"}
{"node": "compose", "event": "start", "correlation_id": "01KTXBAEH43VKKSH8GG0SKYNY7", "query_preview": "What three approaches to implementing a zero trust architecture does SP 800-207 ", "level": "info", "timestamp": "2026-06-12T07:22:31.073482Z"}
Authentication error: Langfuse client initialized without public_key. Client will be disabled. Provide a public_key parameter or set LANGFUSE_PUBLIC_KEY environment variable. 
{"node": "retrieve", "query_len": 128, "event": "start", "correlation_id": "01KTXBC0S24EVAPT2H8FJW58QY", "query_preview": "In SP 800-207's contextual trust-algorithm example, how many employee records do", "level": "info", "timestamp": "2026-06-12T07:22:31.075379Z"}
{"query_len": 128, "k": 50, "event": "hybrid.start", "correlation_id": "01KTXBC0S24EVAPT2H8FJW58QY", "query_preview": "In SP 800-207's contextual trust-algorithm example, how many employee records do", "level": "info", "timestamp": "2026-06-12T07:22:31.075416Z"}
{"query_len": 128, "k": 50, "dense": 50, "bm25": 0, "fused": 50, "term": false, "event": "hybrid.done", "correlation_id": "01KTXBC0S24EVAPT2H8FJW58QY", "query_preview": "In SP 800-207's contextual trust-algorithm example, how many employee records do", "level": "info", "timestamp": "2026-06-12T07:22:31.154335Z"}
{"node": "retrieve", "candidate_count": 50, "event": "done", "correlation_id": "01KTXBC0S24EVAPT2H8FJW58QY", "query_preview": "In SP 800-207's contextual trust-algorithm example, how many employee records do", "level": "info", "timestamp": "2026-06-12T07:22:31.155314Z"}
{"node": "expand_graph", "reason": "disabled_or_empty", "event": "skip", "correlation_id": "01KTXBC0S24EVAPT2H8FJW58QY", "query_preview": "In SP 800-207's contextual trust-algorithm example, how many employee records do", "level": "info", "timestamp": "2026-06-12T07:22:31.156622Z"}
{"node": "rerank", "candidate_count": 50, "event": "start", "correlation_id": "01KTXBC0S24EVAPT2H8FJW58QY", "query_preview": "In SP 800-207's contextual trust-algorithm example, how many employee records do", "level": "info", "timestamp": "2026-06-12T07:22:31.157094Z"}
{"node": "rerank", "top_k": 5, "source": "mode", "event": "top_k_resolved", "correlation_id": "01KTXBC0S24EVAPT2H8FJW58QY", "query_preview": "In SP 800-207's contextual trust-algorithm example, how many employee records do", "level": "info", "timestamp": "2026-06-12T07:22:31.157141Z"}
{"candidates": 50, "top_k": 5, "backend": "cross_encoder", "event": "rerank.start", "correlation_id": "01KTXBC0S24EVAPT2H8FJW58QY", "query_preview": "In SP 800-207's contextual trust-algorithm example, how many employee records do", "level": "info", "timestamp": "2026-06-12T07:22:31.157174Z"}
{"candidates": 50, "top_k": 5, "backend": "cross_encoder", "returned": 5, "event": "rerank.done", "correlation_id": "01KTXBC0S24EVAPT2H8FJW58QY", "query_preview": "In SP 800-207's contextual trust-algorithm example, how many employee records do", "level": "info", "timestamp": "2026-06-12T07:23:17.712882Z"}
{"node": "rerank", "reranked_count": 5, "event": "done", "correlation_id": "01KTXBC0S24EVAPT2H8FJW58QY", "query_preview": "In SP 800-207's contextual trust-algorithm example, how many employee records do", "level": "info", "timestamp": "2026-06-12T07:23:17.712965Z"}
{"node": "query_tables", "reason": "no_relevant_tables", "event": "skip", "correlation_id": "01KTXBC0S24EVAPT2H8FJW58QY", "query_preview": "In SP 800-207's contextual trust-algorithm example, how many employee records do", "level": "info", "timestamp": "2026-06-12T07:23:17.715623Z"}
{"node": "assess", "reranked_count": 5, "event": "start", "correlation_id": "01KTXBC0S24EVAPT2H8FJW58QY", "query_preview": "In SP 800-207's contextual trust-algorithm example, how many employee records do", "level": "info", "timestamp": "2026-06-12T07:23:17.716372Z"}
{"prompt_tag": "assess_sufficiency@v4", "schema": "SufficiencyAssessment", "model": "cyankiwi/Qwen3.5-4B-AWQ-4bit", "max_tokens": 1024, "temperature": 0.1, "top_p": 0.8, "presence_penalty": 1.0, "seed": 42, "message_count": 1, "event": "model_call.start", "correlation_id": "01KTXBC0S24EVAPT2H8FJW58QY", "query_preview": "In SP 800-207's contextual trust-algorithm example, how many employee records do", "level": "info", "timestamp": "2026-06-12T07:23:17.717728Z"}
Authentication error: Langfuse client initialized without public_key. Client will be disabled. Provide a public_key parameter or set LANGFUSE_PUBLIC_KEY environment variable. 
{"prompt_tag": "assess_sufficiency@v4", "schema": "SufficiencyAssessment", "tokens": 2421, "event": "model_call.done", "correlation_id": "01KTXBC0S24EVAPT2H8FJW58QY", "query_preview": "In SP 800-207's contextual trust-algorithm example, how many employee records do", "level": "info", "timestamp": "2026-06-12T07:23:18.761786Z"}
{"node": "answer", "regenerate_attempt": 0, "event": "start", "correlation_id": "01KTXBC0S24EVAPT2H8FJW58QY", "query_preview": "In SP 800-207's contextual trust-algorithm example, how many employee records do", "level": "info", "timestamp": "2026-06-12T07:23:18.762735Z"}
{"prompt_tag": "answer@v5", "schema": "DraftAnswer", "model": "cyankiwi/Qwen3.5-4B-AWQ-4bit", "max_tokens": 1800, "temperature": 0.1, "top_p": 0.8, "presence_penalty": 1.0, "seed": 42, "message_count": 2, "event": "model_call.start", "correlation_id": "01KTXBC0S24EVAPT2H8FJW58QY", "query_preview": "In SP 800-207's contextual trust-algorithm example, how many employee records do", "level": "info", "timestamp": "2026-06-12T07:23:18.764284Z"}
Authentication error: Langfuse client initialized without public_key. Client will be disabled. Provide a public_key parameter or set LANGFUSE_PUBLIC_KEY environment variable. 
{"prompt_tag": "answer@v5", "schema": "DraftAnswer", "tokens": 4054, "event": "model_call.done", "correlation_id": "01KTXBC0S24EVAPT2H8FJW58QY", "query_preview": "In SP 800-207's contextual trust-algorithm example, how many employee records do", "level": "info", "timestamp": "2026-06-12T07:23:20.439709Z"}
{"node": "answer", "original": "The chunks contain the specific example from NIST SP 800-207 regarding an HR employee accessing employee records, statin", "event": "answer.summary_scope_rebuilt", "correlation_id": "01KTXBC0S24EVAPT2H8FJW58QY", "query_preview": "In SP 800-207's contextual trust-algorithm example, how many employee records do", "level": "info", "timestamp": "2026-06-12T07:23:20.439790Z"}
{"node": "answer", "exact": 0, "suffix": 0, "fuzzy": 1, "unresolved": 0, "event": "chunk_id_repair", "correlation_id": "01KTXBC0S24EVAPT2H8FJW58QY", "query_preview": "In SP 800-207's contextual trust-algorithm example, how many employee records do", "level": "info", "timestamp": "2026-06-12T07:23:20.439886Z"}
{"node": "verify", "claim_count": 1, "event": "start", "correlation_id": "01KTXBC0S24EVAPT2H8FJW58QY", "query_preview": "In SP 800-207's contextual trust-algorithm example, how many employee records do", "level": "info", "timestamp": "2026-06-12T07:23:20.440666Z"}
{"prompt_tag": "verify_grounding@v2", "schema": "VerificationResult", "model": "cyankiwi/Qwen3.5-4B-AWQ-4bit", "max_tokens": 1024, "temperature": 0.1, "top_p": 0.8, "presence_penalty": 1.0, "seed": 42, "message_count": 1, "event": "model_call.start", "correlation_id": "01KTXBC0S24EVAPT2H8FJW58QY", "query_preview": "In SP 800-207's contextual trust-algorithm example, how many employee records do", "level": "info", "timestamp": "2026-06-12T07:23:20.443682Z"}
Authentication error: Langfuse client initialized without public_key. Client will be disabled. Provide a public_key parameter or set LANGFUSE_PUBLIC_KEY environment variable. 
{"prompt_tag": "verify_grounding@v2", "schema": "VerificationResult", "tokens": 2294, "event": "model_call.done", "correlation_id": "01KTXBC0S24EVAPT2H8FJW58QY", "query_preview": "In SP 800-207's contextual trust-algorithm example, how many employee records do", "level": "info", "timestamp": "2026-06-12T07:23:20.980646Z"}
{"prompt_tag": "verify_grounding@v2", "schema": "VerificationResult", "model": "cyankiwi/Qwen3.5-4B-AWQ-4bit", "max_tokens": 1024, "temperature": 0.1, "top_p": 0.8, "presence_penalty": 1.0, "seed": 42, "message_count": 1, "event": "model_call.start", "correlation_id": "01KTXBC0S24EVAPT2H8FJW58QY", "query_preview": "In SP 800-207's contextual trust-algorithm example, how many employee records do", "level": "info", "timestamp": "2026-06-12T07:23:20.982610Z"}
Authentication error: Langfuse client initialized without public_key. Client will be disabled. Provide a public_key parameter or set LANGFUSE_PUBLIC_KEY environment variable. 
{"prompt_tag": "verify_grounding@v2", "schema": "VerificationResult", "tokens": 788, "event": "model_call.done", "correlation_id": "01KTXBC0S24EVAPT2H8FJW58QY", "query_preview": "In SP 800-207's contextual trust-algorithm example, how many employee records do", "level": "info", "timestamp": "2026-06-12T07:23:21.287206Z"}
{"node": "verify", "claim_index": 0, "old_chunk": "0290d6ec-nist-sp-800-207#83f5557874", "new_chunk": "0290d6ec-nist-sp-800-207#83f5557874", "event": "verify.citation_retargeted", "correlation_id": "01KTXBC0S24EVAPT2H8FJW58QY", "query_preview": "In SP 800-207's contextual trust-algorithm example, how many employee records do", "level": "info", "timestamp": "2026-06-12T07:23:21.287257Z"}
{"node": "assess_relevance", "event": "start", "correlation_id": "01KTXBC0S24EVAPT2H8FJW58QY", "query_preview": "In SP 800-207's contextual trust-algorithm example, how many employee records do", "level": "info", "timestamp": "2026-06-12T07:23:21.288368Z"}
{"node": "assess_relevance", "event": "relevance.scope_rebuilt_refuse", "correlation_id": "01KTXBC0S24EVAPT2H8FJW58QY", "query_preview": "In SP 800-207's contextual trust-algorithm example, how many employee records do", "level": "info", "timestamp": "2026-06-12T07:23:21.288402Z"}
{"node": "refuse", "event": "start", "correlation_id": "01KTXBC0S24EVAPT2H8FJW58QY", "query_preview": "In SP 800-207's contextual trust-algorithm example, how many employee records do", "level": "info", "timestamp": "2026-06-12T07:23:21.289159Z"}
Authentication error: Langfuse client initialized without public_key. Client will be disabled. Provide a public_key parameter or set LANGFUSE_PUBLIC_KEY environment variable. 
{"node": "retrieve", "query_len": 63, "event": "start", "correlation_id": "01KTXBDHT9ZS1DJXTSSPXXZ040", "query_preview": "What does SP 800-207 say about trust based on network location?", "level": "info", "timestamp": "2026-06-12T07:23:21.290559Z"}
{"query_len": 63, "k": 50, "event": "hybrid.start", "correlation_id": "01KTXBDHT9ZS1DJXTSSPXXZ040", "query_preview": "What does SP 800-207 say about trust based on network location?", "level": "info", "timestamp": "2026-06-12T07:23:21.290594Z"}
{"query_len": 63, "k": 50, "dense": 50, "bm25": 0, "fused": 50, "term": false, "event": "hybrid.done", "correlation_id": "01KTXBDHT9ZS1DJXTSSPXXZ040", "query_preview": "What does SP 800-207 say about trust based on network location?", "level": "info", "timestamp": "2026-06-12T07:23:21.367951Z"}
{"node": "retrieve", "candidate_count": 50, "event": "done", "correlation_id": "01KTXBDHT9ZS1DJXTSSPXXZ040", "query_preview": "What does SP 800-207 say about trust based on network location?", "level": "info", "timestamp": "2026-06-12T07:23:21.368859Z"}
{"node": "expand_graph", "reason": "disabled_or_empty", "event": "skip", "correlation_id": "01KTXBDHT9ZS1DJXTSSPXXZ040", "query_preview": "What does SP 800-207 say about trust based on network location?", "level": "info", "timestamp": "2026-06-12T07:23:21.370191Z"}
{"node": "rerank", "candidate_count": 50, "event": "start", "correlation_id": "01KTXBDHT9ZS1DJXTSSPXXZ040", "query_preview": "What does SP 800-207 say about trust based on network location?", "level": "info", "timestamp": "2026-06-12T07:23:21.370686Z"}
{"node": "rerank", "top_k": 5, "source": "mode", "event": "top_k_resolved", "correlation_id": "01KTXBDHT9ZS1DJXTSSPXXZ040", "query_preview": "What does SP 800-207 say about trust based on network location?", "level": "info", "timestamp": "2026-06-12T07:23:21.370734Z"}
{"candidates": 50, "top_k": 5, "backend": "cross_encoder", "event": "rerank.start", "correlation_id": "01KTXBDHT9ZS1DJXTSSPXXZ040", "query_preview": "What does SP 800-207 say about trust based on network location?", "level": "info", "timestamp": "2026-06-12T07:23:21.370761Z"}
{"candidates": 50, "top_k": 5, "backend": "cross_encoder", "returned": 5, "event": "rerank.done", "correlation_id": "01KTXBDHT9ZS1DJXTSSPXXZ040", "query_preview": "What does SP 800-207 say about trust based on network location?", "level": "info", "timestamp": "2026-06-12T07:24:16.434960Z"}
{"node": "rerank", "reranked_count": 5, "event": "done", "correlation_id": "01KTXBDHT9ZS1DJXTSSPXXZ040", "query_preview": "What does SP 800-207 say about trust based on network location?", "level": "info", "timestamp": "2026-06-12T07:24:16.435032Z"}
{"node": "query_tables", "reason": "empty_or_not_table_shaped", "event": "skip", "correlation_id": "01KTXBDHT9ZS1DJXTSSPXXZ040", "query_preview": "What does SP 800-207 say about trust based on network location?", "level": "info", "timestamp": "2026-06-12T07:24:16.436565Z"}
{"node": "assess", "reranked_count": 5, "event": "start", "correlation_id": "01KTXBDHT9ZS1DJXTSSPXXZ040", "query_preview": "What does SP 800-207 say about trust based on network location?", "level": "info", "timestamp": "2026-06-12T07:24:16.437206Z"}
{"prompt_tag": "assess_sufficiency@v4", "schema": "SufficiencyAssessment", "model": "cyankiwi/Qwen3.5-4B-AWQ-4bit", "max_tokens": 1024, "temperature": 0.1, "top_p": 0.8, "presence_penalty": 1.0, "seed": 42, "message_count": 1, "event": "model_call.start", "correlation_id": "01KTXBDHT9ZS1DJXTSSPXXZ040", "query_preview": "What does SP 800-207 say about trust based on network location?", "level": "info", "timestamp": "2026-06-12T07:24:16.460452Z"}
Authentication error: Langfuse client initialized without public_key. Client will be disabled. Provide a public_key parameter or set LANGFUSE_PUBLIC_KEY environment variable. 
{"prompt_tag": "assess_sufficiency@v4", "schema": "SufficiencyAssessment", "tokens": 2054, "event": "model_call.done", "correlation_id": "01KTXBDHT9ZS1DJXTSSPXXZ040", "query_preview": "What does SP 800-207 say about trust based on network location?", "level": "info", "timestamp": "2026-06-12T07:24:17.202216Z"}
{"node": "answer", "regenerate_attempt": 0, "event": "start", "correlation_id": "01KTXBDHT9ZS1DJXTSSPXXZ040", "query_preview": "What does SP 800-207 say about trust based on network location?", "level": "info", "timestamp": "2026-06-12T07:24:17.203544Z"}
{"prompt_tag": "answer@v5", "schema": "DraftAnswer", "model": "cyankiwi/Qwen3.5-4B-AWQ-4bit", "max_tokens": 1800, "temperature": 0.1, "top_p": 0.8, "presence_penalty": 1.0, "seed": 42, "message_count": 2, "event": "model_call.start", "correlation_id": "01KTXBDHT9ZS1DJXTSSPXXZ040", "query_preview": "What does SP 800-207 say about trust based on network location?", "level": "info", "timestamp": "2026-06-12T07:24:17.206309Z"}
Authentication error: Langfuse client initialized without public_key. Client will be disabled. Provide a public_key parameter or set LANGFUSE_PUBLIC_KEY environment variable. 
{"prompt_tag": "answer@v5", "schema": "DraftAnswer", "tokens": 3803, "event": "model_call.done", "correlation_id": "01KTXBDHT9ZS1DJXTSSPXXZ040", "query_preview": "What does SP 800-207 say about trust based on network location?", "level": "info", "timestamp": "2026-06-12T07:24:19.612528Z"}
{"node": "answer", "original": "SP 800-207 states that zero trust architecture (ZTA) explicitly rejects trust based on network location, requiring all c", "event": "answer.summary_scope_rebuilt", "correlation_id": "01KTXBDHT9ZS1DJXTSSPXXZ040", "query_preview": "What does SP 800-207 say about trust based on network location?", "level": "info", "timestamp": "2026-06-12T07:24:19.612630Z"}
{"node": "verify", "claim_count": 2, "event": "start", "correlation_id": "01KTXBDHT9ZS1DJXTSSPXXZ040", "query_preview": "What does SP 800-207 say about trust based on network location?", "level": "info", "timestamp": "2026-06-12T07:24:19.613486Z"}
{"prompt_tag": "verify_grounding@v2", "schema": "VerificationResult", "model": "cyankiwi/Qwen3.5-4B-AWQ-4bit", "max_tokens": 1024, "temperature": 0.1, "top_p": 0.8, "presence_penalty": 1.0, "seed": 42, "message_count": 1, "event": "model_call.start", "correlation_id": "01KTXBDHT9ZS1DJXTSSPXXZ040", "query_preview": "What does SP 800-207 say about trust based on network location?", "level": "info", "timestamp": "2026-06-12T07:24:19.617302Z"}
Authentication error: Langfuse client initialized without public_key. Client will be disabled. Provide a public_key parameter or set LANGFUSE_PUBLIC_KEY environment variable. 
{"prompt_tag": "verify_grounding@v2", "schema": "VerificationResult", "tokens": 2049, "event": "model_call.done", "correlation_id": "01KTXBDHT9ZS1DJXTSSPXXZ040", "query_preview": "What does SP 800-207 say about trust based on network location?", "level": "info", "timestamp": "2026-06-12T07:24:20.134808Z"}
{"node": "assess_relevance", "event": "start", "correlation_id": "01KTXBDHT9ZS1DJXTSSPXXZ040", "query_preview": "What does SP 800-207 say about trust based on network location?", "level": "info", "timestamp": "2026-06-12T07:24:20.136025Z"}
{"node": "assess_relevance", "event": "relevance.scope_rebuilt_refuse", "correlation_id": "01KTXBDHT9ZS1DJXTSSPXXZ040", "query_preview": "What does SP 800-207 say about trust based on network location?", "level": "info", "timestamp": "2026-06-12T07:24:20.136064Z"}
{"node": "refuse", "event": "start", "correlation_id": "01KTXBDHT9ZS1DJXTSSPXXZ040", "query_preview": "What does SP 800-207 say about trust based on network location?", "level": "info", "timestamp": "2026-06-12T07:24:20.136828Z"}
Authentication error: Langfuse client initialized without public_key. Client will be disabled. Provide a public_key parameter or set LANGFUSE_PUBLIC_KEY environment variable. 
{"node": "retrieve", "query_len": 87, "event": "start", "correlation_id": "01KTXBFB99718X08SHN7BHEJEB", "query_preview": "What separation between communication flows does SP 800-207 recommend for ZTA ne", "level": "info", "timestamp": "2026-06-12T07:24:20.138252Z"}
{"query_len": 87, "k": 50, "event": "hybrid.start", "correlation_id": "01KTXBFB99718X08SHN7BHEJEB", "query_preview": "What separation between communication flows does SP 800-207 recommend for ZTA ne", "level": "info", "timestamp": "2026-06-12T07:24:20.138289Z"}
{"query_len": 87, "k": 50, "dense": 50, "bm25": 0, "fused": 50, "term": false, "event": "hybrid.done", "correlation_id": "01KTXBFB99718X08SHN7BHEJEB", "query_preview": "What separation between communication flows does SP 800-207 recommend for ZTA ne", "level": "info", "timestamp": "2026-06-12T07:24:20.205413Z"}
{"node": "retrieve", "candidate_count": 50, "event": "done", "correlation_id": "01KTXBFB99718X08SHN7BHEJEB", "query_preview": "What separation between communication flows does SP 800-207 recommend for ZTA ne", "level": "info", "timestamp": "2026-06-12T07:24:20.206388Z"}
{"node": "expand_graph", "reason": "disabled_or_empty", "event": "skip", "correlation_id": "01KTXBFB99718X08SHN7BHEJEB", "query_preview": "What separation between communication flows does SP 800-207 recommend for ZTA ne", "level": "info", "timestamp": "2026-06-12T07:24:20.207671Z"}
{"node": "rerank", "candidate_count": 50, "event": "start", "correlation_id": "01KTXBFB99718X08SHN7BHEJEB", "query_preview": "What separation between communication flows does SP 800-207 recommend for ZTA ne", "level": "info", "timestamp": "2026-06-12T07:24:20.208154Z"}
{"node": "rerank", "top_k": 5, "source": "mode", "event": "top_k_resolved", "correlation_id": "01KTXBFB99718X08SHN7BHEJEB", "query_preview": "What separation between communication flows does SP 800-207 recommend for ZTA ne", "level": "info", "timestamp": "2026-06-12T07:24:20.208208Z"}
{"candidates": 50, "top_k": 5, "backend": "cross_encoder", "event": "rerank.start", "correlation_id": "01KTXBFB99718X08SHN7BHEJEB", "query_preview": "What separation between communication flows does SP 800-207 recommend for ZTA ne", "level": "info", "timestamp": "2026-06-12T07:24:20.208232Z"}
{"candidates": 50, "top_k": 5, "backend": "cross_encoder", "returned": 5, "event": "rerank.done", "correlation_id": "01KTXBFB99718X08SHN7BHEJEB", "query_preview": "What separation between communication flows does SP 800-207 recommend for ZTA ne", "level": "info", "timestamp": "2026-06-12T07:24:59.709084Z"}
{"node": "rerank", "reranked_count": 5, "event": "done", "correlation_id": "01KTXBFB99718X08SHN7BHEJEB", "query_preview": "What separation between communication flows does SP 800-207 recommend for ZTA ne", "level": "info", "timestamp": "2026-06-12T07:24:59.709181Z"}
{"node": "query_tables", "reason": "empty_or_not_table_shaped", "event": "skip", "correlation_id": "01KTXBFB99718X08SHN7BHEJEB", "query_preview": "What separation between communication flows does SP 800-207 recommend for ZTA ne", "level": "info", "timestamp": "2026-06-12T07:24:59.711477Z"}
{"node": "assess", "reranked_count": 5, "event": "start", "correlation_id": "01KTXBFB99718X08SHN7BHEJEB", "query_preview": "What separation between communication flows does SP 800-207 recommend for ZTA ne", "level": "info", "timestamp": "2026-06-12T07:24:59.712880Z"}
{"prompt_tag": "assess_sufficiency@v4", "schema": "SufficiencyAssessment", "model": "cyankiwi/Qwen3.5-4B-AWQ-4bit", "max_tokens": 1024, "temperature": 0.1, "top_p": 0.8, "presence_penalty": 1.0, "seed": 42, "message_count": 1, "event": "model_call.start", "correlation_id": "01KTXBFB99718X08SHN7BHEJEB", "query_preview": "What separation between communication flows does SP 800-207 recommend for ZTA ne", "level": "info", "timestamp": "2026-06-12T07:24:59.715290Z"}
Authentication error: Langfuse client initialized without public_key. Client will be disabled. Provide a public_key parameter or set LANGFUSE_PUBLIC_KEY environment variable. 
{"prompt_tag": "assess_sufficiency@v4", "schema": "SufficiencyAssessment", "tokens": 2131, "event": "model_call.done", "correlation_id": "01KTXBFB99718X08SHN7BHEJEB", "query_preview": "What separation between communication flows does SP 800-207 recommend for ZTA ne", "level": "info", "timestamp": "2026-06-12T07:25:00.766597Z"}
{"node": "answer", "regenerate_attempt": 0, "event": "start", "correlation_id": "01KTXBFB99718X08SHN7BHEJEB", "query_preview": "What separation between communication flows does SP 800-207 recommend for ZTA ne", "level": "info", "timestamp": "2026-06-12T07:25:00.767737Z"}
{"prompt_tag": "answer@v5", "schema": "DraftAnswer", "model": "cyankiwi/Qwen3.5-4B-AWQ-4bit", "max_tokens": 1800, "temperature": 0.1, "top_p": 0.8, "presence_penalty": 1.0, "seed": 42, "message_count": 2, "event": "model_call.start", "correlation_id": "01KTXBFB99718X08SHN7BHEJEB", "query_preview": "What separation between communication flows does SP 800-207 recommend for ZTA ne", "level": "info", "timestamp": "2026-06-12T07:25:00.769792Z"}
Authentication error: Langfuse client initialized without public_key. Client will be disabled. Provide a public_key parameter or set LANGFUSE_PUBLIC_KEY environment variable. 
{"prompt_tag": "answer@v5", "schema": "DraftAnswer", "tokens": 3765, "event": "model_call.done", "correlation_id": "01KTXBFB99718X08SHN7BHEJEB", "query_preview": "What separation between communication flows does SP 800-207 recommend for ZTA ne", "level": "info", "timestamp": "2026-06-12T07:25:02.453289Z"}
{"node": "verify", "claim_count": 1, "event": "start", "correlation_id": "01KTXBFB99718X08SHN7BHEJEB", "query_preview": "What separation between communication flows does SP 800-207 recommend for ZTA ne", "level": "info", "timestamp": "2026-06-12T07:25:02.454433Z"}
{"prompt_tag": "verify_grounding@v2", "schema": "VerificationResult", "model": "cyankiwi/Qwen3.5-4B-AWQ-4bit", "max_tokens": 1024, "temperature": 0.1, "top_p": 0.8, "presence_penalty": 1.0, "seed": 42, "message_count": 1, "event": "model_call.start", "correlation_id": "01KTXBFB99718X08SHN7BHEJEB", "query_preview": "What separation between communication flows does SP 800-207 recommend for ZTA ne", "level": "info", "timestamp": "2026-06-12T07:25:02.457831Z"}
Authentication error: Langfuse client initialized without public_key. Client will be disabled. Provide a public_key parameter or set LANGFUSE_PUBLIC_KEY environment variable. 
{"prompt_tag": "verify_grounding@v2", "schema": "VerificationResult", "tokens": 2025, "event": "model_call.done", "correlation_id": "01KTXBFB99718X08SHN7BHEJEB", "query_preview": "What separation between communication flows does SP 800-207 recommend for ZTA ne", "level": "info", "timestamp": "2026-06-12T07:25:02.946614Z"}
{"node": "assess_relevance", "event": "start", "correlation_id": "01KTXBFB99718X08SHN7BHEJEB", "query_preview": "What separation between communication flows does SP 800-207 recommend for ZTA ne", "level": "info", "timestamp": "2026-06-12T07:25:02.948037Z"}
{"prompt_tag": "assess_relevance@v3", "schema": "RelevanceAssessment", "model": "cyankiwi/Qwen3.5-4B-AWQ-4bit", "max_tokens": 1024, "temperature": 0.1, "top_p": 0.8, "presence_penalty": 1.0, "seed": 42, "message_count": 1, "event": "model_call.start", "correlation_id": "01KTXBFB99718X08SHN7BHEJEB", "query_preview": "What separation between communication flows does SP 800-207 recommend for ZTA ne", "level": "info", "timestamp": "2026-06-12T07:25:02.949107Z"}
Authentication error: Langfuse client initialized without public_key. Client will be disabled. Provide a public_key parameter or set LANGFUSE_PUBLIC_KEY environment variable. 
{"prompt_tag": "assess_relevance@v3", "schema": "RelevanceAssessment", "tokens": 888, "event": "model_call.done", "correlation_id": "01KTXBFB99718X08SHN7BHEJEB", "query_preview": "What separation between communication flows does SP 800-207 recommend for ZTA ne", "level": "info", "timestamp": "2026-06-12T07:25:03.475459Z"}
{"node": "assess_relevance", "responsive": true, "event": "relevance", "correlation_id": "01KTXBFB99718X08SHN7BHEJEB", "query_preview": "What separation between communication flows does SP 800-207 recommend for ZTA ne", "level": "info", "timestamp": "2026-06-12T07:25:03.475509Z"}
{"node": "compose", "event": "start", "correlation_id": "01KTXBFB99718X08SHN7BHEJEB", "query_preview": "What separation between communication flows does SP 800-207 recommend for ZTA ne", "level": "info", "timestamp": "2026-06-12T07:25:03.476620Z"}
Authentication error: Langfuse client initialized without public_key. Client will be disabled. Provide a public_key parameter or set LANGFUSE_PUBLIC_KEY environment variable. 
{"node": "retrieve", "query_len": 95, "event": "start", "correlation_id": "01KTXBGNKNPS0NCCW3F7MTYPTV", "query_preview": "What specific encryption algorithm does SP 800-207 mandate for securing all ZTA ", "level": "info", "timestamp": "2026-06-12T07:25:03.478069Z"}
{"query_len": 95, "k": 50, "event": "hybrid.start", "correlation_id": "01KTXBGNKNPS0NCCW3F7MTYPTV", "query_preview": "What specific encryption algorithm does SP 800-207 mandate for securing all ZTA ", "level": "info", "timestamp": "2026-06-12T07:25:03.478103Z"}
{"query_len": 95, "k": 50, "dense": 50, "bm25": 0, "fused": 50, "term": false, "event": "hybrid.done", "correlation_id": "01KTXBGNKNPS0NCCW3F7MTYPTV", "query_preview": "What specific encryption algorithm does SP 800-207 mandate for securing all ZTA ", "level": "info", "timestamp": "2026-06-12T07:25:03.549569Z"}
{"node": "retrieve", "candidate_count": 50, "event": "done", "correlation_id": "01KTXBGNKNPS0NCCW3F7MTYPTV", "query_preview": "What specific encryption algorithm does SP 800-207 mandate for securing all ZTA ", "level": "info", "timestamp": "2026-06-12T07:25:03.550542Z"}
{"node": "expand_graph", "reason": "disabled_or_empty", "event": "skip", "correlation_id": "01KTXBGNKNPS0NCCW3F7MTYPTV", "query_preview": "What specific encryption algorithm does SP 800-207 mandate for securing all ZTA ", "level": "info", "timestamp": "2026-06-12T07:25:03.551796Z"}
{"node": "rerank", "candidate_count": 50, "event": "start", "correlation_id": "01KTXBGNKNPS0NCCW3F7MTYPTV", "query_preview": "What specific encryption algorithm does SP 800-207 mandate for securing all ZTA ", "level": "info", "timestamp": "2026-06-12T07:25:03.552275Z"}
{"node": "rerank", "top_k": 5, "source": "mode", "event": "top_k_resolved", "correlation_id": "01KTXBGNKNPS0NCCW3F7MTYPTV", "query_preview": "What specific encryption algorithm does SP 800-207 mandate for securing all ZTA ", "level": "info", "timestamp": "2026-06-12T07:25:03.552323Z"}
{"candidates": 50, "top_k": 5, "backend": "cross_encoder", "event": "rerank.start", "correlation_id": "01KTXBGNKNPS0NCCW3F7MTYPTV", "query_preview": "What specific encryption algorithm does SP 800-207 mandate for securing all ZTA ", "level": "info", "timestamp": "2026-06-12T07:25:03.552350Z"}
{"candidates": 50, "top_k": 5, "backend": "cross_encoder", "returned": 5, "event": "rerank.done", "correlation_id": "01KTXBGNKNPS0NCCW3F7MTYPTV", "query_preview": "What specific encryption algorithm does SP 800-207 mandate for securing all ZTA ", "level": "info", "timestamp": "2026-06-12T07:25:41.008638Z"}
{"node": "rerank", "reranked_count": 5, "event": "done", "correlation_id": "01KTXBGNKNPS0NCCW3F7MTYPTV", "query_preview": "What specific encryption algorithm does SP 800-207 mandate for securing all ZTA ", "level": "info", "timestamp": "2026-06-12T07:25:41.008735Z"}
{"node": "query_tables", "reason": "empty_or_not_table_shaped", "event": "skip", "correlation_id": "01KTXBGNKNPS0NCCW3F7MTYPTV", "query_preview": "What specific encryption algorithm does SP 800-207 mandate for securing all ZTA ", "level": "info", "timestamp": "2026-06-12T07:25:41.010955Z"}
{"node": "assess", "reranked_count": 5, "event": "start", "correlation_id": "01KTXBGNKNPS0NCCW3F7MTYPTV", "query_preview": "What specific encryption algorithm does SP 800-207 mandate for securing all ZTA ", "level": "info", "timestamp": "2026-06-12T07:25:41.011819Z"}
{"prompt_tag": "assess_sufficiency@v4", "schema": "SufficiencyAssessment", "model": "cyankiwi/Qwen3.5-4B-AWQ-4bit", "max_tokens": 1024, "temperature": 0.1, "top_p": 0.8, "presence_penalty": 1.0, "seed": 42, "message_count": 1, "event": "model_call.start", "correlation_id": "01KTXBGNKNPS0NCCW3F7MTYPTV", "query_preview": "What specific encryption algorithm does SP 800-207 mandate for securing all ZTA ", "level": "info", "timestamp": "2026-06-12T07:25:41.013629Z"}
Authentication error: Langfuse client initialized without public_key. Client will be disabled. Provide a public_key parameter or set LANGFUSE_PUBLIC_KEY environment variable. 
{"prompt_tag": "assess_sufficiency@v4", "schema": "SufficiencyAssessment", "tokens": 2204, "event": "model_call.done", "correlation_id": "01KTXBGNKNPS0NCCW3F7MTYPTV", "query_preview": "What specific encryption algorithm does SP 800-207 mandate for securing all ZTA ", "level": "info", "timestamp": "2026-06-12T07:25:41.855846Z"}
{"node": "refuse", "event": "start", "correlation_id": "01KTXBGNKNPS0NCCW3F7MTYPTV", "query_preview": "What specific encryption algorithm does SP 800-207 mandate for securing all ZTA ", "level": "info", "timestamp": "2026-06-12T07:25:41.857108Z"}
Authentication error: Langfuse client initialized without public_key. Client will be disabled. Provide a public_key parameter or set LANGFUSE_PUBLIC_KEY environment variable. 
{"node": "retrieve", "query_len": 124, "event": "start", "correlation_id": "01KTXBHV31ZRZGZMBFA0RZVFTT", "query_preview": "According to SP 800-207, what is the maximum allowed latency in milliseconds for", "level": "info", "timestamp": "2026-06-12T07:25:41.858604Z"}
{"query_len": 124, "k": 50, "event": "hybrid.start", "correlation_id": "01KTXBHV31ZRZGZMBFA0RZVFTT", "query_preview": "According to SP 800-207, what is the maximum allowed latency in milliseconds for", "level": "info", "timestamp": "2026-06-12T07:25:41.858639Z"}
{"query_len": 124, "k": 50, "dense": 50, "bm25": 0, "fused": 50, "term": false, "event": "hybrid.done", "correlation_id": "01KTXBHV31ZRZGZMBFA0RZVFTT", "query_preview": "According to SP 800-207, what is the maximum allowed latency in milliseconds for", "level": "info", "timestamp": "2026-06-12T07:25:41.931874Z"}
{"node": "retrieve", "candidate_count": 50, "event": "done", "correlation_id": "01KTXBHV31ZRZGZMBFA0RZVFTT", "query_preview": "According to SP 800-207, what is the maximum allowed latency in milliseconds for", "level": "info", "timestamp": "2026-06-12T07:25:41.932909Z"}
{"node": "expand_graph", "reason": "disabled_or_empty", "event": "skip", "correlation_id": "01KTXBHV31ZRZGZMBFA0RZVFTT", "query_preview": "According to SP 800-207, what is the maximum allowed latency in milliseconds for", "level": "info", "timestamp": "2026-06-12T07:25:41.934499Z"}
{"node": "rerank", "candidate_count": 50, "event": "start", "correlation_id": "01KTXBHV31ZRZGZMBFA0RZVFTT", "query_preview": "According to SP 800-207, what is the maximum allowed latency in milliseconds for", "level": "info", "timestamp": "2026-06-12T07:25:41.935177Z"}
{"node": "rerank", "top_k": 5, "source": "mode", "event": "top_k_resolved", "correlation_id": "01KTXBHV31ZRZGZMBFA0RZVFTT", "query_preview": "According to SP 800-207, what is the maximum allowed latency in milliseconds for", "level": "info", "timestamp": "2026-06-12T07:25:41.935231Z"}
{"candidates": 50, "top_k": 5, "backend": "cross_encoder", "event": "rerank.start", "correlation_id": "01KTXBHV31ZRZGZMBFA0RZVFTT", "query_preview": "According to SP 800-207, what is the maximum allowed latency in milliseconds for", "level": "info", "timestamp": "2026-06-12T07:25:41.935266Z"}
{"candidates": 50, "top_k": 5, "backend": "cross_encoder", "returned": 5, "event": "rerank.done", "correlation_id": "01KTXBHV31ZRZGZMBFA0RZVFTT", "query_preview": "According to SP 800-207, what is the maximum allowed latency in milliseconds for", "level": "info", "timestamp": "2026-06-12T07:26:32.442231Z"}
{"node": "rerank", "reranked_count": 5, "event": "done", "correlation_id": "01KTXBHV31ZRZGZMBFA0RZVFTT", "query_preview": "According to SP 800-207, what is the maximum allowed latency in milliseconds for", "level": "info", "timestamp": "2026-06-12T07:26:32.442330Z"}
{"node": "query_tables", "reason": "no_relevant_tables", "event": "skip", "correlation_id": "01KTXBHV31ZRZGZMBFA0RZVFTT", "query_preview": "According to SP 800-207, what is the maximum allowed latency in milliseconds for", "level": "info", "timestamp": "2026-06-12T07:26:32.445677Z"}
{"node": "assess", "reranked_count": 5, "event": "start", "correlation_id": "01KTXBHV31ZRZGZMBFA0RZVFTT", "query_preview": "According to SP 800-207, what is the maximum allowed latency in milliseconds for", "level": "info", "timestamp": "2026-06-12T07:26:32.457069Z"}
{"prompt_tag": "assess_sufficiency@v4", "schema": "SufficiencyAssessment", "model": "cyankiwi/Qwen3.5-4B-AWQ-4bit", "max_tokens": 1024, "temperature": 0.1, "top_p": 0.8, "presence_penalty": 1.0, "seed": 42, "message_count": 1, "event": "model_call.start", "correlation_id": "01KTXBHV31ZRZGZMBFA0RZVFTT", "query_preview": "According to SP 800-207, what is the maximum allowed latency in milliseconds for", "level": "info", "timestamp": "2026-06-12T07:26:32.458858Z"}
Authentication error: Langfuse client initialized without public_key. Client will be disabled. Provide a public_key parameter or set LANGFUSE_PUBLIC_KEY environment variable. 
{"prompt_tag": "assess_sufficiency@v4", "schema": "SufficiencyAssessment", "tokens": 2563, "event": "model_call.done", "correlation_id": "01KTXBHV31ZRZGZMBFA0RZVFTT", "query_preview": "According to SP 800-207, what is the maximum allowed latency in milliseconds for", "level": "info", "timestamp": "2026-06-12T07:26:33.273994Z"}
{"node": "refuse", "event": "start", "correlation_id": "01KTXBHV31ZRZGZMBFA0RZVFTT", "query_preview": "According to SP 800-207, what is the maximum allowed latency in milliseconds for", "level": "info", "timestamp": "2026-06-12T07:26:33.275662Z"}
Authentication error: Langfuse client initialized without public_key. Client will be disabled. Provide a public_key parameter or set LANGFUSE_PUBLIC_KEY environment variable. 
{"node": "retrieve", "query_len": 100, "event": "start", "correlation_id": "01KTXBKD9W8H4A24R9GXVXXQ4K", "query_preview": "How much does SP 800-207 estimate it costs a federal agency to migrate to a zero", "level": "info", "timestamp": "2026-06-12T07:26:33.277584Z"}
{"query_len": 100, "k": 50, "event": "hybrid.start", "correlation_id": "01KTXBKD9W8H4A24R9GXVXXQ4K", "query_preview": "How much does SP 800-207 estimate it costs a federal agency to migrate to a zero", "level": "info", "timestamp": "2026-06-12T07:26:33.277626Z"}
{"query_len": 100, "k": 50, "dense": 50, "bm25": 0, "fused": 50, "term": false, "event": "hybrid.done", "correlation_id": "01KTXBKD9W8H4A24R9GXVXXQ4K", "query_preview": "How much does SP 800-207 estimate it costs a federal agency to migrate to a zero", "level": "info", "timestamp": "2026-06-12T07:26:33.357686Z"}
{"node": "retrieve", "candidate_count": 50, "event": "done", "correlation_id": "01KTXBKD9W8H4A24R9GXVXXQ4K", "query_preview": "How much does SP 800-207 estimate it costs a federal agency to migrate to a zero", "level": "info", "timestamp": "2026-06-12T07:26:33.358712Z"}
{"node": "expand_graph", "reason": "disabled_or_empty", "event": "skip", "correlation_id": "01KTXBKD9W8H4A24R9GXVXXQ4K", "query_preview": "How much does SP 800-207 estimate it costs a federal agency to migrate to a zero", "level": "info", "timestamp": "2026-06-12T07:26:33.360444Z"}
{"node": "rerank", "candidate_count": 50, "event": "start", "correlation_id": "01KTXBKD9W8H4A24R9GXVXXQ4K", "query_preview": "How much does SP 800-207 estimate it costs a federal agency to migrate to a zero", "level": "info", "timestamp": "2026-06-12T07:26:33.361119Z"}
{"node": "rerank", "top_k": 5, "source": "mode", "event": "top_k_resolved", "correlation_id": "01KTXBKD9W8H4A24R9GXVXXQ4K", "query_preview": "How much does SP 800-207 estimate it costs a federal agency to migrate to a zero", "level": "info", "timestamp": "2026-06-12T07:26:33.361174Z"}
{"candidates": 50, "top_k": 5, "backend": "cross_encoder", "event": "rerank.start", "correlation_id": "01KTXBKD9W8H4A24R9GXVXXQ4K", "query_preview": "How much does SP 800-207 estimate it costs a federal agency to migrate to a zero", "level": "info", "timestamp": "2026-06-12T07:26:33.361199Z"}
{"candidates": 50, "top_k": 5, "backend": "cross_encoder", "returned": 5, "event": "rerank.done", "correlation_id": "01KTXBKD9W8H4A24R9GXVXXQ4K", "query_preview": "How much does SP 800-207 estimate it costs a federal agency to migrate to a zero", "level": "info", "timestamp": "2026-06-12T07:27:23.602146Z"}
{"node": "rerank", "reranked_count": 5, "event": "done", "correlation_id": "01KTXBKD9W8H4A24R9GXVXXQ4K", "query_preview": "How much does SP 800-207 estimate it costs a federal agency to migrate to a zero", "level": "info", "timestamp": "2026-06-12T07:27:23.602221Z"}
{"node": "query_tables", "reason": "empty_or_not_table_shaped", "event": "skip", "correlation_id": "01KTXBKD9W8H4A24R9GXVXXQ4K", "query_preview": "How much does SP 800-207 estimate it costs a federal agency to migrate to a zero", "level": "info", "timestamp": "2026-06-12T07:27:23.603813Z"}
{"node": "assess", "reranked_count": 5, "event": "start", "correlation_id": "01KTXBKD9W8H4A24R9GXVXXQ4K", "query_preview": "How much does SP 800-207 estimate it costs a federal agency to migrate to a zero", "level": "info", "timestamp": "2026-06-12T07:27:23.604524Z"}
{"prompt_tag": "assess_sufficiency@v4", "schema": "SufficiencyAssessment", "model": "cyankiwi/Qwen3.5-4B-AWQ-4bit", "max_tokens": 1024, "temperature": 0.1, "top_p": 0.8, "presence_penalty": 1.0, "seed": 42, "message_count": 1, "event": "model_call.start", "correlation_id": "01KTXBKD9W8H4A24R9GXVXXQ4K", "query_preview": "How much does SP 800-207 estimate it costs a federal agency to migrate to a zero", "level": "info", "timestamp": "2026-06-12T07:27:23.605966Z"}
Authentication error: Langfuse client initialized without public_key. Client will be disabled. Provide a public_key parameter or set LANGFUSE_PUBLIC_KEY environment variable. 
{"prompt_tag": "assess_sufficiency@v4", "schema": "SufficiencyAssessment", "tokens": 2068, "event": "model_call.done", "correlation_id": "01KTXBKD9W8H4A24R9GXVXXQ4K", "query_preview": "How much does SP 800-207 estimate it costs a federal agency to migrate to a zero", "level": "info", "timestamp": "2026-06-12T07:27:24.372729Z"}
{"node": "refuse", "event": "start", "correlation_id": "01KTXBKD9W8H4A24R9GXVXXQ4K", "query_preview": "How much does SP 800-207 estimate it costs a federal agency to migrate to a zero", "level": "info", "timestamp": "2026-06-12T07:27:24.373943Z"}
Authentication error: Langfuse client initialized without public_key. Client will be disabled. Provide a public_key parameter or set LANGFUSE_PUBLIC_KEY environment variable. 
{"node": "retrieve", "query_len": 77, "event": "start", "correlation_id": "01KTXBMZ6PF59G1YDEEDPYXGT8", "query_preview": "What minimum password length does NIST Special Publication 800-63B recommend?", "level": "info", "timestamp": "2026-06-12T07:27:24.375513Z"}
{"query_len": 77, "k": 50, "event": "hybrid.start", "correlation_id": "01KTXBMZ6PF59G1YDEEDPYXGT8", "query_preview": "What minimum password length does NIST Special Publication 800-63B recommend?", "level": "info", "timestamp": "2026-06-12T07:27:24.375549Z"}
{"query_len": 77, "k": 50, "dense": 50, "bm25": 0, "fused": 50, "term": false, "event": "hybrid.done", "correlation_id": "01KTXBMZ6PF59G1YDEEDPYXGT8", "query_preview": "What minimum password length does NIST Special Publication 800-63B recommend?", "level": "info", "timestamp": "2026-06-12T07:27:24.605985Z"}
{"node": "retrieve", "candidate_count": 50, "event": "done", "correlation_id": "01KTXBMZ6PF59G1YDEEDPYXGT8", "query_preview": "What minimum password length does NIST Special Publication 800-63B recommend?", "level": "info", "timestamp": "2026-06-12T07:27:24.607340Z"}
{"node": "expand_graph", "reason": "disabled_or_empty", "event": "skip", "correlation_id": "01KTXBMZ6PF59G1YDEEDPYXGT8", "query_preview": "What minimum password length does NIST Special Publication 800-63B recommend?", "level": "info", "timestamp": "2026-06-12T07:27:24.608885Z"}
{"node": "rerank", "candidate_count": 50, "event": "start", "correlation_id": "01KTXBMZ6PF59G1YDEEDPYXGT8", "query_preview": "What minimum password length does NIST Special Publication 800-63B recommend?", "level": "info", "timestamp": "2026-06-12T07:27:24.609373Z"}
{"node": "rerank", "top_k": 5, "source": "mode", "event": "top_k_resolved", "correlation_id": "01KTXBMZ6PF59G1YDEEDPYXGT8", "query_preview": "What minimum password length does NIST Special Publication 800-63B recommend?", "level": "info", "timestamp": "2026-06-12T07:27:24.609422Z"}
{"candidates": 50, "top_k": 5, "backend": "cross_encoder", "event": "rerank.start", "correlation_id": "01KTXBMZ6PF59G1YDEEDPYXGT8", "query_preview": "What minimum password length does NIST Special Publication 800-63B recommend?", "level": "info", "timestamp": "2026-06-12T07:27:24.609448Z"}
{"candidates": 50, "top_k": 5, "backend": "cross_encoder", "returned": 5, "event": "rerank.done", "correlation_id": "01KTXBMZ6PF59G1YDEEDPYXGT8", "query_preview": "What minimum password length does NIST Special Publication 800-63B recommend?", "level": "info", "timestamp": "2026-06-12T07:28:04.433073Z"}
{"node": "rerank", "reranked_count": 5, "event": "done", "correlation_id": "01KTXBMZ6PF59G1YDEEDPYXGT8", "query_preview": "What minimum password length does NIST Special Publication 800-63B recommend?", "level": "info", "timestamp": "2026-06-12T07:28:04.433176Z"}
{"prompt_tag": "generate_table_sql@v1", "schema": "GeneratedSQL", "model": "cyankiwi/Qwen3.5-4B-AWQ-4bit", "max_tokens": 1024, "temperature": 0.1, "top_p": 0.8, "presence_penalty": 1.0, "seed": 42, "message_count": 1, "event": "model_call.start", "correlation_id": "01KTXBMZ6PF59G1YDEEDPYXGT8", "query_preview": "What minimum password length does NIST Special Publication 800-63B recommend?", "level": "info", "timestamp": "2026-06-12T07:28:04.438655Z"}
Authentication error: Langfuse client initialized without public_key. Client will be disabled. Provide a public_key parameter or set LANGFUSE_PUBLIC_KEY environment variable. 
{"prompt_tag": "generate_table_sql@v1", "schema": "GeneratedSQL", "tokens": 1230, "event": "model_call.done", "correlation_id": "01KTXBMZ6PF59G1YDEEDPYXGT8", "query_preview": "What minimum password length does NIST Special Publication 800-63B recommend?", "level": "info", "timestamp": "2026-06-12T07:28:05.093507Z"}
{"node": "query_doc_tables", "sql": "SELECT * FROM f9fded11b0 WHERE api = 'NIST'", "target": "f9fded11b0", "event": "table_sql.generated", "correlation_id": "01KTXBMZ6PF59G1YDEEDPYXGT8", "query_preview": "What minimum password length does NIST Special Publication 800-63B recommend?", "level": "info", "timestamp": "2026-06-12T07:28:05.093575Z"}
{"node": "query_doc_tables", "kind": "rows", "target": "f9fded11b0", "event": "table_sql.result", "correlation_id": "01KTXBMZ6PF59G1YDEEDPYXGT8", "query_preview": "What minimum password length does NIST Special Publication 800-63B recommend?", "level": "info", "timestamp": "2026-06-12T07:28:05.094260Z"}
{"node": "query_tables", "kind": "rows", "chunk_id": "0290d6ec-nist-sp-800-207#sql0001", "event": "injected", "correlation_id": "01KTXBMZ6PF59G1YDEEDPYXGT8", "query_preview": "What minimum password length does NIST Special Publication 800-63B recommend?", "level": "info", "timestamp": "2026-06-12T07:28:05.094675Z"}
{"node": "assess", "reranked_count": 6, "event": "start", "correlation_id": "01KTXBMZ6PF59G1YDEEDPYXGT8", "query_preview": "What minimum password length does NIST Special Publication 800-63B recommend?", "level": "info", "timestamp": "2026-06-12T07:28:05.095599Z"}
{"prompt_tag": "assess_sufficiency@v4", "schema": "SufficiencyAssessment", "model": "cyankiwi/Qwen3.5-4B-AWQ-4bit", "max_tokens": 1024, "temperature": 0.1, "top_p": 0.8, "presence_penalty": 1.0, "seed": 42, "message_count": 1, "event": "model_call.start", "correlation_id": "01KTXBMZ6PF59G1YDEEDPYXGT8", "query_preview": "What minimum password length does NIST Special Publication 800-63B recommend?", "level": "info", "timestamp": "2026-06-12T07:28:05.097447Z"}
Authentication error: Langfuse client initialized without public_key. Client will be disabled. Provide a public_key parameter or set LANGFUSE_PUBLIC_KEY environment variable. 
{"prompt_tag": "assess_sufficiency@v4", "schema": "SufficiencyAssessment", "tokens": 2224, "event": "model_call.done", "correlation_id": "01KTXBMZ6PF59G1YDEEDPYXGT8", "query_preview": "What minimum password length does NIST Special Publication 800-63B recommend?", "level": "info", "timestamp": "2026-06-12T07:28:05.833437Z"}
{"node": "refuse", "event": "start", "correlation_id": "01KTXBMZ6PF59G1YDEEDPYXGT8", "query_preview": "What minimum password length does NIST Special Publication 800-63B recommend?", "level": "info", "timestamp": "2026-06-12T07:28:05.834570Z"}
Authentication error: Langfuse client initialized without public_key. Client will be disabled. Provide a public_key parameter or set LANGFUSE_PUBLIC_KEY environment variable. 
{"node": "retrieve", "query_len": 95, "event": "start", "correlation_id": "01KTXBP7PBHC9JTFYE84M1FC7M", "query_preview": "What post-quantum cryptography key length does SP 800-207 recommend for zero tru", "level": "info", "timestamp": "2026-06-12T07:28:05.835982Z"}
{"query_len": 95, "k": 50, "event": "hybrid.start", "correlation_id": "01KTXBP7PBHC9JTFYE84M1FC7M", "query_preview": "What post-quantum cryptography key length does SP 800-207 recommend for zero tru", "level": "info", "timestamp": "2026-06-12T07:28:05.836017Z"}
{"query_len": 95, "k": 50, "dense": 50, "bm25": 0, "fused": 50, "term": false, "event": "hybrid.done", "correlation_id": "01KTXBP7PBHC9JTFYE84M1FC7M", "query_preview": "What post-quantum cryptography key length does SP 800-207 recommend for zero tru", "level": "info", "timestamp": "2026-06-12T07:28:05.904018Z"}
{"node": "retrieve", "candidate_count": 50, "event": "done", "correlation_id": "01KTXBP7PBHC9JTFYE84M1FC7M", "query_preview": "What post-quantum cryptography key length does SP 800-207 recommend for zero tru", "level": "info", "timestamp": "2026-06-12T07:28:05.904889Z"}
{"node": "expand_graph", "reason": "disabled_or_empty", "event": "skip", "correlation_id": "01KTXBP7PBHC9JTFYE84M1FC7M", "query_preview": "What post-quantum cryptography key length does SP 800-207 recommend for zero tru", "level": "info", "timestamp": "2026-06-12T07:28:05.906175Z"}
{"node": "rerank", "candidate_count": 50, "event": "start", "correlation_id": "01KTXBP7PBHC9JTFYE84M1FC7M", "query_preview": "What post-quantum cryptography key length does SP 800-207 recommend for zero tru", "level": "info", "timestamp": "2026-06-12T07:28:05.906666Z"}
{"node": "rerank", "top_k": 5, "source": "mode", "event": "top_k_resolved", "correlation_id": "01KTXBP7PBHC9JTFYE84M1FC7M", "query_preview": "What post-quantum cryptography key length does SP 800-207 recommend for zero tru", "level": "info", "timestamp": "2026-06-12T07:28:05.906714Z"}
{"candidates": 50, "top_k": 5, "backend": "cross_encoder", "event": "rerank.start", "correlation_id": "01KTXBP7PBHC9JTFYE84M1FC7M", "query_preview": "What post-quantum cryptography key length does SP 800-207 recommend for zero tru", "level": "info", "timestamp": "2026-06-12T07:28:05.906739Z"}
{"candidates": 50, "top_k": 5, "backend": "cross_encoder", "returned": 5, "event": "rerank.done", "correlation_id": "01KTXBP7PBHC9JTFYE84M1FC7M", "query_preview": "What post-quantum cryptography key length does SP 800-207 recommend for zero tru", "level": "info", "timestamp": "2026-06-12T07:28:53.067581Z"}
{"node": "rerank", "reranked_count": 5, "event": "done", "correlation_id": "01KTXBP7PBHC9JTFYE84M1FC7M", "query_preview": "What post-quantum cryptography key length does SP 800-207 recommend for zero tru", "level": "info", "timestamp": "2026-06-12T07:28:53.067687Z"}
{"node": "query_tables", "reason": "empty_or_not_table_shaped", "event": "skip", "correlation_id": "01KTXBP7PBHC9JTFYE84M1FC7M", "query_preview": "What post-quantum cryptography key length does SP 800-207 recommend for zero tru", "level": "info", "timestamp": "2026-06-12T07:28:53.069654Z"}
{"node": "assess", "reranked_count": 5, "event": "start", "correlation_id": "01KTXBP7PBHC9JTFYE84M1FC7M", "query_preview": "What post-quantum cryptography key length does SP 800-207 recommend for zero tru", "level": "info", "timestamp": "2026-06-12T07:28:53.070476Z"}
{"prompt_tag": "assess_sufficiency@v4", "schema": "SufficiencyAssessment", "model": "cyankiwi/Qwen3.5-4B-AWQ-4bit", "max_tokens": 1024, "temperature": 0.1, "top_p": 0.8, "presence_penalty": 1.0, "seed": 42, "message_count": 1, "event": "model_call.start", "correlation_id": "01KTXBP7PBHC9JTFYE84M1FC7M", "query_preview": "What post-quantum cryptography key length does SP 800-207 recommend for zero tru", "level": "info", "timestamp": "2026-06-12T07:28:53.072592Z"}
Authentication error: Langfuse client initialized without public_key. Client will be disabled. Provide a public_key parameter or set LANGFUSE_PUBLIC_KEY environment variable. 
{"prompt_tag": "assess_sufficiency@v4", "schema": "SufficiencyAssessment", "tokens": 1863, "event": "model_call.done", "correlation_id": "01KTXBP7PBHC9JTFYE84M1FC7M", "query_preview": "What post-quantum cryptography key length does SP 800-207 recommend for zero tru", "level": "info", "timestamp": "2026-06-12T07:28:53.856095Z"}
{"node": "refuse", "event": "start", "correlation_id": "01KTXBP7PBHC9JTFYE84M1FC7M", "query_preview": "What post-quantum cryptography key length does SP 800-207 recommend for zero tru", "level": "info", "timestamp": "2026-06-12T07:28:53.857395Z"}
Authentication error: Langfuse client initialized without public_key. Client will be disabled. Provide a public_key parameter or set LANGFUSE_PUBLIC_KEY environment variable. 
{"node": "retrieve", "query_len": 111, "event": "start", "correlation_id": "01KTXBQPK1ZK72FAEDJPY1P6HJ", "query_preview": "Which commercial vendor's product does NIST SP 800-207 recommend for implementin", "level": "info", "timestamp": "2026-06-12T07:28:53.858862Z"}
{"query_len": 111, "k": 50, "event": "hybrid.start", "correlation_id": "01KTXBQPK1ZK72FAEDJPY1P6HJ", "query_preview": "Which commercial vendor's product does NIST SP 800-207 recommend for implementin", "level": "info", "timestamp": "2026-06-12T07:28:53.858900Z"}
{"query_len": 111, "k": 50, "dense": 50, "bm25": 0, "fused": 50, "term": false, "event": "hybrid.done", "correlation_id": "01KTXBQPK1ZK72FAEDJPY1P6HJ", "query_preview": "Which commercial vendor's product does NIST SP 800-207 recommend for implementin", "level": "info", "timestamp": "2026-06-12T07:28:53.938689Z"}
{"node": "retrieve", "candidate_count": 50, "event": "done", "correlation_id": "01KTXBQPK1ZK72FAEDJPY1P6HJ", "query_preview": "Which commercial vendor's product does NIST SP 800-207 recommend for implementin", "level": "info", "timestamp": "2026-06-12T07:28:53.939633Z"}
{"node": "expand_graph", "reason": "disabled_or_empty", "event": "skip", "correlation_id": "01KTXBQPK1ZK72FAEDJPY1P6HJ", "query_preview": "Which commercial vendor's product does NIST SP 800-207 recommend for implementin", "level": "info", "timestamp": "2026-06-12T07:28:53.941347Z"}
{"node": "rerank", "candidate_count": 50, "event": "start", "correlation_id": "01KTXBQPK1ZK72FAEDJPY1P6HJ", "query_preview": "Which commercial vendor's product does NIST SP 800-207 recommend for implementin", "level": "info", "timestamp": "2026-06-12T07:28:53.942126Z"}
{"node": "rerank", "top_k": 5, "source": "mode", "event": "top_k_resolved", "correlation_id": "01KTXBQPK1ZK72FAEDJPY1P6HJ", "query_preview": "Which commercial vendor's product does NIST SP 800-207 recommend for implementin", "level": "info", "timestamp": "2026-06-12T07:28:53.942189Z"}
{"candidates": 50, "top_k": 5, "backend": "cross_encoder", "event": "rerank.start", "correlation_id": "01KTXBQPK1ZK72FAEDJPY1P6HJ", "query_preview": "Which commercial vendor's product does NIST SP 800-207 recommend for implementin", "level": "info", "timestamp": "2026-06-12T07:28:53.942225Z"}
{"candidates": 50, "top_k": 5, "backend": "cross_encoder", "returned": 5, "event": "rerank.done", "correlation_id": "01KTXBQPK1ZK72FAEDJPY1P6HJ", "query_preview": "Which commercial vendor's product does NIST SP 800-207 recommend for implementin", "level": "info", "timestamp": "2026-06-12T07:29:45.646833Z"}
{"node": "rerank", "reranked_count": 5, "event": "done", "correlation_id": "01KTXBQPK1ZK72FAEDJPY1P6HJ", "query_preview": "Which commercial vendor's product does NIST SP 800-207 recommend for implementin", "level": "info", "timestamp": "2026-06-12T07:29:45.646940Z"}
{"node": "query_tables", "reason": "empty_or_not_table_shaped", "event": "skip", "correlation_id": "01KTXBQPK1ZK72FAEDJPY1P6HJ", "query_preview": "Which commercial vendor's product does NIST SP 800-207 recommend for implementin", "level": "info", "timestamp": "2026-06-12T07:29:45.648900Z"}
{"node": "assess", "reranked_count": 5, "event": "start", "correlation_id": "01KTXBQPK1ZK72FAEDJPY1P6HJ", "query_preview": "Which commercial vendor's product does NIST SP 800-207 recommend for implementin", "level": "info", "timestamp": "2026-06-12T07:29:45.649685Z"}
{"prompt_tag": "assess_sufficiency@v4", "schema": "SufficiencyAssessment", "model": "cyankiwi/Qwen3.5-4B-AWQ-4bit", "max_tokens": 1024, "temperature": 0.1, "top_p": 0.8, "presence_penalty": 1.0, "seed": 42, "message_count": 1, "event": "model_call.start", "correlation_id": "01KTXBQPK1ZK72FAEDJPY1P6HJ", "query_preview": "Which commercial vendor's product does NIST SP 800-207 recommend for implementin", "level": "info", "timestamp": "2026-06-12T07:29:45.651828Z"}
Authentication error: Langfuse client initialized without public_key. Client will be disabled. Provide a public_key parameter or set LANGFUSE_PUBLIC_KEY environment variable. 
{"prompt_tag": "assess_sufficiency@v4", "schema": "SufficiencyAssessment", "tokens": 1859, "event": "model_call.done", "correlation_id": "01KTXBQPK1ZK72FAEDJPY1P6HJ", "query_preview": "Which commercial vendor's product does NIST SP 800-207 recommend for implementin", "level": "info", "timestamp": "2026-06-12T07:29:46.369167Z"}
{"node": "refuse", "event": "start", "correlation_id": "01KTXBQPK1ZK72FAEDJPY1P6HJ", "query_preview": "Which commercial vendor's product does NIST SP 800-207 recommend for implementin", "level": "info", "timestamp": "2026-06-12T07:29:46.370289Z"}
Authentication error: Langfuse client initialized without public_key. Client will be disabled. Provide a public_key parameter or set LANGFUSE_PUBLIC_KEY environment variable. 
{"node": "retrieve", "query_len": 135, "event": "start", "correlation_id": "01KTXBS9W2RB0F8XYGC43JB3WH", "query_preview": "According to NIST SP 800-207, what specific firewall rules should you configure ", "level": "info", "timestamp": "2026-06-12T07:29:46.371770Z"}
{"query_len": 135, "k": 50, "event": "hybrid.start", "correlation_id": "01KTXBS9W2RB0F8XYGC43JB3WH", "query_preview": "According to NIST SP 800-207, what specific firewall rules should you configure ", "level": "info", "timestamp": "2026-06-12T07:29:46.371808Z"}
{"query_len": 135, "k": 50, "dense": 50, "bm25": 0, "fused": 50, "term": false, "event": "hybrid.done", "correlation_id": "01KTXBS9W2RB0F8XYGC43JB3WH", "query_preview": "According to NIST SP 800-207, what specific firewall rules should you configure ", "level": "info", "timestamp": "2026-06-12T07:29:46.442933Z"}
{"node": "retrieve", "candidate_count": 50, "event": "done", "correlation_id": "01KTXBS9W2RB0F8XYGC43JB3WH", "query_preview": "According to NIST SP 800-207, what specific firewall rules should you configure ", "level": "info", "timestamp": "2026-06-12T07:29:46.443972Z"}
{"node": "expand_graph", "reason": "disabled_or_empty", "event": "skip", "correlation_id": "01KTXBS9W2RB0F8XYGC43JB3WH", "query_preview": "According to NIST SP 800-207, what specific firewall rules should you configure ", "level": "info", "timestamp": "2026-06-12T07:29:46.445669Z"}
{"node": "rerank", "candidate_count": 50, "event": "start", "correlation_id": "01KTXBS9W2RB0F8XYGC43JB3WH", "query_preview": "According to NIST SP 800-207, what specific firewall rules should you configure ", "level": "info", "timestamp": "2026-06-12T07:29:46.446378Z"}
{"node": "rerank", "top_k": 5, "source": "mode", "event": "top_k_resolved", "correlation_id": "01KTXBS9W2RB0F8XYGC43JB3WH", "query_preview": "According to NIST SP 800-207, what specific firewall rules should you configure ", "level": "info", "timestamp": "2026-06-12T07:29:46.446432Z"}
{"candidates": 50, "top_k": 5, "backend": "cross_encoder", "event": "rerank.start", "correlation_id": "01KTXBS9W2RB0F8XYGC43JB3WH", "query_preview": "According to NIST SP 800-207, what specific firewall rules should you configure ", "level": "info", "timestamp": "2026-06-12T07:29:46.446468Z"}
{"candidates": 50, "top_k": 5, "backend": "cross_encoder", "returned": 5, "event": "rerank.done", "correlation_id": "01KTXBS9W2RB0F8XYGC43JB3WH", "query_preview": "According to NIST SP 800-207, what specific firewall rules should you configure ", "level": "info", "timestamp": "2026-06-12T07:30:33.851689Z"}
{"node": "rerank", "reranked_count": 5, "event": "done", "correlation_id": "01KTXBS9W2RB0F8XYGC43JB3WH", "query_preview": "According to NIST SP 800-207, what specific firewall rules should you configure ", "level": "info", "timestamp": "2026-06-12T07:30:33.851799Z"}
{"node": "query_tables", "reason": "empty_or_not_table_shaped", "event": "skip", "correlation_id": "01KTXBS9W2RB0F8XYGC43JB3WH", "query_preview": "According to NIST SP 800-207, what specific firewall rules should you configure ", "level": "info", "timestamp": "2026-06-12T07:30:33.854256Z"}
{"node": "assess", "reranked_count": 5, "event": "start", "correlation_id": "01KTXBS9W2RB0F8XYGC43JB3WH", "query_preview": "According to NIST SP 800-207, what specific firewall rules should you configure ", "level": "info", "timestamp": "2026-06-12T07:30:33.855136Z"}
{"prompt_tag": "assess_sufficiency@v4", "schema": "SufficiencyAssessment", "model": "cyankiwi/Qwen3.5-4B-AWQ-4bit", "max_tokens": 1024, "temperature": 0.1, "top_p": 0.8, "presence_penalty": 1.0, "seed": 42, "message_count": 1, "event": "model_call.start", "correlation_id": "01KTXBS9W2RB0F8XYGC43JB3WH", "query_preview": "According to NIST SP 800-207, what specific firewall rules should you configure ", "level": "info", "timestamp": "2026-06-12T07:30:33.857483Z"}
Authentication error: Langfuse client initialized without public_key. Client will be disabled. Provide a public_key parameter or set LANGFUSE_PUBLIC_KEY environment variable. 
{"prompt_tag": "assess_sufficiency@v4", "schema": "SufficiencyAssessment", "tokens": 2191, "event": "model_call.done", "correlation_id": "01KTXBS9W2RB0F8XYGC43JB3WH", "query_preview": "According to NIST SP 800-207, what specific firewall rules should you configure ", "level": "info", "timestamp": "2026-06-12T07:30:34.607055Z"}
{"node": "refuse", "event": "start", "correlation_id": "01KTXBS9W2RB0F8XYGC43JB3WH", "query_preview": "According to NIST SP 800-207, what specific firewall rules should you configure ", "level": "info", "timestamp": "2026-06-12T07:30:34.608284Z"}
{"query_count": 19, "quick": false, "error_count": 0, "mean_citation_precision": 0.8421052631578947, "mean_citation_precision_answered_only": 0.0, "answer_text_checked": 0, "answer_text_correct_count": 0, "mean_answer_mention_recall": null, "event": "eval.done", "level": "info", "timestamp": "2026-06-12T07:30:34.608820Z"}
